,frame,timestamp,upper_x_0,upper_y_0,upper_x_1,upper_y_1,upper_x_2,upper_y_2,upper_x_3,upper_y_3,upper_x_4,upper_y_4,upper_x_5,upper_y_5,upper_x_6,upper_y_6,upper_x_7,upper_y_7,upper_x_8,upper_y_8,upper_x_9,upper_y_9,upper_x_10,upper_y_10,upper_x_11,upper_y_11,upper_x_12,upper_y_12,upper_x_13,upper_y_13,upper_x_14,upper_y_14,upper_x_15,upper_y_15,upper_x_16,upper_y_16,upper_x_17,upper_y_17,upper_x_18,upper_y_18,upper_x_19,upper_y_19,upper_x_20,upper_y_20,upper_x_21,upper_y_21,lower_x_0,lower_y_0,lower_x_1,lower_y_1,lower_x_2,lower_y_2,lower_x_3,lower_y_3,lower_x_4,lower_y_4,lower_x_5,lower_y_5,lower_x_6,lower_y_6,lower_x_7,lower_y_7,lower_x_8,lower_y_8,lower_x_9,lower_y_9,lower_x_10,lower_y_10,lower_x_11,lower_y_11,lower_x_12,lower_y_12,lower_x_13,lower_y_13,lower_x_14,lower_y_14,lower_x_15,lower_y_15,lower_x_16,lower_y_16,lower_x_17,lower_y_17,lower_x_18,lower_y_18,lower_x_19,lower_y_19,lower_x_20,lower_y_20,lower_x_21,lower_y_21
0,0,0,795.7777,2151.853,824.1995,2126.0137,864.8309,2098.0544,921.3164,2065.782,1006.7606,2036.1797,1091.7334,2055.452,1177.2552,2032.9747,1266.1106,2060.774,1328.7025,2090.1187,1372.5933,2116.1833,1403.1444,2138.5747,1375.7417,2139.1187,1326.8766,2139.3494,1285.0328,2137.8235,1231.1542,2137.116,1167.5566,2140.3188,1095.6241,2144.9678,1027.1942,2141.9773,965.8706,2140.768,912.4127,2145.3108,871.27515,2148.416,824.5097,2150.8228,1375.7417,2139.1187,1328.781,2138.5422,1286.7046,2137.8904,1232.4001,2138.2908,1166.6727,2143.5938,1094.7384,2147.8904,1025.6019,2145.3,964.4153,2146.287,910.93365,2147.765,871.07983,2149.7466,824.5097,2150.8228,795.7777,2151.853,827.95404,2185.907,870.74176,2220.2957,933.9072,2260.333,1012.38696,2284.559,1099.089,2289.3694,1190.9264,2278.9402,1270.4728,2249.4338,1332.6875,2207.9224,1374.6741,2170.7307,1403.1444,2138.5747
1,1,16,794.4254,2152.8657,821.68506,2126.9058,861.55914,2098.4617,918.26825,2065.9014,1004.284,2036.1582,1089.4532,2055.3542,1175.7362,2032.925,1265.9829,2060.8445,1328.9028,2090.488,1373.1261,2117.0322,1404.05,2139.5571,1376.3438,2140.2126,1326.9884,2140.7944,1285.0093,2139.1963,1230.8271,2138.2327,1166.735,2141.2012,1094.0297,2145.7212,1025.5092,2142.9617,964.20184,2142.0393,910.9457,2146.7454,869.9425,2149.8228,823.30975,2151.9316,1376.3438,2140.2126,1328.817,2139.9817,1286.6094,2139.3635,1231.942,2139.7646,1165.7616,2145.227,1093.438,2149.5117,1024.2816,2147.1418,963.2177,2148.2534,909.8491,2149.7124,870.0619,2151.3372,823.30975,2151.9316,794.4254,2152.8657,826.9865,2187.2327,870.1142,2221.6218,933.3824,2261.2905,1011.807,2285.102,1098.3492,2289.8816,1189.9868,2279.3801,1269.6636,2249.9487,1332.4463,2208.709,1374.7191,2171.6677,1404.05,2139.5571
2,2,33,794.3946,2152.8984,821.55786,2126.9666,861.366,2098.4995,918.1457,2065.9333,1004.20337,2036.1655,1089.3623,2055.3562,1175.681,2032.9502,1266.0,2060.9565,1329.1505,2090.6548,1373.5479,2117.2537,1404.7129,2139.7214,1376.8756,2140.3767,1327.1913,2141.04,1285.0447,2139.4275,1230.8263,2138.404,1166.7152,2141.3115,1093.9465,2145.7996,1025.4209,2143.0361,964.1159,2142.123,910.88574,2146.8398,869.9184,2149.9097,823.30023,2151.9724,1376.8756,2140.3767,1328.9756,2140.1265,1286.6324,2139.4844,1231.9407,2139.8752,1165.7408,2145.368,1093.3787,2149.6494,1024.219,2147.287,963.165,2148.4011,909.8158,2149.852,870.0467,2151.4202,823.30023,2151.9724,794.3946,2152.8984,826.9585,2187.3083,870.0965,2221.759,933.371,2261.4402,1011.7963,2285.1914,1098.3333,2289.9812,1189.9578,2279.4673,1269.6514,2250.043,1332.4624,2208.8188,1374.94,2171.7786,1404.7129,2139.7214
3,3,50,794.38934,2152.8813,821.5206,2126.9685,861.30945,2098.5088,918.1313,2065.9702,1004.19904,2036.2001,1089.3541,2055.3735,1175.6809,2032.997,1266.1133,2061.0269,1329.6917,2090.7078,1374.4045,2117.2993,1405.9639,2139.7297,1377.9652,2140.3938,1327.8195,2141.1174,1285.3303,2139.5325,1230.9243,2138.5168,1166.7421,2141.4146,1093.946,2145.8914,1025.4128,2143.1165,964.1017,2142.188,910.8761,2146.8809,869.9177,2149.9238,823.3014,2151.9663,1377.9652,2140.3938,1329.5211,2140.159,1286.8743,2139.5264,1232.0344,2139.9316,1165.7709,2145.4614,1093.3813,2149.747,1024.2192,2147.3713,963.16486,2148.4634,909.8162,2149.89,870.0482,2151.4258,823.3014,2151.9663,794.38934,2152.8813,826.9575,2187.3074,870.09985,2221.7832,933.3846,2261.4915,1011.824,2285.232,1098.3827,2290.0435,1190.0067,2279.5188,1269.7537,2250.09,1332.748,2208.8518,1375.6459,2171.7876,1405.9639,2139.7297
4,4,66,794.36664,2152.8572,821.4608,2126.966,861.24255,2098.5085,918.1106,2065.975,1004.19836,2036.2097,1089.3564,2055.3872,1175.6904,2033.0404,1266.3049,2061.1096,1330.2833,2090.7908,1375.261,2117.3843,1407.1194,2139.773,1379.0195,2140.435,1328.508,2141.1997,1285.6968,2139.6213,1231.0675,2138.594,1166.7877,2141.473,1093.948,2145.9302,1025.4132,2143.1414,964.0932,2142.2004,910.8627,2146.8853,869.9125,2149.923,823.2976,2151.9478,1379.0195,2140.435,1330.1741,2140.1907,1287.2329,2139.5498,1232.2025,2139.9521,1165.8351,2145.4895,1093.3921,2149.7695,1024.2214,2147.3848,963.16504,2148.4692,909.8139,2149.89,870.0456,2151.4224,823.2976,2151.9478,794.36664,2152.8572,826.9494,2187.3032,870.1012,2221.7869,933.4053,2261.505,1011.87036,2285.2378,1098.4437,2290.0576,1190.0763,2279.539,1269.9027,2250.1223,1333.116,2208.885,1376.3864,2171.8115,1407.1194,2139.773
5,5,83,794.4955,2152.8467,821.5182,2126.9656,861.26434,2098.5088,918.1451,2065.9763,1004.2539,2036.2065,1089.4115,2055.3755,1175.7738,2033.0386,1266.5414,2061.1135,1330.7231,2090.7979,1375.7183,2117.3945,1407.5743,2139.775,1379.4897,2140.4387,1328.8342,2141.2258,1285.8997,2139.6711,1231.2013,2138.6582,1166.8926,2141.537,1094.0225,2145.9854,1025.4993,2143.2087,964.1867,2142.2651,910.97766,2146.9326,870.0727,2149.941,823.4649,2151.9458,1379.4897,2140.4387,1330.4994,2140.1973,1287.4489,2139.567,1232.36,2139.9976,1165.9597,2145.576,1093.4973,2149.8606,1024.325,2147.4707,963.29254,2148.535,909.96826,2149.9263,870.21967,2151.4287,823.4649,2151.9458,794.4955,2152.8467,827.16547,2187.302,870.40845,2221.7893,933.72925,2261.5156,1012.1303,2285.2495,1098.6241,2290.088,1190.1716,2279.5635,1269.9858,2250.1409,1333.2606,2208.8916,1376.6826,2171.8123,1407.5743,2139.775
6,6,100,794.4966,2152.855,821.4997,2126.9897,861.22974,2098.5288,918.13763,2065.999,1004.2567,2036.2131,1089.4126,2055.3784,1175.7761,2033.0574,1266.634,2061.1826,1331.0776,2090.8928,1376.2261,2117.533,1408.1973,2139.9028,1380.0306,2140.5654,1329.1753,2141.4124,1286.0767,2139.8628,1231.2704,2138.837,1166.9181,2141.6848,1094.0249,2146.108,1025.501,2143.325,964.1866,2142.3755,910.9782,2147.0256,870.07513,2150.0007,823.4716,2151.9597,1380.0306,2140.5654,1330.7789,2140.3042,1287.5709,2139.6575,1232.4065,2140.0857,1165.9734,2145.6807,1093.4993,2149.9626,1024.3259,2147.556,963.2937,2148.6082,909.9711,2149.989,870.22473,2151.4639,823.4716,2151.9597,794.4966,2152.855,827.1666,2187.3235,870.4148,2221.8333,933.74176,2261.563,1012.15137,2285.2815,1098.652,2290.134,1190.2007,2279.607,1270.0459,2250.1875,1333.4136,2208.9531,1377.0507,2171.8875,1408.1973,2139.9028
7,7,116,793.9162,2153.0227,820.7875,2127.2034,860.52466,2098.6895,917.6037,2066.1033,1003.87103,2036.2324,1089.0682,2055.3796,1175.4899,2033.0687,1266.5652,2061.2441,1331.0839,2091.01,1376.2726,2117.7349,1408.2916,2140.109,1380.0847,2140.7705,1329.1818,2141.6428,1286.0607,2140.035,1231.1858,2138.944,1166.757,2141.7532,1093.7571,2146.1687,1025.1265,2143.402,963.7521,2142.505,910.5391,2147.218,869.63983,2150.216,822.99963,2152.1213,1380.0847,2140.7705,1330.7793,2140.4944,1287.5413,2139.8164,1232.3096,2140.2275,1165.8024,2145.8284,1093.2599,2150.106,1024.0027,2147.686,962.9505,2148.745,909.6138,2150.141,869.8463,2151.6196,822.99963,2152.1213,793.9162,2153.0227,826.64124,2187.5154,869.973,2222.0835,933.37823,2261.8577,1011.8998,2285.5903,1098.521,2290.5005,1190.1102,2279.95,1270.0127,2250.4988,1333.4133,2209.2136,1377.0868,2172.0818,1408.2916,2140.109
8,8,133,792.36566,2153.813,818.72754,2127.9658,858.2393,2099.2551,915.3964,2066.4795,1001.8714,2036.396,1087.059,2055.481,1173.5724,2033.2057,1265.244,2061.5344,1330.2274,2091.458,1375.5107,2118.3948,1407.5123,2140.8264,1379.203,2141.4617,1328.1385,2142.348,1284.7794,2140.639,1229.7006,2139.4258,1165.082,2142.178,1091.8647,2146.5967,1023.17334,2143.8857,961.8586,2143.1018,908.8058,2147.957,868.08093,2151.0234,821.5823,2152.8787,1379.203,2141.4617,1329.5842,2141.1008,1286.0875,2140.3403,1230.6646,2140.7126,1164.0038,2146.3528,1091.3793,2150.6719,1022.12616,2148.274,961.20154,2149.3872,908.02277,2150.84,868.3685,2152.3276,821.5823,2152.8787,792.36566,2153.813,825.02484,2188.2705,868.3146,2222.849,931.6317,2262.5845,1010.1795,2286.2383,1096.8529,2291.149,1188.418,2280.5283,1268.4165,2251.039,1332.0073,2209.7764,1376.0319,2172.6814,1407.5123,2140.8264
9,9,150,788.683,2155.1155,814.7322,2129.35,854.1122,2100.548,911.3499,2067.6335,998.0568,2037.2651,1083.2703,2056.301,1169.9604,2034.1862,1262.2292,2062.9395,1327.7246,2093.1445,1373.1301,2120.365,1405.1224,2142.8792,1376.7261,2143.5386,1325.4551,2144.5112,1281.7826,2142.7646,1226.4866,2141.448,1161.6854,2144.074,1088.1663,2148.4028,1019.3429,2145.676,958.03754,2144.9106,905.09015,2149.7397,864.45276,2152.6904,817.99335,2154.2808,1376.7261,2143.5386,1326.7201,2143.2024,1282.9435,2142.4343,1227.3057,2142.782,1160.4705,2148.399,1087.6862,2152.6511,1018.34094,2150.2043,957.4649,2151.2861,904.38574,2152.6406,864.8128,2153.9346,817.99335,2154.2808,788.683,2155.1155,821.31055,2189.7651,864.5751,2224.523,927.83606,2264.3384,1006.44165,2288.015,1093.2533,2293.0325,1184.856,2282.4314,1264.9984,2252.9807,1328.8688,2211.805,1373.3125,2174.7253,1405.1224,2142.8792
10,10,166,783.7618,2156.6465,809.85474,2130.9485,849.4135,2102.1226,906.9157,2069.1748,994.0333,2038.6871,1079.4534,2057.7246,1166.4097,2035.7728,1258.987,2064.905,1324.6064,2095.421,1369.974,2122.91,1401.8289,2145.563,1373.4269,2146.2402,1321.9451,2147.2407,1278.025,2145.4592,1222.633,2144.034,1157.7612,2146.5054,1084.1166,2150.6814,1015.13416,2147.9114,953.62946,2147.105,900.5328,2151.8267,859.7131,2154.623,813.1345,2155.9578,1373.4269,2146.2402,1323.156,2146.0176,1279.2605,2145.3184,1223.5442,2145.6948,1156.677,2151.2747,1083.8519,2155.3374,1014.3114,2152.806,953.216,2153.7578,899.9217,2154.9087,860.2201,2155.937,813.1345,2155.9578,783.7618,2156.6465,816.733,2191.585,860.3232,2226.568,923.8029,2266.5295,1002.4371,2290.2708,1089.2411,2295.4578,1180.6208,2285.0127,1260.7356,2255.7566,1324.8462,2214.7068,1369.6993,2177.5676,1401.8289,2145.563
11,11,183,779.7822,2158.741,805.70746,2133.0168,845.0909,2104.1074,902.4511,2071.0784,989.5597,2040.475,1074.891,2059.5378,1161.8463,2037.7122,1254.5375,2067.171,1320.1831,2097.9207,1365.465,2125.5735,1397.1494,2148.3499,1368.8197,2149.0164,1317.2882,2150.0447,1273.2825,2148.3088,1217.8738,2146.882,1153.093,2149.2751,1079.5629,2153.3247,1010.80145,2150.539,949.4343,2149.66,896.426,2154.2742,855.6672,2156.9587,809.1405,2158.137,1368.8197,2149.0164,1318.5511,2148.8281,1274.6853,2148.1953,1219.0073,2148.628,1152.2169,2154.188,1079.4585,2158.1445,1010.034,2155.5483,949.01105,2156.4128,895.7848,2157.4363,856.1538,2158.2866,809.1405,2158.137,779.7822,2158.741,812.75037,2193.8594,856.34814,2228.9595,919.84155,2268.9873,998.3186,2292.7527,1084.8529,2298.059,1176.0537,2287.7258,1256.0574,2258.5754,1320.1989,2217.5571,1365.0953,2180.4004,1397.1494,2148.3499
12,12,200,775.38654,2161.1296,801.079,2135.3108,840.2361,2106.2844,897.3453,2073.2217,984.29565,2042.6786,1069.6702,2061.7917,1156.7708,2040.1366,1249.6212,2069.864,1315.3447,2100.8416,1360.6345,2128.6882,1392.2588,2151.6416,1363.9922,2152.2478,1312.4773,2153.081,1268.3708,2151.1816,1212.8857,2149.5547,1148.0266,2151.7651,1074.42,2155.6672,1005.7618,2152.8625,944.47864,2151.9714,891.63684,2156.6125,851.03107,2159.3586,804.7175,2160.5637,1363.9922,2152.2478,1313.8276,2151.9673,1269.9397,2151.2605,1214.1914,2151.581,1147.3577,2156.983,1074.5973,2160.751,1005.2459,2158.153,944.2685,2159.0178,891.1066,2160.0217,851.5824,2160.8008,804.7175,2160.5637,775.38654,2161.1296,808.51074,2196.214,852.2169,2231.0862,915.6806,2270.8071,993.86414,2294.3508,1079.9623,2299.6938,1170.7864,2289.5515,1250.629,2260.8306,1314.9374,2220.2944,1360.0625,2183.502,1392.2588,2151.6416
13,13,216,772.0851,2163.364,797.6877,2137.4333,836.7716,2108.262,893.8266,2075.144,980.6967,2044.5925,1065.971,2063.715,1153.0276,2042.1703,1245.9524,2072.0442,1311.751,2103.1663,1356.979,2131.1858,1388.4689,2154.2764,1360.1586,2154.7893,1308.7476,2155.4583,1264.6757,2153.4197,1209.195,2151.657,1144.3556,2153.76,1070.7476,2157.5981,1002.20905,2154.7773,941.0087,2153.9111,888.2512,2158.6392,847.72015,2161.5007,801.4749,2162.7864,1360.1586,2154.7893,1310.0833,2154.2964,1266.185,2153.446,1210.4329,2153.6438,1143.6143,2158.9653,1070.8256,2162.6892,1001.5882,2160.1143,940.7016,2161.0264,887.6374,2162.1128,848.1898,2162.9568,801.4749,2162.7864,772.0851,2163.364,805.09393,2198.3682,848.7242,2233.132,912.12555,2272.6716,990.25104,2296.034,1076.2351,2301.3313,1167.0679,2291.2458,1246.8936,2262.7156,1311.1829,2222.429,1356.3143,2185.875,1388.4689,2154.2764
14,14,233,769.3232,2165.1167,795.0687,2139.2222,834.2251,2110.0679,891.3098,2077.0156,978.1867,2046.517,1063.4794,2065.6077,1150.5295,2044.1031,1243.3596,2073.9197,1309.0782,2104.9902,1354.1554,2132.9658,1385.5507,2155.9885,1357.2843,2156.4775,1306.0536,2157.073,1262.1307,2154.9849,1206.7166,2153.2073,1141.8782,2155.3386,1068.2117,2159.2168,999.6295,2156.3875,938.32086,2155.509,885.48334,2160.2659,844.9354,2163.1846,798.6835,2164.5305,1357.2843,2156.4775,1307.3645,2155.9255,1263.554,2155.0344,1207.8633,2155.1855,1141.0642,2160.4958,1068.2352,2164.2312,998.99927,2161.699,938.0158,2162.6702,884.85645,2163.8281,845.3642,2164.7012,798.6835,2164.5305,769.3232,2165.1167,802.30756,2200.137,846.0003,2234.9116,909.5097,2274.3645,987.70856,2297.5608,1073.66,2302.7637,1164.4641,2292.666,1244.2164,2264.1743,1308.3992,2223.9568,1353.4607,2187.4663,1385.5507,2155.9885
15,15,250,767.4833,2167.0042,793.0023,2140.972,831.92395,2111.6304,888.83734,2078.389,975.73663,2047.706,1061.0486,2066.8125,1148.161,2045.2635,1241.3413,2075.2358,1307.2173,2106.485,1352.2842,2134.632,1383.5394,2157.7842,1355.2283,2158.228,1304.0707,2158.7676,1260.1649,2156.6836,1204.6449,2154.9473,1139.6876,2157.1663,1065.9543,2161.0803,997.4267,2158.2378,936.16174,2157.3145,883.40674,2162.0713,843.0205,2164.996,796.8627,2166.3967,1355.2283,2158.228,1305.3317,2157.5571,1261.3972,2156.5378,1205.5482,2156.5845,1138.6085,2161.8713,1065.751,2165.6584,996.6183,2163.1646,935.76166,2164.2224,882.749,2165.4963,843.38727,2166.4697,796.8627,2166.3967,767.4833,2167.0042,800.4051,2201.866,843.9592,2236.5286,907.2646,2275.9436,985.3425,2299.125,1071.2523,2304.2837,1162.1001,2294.1978,1241.9794,2265.7249,1306.26,2225.551,1351.4158,2189.141,1383.5394,2157.7842
16,16,266,766.02826,2168.3496,791.56433,2142.2969,830.55194,2112.88,887.5205,2079.5159,974.45105,2048.6848,1059.7852,2067.7197,1146.8694,2046.1936,1240.0809,2076.2302,1306.0962,2107.5654,1351.2784,2135.8403,1382.625,2159.1118,1354.2446,2159.5469,1303.0552,2160.0098,1259.0845,2157.813,1203.4939,2155.995,1138.4863,2158.1685,1064.7524,2162.084,996.1268,2159.2795,934.8385,2158.437,882.0801,2163.2827,841.6658,2166.2683,795.46954,2167.7046,1354.2446,2159.5469,1304.3121,2158.8477,1260.3223,2157.798,1204.4236,2157.7944,1137.441,2163.0298,1064.5765,2166.7908,995.3338,2164.2722,934.4585,2165.3374,881.4425,2166.6428,842.0401,2167.685,795.46954,2167.7046,766.02826,2168.3496,798.88074,2203.1672,842.40674,2237.8093,905.7222,2277.211,983.94183,2300.4111,1070.0596,2305.6,1161.0372,2295.5552,1241.0841,2267.1423,1305.4602,2226.9653,1350.5984,2190.4895,1382.625,2159.1118
17,17,283,765.3068,2169.5488,790.8682,2143.5256,829.79956,2114.1458,886.6846,2080.816,973.57526,2049.9426,1058.9221,2068.9504,1145.9205,2047.3359,1239.1139,2077.223,1305.1475,2108.3665,1350.3663,2136.443,1381.7924,2159.542,1353.4515,2159.999,1302.2694,2160.5793,1258.3383,2158.5266,1202.6932,2156.9019,1137.632,2159.2727,1063.8911,2163.3157,995.2748,2160.5264,933.96185,2159.6443,881.19403,2164.4436,840.8685,2167.4055,794.70825,2168.8638,1353.4515,2159.999,1303.5021,2159.3262,1259.4685,2158.31,1203.5424,2158.3843,1136.5212,2163.7422,1063.6562,2167.6423,994.458,2165.1885,933.6027,2166.3105,880.6118,2167.6729,841.2481,2168.7695,794.70825,2168.8638,765.3068,2169.5488,798.1505,2204.2852,841.62744,2238.9229,904.9023,2278.3848,983.1132,2301.5947,1069.2006,2306.6873,1160.1564,2296.5195,1240.209,2267.9048,1304.5671,2227.5237,1349.7262,2190.9355,1381.7924,2159.542
18,18,300,764.7566,2170.1912,790.2235,2144.2253,829.0286,2114.865,885.7796,2081.5388,972.50476,2050.6453,1057.7963,2069.6228,1144.7673,2047.95,1238.0504,2077.7253,1304.2683,2108.7444,1349.6376,2136.7146,1381.1964,2159.7122,1352.8499,2160.1987,1301.6145,2160.9033,1257.6104,2158.9575,1201.8557,2157.4404,1136.7117,2159.9158,1062.9358,2164.04,994.3339,2161.2622,933.0935,2160.377,880.4358,2165.1711,840.23126,2168.0947,794.1363,2169.4895,1352.8499,2160.1987,1302.8396,2159.5447,1258.7153,2158.5737,1202.7007,2158.73,1135.5957,2164.1875,1062.6707,2168.1963,993.46674,2165.7578,932.6948,2166.8713,879.8487,2168.2156,840.5849,2169.3267,794.1363,2169.4895,764.7566,2170.1912,797.4608,2204.9001,840.74316,2239.5876,903.86273,2279.1648,982.10223,2302.4717,1068.3295,2307.5347,1159.487,2297.271,1239.678,2268.4822,1304.0665,2227.897,1349.1923,2191.1643,1381.1964,2159.7122
19,19,316,764.4475,2170.5667,790.0055,2144.666,828.8598,2115.4114,885.619,2082.2163,972.2627,2051.453,1057.5294,2070.473,1144.4277,2048.7612,1237.5326,2078.3914,1303.634,2109.2761,1348.9557,2137.118,1380.5251,2160.0156,1352.1971,2160.4968,1300.9966,2161.2307,1257.0648,2159.3162,1201.3832,2157.845,1136.3096,2160.3677,1062.5814,2164.5315,994.00195,2161.7112,932.7642,2160.7834,880.0975,2165.5447,839.8996,2168.4614,793.8244,2169.859,1352.1971,2160.4968,1302.2424,2159.8313,1258.1879,2158.877,1202.2625,2159.0776,1135.2213,2164.5913,1062.3245,2168.6438,993.12164,2166.1714,932.33527,2167.2363,879.48975,2168.554,840.2447,2169.669,793.8244,2169.859,764.4475,2170.5667,797.0616,2205.2766,840.2617,2240.0293,903.36285,2279.7397,981.6493,2303.1438,1067.9541,2308.2217,1159.138,2297.9316,1239.3357,2269.0427,1303.644,2228.3132,1348.6437,2191.4912,1380.5251,2160.0156
20,20,333,764.3716,2171.0315,789.9292,2145.1597,828.7591,2115.9453,885.4947,2082.8223,972.11926,2052.15,1057.4175,2071.174,1144.301,2049.4421,1237.3357,2078.9553,1303.3625,2109.735,1348.6215,2137.476,1380.133,2160.2922,1351.8451,2160.7563,1300.7432,2161.5142,1256.8776,2159.6387,1201.2153,2158.2122,1136.1473,2160.786,1062.4377,2164.983,993.8667,2162.1519,932.607,2161.1921,879.926,2165.9424,839.76154,2168.8708,793.73145,2170.294,1351.8451,2160.7563,1301.9792,2160.0608,1257.9719,2159.1084,1202.0865,2159.3455,1135.0575,2164.9126,1062.1675,2169.0183,992.97046,2166.5542,932.1519,2167.604,879.3075,2168.9143,840.0836,2170.052,793.73145,2170.294,764.3716,2171.0315,796.97314,2205.6978,840.1555,2240.4353,903.264,2280.1926,981.5606,2303.6272,1067.8447,2308.669,1159.0098,2298.345,1239.1682,2269.379,1303.4016,2228.568,1348.3123,2191.7368,1380.133,2160.2922
21,21,350,764.4745,2171.539,789.9776,2145.6238,828.7324,2116.3545,885.3744,2083.1633,971.9176,2052.4065,1057.108,2071.42,1143.8662,2049.6655,1236.8813,2079.214,1302.8822,2110.0325,1348.0938,2137.809,1379.544,2160.6619,1351.2546,2161.116,1300.2137,2161.8643,1256.4086,2159.9856,1200.7968,2158.5576,1135.7948,2161.1348,1062.184,2165.3367,993.7183,2162.5251,932.5342,2161.592,879.9139,2166.3665,839.79,2169.317,793.7959,2170.7744,1351.2546,2161.116,1301.3967,2160.3796,1257.3917,2159.3953,1201.5599,2159.612,1134.6196,2165.1853,1061.8501,2169.3167,992.7724,2166.8718,932.04895,2167.9492,879.2814,2169.3,840.09985,2170.4805,793.7959,2170.7744,764.4745,2171.539,797.04517,2206.1477,840.1686,2240.8525,903.1859,2280.6094,981.3927,2304.054,1067.5746,2309.0706,1158.6206,2298.7231,1238.6667,2269.7183,1302.8181,2228.8804,1347.6986,2192.0627,1379.544,2160.6619
22,22,366,764.37054,2171.703,789.86914,2145.7996,828.60016,2116.5427,885.18243,2083.365,971.5909,2052.6094,1056.6577,2071.6294,1143.3728,2049.9395,1236.3151,2079.6003,1302.2618,2110.4702,1347.4812,2138.2808,1378.9584,2161.1548,1350.6715,2161.5662,1299.6425,2162.2456,1255.8516,2160.2976,1200.2871,2158.7961,1135.3348,2161.3008,1061.7393,2165.4653,993.3689,2162.6343,932.2921,2161.7114,879.7376,2166.5027,839.65137,2169.4749,793.67694,2170.9385,1350.6715,2161.5662,1300.7805,2160.77,1256.7988,2159.7144,1201.0051,2159.8535,1134.1304,2165.364,1061.412,2169.4548,992.4502,2166.9998,931.8362,2168.0908,879.14014,2169.4595,839.98773,2170.653,793.67694,2170.9385,764.37054,2171.703,796.9504,2206.288,840.0514,2240.9507,902.991,2280.659,981.0691,2304.0864,1067.1157,2309.1257,1158.1018,2298.803,1238.068,2269.8667,1302.1854,2229.1494,1347.0759,2192.4587,1378.9584,2161.1548
23,23,383,764.3134,2172.127,789.7182,2146.1375,828.3428,2116.7793,884.8126,2083.497,971.1122,2052.6392,1056.0852,2071.6152,1142.7257,2049.9375,1235.7198,2079.6453,1301.7327,2110.556,1346.9967,2138.4082,1378.515,2161.33,1350.2109,2161.7207,1299.1758,2162.366,1255.3821,2160.378,1199.8038,2158.843,1134.8624,2161.326,1061.2966,2165.4966,992.9897,2162.693,932.00793,2161.8367,879.5544,2166.7097,839.5399,2169.7617,793.5999,2171.3079,1350.2109,2161.7207,1300.2896,2160.8948,1256.2871,2159.801,1200.4921,2159.9033,1133.6476,2165.3962,1060.9895,2169.498,992.11285,2167.062,931.60425,2168.206,878.99835,2169.6504,839.88635,2170.9292,793.5999,2171.3079,764.3134,2172.127,796.8558,2206.6133,839.89215,2241.1802,902.7358,2280.824,980.7477,2304.2393,1066.7697,2309.2795,1157.7395,2298.9326,1237.6783,2269.9912,1301.7764,2229.2798,1346.6477,2192.6033,1378.515,2161.33
24,24,400,764.3397,2172.1875,789.7558,2146.1768,828.371,2116.8164,884.82367,2083.5447,971.10297,2052.7087,1056.0635,2071.695,1142.6887,2050.0256,1235.6028,2079.7317,1301.4994,2110.6086,1346.7074,2138.4055,1378.2043,2161.2861,1349.9377,2161.6702,1298.908,2162.3303,1255.1561,2160.3625,1199.6221,2158.8364,1134.7268,2161.3171,1061.203,2165.485,992.967,2162.68,932.0057,2161.8262,879.5556,2166.708,839.55756,2169.78,793.61633,2171.359,1349.9377,2161.6702,1300.0566,2160.8286,1256.0979,2159.7324,1200.3484,2159.8408,1133.5469,2165.3462,1060.912,2169.464,992.09064,2167.0415,931.58777,2168.199,878.9872,2169.662,839.89,2170.9563,793.61633,2171.359,764.3397,2172.1875,796.87225,2206.6802,839.88696,2241.2573,902.7271,2280.9343,980.7109,2304.3623,1066.679,2309.3916,1157.6155,2299.017,1237.5063,2270.027,1301.5645,2229.2595,1346.3807,2192.5623,1378.2043,2161.2861
25,25,416,764.3179,2172.4026,789.6821,2146.3438,828.28375,2116.9363,884.7283,2083.627,970.94574,2052.7683,1055.8386,2071.712,1142.3815,2050.0315,1235.2767,2079.7021,1301.2504,2110.5564,1346.5167,2138.338,1378.0492,2161.2087,1349.7782,2161.5986,1298.7473,2162.268,1254.9803,2160.3057,1199.4243,2158.7852,1134.5289,2161.276,1061.046,2165.462,992.85535,2162.6833,931.9289,2161.8684,879.5056,2166.797,839.51715,2169.9114,793.5832,2171.5388,1349.7782,2161.5986,1299.8958,2160.7664,1255.9232,2159.6838,1200.1624,2159.8076,1133.3578,2165.329,1060.7405,2169.4768,991.9632,2167.0806,931.4974,2168.2708,878.9286,2169.7646,839.8423,2171.0874,793.5832,2171.5388,764.3179,2172.4026,796.77747,2206.8867,839.76556,2241.4644,902.60144,2281.1082,980.6092,2304.49,1066.5907,2309.4753,1157.5597,2299.062,1237.4658,2270.0369,1301.5171,2229.233,1346.299,2192.5027,1378.0492,2161.2087
26,26,433,764.2869,2172.5903,789.6697,2146.5261,828.2866,2117.0994,884.721,2083.7598,970.878,2052.86,1055.7588,2071.759,1142.279,2050.0725,1235.1764,2079.7083,1301.2435,2110.5417,1346.5997,2138.316,1378.214,2161.1821,1349.9255,2161.5696,1298.8585,2162.2332,1255.0455,2160.256,1199.4437,2158.7288,1134.5166,2161.22,1061.0288,2165.4194,992.8024,2162.6528,931.88403,2161.8728,879.47943,2166.8481,839.47845,2170.01,793.54236,2171.684,1349.9255,2161.5696,1300.0092,2160.741,1255.995,2159.6511,1200.1838,2159.7637,1133.3427,2165.2773,1060.7158,2169.4353,991.9234,2167.051,931.4687,2168.2737,878.9083,2169.8127,839.814,2171.1865,793.54236,2171.684,764.2869,2172.5903,796.67554,2207.06,839.6145,2241.6216,902.45,2281.2153,980.50916,2304.5466,1066.5808,2309.5056,1157.6259,2299.0774,1237.6019,2270.0557,1301.702,2229.2493,1346.486,2192.4954,1378.214,2161.1821
27,27,450,764.4436,2172.5303,789.88324,2146.5115,828.54016,2117.1477,884.99,2083.8918,971.12384,2053.0928,1055.9637,2072.039,1142.4086,2050.3943,1235.1394,2079.991,1301.1193,2110.77,1346.4741,2138.4817,1378.1464,2161.281,1349.8558,2161.6516,1298.8016,2162.301,1255.0083,2160.292,1199.4565,2158.7295,1134.6058,2161.193,1061.1812,2165.3872,992.98114,2162.598,932.0757,2161.8142,879.66486,2166.7903,839.6427,2169.9568,793.6955,2171.625,1349.8558,2161.6516,1299.9668,2160.7957,1256.0032,2159.688,1200.242,2159.7844,1133.4597,2165.2817,1060.8756,2169.4287,992.10345,2167.0264,931.65216,2168.2336,879.08203,2169.7625,839.9779,2171.134,793.6955,2171.625,764.4436,2172.5303,796.82153,2207.022,839.7538,2241.6216,902.59155,2281.2488,980.6513,2304.5974,1066.729,2309.568,1157.7639,2299.159,1237.7094,2270.155,1301.7606,2229.3506,1346.4711,2192.587,1378.1464,2161.281
28,28,466,764.582,2172.6301,790.0555,2146.646,828.73663,2117.341,885.1899,2084.1558,971.3093,2053.4517,1056.1277,2072.476,1142.55,2050.9058,1235.162,2080.5916,1300.976,2111.4324,1346.2239,2139.1565,1377.8236,2161.9875,1349.6018,2162.329,1298.6005,2162.8967,1254.8442,2160.8467,1199.3872,2159.2183,1134.6287,2161.5781,1061.2814,2165.6787,993.12634,2162.8452,932.23193,2162.0237,879.8148,2166.9578,839.7726,2170.1006,793.8199,2171.7505,1349.6018,2162.329,1299.8175,2161.466,1255.9509,2160.3572,1200.2617,2160.4236,1133.5444,2165.8376,1061.0055,2169.8708,992.25323,2167.4128,931.79846,2168.5535,879.2151,2170.016,840.1052,2171.3308,793.8199,2171.7505,764.582,2172.6301,796.9775,2207.1472,839.9243,2241.73,902.7699,2281.3408,980.80396,2304.6946,1066.8132,2309.704,1157.7494,2299.3713,1237.5792,2270.5002,1301.5571,2229.852,1346.2009,2193.2288,1377.8236,2161.9875
29,29,483,764.72003,2173.0876,790.2064,2147.065,828.9019,2117.7437,885.3551,2084.5413,971.4663,2053.8425,1056.2568,2072.9233,1142.63,2051.3684,1235.1538,2081.1458,1300.8533,2112.0688,1346.0294,2139.8396,1377.5782,2162.7324,1349.3936,2163.0662,1298.4263,2163.6,1254.6841,2161.5425,1199.2959,2159.8625,1134.6245,2162.1348,1061.3522,2166.169,993.24927,2163.329,932.3725,2162.5127,879.9557,2167.449,839.9026,2170.5864,793.9536,2172.2317,1349.3936,2163.0662,1299.687,2162.198,1255.8837,2161.1145,1200.2527,2161.2012,1133.6014,2166.5867,1061.1133,2170.5513,992.39105,2168.078,931.94324,2169.1821,879.3538,2170.5964,840.239,2171.862,793.9536,2172.2317,764.72003,2173.0876,797.1259,2207.6277,840.0829,2242.171,902.9361,2281.7231,980.9505,2305.0496,1066.89,2310.0745,1157.7407,2299.8108,1237.4813,2271.0479,1301.4033,2230.5103,1345.9933,2193.9587,1377.5782,2162.7324
30,30,500,764.8425,2173.6646,790.3435,2147.6,829.0492,2118.2488,885.4914,2084.9412,971.5995,2054.1458,1056.3679,2073.2397,1142.7017,2051.7188,1235.1188,2081.639,1300.6194,2112.6775,1345.6171,2140.4653,1377.0001,2163.396,1348.9498,2163.74,1298.0585,2164.264,1254.3842,2162.2793,1199.1172,2160.6377,1134.567,2162.884,1061.4104,2166.8396,993.36206,2164.0325,932.50037,2163.218,880.08124,2168.1226,840.019,2171.208,794.0672,2172.8516,1348.9498,2163.74,1299.384,2162.9175,1255.6936,2161.9006,1200.1526,2162.03,1133.5905,2167.3901,1061.1853,2171.295,992.49677,2168.8289,932.05786,2169.9382,879.4659,2171.3296,840.35034,2172.5513,794.0672,2172.8516,764.8425,2173.6646,797.25305,2208.1787,840.21686,2242.6086,903.0796,2282.1333,981.06964,2305.4827,1066.9084,2310.5552,1157.5894,2300.3447,1237.1396,2271.6274,1300.9493,2231.1013,1345.4446,2194.6096,1377.0001,2163.396
31,31,516,764.93304,2174.1262,790.4124,2148.0166,829.1114,2118.631,885.5455,2085.301,971.63763,2054.5103,1056.3488,2073.6057,1142.6537,2052.113,1235.0564,2082.1077,1300.5399,2113.227,1345.5238,2141.103,1376.8613,2164.129,1348.812,2164.4783,1297.9452,2164.994,1254.2596,2162.9749,1199.0149,2161.2673,1134.4888,2163.438,1061.3696,2167.3418,993.3774,2164.538,932.5504,2163.7292,880.1503,2168.6335,840.087,2171.7085,794.15295,2173.327,1348.812,2164.4783,1299.321,2163.6738,1255.669,2162.708,1200.1511,2162.8792,1133.6068,2168.2236,1061.2135,2172.073,992.548,2169.5725,932.12177,2170.611,879.5351,2171.9146,840.42584,2173.068,794.15295,2173.327,764.93304,2174.1262,797.3528,2208.6807,840.3273,2243.115,903.19305,2282.6243,981.1588,2305.9685,1066.9338,2311.0757,1157.5698,2300.9207,1237.0854,2272.2896,1300.8821,2231.8413,1345.3539,2195.3738,1376.8613,2164.129
32,32,533,765.01013,2174.505,790.49646,2148.4268,829.2116,2119.0618,885.6543,2085.7363,971.75275,2054.9124,1056.4679,2073.9768,1142.7754,2052.486,1235.1704,2082.4883,1300.6501,2113.6208,1345.6324,2141.5244,1376.9708,2164.569,1348.9226,2164.925,1298.0614,2165.4722,1254.378,2163.4465,1199.1298,2161.7249,1134.6005,2163.8643,1061.48,2167.7544,993.4825,2164.9749,932.6518,2164.2014,880.2455,2169.1084,840.1696,2172.1567,794.23254,2173.7207,1348.9226,2164.925,1299.4347,2164.144,1255.7823,2163.2095,1200.2644,2163.4175,1133.718,2168.7725,1061.3231,2172.6023,992.653,2170.0784,932.22186,2171.0713,879.62836,2172.335,840.5122,2173.4727,794.23254,2173.7207,765.01013,2174.505,797.44806,2209.0676,840.427,2243.477,903.29047,2282.9426,981.25696,2306.2712,1067.0378,2311.394,1157.6824,2301.2717,1237.207,2272.6958,1301.0068,2232.2986,1345.4752,2195.8337,1376.9708,2164.569
33,33,550,765.1669,2175.1309,790.6186,2149.0486,829.29407,2119.684,885.69684,2086.3418,971.7728,2055.4458,1056.503,2074.473,1142.8318,2052.9817,1235.2213,2083.0051,1300.7009,2114.1672,1345.6838,2142.1199,1377.0248,2165.2249,1348.9794,2165.5706,1298.1292,2166.0994,1254.4556,2164.0718,1199.2031,2162.3613,1134.6588,2164.4866,1061.5111,2168.355,993.52167,2165.5994,932.73065,2164.856,880.36426,2169.7607,840.30695,2172.7979,794.3948,2174.3525,1348.9794,2165.5706,1299.4963,2164.7979,1255.847,2163.8586,1200.326,2164.0662,1133.7605,2169.4072,1061.3516,2173.2144,992.7086,2170.6765,932.3203,2171.659,879.7576,2172.9312,840.6579,2174.0908,794.3948,2174.3525,765.1669,2175.1309,797.6608,2209.6077,840.6577,2243.9104,903.46954,2283.294,981.34454,2306.6104,1067.0673,2311.759,1157.7412,2301.6663,1237.2903,2273.1582,1301.0889,2232.8518,1345.5471,2196.4507,1377.0248,2165.2249
34,34,566,765.206,2175.7068,790.6542,2149.6218,829.32666,2120.2263,885.72797,2086.8286,971.8261,2055.8423,1056.5614,2074.8054,1142.8898,2053.3247,1235.2915,2083.3823,1300.7709,2114.6143,1345.7257,2142.6738,1377.0476,2165.861,1349.0101,2166.1787,1298.1555,2166.6487,1254.4766,2164.558,1199.2382,2162.8125,1134.717,2164.9194,1061.5902,2168.7893,993.59357,2166.0603,932.80585,2165.363,880.43915,2170.299,840.367,2173.3484,794.4347,2174.911,1349.0101,2166.1787,1299.5209,2165.386,1255.8726,2164.3992,1200.3617,2164.5496,1133.8125,2169.8499,1061.4287,2173.6394,992.7846,2171.1047,932.4044,2172.108,879.8346,2173.4192,840.7241,2174.6248,794.4347,2174.911,765.206,2175.7068,797.7267,2210.152,840.7526,2244.3962,903.57196,2283.7043,981.434,2306.99,1067.1562,2312.1487,1157.7975,2302.0708,1237.3257,2273.6252,1301.1194,2233.401,1345.5686,2197.0522,1377.0476,2165.861
35,35,583,765.2568,2176.1663,790.703,2150.062,829.3711,2120.657,885.77997,2087.2715,971.90106,2056.303,1056.6494,2075.2593,1142.9784,2053.7444,1235.3754,2083.7515,1300.8115,2114.9897,1345.7717,2143.0693,1377.1335,2166.265,1349.0842,2166.5461,1298.2131,2167.0027,1254.5048,2164.9067,1199.2697,2163.1807,1134.7676,2165.327,1061.676,2169.2205,993.6853,2166.49,932.88477,2165.774,880.4965,2170.6995,840.4202,2173.7559,794.47864,2175.3494,1349.0842,2166.5461,1299.5743,2165.701,1255.9147,2164.6692,1200.3932,2164.7944,1133.8351,2170.1042,1061.4717,2173.9214,992.8419,2171.4102,932.4526,2172.442,879.87036,2173.788,840.75714,2175.032,794.47864,2175.3494,765.2568,2176.1663,797.791,2210.5796,840.8384,2244.8035,903.68945,2284.1006,981.5423,2307.3499,1067.2332,2312.474,1157.82,2302.3752,1237.3765,2273.9148,1301.1835,2233.693,1345.6448,2197.3857,1377.1335,2166.265
36,36,600,765.32495,2176.5527,790.7744,2150.4685,829.44763,2121.1128,885.8621,2087.7827,971.9854,2056.905,1056.7382,2075.9126,1143.0641,2054.4048,1235.4683,2084.409,1300.8894,2115.6528,1345.7979,2143.7263,1377.0762,2166.9167,1349.051,2167.172,1298.2241,2167.5862,1254.5559,2165.4973,1199.3488,2163.7773,1134.8557,2165.9316,1061.7665,2169.8132,993.7684,2167.0605,932.9618,2166.2844,880.57117,2171.1582,840.4908,2174.1787,794.5466,2175.762,1349.051,2167.172,1299.6084,2166.277,1255.9811,2165.2375,1200.4779,2165.3606,1133.9276,2170.6655,1061.5642,2174.4612,992.92676,2171.9473,932.5317,2172.952,879.94556,2174.267,840.829,2175.4778,794.5466,2175.762,765.32495,2176.5527,797.8538,2210.9834,840.89197,2245.2095,903.7411,2284.5127,981.6159,2307.75,1067.3206,2312.8857,1157.8997,2302.8083,1237.43,2274.3857,1301.2056,2234.1982,1345.6273,2197.9617,1377.0762,2166.9167
37,37,616,765.35455,2176.9082,790.8277,2150.8877,829.522,2121.6174,885.9424,2088.3792,972.06384,2057.5764,1056.8107,2076.5933,1143.1326,2055.1235,1235.5151,2085.0886,1300.9117,2116.2708,1345.7914,2144.292,1377.0468,2167.4336,1349.038,2167.7236,1298.236,2168.1782,1254.5784,2166.1365,1199.3866,2164.4607,1134.9019,2166.631,1061.8232,2170.491,993.8315,2167.7065,933.0304,2166.866,880.6393,2171.663,840.5515,2174.6143,794.5903,2176.1472,1349.038,2167.7236,1299.6145,2166.9465,1256.0007,2165.983,1200.5138,2166.1418,1133.9799,2171.4321,1061.6307,2175.178,992.99414,2172.642,932.60034,2173.5908,880.0112,2174.8364,840.8883,2175.9714,794.5903,2176.1472,765.35455,2176.9082,797.8911,2211.3677,840.9422,2245.5725,903.81287,2284.8418,981.69,2308.0632,1067.37,2313.2158,1157.8923,2303.1685,1237.3641,2274.8184,1301.1282,2234.7236,1345.5693,2198.5227,1377.0468,2167.4336
38,38,633,765.40485,2177.254,790.87964,2151.2463,829.5627,2121.9985,885.9757,2088.7761,972.0989,2057.9624,1056.8302,2076.974,1143.1714,2055.4644,1235.5709,2085.3928,1300.9775,2116.5679,1345.8452,2144.5881,1377.063,2167.7312,1349.064,2168.0317,1298.2772,2168.496,1254.6382,2166.4856,1199.4514,2164.8628,1134.9591,2167.0867,1061.8625,2170.9795,993.8529,2168.2012,933.0559,2167.3489,880.67206,2172.11,840.5919,2175.0264,794.63184,2176.5264,1349.064,2168.0317,1299.6624,2167.2769,1256.0624,2166.3374,1200.5791,2166.5215,1134.0404,2171.8381,1061.673,2175.597,993.02057,2173.0552,932.618,2173.9954,880.0368,2175.2397,840.9253,2176.3674,794.63184,2176.5264,765.40485,2177.254,797.9552,2211.719,841.0067,2245.9421,903.8614,2285.2395,981.7129,2308.499,1067.4142,2313.6768,1157.9546,2303.615,1237.4266,2275.2378,1301.1829,2235.0962,1345.6095,2198.8499,1377.063,2167.7312
39,39,650,765.6252,2177.3616,791.0594,2151.4507,829.66095,2122.316,886.00604,2089.2195,972.154,2058.502,1056.892,2077.4695,1143.2379,2055.9102,1235.6334,2085.648,1301.0323,2116.681,1345.8951,2144.5986,1377.1001,2167.682,1349.0985,2168.0012,1298.3115,2168.5273,1254.675,2166.5925,1199.4949,2165.0674,1135.0056,2167.3901,1061.9081,2171.3457,993.8901,2168.5532,933.07184,2167.6582,880.73303,2172.3596,840.71875,2175.2163,794.8271,2176.6533,1349.0985,2168.0012,1299.7012,2167.2996,1256.1053,2166.4126,1200.6257,2166.674,1134.09,2172.0815,1061.7206,2175.9229,993.0601,2173.367,932.6344,2174.262,880.10693,2175.4495,841.06134,2176.5417,794.8271,2176.6533,765.6252,2177.3616,798.13446,2211.8557,841.11115,2246.1536,903.8915,2285.5857,981.7434,2308.974,1067.4453,2314.16,1157.9918,2304.01,1237.4661,2275.4753,1301.2239,2235.1824,1345.6511,2198.843,1377.1001,2167.682
40,40,666,765.65106,2177.4907,791.09015,2151.611,829.716,2122.51,886.0908,2089.449,972.27435,2058.7651,1057.0396,2077.752,1143.4097,2056.1597,1235.7853,2085.8489,1301.1416,2116.852,1345.9584,2144.734,1377.1343,2167.7737,1349.1417,2168.114,1298.3588,2168.689,1254.7482,2166.801,1199.5868,2165.3271,1135.1119,2167.702,1062.019,2171.6797,993.98285,2168.874,933.13763,2167.9407,880.7677,2172.593,840.7358,2175.4102,794.855,2176.8042,1349.1417,2168.114,1299.7449,2167.4373,1256.1619,2166.5632,1200.6921,2166.8389,1134.1609,2172.2666,1061.7952,2176.1272,993.1233,2173.5718,932.675,2174.465,880.1248,2175.6445,841.07996,2176.7227,794.855,2176.8042,765.65106,2177.4907,798.1523,2212.0376,841.1415,2246.4094,903.9517,2285.9128,981.8127,2309.3354,1067.5216,2314.5168,1158.0496,2304.344,1237.5146,2275.7556,1301.2668,2235.3896,1345.6879,2198.9834,1377.1343,2167.7737
41,41,683,765.774,2177.512,791.2107,2151.6692,829.8038,2122.6162,886.15015,2089.611,972.301,2058.9692,1057.0563,2077.9521,1143.4362,2056.3435,1235.8246,2085.9658,1301.186,2116.9077,1346.0079,2144.7424,1377.1857,2167.748,1349.1907,2168.0984,1298.4047,2168.7017,1254.7898,2166.8457,1199.6204,2165.415,1135.1373,2167.8364,1062.0355,2171.8435,993.9997,2169.0244,933.1691,2168.0615,880.8223,2172.6814,840.8161,2175.4702,794.9642,2176.8345,1349.1907,2168.0984,1299.7921,2167.4473,1256.2043,2166.6,1200.726,2166.9148,1134.1875,2172.3816,1061.8114,2176.2705,993.1422,2173.6921,932.6947,2174.5552,880.16595,2175.709,841.14716,2176.7712,794.9642,2176.8345,765.774,2177.512,798.2524,2212.0762,841.2142,2246.4915,903.9918,2286.0703,981.83466,2309.5764,1067.5431,2314.7842,1158.0747,2304.5874,1237.5492,2275.9185,1301.3112,2235.4585,1345.7379,2198.9893,1377.1857,2167.748
42,42,700,765.8126,2177.575,791.25604,2151.7434,829.8549,2122.692,886.20355,2089.6865,972.34717,2059.0437,1057.0894,2078.0217,1143.4653,2056.444,1235.8552,2086.0864,1301.2297,2117.0386,1346.0537,2144.9019,1377.2264,2167.925,1349.2341,2168.2883,1298.4495,2168.8716,1254.8339,2166.975,1199.6624,2165.5083,1135.1747,2167.9048,1062.0657,2171.905,994.0243,2169.074,933.20557,2168.1208,880.86725,2172.7542,840.86005,2175.5532,795.0028,2176.9048,1349.2341,2168.2883,1299.8378,2167.6462,1256.2515,2166.778,1200.7743,2167.0518,1134.2365,2172.4824,1061.8617,2176.3538,993.18854,2173.7695,932.74713,2174.6414,880.21674,2175.802,841.1953,2176.8586,795.0028,2176.9048,765.8126,2177.575,798.28906,2212.1753,841.25476,2246.633,904.0333,2286.2036,981.87,2309.7,1067.5858,2314.922,1158.1213,2304.7375,1237.5985,2276.1177,1301.3569,2235.7026,1345.779,2199.202,1377.2264,2167.925
43,43,716,765.8564,2177.5671,791.307,2151.7397,829.9087,2122.6963,886.25586,2089.71,972.3966,2059.0947,1057.1333,2078.074,1143.5033,2056.4717,1235.879,2086.0776,1301.2554,2117.018,1346.1129,2144.8926,1377.3431,2167.8794,1349.3425,2168.255,1298.5386,2168.8608,1254.9034,2166.9563,1199.6903,2165.484,1135.1958,2167.8853,1062.102,2171.8965,994.0675,2169.066,933.2548,2168.11,880.91614,2172.742,840.905,2175.5422,795.04407,2176.8955,1349.3425,2168.255,1299.9296,2167.6284,1256.3054,2166.7607,1200.7915,2167.0354,1134.2643,2172.4707,1061.9006,2176.3328,993.23096,2173.746,932.7957,2174.6208,880.2644,2175.7878,841.2394,2176.8484,795.04407,2176.8955,765.8564,2177.5671,798.3396,2212.1692,841.31055,2246.6343,904.08466,2286.203,981.9069,2309.6897,1067.6089,2314.9072,1158.1387,2304.724,1237.6213,2276.108,1301.4054,2235.691,1345.8644,2199.1716,1377.3431,2167.8794
44,44,733,765.8567,2177.5598,791.3393,2151.7312,829.9613,2122.6858,886.30273,2089.696,972.4164,2059.0806,1057.1527,2078.0608,1143.5371,2056.4568,1235.9033,2086.0618,1301.2684,2117.0012,1346.1364,2144.8718,1377.3768,2167.8562,1349.3782,2168.2334,1298.5728,2168.839,1254.933,2166.9355,1199.717,2165.463,1135.2202,2167.8638,1062.1287,2171.876,994.10394,2169.0461,933.30145,2168.0923,880.95966,2172.7268,840.9346,2175.5295,795.0534,2176.8867,1349.3782,2168.2334,1299.9652,2167.6152,1256.3395,2166.7483,1200.8234,2167.0215,1134.2963,2172.461,1061.9347,2176.322,993.2741,2173.7366,932.84424,2174.6123,880.3037,2175.7793,841.2646,2176.8403,795.0534,2176.8867,765.8567,2177.5598,798.35516,2212.1597,841.3486,2246.6223,904.1394,2286.1921,981.95636,2309.6802,1067.6418,2314.8955,1158.1606,2304.7102,1237.6394,2276.0898,1301.4292,2235.672,1345.8953,2199.1533,1377.3768,2167.8562
45,45,750,765.88837,2177.5354,791.3758,2151.721,830.0057,2122.674,886.3533,2089.6843,972.4641,2059.0806,1057.1942,2078.0603,1143.5696,2056.4648,1235.9114,2086.0566,1301.2755,2116.9834,1346.148,2144.8489,1377.4072,2167.8347,1349.4039,2168.2085,1298.5986,2168.815,1254.9585,2166.9126,1199.7449,2165.4412,1135.2498,2167.843,1062.162,2171.8567,994.13934,2169.027,933.3417,2168.0754,880.99884,2172.7153,840.97076,2175.5205,795.0855,2176.8687,1349.4039,2168.2085,1299.9932,2167.5884,1256.369,2166.723,1200.8577,2166.998,1134.3346,2172.4387,1061.9789,2176.3018,993.31744,2173.716,932.8875,2174.5925,880.34216,2175.7617,841.2994,2176.8286,795.0855,2176.8687,765.88837,2177.5354,798.3929,2212.1497,841.393,2246.6138,904.1886,2286.1824,982.00024,2309.6692,1067.6819,2314.883,1158.1897,2304.6968,1237.6644,2276.0737,1301.4553,2235.6516,1345.9236,2199.1284,1377.4072,2167.8347
46,46,766,765.944,2177.4812,791.4477,2151.68,830.0791,2122.6477,886.4196,2089.6707,972.51324,2059.0708,1057.2314,2078.0447,1143.5898,2056.4292,1235.9304,2085.9673,1301.3022,2116.8389,1346.1779,2144.646,1377.4384,2167.5735,1349.4316,2167.9749,1298.6246,2168.6255,1254.9784,2166.7595,1199.7601,2165.3367,1135.2657,2167.7844,1062.1956,2171.8215,994.1839,2168.997,933.38367,2168.0422,881.03217,2172.6729,841.01416,2175.4717,795.1293,2176.8174,1349.4316,2167.9749,1300.0208,2167.3696,1256.397,2166.5088,1200.8837,2166.807,1134.355,2172.2915,1061.9954,2176.1934,993.34564,2173.6223,932.91797,2174.5137,880.3727,2175.6929,841.33655,2176.7666,795.1293,2176.8174,765.944,2177.4812,798.4506,2212.085,841.4412,2246.556,904.2294,2286.1375,982.035,2309.6228,1067.7139,2314.8232,1158.2064,2304.6047,1237.6919,2275.928,1301.4878,2235.4417,1345.9563,2198.8767,1377.4384,2167.5735
47,47,783,765.97205,2177.1724,791.47723,2151.3987,830.11957,2122.415,886.46405,2089.4639,972.55365,2058.8875,1057.2731,2077.8992,1143.6307,2056.2825,1235.9646,2085.8284,1301.3209,2116.6838,1346.1705,2144.4514,1377.4093,2167.3545,1349.4243,2167.756,1298.6353,2168.4136,1255.0023,2166.5947,1199.7888,2165.2222,1135.2963,2167.7053,1062.2296,2171.7397,994.22156,2168.9023,933.4212,2167.8997,881.0659,2172.468,841.04645,2175.2107,795.1601,2176.5366,1349.4243,2167.756,1300.0347,2167.124,1256.4164,2166.2559,1200.9062,2166.5554,1134.3778,2172.0566,1062.0238,2175.9675,993.3781,2173.3909,932.95123,2174.2795,880.4037,2175.4482,841.36816,2176.499,795.1601,2176.5366,765.97205,2177.1724,798.4739,2211.7593,841.47217,2246.2039,904.27075,2285.8452,982.0721,2309.3867,1067.7279,2314.6077,1158.1774,2304.3818,1237.6381,2275.6633,1301.4293,2235.1296,1345.9071,2198.61,1377.4093,2167.3545
48,48,800,765.99115,2176.8096,791.5115,2151.0205,830.1576,2122.0342,886.4973,2089.0935,972.5685,2058.5393,1057.2595,2077.5847,1143.6005,2056.0286,1235.917,2085.632,1301.2701,2116.5396,1346.1289,2144.3613,1377.3735,2167.3135,1349.3757,2167.6992,1298.5752,2168.3064,1254.9346,2166.4214,1199.734,2164.9695,1135.256,2167.3723,1062.2096,2171.348,994.22516,2168.4553,933.44214,2167.4353,881.0954,2172.0266,841.07404,2174.8015,795.1731,2176.1582,1349.3757,2167.6992,1299.9927,2167.0513,1256.3973,2166.1675,1200.9045,2166.4436,1134.3894,2171.9038,1062.0475,2175.7583,993.40485,2173.117,932.9823,2173.944,880.4338,2175.0754,841.39264,2176.1157,795.1731,2176.1582,765.99115,2176.8096,798.5077,2211.4233,841.5105,2245.904,904.30676,2285.5952,982.0978,2309.1877,1067.7429,2314.4531,1158.184,2304.2788,1237.6417,2275.5974,1301.4307,2235.0852,1345.8998,2198.5698,1377.3735,2167.3135
49,49,816,765.9738,2176.699,791.4802,2150.84,830.1256,2121.767,886.4629,2088.73,972.53656,2058.0605,1057.2104,2077.0315,1143.5553,2055.5085,1235.8882,2085.21,1301.2526,2116.2246,1346.1147,2144.1548,1377.3564,2167.1921,1349.3398,2167.5593,1298.5344,2168.0981,1254.8843,2166.1213,1199.6855,2164.5688,1135.2015,2166.9014,1062.1494,2170.8745,994.176,2168.0088,933.4082,2167.0679,881.0754,2171.7444,841.05963,2174.5967,795.16406,2176.0188,1349.3398,2167.5593,1299.9548,2166.877,1256.3551,2165.949,1200.8602,2166.1465,1134.3461,2171.5374,1062.0066,2175.365,993.37604,2172.7673,932.9652,2173.665,880.421,2174.86,841.38403,2175.9343,795.16406,2176.0188,765.9738,2176.699,798.46594,2211.302,841.4622,2245.7727,904.2587,2285.3845,982.0392,2308.874,1067.6771,2314.1003,1158.1232,2303.9302,1237.589,2275.3381,1301.4004,2234.9187,1345.8864,2198.4348,1377.3564,2167.1921
50,50,833,765.9984,2175.8782,791.506,2150.0723,830.1523,2121.1099,886.4898,2088.225,972.5632,2057.6868,1057.2356,2076.6328,1143.5786,2055.1355,1235.9062,2084.7048,1301.2692,2115.545,1346.1317,2143.282,1377.3674,2166.1372,1349.3477,2166.5154,1298.5491,2167.0894,1254.9028,2165.1423,1199.7054,2163.6274,1135.2202,2166.018,1062.169,2170.0256,994.19794,2167.1204,933.4309,2166.1365,881.0971,2170.7905,841.0819,2173.6711,795.18726,2175.1619,1349.3477,2166.5154,1299.9662,2165.8025,1256.3721,2164.8237,1200.88,2164.9778,1134.365,2170.3943,1062.026,2174.2832,993.3973,2171.7268,932.98627,2172.6748,880.4409,2173.9177,841.40607,2175.0215,795.18726,2175.1619,765.9984,2175.8782,798.485,2210.5234,841.4747,2245.1433,904.27576,2284.8699,982.056,2308.3674,1067.697,2313.5723,1158.1423,2303.3433,1237.6072,2274.6711,1301.41,2234.104,1345.9019,2197.4592,1377.3674,2166.1372
51,51,850,766.01904,2174.481,791.5237,2148.7817,830.1676,2120.0034,886.517,2087.2983,972.60034,2056.9712,1057.309,2075.9727,1143.6893,2054.4644,1235.9861,2083.8445,1301.3162,2114.4712,1346.1726,2141.9624,1377.4181,2164.654,1349.4148,2165.0266,1298.6195,2165.597,1254.9816,2163.7698,1199.7646,2162.4165,1135.2632,2164.958,1062.2129,2169.0002,994.2357,2166.0417,933.4423,2164.9143,881.1165,2169.452,841.1022,2172.2651,795.2063,2173.7737,1349.4148,2165.0266,1300.0724,2164.2263,1256.4688,2163.205,1200.9504,2163.335,1134.4069,2168.7737,1062.0515,2172.7278,993.4111,2170.1665,933.0042,2171.1467,880.4604,2172.431,841.4227,2173.5752,795.2063,2173.7737,766.01904,2174.481,798.50653,2209.1,841.49805,2243.7742,904.29944,2283.695,982.0711,2307.299,1067.7089,2312.507,1158.1646,2302.2478,1237.6555,2273.4397,1301.4797,2232.6348,1345.9685,2195.9238,1377.4181,2164.654
52,52,866,766.0366,2173.5667,791.54565,2147.784,830.19214,2118.9705,886.5389,2086.2124,972.6179,2055.858,1057.328,2074.8398,1143.71,2053.3591,1236.0032,2082.7156,1301.3263,2113.3096,1346.1744,2140.7554,1377.4065,2163.4663,1349.4042,2163.8247,1298.613,2164.355,1254.9829,2162.5515,1199.771,2161.2178,1135.2683,2163.7876,1062.2217,2167.8289,994.25146,2164.8992,933.46094,2163.7915,881.1337,2168.3801,841.11847,2171.2463,795.2228,2172.8455,1349.4042,2163.8247,1300.081,2162.9504,1256.4811,2161.946,1200.9647,2162.1194,1134.4193,2167.6133,1062.0625,2171.6184,993.42224,2169.0967,933.01495,2170.107,880.4724,2171.4197,841.4382,2172.5706,795.2228,2172.8455,766.0366,2173.5667,798.52386,2208.1792,841.512,2242.8494,904.3117,2282.8096,982.0772,2306.415,1067.7006,2311.5789,1158.1483,2301.2698,1237.6426,2272.367,1301.4761,2231.45,1345.9679,2194.7266,1377.4065,2163.4663
53,53,883,766.04535,2172.2922,791.5656,2146.5022,830.2134,2117.755,886.55286,2085.0457,972.6232,2054.7969,1057.3374,2073.8545,1143.7267,2052.4492,1236.0095,2081.8103,1301.3,2112.354,1346.123,2139.693,1377.3412,2162.353,1349.3416,2162.686,1298.5604,2163.1958,1254.9534,2161.4607,1199.754,2160.1855,1135.2546,2162.7764,1062.2167,2166.769,994.2594,2163.8176,933.4714,2162.6382,881.13745,2167.16,841.1294,2169.9734,795.23126,2171.5923,1349.3416,2162.686,1300.0529,2161.6843,1256.461,2160.6465,1200.952,2160.819,1134.4076,2166.3145,1062.0508,2170.3123,993.4172,2167.7737,933.00854,2168.78,880.4631,2170.0967,841.43164,2171.2607,795.23126,2171.5923,766.04535,2172.2922,798.5306,2206.8655,841.5153,2241.4583,904.31226,2281.4802,982.0632,2305.1636,1067.6517,2310.383,1158.0748,2300.061,1237.5585,2271.1023,1301.3986,2230.1316,1345.8989,2193.5073,1377.3412,2162.353
54,54,900,766.0534,2171.3784,791.5821,2145.5117,830.23334,2116.711,886.55804,2083.9182,972.6161,2053.6548,1057.3348,2072.7747,1143.7299,2051.4158,1236.004,2080.8342,1301.2646,2111.3848,1346.069,2138.703,1377.2758,2161.38,1349.2893,2161.719,1298.5023,2162.223,1254.9017,2160.5364,1199.7166,2159.3066,1135.2235,2161.9075,1062.2067,2165.8552,994.2659,2162.9048,933.485,2161.6982,881.15125,2166.2043,841.1414,2169.0085,795.2411,2170.6787,1349.2893,2161.719,1300.011,2160.7058,1256.4246,2159.6865,1200.9249,2159.901,1134.3854,2165.4368,1062.0385,2169.4543,993.41205,2166.9097,933.01044,2167.8918,880.4718,2169.1904,841.4445,2170.3367,795.2411,2170.6787,766.0534,2171.3784,798.5428,2205.9067,841.5309,2240.4177,904.3226,2280.4622,982.0573,2304.2207,1067.6226,2309.4692,1158.0161,2299.1233,1237.4796,2270.097,1301.3177,2229.0737,1345.8253,2192.4949,1377.2758,2161.38
55,55,916,766.02936,2170.9924,791.5427,2145.0232,830.1708,2116.104,886.4618,2083.188,972.5174,2052.8398,1057.2476,2071.9775,1143.6561,2050.66,1235.927,2080.2214,1301.1522,2110.9075,1345.9309,2138.35,1377.111,2161.1365,1349.1191,2161.4504,1298.3267,2161.866,1254.7357,2160.0903,1199.5813,2158.7632,1135.1014,2161.274,1062.0981,2165.1758,994.17584,2162.2354,933.4164,2161.0767,881.09814,2165.6565,841.11053,2168.532,795.2181,2170.2776,1349.1191,2161.4504,1299.8722,2160.413,1256.3066,2159.3616,1200.824,2159.5222,1134.2946,2164.9966,1061.9531,2168.9626,993.3308,2166.4326,932.9366,2167.4414,880.40625,2168.7766,841.39465,2169.9336,795.2181,2170.2776,766.02936,2170.9924,798.50464,2205.5154,841.4858,2239.9712,904.2674,2279.878,981.97064,2303.5098,1067.4916,2308.7317,1157.8578,2298.4548,1237.3054,2269.5789,1301.1559,2228.7134,1345.6746,2192.222,1377.111,2161.1365
56,56,933,765.90015,2170.7222,791.40247,2144.7102,830.00464,2115.7373,886.2637,2082.7632,972.3412,2052.3835,1057.1292,2071.486,1143.5845,2050.1807,1235.8644,2079.7524,1301.0566,2110.4915,1345.7877,2137.9858,1376.8971,2160.8313,1348.9082,2161.1206,1298.149,2161.507,1254.5974,2159.7063,1199.4642,2158.3557,1134.9731,2160.8643,1061.9714,2164.7678,994.03815,2161.8462,933.26733,2160.703,880.94165,2165.3142,840.97754,2168.2095,795.0788,2169.9832,1348.9082,2161.1206,1299.6992,2160.0706,1256.1571,2159.0217,1200.685,2159.1877,1134.1438,2164.664,1061.7936,2168.6262,993.154,2166.1033,932.7449,2167.1096,880.219,2168.4438,841.226,2169.6118,795.0788,2169.9832,765.90015,2170.7222,798.3581,2205.2444,841.32635,2239.6792,904.10767,2279.598,981.7982,2303.2454,1067.292,2308.4744,1157.6434,2298.1975,1237.1003,2269.312,1300.9762,2228.4238,1345.4889,2191.932,1376.8971,2160.8313
57,57,950,765.3634,2170.6743,790.85754,2144.6501,829.467,2115.6506,885.741,2082.6567,971.79254,2052.21,1056.5266,2071.2644,1142.9326,2049.9329,1235.3036,2079.4844,1300.6459,2110.204,1345.517,2137.7148,1376.7413,2160.5564,1348.6869,2160.8545,1297.815,2161.2922,1254.1844,2159.4797,1198.99,2158.1152,1134.4519,2160.6187,1061.41,2164.5562,993.45514,2161.6602,932.71106,2160.572,880.42535,2165.2266,840.4921,2168.1462,794.5948,2169.9224,1348.6869,2160.8545,1299.3378,2159.8145,1255.6929,2158.7651,1200.1643,2158.947,1133.5912,2164.452,1061.1918,2168.4597,992.525,2165.9624,932.135,2166.9956,879.6509,2168.3528,840.69415,2169.5332,794.5948,2169.9224,765.3634,2170.6743,797.6561,2205.2104,840.5421,2239.671,903.3292,2279.5808,981.1322,2303.2034,1066.77,2308.3967,1157.2417,2298.082,1236.7759,2269.1567,1300.709,2228.2517,1345.2949,2191.6946,1376.7413,2160.5564
58,58,966,764.68335,2170.679,790.1907,2144.6575,828.8238,2115.6584,885.152,2082.6628,971.26605,2052.198,1055.9911,2071.2441,1142.3931,2049.9053,1234.8098,2079.4727,1300.1514,2110.2039,1344.9814,2137.72,1376.166,2160.56,1348.0614,2160.8599,1297.1876,2161.299,1253.6074,2159.4866,1198.4336,2158.1184,1133.9045,2160.6177,1060.8506,2164.5576,992.88336,2161.6643,932.1274,2160.5806,879.80896,2165.2356,839.85846,2168.1543,793.9292,2169.9282,1348.0614,2160.8599,1298.661,2159.823,1254.9915,2158.7695,1199.4801,2158.9426,1132.9222,2164.4436,1060.5222,2168.4531,991.8624,2165.9583,931.46985,2166.996,878.9778,2168.3584,840.0086,2169.5413,793.9292,2169.9282,764.68335,2170.679,796.9582,2205.2178,839.8482,2239.68,902.64734,2279.5872,980.4579,2303.201,1066.0967,2308.388,1156.5688,2298.069,1236.0886,2269.1467,1300.0052,2228.256,1344.6458,2191.7014,1376.166,2160.56
59,59,983,763.7613,2170.6846,789.3904,2144.6655,828.08826,2115.6653,884.451,2082.6711,970.6271,2052.2185,1055.4021,2071.2678,1141.8708,2049.928,1234.2671,2079.4795,1299.5609,2110.2078,1344.3778,2137.716,1375.5878,2160.5405,1347.4934,2160.8457,1296.6144,2161.297,1253.0366,2159.4902,1197.8545,2158.124,1133.2893,2160.6235,1060.2034,2164.5645,992.21796,2161.6714,931.4027,2160.589,878.99603,2165.2446,839.00806,2168.1628,792.9935,2169.9343,1347.4934,2160.8457,1298.0889,2159.8103,1254.3938,2158.7588,1198.8473,2158.9324,1132.2396,2164.4338,1059.7744,2168.4478,991.0872,2165.959,930.62036,2167.0017,878.0626,2168.3657,839.05896,2169.548,792.9935,2169.9343,763.7613,2170.6846,796.0024,2205.225,838.9041,2239.6885,901.7822,2279.5984,979.63763,2303.2053,1065.2677,2308.3928,1155.7689,2298.0735,1235.3434,2269.1497,1299.3372,2228.2554,1344.0333,2191.69,1375.5878,2160.5405
60,60,1000,763.2732,2170.7427,788.8876,2144.7112,827.5326,2115.7095,883.7883,2082.7136,969.8901,2052.2627,1054.6155,2071.305,1141.0854,2049.9685,1233.3848,2079.5205,1298.4934,2110.24,1343.1328,2137.738,1374.1709,2160.561,1346.1416,2160.8657,1295.4375,2161.318,1251.9921,2159.5178,1196.9381,2158.1562,1132.437,2160.6584,1059.3951,2164.6013,991.5367,2161.7207,930.7878,2160.6445,878.4231,2165.3008,838.4727,2168.2153,792.46594,2169.994,1346.1416,2160.8657,1296.9204,2159.8225,1253.33,2158.7722,1197.8687,2158.9482,1131.3097,2164.4521,1058.8627,2168.469,990.28546,2165.9973,929.8804,2167.0552,877.381,2168.425,838.4465,2169.6013,792.46594,2169.994,763.2732,2170.7427,795.5012,2205.2837,838.37213,2239.7275,901.1915,2279.6174,978.8975,2303.2104,1064.2648,2308.3972,1154.5833,2298.078,1233.9993,2269.1545,1297.9287,2228.2617,1342.6064,2191.6987,1374.1709,2160.561
61,61,1016,762.4931,2170.841,788.1299,2144.8142,826.80853,2115.8213,883.10077,2082.844,969.1745,2052.3904,1053.8126,2071.4436,1140.2078,2050.0886,1232.4725,2079.642,1297.5636,2110.3496,1342.1984,2137.847,1373.2328,2160.6685,1345.2095,2160.9768,1294.492,2161.4424,1251.0455,2159.6409,1195.9998,2158.2764,1131.5336,2160.775,1058.532,2164.7188,990.71747,2161.8442,929.99097,2160.7783,877.6177,2165.4324,837.6669,2168.3396,791.6818,2170.1013,1345.2095,2160.9768,1295.9833,2159.9294,1252.3707,2158.8762,1196.9231,2159.053,1130.3901,2164.5554,1057.9705,2168.5676,989.3991,2166.0977,929.0161,2167.1558,876.52545,2168.5273,837.60114,2169.705,791.6818,2170.1013,762.4931,2170.841,794.71643,2205.3755,837.5782,2239.8047,900.3664,2279.6628,978.00574,2303.2385,1063.3041,2308.4207,1153.5641,2298.1064,1232.9551,2269.197,1296.8939,2228.334,1341.622,2191.791,1373.2328,2160.6685
62,62,1033,761.3258,2171.376,786.9726,2145.294,825.7062,2116.2158,882.08417,2083.1602,968.2617,2052.5938,1052.8997,2071.6086,1139.3263,2050.2395,1231.6617,2079.8538,1296.8015,2110.6516,1341.4426,2138.2815,1372.4623,2161.2266,1344.387,2161.5525,1293.6239,2161.9954,1250.1252,2160.1248,1195.0793,2158.686,1130.6061,2161.1272,1057.5646,2165.06,989.6962,2162.2356,928.95404,2161.2664,876.5718,2165.9841,836.5507,2168.9268,790.54694,2170.6604,1344.387,2161.5525,1295.093,2160.5374,1251.4618,2159.4827,1196.0217,2159.6362,1129.5063,2165.0938,1057.0814,2169.0493,988.4299,2166.6074,928.0131,2167.705,875.4806,2169.1062,836.52765,2170.2925,790.54694,2170.6604,761.3258,2171.376,793.6366,2205.9082,836.5705,2240.265,899.3896,2279.9585,977.0238,2303.4456,1062.3693,2308.6184,1152.6318,2298.3323,1232.0188,2269.5254,1295.984,2228.8428,1340.7875,2192.3706,1372.4623,2161.2266
63,63,1050,760.30774,2171.6897,786.12714,2145.681,824.99316,2116.6672,881.4602,2083.6655,967.68054,2053.0554,1052.3295,2072.0266,1138.7456,2050.6343,1231.0476,2080.2354,1296.2098,2111.017,1340.8955,2138.6367,1372.0082,2161.559,1343.9427,2161.9197,1293.123,2162.3945,1249.5895,2160.5225,1194.5072,2159.0906,1130.0248,2161.5437,1056.9719,2165.4958,989.022,2162.6848,928.204,2161.7327,875.71954,2166.4192,835.5899,2169.3257,789.50824,2171.004,1343.9427,2161.9197,1294.5907,2160.977,1250.9315,2159.9485,1195.4578,2160.105,1128.9266,2165.549,1056.5011,2169.4834,987.7753,2167.0327,927.2649,2168.1355,874.6046,2169.5273,835.55835,2170.688,789.50824,2171.004,760.30774,2171.6897,792.65027,2206.2717,835.66895,2240.69,898.6088,2280.3691,976.3303,2303.826,1061.7625,2308.9978,1152.0557,2298.72,1231.4832,2269.9285,1295.4872,2229.269,1340.3268,2192.754,1372.0082,2161.559
64,64,1066,759.2479,2171.7751,785.1721,2145.7852,824.09766,2116.7974,880.5795,2083.8196,966.8389,2053.2253,1051.5787,2072.2322,1138.1011,2050.808,1230.505,2080.391,1295.76,2111.1445,1340.5552,2138.732,1371.7816,2161.6284,1343.6971,2162.0007,1292.7869,2162.4988,1249.1741,2160.65,1193.9786,2159.2427,1129.3853,2161.7244,1056.236,2165.6917,988.2389,2162.8647,927.3637,2161.8887,874.811,2166.5496,834.65985,2169.438,788.484,2171.0989,1343.6971,2162.0007,1294.2736,2161.066,1250.5365,2160.0469,1194.9485,2160.2175,1128.2959,2165.6782,1055.7527,2169.623,986.9683,2167.163,926.3896,2168.2585,873.6669,2169.6377,834.5872,2170.785,788.484,2171.0989,759.2479,2171.7751,791.5746,2206.4001,834.6211,2240.8972,897.6527,2280.6528,975.4776,2304.1394,1061.0093,2309.314,1151.4524,2299.0151,1231.0342,2270.1704,1295.1635,2229.4377,1340.0776,2192.8572,1371.7816,2161.6284
65,65,1083,758.7499,2171.871,784.6784,2145.8823,823.6186,2116.8918,880.11633,2083.9185,966.3838,2053.3167,1051.1906,2072.337,1137.7825,2050.8643,1230.3151,2080.4214,1295.7034,2111.1572,1340.5663,2138.7356,1371.8035,2161.6316,1343.7218,2162.0042,1292.7869,2162.5178,1249.1316,2160.681,1193.8566,2159.2898,1129.1764,2161.7942,1055.927,2165.7922,987.87823,2162.9617,926.97,2161.99,874.40845,2166.654,834.2566,2169.545,788.03284,2171.1936,1343.7218,2162.0042,1294.269,2161.0737,1250.4764,2160.0608,1194.8134,2160.2473,1128.0754,2165.7378,1055.4364,2169.7178,986.59607,2167.2527,925.9993,2168.3381,873.2757,2169.7126,834.18964,2170.864,788.03284,2171.1936,758.7499,2171.871,791.0317,2206.5134,834.0562,2241.078,897.1076,2280.8975,975.0565,2304.4216,1060.7795,2309.581,1151.3705,2299.228,1231.0315,2270.3013,1295.1892,2229.495,1340.1063,2192.8655,1371.8035,2161.6316
66,66,1100,758.70026,2171.8909,784.6621,2145.905,823.6096,2116.9238,880.0978,2083.9575,966.36664,2053.375,1051.2025,2072.3984,1137.806,2050.9065,1230.3306,2080.4346,1295.7125,2111.1616,1340.5771,2138.734,1371.8253,2161.6108,1343.7424,2161.9917,1292.8022,2162.5166,1249.1464,2160.685,1193.8683,2159.2954,1129.1833,2161.7983,1055.936,2165.798,987.8819,2162.9705,926.9604,2162.0,874.3815,2166.664,834.222,2169.5562,787.97815,2171.2097,1343.7424,2161.9917,1294.2877,2161.071,1250.4944,2160.0625,1194.8304,2160.2522,1128.0894,2165.7432,1055.4518,2169.7224,986.6071,2167.2585,925.9973,2168.3467,873.2553,2169.723,834.15155,2170.8774,787.97815,2171.2097,758.70026,2171.8909,791.00543,2206.5352,834.0474,2241.0977,897.1152,2280.9187,975.0659,2304.4382,1060.7919,2309.5925,1151.3823,2299.2366,1231.0526,2270.3047,1295.2152,2229.4995,1340.1304,2192.8613,1371.8253,2161.6108
67,67,1116,758.73645,2171.7498,784.6955,2145.8135,823.6338,2116.8743,880.10986,2083.932,966.3771,2053.3623,1051.2242,2072.3936,1137.8289,2050.8977,1230.3485,2080.415,1295.7279,2111.1196,1340.5913,2138.6511,1371.835,2161.486,1343.7524,2161.8953,1292.8145,2162.4565,1249.162,2160.6575,1193.8868,2159.2893,1129.2032,2161.8005,1055.9585,2165.8013,987.90436,2162.97,926.97986,2161.9858,874.4005,2166.6235,834.2499,2169.4795,788.01044,2171.0947,1343.7524,2161.8953,1294.2979,2161.0217,1250.5083,2160.0374,1194.8497,2160.2441,1128.1123,2165.7427,1055.4785,2169.7236,986.63324,2167.253,926.0215,2168.3247,873.27954,2169.6758,834.1787,2170.8037,788.01044,2171.0947,758.73645,2171.7498,791.0454,2206.4226,834.0852,2241.0144,897.1472,2280.8848,975.09344,2304.4336,1060.8192,2309.5938,1151.4078,2299.2385,1231.076,2270.299,1295.2322,2229.4634,1340.1421,2192.7837,1371.835,2161.486
68,68,1133,758.6916,2171.3838,784.6339,2145.425,823.5353,2116.4873,879.96094,2083.524,966.2261,2052.9773,1051.1093,2072.0835,1137.7662,2050.616,1230.3075,2080.2173,1295.6782,2110.9504,1340.5338,2138.4707,1371.7695,2161.3142,1343.6971,2161.7214,1292.7697,2162.2695,1249.1216,2160.4902,1193.8373,2159.1355,1129.1298,2161.6528,1055.8593,2165.639,987.8228,2162.78,926.89557,2161.7383,874.31976,2166.326,834.18756,2169.1357,787.9489,2170.7456,1343.6971,2161.7214,1294.2659,2160.8435,1250.4844,2159.8672,1194.8174,2160.0786,1128.0544,2165.5696,1055.3871,2169.538,986.5429,2167.0376,925.9265,2168.0735,873.1883,2169.3865,834.1011,2170.4814,787.9489,2170.7456,758.6916,2171.3838,791.00366,2206.0823,834.0327,2240.6882,897.0741,2280.6353,974.9978,2304.2595,1060.696,2309.456,1151.3118,2299.1184,1231.0049,2270.1572,1295.1779,2229.2803,1340.0837,2192.6047,1371.7695,2161.3142
69,69,1150,758.4743,2170.9358,784.4525,2144.9521,823.40283,2115.991,879.88043,2083.0112,966.18463,2052.4373,1051.0709,2071.5994,1137.7365,2050.1345,1230.2605,2079.8145,1295.6055,2110.6086,1340.4263,2138.1848,1371.6324,2161.0708,1343.5621,2161.4836,1292.6444,2162.0276,1249.0054,2160.2324,1193.7466,2158.8506,1129.0504,2161.3354,1055.7621,2165.3,987.713,2162.4224,926.75824,2161.372,874.15076,2165.9524,833.97986,2168.7559,787.73145,2170.3352,1343.5621,2161.4836,1294.1514,2160.6052,1250.3951,2159.6272,1194.7501,2159.8384,1127.996,2165.321,1055.3121,2169.2769,986.44696,2166.7805,925.78796,2167.8071,873.00244,2169.0945,833.8896,2170.1426,787.73145,2170.3352,758.4743,2170.9358,790.78265,2205.718,833.83844,2240.3875,896.9188,2280.3347,974.8728,2303.9355,1060.5862,2309.106,1151.2167,2298.7712,1230.9003,2269.8225,1295.0541,2228.9949,1339.9517,2192.3499,1371.6324,2161.0708
70,70,1166,758.25055,2170.6453,784.16187,2144.5747,823.09595,2115.4954,879.612,2082.4087,966.00586,2051.741,1050.946,2070.8938,1137.6455,2049.4185,1230.2081,2079.1821,1295.5681,2110.0967,1340.3954,2137.7952,1371.601,2160.773,1343.5194,2161.1824,1292.5837,2161.704,1248.9279,2159.8738,1193.6482,2158.445,1128.9261,2160.8933,1055.6152,2164.8347,987.5344,2161.9785,926.5454,2160.966,873.91797,2165.5857,833.7299,2168.4236,787.505,2170.0315,1343.5194,2161.1824,1294.1041,2160.3098,1250.3346,2159.324,1194.6719,2159.521,1127.8933,2164.9834,1055.1963,2168.9114,986.3014,2166.4197,925.6041,2167.4583,872.78217,2168.7615,833.65125,2169.8284,787.505,2170.0315,758.25055,2170.6453,790.5817,2205.4263,833.6726,2240.0698,896.785,2279.9395,974.7479,2303.473,1060.4637,2308.6245,1151.0925,2298.342,1230.8004,2269.4727,1294.9894,2228.7156,1339.9131,2192.0784,1371.601,2160.773
71,71,1183,758.24255,2169.4082,784.1481,2143.3723,823.0674,2114.3306,879.57776,2081.2783,965.96674,2050.6462,1050.9017,2069.89,1137.6018,2048.469,1230.1682,2078.3132,1295.5334,2109.2686,1340.3625,2136.9736,1371.5785,2159.9573,1343.4945,2160.3948,1292.5391,2160.9624,1248.878,2159.1648,1193.5924,2157.7463,1128.8695,2160.1692,1055.5603,2164.0505,987.4886,2161.115,926.50555,2160.0212,873.8833,2164.5618,833.70984,2167.3267,787.4893,2168.857,1343.4945,2160.3948,1294.062,2159.5466,1250.2882,2158.5942,1194.6239,2158.8433,1127.8392,2164.3345,1055.1353,2168.2527,986.235,2165.6714,925.5429,2166.5845,872.7375,2167.7632,833.62427,2168.738,787.4893,2168.857,758.24255,2169.4082,790.5586,2204.3032,833.62244,2239.1035,896.70435,2279.191,974.6607,2302.9263,1060.4031,2308.1619,1151.0566,2297.8948,1230.784,2268.9478,1294.979,2228.0745,1339.8984,2191.335,1371.5785,2159.9573
72,72,1200,757.9815,2168.6707,783.90314,2142.634,822.851,2113.5586,879.3986,2080.455,965.82837,2049.7244,1050.7683,2068.9766,1137.46,2047.5447,1230.029,2077.4753,1295.395,2108.5344,1340.2305,2136.3354,1371.4513,2159.3894,1343.367,2159.8538,1292.3739,2160.4067,1248.6747,2158.581,1193.3761,2157.1235,1128.661,2159.5078,1055.3813,2163.3494,987.28766,2160.415,926.2826,2159.3457,873.6378,2163.8977,833.4347,2166.658,787.21704,2168.1577,1343.367,2159.8538,1293.9116,2159.0693,1250.1207,2158.1343,1194.4429,2158.3726,1127.6643,2163.822,1054.988,2167.6768,986.0565,2165.0647,925.3367,2165.959,872.49744,2167.127,833.36053,2168.0864,787.21704,2168.1577,757.9815,2168.6707,790.3312,2203.5715,833.4202,2238.362,896.50854,2278.4106,974.45374,2302.1543,1060.2164,2307.4392,1150.8442,2297.2627,1230.5782,2268.4219,1294.8091,2227.6042,1339.7599,2190.835,1371.4513,2159.3894
73,73,1216,757.69836,2167.653,783.67975,2141.7253,822.6553,2112.755,879.20166,2079.702,965.6349,2049.0215,1050.5911,2068.3076,1137.2838,2046.9198,1229.7948,2076.8706,1295.1074,2107.899,1339.9257,2135.6187,1371.1569,2158.604,1343.111,2159.1018,1292.1123,2159.683,1248.3953,2157.9045,1193.108,2156.4683,1128.4119,2158.8386,1055.1565,2162.6472,987.05725,2159.6907,926.04736,2158.5815,873.38354,2163.0835,833.1547,2165.7715,786.91315,2167.1953,1343.111,2159.1018,1293.6874,2158.389,1249.9169,2157.51,1194.2424,2157.7808,1127.4644,2163.222,1054.7848,2167.0505,985.83203,2164.42,925.09625,2165.2725,872.2335,2166.3726,833.0787,2167.245,786.91315,2167.1953,757.69836,2167.653,790.09564,2202.5984,833.20825,2237.3894,896.2969,2277.454,974.21985,2301.2332,1059.9633,2306.5596,1150.5613,2296.4226,1230.2726,2267.6267,1294.5155,2226.8196,1339.4633,2190.0671,1371.1569,2158.604
74,74,1233,757.3148,2166.6833,783.3129,2140.843,822.2907,2111.979,878.829,2079.0269,965.25024,2048.46,1050.2443,2067.7559,1137.0044,2046.411,1229.5676,2076.3118,1294.9216,2107.2268,1339.795,2134.7957,1371.0751,2157.6584,1343.0289,2158.2449,1291.9762,2158.9497,1248.1846,2157.2966,1192.8417,2155.953,1128.0897,2158.3472,1054.7842,2162.135,986.6603,2159.1658,925.6566,2158.0098,873.00024,2162.4211,832.7648,2165.0083,786.5155,2166.3218,1343.0289,2158.2449,1293.5806,2157.7112,1249.7764,2156.9692,1194.0446,2157.34,1127.2045,2162.817,1054.4492,2166.6482,985.43915,2163.9958,924.693,2164.788,871.83374,2165.794,832.6904,2166.538,786.5155,2166.3218,757.3148,2166.6833,789.7194,2201.742,832.8266,2236.5999,895.87683,2276.7158,973.782,2300.554,1059.5566,2305.92,1150.2139,2295.8064,1230.006,2267.0115,1294.3485,2226.148,1339.3567,2189.2776,1371.0751,2157.6584
75,75,1250,756.61707,2166.284,782.58093,2140.393,821.60626,2111.4556,878.2303,2078.448,964.72296,2047.8252,1049.718,2067.1309,1136.4692,2045.744,1229.1068,2075.6738,1294.5474,2106.611,1339.5099,2134.2144,1370.8695,2157.0881,1342.8016,2157.6943,1291.6434,2158.444,1247.7451,2156.785,1192.3351,2155.419,1127.5349,2157.7935,1054.2014,2161.5896,986.0406,2158.639,925.02997,2157.531,872.3672,2161.976,832.09216,2164.5923,785.8518,2165.911,1342.8016,2157.6943,1293.2435,2157.228,1249.3712,2156.5088,1193.5851,2156.8933,1126.7162,2162.379,1053.9486,2166.2185,984.90076,2163.5767,924.1447,2164.3762,871.26056,2165.392,832.0861,2166.1375,785.8518,2165.911,756.61707,2166.284,789.04974,2201.3667,832.19885,2236.244,895.2763,2276.3013,973.21063,2300.0781,1059.059,2305.4258,1149.7566,2295.308,1229.5795,2266.5374,1293.9895,2225.701,1339.0854,2188.7817,1370.8695,2157.0881
76,76,1266,755.2802,2165.9548,781.38855,2140.0774,820.6308,2111.141,877.50305,2078.1624,964.2141,2047.5599,1049.3438,2066.8843,1136.2106,2045.4806,1228.9536,2075.401,1294.4683,2106.3262,1339.4775,2133.9355,1370.8623,2156.7974,1342.7831,2157.4253,1291.589,2158.222,1247.6406,2156.568,1192.1638,2155.199,1127.2632,2157.5696,1053.7787,2161.3745,985.43994,2158.4126,924.26544,2157.2976,871.43195,2161.7273,830.9705,2164.327,784.5907,2165.603,1342.7831,2157.4253,1293.1786,2157.011,1249.2637,2156.3054,1193.4056,2156.698,1126.4406,2162.1868,1053.5411,2166.027,984.3432,2163.39,923.42,2164.1846,870.346,2165.1826,831.02893,2165.898,784.5907,2165.603,755.2802,2165.9548,787.8425,2201.1536,831.1987,2236.1157,894.51404,2276.18,972.65674,2299.9258,1058.6642,2305.2488,1149.4985,2295.1323,1229.4185,2266.3616,1293.9072,2225.5251,1339.0522,2188.5623,1370.8623,2156.7974
77,77,1283,754.51276,2165.878,780.5917,2140.009,819.86346,2111.0688,876.8178,2078.0957,963.6625,2047.4993,1048.8899,2066.8284,1135.8442,2045.4021,1228.7131,2075.2983,1294.3224,2106.2034,1339.3889,2133.8044,1370.8147,2156.6458,1342.7107,2157.2969,1291.47,2158.1423,1247.4694,2156.5085,1191.919,2155.1562,1126.9342,2157.5413,1053.3362,2161.3567,984.8964,2158.3948,923.636,2157.276,870.7533,2161.6968,830.24725,2164.2842,783.85254,2165.5334,1342.7107,2157.2969,1293.0332,2156.925,1249.0659,2156.239,1193.1318,2156.6514,1126.0876,2162.1558,1053.0991,2166.0063,983.83655,2163.3718,922.8541,2164.1614,869.72687,2165.149,830.3733,2165.8535,783.85254,2165.5334,754.51276,2165.878,787.09845,2201.1257,830.4977,2236.1216,893.8836,2276.1917,972.13666,2299.9353,1058.2614,2305.2544,1149.2118,2295.1326,1229.2148,2266.3489,1293.7698,2225.4878,1338.9645,2188.4731,1370.8147,2156.6458
78,78,1300,754.1987,2165.8728,780.36835,2140.015,819.7014,2111.0813,876.7002,2078.1125,963.5939,2047.516,1048.8536,2066.843,1135.819,2045.4092,1228.6881,2075.295,1294.2997,2106.186,1339.371,2133.7698,1370.8086,2156.5906,1342.705,2157.258,1291.4565,2158.1245,1247.4495,2156.5024,1191.8911,2155.1584,1126.8998,2157.548,1053.2896,2161.366,984.80615,2158.4045,923.4923,2157.2866,870.5497,2161.7073,829.9809,2164.2922,783.5245,2165.5342,1342.705,2157.258,1293.0205,2156.9116,1249.0527,2156.235,1193.1134,2156.653,1126.063,2162.1594,1053.0625,2166.011,983.7564,2163.3774,922.717,2164.1682,869.5198,2165.1562,830.1086,2165.8608,783.5245,2165.5342,754.1987,2165.8728,786.8594,2201.135,830.32526,2236.1357,893.7718,2276.2024,972.07104,2299.9414,1058.2357,2305.2617,1149.1978,2295.1375,1229.2042,2266.3545,1293.7606,2225.4875,1338.9553,2188.451,1370.8086,2156.5906
79,79,1316,754.1935,2165.754,780.3691,2139.9534,819.69293,2111.0645,876.67883,2078.1194,963.5677,2047.5325,1048.8342,2066.8577,1135.8158,2045.4194,1228.6871,2075.3025,1294.2974,2106.1936,1339.3661,2133.7683,1370.8024,2156.5703,1342.7034,2157.2493,1291.4559,2158.1274,1247.4464,2156.5073,1191.883,2155.1826,1126.8833,2157.5825,1053.26,2161.3918,984.7748,2158.4194,923.46027,2157.2952,870.5157,2161.711,829.95233,2164.2686,783.4966,2165.461,1342.7034,2157.2493,1293.0216,2156.9155,1249.0541,2156.245,1193.1095,2156.6785,1126.0457,2162.191,1053.0216,2166.0378,983.70325,2163.396,922.66125,2164.1726,869.4658,2165.162,830.0648,2165.8496,783.4966,2165.461,754.1935,2165.754,786.85834,2201.077,830.3164,2236.1123,893.74316,2276.2024,972.0165,2299.95,1058.1587,2305.2695,1149.1311,2295.1433,1229.1525,2266.3594,1293.7343,2225.4902,1338.9407,2188.4473,1370.8024,2156.5703
80,80,1333,754.0415,2165.715,780.2641,2139.929,819.623,2111.05,876.63666,2078.1094,963.55743,2047.5286,1048.8359,2066.858,1135.8223,2045.4215,1228.7125,2075.3042,1294.3279,2106.191,1339.4077,2133.756,1370.8528,2156.545,1342.7527,2157.2278,1291.4772,2158.1177,1247.4536,2156.5056,1191.885,2155.1848,1126.8846,2157.5872,1053.2566,2161.3967,984.75836,2158.4238,923.4267,2157.2957,870.4537,2161.7068,829.86194,2164.2556,783.3545,2165.4336,1342.7527,2157.2278,1293.047,2156.8982,1249.0688,2156.2346,1193.113,2156.6748,1126.0476,2162.1907,1053.017,2166.038,983.6791,2163.3958,922.6142,2164.1687,869.38885,2165.1506,829.96533,2165.8293,783.3545,2165.4336,754.0415,2165.715,786.7499,2201.0576,830.2359,2236.111,893.6863,2276.2122,971.9774,2299.957,1058.1389,2305.2766,1149.1235,2295.1533,1229.1538,2266.3628,1293.7422,2225.4917,1338.967,2188.4365,1370.8528,2156.545
81,81,1350,754.0606,2165.6506,780.2811,2139.9058,819.6337,2111.0505,876.6371,2078.1194,963.547,2047.5414,1048.8137,2066.87,1135.8048,2045.4524,1228.6855,2075.3752,1294.2834,2106.2659,1339.3613,2133.8093,1370.8234,2156.5752,1342.7333,2157.269,1291.4456,2158.1826,1247.4133,2156.5947,1191.8474,2155.2793,1126.8495,2157.662,1053.221,2161.4446,984.73413,2158.4482,923.4186,2157.3015,870.45483,2161.714,829.8695,2164.2527,783.36664,2165.398,1342.7333,2157.269,1293.0206,2156.9602,1249.0469,2156.3184,1193.0902,2156.7764,1126.0227,2162.292,1052.9923,2166.1177,983.66205,2163.4468,922.6101,2164.1882,869.39294,2165.1562,829.97485,2165.8276,783.36664,2165.398,754.0606,2165.6506,786.7676,2201.04,830.24915,2236.1165,893.69073,2276.2175,971.9556,2299.996,1058.0776,2305.3562,1149.0457,2295.2605,1229.0681,2266.464,1293.671,2225.5693,1338.911,2188.495,1370.8234,2156.5752
82,82,1366,753.8286,2165.6436,780.09436,2139.9094,819.4849,2111.059,876.51855,2078.1296,963.4703,2047.5524,1048.7462,2066.8884,1135.7661,2045.4728,1228.6661,2075.4321,1294.2673,2106.3389,1339.3552,2133.889,1370.8246,2156.6477,1342.7332,2157.3445,1291.4293,2158.2837,1247.3828,2156.702,1191.8062,2155.377,1126.7913,2157.7407,1053.1267,2161.5042,984.61615,2158.4854,923.28864,2157.3225,870.3055,2161.7212,829.6917,2164.2593,783.14026,2165.396,1342.7332,2157.3445,1293.0009,2157.0337,1249.0197,2156.3906,1193.0509,2156.847,1125.9657,2162.3572,1052.9044,2166.1672,983.5534,2163.479,922.4878,2164.2031,869.252,2165.1604,829.8159,2165.832,783.14026,2165.396,753.8286,2165.6436,786.5688,2201.0469,830.0689,2236.1428,893.5255,2276.301,971.8046,2300.1304,1057.9482,2305.526,1148.9696,2295.4521,1229.0233,2266.6404,1293.6492,2225.7112,1338.9032,2188.6006,1370.8246,2156.6477
83,83,1383,753.7713,2165.6487,780.0484,2139.925,819.438,2111.0889,876.463,2078.1638,963.42786,2047.5897,1048.7094,2066.9417,1135.7413,2045.5413,1228.6338,2075.5403,1294.2095,2106.467,1339.275,2134.019,1370.7361,2156.7742,1342.6516,2157.4739,1291.3401,2158.4253,1247.3054,2156.8586,1191.7458,2155.536,1126.7389,2157.8916,1053.0762,2161.6377,984.56323,2158.6052,923.2417,2157.4187,870.26135,2161.7893,829.6477,2164.2952,783.07697,2165.4082,1342.6516,2157.4739,1292.9083,2157.1794,1248.9474,2156.5593,1192.9888,2157.0354,1125.9072,2162.5444,1052.8451,2166.3298,983.493,2163.6155,922.4377,2164.3054,869.2084,2165.2227,829.77563,2165.8677,783.07697,2165.4082,753.7713,2165.6487,786.52716,2201.0813,830.0248,2236.2268,893.4695,2276.4692,971.7279,2300.3813,1057.8489,2305.8362,1148.8688,2295.7832,1228.9166,2266.9355,1293.55,2225.9282,1338.7993,2188.7703,1370.7361,2156.7742
84,84,1400,753.44604,2165.6528,779.8219,2139.9312,819.2784,2111.1248,876.33203,2078.258,963.3115,2047.8037,1048.6068,2067.2275,1135.6853,2045.8654,1228.5743,2075.8345,1294.14,2106.7036,1339.2157,2134.1917,1370.6934,2156.903,1342.6047,2157.6145,1291.2808,2158.5857,1247.2343,2157.0432,1191.6688,2155.7285,1126.6442,2158.0767,1052.9438,2161.8025,984.402,2158.7317,923.0603,2157.4983,870.04443,2161.8318,829.3909,2164.3083,782.75726,2165.4146,1342.6047,2157.6145,1292.8594,2157.3384,1248.9036,2156.755,1192.9341,2157.2563,1125.828,2162.7573,1052.722,2166.5112,983.3332,2163.7632,922.2433,2164.406,868.97314,2165.2715,829.5113,2165.8828,782.75726,2165.4146,753.44604,2165.6528,786.21497,2201.0957,829.7377,2236.3018,893.222,2276.6365,971.51117,2300.6143,1057.6381,2306.1125,1148.7129,2296.101,1228.808,2267.243,1293.4832,2226.1682,1338.7462,2188.9504,1370.6934,2156.903
85,85,1416,753.3481,2165.7273,779.70935,2140.0154,819.1512,2111.2156,876.1986,2078.351,963.21106,2047.9076,1048.5171,2067.3835,1135.6244,2046.0278,1228.5446,2076.0645,1294.1166,2106.9814,1339.1926,2134.4998,1370.6748,2157.2302,1342.5869,2157.9604,1291.2532,2158.9453,1247.1978,2157.4263,1191.6179,2156.1223,1126.5743,2158.4639,1052.8516,2162.1548,984.3045,2159.0498,922.9589,2157.7612,869.93695,2162.036,829.27686,2164.4575,782.64,2165.5166,1342.5869,2157.9604,1292.8342,2157.71,1248.8733,2157.1404,1192.8882,2157.6455,1125.7596,2163.1335,1052.6395,2166.8552,983.24274,2164.069,922.147,2164.6653,868.8681,2165.4766,829.40186,2166.0403,782.64,2165.5166,753.3481,2165.7273,786.1432,2201.2244,829.6762,2236.4836,893.1599,2276.8843,971.43726,2300.9204,1057.5461,2306.471,1148.6248,2296.502,1228.7314,2267.6475,1293.429,2226.5532,1338.7074,2189.317,1370.6748,2157.2302
86,86,1433,753.26215,2165.7334,779.63635,2140.03,819.0692,2111.2874,876.094,2078.4985,963.09735,2048.162,1048.4003,2067.7283,1135.5382,2046.3865,1228.4572,2076.4216,1294.011,2107.2905,1339.0643,2134.7302,1370.5394,2157.3933,1342.4752,2158.1533,1291.1544,2159.1855,1247.1055,2157.7407,1191.5248,2156.5037,1126.4714,2158.8857,1052.7288,2162.5662,984.1864,2159.3906,922.84955,2157.9917,869.8264,2162.1606,829.17255,2164.5034,782.53296,2165.5215,1342.4752,2158.1533,1292.75,2157.9526,1248.805,2157.4404,1192.8092,2157.9888,1125.6525,2163.487,1052.4987,2167.188,983.0954,2164.3406,922.0044,2164.8562,868.73315,2165.582,829.28375,2166.0845,782.53296,2165.5215,753.26215,2165.7334,786.06287,2201.2388,829.5823,2236.5525,893.0457,2277.059,971.2941,2301.1982,1057.375,2306.8196,1148.4668,2296.8872,1228.5878,2268.0044,1293.3016,2226.8235,1338.5698,2189.5295,1370.5394,2157.3933
87,87,1450,753.1437,2165.736,779.5635,2140.0388,819.01746,2111.3484,876.0552,2078.6326,963.0734,2048.3762,1048.3765,2068.0225,1135.5223,2046.7063,1228.4327,2076.7576,1293.9695,2107.5818,1339.0024,2134.9495,1370.4764,2157.5488,1342.4244,2158.3464,1291.1067,2159.4521,1247.0631,2158.1077,1191.4875,2156.9634,1126.4371,2159.384,1052.689,2163.033,984.13574,2159.7898,922.78564,2158.273,869.73517,2162.312,829.0533,2164.5566,782.3886,2165.5264,1342.4244,2158.3464,1292.7014,2158.2036,1248.7617,2157.7476,1192.758,2158.338,1125.5895,2163.846,1052.4165,2167.5261,982.99585,2164.6245,921.88983,2165.0645,868.6005,2165.7048,829.1436,2166.1367,782.3886,2165.5264,753.1437,2165.736,785.962,2201.2527,829.4835,2236.6277,892.94257,2277.241,971.18176,2301.483,1057.255,2307.1697,1148.3585,2297.2673,1228.4875,2268.3455,1293.212,2227.0886,1338.4838,2189.738,1370.4764,2157.5488
88,88,1466,752.9345,2165.7266,779.4832,2140.0464,818.9954,2111.391,876.0495,2078.7488,963.0734,2048.5842,1048.3776,2068.287,1135.5278,2047.0132,1228.4309,2077.061,1293.949,2107.8208,1338.957,2135.0981,1370.4202,2157.636,1342.3795,2158.4495,1291.0763,2159.5916,1247.0459,2158.308,1191.4778,2157.2185,1126.4312,2159.655,1052.6808,2163.2808,984.1213,2160.006,922.75336,2158.4182,869.6536,2162.3813,828.9044,2164.5715,782.1741,2165.531,1342.3795,2158.4495,1292.6805,2158.3245,1248.7511,2157.9,1192.7471,2158.5254,1125.5736,2164.0398,1052.3822,2167.7063,982.945,2164.7766,921.8077,2165.1704,868.4654,2165.7532,828.9621,2166.1494,782.1741,2165.531,752.9345,2165.7266,785.8172,2201.2603,829.38403,2236.6409,892.8793,2277.2915,971.1257,2301.57,1057.1812,2307.2852,1148.292,2297.3845,1228.4171,2268.4453,1293.1444,2227.17,1338.4132,2189.8267,1370.4202,2157.636
89,89,1483,752.88873,2165.7278,779.4502,2140.0515,818.97217,2111.4348,876.02844,2078.8643,963.0511,2048.8147,1048.3527,2068.5808,1135.5157,2047.3455,1228.422,2077.364,1293.9425,2108.053,1338.9547,2135.2517,1370.4192,2157.7346,1342.379,2158.5688,1291.0748,2159.7444,1247.0409,2158.5115,1191.4648,2157.4595,1126.4076,2159.9004,1052.6433,2163.4985,984.0889,2160.1892,922.7226,2158.5454,869.61383,2162.45,828.85864,2164.596,782.12036,2165.5361,1342.379,2158.5688,1292.6796,2158.4705,1248.7484,2158.0732,1192.7325,2158.716,1125.5383,2164.226,1052.3232,2167.8696,982.8852,2164.9167,921.7505,2165.2747,868.4063,2165.8145,828.9029,2166.1736,782.12036,2165.5361,752.88873,2165.7278,785.7776,2201.2656,829.3419,2236.664,892.8254,2277.3464,971.0491,2301.6519,1057.0796,2307.3909,1148.2039,2297.5142,1228.3544,2268.588,1293.1174,2227.301,1338.404,2189.9456,1370.4192,2157.7346
90,90,1500,752.8691,2165.6926,779.45,2140.0571,818.97784,2111.449,876.0493,2078.9312,963.089,2048.9592,1048.4012,2068.7705,1135.5935,2047.5648,1228.4915,2077.5708,1294.0009,2108.2168,1339.012,2135.363,1370.4834,2157.8003,1342.4479,2158.649,1291.1354,2159.8599,1247.0942,2158.6724,1191.5135,2157.657,1126.4492,2160.1062,1052.6713,2163.6836,984.10425,2160.3384,922.72864,2158.64,869.61365,2162.489,828.8515,2164.6028,782.10034,2165.5288,1342.4479,2158.649,1292.7456,2158.582,1248.8125,2158.2207,1192.7817,2158.8933,1125.5706,2164.4019,1052.3396,2168.017,982.8912,2165.027,921.7514,2165.3413,868.4041,2165.838,828.8944,2166.1807,782.10034,2165.5288,752.8691,2165.6926,785.7718,2201.27,829.34125,2236.6707,892.82587,2277.4001,971.05023,2301.7676,1057.0819,2307.5547,1148.2119,2297.7078,1228.3729,2268.7693,1293.1517,2227.4387,1338.45,2190.047,1370.4834,2157.8003
91,91,1516,752.6601,2165.4165,779.3623,2139.9673,818.95215,2111.4546,876.0481,2078.9646,963.0918,2049.121,1048.42,2069.015,1135.6589,2047.8314,1228.6056,2077.7666,1294.1964,2108.3105,1339.3284,2135.3887,1370.9844,2157.8076,1342.9014,2158.6553,1291.4517,2159.893,1247.32,2158.75,1191.6478,2157.782,1126.5127,2160.2542,1052.6802,2163.824,984.10156,2160.4172,922.7057,2158.6602,869.5476,2162.4978,828.7408,2164.569,781.91675,2165.3533,1342.9014,2158.6553,1293.0635,2158.5913,1249.0352,2158.2446,1192.9001,2158.9407,1125.6073,2164.4673,1052.3392,2168.0842,982.8744,2165.061,921.7044,2165.3477,868.3178,2165.8342,828.77313,2166.1191,781.91675,2165.3533,752.6601,2165.4165,785.6038,2201.17,829.21155,2236.676,892.7454,2277.427,971.01855,2301.8552,1057.0812,2307.68,1148.2494,2297.8403,1228.5162,2268.867,1293.4246,2227.484,1338.8341,2190.0547,1370.9844,2157.8076
92,92,1533,752.64325,2164.0916,779.43646,2139.3833,819.2266,2111.3684,876.5802,2078.9966,963.9518,2049.4456,1049.9,2069.4053,1137.7777,2048.112,1230.9869,2077.7717,1296.7611,2108.1292,1342.1406,2134.602,1374.3141,2156.154,1346.3269,2157.4048,1294.5387,2159.3054,1250.1986,2158.589,1194.1228,2157.7869,1128.488,2160.352,1054.0337,2164.01,984.8537,2160.554,923.05975,2158.6736,869.6507,2162.4504,828.7596,2164.2231,781.9046,2164.4302,1346.3269,2157.4048,1296.1249,2157.934,1251.818,2157.9329,1195.2013,2158.871,1127.3662,2164.4712,1053.4742,2168.0972,983.4648,2165.0676,921.9676,2165.3345,868.3916,2165.6738,828.7849,2165.6929,781.9046,2164.4302,752.64325,2164.0916,785.62115,2200.4146,829.31946,2236.396,893.06006,2277.4119,971.66736,2301.8655,1058.2471,2307.7085,1149.9874,2297.846,1230.774,2268.7964,1296.0996,2227.034,1341.7949,2189.031,1374.3141,2156.154
93,93,1550,752.40314,2159.8147,779.4602,2137.1099,819.52966,2110.7466,877.28375,2079.0093,964.97705,2049.9746,1051.526,2069.9895,1139.9696,2048.53,1233.0807,2077.7432,1298.9241,2106.9988,1344.5635,2131.3784,1377.5317,2150.4268,1349.6903,2152.8696,1297.5376,2156.8706,1252.9478,2157.6262,1196.5981,2157.6716,1130.5647,2160.382,1055.3917,2164.1606,985.474,2160.6357,923.2755,2158.6733,869.6713,2162.0332,828.7352,2162.7832,781.6983,2161.266,1349.6903,2152.8696,1299.0833,2155.2314,1254.582,2156.5198,1197.5956,2158.448,1129.2507,2164.4316,1054.5801,2168.1028,983.8828,2165.0686,922.0705,2165.1746,868.39246,2164.9187,828.749,2163.9968,781.6983,2161.266,752.40314,2159.8147,785.58594,2197.6208,829.32697,2234.9763,893.19116,2276.9502,972.11914,2301.7827,1059.2938,2307.6714,1151.6687,2297.667,1232.9424,2267.9897,1298.6006,2224.8845,1344.5961,2185.1067,1377.5317,2150.4268
94,94,1566,750.9153,2151.1619,779.2602,2131.7087,819.5819,2108.4377,877.8689,2078.7947,966.2724,2050.2068,1054.0764,2070.2478,1143.7272,2048.6353,1237.117,2077.0864,1303.4609,2103.6616,1349.6914,2124.7393,1383.9117,2140.3767,1356.2695,2144.4165,1303.6344,2151.4795,1258.575,2154.703,1201.4213,2156.7092,1134.3473,2160.271,1057.6584,2164.1667,986.2019,2160.612,923.3354,2158.2146,869.54175,2160.1619,828.072,2158.7544,780.2715,2154.289,1356.2695,2144.4165,1304.9921,2149.6057,1260.0435,2153.0408,1202.2235,2156.898,1132.7312,2163.9504,1056.5491,2167.964,984.44,2164.8142,922.09247,2164.2827,868.2097,2162.5823,828.1494,2159.766,780.2715,2154.289,750.9153,2151.1619,784.99835,2191.6135,829.222,2231.5378,893.2445,2275.4395,972.8093,2301.1973,1061.3385,2307.1812,1155.0256,2296.7695,1237.3666,2265.7236,1303.6718,2220.2622,1350.1758,2177.6997,1383.9117,2140.3767
95,95,1583,746.75616,2136.9055,778.0366,2122.1172,819.5358,2103.8447,878.19214,2078.176,967.3416,2050.5815,1056.684,2070.6501,1147.9354,2048.8936,1241.35,2076.1396,1308.0093,2098.7786,1354.9382,2115.3247,1390.6493,2126.663,1363.5983,2132.5854,1310.5815,2143.2263,1264.8376,2149.7712,1206.7916,2154.7803,1138.3971,2159.8882,1059.7025,2164.1077,986.4778,2160.3691,923.16327,2156.7659,868.21716,2155.8655,825.1866,2150.9065,776.0517,2142.3342,1363.5983,2132.5854,1311.5618,2141.5703,1266.1278,2147.8987,1207.319,2154.402,1136.433,2163.0076,1058.3513,2167.5537,984.65265,2164.0828,921.89325,2162.2378,866.86835,2157.9521,825.62866,2152.0613,776.0517,2142.3342,746.75616,2136.9055,782.8303,2180.7554,828.37256,2224.1162,893.16925,2271.0754,973.0911,2298.7598,1062.872,2305.157,1157.946,2294.034,1241.3861,2260.9514,1308.4237,2212.6274,1355.6951,2167.0042,1390.6493,2126.663
96,96,1600,738.8829,2118.1013,774.47424,2107.8752,818.8093,2095.138,878.23926,2075.4485,968.1018,2050.5825,1059.3771,2070.6458,1153.0369,2048.8804,1247.2188,2073.2502,1315.0956,2090.472,1363.7413,2101.9866,1401.796,2108.894,1375.1587,2116.7134,1321.3359,2130.8977,1274.0989,2140.9302,1214.3162,2149.6777,1143.5907,2157.451,1061.8606,2162.622,986.5412,2158.1382,922.1377,2151.9624,864.76215,2147.069,819.14026,2138.2122,768.20056,2125.6873,1375.1587,2116.7134,1321.5907,2129.7766,1274.9064,2139.2698,1214.2625,2148.8843,1141.1102,2159.7136,1060.2455,2165.2534,984.6946,2161.052,920.8869,2156.975,863.5187,2149.2559,820.2821,2139.8477,768.20056,2125.6873,738.8829,2118.1013,777.86957,2165.294,825.8087,2212.262,892.49414,2262.6147,973.17224,2292.6482,1064.463,2299.688,1161.7704,2287.6016,1247.1691,2252.1829,1315.754,2200.9565,1364.711,2152.2603,1401.796,2108.894
97,97,1616,734.33813,2103.0176,772.62805,2095.5327,818.6585,2086.523,878.66797,2071.7527,969.44574,2050.4038,1062.5592,2070.41,1157.9354,2048.6533,1252.0299,2069.5222,1320.3226,2082.2424,1369.7559,2090.0623,1409.0355,2093.986,1382.9592,2102.792,1329.3529,2118.881,1281.4673,2131.103,1220.7786,2142.608,1148.563,2152.8567,1064.3994,2159.1306,986.80707,2153.8442,921.57275,2145.2637,862.4952,2137.4106,815.1543,2126.2214,763.4283,2111.701,1382.9592,2102.792,1329.1455,2118.5452,1282.1675,2130.1487,1220.5457,2142.0193,1145.9187,2154.6458,1062.7865,2161.1074,985.0376,2156.3633,920.4575,2150.4854,861.4632,2140.3054,816.9693,2128.6355,763.4283,2111.701,734.33813,2103.0176,775.2447,2151.8423,824.7363,2200.1848,892.4185,2251.86,973.7075,2282.9602,1066.433,2290.3093,1165.0637,2277.4133,1251.3649,2240.7354,1320.704,2188.463,1370.6432,2138.7449,1409.0355,2093.986
98,98,1633,729.1291,2089.6497,770.02,2083.647,818.23816,2076.9119,878.925,2065.9436,970.4913,2049.0962,1065.2911,2068.9417,1162.173,2047.3286,1256.3721,2064.0547,1325.1685,2073.424,1375.5721,2079.06,1416.1564,2081.512,1390.2898,2090.7007,1336.5034,2107.3726,1287.7986,2120.4778,1226.2072,2133.473,1152.6686,2145.427,1066.4922,2152.6084,986.9201,2146.508,920.54193,2136.0298,859.5103,2126.375,810.51,2114.1035,758.1614,2098.7954,1390.2898,2090.7007,1335.8936,2107.8948,1288.3198,2120.463,1225.7017,2133.4363,1149.8842,2147.1445,1064.9861,2154.261,985.2902,2149.051,919.7534,2141.85,858.91986,2130.1743,813.1136,2117.3345,758.1614,2098.7954,729.1291,2089.6497,771.8737,2139.37,823.1332,2188.3694,892.19836,2240.373,974.0936,2271.6135,1068.0693,2279.1113,1167.7561,2265.8652,1254.9032,2229.0664,1325.2538,2176.8928,1376.4691,2126.9373,1416.1564,2081.512
99,99,1650,723.69183,2077.6973,766.843,2073.4001,817.40625,2068.6235,879.0072,2060.372,971.1413,2047.2393,1067.1346,2066.9768,1165.0303,2045.7181,1259.294,2059.5525,1328.5037,2067.044,1379.6516,2071.3833,1421.1559,2072.6982,1395.578,2082.1206,1341.7007,2099.0457,1292.2626,2112.4092,1229.9556,2125.8525,1155.4656,2138.4297,1067.8708,2145.9395,986.9198,2139.1135,918.79346,2127.4053,855.78656,2116.6265,805.27545,2103.5212,752.54755,2087.4,1395.578,2082.1206,1340.6539,2100.5093,1292.6095,2113.7517,1229.2756,2127.2966,1152.623,2141.4102,1066.5142,2148.635,985.35077,2142.8271,918.52405,2134.4592,855.77484,2121.5054,808.75055,2107.594,752.54755,2087.4,723.69183,2077.6973,768.2461,2128.1052,821.15466,2177.5117,891.67676,2229.9395,974.2208,2261.7053,1069.0692,2269.6868,1169.3778,2256.7253,1257.0836,2220.3323,1328.1333,2168.54,1380.3097,2118.584,1421.1559,2072.6982
100,100,1666,720.3129,2068.477,764.6964,2065.1462,816.89197,2061.444,879.25543,2054.7017,972.3565,2044.238,1069.9355,2063.9246,1169.0355,2043.196,1263.6455,2055.1018,1333.3064,2061.7559,1385.1536,2065.6523,1427.3524,2066.5562,1401.7463,2076.0544,1347.4095,2093.0537,1297.3002,2106.34,1234.4371,2119.6619,1159.0936,2132.204,1070.0963,2139.643,987.08307,2132.2573,917.9377,2119.9082,853.7048,2108.6506,802.3207,2095.1245,749.2553,2078.4924,1401.7463,2076.0544,1345.9718,2094.8984,1297.4143,2108.376,1233.4221,2122.0994,1156.01,2136.311,1068.731,2143.4543,985.68634,2137.2114,917.98047,2128.119,854.0531,2114.4155,806.2726,2099.7783,749.2553,2078.4924,720.3129,2068.477,765.9748,2119.5474,820.0188,2169.5051,891.51117,2222.2434,974.677,2254.2588,1070.7659,2262.5735,1171.8911,2249.8835,1260.2723,2213.923,1332.136,2162.5269,1385.3413,2112.6318,1427.3524,2066.5562
101,101,1683,718.0291,2061.4712,763.0314,2059.0435,816.4022,2056.235,879.45734,2050.5354,973.1082,2041.8611,1071.3842,2061.3503,1170.8988,2041.1005,1265.5146,2051.5981,1335.4424,2057.3652,1387.7444,2060.3682,1430.3356,2060.2668,1404.8202,2069.997,1350.5328,2087.3047,1299.9662,2100.7197,1236.8307,2114.011,1161.0574,2126.484,1071.3254,2133.9067,987.1178,2126.28,916.88605,2113.7532,851.83014,2102.3633,799.97015,2088.675,747.02594,2071.7124,1404.8202,2069.997,1348.7555,2089.9246,1300.0367,2104.0752,1235.827,2118.261,1158.0972,2132.6565,1070.2179,2139.7458,985.90735,2133.2205,917.39575,2123.6057,852.6434,2109.2473,804.45807,2093.9407,747.02594,2071.7124,718.0291,2061.4712,764.4443,2112.7998,819.20496,2162.8008,891.3721,2215.44,975.0449,2247.5134,1071.885,2256.0645,1173.2664,2243.6018,1261.8652,2208.015,1334.0505,2156.9368,1387.7759,2106.887,1430.3356,2060.2668
102,102,1700,715.7754,2056.2302,761.0924,2054.2632,815.4864,2051.8447,879.4627,2046.6367,973.3483,2039.0469,1072.0757,2058.327,1172.008,2038.4404,1267.0371,2047.9387,1337.4396,2053.1475,1390.2899,2055.6436,1433.2789,2055.0168,1407.764,2064.8447,1353.2727,2082.3413,1302.2516,2095.8232,1238.6724,2109.0647,1162.3408,2121.502,1072.0115,2128.954,987.1111,2121.2332,915.5183,2108.7012,849.8183,2097.3684,797.6757,2083.667,744.8158,2066.5325,1407.764,2064.8447,1351.1868,2085.186,1302.1029,2099.6504,1237.5076,2114.1074,1159.3992,2128.6226,1071.103,2135.6987,985.9781,2129.0002,916.57983,2119.1465,851.10333,2104.5298,802.593,2089.0176,744.8158,2066.5325,715.7754,2056.2302,762.8644,2107.5356,818.271,2157.4553,891.1329,2209.957,975.2517,2242.043,1072.6155,2250.701,1174.1991,2238.403,1263.072,2202.9778,1335.7173,2152.0059,1390.0605,2101.8403,1433.2789,2055.0168
103,103,1716,712.3985,2053.38,758.01416,2051.4727,813.41846,2049.0156,879.1221,2043.7014,973.2986,2036.3374,1072.1431,2055.482,1172.4031,2035.7307,1268.0837,2044.8406,1338.9958,2049.8318,1392.3541,2051.9868,1435.753,2050.9104,1410.2517,2060.9858,1355.3389,2078.9712,1303.9324,2092.832,1239.8379,2106.2693,1162.9238,2118.8372,1072.163,2126.3923,986.9008,2118.767,913.4791,2106.2834,847.01715,2094.8967,794.46606,2081.027,741.41846,2063.7004,1410.2517,2060.9858,1353.1215,2081.4534,1303.5674,2095.9773,1238.5146,2110.5142,1159.9921,2125.1511,1071.3998,2132.3574,985.966,2125.718,915.1935,2115.928,848.7869,2101.4338,799.7218,2086.0325,741.41846,2063.7004,712.3985,2053.38,760.41077,2104.5938,816.71606,2154.3694,890.5405,2206.7432,975.277,2238.754,1072.9019,2247.303,1174.635,2234.8801,1263.7214,2199.245,1336.7534,2148.113,1391.7174,2097.846,1435.753,2050.9104
104,104,1733,710.6668,2050.6309,756.0853,2048.8628,811.9256,2046.5135,878.85944,2041.2765,973.2493,2034.153,1072.1394,2053.236,1172.5598,2033.6714,1268.4491,2042.5865,1339.5364,2047.4712,1393.0919,2049.484,1436.574,2048.2449,1411.0045,2058.3457,1356.0493,2076.3467,1304.513,2090.116,1240.3131,2103.404,1163.1802,2115.8613,1072.2347,2123.3816,986.6701,2115.7114,911.92163,2103.2405,845.1934,2091.902,792.59973,2078.1282,739.7229,2060.881,1411.0045,2058.3457,1353.7046,2078.836,1304.0432,2093.3992,1238.9208,2107.9995,1160.2915,2122.713,1071.5938,2129.9521,985.943,2123.2908,914.0628,2113.4233,847.2206,2098.8198,798.0244,2083.2937,739.7229,2060.881,710.6668,2050.6309,758.86096,2101.7666,815.5272,2151.5125,889.9607,2203.8625,975.2857,2235.8828,1073.1046,2244.4326,1174.917,2232.0068,1264.0873,2196.3691,1337.1906,2145.2573,1392.3173,2095.0735,1436.574,2048.2449
105,105,1750,709.14435,2049.8025,754.4975,2048.123,810.64124,2045.7241,878.58435,2040.2856,973.21497,2032.9954,1072.3179,2052.017,1172.9757,2032.5254,1269.0428,2041.4559,1340.248,2046.4272,1393.919,2048.4136,1437.3867,2047.0516,1411.7876,2057.0903,1356.8887,2075.0051,1305.3562,2088.6108,1241.0431,2101.6995,1163.6482,2114.0505,1072.4056,2121.5928,986.4852,2113.9734,910.67,2101.6538,843.7238,2090.5732,791.07355,2077.0496,738.24866,2059.9844,1411.7876,2057.0903,1354.3456,2077.4827,1304.6371,2091.9873,1239.44,2106.6204,1160.6968,2121.4062,1071.8696,2128.7197,985.9369,2122.1606,913.20856,2112.367,845.9914,2097.8271,796.6355,2082.3452,738.24866,2059.9844,709.14435,2049.8025,757.6906,2100.7734,814.73596,2150.2676,889.6515,2202.3171,975.35736,2234.0356,1073.3884,2242.3574,1175.1573,2229.877,1264.2579,2194.2668,1337.3951,2143.3887,1392.7438,2093.5732,1437.3867,2047.0516
106,106,1766,707.63434,2048.9954,752.9511,2047.4476,809.2774,2045.1204,878.1121,2039.5676,973.182,2032.1532,1072.3505,2051.3276,1173.279,2031.8406,1269.6234,2041.0618,1340.8702,2046.3993,1394.4775,2048.6038,1437.8054,2047.3562,1412.2222,2057.3726,1357.3047,2075.2644,1305.8687,2088.8784,1241.4708,2101.9204,1163.872,2114.2034,1072.4335,2121.6565,986.2244,2113.979,909.47565,2101.5378,842.2727,2090.2783,789.5618,2076.5513,736.6619,2059.2822,1412.2222,2057.3726,1354.7152,2077.3123,1304.9644,2091.4905,1239.702,2105.8828,1160.8539,2120.6047,1071.9432,2127.9275,985.8933,2121.33,912.29065,2111.502,844.71277,2096.9976,795.1579,2081.572,736.6619,2059.2822,707.63434,2048.9954,756.4711,2099.9631,813.8549,2149.5078,889.2117,2201.713,975.3656,2233.5288,1073.4662,2241.8364,1175.2174,2229.347,1264.2892,2193.6091,1337.4102,2142.8286,1392.8691,2093.4597,1437.8054,2047.3562
107,107,1783,706.18207,2048.1606,751.57916,2046.9973,808.0063,2044.9507,877.58246,2039.3818,973.1497,2031.7697,1072.4814,2051.0273,1173.7509,2031.5186,1270.4131,2040.9658,1341.684,2046.4263,1395.2366,2048.4631,1438.5493,2046.8926,1412.9829,2057.1343,1358.0034,2075.3984,1306.6189,2089.3025,1242.1357,2102.4944,1164.2833,2114.805,1072.5466,2122.2148,985.98584,2114.5327,908.4208,2101.9978,841.0218,2090.4897,788.24,2076.4133,735.19946,2058.7102,1412.9829,2057.1343,1355.2626,2077.3325,1305.4814,2091.5981,1240.1531,2106.0403,1161.1875,2120.7598,1072.1322,2128.0764,985.87244,2121.4707,911.55884,2111.5974,843.6906,2096.9756,793.95966,2081.3691,735.19946,2058.7102,706.18207,2048.1606,755.4352,2099.4827,813.1184,2149.3586,888.8374,2201.979,975.3852,2234.1362,1073.6395,2242.503,1175.4277,2229.9976,1264.5175,2193.9922,1337.6693,2142.8833,1393.2567,2093.2812,1438.5493,2046.8926
108,108,1800,704.46497,2048.0083,749.72797,2046.7932,806.1195,2044.7513,876.3331,2039.1918,972.74927,2031.508,1072.2386,2050.8628,1173.452,2031.3524,1270.58,2041.019,1342.3212,2046.5724,1396.448,2048.6125,1440.3612,2047.0505,1414.6677,2057.2605,1359.1877,2075.5042,1307.2988,2089.407,1242.3458,2102.6003,1164.1421,2114.9097,1072.4004,2122.286,985.27045,2114.5288,906.82666,2101.8774,839.3231,2090.289,786.54047,2076.1858,733.51447,2058.5073,1414.6677,2057.2605,1356.3787,2077.4927,1306.17,2091.7053,1240.3844,2106.0845,1161.1226,2120.7366,1072.0327,2128.0273,985.63544,2121.4177,910.39374,2111.5354,842.2696,2096.8992,792.4247,2081.2532,733.51447,2058.5073,704.46497,2048.0083,753.9892,2099.3977,811.9582,2149.3608,888.09393,2202.063,975.3445,2234.246,1073.611,2242.614,1175.4614,2230.1948,1264.791,2194.2776,1338.3824,2143.2068,1394.5046,2093.554,1440.3612,2047.0505
109,109,1816,703.7497,2048.739,748.7898,2047.426,804.98694,2045.2288,875.5118,2039.4633,972.51154,2031.524,1072.0786,2050.9453,1173.4211,2031.4231,1271.0063,2041.4253,1343.0964,2047.2523,1397.584,2049.4888,1441.8363,2048.0637,1416.0038,2058.246,1360.1826,2076.4236,1308.0222,2090.2288,1242.7556,2103.315,1164.229,2115.5244,1072.3187,2122.8328,984.8802,2115.0745,905.9593,2102.4485,838.51105,2090.909,785.879,2076.855,732.8714,2059.214,1416.0038,2058.246,1357.4044,2078.1807,1306.9009,2092.199,1240.7904,2106.3916,1161.2432,2120.916,1072.0103,2128.159,985.5151,2121.5588,909.7135,2111.7334,841.55994,2097.2083,791.7449,2081.6946,732.8714,2059.214,703.7497,2048.739,753.2789,2099.924,811.2986,2149.7944,887.63727,2202.487,975.335,2234.6775,1073.6448,2243.0474,1175.6469,2230.6902,1265.2483,2194.8376,1339.2042,2143.8682,1395.668,2094.3735,1441.8363,2048.0637
110,110,1833,703.40857,2049.6,748.2978,2048.2898,804.3421,2046.007,875.0587,2040.0359,972.42413,2031.7568,1072.0153,2051.194,1173.5956,2031.6279,1271.5538,2041.948,1343.9341,2047.9573,1398.7115,2050.2588,1443.1993,2048.8347,1417.4001,2059.017,1361.3282,2077.2058,1308.9167,2091.0222,1243.3602,2104.099,1164.4994,2116.2617,1072.3197,2123.5276,984.67194,2115.8147,905.46387,2103.263,838.06665,2091.7646,785.51263,2077.7058,732.4793,2060.052,1417.4001,2059.017,1358.6191,2078.85,1307.8342,2092.7212,1241.3937,2106.736,1161.5383,2121.1262,1072.0844,2128.3228,985.4698,2121.7651,909.2977,2112.069,841.1498,2097.7288,791.335,2082.381,732.4793,2060.052,703.40857,2049.6,752.93713,2100.5168,810.96045,2150.147,887.403,2202.624,975.34,2234.6833,1073.7512,2243.015,1175.9026,2230.7317,1265.7383,2195.0674,1340.0333,2144.318,1396.8032,2094.9937,1443.1993,2048.8347
111,111,1850,703.0027,2050.2725,747.8335,2049.135,803.7593,2046.8965,874.6197,2040.7235,972.2942,2031.9463,1071.9432,2051.38,1173.7006,2031.717,1271.8579,2042.5486,1344.379,2048.851,1399.3087,2051.1812,1443.9758,2049.6274,1418.2186,2059.8616,1361.9822,2078.1387,1309.4294,2091.993,1243.7137,2105.0369,1164.6401,2117.1072,1072.2885,2124.3162,984.40466,2116.662,904.93665,2104.1882,837.56226,2092.6897,785.0497,2078.5632,732.0007,2060.7913,1418.2186,2059.8616,1359.3394,2079.6653,1308.3798,2093.4592,1241.7605,2107.352,1161.713,2121.6445,1072.1144,2128.8044,985.39545,2122.2808,908.8629,2112.684,840.70636,2098.4543,790.86237,2083.152,732.0007,2060.7913,703.0027,2050.2725,752.48724,2101.1978,810.501,2150.8638,887.0548,2203.3535,975.33417,2235.3958,1073.8063,2243.7104,1176.0837,2231.4475,1266.1035,2195.8113,1340.6078,2145.0696,1397.5115,2095.7583,1443.9758,2049.6274
112,112,1866,702.23987,2051.1494,747.04034,2050.097,802.8708,2047.8124,873.82336,2041.3083,971.8834,2032.1157,1071.8302,2051.5796,1173.5784,2032.0192,1271.8173,2042.9856,1344.3214,2049.691,1399.1853,2052.1057,1443.76,2050.4944,1418.0553,2060.745,1361.8962,2079.0364,1309.408,2092.8762,1243.6803,2105.8467,1164.5469,2117.8032,1072.2164,2124.9524,983.9159,2117.39,904.09296,2105.037,836.66437,2093.598,784.1335,2079.4736,731.13696,2061.6858,1418.0553,2060.745,1359.279,2080.5364,1308.3344,2094.2756,1241.7185,2108.0725,1161.6487,2122.2676,1072.063,2129.3833,985.1982,2122.9146,908.20984,2113.4326,839.95825,2099.302,790.0238,2084.0574,731.13696,2061.6858,702.23987,2051.1494,751.83704,2102.0728,809.9216,2151.7268,886.6019,2204.2651,975.2896,2236.3333,1073.7903,2244.639,1176.0569,2232.3843,1266.0798,2196.7417,1340.5695,2145.954,1397.3959,2096.633,1443.76,2050.4944
113,113,1883,701.38477,2051.9292,746.25024,2050.9014,802.0439,2048.5703,873.10144,2041.8102,971.50494,2032.241,1071.7323,2051.7312,1173.3777,2032.237,1271.5566,2043.3827,1343.9146,2050.356,1398.5419,2052.7993,1442.8301,2051.1206,1417.143,2061.4312,1361.1482,2079.805,1308.8757,2093.674,1243.3202,2106.5737,1164.3285,2118.3823,1072.1643,2125.454,983.39966,2118.008,903.37555,2105.84,835.92053,2094.503,783.3371,2080.3757,730.24036,2062.532,1417.143,2061.4312,1358.6019,2081.2258,1307.8217,2094.9485,1241.3752,2108.688,1161.4395,2122.809,1071.9965,2129.8904,984.90015,2123.4788,907.5375,2114.116,839.2188,2100.093,789.21063,2084.887,730.24036,2062.532,701.38477,2051.9292,751.0381,2102.9202,809.1714,2152.6438,885.96094,2205.2341,975.1315,2237.301,1073.752,2245.568,1175.9313,2233.2927,1265.8605,2197.5806,1340.186,2146.675,1396.7605,2097.2876,1442.8301,2051.1206
114,114,1900,700.3124,2052.2656,745.3376,2051.3564,801.17017,2049.094,872.3373,2042.2229,971.0683,2032.335,1071.6625,2051.8599,1173.1782,2032.3611,1271.3005,2043.7377,1343.5483,2050.7239,1397.9958,2052.966,1442.0837,2051.032,1416.4269,2061.4646,1360.5651,2080.0522,1308.4509,2094.1094,1242.992,2107.1023,1164.1145,2118.868,1072.1482,2125.879,982.80286,2118.5154,902.5685,2106.4487,834.99414,2095.105,782.2736,2080.891,729.0817,2062.9473,1416.4269,2061.4646,1358.0436,2081.4211,1307.3749,2095.238,1241.0436,2109.0535,1161.2307,2123.1968,1071.9547,2130.2837,984.52484,2123.9128,906.77637,2114.6082,838.2993,2100.6108,788.1636,2085.3838,729.0817,2062.9473,700.3124,2052.2656,750.1077,2103.3853,808.3521,2153.2168,885.2811,2205.894,974.9275,2237.9805,1073.7294,2246.197,1175.8075,2233.8682,1265.6284,2198.0195,1339.8044,2146.9167,1396.1886,2097.3623,1442.0837,2051.032
115,115,1916,700.0185,2052.8867,744.9729,2051.8936,800.6649,2049.563,871.76526,2042.542,970.62103,2032.4257,1071.6085,2051.9617,1172.9895,2032.4252,1271.0151,2044.0187,1343.1473,2050.9458,1397.4261,2053.0298,1441.3124,2050.9717,1415.657,2061.4707,1359.9045,2080.21,1307.9374,2094.417,1242.6171,2107.5027,1163.9156,2119.246,1072.0565,2126.2036,982.2908,2118.8982,902.04736,2106.9373,834.55225,2095.6562,781.9167,2081.464,728.7465,2063.5503,1415.657,2061.4707,1357.4236,2081.5261,1306.8805,2095.4282,1240.7012,2109.328,1161.0492,2123.5037,1071.9156,2130.597,984.17957,2124.261,906.2611,2115.0151,837.84326,2101.0745,787.77496,2085.8982,728.7465,2063.5503,700.0185,2052.8867,749.7407,2103.9563,807.8967,2153.7563,884.7965,2206.4387,974.7321,2238.5222,1073.6919,2246.6934,1175.719,2234.318,1265.429,2198.3489,1339.4576,2147.0803,1395.642,2097.4023,1441.3124,2050.9717
116,116,1933,699.8413,2053.3862,744.66327,2052.3196,800.1452,2049.939,871.05963,2042.8322,970.01013,2032.473,1071.4409,2052.0083,1172.8265,2032.5142,1270.7686,2044.2423,1342.8113,2051.0066,1396.9482,2052.8975,1440.6674,2050.7104,1415.0258,2061.3105,1359.3783,2080.2603,1307.5486,2094.673,1242.3125,2107.867,1163.7363,2119.5361,1071.9246,2126.3772,981.79333,2119.1375,901.5748,2107.36,834.18384,2096.1846,781.66956,2082.001,728.5088,2064.0684,1415.0258,2061.3105,1356.9048,2081.4983,1306.456,2095.5283,1240.3964,2109.5598,1160.8925,2123.7883,1071.8135,2130.879,983.789,2124.5757,905.7453,2115.4001,837.41785,2101.5085,787.4336,2086.3572,728.5088,2064.0684,699.8413,2053.3862,749.48584,2104.4644,807.5317,2154.2917,884.3638,2207.0115,974.5331,2239.0852,1073.6329,2247.2202,1175.6447,2234.7961,1265.2527,2198.654,1339.1533,2147.126,1395.1665,2097.2766,1440.6674,2050.7104
117,117,1950,699.85406,2053.612,744.5316,2052.5034,799.8586,2050.1355,870.6805,2043.0677,969.70197,2032.5929,1071.4082,2052.1143,1172.6764,2032.6238,1270.6047,2044.4124,1342.6084,2051.0037,1396.667,2052.7417,1440.3071,2050.4636,1414.6726,2061.128,1359.0703,2080.2256,1307.3154,2094.811,1242.1174,2108.1418,1163.5917,2119.8188,1071.8859,2126.6086,981.5367,2119.4197,901.3771,2107.7146,834.08374,2096.5283,781.6632,2082.2966,728.5192,2064.3323,1414.6726,2061.128,1356.6014,2081.387,1306.1904,2095.5127,1240.1813,2109.6592,1160.7465,2123.9739,1071.7848,2131.1057,983.5726,2124.8276,905.47314,2115.6792,837.24274,2101.795,787.3371,2086.6255,728.5192,2064.3323,699.85406,2053.612,749.3261,2104.745,807.2427,2154.6614,884.019,2207.4475,974.3906,2239.5205,1073.6166,2247.6194,1175.5544,2235.1382,1265.111,2198.8325,1338.9363,2147.0889,1394.8663,2097.1,1440.3071,2050.4636
118,118,1966,699.829,2054.0,744.3374,2052.7993,799.47656,2050.367,870.1964,2043.2611,969.2469,2032.6512,1071.241,2052.1716,1172.5681,2032.7021,1270.4453,2044.5554,1342.4125,2051.0188,1396.4167,2052.6619,1440.0217,2050.3281,1414.4048,2061.0662,1358.7966,2080.2993,1307.0769,2095.0063,1241.919,2108.384,1163.4723,2119.9478,1071.7522,2126.6643,981.19086,2119.4817,901.0909,2107.9521,833.9036,2096.8826,781.5888,2082.6877,728.4764,2064.733,1414.4048,2061.0662,1356.3425,2081.4368,1305.943,2095.6362,1239.9851,2109.8362,1160.6421,2124.1653,1071.669,2131.2852,983.2694,2125.025,905.1535,2115.9353,837.0478,2102.119,787.2127,2086.9924,728.4764,2064.733,699.829,2054.0,749.1521,2105.1326,806.9219,2155.068,883.5987,2207.8525,974.1385,2239.8894,1073.52,2247.9705,1175.4921,2235.481,1264.9857,2199.1042,1338.7521,2147.2114,1394.6248,2097.0742,1440.0217,2050.3281
119,119,1983,699.6107,2054.2725,744.0084,2053.005,799.01984,2050.5356,869.67413,2043.4353,968.7539,2032.7385,1071.0,2052.24,1172.503,2032.7762,1270.302,2044.6914,1342.2108,2051.1,1396.1421,2052.76,1439.6731,2050.495,1414.0461,2061.2363,1358.4578,2080.495,1306.7986,2095.2234,1241.7241,2108.5994,1163.4138,2120.0867,1071.4988,2126.7297,980.7604,2119.6104,900.7372,2108.1956,833.6541,2097.1775,781.41003,2082.982,728.2958,2065.008,1414.0461,2061.2363,1356.0326,2081.6155,1305.6896,2095.8298,1239.8175,2110.0327,1160.5933,2124.3335,1071.4664,2131.4229,982.89374,2125.188,904.7741,2116.1638,836.78906,2102.3896,787.01654,2087.2688,728.2958,2065.008,699.6107,2054.2725,748.76276,2105.474,806.3546,2155.4714,882.9114,2208.213,973.6836,2240.1147,1073.3064,2248.1682,1175.4675,2235.751,1264.874,2199.4658,1338.575,2147.5444,1394.3696,2097.3196,1439.6731,2050.495
120,120,2000,699.4699,2054.562,743.7289,2053.1433,798.6034,2050.5823,869.2007,2043.5049,968.34546,2032.8845,1070.7708,2052.4019,1172.4735,2032.863,1270.1917,2044.6642,1342.058,2051.0117,1395.9443,2052.7744,1439.4086,2050.7014,1413.7614,2061.411,1358.217,2080.6428,1306.6056,2095.3872,1241.6066,2108.785,1163.3632,2120.2354,1071.2501,2126.8335,980.42554,2119.7415,900.49786,2108.4058,833.4922,2097.4219,781.3128,2083.2288,728.1851,2065.2776,1413.7614,2061.411,1355.8397,2081.7412,1305.5643,2095.955,1239.7792,2110.1758,1160.4655,2124.4849,1071.1669,2131.5698,982.4986,2125.3494,904.4154,2116.3586,836.54895,2102.6082,786.84644,2087.5022,728.1851,2065.2776,699.4699,2054.562,748.422,2105.8015,805.8339,2155.826,882.2691,2208.4797,973.21625,2240.2031,1073.0248,2248.2402,1175.3713,2235.9258,1264.8331,2199.7683,1338.4835,2147.835,1394.2156,2097.5479,1439.4086,2050.7014
121,121,2016,699.23254,2054.7273,743.41235,2053.1914,798.2061,2050.5632,868.75104,2043.5222,967.8935,2032.9918,1070.3954,2052.5312,1172.2972,2032.934,1270.109,2044.6703,1342.0077,2050.999,1395.9167,2052.855,1439.3287,2050.927,1413.6527,2061.5999,1358.1478,2080.791,1306.5742,2095.5278,1241.5149,2108.935,1163.1544,2120.371,1070.8682,2126.951,980.035,2119.8884,900.21075,2108.5916,833.26184,2097.5977,781.1141,2083.3833,727.9695,2065.4387,1413.6527,2061.5999,1355.8082,2081.8564,1305.4714,2096.0566,1239.6023,2110.2893,1160.1757,2124.608,1070.7084,2131.695,981.9955,2125.4875,903.9606,2116.5142,836.1949,2102.7612,786.559,2087.6438,727.9695,2065.4387,699.23254,2054.7273,747.9702,2106.0134,805.17456,2156.092,881.47504,2208.7073,972.5909,2240.29,1072.5868,2248.3062,1175.1605,2236.0652,1264.7408,2200.009,1338.408,2148.0605,1394.1602,2097.748,1439.3287,2050.927
122,122,2033,699.20667,2054.9373,743.27936,2053.2776,797.9578,2050.5598,868.4218,2043.5146,967.6038,2033.0454,1070.2423,2052.6006,1172.2574,2032.8555,1270.0037,2044.3597,1341.8651,2050.5435,1395.7335,2052.3848,1439.0986,2050.5024,1413.4008,2061.2263,1357.9219,2080.5518,1306.3826,2095.453,1241.388,2109.035,1163.1234,2120.5452,1070.7299,2127.0889,979.8427,2120.0117,900.08105,2108.751,833.17786,2097.7686,781.092,2083.5532,727.9414,2065.6316,1413.4008,2061.2263,1355.6277,2081.565,1305.356,2095.8516,1239.5731,2110.2312,1160.0598,2124.6743,1070.4906,2131.8176,981.7352,2125.6208,903.7419,2116.649,836.0615,2102.8938,786.48584,2087.7898,727.9414,2065.6316,699.20667,2054.9373,747.8597,2106.2222,804.95215,2156.3235,881.1573,2208.927,972.3413,2240.4238,1072.422,2248.459,1175.0859,2236.2844,1264.7186,2200.1672,1338.3533,2147.978,1394.0369,2097.459,1439.0986,2050.5024
123,123,2050,698.9069,2055.1794,742.8997,2053.4026,797.5222,2050.5962,867.9578,2043.5374,967.1747,2033.1221,1069.932,2052.6963,1172.1272,2032.8861,1269.9753,2044.3066,1341.811,2050.482,1395.6451,2052.423,1438.9712,2050.6868,1413.2682,2061.3713,1357.8347,2080.6453,1306.3341,2095.5374,1241.3148,2109.149,1162.9413,2120.6597,1070.416,2127.1675,979.5018,2120.1074,899.8037,2108.8865,832.92505,2097.9167,780.86346,2083.719,727.6905,2065.8425,1413.2682,2061.3713,1355.5884,2081.6445,1305.2681,2095.9136,1239.4033,2110.3057,1159.8041,2124.7673,1070.1365,2131.917,981.3395,2125.7305,903.3765,2116.7686,835.7585,2103.0227,786.20795,2087.9417,727.6905,2065.8425,698.9069,2055.1794,747.40924,2106.4514,804.3747,2156.5278,880.5095,2208.9995,971.8418,2240.6353,1072.0967,2248.6924,1174.9279,2236.3882,1264.6688,2200.3152,1338.3195,2148.1743,1393.9655,2097.6372,1438.9712,2050.6868
124,124,2066,698.7785,2055.4265,742.70245,2053.556,797.286,2050.6714,867.7035,2043.5826,966.942,2033.1896,1069.771,2052.7732,1172.1023,2032.8994,1269.9086,2044.237,1341.7152,2050.4036,1395.5247,2052.4182,1438.8285,2050.7866,1413.1213,2061.451,1357.7073,2080.7024,1306.2263,2095.6018,1241.2542,2109.2424,1162.8838,2120.7385,1070.258,2127.2104,979.3354,2120.1592,899.69006,2108.947,832.83307,2098.0251,780.78735,2083.871,727.59393,2066.052,1413.1213,2061.451,1355.4926,2081.6873,1305.2185,2095.9585,1239.3524,2110.3713,1159.6826,2124.8428,1069.9275,2131.979,981.1063,2125.7935,903.1691,2116.8518,835.6012,2103.134,786.0734,2088.088,727.59393,2066.052,698.7785,2055.4265,747.1519,2106.6501,804.0172,2156.6262,880.10913,2209.209,971.5486,2241.095,1071.9178,2249.128,1174.8844,2236.6147,1264.6135,2200.4194,1338.2388,2148.3274,1393.8619,2097.7542,1438.8285,2050.7866
125,125,2083,698.67194,2055.65,742.51697,2053.7065,797.07104,2050.7449,867.4927,2043.6106,966.79425,2033.218,1069.6897,2052.8066,1172.0494,2032.8306,1269.8151,2044.117,1341.5999,2050.3137,1395.3822,2052.4407,1438.6696,2050.9316,1412.9681,2061.57,1357.5782,2080.7898,1306.1088,2095.676,1241.1633,2109.3281,1162.8456,2120.8162,1070.1919,2127.2485,979.25195,2120.2258,899.6419,2108.9749,832.8091,2098.1013,780.7684,2083.9985,727.5365,2066.2375,1412.9681,2061.57,1355.3945,2081.761,1305.1617,2096.0151,1239.3287,2110.4314,1159.6184,2124.915,1069.8113,2132.048,980.9725,2125.8567,903.0662,2116.9224,835.5469,2103.2266,786.0301,2088.2139,727.5365,2066.2375,698.67194,2055.65,746.97534,2106.8044,803.7909,2156.6567,879.8584,2209.5298,971.3784,2241.6682,1071.8455,2249.6675,1174.8398,2236.9446,1264.5298,2200.4575,1338.1292,2148.4775,1393.7314,2097.904,1438.6696,2050.9316
126,126,2100,698.2218,2055.8237,742.04297,2053.7893,796.62555,2050.7322,867.1113,2043.533,966.54486,2033.1241,1069.5314,2052.7327,1172.0302,2032.6243,1269.7356,2043.8658,1341.4973,2050.1074,1395.247,2052.3477,1438.5068,2050.953,1412.8169,2061.5798,1357.4623,2080.799,1306.0206,2095.7021,1241.1146,2109.401,1162.781,2120.9285,1070.0317,2127.3484,979.0584,2120.3096,899.4533,2109.0671,832.6005,2098.206,780.51807,2084.12,727.1852,2066.3892,1412.8169,2061.5798,1355.3033,2081.7625,1305.1187,2096.0288,1239.2722,2110.469,1159.5016,2124.9783,1069.6143,2132.1228,980.73096,2125.933,902.8214,2117.0046,835.31274,2103.322,785.76636,2088.3286,727.1852,2066.3892,698.2218,2055.8237,746.448,2106.9653,803.2209,2156.6846,879.29877,2209.9304,970.99146,2242.3887,1071.6519,2250.378,1174.8137,2237.4346,1264.459,2200.5505,1338.0256,2148.6062,1393.5988,2097.9976,1438.5068,2050.953
127,127,2116,697.8112,2055.9456,741.59717,2053.8188,796.2305,2050.6543,866.81995,2043.3702,966.3755,2032.9387,1069.4379,2052.5845,1171.9786,2032.3668,1269.662,2043.6252,1341.4099,2049.9604,1395.1309,2052.3347,1438.3749,2051.054,1412.6964,2061.6555,1357.3741,2080.8474,1305.9534,2095.7407,1241.079,2109.4622,1162.7246,2121.0295,1069.9104,2127.468,978.9061,2120.4248,899.3028,2109.1694,832.4119,2098.2964,780.2775,2084.2104,726.854,2066.495,1412.6964,2061.6555,1355.2345,2081.805,1305.086,2096.0605,1239.2223,2110.504,1159.4054,2125.03,1069.46,2132.1914,980.5296,2126.009,902.611,2117.0796,835.10223,2103.3962,785.51715,2088.411,726.854,2066.495,697.8112,2055.9456,745.9218,2107.1006,802.6286,2156.7234,878.72144,2210.289,970.603,2243.0632,1071.48,2251.096,1174.7969,2238.0225,1264.3905,2200.7795,1337.9309,2148.686,1393.4792,2098.114,1438.3749,2051.054
128,128,2133,697.8313,2056.0757,741.55817,2053.9072,796.14374,2050.6821,866.6842,2043.344,966.2404,2032.8934,1069.3336,2052.5564,1171.9476,2032.2258,1269.6093,2043.4403,1341.3413,2049.821,1395.0438,2052.2847,1438.284,2051.0955,1412.6168,2061.6802,1357.3135,2080.8728,1305.9011,2095.7742,1241.0521,2109.5198,1162.6733,2121.0825,1069.8271,2127.5344,978.83716,2120.506,899.2814,2109.1934,832.42505,2098.3445,780.3163,2084.2886,726.8942,2066.6067,1412.6168,2061.6802,1355.1956,2081.8105,1305.0175,2096.0723,1239.136,2110.5383,1159.3081,2125.077,1069.3575,2132.2295,980.4394,2126.0444,902.5603,2117.1272,835.0968,2103.4607,785.53955,2088.4934,726.8942,2066.6067,697.8313,2056.0757,745.86304,2107.1548,802.4924,2156.9817,878.52844,2210.9766,970.45447,2244.0398,1071.4131,2252.0398,1174.7599,2238.7664,1264.3282,2201.0881,1337.8518,2148.7573,1393.3903,2098.208,1438.284,2051.0955
129,129,2150,697.8469,2056.1892,741.52295,2053.9607,796.0327,2050.665,866.4783,2043.2653,965.9679,2032.7896,1069.0154,2052.4653,1171.7094,2032.0103,1269.4587,2043.174,1341.1722,2049.5776,1394.811,2052.1042,1437.9888,2050.975,1412.2744,2061.575,1356.9236,2080.81,1305.5586,2095.7544,1240.7637,2109.5625,1162.3966,2121.1736,1069.5687,2127.6084,978.6848,2120.5564,899.22815,2109.253,832.43256,2098.4138,780.3589,2084.3706,726.9347,2066.707,1412.2744,2061.575,1354.7495,2081.7263,1304.6091,2096.0276,1238.802,2110.5466,1159.036,2125.1213,1069.1183,2132.2812,980.27045,2126.1008,902.47766,2117.1895,835.08386,2103.5261,785.56464,2088.5676,726.9347,2066.707,697.8469,2056.1892,745.78534,2107.2634,802.2978,2157.0703,878.2213,2211.427,970.16223,2244.7805,1071.212,2252.8015,1174.6831,2239.3547,1264.3035,2201.2773,1337.7856,2148.853,1393.2181,2098.211,1437.9888,2050.975
130,130,2166,697.88965,2056.251,741.4934,2054.017,795.92285,2050.697,866.30646,2043.2643,965.7842,2032.7697,1068.8402,2052.4421,1171.6025,2031.9209,1269.4341,2043.0576,1341.1531,2049.4805,1394.775,2052.0637,1437.9103,2050.9863,1412.1896,2061.5886,1356.7955,2080.8384,1305.4276,2095.789,1240.6432,2109.5872,1162.2563,2121.256,1069.4222,2127.796,978.5824,2120.7788,899.19244,2109.4155,832.4454,2098.51,780.4031,2084.4092,726.9895,2066.7493,1412.1896,2061.5886,1354.5764,2081.7454,1304.4109,2096.0552,1238.6122,2110.5757,1158.8606,2125.1375,1068.959,2132.3462,980.14954,2126.179,902.42365,2117.248,835.08887,2103.5535,785.599,2088.5908,726.9895,2066.7493,697.88965,2056.251,745.77356,2107.3213,802.208,2157.3774,878.03827,2212.0654,969.96405,2245.6523,1071.0734,2253.679,1174.6309,2240.0781,1264.2838,2201.634,1337.7682,2148.8828,1393.1718,2098.276,1437.9103,2050.9863
131,131,2183,697.9381,2056.2708,741.47406,2054.0728,795.8212,2050.701,866.14606,2043.1306,965.64465,2032.4714,1068.7069,2052.1562,1171.536,2031.5146,1269.3958,2042.7683,1341.1097,2049.3528,1394.7537,2052.067,1437.8096,2051.0664,1412.0762,2061.6526,1356.6567,2080.8787,1305.3046,2095.821,1240.5168,2109.6243,1162.1146,2121.2883,1069.3011,2127.8325,978.51587,2120.8564,899.1758,2109.4746,832.4614,2098.5503,780.4462,2084.4329,727.0427,2066.7712,1412.0762,2061.6526,1354.3937,2081.7852,1304.2091,2096.083,1238.4095,2110.6033,1158.6779,2125.175,1068.8141,2132.3904,980.05634,2126.2197,902.38245,2117.2817,835.0923,2103.5828,785.6281,2088.6133,727.0427,2066.7712,697.9381,2056.2708,745.7653,2107.4194,802.1266,2157.671,877.8798,2212.6228,969.7925,2246.3772,1070.9297,2254.4011,1174.5607,2240.721,1264.2628,2202.0198,1337.7417,2148.9414,1393.1115,2098.3418,1437.8096,2051.0664
132,132,2200,697.9546,2056.3357,741.5092,2054.127,795.8318,2050.7026,866.1063,2043.0605,965.5378,2032.365,1068.5354,2052.0554,1171.3602,2031.3553,1269.2867,2042.6268,1340.9985,2049.2786,1394.589,2052.0696,1437.5574,2051.129,1411.793,2061.701,1356.365,2080.9082,1305.0334,2095.844,1240.2819,2109.6633,1161.9185,2121.3655,1069.169,2127.9265,978.47363,2120.9326,899.1872,2109.5295,832.4778,2098.594,780.47565,2084.4805,727.079,2066.8296,1411.793,2061.701,1354.0748,2081.8174,1303.9208,2096.11,1238.1736,2110.628,1158.503,2125.1956,1068.6976,2132.406,980.0079,2126.2402,902.38574,2117.314,835.1038,2103.6243,785.6597,2088.662,727.079,2066.8296,697.9546,2056.3357,745.8023,2107.4458,802.1369,2157.8538,877.8146,2213.016,969.68176,2246.9297,1070.8187,2254.99,1174.512,2241.2537,1264.2471,2202.3472,1337.7019,2148.9941,1392.9921,2098.4016,1437.5574,2051.129
133,133,2216,698.005,2056.4197,741.5179,2054.1338,795.7864,2050.5579,866.0185,2042.7147,965.4537,2031.8235,1068.4323,2051.507,1171.288,2030.7184,1269.2523,2042.1562,1340.9532,2049.0022,1394.5487,2051.9602,1437.5226,2051.1353,1411.7303,2061.6865,1356.2662,2080.866,1304.9534,2095.7996,1240.1964,2109.6587,1161.8301,2121.4556,1069.1001,2128.083,978.4482,2121.0706,899.1939,2109.6191,832.5048,2098.6575,780.5155,2084.543,727.1313,2066.904,1411.7303,2061.6865,1353.9592,2081.7734,1303.7933,2096.0566,1238.047,2110.589,1158.3944,2125.1973,1068.6177,2132.45,979.9687,2126.2913,902.38104,2117.3538,835.12506,2103.6611,785.6952,2088.713,727.1313,2066.904,698.005,2056.4197,745.8109,2107.5251,802.09424,2157.9119,877.7257,2213.2776,969.5934,2247.329,1070.7574,2255.4102,1174.491,2241.6318,1264.2014,2202.543,1337.645,2149.042,1392.944,2098.4397,1437.5226,2051.1353
134,134,2233,698.0514,2056.4685,741.54614,2054.1006,795.79095,2050.4246,866.00684,2042.471,965.4412,2031.4373,1068.4069,2051.068,1171.2495,2030.2538,1269.2135,2041.7864,1340.9279,2048.7349,1394.4938,2051.799,1437.4105,2051.0493,1411.5682,2061.6047,1356.0686,2080.805,1304.8192,2095.7522,1240.132,2109.6482,1161.8088,2121.5337,1069.0776,2128.2341,978.446,2121.2075,899.1991,2109.7031,832.51776,2098.7136,780.52893,2084.59,727.167,2066.9487,1411.5682,2061.6047,1353.7563,2081.6929,1303.6487,2095.998,1237.9879,2110.5684,1158.372,2125.2146,1068.5983,2132.4973,979.96375,2126.344,902.3851,2117.396,835.1376,2103.6887,785.7087,2088.7393,727.167,2066.9487,698.0514,2056.4685,745.8386,2107.6196,802.0874,2157.9448,877.6878,2213.4875,969.56476,2247.6907,1070.7349,2255.7966,1174.4387,2241.9585,1264.1526,2202.687,1337.5807,2149.108,1392.922,2098.4426,1437.4105,2051.0493
135,135,2250,698.0915,2056.5156,741.5643,2054.0818,795.7435,2050.3044,865.90125,2042.2064,965.1907,2030.9866,1067.9551,2050.5774,1170.5891,2029.7701,1268.6252,2041.4756,1340.3184,2048.5728,1393.7339,2051.7483,1436.5945,2051.0562,1410.7102,2061.606,1355.1703,2080.8003,1304.0441,2095.7456,1239.4154,2109.6587,1161.2255,2121.605,1068.7313,2128.3643,978.25977,2121.3276,899.15643,2109.7761,832.53577,2098.7588,780.56885,2084.6218,727.2115,2066.986,1410.7102,2061.606,1352.7932,2081.697,1302.7338,2096.0059,1237.198,2110.582,1157.7372,2125.239,1068.1781,2132.5334,979.69073,2126.3853,902.2893,2117.4355,835.1456,2103.7244,785.74243,2088.7734,727.2115,2066.986,698.0915,2056.5156,745.85,2107.6985,801.99866,2158.0024,877.4455,2213.744,969.2492,2248.0889,1070.4521,2256.2346,1174.1733,2242.432,1263.9276,2203.0417,1337.2208,2149.1914,1392.32,2098.4814,1436.5945,2051.0562
136,136,2266,698.0546,2056.565,741.2541,2054.1006,795.121,2050.2402,865.10736,2042.0059,964.05835,2030.7006,1066.6653,2050.1594,1169.1566,2029.3187,1267.4568,2040.9634,1339.3699,2048.1614,1392.8365,2051.515,1435.7188,2050.955,1409.7307,2061.4927,1354.1306,2080.6472,1303.0739,2095.5408,1238.3677,2109.456,1160.1222,2121.537,1067.8064,2128.404,977.3536,2121.3772,898.5304,2109.7842,832.1802,2098.7588,780.3871,2084.6355,727.1318,2067.031,1409.7307,2061.4927,1351.5706,2081.6765,1301.418,2096.0166,1235.8986,2110.5889,1156.4269,2125.2961,1067.0804,2132.66,978.6104,2126.532,901.5522,2117.5415,834.79083,2103.7666,785.5785,2088.799,727.1318,2067.031,698.0546,2056.565,745.62897,2107.7253,801.55646,2158.2324,876.702,2214.0708,968.37067,2248.4456,1069.6907,2256.5642,1173.3354,2242.8157,1263.2751,2203.441,1336.5594,2149.3372,1391.5662,2098.5127,1435.7188,2050.955
137,137,2283,698.08655,2056.5984,741.20337,2054.124,794.98285,2050.2275,864.91693,2041.9482,963.54846,2030.6167,1065.896,2049.9578,1167.999,2029.1115,1265.9993,2040.6455,1338.0624,2047.8793,1391.7675,2051.3853,1434.849,2050.955,1408.605,2061.481,1352.7971,2080.5815,1301.7065,2095.3645,1237.0981,2109.1985,1159.1334,2121.2947,1067.2794,2128.2283,976.96124,2121.2542,898.3721,2109.7073,832.1537,2098.7214,780.3936,2084.6401,727.1612,2067.074,1408.605,2061.481,1350.1829,2081.7292,1300.0314,2096.3306,1234.7477,2111.3604,1155.502,2126.4375,1066.436,2134.0354,977.95715,2127.8162,901.17615,2118.3745,834.7048,2104.1116,785.58264,2088.862,727.1612,2067.074,698.08655,2056.5984,745.52625,2107.7969,801.19574,2158.5876,875.9166,2214.544,967.48,2249.0417,1069.1816,2257.231,1172.8877,2243.5676,1262.9886,2204.4006,1336.2317,2150.0134,1391.0438,2098.601,1434.849,2050.955
138,138,2300,697.98834,2056.6392,741.0789,2054.1384,794.87085,2050.1843,864.83527,2041.8177,963.3178,2030.3231,1065.4777,2049.454,1167.1046,2028.5952,1264.6477,2040.1877,1336.7178,2047.5677,1390.6029,2051.265,1433.9668,2050.961,1407.4492,2061.4788,1351.3822,2080.5356,1300.3193,2095.2163,1235.8938,2108.9531,1158.3651,2121.017,1066.9999,2127.9678,976.8125,2121.0825,898.3292,2109.6184,832.1442,2098.666,780.3365,2084.6213,727.06433,2067.1082,1407.4492,2061.4788,1348.9126,2081.8657,1298.8524,2096.816,1233.89,2112.344,1154.9075,2127.7737,1066.0441,2135.5896,977.5423,2129.33,900.8953,2119.424,834.59247,2104.591,785.51385,2088.962,727.06433,2067.1082,697.98834,2056.6392,745.18695,2107.915,800.624,2159.1724,875.0848,2215.4443,966.7224,2250.1821,1068.8892,2258.4631,1172.7362,2244.7922,1262.9335,2205.7124,1336.1116,2150.8745,1390.6208,2098.7346,1433.9668,2050.961
139,139,2316,697.9763,2056.6812,741.06085,2054.1445,794.8639,2050.15,864.8369,2041.7427,963.2923,2030.1748,1065.3729,2049.1167,1166.7802,2028.231,1264.0306,2039.7201,1336.0902,2047.1445,1389.9965,2050.9763,1433.4257,2050.8044,1406.7874,2061.3247,1350.6989,2080.3264,1299.6705,2094.889,1235.374,2108.534,1158.0797,2120.5925,1066.9338,2127.6018,976.7931,2120.8342,898.3346,2109.4812,832.15564,2098.5786,780.34045,2084.5752,727.0533,2067.123,1406.7874,2061.3247,1348.2786,2081.893,1298.328,2097.1157,1233.5731,2113.0874,1154.7185,2128.8354,1065.9191,2136.8523,977.39996,2130.5952,900.8059,2120.336,834.5749,2105.022,785.5138,2089.0479,727.0533,2067.123,697.9763,2056.6812,745.0323,2108.0044,800.3349,2159.6296,874.68884,2216.081,966.3991,2250.9084,1068.7948,2259.1987,1172.7163,2245.4717,1262.9056,2206.3997,1336.0961,2151.2715,1390.4049,2098.7537,1433.4257,2050.8044
140,140,2333,697.9964,2056.7183,741.0713,2054.1519,794.8696,2050.1038,864.8505,2041.6226,963.2823,2029.9095,1065.3215,2048.6611,1166.5581,2027.6649,1263.675,2039.0819,1335.7848,2046.5818,1389.7684,2050.575,1433.3103,2050.5588,1406.6061,2061.0828,1350.4515,2080.0315,1299.4362,2094.4868,1235.1678,2108.0642,1157.9762,2120.166,1066.925,2127.2815,976.79285,2120.636,898.36975,2109.3818,832.2185,2098.5232,780.35004,2084.5503,727.07416,2067.144,1406.6061,2061.0828,1348.0533,2081.9062,1298.1155,2097.1687,1233.4391,2113.3003,1154.6444,2129.1746,1065.8801,2137.3042,977.3592,2131.072,900.8003,2120.6885,834.5797,2105.1833,785.5218,2089.0718,727.07416,2067.144,697.9964,2056.7183,745.00824,2108.0684,800.2679,2159.9402,874.5695,2216.503,966.29834,2251.3752,1068.7853,2259.6533,1172.6947,2245.8848,1262.9036,2206.828,1336.0573,2151.48,1390.3755,2098.78,1433.3103,2050.5588
141,141,2350,698.0113,2056.753,741.1208,2054.158,794.97614,2050.061,864.99023,2041.5221,963.33765,2029.7301,1065.3403,2048.4592,1166.554,2027.3694,1263.6752,2038.7666,1335.7881,2046.3187,1389.772,2050.4028,1433.3142,2050.4678,1406.6132,2060.996,1350.4619,2079.9038,1299.4448,2094.2954,1235.1798,2107.8337,1157.9938,2119.9856,1066.9672,2127.1934,976.85223,2120.5808,898.49084,2109.349,832.36664,2098.5083,780.4135,2084.555,727.091,2067.1682,1406.6132,2060.996,1348.0435,2081.919,1298.1088,2097.2566,1233.442,2113.5325,1154.671,2129.5322,1065.9287,2137.7522,977.3978,2131.5159,900.8621,2121.037,834.688,2105.39,785.6069,2089.1484,727.091,2067.1682,698.0113,2056.753,745.01886,2108.171,800.29407,2160.2532,874.60205,2216.8738,966.37067,2251.7837,1068.9231,2260.049,1172.8606,2246.2798,1263.077,2207.1782,1336.1178,2151.6829,1390.3711,2098.7988,1433.3142,2050.4678
142,142,2366,698.5458,2056.778,741.5978,2054.1687,795.4103,2050.0366,865.38434,2041.4143,963.5823,2029.5515,1065.484,2048.2932,1166.581,2027.1636,1263.677,2038.5762,1335.7709,2046.196,1389.6896,2050.3362,1433.1632,2050.451,1406.5084,2060.9666,1350.4229,2079.8154,1299.4381,2094.1157,1235.1776,2107.5542,1158.0177,2119.721,1067.0708,2127.006,977.0089,2120.4148,898.7683,2109.2268,832.7644,2098.4565,780.84674,2084.5557,727.5773,2067.1792,1406.5084,2060.9666,1347.9802,2081.911,1298.1006,2097.245,1233.4379,2113.4915,1154.7267,2129.4697,1066.1193,2137.6812,977.6458,2131.4675,901.1977,2121.0295,835.14,2105.41,786.1411,2089.1648,727.5773,2067.1792,698.5458,2056.778,745.5352,2108.223,800.849,2160.2922,875.1345,2216.8933,966.8118,2251.7441,1069.1919,2259.9812,1172.9241,2246.2456,1263.068,2207.185,1336.1068,2151.7156,1390.2784,2098.8208,1433.1632,2050.451
143,143,2383,698.8834,2056.769,741.8758,2054.045,795.6969,2049.7932,865.6984,2041.0842,963.89813,2029.2852,1065.8021,2048.1487,1166.8617,2027.0275,1263.9314,2038.4786,1335.896,2046.1217,1389.714,2050.2656,1433.1427,2050.3965,1406.506,2060.8955,1350.4647,2079.7126,1299.5427,2093.9797,1235.355,2107.3806,1158.2236,2119.5781,1067.304,2126.9065,977.2807,2120.2708,899.0772,2109.0244,833.1012,2098.2656,781.1781,2084.418,727.94696,2067.1274,1406.506,2060.8955,1347.9916,2081.814,1298.1691,2097.113,1233.5745,2113.2827,1154.963,2129.2124,1066.4622,2137.3967,978.06415,2131.2124,901.63385,2120.8525,835.58527,2105.3157,786.6008,2089.1257,727.94696,2067.1274,698.8834,2056.769,745.78815,2108.2908,801.0978,2160.359,875.4658,2216.9165,967.2137,2251.746,1069.54,2259.977,1173.2234,2246.2493,1263.3011,2207.1987,1336.176,2151.7417,1390.2601,2098.8223,1433.1427,2050.3965
144,144,2400,699.1033,2056.6633,742.0593,2053.808,795.9017,2049.4304,865.9505,2040.6453,964.1692,2028.9425,1066.0474,2047.9442,1167.1353,2026.8721,1264.1931,2038.3971,1336.0154,2046.088,1389.7202,2050.253,1433.1239,2050.3994,1406.4927,2060.894,1350.4701,2079.6948,1299.5862,2093.9446,1235.4596,2107.322,1158.3524,2119.5288,1067.4492,2126.8633,977.4819,2120.1853,899.3111,2108.8677,833.3536,2098.091,781.4221,2084.2556,728.21533,2067.0042,1406.4927,2060.894,1347.9845,2081.8018,1298.1912,2097.0833,1233.6381,2113.2031,1155.0952,2129.0803,1066.6588,2137.207,978.32697,2131.001,901.9167,2120.6733,835.87775,2105.1846,786.9074,2089.0332,728.21533,2067.0042,699.1033,2056.6633,745.9242,2108.3179,801.2073,2160.4119,875.6076,2216.9263,967.3843,2251.738,1069.6741,2259.9749,1173.3478,2246.255,1263.3971,2207.2126,1336.1827,2151.7683,1390.2281,2098.8403,1433.1239,2050.3994
145,145,2416,699.19025,2056.6025,742.1367,2053.6487,796.0008,2049.192,866.0861,2040.3942,964.36707,2028.7825,1066.2593,2047.874,1167.409,2026.8177,1264.4794,2038.3646,1336.1606,2046.0702,1389.7429,2050.2437,1433.104,2050.4016,1406.4829,2060.8918,1350.4902,2079.679,1299.6462,2093.9177,1235.571,2107.2856,1158.4717,2119.5112,1067.5645,2126.859,977.6239,2120.1494,899.4401,2108.7705,833.4733,2097.97,781.5331,2084.1418,728.32367,2066.9233,1406.4829,2060.8918,1347.9952,2081.7725,1298.2405,2097.017,1233.7241,2113.0579,1155.2358,2128.8655,1066.8333,2136.936,978.52234,2130.7207,902.0794,2120.4507,836.0122,2105.0383,787.0354,2088.9456,728.32367,2066.9233,699.19025,2056.6025,745.9727,2108.3347,801.2505,2160.4375,875.6971,2216.899,967.51764,2251.6802,1069.7954,2259.9263,1173.471,2246.2322,1263.5015,2207.2073,1336.2124,2151.7834,1390.2065,2098.851,1433.104,2050.4016
146,146,2433,699.3813,2056.4773,742.3465,2053.426,796.28925,2048.8843,866.4816,2040.0243,964.95416,2028.3792,1066.843,2047.568,1168.0146,2026.5402,1265.0321,2038.2051,1336.4485,2045.9846,1389.8079,2050.1963,1433.0862,2050.38,1406.4818,2060.8635,1350.5386,2079.641,1299.7725,2093.878,1235.8073,2107.2468,1158.7852,2119.4934,1067.9417,2126.853,978.04553,2120.123,899.81964,2108.6963,833.78394,2097.8625,781.7978,2084.0076,728.54974,2066.7878,1406.4818,2060.8635,1348.0432,2081.6982,1298.3721,2096.8933,1233.9476,2112.8428,1155.5847,2128.5762,1067.2648,2136.5925,978.97314,2130.3767,902.457,2120.177,836.31323,2104.8494,787.30066,2088.8157,728.54974,2066.7878,699.3813,2056.4773,746.11725,2108.3264,801.40265,2160.455,875.9497,2216.885,967.8631,2251.6501,1070.1384,2259.9014,1173.7894,2246.2197,1263.7325,2207.1968,1336.2968,2151.78,1390.1995,2098.841,1433.0862,2050.38
147,147,2450,699.4624,2056.2185,742.5073,2053.0613,796.6159,2048.4585,867.00714,2039.5869,965.68756,2027.9652,1067.5513,2047.2578,1168.6816,2026.2754,1265.6029,2038.0337,1336.8275,2045.8564,1389.9808,2050.0833,1433.1289,2050.2793,1406.5654,2060.7593,1350.7101,2079.5374,1300.0127,2093.784,1236.1342,2107.1636,1159.1903,2119.4336,1068.4061,2126.7983,978.5395,2120.0369,900.2344,2108.5435,834.06525,2097.6606,781.9684,2083.7644,728.658,2066.5352,1406.5654,2060.7593,1348.2136,2081.5625,1298.6356,2096.729,1234.2731,2112.6003,1155.9924,2128.2588,1067.7137,2136.2205,979.4174,2130.01,902.7997,2119.875,836.53784,2104.6162,787.4687,2088.6084,728.658,2066.5352,699.4624,2056.2185,746.19147,2108.2322,801.5125,2160.3994,876.1814,2216.7827,968.2046,2251.51,1070.4796,2259.7705,1174.1232,2246.1262,1264.0171,2207.1257,1336.4711,2151.725,1390.2676,2098.7732,1433.1289,2050.2793
148,148,2466,699.7448,2055.9536,742.78284,2052.697,796.9023,2048.0134,867.3079,2039.1151,966.00616,2027.5221,1067.7869,2046.9392,1168.9257,2025.9686,1265.8866,2037.8085,1337.0375,2045.6794,1390.0741,2049.9294,1433.14,2050.1445,1406.6085,2060.6138,1350.8015,2079.3994,1300.1361,2093.6826,1236.2684,2107.1033,1159.3334,2119.4111,1068.5679,2126.7827,978.8111,2119.9944,900.5356,2108.429,834.3463,2097.4768,782.2671,2083.523,728.9379,2066.2705,1406.6085,2060.6138,1348.3118,2081.3083,1298.7563,2096.3625,1234.3889,2112.0544,1156.1238,2127.5818,1067.8627,2135.4832,979.6345,2129.2825,903.02246,2119.282,836.74725,2104.1887,787.7,2088.29,728.9379,2066.2705,699.7448,2055.9536,746.37463,2108.0435,801.6364,2160.2368,876.3123,2216.602,968.3402,2251.3162,1070.5753,2259.589,1174.2252,2245.987,1264.1157,2206.9858,1336.5302,2151.579,1390.2825,2098.627,1433.14,2050.1445
149,149,2483,700.08136,2055.7856,743.0363,2052.4233,797.1245,2047.6389,867.52795,2038.6887,966.2782,2027.0751,1068.0322,2046.5751,1169.2333,2025.5802,1266.3352,2037.4855,1337.4719,2045.384,1390.3757,2049.6448,1433.2925,2049.8762,1406.8188,2060.348,1351.0746,2079.1614,1300.4141,2093.5198,1236.5214,2107.0188,1159.5454,2119.3884,1068.7664,2126.7769,979.09607,2119.9763,900.8391,2108.3584,834.6383,2097.357,782.60046,2083.3625,729.2801,2066.1003,1406.8188,2060.348,1348.6079,2080.9688,1299.0623,2095.9448,1234.6455,2111.5117,1156.3514,2126.9812,1068.0756,2134.883,979.8969,2128.7192,903.2836,2118.8462,836.9982,2103.8984,787.9815,2088.0864,729.2801,2066.1003,700.08136,2055.7856,746.6156,2107.9348,801.82184,2160.147,876.51636,2216.4873,968.557,2251.1716,1070.7572,2259.4417,1174.4485,2245.8486,1264.362,2206.8179,1336.7443,2151.3667,1390.4448,2098.3765,1433.2925,2049.8762
150,150,2500,700.37885,2055.33,743.4083,2051.9666,797.6312,2047.2123,868.18274,2038.3489,967.01465,2026.8154,1068.7024,2046.3567,1169.9296,2025.3928,1267.0647,2037.3015,1338.1537,2045.1866,1390.9252,2049.4377,1433.6691,2049.665,1407.2688,2060.1436,1351.6155,2078.962,1300.9386,2093.3545,1237.0479,2106.8997,1160.0725,2119.315,1069.3103,2126.7085,979.6918,2119.8694,901.4042,2108.1643,835.1039,2097.081,782.96594,2083.0127,729.59766,2065.692,1407.2688,2060.1436,1349.1603,2080.8003,1299.6632,2095.7893,1235.223,2111.3315,1156.9325,2126.7786,1068.6443,2134.6548,980.45,2128.4731,903.76886,2118.6057,837.3852,2103.6597,788.3264,2087.813,729.59766,2065.692,700.37885,2055.33,746.89966,2107.6714,802.1439,2159.9897,876.9411,2216.3516,969.0525,2251.0432,1071.2648,2259.3394,1174.9829,2245.7727,1264.901,2206.7478,1337.2328,2151.278,1390.86,2098.233,1433.6691,2049.665
151,151,2516,700.8562,2055.0823,743.943,2051.6506,798.23956,2046.8502,868.81177,2037.9723,967.63226,2026.4358,1069.2194,2046.0184,1170.4321,2025.0334,1267.5387,2036.9945,1338.5236,2044.9169,1391.1544,2049.1943,1433.774,2049.463,1407.3934,2059.9275,1351.8099,2078.7302,1301.1785,2093.1375,1237.3472,2106.7253,1160.439,2119.1958,1069.7484,2126.611,980.2849,2119.7576,902.04584,2107.9995,835.72205,2096.8772,783.547,2082.7795,730.13574,2065.444,1407.3934,2059.9275,1349.3739,2080.5237,1299.9463,2095.47,1235.5492,2110.9465,1157.3306,2126.355,1069.0886,2134.2124,980.9895,2128.0388,904.325,2118.218,837.9195,2103.3367,788.86975,2087.5464,730.13574,2065.444,700.8562,2055.0823,747.3148,2107.485,802.5335,2159.8325,877.36865,2216.1982,969.49316,2250.892,1071.6589,2259.204,1175.387,2245.6394,1265.2667,2206.5916,1337.503,2151.09,1391.0278,2098.0254,1433.774,2049.463
152,152,2533,701.1407,2054.5715,744.31445,2051.1418,798.6869,2046.3796,869.2948,2037.5713,968.1166,2026.0981,1069.6691,2045.7322,1170.9504,2024.7521,1268.1089,2036.7201,1339.0739,2044.6241,1391.6355,2048.8772,1434.1467,2049.1477,1407.7935,2059.604,1352.2762,2078.4045,1301.6166,2092.8452,1237.7721,2106.4934,1160.8389,2119.023,1070.1257,2126.4563,980.73,2119.5613,902.4785,2107.7134,836.1137,2096.5146,783.90436,2082.3535,730.4697,2064.9587,1407.7935,2059.604,1349.8524,2080.194,1300.4407,2095.1362,1236.0068,2110.5813,1157.7759,2125.963,1069.4943,2133.795,981.40063,2127.584,904.7035,2117.751,838.2596,2102.8726,789.2006,2087.0935,730.4697,2064.9587,701.1407,2054.5715,747.58,2107.0625,802.7782,2159.4812,877.636,2215.9126,969.7967,2250.665,1071.9735,2259.0266,1175.7837,2245.483,1265.7145,2206.4165,1337.9479,2150.866,1391.43,2097.7444,1434.1467,2049.1477
153,153,2550,701.5975,2054.2646,744.78796,2050.7476,799.1316,2045.9177,869.7044,2037.0474,968.48694,2025.5248,1069.951,2045.2183,1171.2356,2024.2532,1268.429,2036.353,1339.3502,2044.3462,1391.8098,2048.652,1434.2332,2048.985,1407.9097,2059.4226,1352.4434,2078.1858,1301.8123,2092.6487,1237.9695,2106.342,1161.0487,2118.914,1070.3805,2126.346,981.12646,2119.433,902.9318,2107.5164,836.56525,2096.254,784.38385,2082.0508,730.92755,2064.6555,1407.9097,2059.4226,1350.0541,2079.9312,1300.6576,2094.7751,1236.2107,2110.0696,1157.9905,2125.3416,1069.7273,2133.136,981.72205,2126.9253,905.05786,2117.1807,838.61774,2102.4253,789.5774,2086.7456,730.92755,2064.6555,701.5975,2054.2646,747.9625,2106.7383,803.10693,2159.119,877.94696,2215.5122,970.07654,2250.254,1072.1824,2258.645,1175.992,2245.1294,1265.9113,2206.0813,1338.114,2150.5713,1391.5488,2097.514,1434.2332,2048.985
154,154,2566,702.281,2054.2917,745.29486,2050.7517,799.40955,2045.8965,869.839,2036.9465,968.5315,2025.2964,1069.9432,2045.0273,1171.2217,2024.0577,1268.4254,2036.2777,1339.3483,2044.3234,1391.801,2048.6475,1434.2046,2048.9863,1407.8942,2059.4226,1352.43,2078.1858,1301.8047,2092.652,1237.9612,2106.3545,1161.046,2118.9353,1070.3795,2126.3647,981.21576,2119.4517,903.1777,2107.5298,836.97375,2096.2683,785.0171,2082.0679,731.56744,2064.6765,1407.8942,2059.4226,1350.0452,2079.9028,1300.6434,2094.6848,1236.1934,2109.8667,1157.9819,2125.0518,1069.7242,2132.824,981.7768,2126.6274,905.2386,2116.987,838.94794,2102.3613,790.04144,2086.7454,731.56744,2064.6765,702.281,2054.2917,748.43365,2106.7478,803.37054,2159.1306,878.06683,2215.5098,970.10895,2250.2446,1072.1804,2258.6345,1175.9877,2245.124,1265.9065,2206.073,1338.1031,2150.5645,1391.5281,2097.5117,1434.2046,2048.9863
155,155,2583,703.767,2054.966,746.3626,2051.1597,800.01733,2046.0853,870.1125,2036.9923,968.6235,2025.2993,1069.9363,2045.0308,1171.1838,2024.062,1268.3435,2036.339,1339.1466,2044.4851,1391.3905,2048.9177,1433.5352,2049.4055,1407.2986,2059.7898,1351.9423,2078.514,1301.4877,2092.9956,1237.7927,2106.7258,1160.9916,2119.3274,1070.3777,2126.7463,981.37256,2119.8628,903.64325,2107.9631,837.8112,2096.7532,786.29126,2082.6138,733.0286,2065.2822,1407.2986,2059.7898,1349.6477,2080.08,1300.3622,2094.7651,1236.0369,2109.8855,1157.9388,2125.0532,1069.7235,2132.8247,981.92126,2126.6296,905.67334,2117.0032,839.7326,2102.4644,791.1326,2087.0305,733.0286,2065.2822,703.767,2054.966,749.58154,2107.1848,804.1303,2159.3872,878.47076,2215.669,970.21796,2250.386,1072.1785,2258.801,1175.9418,2245.305,1265.7517,2206.2603,1337.8174,2150.7788,1391.0691,2097.8022,1433.5352,2049.4055
156,156,2600,704.97864,2057.8853,747.1355,2053.2236,800.35455,2047.3972,870.1712,2037.684,968.6112,2025.6652,1069.6832,2045.4719,1170.6051,2024.4951,1267.5144,2037.2068,1337.8949,2045.9585,1389.5682,2051.024,1431.0764,2052.266,1404.9652,2062.3604,1349.9113,2080.6365,1299.9177,2094.8423,1236.6608,2108.3723,1160.3093,2120.8423,1070.138,2128.1567,981.37646,2121.344,903.8535,2109.5771,838.35065,2098.6296,787.23553,2084.8455,734.1821,2067.938,1404.9652,2062.3604,1347.8868,2081.7559,1298.9249,2095.902,1234.9592,2110.5981,1157.2653,2125.5374,1069.4236,2133.2249,981.9142,2127.0718,905.77423,2117.6794,840.10077,2103.5808,791.8048,2088.7542,734.1821,2067.938,704.97864,2057.8853,750.2873,2109.3984,804.4492,2160.9866,878.5472,2216.8635,970.1977,2251.4104,1071.8241,2259.8413,1175.2681,2246.415,1264.7155,2207.4934,1336.4407,2152.3362,1389.24,2099.9353,1431.0764,2052.266
157,157,2616,706.25037,2062.793,747.8007,2057.0706,800.5344,2050.1396,870.17096,2039.4143,968.4187,2026.7494,1068.7842,2046.7074,1169.0184,2025.8162,1265.7415,2039.4614,1335.8319,2049.5046,1387.0255,2056.0022,1427.8008,2058.7517,1401.7048,2068.2307,1346.8629,2085.4329,1297.2407,2098.8574,1234.3809,2111.756,1158.6907,2123.7605,1069.3563,2130.7495,981.29895,2123.9338,903.93304,2112.388,838.7611,2101.878,788.1242,2088.662,735.3498,2072.4424,1401.7048,2068.2307,1345.2522,2086.1226,1296.4777,2099.2134,1232.8114,2112.8606,1155.6061,2127.127,1068.4661,2134.5088,981.6873,2128.3464,905.77625,2119.3745,840.2897,2106.053,792.30896,2092.0715,735.3498,2072.4424,706.25037,2062.793,750.8583,2113.258,804.6031,2163.9973,878.55145,2219.1228,969.943,2253.2844,1070.8917,2261.7603,1173.7238,2248.7664,1262.7766,2210.6587,1334.2932,2156.5483,1386.6971,2105.1995,1427.8008,2058.7517
158,158,2633,710.7654,2072.3823,750.697,2064.6726,801.98444,2055.6316,870.57404,2042.8917,968.4161,2029.0,1068.1718,2049.4883,1167.3334,2028.7184,1263.4623,2044.4662,1332.707,2057.348,1382.8435,2066.839,1422.2278,2072.552,1396.0016,2080.7,1341.6752,2095.6616,1292.9731,2107.1287,1231.0957,2118.282,1156.7444,2128.9963,1068.795,2135.2576,981.36365,2128.356,904.94354,2117.3572,840.98486,2107.9148,791.6977,2095.9714,739.7503,2081.1355,1396.0016,2080.7,1340.6321,2095.4985,1292.4904,2106.4692,1229.6735,2118.175,1153.5192,2131.0903,1067.6016,2137.7144,981.67456,2131.4426,906.2498,2123.1184,841.88257,2111.0269,795.0156,2098.5627,739.7503,2081.1355,710.7654,2072.3823,753.5644,2121.205,805.8794,2170.528,878.8476,2224.5364,969.8799,2258.158,1069.9436,2266.8071,1171.7302,2254.7366,1259.9863,2218.0532,1330.8909,2165.817,1382.3868,2116.6604,1422.2278,2072.552
159,159,2650,716.2726,2085.1567,754.4544,2074.7725,804.10126,2062.9148,871.3049,2047.4749,968.43097,2031.8735,1067.4423,2052.8674,1165.2722,2032.213,1260.9204,2050.393,1329.577,2066.3877,1379.0159,2079.0645,1417.2787,2087.9075,1390.697,2094.5618,1336.6263,2106.9019,1288.6139,2116.0574,1227.5482,2125.1047,1154.5576,2134.2593,1068.2311,2139.7537,981.62244,2132.9668,906.8339,2122.9492,844.44836,2115.1987,796.595,2105.206,745.2693,2092.5457,1390.697,2094.5618,1336.2344,2106.032,1288.5189,2114.6226,1226.4076,2124.0935,1151.301,2135.4314,1066.7505,2141.2075,981.68854,2134.9438,907.3284,2127.5527,844.51166,2117.2527,798.8901,2106.9343,745.2693,2092.5457,716.2726,2085.1567,757.28925,2131.4253,808.0831,2178.242,879.6746,2230.1287,969.88,2262.6514,1069.099,2271.3171,1169.7681,2260.1853,1257.2303,2225.3882,1327.7372,2175.6875,1378.568,2129.2595,1417.2787,2087.9075
160,160,2666,721.25726,2099.65,757.5638,2086.1316,805.6401,2070.852,871.6964,2052.0735,968.3963,2034.2162,1065.798,2055.5188,1161.4735,2034.9489,1256.2587,2055.7385,1323.8496,2075.269,1371.824,2091.589,1408.1451,2103.9116,1381.2123,2108.9487,1327.7902,2118.342,1281.1866,2124.8105,1221.4524,2131.3447,1150.5255,2138.794,1066.8998,2143.4993,981.7164,2137.0042,908.4523,2128.3347,847.5174,2122.7644,801.00525,2115.2117,750.2203,2105.3362,1381.2123,2108.9487,1328.2843,2116.8884,1281.5598,2122.798,1220.8193,2129.735,1147.4225,2139.3552,1065.1289,2144.277,981.6746,2138.1633,908.24396,2131.976,846.9014,2123.9004,802.4027,2116.2034,750.2203,2105.3362,721.25726,2099.65,760.68317,2142.7505,810.1325,2186.4036,880.431,2235.5857,969.8418,2266.6487,1067.5884,2275.2048,1166.3092,2265.0146,1252.2467,2232.3193,1321.6893,2185.4602,1371.1589,2142.1282,1408.1451,2103.9116
161,161,2683,726.0532,2113.2659,760.5516,2096.7144,807.19464,2078.3054,872.0782,2056.4941,968.31647,2036.6393,1063.9053,2058.2185,1157.7075,2037.8257,1251.8865,2061.101,1318.6688,2083.9016,1365.4697,2103.4604,1400.1465,2118.926,1372.7555,2122.4824,1319.9926,2128.9253,1274.4777,2132.7485,1215.8481,2136.7605,1146.5801,2142.483,1065.4237,2146.4478,981.8811,2140.285,910.3603,2132.9434,850.80884,2129.5515,805.4037,2124.491,755.12756,2117.442,1372.7555,2122.4824,1321.1666,2127.2056,1275.339,2130.6895,1215.8267,2135.2375,1143.9027,2143.1611,1063.571,2147.2483,981.6763,2141.4258,909.51196,2136.5493,849.6374,2130.643,806.08154,2125.289,755.12756,2117.442,726.0532,2113.2659,763.99963,2153.9907,812.3331,2195.0361,881.4829,2241.6416,969.84076,2271.0122,1066.2767,2279.3047,1163.3848,2269.8826,1248.0557,2239.0442,1316.5126,2194.7896,1364.7095,2154.342,1400.1465,2118.926
162,162,2700,729.24634,2125.221,762.3278,2105.8962,808.0116,2084.527,872.1764,2059.8196,968.044,2037.9634,1061.5065,2059.6016,1153.6152,2039.3147,1247.4486,2064.719,1313.6736,2090.3801,1359.6064,2112.8862,1392.776,2131.1443,1365.155,2133.472,1313.0599,2137.4482,1268.2316,2139.085,1210.3881,2141.0232,1142.335,2145.3445,1063.4244,2148.7456,981.9175,2142.9946,911.65204,2136.9297,853.054,2135.5024,808.31964,2132.591,758.40533,2128.0388,1365.155,2133.472,1314.5781,2135.8372,1269.2698,2137.329,1210.6057,2139.7593,1139.8778,2146.1401,1061.4845,2149.542,981.6444,2144.1494,910.39044,2140.6921,851.5461,2136.8684,808.5597,2133.5144,758.40533,2128.0388,729.24634,2125.221,766.1797,2163.9714,813.81274,2202.7542,882.17114,2246.8953,969.7735,2274.4915,1064.4138,2282.3599,1159.7552,2273.5073,1243.2323,2244.3406,1310.9465,2202.458,1358.3739,2164.4075,1392.776,2131.1443
163,163,2716,734.02496,2134.6853,765.4243,2113.7515,809.73834,2090.5217,872.6387,2063.688,967.972,2040.0369,1060.0134,2061.6926,1150.9868,2041.5598,1244.3748,2068.8276,1310.1079,2096.5327,1355.4758,2120.8464,1387.7781,2140.7034,1359.9741,2142.2644,1308.3975,2144.6294,1264.0269,2144.7522,1206.846,2145.174,1139.6587,2148.3523,1062.2346,2151.28,982.15186,2145.88,913.596,2140.8445,856.2098,2140.9053,812.40564,2139.5222,763.25214,2136.6433,1359.9741,2142.2644,1310.0779,2143.1094,1265.2227,2143.3,1207.2521,2144.2517,1137.4111,2149.4414,1060.3201,2152.2717,981.69073,2147.3113,912.00604,2145.0168,854.4909,2142.6892,812.31866,2140.6257,763.25214,2136.6433,734.02496,2134.6853,769.6526,2172.1396,816.2442,2209.3892,883.4944,2251.8066,969.78723,2277.9993,1063.3854,2285.461,1157.5897,2276.9934,1240.2201,2249.028,1307.2776,2208.8247,1354.082,2172.5042,1387.7781,2140.7034
164,164,2733,739.7992,2140.9607,769.59644,2119.4055,812.32007,2095.3035,873.5859,2067.2915,967.9685,2042.3344,1059.0747,2063.947,1149.2382,2043.8905,1242.3129,2072.2695,1307.7964,2100.8704,1352.9752,2125.8425,1385.0096,2146.1924,1357.2227,2147.4827,1305.907,2149.25,1261.664,2148.7063,1204.7878,2148.383,1138.0538,2150.9482,1061.576,2153.6003,982.6856,2148.4363,915.9818,2144.0684,859.8522,2145.0142,817.09955,2144.4756,768.9132,2142.4434,1357.2227,2147.4827,1307.5935,2147.8064,1262.9131,2147.4595,1205.3053,2147.751,1135.9819,2152.3525,1059.753,2154.8777,981.96185,2150.2434,914.22675,2148.675,858.1031,2147.1626,816.83234,2145.7346,768.9132,2142.4434,739.7992,2140.9607,774.3291,2177.6167,819.7148,2213.9895,885.5626,2255.527,969.9962,2280.9363,1062.9318,2288.1047,1156.3807,2279.8252,1238.4701,2252.4624,1305.0867,2212.9988,1351.5637,2177.398,1385.0096,2146.1924
165,165,2750,744.2643,2146.2727,772.8522,2124.0562,814.3951,2099.163,874.3785,2070.248,967.94574,2044.2721,1057.9117,2065.7861,1147.0795,2045.7129,1239.6812,2074.7725,1304.8114,2104.0203,1349.7207,2129.6284,1381.3854,2150.5215,1353.6218,2151.5188,1302.5459,2152.7917,1258.5331,2151.6777,1202.1348,2150.7856,1136.0441,2152.9414,1060.6915,2155.4468,983.0254,2150.4744,917.7332,2146.6553,862.5644,2148.3245,820.6285,2148.4934,773.2892,2147.239,1353.6218,2151.5188,1304.2455,2151.3262,1259.8344,2150.533,1202.76,2150.367,1134.1558,2154.6082,1059.008,2156.9644,982.14233,2152.5955,915.96075,2151.5637,860.90796,2150.6567,820.3521,2149.767,773.2892,2147.239,744.2643,2146.2727,777.96783,2182.0303,822.419,2217.652,887.1497,2258.5059,970.1115,2283.3447,1062.289,2290.2617,1154.798,2282.138,1236.2023,2255.2236,1302.2567,2216.3118,1348.3413,2181.22,1381.3854,2150.5215
166,166,2766,746.3332,2150.9712,774.23584,2127.8496,815.1823,2102.0234,874.5374,2072.2312,967.6229,2045.4298,1056.1554,2066.7666,1144.4222,2046.5934,1236.8448,2075.9827,1301.8419,2105.622,1346.6289,2131.6907,1378.0128,2153.0583,1350.1891,2153.8643,1299.2539,2154.8567,1255.4214,2153.467,1199.3036,2152.3098,1133.6604,2154.334,1059.3083,2156.8704,983.0665,2152.1577,918.45264,2148.8286,863.7872,2151.1296,822.2542,2151.9421,775.31866,2151.4617,1350.1891,2153.8643,1300.9407,2153.3376,1256.6338,2152.3054,1199.905,2151.959,1131.875,2156.1333,1057.7579,2158.5457,982.14844,2154.5051,916.74493,2153.989,862.2499,2153.6484,822.0396,2153.2705,775.31866,2151.4617,746.3332,2150.9712,779.6881,2186.1274,823.74994,2221.1462,887.9151,2261.3372,970.1136,2285.5574,1061.2476,2292.1428,1152.8027,2283.9175,1233.5918,2257.086,1299.2466,2218.3765,1345.1628,2183.5078,1378.0128,2153.0583
167,167,2783,747.01404,2153.0247,774.7632,2129.7,815.6031,2103.5388,874.6444,2073.417,967.2907,2046.2258,1054.62,2067.4805,1142.1775,2047.3496,1234.28,2077.159,1299.1552,2107.3474,1343.8575,2134.039,1375.1061,2155.8857,1347.148,2156.3884,1296.292,2156.9446,1252.5365,2155.0352,1196.6886,2153.3755,1131.4452,2155.102,1057.8729,2157.579,983.0674,2152.9238,918.78937,2149.8293,864.3099,2152.4512,822.7847,2153.584,776.0212,2153.327,1347.148,2156.3884,1297.8599,2155.4282,1253.6731,2154.0422,1197.2872,2153.3613,1129.7697,2157.3284,1056.5211,2159.6692,982.1442,2155.7485,917.2207,2155.4092,862.95795,2155.22,822.7712,2154.978,776.0212,2153.327,747.01404,2153.0247,780.368,2188.0237,824.41394,2222.864,888.3435,2262.694,970.09796,2286.585,1060.1141,2293.0361,1150.8264,2284.8972,1231.1252,2258.4382,1296.4796,2220.3496,1342.318,2185.9473,1375.1061,2155.8857
168,168,2800,747.27136,2154.9277,774.8909,2131.1738,815.712,2104.4902,874.6496,2073.9966,966.7241,2046.5251,1053.0138,2067.686,1140.1893,2047.5215,1232.2377,2077.3923,1297.2811,2107.762,1342.0916,2134.7842,1373.48,2156.8782,1345.4036,2157.2483,1294.5151,2157.5972,1250.6677,2155.3987,1194.8483,2153.482,1129.6785,2155.139,1056.4639,2157.682,983.033,2153.1133,918.89233,2150.2449,864.51245,2153.2395,822.98566,2154.8174,776.32825,2154.9397,1345.4036,2157.2483,1295.9801,2156.0837,1251.8064,2154.5393,1195.5415,2153.7485,1128.2189,2157.715,1055.4287,2160.117,982.1203,2156.329,917.5085,2156.1565,863.3651,2156.1902,823.15063,2156.2017,776.32825,2154.9397,747.27136,2154.9277,780.585,2189.7002,824.6629,2224.2913,888.5325,2263.7156,970.05035,2287.2585,1059.2327,2293.5156,1149.608,2285.297,1229.7559,2258.921,1294.9706,2221.0454,1340.7328,2186.7703,1373.48,2156.8782
169,169,2816,747.82434,2156.0115,775.3054,2131.9082,816.0072,2104.939,874.7279,2074.236,966.53973,2046.6149,1052.4008,2067.6963,1139.5255,2047.476,1231.4894,2077.2952,1296.2832,2107.7324,1340.7671,2134.868,1371.7596,2157.133,1343.785,2157.3728,1293.1963,2157.5017,1249.6204,2155.2163,1194.023,2153.2615,1128.9244,2154.966,1055.826,2157.5984,983.04047,2153.114,919.18896,2150.3618,864.9196,2153.5432,823.4362,2155.3652,776.86255,2155.8564,1343.785,2157.3728,1294.6508,2156.0864,1250.697,2154.4888,1194.6538,2153.6987,1127.4824,2157.7393,1054.8917,2160.223,982.124,2156.5525,917.8941,2156.502,863.836,2156.7087,823.61053,2156.9055,776.86255,2155.8564,747.82434,2156.0115,781.0921,2190.5908,825.1806,2224.9663,888.9678,2264.1794,970.05536,2287.4932,1058.757,2293.5703,1148.8274,2285.244,1228.7054,2258.7874,1293.6482,2220.9346,1339.2021,2186.8333,1371.7596,2157.133
170,170,2833,748.03564,2156.4053,775.36444,2132.3113,816.0096,2105.2012,874.716,2074.3354,965.7826,2046.5771,1050.8236,2067.5588,1137.5642,2047.324,1229.3881,2077.0615,1294.2612,2107.4673,1338.8583,2134.6445,1370.0118,2156.8975,1341.9404,2157.1807,1291.3008,2157.3728,1247.6525,2155.051,1192.1538,2153.0615,1127.2645,2154.7744,1054.452,2157.49,982.88654,2153.0664,919.1384,2150.4683,864.9365,2153.821,823.5253,2155.7644,777.06805,2156.2434,1341.9404,2157.1807,1292.6877,2155.9487,1248.7391,2154.4258,1192.8402,2153.717,1125.9111,2157.8372,1053.6849,2160.4072,981.9658,2156.7837,917.9314,2156.7683,863.94476,2156.989,823.7737,2157.1975,777.06805,2156.2434,748.03564,2156.4053,781.18475,2190.9417,825.1928,2225.316,888.95593,2264.5596,969.8298,2287.922,1057.6738,2293.9734,1147.5071,2285.534,1227.2461,2258.9758,1292.024,2220.9958,1337.5024,2186.6987,1370.0118,2156.8975
171,171,2850,748.5296,2156.376,775.538,2132.13,816.0298,2104.9175,874.7013,2074.032,965.1385,2046.37,1049.6023,2067.302,1136.0969,2047.053,1227.8389,2076.5679,1292.652,2106.9197,1337.1248,2134.178,1368.0741,2156.5835,1340.0232,2156.8286,1289.517,2156.9656,1245.9972,2154.6475,1190.6621,2152.6914,1125.9553,2154.4624,1053.3804,2157.24,982.76447,2152.8408,919.12665,2150.262,865.0451,2153.6335,823.7989,2155.6,777.54535,2156.1665,1340.0232,2156.8286,1290.8867,2155.5598,1247.0339,2154.0342,1191.3181,2153.3809,1124.6156,2157.5999,1052.6962,2160.2637,981.8353,2156.669,917.996,2156.6511,864.1389,2156.8718,824.07574,2157.0876,777.54535,2156.1665,748.5296,2156.376,781.4922,2190.7866,825.34686,2225.1284,888.99347,2264.4028,969.67395,2287.8079,1056.7993,2293.829,1146.4131,2285.2837,1225.9373,2258.5906,1290.446,2220.5193,1335.7291,2186.262,1368.0741,2156.5835
172,172,2866,748.3947,2156.7168,775.36035,2132.2322,815.9323,2104.7925,874.5616,2073.7917,964.2326,2046.1892,1048.1685,2067.089,1134.4749,2046.8287,1226.1538,2076.2148,1290.9346,2106.6572,1335.3243,2134.141,1366.1462,2156.777,1338.0892,2156.9343,1287.6195,2156.967,1244.1749,2154.5273,1188.9744,2152.4753,1124.4159,2154.23,1052.0374,2157.038,982.40375,2152.6616,919.0268,2150.134,864.86426,2153.608,823.59937,2155.7034,777.3736,2156.4084,1338.0892,2156.9343,1288.9961,2155.4507,1245.2211,2153.8474,1189.6302,2153.1616,1123.0793,2157.4119,1051.3884,2160.1345,981.44495,2156.5796,917.93884,2156.601,863.99976,2156.8845,823.91895,2157.1616,777.3736,2156.4084,748.3947,2156.7168,781.2997,2191.05,825.1919,2225.323,888.968,2264.4932,969.21,2287.8242,1055.5974,2293.7861,1145.0647,2285.176,1224.4619,2258.462,1288.8242,2220.4414,1333.9614,2186.2874,1366.1462,2156.777
173,173,2883,748.4257,2157.1052,775.2887,2132.4326,815.859,2104.8103,874.4529,2073.668,963.4649,2046.0443,1047.1025,2066.9082,1133.3314,2046.6394,1224.9307,2075.9727,1289.6608,2106.4534,1334.094,2133.9402,1365.0284,2156.5535,1337.0029,2156.6804,1286.495,2156.7058,1243.0182,2154.2573,1187.8389,2152.1934,1123.3025,2153.9712,1050.9897,2156.816,982.0787,2152.4553,918.93555,2149.9597,864.7318,2153.5276,823.489,2155.7786,777.3494,2156.6687,1337.0029,2156.6804,1287.9081,2155.1697,1244.1497,2153.5654,1188.5894,2152.897,1122.0767,2157.2017,1050.4512,2159.9856,981.1358,2156.4773,917.8889,2156.5505,863.91,2156.9143,823.8483,2157.2747,777.3494,2156.6687,748.4257,2157.1052,781.22687,2191.266,825.09247,2225.351,888.93555,2264.348,968.8622,2287.587,1054.7085,2293.495,1144.1011,2284.804,1223.4279,2258.0156,1287.7384,2220.0264,1332.8567,2185.9688,1365.0284,2156.5535
174,174,2900,749.0848,2157.257,775.69916,2132.4314,816.04315,2104.696,874.4683,2073.4788,963.3427,2045.9023,1046.9907,2066.7476,1133.3407,2046.4696,1224.8768,2075.7246,1289.406,2106.3103,1333.6354,2133.926,1364.2896,2156.7205,1336.3833,2156.7603,1286.0669,2156.6604,1242.7705,2154.1638,1187.729,2152.0515,1123.2261,2153.8152,1050.8154,2156.6775,982.0721,2152.3396,919.0575,2149.878,865.05884,2153.4968,823.9769,2155.809,777.9698,2156.7937,1336.3833,2156.7603,1287.4607,2155.1301,1243.89,2153.4812,1188.4856,2152.7876,1122.0042,2157.1023,1050.2894,2159.9138,981.1228,2156.4216,918.0328,2156.5044,864.23,2156.9016,824.30457,2157.3145,777.9698,2156.7937,749.0848,2157.257,781.6831,2191.42,825.34656,2225.5222,889.0232,2264.5737,968.83704,2287.8044,1054.5476,2293.656,1144.0162,2284.943,1223.3317,2258.114,1287.4534,2220.0894,1332.3313,2186.0676,1364.2896,2156.7205
175,175,2916,749.9499,2157.3105,776.3792,2132.3796,816.4667,2104.59,874.59955,2073.3047,963.3396,2045.7885,1047.1051,2066.6248,1133.6018,2046.3398,1224.9955,2075.4773,1289.208,2106.1045,1333.0747,2133.7554,1363.3209,2156.6301,1335.6431,2156.603,1285.6449,2156.369,1242.6042,2153.8926,1187.7522,2151.8167,1123.3113,2153.6248,1050.8395,2156.515,982.10187,2152.1968,919.3493,2149.7366,865.55865,2153.3594,824.6312,2155.6912,778.7401,2156.819,1335.6431,2156.603,1287.1113,2154.907,1243.7627,2153.2468,1188.5151,2152.568,1122.0771,2156.9229,1050.29,2159.7722,981.13354,2156.2898,918.30096,2156.3755,864.6688,2156.8047,824.8606,2157.2776,778.7401,2156.819,749.9499,2157.3105,782.40814,2191.3281,825.87854,2225.2664,889.31647,2264.3442,968.8461,2287.6223,1054.5001,2293.4624,1143.9094,2284.7058,1223.0417,2257.7815,1286.9086,2219.6868,1331.5437,2185.7915,1363.3209,2156.6301
176,176,2933,750.95435,2157.3545,777.1783,2132.2883,817.04987,2104.4065,874.9014,2073.1052,963.37494,2045.693,1047.3029,2066.5198,1134.0387,2046.2382,1225.4565,2075.216,1289.654,2105.8477,1333.5281,2133.5798,1363.7892,2156.5823,1336.1007,2156.4736,1286.1155,2156.121,1243.0674,2153.591,1188.1938,2151.5225,1123.6687,2153.3955,1050.9713,2156.3308,982.25977,2151.993,919.86194,2149.492,866.3083,2153.1213,825.5314,2155.523,779.7871,2156.7737,1336.1007,2156.4736,1287.5752,2154.6455,1244.2263,2152.949,1188.967,2152.2993,1122.43,2156.7166,1050.4116,2159.6086,981.2665,2156.1023,918.8238,2156.1213,865.40247,2156.5166,825.711,2157.048,779.7871,2156.7737,750.95435,2157.3545,783.29443,2191.19,826.5847,2225.0315,889.7855,2264.139,968.9513,2287.474,1054.5897,2293.32,1144.1826,2284.5496,1223.425,2257.595,1287.3246,2219.4895,1331.9762,2185.6536,1363.7892,2156.5823
177,177,2950,751.62006,2157.6309,777.8403,2132.4978,817.5937,2104.526,875.2195,2073.0723,963.44745,2045.596,1047.474,2066.4084,1134.4385,2046.1215,1225.8848,2075.0757,1290.0354,2105.7678,1333.8839,2133.5037,1364.1405,2156.5232,1336.5466,2156.398,1286.6132,2155.995,1243.5518,2153.4946,1188.622,2151.4453,1124.0042,2153.3237,1051.0903,2156.2646,982.4757,2151.9775,920.36017,2149.5388,866.88873,2153.228,826.14966,2155.67,780.40924,2157.021,1336.5466,2156.398,1288.0686,2154.568,1244.698,2152.8418,1189.3724,2152.1582,1122.7362,2156.5833,1050.5181,2159.4993,981.4367,2156.0078,919.29956,2156.073,865.9428,2156.5752,826.26324,2157.2104,780.40924,2157.021,751.62006,2157.6309,784.0039,2191.3232,827.2563,2224.9504,890.33075,2263.9565,969.11975,2287.2864,1054.6683,2293.1282,1144.3514,2284.3296,1223.5981,2257.335,1287.5188,2219.2395,1332.236,2185.5137,1364.1405,2156.5232
178,178,2966,751.6141,2157.763,777.93274,2132.6018,817.74786,2104.5613,875.3421,2073.0164,963.4739,2045.5195,1047.6132,2066.3281,1134.7185,2046.0399,1226.2137,2074.932,1290.4365,2105.6868,1334.3815,2133.5557,1364.7485,2156.7227,1337.0984,2156.5596,1287.0774,2156.0679,1243.9366,2153.4746,1188.9347,2151.362,1124.239,2153.2236,1051.1847,2156.171,982.54724,2151.9026,920.5357,2149.5105,867.0608,2153.2688,826.2518,2155.7659,780.45026,2157.1252,1337.0984,2156.5596,1288.5107,2154.653,1245.0728,2152.8516,1189.6815,2152.0974,1122.9639,2156.4954,1050.6055,2159.4172,981.50653,2155.9329,919.5134,2156.0217,866.1395,2156.5764,826.398,2157.2656,780.45026,2157.1252,751.6141,2157.763,784.0887,2191.4348,827.41797,2225.006,890.5108,2263.9128,969.17444,2287.2014,1054.7324,2293.0269,1144.5206,2284.2354,1223.8596,2257.2903,1287.8788,2219.3174,1332.7218,2185.6802,1364.7485,2156.7227
179,179,2983,752.6487,2158.5454,778.7875,2133.2358,818.48334,2104.9802,875.8845,2073.208,963.69086,2045.4943,1047.6913,2066.2625,1135.0118,2045.9626,1226.5422,2074.978,1290.8187,2105.9094,1334.8163,2133.9436,1365.225,2157.2178,1337.5632,2156.9756,1287.5929,2156.335,1244.4227,2153.5938,1189.3496,2151.368,1124.5356,2153.1836,1051.2046,2156.1296,982.937,2151.9014,921.17944,2149.6025,867.8337,2153.5156,827.0883,2156.1995,781.46234,2157.757,1337.5632,2156.9756,1289.0022,2154.9263,1245.5375,2153.0066,1190.077,2152.1365,1123.2318,2156.4707,1050.6619,2159.3865,981.9103,2155.9368,920.2356,2156.1155,866.9543,2156.8164,827.24536,2157.672,781.46234,2157.757,752.6487,2158.5454,785.0776,2191.9155,828.39526,2225.1733,891.3867,2263.8389,969.67926,2287.0615,1054.8573,2292.8782,1144.7283,2284.077,1224.1967,2257.1746,1288.2781,2219.3767,1333.1703,2185.9578,1365.225,2157.2178
180,180,3000,753.36774,2158.8813,779.457,2133.504,819.12036,2105.178,876.42413,2073.2922,964.0012,2045.449,1047.7601,2066.204,1135.2606,2045.8981,1226.856,2075.1106,1291.1733,2106.3108,1335.2063,2134.572,1365.6356,2158.0437,1337.9843,2157.7107,1288.0146,2156.896,1244.8278,2153.988,1189.7041,2151.5896,1124.786,2153.2832,1051.2892,2156.1785,983.3607,2151.9807,921.78076,2149.7456,868.45593,2153.7202,827.7089,2156.4485,782.15137,2158.069,1337.9843,2157.7107,1289.4083,2155.422,1245.9119,2153.3132,1190.4021,2152.2695,1123.4565,2156.5034,1050.7457,2159.3867,982.2869,2155.948,920.83417,2156.175,867.56995,2156.9565,827.8519,2157.8928,782.15137,2158.069,753.36774,2158.8813,785.8246,2192.1406,829.16205,2225.2642,892.09644,2263.8215,970.0972,2287.0022,1054.967,2292.8108,1144.9071,2284.0483,1224.4622,2257.2583,1288.5815,2219.6792,1333.5201,2186.534,1365.6356,2158.0437
181,181,3016,754.19824,2159.345,780.2353,2133.8174,819.8404,2105.3596,877.04065,2073.3376,964.43207,2045.4,1047.9987,2066.1445,1135.3922,2045.8333,1227.0983,2075.0962,1291.4996,2106.4116,1335.587,2134.781,1366.0419,2158.3652,1338.4004,2157.9778,1288.4175,2157.0625,1245.2026,2154.075,1190.0154,2151.6042,1124.9542,2153.2583,1051.512,2156.1433,983.9057,2151.9753,922.48987,2149.8008,869.22174,2153.8694,828.5149,2156.7043,782.9695,2158.4666,1338.4004,2157.9778,1289.7979,2155.5771,1246.2689,2153.39,1190.6871,2152.2717,1123.5968,2156.4697,1050.9691,2159.3481,982.794,2155.9285,921.53973,2156.2112,868.3061,2157.0981,828.61414,2158.143,782.9695,2158.4666,754.19824,2159.345,786.67346,2192.4565,830.01904,2225.388,892.9187,2263.7976,970.6472,2286.9219,1055.1776,2292.7202,1145.0315,2283.9563,1224.6926,2257.1956,1288.8654,2219.717,1333.8644,2186.7246,1366.0419,2158.3652
182,182,3033,754.86786,2159.886,780.83514,2134.216,820.40894,2105.6182,877.566,2073.4448,964.8586,2045.3661,1048.3574,2066.0903,1135.4519,2045.772,1227.2031,2075.0547,1291.7317,2106.3923,1335.9541,2134.7576,1366.5453,2158.3232,1338.9066,2157.9739,1288.8605,2157.0972,1245.5625,2154.1187,1190.2549,2151.6377,1124.9979,2153.2817,1051.8783,2156.1687,984.4894,2152.059,923.14606,2149.9766,869.8844,2154.153,829.1856,2157.0793,783.64496,2158.9495,1338.9066,2157.9739,1290.2087,2155.5967,1246.6097,2153.4014,1190.9076,2152.2688,1123.6252,2156.4595,1051.3319,2159.3474,983.3569,2155.9675,922.2251,2156.3313,868.98096,2157.3364,829.2824,2158.4968,783.64496,2158.9495,754.86786,2159.886,787.35767,2192.8938,830.7287,2225.6946,893.6402,2263.968,971.2397,2286.9866,1055.56,2292.7317,1145.0979,2283.9573,1224.8702,2257.2034,1289.158,2219.7307,1334.2552,2186.728,1366.5453,2158.3232
183,183,3050,755.052,2160.2742,780.9913,2134.5066,820.57477,2105.7756,877.72784,2073.4841,964.96045,2045.3276,1048.3926,2066.0415,1135.6373,2045.7179,1227.4192,2075.091,1291.9872,2106.6016,1336.2697,2135.1948,1366.9429,2158.9875,1339.2842,2158.5703,1289.1862,2157.55,1245.8433,2154.4097,1190.4935,2151.7788,1125.1769,2153.3318,1051.92,2156.189,984.6736,2152.0984,923.3859,2150.0813,870.144,2154.3555,829.4434,2157.372,783.87585,2159.2961,1339.2842,2158.5703,1290.5148,2156.0461,1246.873,2153.7126,1191.1284,2152.4333,1123.7869,2156.5332,1051.387,2159.3916,983.543,2156.0293,922.5048,2156.4546,869.27344,2157.5432,829.56995,2158.7761,783.87585,2159.2961,755.052,2160.2742,787.5502,2193.2961,830.9347,2226.0786,893.84924,2264.2466,971.39453,2287.1758,1055.6313,2292.903,1145.2067,2284.181,1225.0569,2257.5793,1289.4083,2220.2869,1334.5757,2187.3696,1366.9429,2158.9875
184,184,3066,755.35657,2160.6804,781.3305,2134.8547,820.9396,2106.0466,878.09485,2073.643,965.25793,2045.3446,1048.6174,2066.0347,1135.6744,2045.7103,1227.5443,2075.248,1292.187,2106.913,1336.518,2135.612,1367.2123,2159.4795,1339.5554,2159.033,1289.4497,2157.9004,1246.08,2154.6663,1190.6749,2151.938,1125.2428,2153.4194,1052.142,2156.2515,985.03925,2152.1956,923.77966,2150.2402,870.5059,2154.5896,829.77344,2157.6777,784.1938,2159.6924,1339.5554,2159.033,1290.7689,2156.4492,1247.0969,2154.036,1191.2892,2152.645,1123.8308,2156.6582,1051.6066,2159.4854,983.88257,2156.1648,922.8847,2156.6777,869.6029,2157.8699,829.8755,2159.1643,784.1938,2159.6924,755.35657,2160.6804,787.86334,2193.7078,831.29065,2226.4343,894.26385,2264.4988,971.74713,2287.3237,1055.8453,2293.0063,1145.2428,2284.3113,1225.2025,2257.7976,1289.6089,2220.6135,1334.8179,2187.8003,1367.2123,2159.4795
185,185,3083,755.5356,2160.9768,781.5731,2135.1577,821.2184,2106.345,878.3781,2073.875,965.47675,2045.4108,1048.759,2066.071,1135.7687,2045.731,1227.6979,2075.4111,1292.3799,2107.1648,1336.7239,2135.8948,1367.3994,2159.7766,1339.7451,2159.349,1289.65,2158.2214,1246.2794,2154.9773,1190.8541,2152.2183,1125.3505,2153.653,1052.2896,2156.456,985.30695,2152.4487,924.0593,2150.5503,870.7472,2154.9246,829.97675,2158.01,784.3658,2160.0146,1339.7451,2159.349,1290.9729,2156.755,1247.2897,2154.313,1191.4553,2152.8564,1123.9266,2156.8025,1051.7368,2159.6033,984.1063,2156.3164,923.1393,2156.9016,869.8151,2158.1592,830.0577,2159.4727,784.3658,2160.0146,755.5356,2160.9768,788.11273,2193.9497,831.61426,2226.5947,894.63,2264.569,972.02673,2287.342,1055.9912,2293.01,1145.3296,2284.33,1225.3483,2257.8792,1289.7736,2220.7913,1335.0028,2188.0525,1367.3994,2159.7766
186,186,3100,755.71436,2161.6152,781.7356,2135.6353,821.36346,2106.6846,878.50507,2074.077,965.5688,2045.4526,1048.802,2066.0825,1135.8917,2045.7186,1227.8376,2075.463,1292.5433,2107.241,1336.9048,2135.9556,1367.5881,2159.8162,1339.9326,2159.4124,1289.8236,2158.3242,1246.4476,2155.118,1191.0083,2152.3782,1125.4729,2153.8164,1052.3575,2156.6223,985.4764,2152.6887,924.24677,2150.8704,870.9233,2155.3179,830.16547,2158.4736,784.53894,2160.5986,1339.9326,2159.4124,1291.1456,2156.8289,1247.4452,2154.3845,1191.6002,2152.9185,1124.0464,2156.8591,1051.7932,2159.6768,984.258,2156.4465,923.32874,2157.1343,869.9919,2158.5186,830.2313,2159.9355,784.53894,2160.5986,755.71436,2161.6152,788.30396,2194.4897,831.81714,2227.0217,894.85205,2264.877,972.2056,2287.5366,1056.0745,2293.1377,1145.4242,2284.4277,1225.472,2257.965,1289.9098,2220.8572,1335.1659,2188.0986,1367.5881,2159.8162
187,187,3116,755.6404,2162.0774,781.74536,2136.0547,821.4328,2107.0413,878.6164,2074.318,965.7168,2045.5211,1048.9695,2066.1182,1135.9409,2045.7299,1227.881,2075.562,1292.6525,2107.4077,1337.0516,2136.1538,1367.7493,2160.0322,1340.0906,2159.6365,1289.9713,2158.5386,1246.5874,2155.3362,1191.1287,2152.5876,1125.5399,2154.0125,1052.492,2156.8123,985.65186,2152.9458,924.38306,2151.2007,870.99194,2155.7017,830.1759,2158.8896,784.4823,2161.0557,1340.0906,2159.6365,1291.2909,2157.0593,1247.5781,2154.5981,1191.7135,2153.0916,1124.1083,2157.002,1051.9193,2159.8206,984.4179,2156.6465,923.4627,2157.4277,870.0563,2158.9038,830.2445,2160.3704,784.4823,2161.0557,755.6404,2162.0774,788.2978,2194.9417,831.8694,2227.4216,894.9724,2265.2017,972.34424,2287.7676,1056.1732,2293.3179,1145.4933,2284.5964,1225.5737,2258.1582,1290.026,2221.0728,1335.3037,2188.3296,1367.7493,2160.0322
188,188,3133,756.09326,2162.5242,782.1159,2136.4773,821.72504,2107.4285,878.8296,2074.602,965.8632,2045.6459,1049.061,2066.204,1136.04,2045.8019,1228.0187,2075.7566,1292.759,2107.684,1337.0697,2136.456,1367.6189,2160.3567,1339.9866,2159.9531,1289.9437,2158.8206,1246.6276,2155.6182,1191.231,2152.8513,1125.6534,2154.2524,1052.5768,2157.043,985.84033,2153.229,924.62775,2151.5415,871.2949,2156.0906,830.5485,2159.2961,784.9029,2161.4995,1339.9866,2159.9531,1291.2828,2157.3728,1247.6289,2154.9163,1191.8142,2153.383,1124.2115,2157.255,1052.0015,2160.0625,984.58734,2156.9333,923.6916,2157.7837,870.3341,2159.3132,830.5935,2160.7976,784.9029,2161.4995,756.09326,2162.5242,788.66785,2195.3865,832.15564,2227.8396,895.2016,2265.6138,972.5019,2288.1484,1056.2343,2293.671,1145.5873,2284.9504,1225.6416,2258.5278,1290.0433,2221.4226,1335.2648,2188.6707,1367.6189,2160.3567
189,189,3150,756.4678,2163.362,782.41327,2137.204,821.9535,2108.079,878.9998,2075.1394,965.99304,2046.0072,1049.1802,2066.4968,1136.0876,2046.0581,1228.1035,2076.1003,1292.8662,2108.0706,1337.175,2136.8447,1367.6909,2160.773,1340.0645,2160.3608,1290.0358,2159.2148,1246.7264,2156.038,1191.3291,2153.293,1125.7183,2154.705,1052.7179,2157.496,986.0562,2153.7563,924.86957,2152.1301,871.56213,2156.7324,830.8731,2159.9836,785.26404,2162.2854,1340.0645,2160.3608,1291.3801,2157.771,1247.7258,2155.3137,1191.9059,2153.7617,1124.2664,2157.6106,1052.1344,2160.4253,984.77814,2157.3662,923.9133,2158.3215,870.57874,2159.9443,830.88336,2161.4873,785.26404,2162.2854,756.4678,2163.362,788.9801,2196.108,832.42126,2228.4146,895.4462,2266.087,972.6981,2288.5303,1056.3468,2293.996,1145.6527,2285.265,1225.7181,2258.8677,1290.12,2221.7844,1335.3478,2189.0715,1367.6909,2160.773
190,190,3166,756.8544,2163.943,782.76404,2137.7646,822.2568,2108.6433,879.23535,2075.653,966.19775,2046.4197,1049.4166,2066.844,1136.1936,2046.3792,1228.1526,2076.4617,1292.9583,2108.4443,1337.2273,2137.1716,1367.631,2161.071,1340.0312,2160.653,1290.0723,2159.4849,1246.7983,2156.3499,1191.4106,2153.6396,1125.7562,2155.0798,1052.9097,2157.8826,986.3128,2154.2058,925.1333,2152.6133,871.8268,2157.2263,831.1722,2160.4854,785.6154,2162.8528,1340.0312,2160.653,1291.4285,2158.0667,1247.7966,2155.62,1191.9841,2154.077,1124.3036,2157.9324,1052.3007,2160.7693,985.0168,2157.7815,924.16626,2158.8162,870.83374,2160.481,831.1671,2162.0469,785.6154,2162.8528,756.8544,2163.943,789.3556,2196.648,832.7774,2228.8523,895.7802,2266.468,972.95074,2288.8394,1056.4598,2294.2502,1145.7236,2285.486,1225.7487,2259.0757,1290.1082,2221.992,1335.3163,2189.335,1367.631,2161.071
191,191,3183,757.2205,2164.4202,783.199,2138.2356,822.7224,2109.1382,879.6728,2076.1108,966.625,2046.783,1049.9211,2067.165,1136.5455,2046.6909,1228.303,2076.8533,1293.0024,2108.8987,1337.3075,2137.64,1367.6775,2161.5933,1340.0846,2161.1553,1290.1471,2159.9102,1246.8738,2156.7688,1191.4497,2154.0493,1125.8818,2155.4734,1053.2886,2158.2559,986.726,2154.6301,925.5409,2153.065,872.2004,2157.6838,831.5373,2160.9395,785.9647,2163.3403,1340.0846,2161.1553,1291.5072,2158.5142,1247.8657,2156.0405,1192.0177,2154.4705,1124.4308,2158.2925,1052.6423,2161.1113,985.4038,2158.1636,924.54755,2159.247,871.1741,2160.9363,831.4949,2162.5198,785.9647,2163.3403,757.2205,2164.4202,789.75244,2197.0952,833.2045,2229.2139,896.2337,2266.7761,973.33075,2289.095,1056.6875,2294.4785,1145.7521,2285.7126,1225.8037,2259.346,1290.1555,2222.3193,1335.3665,2189.7744,1367.6775,2161.5933
192,192,3200,757.7505,2165.0437,783.7611,2138.8743,823.2582,2109.8086,880.1346,2076.7424,967.0548,2047.3066,1050.4666,2067.6382,1136.962,2047.1296,1228.5154,2077.35,1293.0408,2109.4404,1337.3688,2138.1865,1367.7476,2162.1838,1340.1583,2161.738,1290.2156,2160.4502,1246.9207,2157.3313,1191.5022,2154.6387,1126.1003,2156.0698,1053.7682,2158.8381,987.1895,2155.2725,925.99805,2153.7275,872.66565,2158.3403,832.02234,2161.5657,786.4743,2163.9644,1340.1583,2161.738,1291.5668,2159.1099,1247.896,2156.657,1192.0901,2155.1018,1124.6687,2158.9055,1053.1053,2161.6912,985.8528,2158.7622,925.0077,2159.8547,871.6319,2161.5354,831.97034,2163.1333,786.4743,2163.9644,757.7505,2165.0437,790.34985,2197.6536,833.8038,2229.6548,896.79193,2267.1814,973.7962,2289.4998,1057.0602,2294.892,1145.8651,2286.1506,1225.8362,2259.848,1290.2075,2222.8572,1335.4304,2190.3623,1367.7476,2162.1838
193,193,3216,757.9765,2165.4236,784.0145,2139.2446,823.5321,2110.1892,880.4144,2077.1184,967.36786,2047.6564,1050.9305,2068.0288,1137.4114,2047.5243,1228.9114,2077.885,1293.3202,2110.0774,1337.5547,2138.91,1367.8346,2163.0208,1340.2482,2162.5388,1290.3422,2161.1729,1247.0759,2158.0042,1191.7115,2155.2588,1126.4136,2156.6323,1054.1943,2159.3413,987.5441,2155.7588,926.2925,2154.1802,872.9256,2158.7708,832.26715,2161.974,786.69543,2164.358,1340.2482,2162.5388,1291.739,2159.8254,1248.0962,2157.3176,1192.3292,2155.7131,1124.9991,2159.455,1053.5063,2162.18,986.18524,2159.2307,925.3,2160.2998,871.8845,2161.954,832.2051,2163.5398,786.69543,2164.358,757.9765,2165.4236,790.6124,2198.0627,834.0874,2230.06,897.10406,2267.6099,974.11646,2289.9553,1057.3916,2295.37,1146.0881,2286.7024,1225.9725,2260.4968,1290.3447,2223.5725,1335.5559,2191.153,1367.8346,2163.0208
194,194,3233,758.2214,2165.9006,784.28345,2139.7507,823.8121,2110.7334,880.693,2077.6877,967.6162,2048.195,1051.2258,2068.5696,1137.6206,2048.0435,1229.0114,2078.4744,1293.3418,2110.6772,1337.5969,2139.5266,1367.8973,2163.6611,1340.3069,2163.1736,1290.3842,2161.7773,1247.1016,2158.5754,1191.7643,2155.8,1126.5582,2157.1519,1054.4574,2159.8582,987.75946,2156.264,926.483,2154.6816,873.12244,2159.2734,832.4826,2162.4739,786.92554,2164.8445,1340.3069,2163.1736,1291.7688,2160.4768,1248.1168,2157.9797,1192.3984,2156.361,1125.1598,2160.0679,1053.768,2162.7566,986.3995,2159.8003,925.5055,2160.8633,872.09076,2162.5,832.41956,2164.0613,786.92554,2164.8445,758.2214,2165.9006,790.8532,2198.5618,834.30896,2230.5564,897.31793,2268.0925,974.32025,2290.4304,1057.5946,2295.8503,1146.17,2287.2283,1225.9865,2261.0986,1290.3715,2224.231,1335.5983,2191.8186,1367.8973,2163.6611
195,195,3250,758.2478,2166.4448,784.32965,2140.3013,823.88043,2111.2947,880.77606,2078.2507,967.69684,2048.713,1051.3246,2069.082,1137.6637,2048.5693,1229.0469,2079.1096,1293.3989,2111.3567,1337.6532,2140.2544,1367.9541,2164.4246,1340.3661,2163.8945,1290.4425,2162.4443,1247.1604,2159.1907,1191.8213,2156.3591,1126.6006,2157.6794,1054.5264,2160.3586,987.8157,2156.7483,926.5211,2155.1619,873.14777,2159.7632,832.50104,2162.9722,786.94354,2165.3591,1340.3661,2163.8945,1291.8267,2161.1375,1248.1755,2158.5955,1192.4554,2156.921,1125.2048,2160.5818,1053.8274,2163.2383,986.4566,2160.288,925.5551,2161.3699,872.1285,2163.013,832.44885,2164.5732,786.94354,2165.3591,758.2478,2166.4448,790.8866,2199.0854,834.3492,2231.066,897.3659,2268.5847,974.3659,2290.9011,1057.6157,2296.3198,1146.2339,2287.7495,1226.0278,2261.7053,1290.4146,2224.9116,1335.6493,2192.5488,1367.9541,2164.4246
196,196,3266,758.22076,2167.0088,784.3148,2140.831,823.87964,2111.8086,880.7825,2078.7358,967.7025,2049.135,1051.3552,2069.489,1137.7362,2048.9836,1229.122,2079.6042,1293.4623,2111.882,1337.7021,2140.8281,1368.0023,2165.0627,1340.4156,2164.5186,1290.4916,2163.0217,1247.2122,2159.74,1191.8829,2156.8853,1126.6763,2158.186,1054.5531,2160.8416,987.82184,2157.24,926.5182,2155.6658,873.1338,2160.2744,832.47675,2163.4956,786.9123,2165.909,1340.4156,2164.5186,1291.8752,2161.741,1248.2278,2159.1924,1192.5134,2157.4912,1125.277,2161.1128,1053.8555,2163.733,986.4612,2160.7979,925.5541,2161.9111,872.116,2163.566,832.4283,2165.1216,786.9123,2165.909,758.22076,2167.0088,790.86145,2199.6592,834.3333,2231.6387,897.3629,2269.127,974.36865,2291.394,1057.6475,2296.7998,1146.289,2288.273,1226.049,2262.3142,1290.4486,2225.5667,1335.6921,2193.1992,1368.0023,2165.0627
197,197,3283,758.16956,2167.8364,784.28796,2141.563,823.8741,2112.482,880.7748,2079.3857,967.6998,2049.7473,1051.4034,2070.0742,1137.8192,2049.5771,1229.2004,2080.2524,1293.5226,2112.5217,1337.743,2141.4995,1368.0417,2165.7788,1340.457,2165.2126,1290.5367,2163.6846,1247.2603,2160.361,1191.9402,2157.4673,1126.7523,2158.7463,1054.5933,2161.4001,987.81335,2157.8044,926.5115,2156.252,873.114,2160.8994,832.4395,2164.1782,786.8632,2166.6768,1340.457,2165.2126,1291.9197,2162.383,1248.2776,2159.8152,1192.5674,2158.0947,1125.3501,2161.7034,1053.8937,2164.3088,986.4573,2161.4167,925.54974,2162.582,872.0993,2164.2673,832.3984,2165.8306,786.8632,2166.6768,758.16956,2167.8364,790.8259,2200.4534,834.3145,2232.4043,897.35693,2269.7698,974.3653,2291.8914,1057.6768,2297.2446,1146.3289,2288.731,1226.0527,2262.8525,1290.476,2226.208,1335.7316,2193.89,1368.0417,2165.7788
198,198,3300,758.1645,2168.4941,784.27716,2142.1519,823.8716,2113.025,880.7815,2079.9077,967.71436,2050.2397,1051.421,2070.5396,1137.8557,2049.9912,1229.24,2080.6294,1293.5682,2112.8503,1337.7869,2141.7979,1368.0778,2166.0452,1340.494,2165.4785,1290.5765,2163.9902,1247.3027,2160.6929,1191.988,2157.8335,1126.8021,2159.17,1054.6062,2161.8762,987.8279,2158.2988,926.5164,2156.7576,873.1121,2161.4282,832.4391,2164.7432,786.8646,2167.2847,1340.494,2165.4785,1291.964,2162.6416,1248.3219,2160.0896,1192.6125,2158.3962,1125.3976,2162.048,1053.9052,2164.687,986.4759,2161.8364,925.56116,2163.0454,872.1005,2164.7678,832.3991,2166.3545,786.8646,2167.2847,758.1645,2168.4941,790.81104,2201.1145,834.3038,2233.1125,897.36,2270.4907,974.3765,2292.5435,1057.6965,2297.8364,1146.3732,2289.2815,1226.076,2263.3503,1290.5015,2226.618,1335.7662,2194.2097,1368.0778,2166.0452
199,199,3316,758.2439,2168.558,784.35254,2142.2693,823.9588,2113.1868,880.89307,2080.1196,967.8427,2050.4934,1051.607,2070.8093,1138.0292,2050.2722,1229.3931,2080.9219,1293.698,2113.1162,1337.9098,2142.0276,1368.1913,2166.2244,1340.5999,2165.6665,1290.6674,2164.2068,1247.3809,2160.9082,1192.0807,2158.0366,1126.9264,2159.363,1054.7601,2162.067,987.9267,2158.4636,926.59436,2156.9043,873.188,2161.5618,832.5212,2164.8643,786.9591,2167.3699,1340.5999,2165.6665,1292.069,2162.8577,1248.4344,2160.3271,1192.7402,2158.6658,1125.5613,2162.332,1054.0931,2164.9653,986.5946,2162.0842,925.65454,2163.2544,872.18085,2164.9272,832.4885,2166.4778,786.9591,2167.3699,758.2439,2168.558,790.86786,2201.237,834.3468,2233.3362,897.40985,2270.8464,974.4534,2293.0012,1057.8282,2298.3357,1146.487,2289.8186,1226.1737,2263.8484,1290.6152,2227.0012,1335.8914,2194.4702,1368.1913,2166.2244
200,200,3333,758.7756,2168.62,784.858,2142.3503,824.45746,2113.2832,881.4191,2080.2295,968.3801,2050.5898,1052.2391,2070.8892,1138.6119,2050.3489,1229.9062,2081.0051,1294.1465,2113.1924,1338.2898,2142.0994,1368.5027,2166.2883,1340.9067,2165.7354,1291.0061,2164.2908,1247.7472,2160.9922,1192.5231,2158.1191,1127.4819,2159.4446,1055.3739,2162.1558,988.42017,2158.5518,927.06537,2156.998,873.68097,2161.6565,833.0306,2164.953,787.49164,2167.437,1340.9067,2165.7354,1292.4218,2162.9578,1248.8165,2160.4543,1193.1895,2158.8137,1126.1328,2162.4812,1054.7363,2165.106,987.12744,2162.2144,926.16785,2163.3706,872.69275,2165.0225,833.0132,2166.5574,787.49164,2167.437,758.7756,2168.62,791.38055,2201.3108,834.8551,2233.422,897.9247,2270.9385,974.97565,2293.1072,1058.412,2298.4565,1146.9708,2289.9543,1226.5453,2264.0007,1290.9714,2227.1477,1336.2496,2194.5764,1368.5027,2166.2883
201,201,3350,759.7123,2168.5415,785.74725,2142.2998,825.3196,2113.2566,882.29004,2080.2234,969.29956,2050.5938,1053.3455,2070.8916,1139.7562,2050.3567,1230.9966,2081.0186,1295.1,2113.2034,1339.1024,2142.1025,1369.1473,2166.2854,1341.5619,2165.732,1291.7439,2164.2896,1248.5458,2160.999,1193.4186,2158.1294,1128.493,2159.455,1056.4114,2162.1658,989.3187,2158.5552,927.91766,2156.991,874.5404,2161.6357,833.92303,2164.9148,788.4176,2167.3738,1341.5619,2165.732,1293.2107,2162.9639,1249.6746,2160.4753,1194.1216,2158.847,1127.1732,2162.5154,1055.7814,2165.137,988.039,2162.2373,927.0373,2163.3787,873.5468,2165.008,833.89185,2166.521,788.4176,2167.3738,759.7123,2168.5415,792.2779,2201.2605,835.7282,2233.3992,898.8036,2270.9436,975.86957,2293.1335,1059.3386,2298.491,1147.8125,2289.9934,1227.2761,2264.0388,1291.7047,2227.1707,1336.9712,2194.5862,1369.1473,2166.2854
202,202,3366,760.3334,2168.4546,786.3684,2142.2332,825.96893,2113.213,883.0031,2080.2048,970.01697,2050.5842,1054.1184,2070.8809,1140.5052,2050.3472,1231.7356,2081.0034,1295.8141,2113.1697,1339.7776,2142.0532,1369.7708,2166.224,1342.1653,2165.6768,1292.3339,2164.2515,1249.1531,2160.9707,1194.0897,2158.111,1129.245,2159.4429,1057.1542,2162.156,989.9761,2158.5422,928.5658,2156.9695,875.20447,2161.6006,834.58386,2164.8643,789.0576,2167.2988,1342.1653,2165.6768,1293.8083,2162.9236,1250.2671,2160.4482,1194.7693,2158.831,1127.9159,2162.5056,1056.5286,2165.1296,988.70746,2162.2266,927.7008,2163.3582,874.212,2164.9714,834.5489,2166.467,789.0576,2167.2988,760.3334,2168.4546,792.8443,2201.1995,836.29395,2233.3704,899.3981,2270.9326,976.5115,2293.1323,1060.0751,2298.4941,1148.5508,2289.993,1227.9435,2264.0312,1292.3633,2227.1514,1337.6432,2194.544,1369.7708,2166.224
203,203,3383,760.9472,2168.3545,787.0402,2142.1648,826.68677,2113.172,883.761,2080.1887,970.8055,2050.5774,1054.9773,2070.868,1141.3447,2050.3345,1232.4556,2080.994,1296.3907,2113.1465,1340.2009,2142.0044,1370.0609,2166.1426,1342.4961,2165.6116,1292.7501,2164.2175,1249.6566,2160.9558,1194.699,2158.0964,1129.98,2159.4272,1057.9481,2162.142,990.7076,2158.5332,929.2577,2156.9558,875.8504,2161.569,835.2138,2164.811,789.6467,2167.2158,1342.4961,2165.6116,1294.2489,2162.8909,1250.7913,2160.4321,1195.3822,2158.8174,1128.6392,2162.4873,1057.2816,2165.1135,989.39795,2162.2173,928.3465,2163.342,874.8108,2164.9373,835.1369,2166.4136,789.6467,2167.2158,760.9472,2168.3545,793.4303,2201.1265,836.88586,2233.325,900.0389,2270.908,977.18524,2293.121,1060.7681,2298.4885,1149.1578,2289.9844,1228.4166,2264.0193,1292.7727,2227.1267,1337.9973,2194.492,1370.0609,2166.1426
204,204,3400,761.6662,2168.2705,787.6774,2142.1047,827.2567,2113.1443,884.2786,2080.153,971.30286,2050.4922,1055.4943,2070.764,1141.7872,2050.2112,1232.8297,2080.8916,1296.6743,2113.0781,1340.3956,2141.9836,1370.1729,2166.084,1342.6255,2165.5725,1292.9312,2164.1877,1249.8942,2160.908,1195.0164,2158.0461,1130.4087,2159.388,1058.4689,2162.115,991.2119,2158.5144,929.7891,2156.9463,876.4226,2161.543,835.8605,2164.764,790.3466,2167.1436,1342.6255,2165.5725,1294.449,2162.8694,1251.0422,2160.394,1195.697,2158.7664,1129.0499,2162.4316,1057.7758,2165.0657,989.8887,2162.1814,928.8696,2163.3281,875.3753,2164.9097,835.76135,2166.366,790.3466,2167.1436,761.6662,2168.2705,794.03186,2201.0625,837.4074,2233.2837,900.52167,2270.8845,977.64813,2293.1077,1061.2261,2298.4788,1149.5243,2289.974,1228.6833,2264.0056,1292.989,2227.1099,1338.1692,2194.4587,1370.1729,2166.084
205,205,3416,762.1375,2168.216,788.0581,2142.09,827.5596,2113.0857,884.5318,2080.0503,971.5644,2050.361,1055.8346,2070.6392,1142.1791,2050.0886,1233.2831,2080.8042,1297.0887,2113.0266,1340.7472,2141.9685,1370.4425,2166.0327,1342.9036,2165.5376,1293.2369,2164.1636,1250.2281,2160.871,1195.3597,2158.006,1130.7719,2159.35,1058.8293,2162.074,991.54736,2158.4705,930.1194,2156.8965,876.7749,2161.4998,836.27795,2164.7358,790.80054,2167.107,1342.9036,2165.5376,1294.7578,2162.8389,1251.3474,2160.337,1195.9998,2158.6907,1129.3717,2162.352,1058.0972,2164.989,990.1959,2162.0974,929.19446,2163.246,875.7364,2164.8477,836.1681,2166.3328,790.80054,2167.107,762.1375,2168.216,794.4833,2201.043,837.8048,2233.2446,900.86017,2270.8518,977.9565,2293.0872,1061.5287,2298.4644,1149.8058,2289.9592,1228.9237,2263.9827,1293.2334,2227.0784,1338.426,2194.438,1370.4425,2166.0327
206,206,3433,762.41907,2168.1667,788.2759,2142.0386,827.73175,2113.0518,884.67145,2080.0322,971.6957,2050.2876,1055.9944,2070.5356,1142.3447,2049.954,1233.4857,2080.6785,1297.2985,2112.9236,1340.9493,2141.8972,1370.6187,2166.0095,1343.093,2165.4983,1293.431,2164.092,1250.4205,2160.795,1195.545,2157.9414,1130.9674,2159.3042,1059.033,2162.0417,991.74603,2158.456,930.3251,2156.8813,876.99335,2161.4692,836.52344,2164.691,791.06854,2167.0562,1343.093,2165.4983,1294.9729,2162.7686,1251.5482,2160.2576,1196.189,2158.6096,1129.5698,2162.28,1058.297,2164.9358,990.381,2162.063,929.3843,2163.2375,875.9405,2164.818,836.3921,2166.2888,791.06854,2167.0562,762.41907,2168.1667,794.73083,2200.991,838.033,2233.2085,901.08997,2270.8389,978.18646,2293.055,1061.7621,2298.4111,1150.0142,2289.8867,1229.094,2263.9004,1293.4114,2226.9956,1338.6168,2194.3774,1370.6187,2166.0095
207,207,3450,762.63635,2168.108,788.4396,2141.9983,827.85236,2113.0396,884.7633,2079.9832,971.7815,2050.199,1056.1156,2070.436,1142.4979,2049.8462,1233.7051,2080.5974,1297.5452,2112.866,1341.2273,2141.8767,1370.9166,2165.9626,1343.381,2165.4673,1293.6853,2164.06,1250.6486,2160.7375,1195.7517,2157.8735,1131.1544,2159.2383,1059.1876,2161.9802,991.8767,2158.4026,930.4602,2156.8416,877.1559,2161.451,836.7276,2164.6633,791.2975,2167.0056,1343.381,2165.4673,1295.2426,2162.7358,1251.7874,2160.1987,1196.4026,2158.5315,1129.7743,2162.1953,1058.4755,2164.853,990.5276,2161.9863,929.5317,2163.185,876.1086,2164.795,836.5847,2166.2644,791.2975,2167.0056,762.63635,2168.108,794.92664,2200.9485,838.21045,2233.1936,901.2596,2270.801,978.3589,2292.9856,1061.9579,2298.3333,1150.228,2289.8071,1229.3058,2263.8354,1293.6576,2226.9548,1338.9033,2194.36,1370.9166,2165.9626
208,208,3466,762.65424,2168.0715,788.44934,2141.9575,827.861,2113.0168,884.7746,2079.953,971.8044,2050.1248,1056.1603,2070.353,1142.5616,2049.734,1233.8307,2080.5037,1297.7007,2112.7966,1341.3976,2141.846,1371.0833,2165.9282,1343.544,2165.4487,1293.8314,2164.026,1250.7772,2160.6848,1195.8607,2157.8157,1131.2452,2159.1897,1059.2568,2161.9421,991.9272,2158.3765,930.4984,2156.828,877.18677,2161.431,836.75476,2164.6282,791.3215,2166.9656,1343.544,2165.4487,1295.3967,2162.6858,1251.9171,2160.1196,1196.5063,2158.434,1129.8635,2162.0984,1058.5479,2164.7683,990.5811,2161.9248,929.57294,2163.1553,876.1398,2164.7783,836.6101,2166.2305,791.3215,2166.9656,762.65424,2168.0715,794.95703,2200.9075,838.26074,2233.1658,901.338,2270.7817,978.45386,2292.9128,1062.0656,2298.2263,1150.3344,2289.6897,1229.4036,2263.7363,1293.7766,2226.8877,1339.0549,2194.3293,1371.0833,2165.9282
209,209,3483,762.70703,2168.0305,788.47455,2141.9207,827.874,2113.0012,884.78015,2079.9207,971.80707,2050.0747,1056.1681,2070.305,1142.5787,2049.6816,1233.8934,2080.474,1297.8042,2112.7817,1341.5592,2141.813,1371.3011,2165.8735,1343.7489,2165.4058,1293.9834,2164.0095,1250.8896,2160.647,1195.9401,2157.754,1131.294,2159.1187,1059.2805,2161.8733,991.94696,2158.3127,930.52094,2156.7783,877.2212,2161.41,836.80743,2164.603,791.3838,2166.925,1343.7489,2165.4058,1295.5623,2162.6604,1252.045,2160.0618,1196.6002,2158.3542,1129.93,2162.0137,1058.5853,2164.6885,990.6094,2161.854,929.6045,2163.1035,876.1827,2164.7527,836.6637,2166.2107,791.3838,2166.925,762.70703,2168.0305,795.00195,2200.87,838.30566,2233.1514,901.38446,2270.7366,978.50433,2292.821,1062.1234,2298.1143,1150.4166,2289.5764,1229.5045,2263.6455,1293.9188,2226.8398,1339.2465,2194.304,1371.3011,2165.8735
210,210,3500,762.69507,2168.0125,788.4659,2141.8804,827.86456,2112.9302,884.7687,2079.831,971.7973,2049.9866,1056.1729,2070.233,1142.5925,2049.6133,1233.9058,2080.4229,1297.8319,2112.7334,1341.6173,2141.7776,1371.3889,2165.851,1343.8352,2165.3818,1294.0424,2163.9473,1250.9242,2160.5642,1195.9548,2157.6604,1131.3054,2159.0222,1059.2856,2161.7747,991.94354,2158.2058,930.51483,2156.6704,877.21405,2161.3203,836.7982,2164.5432,791.3713,2166.9062,1343.8352,2165.3818,1295.6296,2162.5894,1252.0822,2159.9575,1196.6129,2158.2207,1129.9415,2161.8635,1058.5905,2164.5332,990.60583,2161.703,929.599,2162.9744,876.17535,2164.657,836.655,2166.1482,791.3713,2166.9062,762.69507,2168.0125,794.9942,2200.836,838.29987,2233.0745,901.3806,2270.6152,978.5027,2292.6584,1062.1285,2297.9407,1150.4279,2289.417,1229.5115,2263.5156,1293.943,2226.751,1339.305,2194.2607,1371.3889,2165.851
211,211,3516,762.5394,2167.846,788.33075,2141.6667,827.76215,2112.6958,884.6957,2079.614,971.74927,2049.8188,1056.1605,2070.1143,1142.6039,2049.5466,1233.9199,2080.408,1297.8403,2112.7073,1341.645,2141.7334,1371.4432,2165.8242,1343.8685,2165.3396,1294.0504,2163.9077,1250.938,2160.5522,1195.9678,2157.606,1131.3121,2158.9062,1059.2615,2161.6025,991.87897,2157.9792,930.4265,2156.4163,877.113,2161.0737,836.6859,2164.3262,791.2486,2166.7239,1343.8685,2165.3396,1295.6373,2162.5496,1252.0962,2159.9397,1196.6213,2158.18,1129.942,2161.768,1058.5629,2164.3782,990.5457,2161.5159,929.525,2162.7727,876.0896,2164.4517,836.5502,2165.9468,791.2486,2166.7239,762.5394,2167.846,794.8411,2200.669,838.1714,2232.9133,901.27765,2270.4407,978.41565,2292.4683,1062.0773,2297.7861,1150.4061,2289.324,1229.5085,2263.493,1293.9532,2226.7156,1339.3313,2194.2168,1371.4432,2165.8242
212,212,3533,762.2858,2167.8008,788.05194,2141.587,827.4864,2112.5862,884.449,2079.508,971.5168,2049.7227,1056.0055,2070.012,1142.5062,2049.454,1233.8745,2080.3286,1297.8259,2112.6426,1341.6559,2141.7068,1371.4603,2165.7944,1343.8843,2165.3171,1294.036,2163.8804,1250.8773,2160.488,1195.886,2157.5037,1131.2095,2158.7676,1059.1056,2161.4517,991.64685,2157.8186,930.1864,2156.2737,876.8959,2160.9517,836.4755,2164.2368,791.0568,2166.6624,1343.8843,2165.3171,1295.6249,2162.5312,1252.041,2159.906,1196.537,2158.1306,1129.8496,2161.7026,1058.4341,2164.2964,990.348,2161.4243,929.3147,2162.6782,875.88965,2164.3574,836.35443,2165.8591,791.0568,2166.6624,762.2858,2167.8008,794.5433,2200.6108,837.8558,2232.862,900.97754,2270.3694,978.1684,2292.3748,1061.9491,2297.7039,1150.3285,2289.254,1229.4633,2263.4617,1293.948,2226.6948,1339.3453,2194.1892,1371.4603,2165.7944
213,213,3550,761.7758,2167.7654,787.4246,2141.5554,826.8462,2112.5735,883.859,2079.492,970.9674,2049.7073,1055.5751,2069.9846,1142.1921,2049.4263,1233.6982,2080.2827,1297.7554,2112.596,1341.6356,2141.6848,1371.4618,2165.7698,1343.85,2165.2993,1293.9567,2163.8647,1250.7491,2160.4443,1195.7045,2157.4353,1130.9731,2158.6838,1058.7373,2161.3718,991.1903,2157.7463,929.7039,2156.23,876.4446,2160.938,836.03705,2164.2107,790.6306,2166.6277,1343.85,2165.2993,1295.533,2162.5015,1251.8933,2159.8628,1196.3398,2158.0813,1129.6088,2161.656,1058.0804,2164.2544,989.9067,2161.3882,928.8678,2162.6482,875.46515,2164.341,835.9462,2165.8403,790.6306,2166.6277,761.7758,2167.7654,793.9847,2200.5776,837.3009,2232.84,900.4568,2270.3345,977.73914,2292.2876,1061.6527,2297.597,1150.1599,2289.141,1229.3477,2263.3845,1293.8873,2226.6658,1339.327,2194.174,1371.4618,2165.7698
214,214,3566,761.31976,2167.749,787.00903,2141.5117,826.5011,2112.5076,883.58673,2079.4243,970.7754,2049.6492,1055.4551,2069.934,1142.1255,2049.3665,1233.6619,2080.2117,1297.7214,2112.5166,1341.5989,2141.6,1371.4188,2165.7046,1343.7965,2165.2295,1293.8995,2163.796,1250.6919,2160.3894,1195.6389,2157.3984,1130.9009,2158.6575,1058.6206,2161.3481,991.02466,2157.727,929.47943,2156.2112,876.15265,2160.9143,835.6816,2164.187,790.2116,2166.609,1343.7965,2165.2295,1295.4795,2162.4214,1251.8296,2159.7861,1196.2662,2158.013,1129.5228,2161.597,1057.933,2164.204,989.6968,2161.3452,928.6007,2162.612,875.14056,2164.3093,835.5703,2165.8118,790.2116,2166.609,761.31976,2167.749,793.5654,2200.5627,836.9245,2232.8276,900.15845,2270.3228,977.5266,2292.272,1061.5251,2297.5771,1150.0963,2289.117,1229.3024,2263.3503,1293.8486,2226.6135,1339.2866,2194.105,1371.4188,2165.7046
215,215,3583,761.30536,2167.6948,786.9801,2141.4229,826.454,2112.3823,883.52277,2079.272,970.6966,2049.4666,1055.3833,2069.719,1142.0543,2049.1826,1233.5817,2080.0618,1297.6207,2112.388,1341.4698,2141.4888,1371.2539,2165.6301,1343.6444,2165.1357,1293.7615,2163.6653,1250.5665,2160.2483,1195.5347,2157.2505,1130.8185,2158.5034,1058.5435,2161.1887,990.9431,2157.581,929.40894,2156.0803,876.0987,2160.7983,835.64526,2164.0935,790.18994,2166.547,1343.6444,2165.1357,1295.3563,2162.3057,1251.7146,2159.661,1196.1682,2157.885,1129.4479,2161.4653,1057.8563,2164.0754,989.6146,2161.2295,928.52704,2162.5112,875.0834,2164.2217,835.52844,2165.7356,790.18994,2166.547,761.30536,2167.6948,793.5505,2200.4717,836.90076,2232.6772,900.11847,2270.1277,977.46313,2292.0632,1061.4384,2297.3628,1149.9729,2288.8928,1229.1292,2263.1392,1293.6655,2226.4446,1339.1139,2193.9849,1371.2539,2165.6301
216,216,3600,761.2919,2167.6487,786.9723,2141.3213,826.4419,2112.2192,883.4904,2079.0266,970.65894,2049.1426,1055.3485,2069.3833,1142.0151,2048.8687,1233.5337,2079.8237,1297.5394,2112.217,1341.3502,2141.3657,1371.0984,2165.5708,1343.4923,2165.0427,1293.6165,2163.527,1250.4386,2160.103,1195.4292,2157.1072,1130.7446,2158.3599,1058.5043,2161.0317,990.9131,2157.4377,929.3913,2155.9368,876.08875,2160.663,835.6343,2163.979,790.1752,2166.4812,1343.4923,2165.0427,1295.2277,2162.1426,1251.5769,2159.4426,1196.0386,2157.629,1129.3524,2161.2048,1057.7938,2163.8318,989.57153,2161.0037,928.5009,2162.32,875.0679,2164.075,835.5207,2165.6282,790.1752,2166.4812,761.2919,2167.6487,793.54156,2200.3816,836.8965,2232.5122,900.10345,2269.9082,977.4256,2291.8047,1061.3568,2297.071,1149.8164,2288.5833,1228.9012,2262.8264,1293.4423,2226.1895,1338.9292,2193.8381,1371.0984,2165.5708
217,217,3616,761.23456,2167.6199,786.9038,2141.3096,826.3776,2112.178,883.4342,2078.9614,970.6191,2049.0618,1055.3333,2069.3096,1142.0156,2048.8186,1233.538,2079.809,1297.5526,2112.1943,1341.4009,2141.3276,1371.1912,2165.548,1343.5623,2165.0085,1293.6378,2163.492,1250.4418,2160.084,1195.4318,2157.0867,1130.7412,2158.3145,1058.4867,2160.964,990.8775,2157.359,929.35175,2155.8618,876.0454,2160.6104,835.5929,2163.9575,790.12506,2166.4587,1343.5623,2165.0085,1295.2487,2162.1074,1251.5806,2159.4185,1196.0369,2157.617,1129.3402,2161.1724,1057.7646,2163.7815,989.5251,2160.9456,928.4543,2162.269,875.0202,2164.045,835.47174,2165.6172,790.12506,2166.4587,761.23456,2167.6199,793.4755,2200.359,836.8371,2232.502,900.0531,2269.8584,977.3744,2291.7114,1061.3151,2296.986,1149.7949,2288.5193,1228.8959,2262.8103,1293.449,2226.1602,1338.9807,2193.8032,1371.1912,2165.548
218,218,3633,761.1573,2167.5916,786.84753,2141.279,826.3387,2112.1504,883.4144,2078.946,970.61725,2049.0593,1055.3479,2069.3096,1142.0558,2048.8064,1233.5922,2079.7964,1297.6028,2112.1824,1341.4314,2141.297,1371.203,2165.503,1343.5734,2164.9797,1293.6534,2163.4724,1250.464,2160.0562,1195.4556,2157.0703,1130.7694,2158.3245,1058.5052,2160.9995,990.8762,2157.3928,929.34717,2155.8738,876.0283,2160.5977,835.55804,2163.9307,790.0591,2166.4287,1343.5734,2164.9797,1295.267,2162.088,1251.6111,2159.3916,1196.0697,2157.6074,1129.3688,2161.2,1057.7759,2163.8347,989.5224,2160.9766,928.4433,2162.265,874.993,2164.0203,835.43243,2165.5864,790.0591,2166.4287,761.1573,2167.5916,793.4063,2200.3315,836.7715,2232.5142,900.01105,2270.0183,977.3657,2292.0654,1061.3274,2297.3997,1149.8635,2288.8762,1229.0042,2262.968,1293.5446,2226.153,1339.0283,2193.7754,1371.203,2165.503
219,219,3650,760.92926,2167.2173,786.74744,2141.006,826.30664,2111.9963,883.41113,2078.889,970.65625,2049.0515,1055.5563,2069.3022,1142.4929,2048.7969,1234.202,2079.779,1298.2781,2112.1558,1342.1393,2141.2622,1371.9055,2165.469,1344.2158,2164.9492,1294.1671,2163.4568,1250.9075,2160.0771,1195.823,2157.158,1131.064,2158.451,1058.6823,2161.1113,990.91504,2157.4475,929.3424,2155.8667,876.0089,2160.5876,835.486,2163.8306,789.8762,2166.1682,1344.2158,2164.9492,1295.8181,2162.1104,1252.1151,2159.4905,1196.4601,2157.784,1129.6501,2161.3967,1057.9373,2163.9788,989.55273,2161.0264,928.4383,2162.2498,874.9742,2163.9985,835.3713,2165.4856,789.8762,2166.1682,760.92926,2167.2173,793.2825,2200.2122,836.7118,2232.492,899.9967,2270.1404,977.3663,2292.5374,1061.435,2298.15,1150.158,2289.7192,1229.5076,2263.6702,1294.2653,2226.5027,1339.8032,2193.838,1371.9055,2165.469
220,220,3666,759.8606,2166.948,786.1442,2140.7405,826.0737,2111.752,883.3863,2078.697,970.7729,2048.9204,1056.1167,2069.2034,1143.6469,2048.608,1235.9628,2079.4688,1300.3312,2111.801,1344.3486,2140.9128,1374.2024,2165.1858,1346.176,2164.7666,1295.716,2163.3887,1252.256,2160.0664,1197.001,2157.144,1131.989,2158.4548,1059.1559,2161.1392,991.02454,2157.472,929.33844,2155.8643,875.9333,2160.568,835.1877,2163.7957,789.1189,2166.0024,1346.176,2164.7666,1297.4998,2162.0903,1253.7622,2159.4756,1197.884,2157.8433,1130.7479,2161.5354,1058.5326,2164.1282,989.72455,2161.139,928.4428,2162.276,874.9095,2163.976,835.13025,2165.4575,789.1189,2166.0024,759.8606,2166.948,792.50183,2200.1875,836.30634,2232.8105,899.9351,2271.237,977.4173,2294.259,1061.9951,2300.0488,1151.5544,2291.43,1231.6328,2264.8345,1296.8914,2226.8853,1342.416,2193.812,1374.2024,2165.1858
221,221,3683,756.0588,2165.3987,783.76855,2139.5598,825.0132,2110.9277,883.1853,2078.2498,970.8861,2048.7344,1056.9076,2069.0605,1145.3455,2048.3376,1238.2473,2078.843,1302.9121,2110.8408,1346.9934,2139.7156,1376.8789,2163.8208,1348.5059,2163.809,1297.6196,2162.984,1253.9708,2159.9326,1198.6215,2157.134,1133.2756,2158.452,1059.6934,2161.179,991.04504,2157.4949,929.17865,2155.8523,875.22656,2160.502,833.5031,2163.44,786.03937,2164.9321,1348.5059,2163.809,1299.571,2161.877,1256.0586,2159.4597,1200.0822,2158.0642,1132.5226,2162.043,1059.4164,2164.6606,989.8534,2161.5046,928.3942,2162.348,874.32916,2163.953,833.8007,2165.1267,786.03937,2164.9321,756.0588,2165.3987,789.6189,2200.0881,834.64575,2233.341,899.4643,2273.4377,977.4208,2297.8452,1062.7743,2304.157,1153.7523,2295.1624,1234.8175,2267.3723,1300.4618,2227.6355,1345.6653,2193.767,1376.8789,2163.8208
222,222,3700,751.02734,2161.2827,780.07086,2136.4927,822.9849,2108.927,882.5614,2077.3813,970.89966,2048.5867,1057.8185,2068.875,1147.6356,2048.0503,1241.4626,2077.4849,1307.0282,2108.129,1352.0631,2135.8887,1382.7766,2158.9802,1353.7366,2159.9663,1302.1208,2160.3557,1257.4338,2157.9473,1201.6022,2155.7046,1135.3938,2157.4233,1060.4872,2160.4773,991.03925,2156.69,928.5755,2154.8167,873.76794,2159.0852,830.5964,2161.441,781.9911,2161.7834,1353.7366,2159.9663,1303.6637,2161.0093,1260.1118,2159.479,1203.5483,2159.4802,1135.019,2165.0393,1060.4647,2168.0,989.85986,2164.181,927.96014,2163.4607,872.9122,2163.9458,831.5709,2164.43,781.9911,2161.7834,751.02734,2161.2827,785.5447,2199.3853,831.9733,2233.8425,898.3631,2276.4568,977.40326,2303.133,1063.8931,2310.2944,1156.9711,2300.895,1239.9148,2271.3171,1306.6451,2228.5312,1352.0409,2193.0107,1382.7766,2158.9802
223,223,3716,747.70215,2155.3247,776.08704,2128.402,820.2938,2100.0579,881.4519,2069.6975,970.81604,2042.9862,1058.3921,2061.2112,1149.4716,2040.7827,1243.8745,2066.5647,1310.9963,2095.7717,1357.5372,2124.933,1388.1,2151.1116,1357.8479,2152.7961,1308.752,2147.457,1261.8103,2139.256,1205.5321,2132.345,1138.0283,2132.097,1061.1002,2136.32,990.5927,2133.1165,926.5553,2134.15,871.28973,2143.2356,826.2523,2150.936,779.99927,2156.1777,1357.8479,2152.7961,1307.9932,2161.477,1265.6836,2168.34,1209.4857,2179.9658,1140.3438,2192.4363,1063.3577,2196.7954,990.11926,2191.2817,927.8688,2183.469,872.3643,2172.8215,830.7434,2165.2373,779.99927,2156.1777,747.70215,2155.3247,782.41907,2199.4163,829.8087,2241.2087,897.3535,2292.39,977.4457,2324.222,1067.2695,2332.9526,1164.44,2322.1123,1249.5782,2288.396,1315.9908,2236.6323,1359.9491,2192.9966,1388.1,2151.1116
224,224,3733,739.38257,2134.8723,768.8611,2108.3552,815.3075,2083.4888,878.9618,2058.2886,970.4304,2036.714,1059.7474,2054.2444,1154.4454,2034.8628,1249.954,2056.8408,1318.5109,2082.5413,1366.6465,2109.8948,1397.997,2137.0225,1367.8799,2140.3982,1321.613,2130.3457,1271.1277,2120.14,1213.1595,2112.9292,1142.5465,2113.0967,1061.8353,2117.7158,988.8462,2113.114,920.7129,2112.436,863.244,2120.6316,814.8657,2129.3984,772.3675,2138.233,1367.8799,2140.3982,1318.4486,2162.5708,1277.0853,2181.566,1220.2756,2205.2039,1148.9453,2224.2341,1067.3132,2230.128,990.1624,2221.5808,926.4242,2205.709,868.62604,2182.4316,825.656,2165.2417,772.3675,2138.233,739.38257,2134.8723,775.5195,2196.4226,824.34174,2245.1335,893.68353,2307.113,977.18933,2346.942,1070.4437,2358.441,1172.9795,2346.051,1261.0118,2306.1418,1327.4034,2244.287,1370.8688,2192.431,1397.997,2137.0225
225,225,3750,727.3655,2108.8086,758.8938,2085.0586,808.24695,2065.0388,875.0136,2045.8031,969.54535,2030.1625,1061.2086,2048.167,1160.6187,2029.9867,1258.5103,2048.8657,1329.4232,2070.8872,1380.2448,2095.2583,1413.8324,2121.1096,1384.3745,2126.0176,1339.0236,2114.546,1284.627,2105.28,1223.427,2099.9663,1148.3777,2101.5562,1062.5573,2106.214,985.9978,2099.6304,912.74084,2095.532,852.0304,2100.12,800.2855,2106.463,760.0561,2114.8176,1384.3745,2126.0176,1333.1594,2162.6504,1290.6749,2188.7234,1231.5824,2218.3308,1157.0294,2240.3918,1070.6279,2246.8914,990.1312,2236.217,923.35315,2215.826,862.06885,2185.587,816.7732,2163.0881,760.0561,2114.8176,727.3655,2108.8086,766.103,2186.215,817.0863,2245.1921,888.5113,2313.1602,976.36273,2357.7322,1072.8477,2371.1824,1180.2349,2358.2966,1271.4911,2315.0378,1339.4954,2247.5303,1384.7692,2189.4827,1413.8324,2121.1096
226,226,3766,714.02045,2088.5847,747.4477,2066.3806,799.67584,2049.0193,869.8296,2033.4668,968.2868,2022.2019,1062.8508,2040.9092,1167.2872,2023.6351,1268.7291,2039.948,1342.5187,2059.293,1396.1305,2081.6511,1431.7507,2106.3838,1402.4023,2112.1526,1356.5464,2100.8152,1299.1794,2092.8982,1234.6584,2089.4338,1155.0907,2092.461,1063.6002,2097.281,983.1361,2089.2476,905.033,2082.5674,841.0195,2084.3892,786.42334,2088.589,746.3811,2095.8135,1402.4023,2112.1526,1347.7565,2161.928,1302.8512,2189.9023,1240.8652,2221.058,1163.2084,2243.9185,1072.978,2250.6138,989.8788,2239.226,919.172,2217.4307,854.28076,2185.193,806.4156,2157.411,746.3811,2095.8135,714.02045,2088.5847,755.48193,2174.3708,809.11536,2244.8706,883.01447,2313.6838,975.14136,2359.4636,1074.5452,2373.4294,1185.5781,2360.4707,1279.7714,2316.3486,1350.4872,2247.4426,1399.0133,2183.5808,1431.7507,2106.3838
227,227,3783,701.40704,2071.2185,737.1916,2051.5232,792.13165,2036.9725,865.4137,2024.4429,967.5153,2016.1796,1065.795,2035.5652,1175.4241,2018.6675,1280.4285,2032.6548,1356.7992,2048.8027,1412.894,2067.7961,1450.7991,2089.196,1421.8436,2096.2673,1374.6649,2087.7046,1314.9929,2082.782,1247.4232,2082.182,1163.5374,2087.2078,1065.7971,2092.492,981.0551,2083.4104,898.7082,2074.4229,831.42224,2073.429,774.2464,2074.8447,733.1605,2079.7332,1421.8436,2096.2673,1363.0338,2157.1855,1315.2021,2188.1882,1250.0886,2219.7537,1169.138,2243.9548,1075.0942,2251.6648,989.2981,2239.8235,914.06,2216.8604,845.8056,2184.0264,795.6324,2149.0364,733.1605,2079.7332,701.40704,2071.2185,745.4752,2161.843,801.53925,2243.4426,877.733,2312.854,973.787,2359.8064,1076.2517,2374.0164,1190.7313,2360.2952,1287.7192,2314.5703,1361.2015,2246.5103,1413.3969,2172.5894,1450.7991,2089.196
228,228,3800,690.5845,2058.3328,727.9318,2040.3646,785.0003,2027.7986,860.8025,2017.6593,966.28357,2011.9478,1068.0282,2031.8021,1181.3192,2015.0688,1288.6133,2026.87,1366.8909,2040.1993,1425.0879,2056.4797,1464.9907,2075.2783,1436.4697,2083.0095,1388.4756,2076.0723,1327.0266,2073.0454,1257.035,2074.5605,1169.9143,2081.3984,1067.5742,2087.345,978.593,2077.328,892.36676,2066.4194,822.31116,2063.4607,763.09937,2063.3447,721.6116,2067.3064,1436.4697,2083.0095,1375.1567,2150.2825,1325.0605,2186.3901,1257.3538,2217.1633,1173.7288,2241.9336,1076.7675,2250.1604,988.4364,2238.2522,908.90967,2214.9543,837.81006,2183.3538,785.6918,2140.5889,721.6116,2067.3064,690.5845,2058.3328,736.8245,2151.1956,795.1181,2239.3743,873.39215,2310.4353,972.5038,2356.6416,1077.6254,2370.5742,1194.355,2356.7166,1293.3176,2311.199,1369.1272,2244.8516,1424.2942,2161.4065,1464.9907,2075.2783
229,229,3816,681.33563,2051.1587,720.26654,2034.8357,779.21606,2023.7554,856.80383,2014.9958,964.8424,2010.2255,1069.3557,2030.1157,1184.7676,2013.0739,1293.3964,2023.2545,1372.8861,2034.1615,1432.6931,2047.8065,1474.3014,2063.8037,1446.0035,2072.274,1397.1919,2067.7456,1334.6056,2066.8306,1263.1117,2070.3672,1174.0171,2078.8828,1068.6965,2085.7834,976.0864,2075.5396,887.0618,2063.7263,815.1664,2059.4983,754.4267,2058.0188,712.148,2060.4934,1446.0035,2072.274,1383.0774,2142.4192,1331.7393,2185.7932,1262.4917,2214.2263,1177.1548,2239.4404,1078.1317,2248.2957,987.6711,2236.603,905.0357,2213.264,831.9363,2183.2375,778.20624,2134.627,712.148,2060.4934,681.33563,2051.1587,729.77673,2144.832,790.1015,2235.671,870.1617,2308.666,971.5099,2354.506,1078.8645,2368.151,1197.3438,2353.8518,1297.6222,2308.376,1374.7211,2240.6365,1431.563,2151.3872,1474.3014,2063.8037
230,230,3833,673.03705,2046.6243,712.9011,2031.5419,773.1291,2021.3381,852.2177,2013.4227,962.82684,2009.3024,1070.0204,2029.4142,1186.6302,2011.9642,1295.9623,2021.2123,1375.7621,2030.8965,1435.8783,2043.3129,1477.736,2057.6816,1449.3716,2066.3975,1400.1498,2063.9836,1337.7018,2064.529,1265.8691,2069.3247,1175.9835,2078.8835,1069.2118,2086.362,973.1821,2075.888,882.0318,2063.2961,808.8604,2058.0002,747.28894,2055.3005,704.0117,2056.121,1449.3716,2066.3975,1385.934,2135.351,1334.2197,2183.851,1264.4792,2210.8462,1178.4601,2235.4954,1078.6046,2244.507,986.28925,2233.1157,900.8391,2210.5977,826.2505,2180.9756,771.3594,2128.964,704.0117,2056.121,673.03705,2046.6243,723.018,2139.803,784.8261,2231.1484,866.40875,2306.943,969.85547,2351.9468,1079.2312,2365.2954,1198.2673,2350.8342,1298.9727,2306.061,1376.509,2235.1567,1434.0094,2144.3137,1477.736,2057.6816
231,231,3850,665.1255,2042.1669,706.23456,2028.373,767.93427,2019.2766,848.4499,2012.2318,961.1901,2008.3914,1070.7075,2028.4011,1188.443,2010.5088,1298.7522,2018.6531,1379.3297,2026.8611,1440.2963,2037.7983,1482.8849,2050.5188,1454.5894,2059.741,1404.9441,2059.1724,1341.8766,2061.4404,1269.167,2067.8298,1178.1567,2078.6594,1069.7854,2086.863,970.74133,2076.343,877.8419,2063.164,803.28827,2056.7402,740.3786,2052.6194,696.0815,2051.9204,1454.5894,2059.741,1390.0782,2129.208,1337.73,2180.7449,1267.202,2208.3635,1180.2422,2232.895,1079.3306,2242.1233,985.2268,2230.828,897.6789,2208.615,821.6426,2178.349,765.38086,2124.7837,696.0815,2051.9204,665.1255,2042.1669,717.2513,2135.9844,780.93787,2227.1516,864.00745,2305.652,968.8271,2349.8555,1079.8655,2363.0486,1199.6998,2348.473,1301.046,2304.4802,1379.3054,2229.7246,1437.8121,2138.1611,1482.8849,2050.5188
232,232,3866,660.3393,2040.3541,701.7511,2027.192,763.9329,2018.5176,845.03033,2011.88,959.1647,2008.2115,1070.7524,2028.2588,1188.6558,2010.1833,1299.4913,2018.0674,1380.4146,2025.9893,1441.6921,2036.7329,1484.364,2049.0334,1456.0906,2058.237,1406.2891,2058.4468,1343.0635,2061.3113,1270.0583,2068.277,1178.6385,2079.6313,1069.8578,2088.0737,968.3028,2077.4016,874.44727,2063.7158,799.3475,2056.6294,736.06305,2051.7534,691.2373,2050.1326,1456.0906,2058.237,1391.0951,2126.3079,1338.2979,2178.3223,1267.2831,2206.6228,1180.0188,2230.9343,1079.1829,2240.0684,983.5177,2228.845,894.47925,2207.0574,817.74884,2175.7056,760.98926,2122.0967,691.2373,2050.1326,660.3393,2040.3541,713.2505,2133.82,777.80023,2224.1147,861.64545,2304.8416,967.2915,2348.0608,1079.7367,2361.1125,1199.1554,2346.6663,1300.5453,2303.3552,1379.3522,2226.486,1438.5687,2135.9714,1484.364,2049.0334
233,233,3883,659.25226,2038.2971,700.3732,2025.7848,762.22485,2017.5968,843.09924,2011.4238,957.52924,2008.0392,1070.7053,2028.0752,1188.4877,2009.889,1299.3267,2017.3911,1380.0908,2024.8378,1441.1127,2035.0948,1483.5549,2046.6896,1455.2932,2055.9573,1405.6787,2056.898,1342.75,2060.3523,1269.9589,2067.9,1178.6566,2079.7913,1069.8615,2088.513,966.5379,2077.6655,872.7118,2063.5386,797.79425,2055.9426,734.85986,2050.4897,690.1439,2048.1853,1455.2932,2055.9573,1390.2063,2123.3823,1337.3964,2175.1567,1266.4681,2205.1487,1179.3496,2229.2168,1078.9213,2238.3833,981.9449,2227.1848,892.44183,2205.7483,815.95764,2172.822,759.4702,2119.702,690.1439,2048.1853,659.25226,2038.2971,712.1513,2131.6018,776.61584,2221.0896,860.31915,2304.5415,965.9877,2346.4668,1079.533,2359.3716,1198.3123,2345.0344,1299.364,2302.9302,1378.1053,2222.9207,1437.4506,2133.3533,1483.5549,2046.6896
234,234,3900,657.905,2036.4688,699.1117,2024.684,760.85016,2017.105,841.5364,2011.3539,956.08484,2008.0837,1070.6165,2028.1217,1188.0938,2009.8075,1298.7136,2017.0067,1379.2367,2023.9757,1440.0759,2033.679,1482.4666,2044.6389,1454.1956,2054.0906,1404.503,2055.7627,1341.8602,2059.7866,1269.3546,2067.8083,1178.35,2080.047,1069.825,2088.9534,965.03674,2078.001,871.2878,2063.5984,796.49915,2055.5618,733.6981,2049.5305,688.81494,2046.4989,1454.1956,2054.0906,1389.1537,2121.0198,1336.5538,2172.1067,1265.933,2204.0183,1178.9955,2227.9358,1078.7566,2237.1729,980.8278,2225.8965,891.2089,2204.7334,814.9258,2169.9365,758.4384,2117.5933,688.81494,2046.4989,657.905,2036.4688,711.3391,2129.5488,775.95886,2218.2903,859.55597,2304.1577,965.11127,2345.2395,1079.404,2358.103,1197.8662,2343.8008,1298.6842,2302.8347,1377.1593,2219.9607,1436.3186,2131.1948,1482.4666,2044.6389
235,235,3916,654.2214,2034.2761,696.2625,2023.4418,758.54297,2016.7213,839.4082,2011.591,954.0387,2008.4384,1070.5713,2028.4518,1187.126,2010.0588,1297.2483,2017.0303,1377.513,2023.3724,1438.4065,2032.237,1481.2228,2042.2365,1453.1354,2051.952,1403.151,2054.3982,1340.4471,2059.0942,1268.028,2067.7036,1177.4028,2080.346,1069.6636,2089.4358,962.7087,2078.3687,868.6438,2063.6287,793.5083,2055.0225,730.24506,2048.3142,685.01196,2044.5577,1453.1354,2051.952,1387.9095,2119.1536,1335.3285,2169.6558,1264.8141,2203.1758,1178.1208,2227.1494,1078.5664,2236.4817,978.9585,2225.0925,888.94586,2203.9705,812.3147,2167.6895,755.3828,2115.9539,685.01196,2044.5577,654.2214,2034.2761,708.57983,2127.638,773.8505,2215.996,857.7641,2303.3333,963.5005,2344.2974,1079.3379,2357.0835,1196.9304,2342.853,1297.3474,2302.3481,1375.6653,2217.6067,1434.8408,2129.2083,1481.2228,2042.2365
236,236,3933,651.5493,2032.5771,693.84174,2022.502,756.1898,2016.426,837.0121,2011.8232,951.4214,2008.8448,1069.8041,2028.8944,1185.9795,2010.5044,1295.2687,2017.6067,1375.0161,2023.8438,1435.6005,2032.4469,1478.4685,2042.0535,1450.488,2051.7502,1400.3569,2054.5474,1337.9644,2059.4358,1265.9446,2068.1392,1176.1641,2080.8162,1068.751,2089.905,959.8075,2078.6902,865.77673,2063.669,790.7073,2054.6733,727.5341,2047.4807,682.2651,2043.0498,1450.488,2051.7502,1385.5382,2118.1199,1333.2352,2167.4873,1263.1093,2202.5222,1177.0088,2226.1746,1078.3323,2235.3774,976.76685,2224.018,886.7218,2203.563,810.02704,2165.013,752.93146,2114.148,682.2651,2043.0498,651.5493,2032.5771,706.29626,2125.7397,771.82764,2213.5764,855.8567,2301.586,961.5226,2343.6052,1078.8854,2356.1223,1195.9016,2342.0696,1295.5934,2301.403,1373.4941,2215.853,1432.3242,2128.408,1478.4685,2042.0535
237,237,3950,649.34375,2032.318,691.74786,2022.7559,753.9048,2017.065,834.44385,2012.6555,948.259,2009.4742,1067.8654,2029.5167,1185.3971,2011.1133,1293.5472,2018.5411,1372.7197,2024.7487,1433.0502,2033.072,1476.0817,2042.2799,1448.1594,2052.0308,1397.8658,2055.089,1335.6224,2060.1755,1263.9303,2068.9656,1175.2672,2081.6243,1066.7704,2090.6772,956.50574,2079.4133,862.80945,2064.3252,788.034,2055.173,725.1294,2047.7129,679.89575,2042.8656,1448.1594,2052.0308,1383.2053,2117.8499,1331.0383,2166.235,1261.3307,2201.9255,1176.1863,2225.734,1076.8375,2234.9363,973.5856,2223.432,883.8338,2203.0713,807.3984,2163.4004,750.4919,2113.4368,679.89575,2042.8656,649.34375,2032.318,704.11206,2125.094,769.50977,2212.2683,853.2932,2300.412,958.5776,2342.9678,1077.1017,2355.4167,1195.4352,2341.4202,1293.9644,2300.9712,1371.3843,2214.967,1429.9613,2128.3164,1476.0817,2042.2799
238,238,3966,646.97644,2033.2144,689.5047,2023.6265,751.72473,2017.8945,832.2823,2013.4083,946.01276,2009.9623,1066.4716,2029.9619,1184.834,2011.5132,1292.4155,2018.8634,1371.7795,2024.7526,1432.6392,2032.8344,1476.19,2041.9425,1448.3533,2051.833,1397.8134,2055.0564,1335.031,2060.4077,1262.9603,2069.4612,1174.4962,2082.2683,1065.483,2091.3987,954.4071,2080.231,860.75446,2065.2554,785.94916,2056.1348,722.8896,2048.6245,677.4887,2043.6982,1448.3533,2051.833,1382.888,2117.7078,1330.4126,2165.3972,1260.4695,2201.462,1175.4448,2225.399,1076.1958,2234.5608,971.953,2223.0078,882.3395,2202.6404,805.7912,2162.5593,748.5842,2113.5632,677.4887,2043.6982,646.97644,2033.2144,702.47516,2125.4778,768.33685,2211.7249,852.2881,2299.4124,957.2751,2342.5378,1076.3274,2354.8496,1194.8049,2340.9387,1292.966,2300.462,1370.5306,2214.4119,1429.5106,2128.2512,1476.19,2041.9425
239,239,3983,645.9316,2033.3107,688.7068,2024.1978,750.8225,2018.7954,831.1722,2014.3302,944.47644,2010.429,1065.2401,2030.4259,1184.4095,2011.9436,1291.4556,2019.5574,1370.9401,2025.3202,1432.2191,2033.1548,1476.378,2042.0061,1448.6301,2051.9924,1397.8505,2055.365,1334.7041,2060.8455,1262.275,2070.0261,1173.8348,2082.8735,1064.396,2092.0361,952.8832,2080.8945,859.38666,2065.9485,784.6805,2056.7588,721.76465,2049.0625,676.33936,2043.8633,1448.6301,2051.9924,1382.6554,2117.6775,1329.9254,2164.658,1259.7865,2201.0645,1174.8158,2224.989,1075.6243,2234.0415,970.7484,2222.4878,881.3972,2202.4272,804.9455,2161.5403,747.66064,2113.3362,676.33936,2043.8633,645.9316,2033.3107,701.89166,2125.239,767.90356,2210.8257,851.7838,2297.776,956.3798,2342.4739,1075.6624,2354.4268,1194.2677,2340.6226,1292.1592,2299.7083,1369.8878,2213.9473,1429.2167,2128.2786,1476.378,2042.0061
240,240,4000,646.714,2033.3232,689.2682,2024.7703,750.8435,2019.7938,830.5479,2015.2797,942.8209,2010.51,1063.3473,2030.5497,1183.5984,2012.0524,1290.9784,2020.4436,1369.7722,2026.4253,1430.6813,2034.1372,1474.8528,2042.7869,1447.1903,2052.7698,1396.5076,2056.0564,1333.5605,2061.4692,1261.3129,2070.6174,1173.6049,2083.4275,1062.9106,2092.5764,951.37787,2081.395,858.4273,2066.3857,784.2558,2057.0535,721.8803,2049.1675,676.86896,2043.8693,1447.1903,2052.7698,1381.3182,2118.1833,1328.7289,2164.4575,1258.9263,2200.7922,1174.6976,2225.0437,1074.3132,2234.006,969.2571,2222.2825,880.5065,2202.0845,804.6007,2160.9626,747.73254,2113.3179,676.86896,2043.8693,646.714,2033.3232,702.49963,2125.0042,768.1892,2210.0105,851.56854,2296.0483,955.4609,2342.1577,1074.4852,2354.1436,1193.926,2340.3909,1291.4977,2299.1501,1368.804,2213.8105,1427.846,2128.7947,1474.8528,2042.7869
241,241,4016,647.6983,2031.8431,689.3277,2024.0945,750.05927,2019.7446,829.1315,2015.7513,940.4415,2010.6322,1060.8795,2030.7299,1181.8866,2012.1633,1290.6959,2020.9181,1368.9805,2026.4292,1429.4354,2033.5867,1473.5082,2041.6793,1445.7639,2051.8635,1395.141,2055.5728,1332.5137,2061.2786,1260.5479,2070.6829,1173.2493,2083.695,1061.1893,2092.908,949.6558,2081.5872,857.09534,2066.2798,783.55457,2056.519,721.8658,2048.188,677.71454,2042.4167,1445.7639,2051.8635,1380.1322,2117.7554,1327.7516,2163.8308,1258.3684,2200.5405,1174.1537,2224.8445,1072.621,2233.8247,967.58203,2222.0032,879.4066,2202.0093,804.2667,2160.0103,747.84174,2112.459,677.71454,2042.4167,647.6983,2031.8431,703.1996,2123.7341,768.48035,2208.7554,851.25867,2294.1155,954.5085,2341.555,1073.1475,2354.0522,1193.1139,2340.3003,1291.1732,2298.0579,1368.0021,2213.232,1426.7181,2128.1682,1473.5082,2041.6793
242,242,4033,648.971,2030.8759,689.9533,2023.5056,750.03357,2019.5492,828.66425,2016.0812,938.9546,2010.7701,1058.8276,2030.9812,1179.8049,2012.4058,1289.7579,2021.0115,1368.3275,2025.7517,1428.5634,2032.3762,1473.0469,2039.944,1445.3173,2050.4878,1394.3782,2054.9583,1331.7244,2061.122,1259.9023,2070.892,1172.9318,2084.0989,1060.266,2093.3123,949.35486,2082.022,857.4103,2066.6096,784.195,2056.4866,722.6405,2047.7458,678.5965,2041.5264,1445.3173,2050.4878,1379.5049,2117.367,1326.9862,2163.523,1257.835,2200.3772,1173.7006,2225.2979,1071.325,2234.5881,966.4738,2222.4944,878.78937,2201.6577,804.2019,2159.7607,747.9596,2112.1423,678.5965,2041.5264,648.971,2030.8759,703.7444,2123.1414,768.4107,2208.6318,850.61005,2293.806,953.59503,2341.1497,1072.4485,2353.742,1192.964,2339.9438,1290.6011,2297.9226,1367.5582,2213.077,1426.3499,2127.3733,1473.0469,2039.944
243,243,4050,649.72833,2030.6978,690.4877,2023.542,750.37476,2019.7412,828.89075,2016.437,938.7615,2010.8668,1058.0143,2031.1587,1178.6556,2012.5287,1289.1526,2021.3356,1367.754,2026.0149,1427.9401,2032.5994,1472.7288,2040.0858,1445.1028,2050.7322,1393.8433,2055.6245,1331.122,2061.9937,1259.3812,2071.7163,1172.7516,2084.6936,1059.8896,2093.766,949.603,2082.6213,858.0738,2067.3586,784.92755,2057.1033,723.2397,2048.0286,679.0351,2041.363,1445.1028,2050.7322,1379.1025,2117.6926,1326.4269,2163.5166,1257.3456,2200.5884,1173.6083,2226.2346,1070.8315,2235.6685,966.25165,2223.2183,878.94037,2201.4023,804.6043,2159.64,748.3463,2112.0872,679.0351,2041.363,649.72833,2030.6978,704.22095,2123.089,768.54614,2208.804,850.3929,2293.7056,953.20056,2341.0684,1072.1373,2354.2915,1192.6803,2340.3054,1290.1797,2297.3782,1367.3378,2213.291,1426.1675,2127.7551,1472.7288,2040.0858
244,244,4066,650.7022,2031.1095,691.3748,2023.9874,751.0547,2020.1985,829.3177,2016.815,938.73254,2011.2561,1057.4978,2031.3512,1177.8223,2012.6456,1288.6455,2021.5953,1367.3391,2026.157,1427.3909,2032.7098,1472.2241,2040.2391,1444.7262,2050.9702,1393.4617,2055.9385,1330.6993,2062.492,1258.9696,2072.2954,1172.6945,2085.1501,1059.6659,2094.0774,949.8751,2083.0742,858.71564,2068.009,785.71094,2057.761,724.0188,2048.5508,679.80994,2041.7991,1444.7262,2050.9702,1378.7352,2118.1172,1325.9834,2163.6047,1256.9685,2201.3186,1173.5171,2227.8208,1070.4166,2237.45,966.0887,2224.6592,879.12994,2201.557,805.05786,2159.674,748.90204,2112.5105,679.80994,2041.7991,650.7022,2031.1095,704.96497,2123.4573,768.9773,2209.0852,850.4671,2293.6172,953.0132,2341.2637,1071.9515,2355.0398,1192.3931,2340.8345,1289.8524,2297.0251,1367.0582,2213.4377,1425.8197,2128.1519,1472.2241,2040.2391
245,245,4083,651.3603,2031.4854,692.1135,2024.5059,751.73804,2020.743,829.8373,2017.133,939.00073,2011.9799,1057.416,2031.9591,1177.6987,2013.1025,1288.31,2021.9044,1366.8632,2026.5642,1427.0896,2033.1106,1472.0234,2040.5378,1444.5677,2051.3396,1393.2834,2056.45,1330.5618,2063.097,1258.7087,2072.8599,1172.3163,2085.489,1059.6554,2094.207,950.3187,2083.4048,859.4509,2068.606,786.51483,2058.4407,724.8278,2049.15,680.4241,2042.2694,1444.5677,2051.3396,1378.5288,2118.3613,1325.7007,2163.606,1256.6215,2201.5132,1173.2434,2228.4875,1070.252,2238.2815,966.1292,2225.2844,879.43085,2201.4788,805.5295,2159.694,749.44104,2112.7776,680.4241,2042.2694,651.3603,2031.4854,705.63855,2123.6284,769.5179,2209.2434,850.80743,2293.5264,953.12476,2341.3484,1071.9348,2355.5125,1192.0469,2341.134,1289.6611,2296.6707,1366.9081,2213.6013,1425.624,2128.3528,1472.0234,2040.5378
246,246,4100,652.3771,2032.1482,693.1509,2025.261,752.61786,2021.3698,830.46356,2017.2769,939.3763,2013.8789,1057.4469,2033.7571,1177.59,2015.0966,1288.0034,2022.2216,1366.5005,2027.2163,1426.6945,2033.9653,1471.5297,2041.293,1444.0564,2052.0159,1392.912,2057.0403,1330.3157,2063.6394,1258.4896,2073.3186,1171.9893,2085.7888,1059.6348,2094.3376,950.6472,2083.7346,860.02905,2069.058,787.31494,2058.9595,725.84534,2049.7634,681.5519,2042.9407,1444.0564,2052.0159,1378.141,2118.675,1325.4015,2163.6313,1256.3322,2201.7903,1172.9471,2229.138,1070.2125,2238.9978,966.33936,2225.9094,879.9493,2201.5315,806.2867,2159.7214,750.4451,2113.1523,681.5519,2042.9407,652.3771,2032.1482,706.55536,2124.0034,770.1528,2209.3552,851.2394,2293.5063,953.30664,2341.1794,1071.895,2355.4548,1191.9382,2341.045,1289.4438,2296.3965,1366.6238,2213.7375,1425.2019,2128.74,1471.5297,2041.293
247,247,4116,652.41876,2032.5266,693.59314,2025.7798,753.1683,2021.8522,830.90234,2017.5007,939.63184,2015.53,1057.4512,2035.402,1177.5253,2016.798,1287.8009,2022.5618,1366.2174,2027.7157,1426.3884,2034.5155,1471.1982,2041.6035,1443.725,2052.3357,1392.7024,2057.3672,1330.1989,2063.9526,1258.3513,2073.6292,1171.7245,2086.076,1059.5608,2094.5132,950.7419,2084.0244,860.1714,2069.3718,787.4813,2059.3047,726.0346,2050.182,681.74133,2043.3665,1443.725,2052.3357,1377.8608,2118.6477,1325.1755,2163.4856,1256.1006,2201.6782,1172.7682,2228.8813,1070.0851,2238.6553,966.3971,2225.6807,880.15643,2201.4277,806.52966,2159.6167,750.7502,2113.1995,681.74133,2043.3665,652.41876,2032.5266,706.88824,2124.0083,770.57184,2209.081,851.57526,2292.7583,953.42883,2340.751,1071.746,2355.1965,1191.7701,2340.739,1289.3662,2295.7158,1366.436,2213.5454,1424.8694,2128.6597,1471.1982,2041.6035
248,248,4133,651.885,2033.5549,693.5192,2026.5376,753.39795,2022.228,831.21014,2018.0262,939.90015,2016.8251,1057.4803,2036.4302,1177.3638,2017.6854,1287.4229,2022.6223,1365.9764,2028.0963,1426.3765,2034.8337,1471.3049,2041.8434,1443.8127,2052.5898,1392.8212,2057.6765,1330.341,2064.2654,1258.3856,2073.9294,1171.4202,2086.285,1059.5701,2094.6047,950.89386,2084.105,860.2622,2069.6375,787.48627,2059.8093,725.9881,2050.939,681.4822,2044.2931,1443.8127,2052.5898,1377.8826,2118.4817,1325.2008,2163.1233,1255.9944,2201.527,1172.4583,2228.7715,1070.0792,2238.487,966.5607,2225.5898,880.4611,2201.2754,806.7895,2159.4917,750.926,2113.41,681.4822,2044.2931,651.885,2033.5549,706.9551,2124.398,770.9301,2208.9475,851.87445,2291.859,953.52576,2339.9001,1071.739,2354.4397,1191.5574,2340.0068,1289.1522,2294.7976,1366.2372,2213.3208,1424.7661,2128.5676,1471.3049,2041.8434
249,249,4150,652.26575,2034.3777,693.96576,2027.1506,753.82794,2022.5084,831.5445,2018.5947,940.1273,2017.957,1057.5049,2037.3805,1177.247,2018.6156,1287.1935,2022.8231,1365.7504,2028.445,1426.1509,2035.24,1471.0084,2042.265,1443.5212,2052.993,1392.602,2058.0298,1330.1973,2064.572,1258.2609,2074.1865,1171.1986,2086.4502,1059.5707,2094.6746,951.08344,2084.1968,860.55164,2069.8782,787.8457,2060.2253,726.44995,2051.5408,681.9465,2045.054,1443.5212,2052.993,1377.6918,2118.5933,1325.0759,2163.0818,1255.8538,2201.4219,1172.1998,2228.5762,1070.0776,2238.226,966.6945,2225.4263,880.76215,2201.1501,807.1741,2159.511,751.39087,2113.682,681.9465,2045.054,652.26575,2034.3777,707.369,2124.8286,771.27106,2209.0354,852.07086,2291.637,953.5797,2339.8127,1071.7319,2354.4136,1191.3812,2339.93,1288.99,2294.484,1366.059,2213.2905,1424.5265,2128.6895,1471.0084,2042.265
250,250,4166,652.63135,2035.1019,694.311,2027.6294,754.146,2022.6057,831.8031,2019.33,940.31464,2019.1573,1057.531,2038.3623,1177.1547,2019.5306,1287.0214,2023.0515,1365.5771,2028.7197,1425.9662,2035.5024,1470.7498,2042.4822,1443.2623,2053.223,1392.4126,2058.2322,1330.0641,2064.7761,1258.1514,2074.3896,1171.0294,2086.5942,1059.5592,2094.7795,951.2176,2084.2373,860.7591,2070.0305,788.12646,2060.5303,726.83484,2052.0122,682.3699,2045.6925,1443.2623,2053.223,1377.5189,2118.6804,1324.9473,2163.0603,1255.7235,2201.3438,1172.004,2228.467,1070.0697,2238.086,966.80994,2225.3928,881.00037,2201.0989,807.4786,2159.573,751.7706,2113.8774,682.3699,2045.6925,652.63135,2035.1019,707.69305,2125.2139,771.5447,2209.1475,852.2577,2291.6082,953.6551,2339.7412,1071.7258,2354.3235,1191.2703,2339.9023,1288.8767,2294.2688,1365.9281,2213.266,1424.3359,2128.7495,1470.7498,2042.4822
251,251,4183,652.8602,2035.7472,694.5446,2027.997,754.38556,2022.6881,832.0204,2019.9602,940.48334,2019.9525,1057.5575,2038.9824,1177.0826,2020.0514,1286.8301,2023.1129,1365.39,2028.9546,1425.8713,2035.7043,1470.7051,2042.7013,1443.2399,2053.413,1392.4216,2058.3882,1330.0211,2064.933,1258.0675,2074.5654,1170.8733,2086.7544,1059.5415,2094.8318,951.32196,2084.2856,860.91156,2070.1282,788.3223,2060.7402,727.10516,2052.3716,682.6588,2046.2332,1443.2399,2053.413,1377.4816,2118.6873,1324.8978,2162.9397,1255.6158,2201.3237,1171.8304,2228.3357,1070.0642,2237.9111,966.92,2225.2556,881.20905,2201.012,807.7239,2159.583,752.0621,2114.048,682.6588,2046.2332,652.8602,2035.7472,707.9266,2125.5369,771.785,2209.2507,852.45654,2291.4836,953.7504,2339.5513,1071.7096,2354.0828,1191.1649,2339.604,1288.736,2293.8271,1365.7805,2213.1936,1424.2269,2128.7876,1470.7051,2042.7013
252,252,4200,652.636,2036.269,694.45795,2028.2577,754.4271,2022.9943,832.11096,2020.8741,940.5908,2020.9905,1057.5568,2039.8119,1177.0321,2020.8163,1286.7113,2023.3953,1365.2374,2029.1558,1425.7609,2035.9113,1470.6038,2042.8777,1443.1212,2053.6055,1392.3075,2058.5957,1329.9161,2065.1296,1257.9712,2074.6934,1170.8347,2086.8584,1059.4486,2095.217,951.3032,2084.6748,860.86816,2070.3677,788.26495,2060.794,727.05414,2052.5916,682.5486,2046.6643,1443.1212,2053.6055,1377.3779,2118.705,1324.8053,2162.8567,1255.514,2201.2822,1171.7369,2228.2058,1070.016,2237.7449,966.9943,2225.1326,881.3276,2200.931,807.7974,2159.604,752.107,2114.187,682.5486,2046.6643,652.636,2036.269,707.87555,2125.8113,771.8979,2209.3398,852.6381,2291.3882,953.84717,2339.3984,1071.6333,2353.8916,1191.0897,2339.3413,1288.6685,2293.4407,1365.6594,2213.1292,1424.097,2128.8118,1470.6038,2042.8777
253,253,4216,652.5045,2036.656,694.4323,2028.3425,754.43713,2023.5564,832.11,2021.935,940.5635,2022.0641,1057.4055,2040.7659,1176.6827,2021.6707,1286.458,2023.9119,1365.211,2029.2559,1425.6539,2036.1376,1470.4855,2043.0881,1443.0076,2053.822,1392.1714,2058.8137,1329.8163,2065.285,1257.9467,2074.7302,1170.5544,2087.1506,1059.1871,2095.8037,951.13916,2085.2734,860.7345,2070.845,788.17957,2061.1018,727.0631,2052.6538,682.4905,2046.9481,1443.0076,2053.822,1377.2784,2118.7458,1324.7195,2162.8013,1255.4502,2201.2295,1171.6593,2228.0862,1069.8793,2237.595,966.9928,2225.0396,881.36127,2200.8655,807.8096,2159.6433,752.13916,2114.2659,682.4905,2046.9481,652.5045,2036.656,707.83575,2126.018,771.93365,2209.4065,852.74194,2291.3765,953.88666,2339.3347,1071.4796,2353.821,1190.9303,2339.3198,1288.6387,2293.272,1365.5718,2213.102,1423.9825,2128.8608,1470.4855,2043.0881
254,254,4233,651.9919,2036.9673,694.0679,2029.2085,754.17426,2025.051,831.8913,2023.7675,940.39795,2023.7026,1057.1106,2042.1996,1176.0549,2022.9458,1285.8123,2024.8519,1364.8356,2029.4888,1425.4637,2036.3097,1470.388,2043.447,1442.9293,2054.105,1392.1221,2058.9514,1329.6688,2065.4163,1257.6703,2075.1934,1169.9076,2088.074,1058.7075,2097.2146,950.7394,2086.7617,860.3212,2072.244,787.79266,2062.3708,726.7134,2053.6597,682.0766,2047.4607,1442.9293,2054.105,1377.1693,2118.821,1324.6019,2162.805,1255.2125,2201.1602,1171.1946,2227.977,1069.5463,2237.465,966.8517,2224.9512,881.2063,2200.8274,807.5492,2159.8823,751.8551,2114.688,682.0766,2047.4607,651.9919,2036.9673,707.4774,2126.2886,771.766,2209.4998,852.7372,2291.3508,953.8168,2339.1968,1071.0505,2353.6104,1190.113,2339.1128,1288.0042,2293.1248,1365.1609,2213.1372,1423.7659,2129.0142,1470.388,2043.447
255,255,4250,651.40375,2037.4797,693.5691,2030.3563,753.6797,2026.8604,831.3261,2025.9297,939.6847,2025.7695,1056.0988,2044.1711,1174.3696,2024.7855,1283.7456,2026.388,1363.0668,2030.1478,1424.0304,2036.4075,1469.0962,2043.7186,1441.7473,2054.2852,1391.0121,2059.0732,1328.4241,2065.849,1256.3168,2076.0024,1168.1224,2089.3252,1057.4141,2098.9028,949.692,2088.4495,859.436,2073.8174,787.0919,2063.8516,726.18835,2054.8987,681.55817,2048.1702,1441.7473,2054.2852,1375.9977,2118.8503,1323.5012,2162.8572,1253.9854,2201.136,1169.7167,2227.9226,1068.4735,2237.3708,966.1633,2224.9377,880.61,2200.8599,806.9681,2160.2014,751.35736,2115.2034,681.55817,2048.1702,651.40375,2037.4797,706.9109,2126.6843,771.24146,2209.695,852.2708,2291.3093,953.1616,2339.1287,1069.7645,2353.5447,1188.2195,2339.0486,1286.2963,2293.0417,1363.6191,2213.167,1422.4038,2129.1045,1469.0962,2043.7186
256,256,4266,650.5226,2038.4789,692.8874,2031.9973,753.0205,2029.1118,830.5082,2028.412,938.4963,2028.0262,1054.3533,2046.2578,1171.6691,2026.5923,1280.4648,2027.8651,1360.0988,2030.7921,1421.497,2036.4686,1466.852,2043.9635,1439.7372,2054.4648,1389.1204,2059.1821,1326.3854,2066.313,1254.1357,2076.921,1165.544,2090.788,1055.4988,2100.8906,948.21484,2090.5337,858.2468,2075.8647,786.1126,2065.82,725.3495,2056.6418,680.67584,2049.3767,1439.7372,2054.4648,1374.1752,2118.9001,1321.7474,2162.9644,1252.0696,2201.2202,1167.5057,2228.0332,1066.7616,2237.468,964.9783,2225.1716,879.61163,2201.1682,806.0118,2160.8928,750.50995,2116.158,680.67584,2049.3767,650.5226,2038.4789,706.1049,2127.483,770.4713,2210.2068,851.49316,2291.3423,952.0681,2339.0457,1067.8867,2353.4348,1185.5736,2338.9478,1283.7354,2292.9294,1361.1609,2213.2139,1420.1057,2129.1985,1466.852,2043.9635
257,257,4283,649.31793,2040.5836,691.7284,2034.4006,751.87103,2031.6909,829.28894,2030.9001,937.1247,2030.2709,1052.6782,2048.3853,1169.4073,2028.4966,1277.9204,2029.5472,1357.757,2031.7888,1419.3146,2036.906,1464.618,2044.0226,1437.557,2054.5972,1387.127,2059.6755,1324.4446,2067.13,1252.1708,2078.1272,1163.2389,2092.4863,1053.692,2103.0427,946.69806,2092.817,856.861,2078.178,784.86127,2068.249,724.24023,2059.1338,679.5817,2051.5864,1437.557,2054.5972,1372.2148,2119.0974,1319.8892,2163.1208,1250.129,2201.3103,1165.3297,2228.135,1064.9882,2237.5781,963.62115,2225.4626,878.3297,2201.63,804.7358,2161.914,749.3365,2117.7139,679.5817,2051.5864,649.31793,2040.5836,704.8653,2129.0183,769.26215,2211.1213,850.38306,2291.4946,950.8238,2338.9915,1066.0717,2353.3347,1183.1996,2338.8545,1281.4323,2292.8228,1358.8969,2213.3125,1417.9128,2129.272,1464.618,2044.0226
258,258,4300,648.37286,2042.8656,690.8968,2036.927,751.06647,2034.3647,828.38385,2033.4825,936.0239,2032.6407,1051.2864,2050.7568,1167.3628,2030.7207,1275.324,2031.7367,1355.0375,2033.5061,1416.5045,2038.1475,1461.6466,2044.7303,1434.6638,2055.4373,1384.3916,2060.9014,1321.9355,2068.5962,1249.8638,2079.8198,1160.9487,2094.4873,1052.1304,2105.314,945.47296,2095.1072,855.82306,2080.4731,783.9242,2070.651,723.3696,2061.5886,678.6549,2053.9014,1434.6638,2055.4373,1369.7,2119.8396,1317.6573,2163.7087,1248.0228,2201.8408,1163.2213,2228.7476,1063.3788,2238.2297,962.36444,2226.316,877.1414,2202.5837,803.577,2163.3423,748.29065,2119.5544,678.6549,2053.9014,648.37286,2042.8656,703.8121,2130.8823,768.167,2212.524,849.3069,2292.097,949.6389,2339.311,1064.4578,2353.5212,1181.0197,2338.9954,1279.122,2292.8938,1356.3783,2213.9136,1415.1986,2129.921,1461.6466,2044.7303
259,259,4316,647.1088,2045.1824,689.8135,2039.3259,750.0445,2036.786,827.2583,2035.7051,934.7256,2034.545,1049.7856,2052.5962,1165.2985,2032.3647,1272.898,2033.3235,1352.6549,2034.6874,1414.247,2038.8948,1459.4803,2045.0487,1432.6628,2055.8982,1382.4025,2061.6853,1319.9585,2069.681,1247.8911,2081.2358,1158.8857,2096.266,1050.5815,2107.391,944.1233,2097.2947,854.57,2082.7195,782.69037,2072.9736,722.1117,2063.9714,677.3095,2056.2617,1432.6628,2055.8982,1367.8324,2120.427,1315.8545,2164.2576,1246.175,2202.398,1161.2645,2229.4292,1061.7777,2239.0234,961.0142,2227.3818,875.80896,2203.8518,802.1906,2165.1204,746.94556,2121.6812,677.3095,2056.2617,647.1088,2045.1824,702.5566,2132.9795,766.95856,2214.2185,848.188,2292.98,948.4521,2339.8403,1062.9424,2353.8477,1179.0383,2339.2222,1277.0822,2293.009,1354.288,2214.4055,1413.086,2130.3506,1459.4803,2045.0487
260,260,4333,646.44037,2047.194,689.16925,2041.4102,749.3003,2038.9851,826.2705,2037.897,933.4007,2036.667,1048.149,2054.6572,1163.0612,2034.3611,1270.0328,2035.2299,1349.5487,2036.1752,1411.0109,2039.9572,1456.2257,2045.681,1429.6443,2056.645,1379.5543,2062.598,1317.2692,2070.714,1245.3743,2082.4292,1156.4673,2097.671,1048.8463,2108.96,942.7434,2098.8848,853.4125,2084.322,781.7048,2074.6694,721.26776,2065.805,676.5421,2058.2449,1429.6443,2056.645,1365.31,2121.3113,1313.6287,2165.1306,1244.141,2203.3508,1159.292,2230.5547,1060.2158,2240.2317,959.7339,2228.7253,874.6326,2205.2295,801.09784,2166.7878,745.99084,2123.5388,676.5421,2058.2449,646.44037,2047.194,701.734,2134.7126,765.9996,2215.6562,847.1236,2293.8389,947.2107,2340.4668,1061.3354,2354.348,1176.9753,2339.641,1274.8209,2293.3008,1351.7343,2215.082,1410.2073,2130.992,1456.2257,2045.681
261,261,4350,645.6695,2048.5667,688.43933,2042.8049,748.47076,2040.3328,825.2732,2039.0714,932.26227,2037.6492,1046.8124,2055.7485,1161.4153,2035.3557,1268.3959,2036.3557,1347.9902,2037.1995,1409.4701,2040.7798,1454.7087,2046.1937,1428.1172,2057.294,1377.8439,2063.6187,1315.5936,2072.0037,1243.7163,2083.9724,1154.7632,2099.426,1047.4951,2110.8088,941.67017,2100.7258,852.50714,2086.109,780.9148,2076.419,720.60974,2067.4788,675.7876,2059.7007,1428.1172,2057.294,1363.8368,2121.831,1312.2012,2165.536,1242.7034,2203.717,1157.7633,2230.9648,1058.8917,2240.668,958.6431,2229.237,873.6332,2205.7979,800.1709,2167.6208,745.1661,2124.616,675.7876,2059.7007,645.6695,2048.5667,700.8142,2135.9395,764.92633,2216.8281,845.98895,2294.7092,945.99445,2341.2268,1059.9226,2354.9978,1175.4348,2340.1936,1273.3862,2293.6501,1350.3279,2215.6902,1408.7635,2131.52,1454.7087,2046.1937
262,262,4366,645.7763,2049.7832,688.489,2043.9363,748.41327,2041.384,825.0512,2039.9751,931.8394,2038.4486,1046.1813,2056.5557,1160.5095,2036.0896,1267.4241,2037.1266,1347.0272,2037.9011,1408.4631,2041.3594,1453.7151,2046.5944,1427.1536,2057.8157,1376.8384,2064.291,1314.6531,2072.7722,1242.8217,2084.8457,1153.905,2100.39,1046.9376,2111.8174,941.3843,2101.788,852.38763,2087.2095,780.90247,2077.5808,720.6972,2068.7136,675.89575,2060.975,1427.1536,2057.8157,1363.0546,2122.361,1311.5215,2166.031,1242.0791,2204.2554,1157.138,2231.6152,1058.4214,2241.383,958.3719,2230.0354,873.47144,2206.615,800.096,2168.5974,745.17365,2125.7192,675.89575,2060.975,645.7763,2049.7832,700.8179,2137.0247,764.8394,2217.8484,845.83923,2295.4788,945.7376,2341.8982,1059.4862,2355.5786,1174.8674,2340.667,1272.7991,2293.9512,1349.6617,2216.1753,1407.959,2131.9355,1453.7151,2046.5944
263,263,4383,645.9641,2050.797,688.62427,2044.8662,748.50494,2042.241,825.095,2040.7361,931.8263,2039.1786,1046.0533,2057.338,1160.1655,2036.8113,1266.9525,2037.8828,1346.4415,2038.6191,1407.7106,2042.0021,1452.8113,2047.0988,1426.2145,2058.409,1375.9417,2065.0437,1313.9602,2073.6062,1242.2816,2085.7642,1153.4905,2101.3674,1046.7985,2112.8005,941.4221,2102.7834,852.503,2088.2078,781.05566,2078.6018,720.8806,2069.762,676.0871,2062.0093,1426.2145,2058.409,1362.3121,2122.8347,1310.9272,2166.4119,1241.6128,2204.6191,1156.7369,2232.0347,1058.1923,2241.8303,958.3048,2230.5327,873.4882,2207.123,800.1812,2169.2527,745.3087,2126.528,676.0871,2062.0093,645.9641,2050.797,700.9176,2137.8928,764.84784,2218.676,845.7807,2296.142,945.60266,2342.5173,1059.235,2356.1382,1174.4952,2341.1567,1272.3992,2294.289,1349.1681,2216.692,1407.2921,2132.4026,1452.8113,2047.0988
264,264,4400,646.1255,2051.405,688.746,2045.5115,748.60376,2042.9427,825.1719,2041.4926,931.83514,2040.0264,1045.9694,2058.2292,1159.9231,2037.7329,1266.5417,2038.7819,1345.9456,2039.3545,1407.1571,2042.5232,1452.253,2047.3562,1425.6792,2058.7322,1375.4255,2065.5566,1313.5647,2074.196,1241.973,2086.4062,1153.2332,2102.0393,1046.7107,2113.4739,941.4514,2103.4265,852.59424,2088.8293,781.1801,2079.2249,721.03375,2070.4014,676.2458,2062.6326,1425.6792,2058.7322,1361.8228,2123.017,1310.4886,2166.5142,1241.2382,2204.6846,1156.4073,2232.1145,1057.9883,2241.9348,958.24274,2230.6865,873.4966,2207.3179,800.2455,2169.5781,745.41516,2126.974,676.2458,2062.6326,646.1255,2051.405,701.01965,2138.3623,764.89355,2219.043,845.7777,2296.321,945.5323,2342.605,1059.0332,2356.1782,1174.1613,2341.1694,1271.9934,2294.271,1348.6862,2216.7927,1406.7501,2132.5447,1452.253,2047.3562
265,265,4416,646.19275,2052.509,688.7888,2046.4208,748.66583,2043.6814,825.2566,2042.04,931.9417,2040.4282,1046.0782,2058.6453,1160.0258,2038.0654,1266.6737,2039.149,1346.099,2039.7633,1407.3204,2042.947,1452.4004,2047.7566,1425.7983,2059.189,1375.5371,2066.13,1313.6781,2074.8252,1242.0829,2087.103,1153.3253,2102.8062,1046.8239,2114.2764,941.567,2104.274,852.6971,2089.7253,781.25507,2080.194,721.0632,2071.4458,676.29,2063.7231,1425.7983,2059.189,1361.9104,2123.309,1310.5533,2166.7056,1241.2981,2204.834,1156.4574,2232.2795,1058.0487,2242.126,958.32196,2230.9407,873.5816,2207.6472,800.33014,2170.1086,745.4708,2127.726,676.29,2063.7231,646.19275,2052.509,701.09863,2139.2634,764.9804,2219.8176,845.8617,2296.9097,945.61426,2343.1108,1059.103,2356.5874,1174.2263,2341.5205,1272.071,2294.5217,1348.7748,2217.1694,1406.8622,2132.8933,1452.4004,2047.7566
266,266,4433,646.9368,2053.3267,689.51447,2047.1608,749.21844,2044.403,825.5644,2042.745,932.0234,2041.1376,1046.1173,2059.2847,1160.1211,2038.7175,1266.7786,2039.7256,1346.1653,2040.2712,1407.323,2043.3849,1452.2976,2048.1147,1425.7173,2059.576,1375.5238,2066.5107,1313.7262,2075.1733,1242.1687,2087.4414,1153.4105,2103.149,1046.8776,2114.6265,941.6427,2104.6387,852.9019,2090.1304,781.61743,2080.6692,721.62164,2072.0408,676.98804,2064.499,1425.7173,2059.576,1361.9309,2123.7454,1310.6106,2167.1423,1241.3612,2205.36,1156.4784,2232.94,1058.1428,2242.8765,958.48627,2231.7512,873.82324,2208.4448,800.67413,2170.9355,745.97156,2128.569,676.98804,2064.499,646.9368,2053.3267,701.7086,2140.0056,765.43286,2220.4368,846.1761,2297.352,945.8124,2343.5085,1059.1953,2356.928,1174.2776,2341.7908,1272.1627,2294.7056,1348.8479,2217.4783,1406.8728,2133.2122,1452.2976,2048.1147
267,267,4450,647.9443,2053.957,690.46124,2047.7354,749.94104,2044.9512,826.006,2043.2783,932.1779,2041.7104,1046.1616,2059.8188,1160.2,2039.2543,1266.8667,2040.2244,1346.2025,2040.7329,1407.2919,2043.7932,1452.197,2048.439,1425.6152,2059.8994,1375.4838,2066.8271,1313.7617,2075.4324,1242.2433,2087.653,1153.4836,2103.3413,1046.9047,2114.816,941.81055,2104.8223,853.2439,2090.344,782.1658,2080.9595,722.4495,2072.4436,677.9844,2065.054,1425.6152,2059.8994,1361.9376,2123.9202,1310.6565,2167.2363,1241.4186,2205.421,1156.5015,2233.0027,1058.252,2242.9539,958.7147,2231.8567,874.1652,2208.5847,801.1669,2171.1743,746.67755,2128.9324,677.9844,2065.054,647.9443,2053.957,702.51154,2140.3997,766.0216,2220.66,846.5783,2297.4382,946.0696,2343.5454,1059.2975,2356.9421,1174.3291,2341.794,1272.2389,2294.6997,1348.899,2217.5618,1406.8684,2133.3699,1452.197,2048.439
268,268,4466,648.6881,2054.4246,691.2407,2048.1404,750.64307,2045.3276,826.5516,2043.6282,932.5232,2042.0554,1046.4128,2060.1167,1160.3054,2039.5404,1266.933,2040.4813,1346.3048,2040.9645,1407.3976,2043.9869,1452.2821,2048.575,1425.6879,2060.0405,1375.5492,2066.949,1313.8114,2075.5168,1242.2614,2087.7046,1153.571,2103.3755,1047.125,2114.8523,942.1336,2104.8633,853.6534,2090.422,782.6701,2081.113,723.09784,2072.7078,678.70374,2065.4685,1425.6879,2060.0405,1361.971,2124.0269,1310.7247,2167.3052,1241.5735,2205.4739,1156.7562,2233.068,1058.6354,2243.049,959.1822,2232.001,874.65485,2208.785,801.6848,2171.466,747.2803,2129.2986,678.70374,2065.4685,648.6881,2054.4246,703.1584,2140.7773,766.59955,2220.9338,847.1267,2297.5671,946.58234,2343.5884,1059.6807,2356.9414,1174.523,2341.7798,1272.2998,2294.6804,1348.9437,2217.5942,1406.948,2133.4324,1452.2821,2048.575
269,269,4483,650.0505,2055.1443,692.5372,2048.8193,751.74603,2045.9742,827.4067,2044.2192,933.06995,2042.5603,1046.7842,2060.4746,1160.444,2039.8069,1266.9958,2040.6621,1346.4012,2041.0947,1407.4845,2044.0555,1452.3339,2048.6213,1425.7389,2060.0566,1375.6125,2067.0044,1313.857,2075.5823,1242.3151,2087.7732,1153.7449,2103.4734,1047.5198,2115.0173,942.71436,2105.1047,854.43994,2090.7634,783.67303,2081.5674,724.3657,2073.2698,680.08954,2066.1318,1425.7389,2060.0566,1362.0183,2124.0425,1310.7794,2167.303,1241.7305,2205.458,1157.062,2233.0415,1059.1646,2243.031,959.9131,2232.0354,875.5215,2208.903,802.68176,2171.7283,748.4542,2129.716,680.08954,2066.1318,650.0505,2055.1443,704.3977,2141.2632,767.73615,2221.2017,848.18024,2297.633,947.4901,2343.5696,1060.3048,2356.9155,1174.801,2341.7559,1272.3717,2294.6265,1348.9988,2217.59,1407.0259,2133.473,1452.3339,2048.6213
270,270,4500,650.61084,2055.412,693.1228,2049.0723,752.2683,2046.2227,827.8241,2044.4484,933.3006,2042.7445,1046.894,2060.5962,1160.4786,2039.9208,1267.0756,2040.783,1346.4414,2041.2007,1407.4542,2044.1188,1452.2291,2048.6636,1425.671,2060.0742,1375.6212,2067.0493,1313.9177,2075.638,1242.3792,2087.834,1153.7638,2103.5527,1047.638,2115.1235,942.92676,2105.2375,854.74146,2090.9226,784.0506,2081.7507,724.8311,2073.4817,680.60913,2066.389,1425.671,2060.0742,1362.0421,2124.0557,1310.8275,2167.309,1241.773,2205.453,1157.0873,2233.0422,1059.2686,2243.0542,960.10516,2232.1038,875.7768,2209.024,802.9996,2171.9192,748.86365,2129.9558,680.60913,2066.389,650.61084,2055.412,704.8707,2141.481,768.12225,2221.348,848.4938,2297.6787,947.73413,2343.562,1060.436,2356.89,1174.8241,2341.7363,1272.4392,2294.6123,1349.0417,2217.595,1407.0059,2133.5059,1452.2291,2048.6636
271,271,4516,650.8943,2055.5925,693.34644,2049.1863,752.43335,2046.2808,827.9077,2044.4581,933.32965,2042.7264,1046.955,2060.5723,1160.5474,2039.9197,1267.1235,2040.8326,1346.4335,2041.2815,1407.3865,2044.2122,1452.0872,2048.738,1425.5583,2060.1438,1375.5925,2067.1082,1313.9419,2075.6794,1242.4393,2087.8591,1153.8187,2103.5725,1047.6816,2115.1436,942.9606,2105.2603,854.8219,2090.9495,784.1808,2081.7935,725.0029,2073.562,680.85223,2066.5466,1425.5583,2060.1438,1362.0399,2124.141,1310.8622,2167.3704,1241.8147,2205.5085,1157.1077,2233.121,1059.309,2243.1736,960.1917,2232.2854,875.872,2209.2627,803.1126,2172.204,749.01355,2130.219,680.85223,2066.5466,650.8943,2055.5925,705.0991,2141.7039,768.3204,2221.5452,848.6773,2297.7617,947.89923,2343.5698,1060.5177,2356.8704,1174.8578,2341.7168,1272.4928,2294.5972,1349.0544,2217.607,1406.9482,2133.542,1452.0872,2048.738
272,272,4533,651.17773,2055.6167,693.58344,2049.1887,752.62396,2046.2716,828.00793,2044.4453,933.36163,2042.7327,1047.017,2060.595,1160.6143,2039.981,1267.1372,2040.9362,1346.3772,2041.3978,1407.2803,2044.3202,1451.9407,2048.815,1425.431,2060.2202,1375.5441,2067.1663,1313.9473,2075.7131,1242.4873,2087.8726,1153.8766,2103.5735,1047.7378,2115.1326,942.98425,2105.2356,854.8796,2090.9165,784.2874,2081.7627,725.1572,2073.545,681.09937,2066.5615,1425.431,2060.2202,1362.0328,2124.2366,1310.8965,2167.4585,1241.8491,2205.6238,1157.1359,2233.2898,1059.3955,2243.3833,960.31866,2232.4966,876.0005,2209.439,803.257,2172.3435,749.191,2130.3125,681.09937,2066.5615,651.17773,2055.6167,705.34564,2141.7676,768.5274,2221.632,848.8482,2297.8403,948.0582,2343.6416,1060.6216,2356.9165,1174.8759,2341.7366,1272.5446,2294.5896,1349.0739,2217.6438,1406.8911,2133.5916,1451.9407,2048.815
273,273,4550,651.57635,2055.7698,693.9475,2049.3103,752.93207,2046.378,828.2004,2044.5363,933.4218,2042.7885,1047.0441,2060.6064,1160.6703,2040.0016,1267.1617,2040.9666,1346.3517,2041.4348,1407.2178,2044.3531,1451.8398,2048.8323,1425.3618,2060.245,1375.5393,2067.1763,1313.9697,2075.7153,1242.5353,2087.869,1153.9192,2103.5615,1047.762,2115.1187,943.05493,2105.224,855.00684,2090.914,784.47705,2081.783,725.4011,2073.6047,681.4564,2066.7,1425.3618,2060.245,1362.0559,2124.3447,1310.922,2167.6028,1241.8911,2205.8347,1157.2598,2233.572,1059.6179,2243.7097,960.5707,2232.8647,876.2483,2209.8079,803.51416,2172.6885,749.4854,2130.5886,681.4564,2066.7,651.57635,2055.7698,705.7105,2141.9802,768.86615,2221.8755,849.15857,2298.0454,948.36,2343.803,1060.8849,2357.0247,1174.9863,2341.8035,1272.5624,2294.6213,1349.1146,2217.717,1406.8912,2133.6392,1451.8398,2048.8323
274,274,4566,652.01355,2055.919,694.26764,2049.4204,753.1414,2046.4485,828.3138,2044.5659,933.4533,2042.7915,1047.0906,2060.6096,1160.7207,2040.0197,1267.1765,2041.034,1346.3154,2041.5481,1407.1143,2044.5,1451.6606,2048.98,1425.1925,2060.3936,1375.4453,2067.324,1313.9484,2075.8386,1242.5658,2087.9646,1153.9633,2103.6487,1047.7925,2115.2007,943.1266,2105.314,855.1655,2091.008,784.7317,2081.8892,725.75433,2073.7292,681.8815,2066.8433,1425.1925,2060.3936,1361.9901,2124.419,1310.9169,2167.6326,1241.921,2205.844,1157.298,2233.5762,1059.6375,2243.7139,960.63165,2232.886,876.36487,2209.8525,803.7026,2172.7717,749.76996,2130.702,681.8815,2066.8433,652.01355,2055.919,706.0427,2142.1045,769.103,2221.9685,849.32117,2298.0864,948.4618,2343.8132,1060.9213,2357.0173,1175.0309,2341.7927,1272.5931,2294.6091,1349.0879,2217.7488,1406.7922,2133.7136,1451.6606,2048.98
275,275,4583,652.7094,2056.0894,694.9543,2049.5652,753.7767,2046.6044,828.76825,2044.7365,933.6648,2042.9658,1047.1619,2060.7307,1160.7552,2040.1318,1267.2063,2041.116,1346.3307,2041.6213,1407.1284,2044.5651,1451.6635,2049.0488,1425.1985,2060.4768,1375.4674,2067.353,1313.9739,2075.852,1242.5927,2087.9705,1153.9851,2103.655,1047.8999,2115.2134,943.3647,2105.3325,855.5313,2091.0352,785.1997,2081.9377,726.2953,2073.82,682.55096,2067.0083,1425.1985,2060.4768,1362.0013,2124.5642,1310.979,2167.809,1242.0137,2206.049,1157.4237,2233.8022,1059.8251,2243.9504,960.9035,2233.1418,876.6992,2210.1128,804.1001,2173.0269,750.263,2130.9224,682.55096,2067.0083,652.7094,2056.0894,706.59357,2142.2815,769.5723,2222.1611,849.7265,2298.2415,948.78625,2343.9204,1061.1617,2357.09,1175.161,2341.8503,1272.6608,2294.6628,1349.11,2217.8665,1406.8174,2133.8123,1451.6635,2049.0488
276,276,4600,653.7045,2056.201,695.982,2049.673,754.7483,2046.741,829.5806,2044.9155,934.18195,2043.1897,1047.4757,2060.9048,1160.9072,2040.2723,1267.2562,2041.1836,1346.3666,2041.6616,1407.1747,2044.5834,1451.724,2049.081,1425.2788,2060.4902,1375.5955,2067.3674,1314.1078,2075.855,1242.7421,2087.9695,1154.187,2103.6528,1048.2465,2115.216,943.8944,2105.3403,856.20496,2091.0505,785.96826,2081.971,727.1597,2073.8845,683.52264,2067.1135,1425.2788,2060.4902,1362.2838,2124.5994,1311.3795,2167.8513,1242.4628,2206.0984,1157.9098,2233.8625,1060.3907,2244.0212,961.58344,2233.2263,877.4409,2210.2043,804.8738,2173.128,751.1083,2131.0237,683.52264,2067.1135,653.7045,2056.201,707.4721,2142.375,770.39465,2222.2656,850.53284,2298.3186,949.5251,2343.9573,1061.8136,2357.1006,1175.6962,2341.8506,1273.1223,2294.6594,1349.4722,2217.8909,1407.0428,2133.8235,1451.724,2049.081
277,277,4616,654.62305,2056.3896,696.8501,2049.861,755.6258,2046.9585,830.44305,2045.1741,934.93695,2043.5012,1048.0686,2061.1577,1161.3223,2040.4897,1267.5267,2041.3076,1346.6033,2041.7452,1407.4137,2044.6431,1451.9362,2049.1235,1425.5024,2060.5437,1375.9114,2067.408,1314.4379,2075.8926,1243.1127,2088.009,1154.6335,2103.7095,1048.8503,2115.2979,944.63196,2105.4395,857.0144,2091.1582,786.7905,2082.0952,728.0003,2074.0347,684.4579,2067.2878,1425.5024,2060.5437,1362.7537,2124.6418,1311.9635,2167.8787,1243.0824,2206.1077,1158.5647,2233.8608,1061.152,2244.0168,962.44965,2233.2334,878.31506,2210.2397,805.703,2173.2146,751.9335,2131.1445,684.4579,2067.2878,654.62305,2056.3896,708.3196,2142.5083,771.27734,2222.3489,851.5031,2298.3293,950.4717,2343.9512,1062.6224,2357.0647,1176.332,2341.8115,1273.6744,2294.6472,1349.9738,2217.9004,1407.442,2133.8481,1451.9362,2049.1235
278,278,4633,656.107,2056.7278,698.21136,2050.115,756.8538,2047.1681,831.5308,2045.332,935.8445,2043.6097,1048.77,2061.236,1161.8125,2040.5592,1267.8806,2041.393,1346.9213,2041.864,1407.7227,2044.7974,1452.2328,2049.353,1425.7991,2060.7654,1376.2484,2067.527,1314.8081,2075.9614,1243.5212,2088.05,1155.1442,2103.742,1049.5964,2115.3333,945.62573,2105.4966,858.18066,2091.253,788.0818,2082.2427,729.4276,2074.2617,685.98157,2067.6106,1425.7991,2060.7654,1363.4117,2124.7722,1312.8234,2167.947,1244.0581,2206.1384,1159.6315,2233.8755,1062.3374,2244.0312,963.75903,2233.2637,879.67816,2210.3062,807.0651,2173.351,753.3249,2131.362,685.98157,2067.6106,656.107,2056.7278,709.6616,2142.7258,772.5688,2222.479,852.81836,2298.3818,951.80347,2343.9587,1063.8732,2357.0571,1177.4558,2341.8032,1274.6753,2294.6401,1350.8246,2217.9448,1408.0553,2133.9543,1452.2328,2049.353
279,279,4650,657.30444,2057.0376,699.2814,2050.3743,757.83734,2047.3986,832.4256,2045.5337,936.62787,2043.7644,1049.4564,2061.3381,1162.3309,2040.6436,1268.2782,2041.4585,1347.302,2041.927,1408.1155,2044.8573,1452.6116,2049.408,1426.1935,2060.8271,1376.7388,2067.5654,1315.2981,2075.9895,1244.0599,2088.0745,1155.7604,2103.7783,1050.3496,2115.3948,946.4789,2105.5828,859.0981,2091.3728,789.06726,2082.4045,730.4705,2074.4802,687.1697,2067.9028,1426.1935,2060.8271,1363.9624,2124.8582,1313.4498,2168.0266,1244.7346,2206.2107,1160.3629,2233.9465,1063.1621,2244.112,964.68134,2233.3887,880.65393,2210.4944,808.0949,2173.6099,754.40796,2131.6497,687.1697,2067.9028,657.30444,2057.0376,710.7793,2143.005,773.6427,2222.6863,853.85455,2298.4836,952.81,2343.9912,1064.7817,2357.0574,1178.2135,2341.7988,1275.3295,2294.6372,1351.4061,2217.986,1408.5701,2134.012,1452.6116,2049.408
280,280,4666,658.0858,2057.0945,700.11847,2050.4102,758.74396,2047.4336,833.3509,2045.5653,937.5537,2043.783,1050.3344,2061.3416,1163.0708,2040.6484,1268.8328,2041.4651,1347.8002,2041.9333,1408.6172,2044.8777,1453.1289,2049.4565,1426.7715,2060.8608,1377.4253,2067.5835,1315.9666,2075.9895,1244.7495,2088.0688,1156.5204,2103.775,1051.2355,2115.3892,947.36035,2105.5793,859.9432,2091.3728,789.8417,2082.4097,731.1527,2074.4985,687.8905,2067.9614,1426.7715,2060.8608,1364.8087,2124.911,1314.4083,2168.1104,1245.7622,2206.3232,1161.4249,2234.0903,1064.2076,2244.288,965.65924,2233.6116,881.53577,2210.736,808.8703,2173.8394,755.12415,2131.8152,687.8905,2067.9614,658.0858,2057.0945,711.5675,2143.1143,774.49304,2222.809,854.7949,2298.5647,953.8583,2344.0254,1065.9087,2357.0605,1179.2859,2341.7944,1276.2821,2294.631,1352.2101,2217.994,1409.246,2134.0308,1453.1289,2049.4565
281,281,4683,658.76245,2057.1052,700.69885,2050.4028,759.29065,2047.4242,833.9439,2045.5424,938.3077,2043.7283,1051.1177,2061.2744,1163.8083,2040.5726,1269.5469,2041.4138,1348.4735,2041.9226,1409.2042,2044.9012,1453.6229,2049.502,1427.2434,2060.896,1377.9125,2067.601,1316.4861,2075.9905,1245.312,2088.0586,1157.1454,2103.7625,1051.9606,2115.3774,948.1171,2105.574,860.6914,2091.3652,790.5701,2082.402,731.893,2074.4946,688.62555,2067.9685,1427.2434,2060.896,1365.4266,2124.9307,1315.0907,2168.1086,1246.4945,2206.3142,1162.1721,2234.0835,1064.9586,2244.2847,966.4077,2233.607,882.26514,2210.7312,809.5906,2173.8376,755.8548,2131.8176,688.62555,2067.9685,658.76245,2057.1052,712.19543,2143.1255,775.0989,2222.8235,855.4145,2298.578,954.5313,2344.031,1066.6356,2357.0566,1180.003,2341.7886,1276.9875,2294.6267,1352.8704,2218.003,1409.8468,2134.0605,1453.6229,2049.502
282,282,4700,659.35376,2057.1023,701.3165,2050.391,760.0088,2047.3995,834.84094,2045.4905,939.5059,2043.6276,1052.4366,2061.1416,1165.0464,2040.4055,1270.7037,2041.2446,1349.5569,2041.8033,1410.1936,2044.8528,1454.4768,2049.5227,1428.0443,2060.8994,1378.7004,2067.5725,1317.341,2075.9443,1246.273,2088.0088,1158.2336,2103.7239,1053.2046,2115.3484,949.27234,2105.559,861.7351,2091.359,791.4696,2082.3972,732.6659,2074.4902,689.26,2067.9648,1428.0443,2060.8994,1366.2323,2124.8523,1315.8912,2167.9282,1247.3263,2206.0623,1163.0603,2233.8152,1065.9294,2244.04,967.3335,2233.4248,883.1303,2210.6125,810.37085,2173.7812,756.56757,2131.7944,689.26,2067.9648,659.35376,2057.1023,712.8331,2143.1138,775.8103,2222.7935,856.2143,2298.4966,955.41034,2343.8774,1067.6116,2356.8281,1180.8734,2341.527,1277.8096,2294.3843,1353.6997,2217.8926,1410.7015,2134.0225,1454.4768,2049.5227
283,283,4716,659.71295,2057.1099,701.6817,2050.3875,760.43524,2047.387,835.3759,2045.4788,940.19666,2043.601,1053.1653,2061.0825,1165.7264,2040.3184,1271.3743,2041.1467,1350.2198,2041.7361,1410.8278,2044.8301,1455.0494,2049.5442,1428.5569,2060.908,1379.2191,2067.5586,1317.9131,2075.9124,1246.9026,2087.9636,1158.897,2103.6865,1053.9312,2115.3262,949.9508,2105.5535,862.366,2091.3516,792.03345,2082.394,733.1667,2074.4927,689.68994,2067.9688,1428.5569,2060.908,1366.8053,2124.7415,1316.4835,2167.6807,1247.9318,2205.6921,1163.6783,2233.382,1066.5935,2243.6177,967.9925,2233.1094,883.75,2210.4236,810.9215,2173.7048,757.0561,2131.7769,689.68994,2067.9688,659.71295,2057.1099,713.2665,2143.1096,776.36176,2222.7483,856.886,2298.3289,956.1324,2343.535,1068.3163,2356.3494,1181.4846,2341.0164,1278.3699,2293.9573,1354.2645,2217.6956,1411.285,2133.9543,1455.0494,2049.5442
284,284,4733,659.99634,2057.2307,702.00323,2050.475,760.7797,2047.4336,835.7374,2045.4796,940.60077,2043.5765,1053.5498,2061.0706,1166.0845,2040.277,1271.7386,2041.094,1350.5522,2041.7079,1411.1049,2044.835,1455.2626,2049.582,1428.774,2060.9365,1379.4816,2067.5645,1318.2058,2075.905,1247.2372,2087.9531,1159.2573,2103.6821,1054.3328,2115.3223,950.3571,2105.568,862.7652,2091.3992,792.4247,2082.4756,733.5305,2074.5996,690.0033,2068.0889,1428.774,2060.9365,1367.0983,2124.7441,1316.7777,2167.6545,1248.2139,2205.6455,1163.9724,2233.3293,1066.9263,2243.5732,968.3397,2233.0984,884.0918,2210.42,811.23846,2173.7275,757.3628,2131.8367,690.0033,2068.0889,659.99634,2057.2307,713.5966,2143.164,776.7522,2222.7578,857.31433,2298.3123,956.53735,2343.4424,1068.6648,2356.1765,1181.7131,2340.8152,1278.5483,2293.8018,1354.4552,2217.655,1411.5099,2133.9602,1455.2626,2049.582
285,285,4750,660.17126,2057.4949,702.2166,2050.6377,761.0221,2047.508,836.001,2045.4861,940.9053,2043.5548,1053.827,2061.0522,1166.3173,2040.2396,1271.9296,2041.0646,1350.6803,2041.7045,1411.177,2044.8418,1455.2913,2049.611,1428.8073,2060.9575,1379.5464,2067.5698,1318.2954,2075.9062,1247.3806,2087.949,1159.461,2103.6782,1054.6023,2115.3164,950.6648,2105.5757,863.0752,2091.4456,792.71277,2082.5776,733.7671,2074.7644,690.18115,2068.3252,1428.8073,2060.9575,1367.1487,2124.7502,1316.8373,2167.6548,1248.281,2205.6343,1164.0598,2233.31,1067.0424,2243.557,968.4894,2233.094,884.25085,2210.444,811.39746,2173.8245,757.5302,2131.9983,690.18115,2068.3252,660.17126,2057.4949,713.7685,2143.3455,776.93134,2222.8394,857.4989,2298.3125,956.69586,2343.4016,1068.7799,2356.0732,1181.7719,2340.6868,1278.5809,2293.7202,1354.4867,2217.6536,1411.5458,2133.9717,1455.2913,2049.611
286,286,4766,660.3734,2057.6604,702.41437,2050.7427,761.22546,2047.5634,836.2191,2045.4978,941.1474,2043.5383,1054.0374,2061.034,1166.4717,2040.2273,1272.0236,2041.061,1350.73,2041.7075,1411.1952,2044.8677,1455.2963,2049.6848,1428.8114,2061.0142,1379.5587,2067.5942,1318.3208,2075.917,1247.4362,2087.9521,1159.5686,2103.68,1054.7809,2115.3213,950.8928,2105.5989,863.3237,2091.4956,792.95526,2082.6562,733.98694,2074.8738,690.39386,2068.4668,1428.8114,2061.0142,1367.1763,2124.7815,1316.8934,2167.6658,1248.3792,2205.6357,1164.2113,2233.308,1067.2507,2243.5537,968.7486,2233.0996,884.52905,2210.473,811.66156,2173.8938,757.7671,2132.105,690.39386,2068.4668,660.3734,2057.6604,713.99915,2143.4792,777.19653,2222.9104,857.7882,2298.3228,956.9613,2343.3984,1068.9904,2356.0542,1181.914,2340.6614,1278.6681,2293.707,1354.5353,2217.659,1411.5657,2134.0051,1455.2963,2049.6848
287,287,4783,660.3676,2057.8142,702.4072,2050.8586,761.22015,2047.6378,836.21814,2045.5215,941.1554,2043.5232,1054.0574,2061.0164,1166.4958,2040.2205,1272.0471,2041.0499,1350.7516,2041.7065,1411.2134,2044.8768,1455.3092,2049.6973,1428.8243,2061.027,1379.576,2067.6,1318.3347,2075.9192,1247.4539,2087.9512,1159.591,2103.679,1054.8046,2115.328,950.90454,2105.6284,863.32935,2091.5579,792.95746,2082.7522,733.9847,2074.9993,690.3873,2068.6133,1428.8243,2061.027,1367.2051,2124.7957,1316.9268,2167.6729,1248.412,2205.6367,1164.2445,2233.306,1067.285,2243.5503,968.76843,2233.1033,884.5383,2210.502,811.66473,2173.9675,757.76556,2132.2153,690.3873,2068.6133,660.3676,2057.8142,713.99475,2143.6042,777.1948,2222.9807,857.79224,2298.3376,956.9735,2343.3948,1069.0186,2356.047,1181.9371,2340.653,1278.6925,2293.702,1354.5663,2217.6682,1411.5944,2134.0217,1455.3092,2049.6973
288,288,4800,660.3684,2058.045,702.40125,2051.0234,761.2141,2047.7336,836.1918,2045.551,941.1115,2043.5138,1054.0009,2061.0005,1166.4128,2040.2064,1271.9574,2041.0469,1350.6669,2041.728,1411.1216,2044.9375,1455.2032,2049.8071,1428.7218,2061.1309,1379.5035,2067.657,1318.267,2075.945,1247.3966,2087.9568,1159.5458,2103.6792,1054.7747,2115.329,950.8886,2105.6453,863.3226,2091.6064,792.9563,2082.854,733.9841,2075.1587,690.38885,2068.8333,1428.7218,2061.1309,1367.1465,2124.8555,1316.8712,2167.7002,1248.3497,2205.6445,1164.1826,2233.3064,1067.2338,2243.5498,968.73364,2233.1172,884.51556,2210.554,811.6542,2174.0796,757.7633,2132.3713,690.38885,2068.8333,660.3684,2058.045,713.9918,2143.7595,777.19116,2223.0593,857.78754,2298.3472,956.9579,2343.3848,1068.9827,2356.0115,1181.8716,2340.6162,1278.6084,2293.6902,1354.4874,2217.6802,1411.5115,2134.076,1455.2032,2049.8071
289,289,4816,660.3366,2058.0994,702.3714,2051.0676,761.191,2047.7767,836.1677,2045.5873,941.07935,2043.5355,1053.9626,2061.0054,1166.3674,2040.2172,1271.8898,2041.0769,1350.6058,2041.7819,1411.078,2045.0215,1455.1716,2049.9348,1428.7019,2061.2385,1379.4958,2067.692,1318.2512,2075.9526,1247.3729,2087.9558,1159.5189,2103.6765,1054.7495,2115.3262,950.858,2105.643,863.28046,2091.607,792.90295,2082.8606,733.92096,2075.1785,690.34955,2068.883,1428.7019,2061.2385,1367.1464,2125.0005,1316.8728,2167.8396,1248.3523,2205.771,1164.1848,2233.4202,1067.2344,2243.6575,968.7325,2233.2344,884.50995,2210.6863,811.6361,2174.2144,757.72894,2132.4805,690.34955,2068.883,660.3366,2058.0994,713.9794,2143.827,777.18774,2223.1033,857.7857,2298.359,956.9582,2343.382,1068.9825,2356.0063,1181.8707,2340.611,1278.6042,2293.6887,1354.4783,2217.7317,1411.4944,2134.1792,1455.1716,2049.9348
290,290,4833,660.2325,2058.4575,702.23706,2051.301,761.0283,2047.9065,835.97986,2045.6318,940.9395,2043.5295,1053.8563,2060.993,1166.2627,2040.209,1271.8148,2041.0673,1350.536,2041.7823,1411.0098,2045.0278,1455.1031,2049.9639,1428.6372,2061.2708,1379.4253,2067.7136,1318.1771,2075.966,1247.3004,2087.9626,1159.444,2103.688,1054.6816,2115.3525,950.78375,2105.7131,863.18823,2091.7332,792.80817,2083.0488,733.83215,2075.4312,690.24695,2069.2139,1428.6372,2061.2708,1367.1077,2125.0125,1316.8398,2167.8428,1248.3186,2205.7712,1164.1484,2233.4207,1067.1948,2243.6633,968.6774,2233.2686,884.4268,2210.776,811.5326,2174.3813,757.6207,2132.7136,690.24695,2069.2139,660.2325,2058.4575,713.8837,2144.1062,777.1086,2223.2969,857.7371,2298.4482,956.92816,2343.399,1068.9606,2356.002,1181.8407,2340.6064,1278.5677,2293.6846,1354.44,2217.7356,1411.4474,2134.1907,1455.1031,2049.9639
291,291,4850,660.0289,2058.6638,702.0049,2051.4514,760.7574,2048.0059,835.6765,2045.6758,940.66595,2043.5305,1053.6205,2060.9827,1166.0525,2040.1987,1271.6385,2041.0641,1350.3824,2041.786,1410.8716,2045.0441,1454.9844,2050.0024,1428.5195,2061.314,1379.3052,2067.7324,1318.0388,2075.9722,1247.1423,2087.9624,1159.2662,2103.6868,1054.4977,2115.3552,950.57623,2105.734,862.96674,2091.7861,792.5935,2083.143,733.63135,2075.5693,690.04913,2069.4116,1428.5195,2061.314,1367.0095,2125.0508,1316.7389,2167.8662,1248.2,2205.785,1164.0167,2233.4321,1067.0527,2243.6775,968.51,2233.3022,884.2342,2210.845,811.3184,2174.5005,757.404,2132.8767,690.04913,2069.4116,660.0289,2058.6638,713.69574,2144.2698,776.9386,2223.3926,857.596,2298.4756,956.8008,2343.3972,1068.8348,2355.997,1181.6942,2340.5989,1278.4103,2293.6804,1354.303,2217.746,1411.3267,2134.2166,1454.9844,2050.0024
292,292,4866,659.9811,2058.7742,701.9431,2051.5203,760.658,2048.039,835.5284,2045.6809,940.49133,2043.5227,1053.4242,2060.9756,1165.8479,2040.1836,1271.4663,2041.0476,1350.2418,2041.783,1410.7535,2045.0558,1454.8862,2050.0215,1428.4152,2061.3281,1379.1754,2067.7407,1317.8928,2075.974,1246.9772,2087.959,1159.0994,2103.6846,1054.3497,2115.3538,950.47546,2105.7417,862.893,2091.8123,792.5456,2083.1956,733.6046,2075.651,690.012,2069.5154,1428.4152,2061.3281,1366.9152,2125.0605,1316.6306,2167.848,1248.0629,2205.7383,1163.8623,2233.3708,1066.8969,2243.6204,968.3842,2233.2722,884.129,2210.8384,811.2324,2174.5042,757.34064,2132.903,690.012,2069.5154,659.9811,2058.7742,713.61346,2144.3223,776.82556,2223.4153,857.4775,2298.4766,956.6763,2343.379,1068.7031,2355.951,1181.5692,2340.545,1278.2998,2293.6401,1354.2211,2217.7434,1411.2509,2134.2332,1454.8862,2050.0215
293,293,4883,659.9758,2058.8518,701.92804,2051.551,760.6217,2048.0425,835.46826,2045.6736,940.4315,2043.4897,1053.3668,2060.9407,1165.7726,2040.1403,1271.3928,2041.0288,1350.1774,2041.7837,1410.6902,2045.0691,1454.8336,2050.0745,1428.3611,2061.372,1379.1151,2067.7527,1317.8394,2075.9763,1246.9198,2087.9507,1159.0493,2103.6685,1054.3176,2115.3362,950.4561,2105.7356,862.8764,2091.812,792.53394,2083.2021,733.5994,2075.676,690.00714,2069.5764,1428.3611,2061.372,1366.8861,2125.0696,1316.6064,2167.8389,1248.0398,2205.6907,1163.8413,2233.2903,1066.8804,2243.5317,968.37317,2233.2058,884.11816,2210.8088,811.22107,2174.503,757.3295,2132.9165,690.00714,2069.5764,659.9758,2058.8518,713.60846,2144.35,776.8208,2223.418,857.47235,2298.4524,956.672,2343.3042,1068.7002,2355.8457,1181.561,2340.4387,1278.2793,2293.563,1354.191,2217.7363,1411.21,2134.2454,1454.8336,2050.0745
294,294,4900,659.91345,2058.8647,701.8741,2051.5522,760.587,2048.036,835.44653,2045.646,940.423,2043.4355,1053.3612,2060.8738,1165.7627,2040.0609,1271.3745,2040.9744,1350.15,2041.772,1410.6497,2045.0793,1454.7811,2050.1028,1428.2896,2061.3826,1379.0388,2067.762,1317.788,2075.9683,1246.89,2087.9082,1159.0363,2103.605,1054.3156,2115.2722,950.4551,2105.6946,862.872,2091.7917,792.5218,2083.1965,733.578,2075.6765,689.95886,2069.5825,1428.2896,2061.3826,1366.842,2125.067,1316.5762,2167.757,1248.0215,2205.5159,1163.8326,2233.0505,1066.877,2243.2744,968.3696,2232.997,884.1069,2210.6812,811.19464,2174.4543,757.2847,2132.9084,689.95886,2069.5825,659.91345,2058.8647,713.54407,2144.3528,776.77716,2223.413,857.4582,2298.4065,956.6685,2343.1836,1068.6982,2355.6758,1181.5599,2340.2656,1278.2742,2293.4338,1354.1802,2217.7046,1411.1849,2134.2605,1454.7811,2050.1028
295,295,4916,659.9065,2058.8633,701.86633,2051.5503,760.5804,2048.0308,835.4439,2045.6302,940.4256,2043.3861,1053.3625,2060.796,1165.7585,2039.954,1271.3605,2040.8757,1350.1244,2041.7008,1410.6007,2045.0435,1454.709,2050.102,1428.2212,2061.3794,1378.9869,2067.7432,1317.7655,2075.935,1246.8813,2087.8708,1159.0358,2103.5781,1054.3215,2115.2578,950.45996,2105.6904,862.8743,2091.7913,792.5212,2083.1968,733.57495,2075.677,689.9519,2069.5815,1428.2212,2061.3794,1366.8052,2125.004,1316.5571,2167.643,1248.0164,2205.3696,1163.8315,2232.9033,1066.8834,2243.141,968.37683,2232.878,884.11255,2210.587,811.1967,2174.4004,757.28174,2132.887,689.9519,2069.5815,659.9065,2058.8633,713.542,2144.3396,776.78424,2223.377,857.4734,2298.3464,956.6878,2343.1145,1068.7229,2355.5974,1181.5654,2340.168,1278.2728,2293.3054,1354.163,2217.6128,1411.1396,2134.21,1454.709,2050.102
296,296,4933,659.90686,2058.5786,701.8605,2051.2993,760.5741,2047.7864,835.43994,2045.3696,940.4207,2043.1337,1053.357,2060.5864,1165.7552,2039.7588,1271.3602,2040.7313,1350.1248,2041.5978,1410.6019,2044.9757,1454.7145,2050.06,1428.2219,2061.3289,1378.9746,2067.7012,1317.7554,2075.88,1246.8733,2087.7954,1159.0293,2103.4817,1054.3196,2115.1362,950.4606,2105.5623,862.87646,2091.6511,792.5269,2083.0442,733.59564,2075.4983,689.9588,2069.3245,1428.2219,2061.3289,1366.8038,2124.7498,1316.5549,2167.2192,1248.0144,2204.8625,1163.8292,2232.404,1066.8804,2242.668,968.3748,2232.3809,884.11,2210.0767,811.19684,2173.9182,757.2836,2132.482,689.9588,2069.3245,659.90686,2058.5786,713.54047,2143.9783,776.7801,2223.0059,857.46967,2298.0098,956.68506,2342.802,1068.7212,2355.2861,1181.5656,2339.8264,1278.2738,2292.8916,1354.1638,2217.2815,1411.142,2134.0159,1454.7145,2050.06
297,297,4950,660.3681,2058.4067,702.1782,2051.0752,760.79193,2047.517,835.61145,2045.0461,940.5648,2042.7795,1053.4811,2060.2031,1165.8583,2039.3955,1271.4281,2040.4376,1350.16,2041.379,1410.6143,2044.836,1454.7173,2050.0007,1428.2227,2061.248,1378.9774,2067.536,1317.7744,2075.6233,1246.92,2087.4363,1159.1094,2103.0486,1054.4492,2114.6797,950.64374,2105.139,863.1057,2091.2817,792.8262,2082.7363,733.99457,2075.2476,690.43976,2069.1335,1428.2227,2061.248,1366.8219,2124.5688,1316.6104,2166.9695,1248.1388,2204.6016,1164.0061,2232.1619,1067.0913,2242.4402,968.6104,2232.142,884.3827,2209.819,811.5422,2173.6553,757.68805,2132.2446,690.43976,2069.1335,660.3681,2058.4067,713.9131,2143.7512,777.07623,2222.737,857.70575,2297.7358,956.91125,2342.5408,1068.9552,2355.0178,1181.7838,2339.5452,1278.4418,2292.568,1354.2513,2217.0217,1411.1735,2133.8523,1454.7173,2050.0007
298,298,4966,660.3987,2058.1077,702.2359,2050.7556,760.9037,2047.1709,835.78546,2044.6342,940.83344,2042.2439,1053.7883,2059.6108,1166.168,2038.7306,1271.6964,2039.8125,1350.3989,2040.8125,1410.8397,2044.3352,1454.9205,2049.576,1428.4324,2060.8123,1379.1733,2067.0315,1317.9885,2075.0896,1247.1509,2086.8875,1159.3679,2102.5254,1054.7233,2114.2102,950.8744,2104.74,863.27576,2090.9343,792.94214,2082.4038,734.06006,2074.9216,690.47125,2068.8267,1428.4324,2060.8123,1367.0837,2124.1648,1316.9438,2166.592,1248.5597,2204.301,1164.4764,2231.9395,1067.5502,2242.2727,968.9829,2231.9878,884.6523,2209.6494,811.7207,2173.455,757.7927,2132.017,690.47125,2068.8267,660.3987,2058.1077,713.9929,2143.514,777.2246,2222.5376,857.9377,2297.564,957.2608,2342.3806,1069.4047,2354.8083,1182.2448,2339.2808,1278.8534,2292.179,1354.5656,2216.5923,1411.4167,2133.4067,1454.9205,2049.576
299,299,4983,660.40204,2057.9075,702.25055,2050.508,760.9457,2046.8071,835.8791,2044.049,941.0719,2041.3191,1054.0878,2058.6218,1166.4727,2037.6223,1272.0284,2038.878,1350.6777,2040.084,1411.0604,2043.7623,1455.0901,2049.0725,1428.5978,2060.313,1379.2958,2066.5925,1318.1448,2074.6648,1247.3607,2086.4426,1159.6154,2102.0942,1054.999,2113.811,951.1112,2104.4307,863.4463,2090.7034,793.0523,2082.2224,734.12726,2074.7456,690.4828,2068.635,1428.5978,2060.313,1367.2206,2123.452,1317.0826,2165.7249,1248.7231,2203.397,1164.6661,2231.1206,1067.7313,2241.5825,969.1293,2231.4417,884.7481,2209.222,811.7815,2173.1306,757.82733,2131.7585,690.4828,2068.635,660.40204,2057.9075,714.0095,2143.3086,777.26086,2222.3208,858.0118,2297.2756,957.3973,2341.9695,1069.5883,2354.2212,1182.4204,2338.55,1278.9873,2291.2869,1354.6741,2215.779,1411.5405,2132.729,1455.0901,2049.0725
300,300,5000,660.38904,2057.47,702.2417,2050.037,760.9392,2046.2339,835.87634,2043.2844,941.08057,2040.2856,1054.1051,2057.528,1166.5024,2036.482,1272.0934,2037.9066,1350.7388,2039.3168,1411.1044,2043.1481,1455.1185,2048.5356,1428.6334,2059.8018,1379.3156,2066.108,1318.1631,2074.2341,1247.3817,2086.0396,1159.6346,2101.7305,1055.0172,2113.4565,951.12726,2104.1367,863.4551,2090.4275,793.0536,2081.9338,734.12537,2074.405,690.46747,2068.2388,1428.6334,2059.8018,1367.2458,2122.9663,1317.099,2165.2302,1248.7335,2202.9253,1164.6727,2230.7012,1067.7346,2241.2175,969.13165,2231.1333,884.7478,2208.9395,811.7791,2172.8503,757.81866,2131.4475,690.46747,2068.2388,660.38904,2057.47,714.00726,2142.9453,777.2608,2221.9954,858.01483,2296.9204,957.40076,2341.559,1069.5898,2353.7334,1182.4208,2337.9807,1278.9865,2290.6416,1354.674,2215.194,1411.5468,2132.1797,1455.1185,2048.5356
301,301,5016,660.28876,2057.3618,702.1238,2049.8909,760.796,2045.9988,835.73474,2042.9135,940.99615,2039.7274,1054.0271,2056.899,1166.4451,2035.8094,1272.0696,2037.317,1350.7034,2038.8579,1411.03,2042.8052,1454.9807,2048.2542,1428.4994,2059.523,1379.1688,2065.8591,1318.0485,2073.9932,1247.2982,2085.8003,1159.5536,2101.5208,1054.9403,2113.2627,951.06635,2104.0005,863.3933,2090.3247,792.996,2081.853,734.076,2074.3245,690.38226,2068.1404,1428.4994,2059.523,1367.1091,2122.5308,1316.9559,2164.6716,1248.582,2202.288,1164.5244,2230.0544,1067.5873,2240.6138,969.0134,2230.6594,884.6332,2208.591,811.6705,2172.6094,757.71857,2131.2773,690.38226,2068.1404,660.28876,2057.3618,713.90857,2142.7998,777.154,2221.8127,857.9071,2296.6477,957.28033,2341.151,1069.4198,2353.1958,1182.2014,2337.3733,1278.7253,2290.0088,1354.4363,2214.676,1411.3618,2131.7705,1454.9807,2048.2542
302,302,5033,659.9974,2057.3518,701.777,2049.8552,760.3843,2045.902,835.2973,2042.7107,940.6507,2039.3641,1053.7206,2056.439,1166.173,2035.2369,1271.8737,2036.7253,1350.5077,2038.3031,1410.8014,2042.3156,1454.7059,2047.798,1428.2462,2059.1008,1378.9287,2065.47,1317.8282,2073.6318,1247.0957,2085.4907,1159.3444,2101.2969,1054.7025,2113.111,950.81256,2103.9177,863.1168,2090.2783,792.72974,2081.828,733.8408,2074.3086,690.11334,2068.1309,1428.2462,2059.1008,1366.8309,2122.1216,1316.6624,2164.2642,1248.2631,2201.9126,1164.1978,2229.732,1067.2476,2240.3516,968.6797,2230.488,884.29333,2208.4905,811.3496,2172.5603,757.43005,2131.252,690.11334,2068.1309,659.9974,2057.3518,713.6238,2142.7815,776.8611,2221.7732,857.6205,2296.5586,957.0008,2340.985,1069.1324,2352.9392,1181.8853,2337.0342,1278.3835,2289.5874,1354.0985,2214.2493,1411.059,2131.3274,1454.7059,2047.798
303,303,5050,659.46796,2057.205,701.2725,2049.7266,759.8692,2045.7705,834.78015,2042.5438,940.18726,2039.1609,1053.2488,2056.2634,1165.7065,2035.0797,1271.4249,2036.6368,1349.9895,2038.2578,1410.191,2042.2891,1454.0552,2047.7742,1427.6044,2059.076,1378.1846,2065.458,1317.1676,2073.6184,1246.5139,2085.4678,1158.8176,2101.2625,1054.2411,2113.0596,950.40186,2103.8726,862.718,2090.2358,792.3318,2081.78,733.44946,2074.235,689.58,2068.0056,1427.6044,2059.076,1366.0917,2121.9836,1315.9108,2164.0403,1247.5336,2201.6553,1163.5065,2229.4868,1066.5947,2240.118,968.0656,2230.2493,883.70447,2208.2415,810.7968,2172.319,756.89954,2131.0435,689.58,2068.0056,659.46796,2057.205,713.1336,2142.5803,776.34247,2221.5461,857.0467,2296.3435,956.3787,2340.802,1068.472,2352.7676,1181.1528,2336.8455,1277.5818,2289.3562,1353.257,2214.0547,1410.2697,2131.2207,1454.0552,2047.7742
304,304,5066,659.1523,2057.1167,700.9154,2049.6467,759.42773,2045.6909,834.28973,2042.4596,939.6516,2039.0939,1052.651,2056.2195,1165.1063,2035.0323,1270.8519,2036.5995,1349.3733,2038.2286,1409.5144,2042.2627,1453.3705,2047.7422,1426.8802,2059.0437,1377.3514,2065.4473,1316.4142,2073.6099,1245.8318,2085.4563,1158.1726,2101.2488,1053.6566,2113.0427,949.92944,2103.855,862.32324,2090.216,792.01056,2081.7568,733.20984,2074.1982,689.2945,2067.9307,1426.8802,2059.0437,1365.2637,2121.8013,1315.0507,2163.7402,1246.6829,2201.2913,1162.6803,2229.1204,1065.8005,2239.7693,967.3772,2229.9065,883.1283,2207.9106,810.348,2172.033,756.5414,2130.8357,689.2945,2067.9307,659.1523,2057.1167,712.72296,2142.4172,775.7922,2221.3577,856.37103,2296.1555,955.6233,2340.607,1067.6781,2352.562,1180.3657,2336.6328,1276.7949,2289.1265,1352.4885,2213.8662,1409.5383,2131.1003,1453.3705,2047.7422
305,305,5083,658.5275,2057.105,700.3793,2049.6453,758.9437,2045.6923,833.8475,2042.4722,939.1777,2039.12,1052.1117,2056.2441,1164.4866,2035.055,1270.0942,2036.6102,1348.4847,2038.231,1408.5161,2042.2622,1452.3269,2047.722,1425.9095,2059.0251,1376.432,2065.4443,1315.5923,2073.6096,1245.1074,2085.4558,1157.513,2101.2485,1053.0675,2113.0447,949.37036,2103.8577,861.78015,2090.2195,791.45734,2081.7576,732.6408,2074.1965,688.6655,2067.9236,1425.9095,2059.0251,1364.2991,2121.7603,1314.1422,2163.6958,1245.8727,2201.265,1161.9485,2229.1135,1065.1106,2239.7688,966.7045,2229.9058,882.4755,2207.9092,809.72797,2172.0288,755.9259,2130.8289,688.6655,2067.9236,658.5275,2057.105,712.12646,2142.405,775.186,2221.348,855.7279,2296.1484,954.9599,2340.601,1066.9786,2352.5518,1179.5901,2336.6057,1275.8809,2289.067,1351.4337,2213.8054,1408.4365,2131.0542,1452.3269,2047.722
306,306,5100,658.01587,2057.1038,699.8225,2049.6455,758.27386,2045.6935,833.1265,2042.4749,938.3853,2039.1274,1051.2949,2056.2622,1163.6661,2035.0865,1269.2661,2036.675,1347.5878,2038.3168,1407.5406,2042.3577,1451.3693,2047.8053,1424.9764,2059.1047,1375.4707,2065.5422,1314.7014,2073.701,1244.266,2085.524,1156.685,2101.29,1052.2573,2113.0696,948.5883,2103.8748,861.0706,2090.2354,790.83685,2081.7705,732.1228,2074.2031,688.1604,2067.9229,1424.9764,2059.1047,1363.3065,2121.7842,1313.1694,2163.7004,1244.9506,2201.2656,1161.0615,2229.112,1064.2617,2239.7634,965.89636,2229.894,881.7625,2207.8933,809.1332,2172.0166,755.3951,2130.8245,688.1604,2067.9229,658.01587,2057.1038,711.66315,2142.3965,774.6649,2221.3206,855.09576,2296.114,954.1972,2340.5815,1066.1187,2352.5454,1178.6586,2336.6035,1274.8716,2289.0664,1350.3824,2213.816,1407.3809,2131.095,1451.3693,2047.8053
307,307,5116,657.46985,2057.0657,699.3263,2049.6438,757.7032,2045.7017,832.5333,2042.5059,937.7023,2039.192,1050.5758,2056.4065,1162.9772,2035.3026,1268.4849,2037.03,1346.6891,2038.6864,1406.591,2042.6898,1450.5778,2048.042,1424.1664,2059.3413,1374.4551,2065.9358,1313.7742,2074.166,1243.4425,2085.9834,1155.9297,2101.6519,1051.5197,2113.3262,947.89233,2104.064,860.456,2090.3628,790.3095,2081.8342,731.69086,2074.2131,687.6296,2067.9043,1424.1664,2059.3413,1362.2452,2121.8242,1312.0859,2163.702,1243.9702,2201.2402,1160.1702,2229.0444,1063.4169,2239.6482,965.0852,2229.7324,881.0656,2207.704,808.5798,2171.8555,754.8786,2130.726,687.6296,2067.9043,657.46985,2057.0657,711.09766,2142.312,773.9757,2221.1763,854.25867,2295.954,953.2783,2340.4795,1065.2131,2352.4905,1177.8186,2336.5789,1274.0305,2289.0564,1349.501,2213.8247,1406.484,2131.1802,1450.5778,2048.042
308,308,5133,656.95776,2057.0405,698.65265,2049.6426,756.8264,2045.7021,831.5841,2042.5062,936.51434,2039.2021,1049.1748,2056.4602,1161.5043,2035.4061,1266.9628,2037.2806,1345.0646,2039.0854,1404.7952,2043.1821,1448.7562,2048.4824,1422.1403,2059.7393,1372.2107,2066.565,1311.8602,2074.816,1241.7831,2086.4983,1154.4048,2102.0112,1050.202,2113.5593,946.81824,2104.2456,859.66797,2090.5088,789.756,2081.931,731.34894,2074.2366,687.2353,2067.8865,1422.1403,2059.7393,1359.826,2121.828,1309.6007,2163.5881,1241.6287,2200.8933,1158.0052,2228.5012,1061.5426,2238.9634,963.54047,2228.9749,879.9239,2206.9768,807.8327,2171.2856,754.33093,2130.4102,687.2353,2067.8865,656.95776,2057.0405,710.31995,2142.1682,772.83606,2220.9368,852.76654,2295.6868,951.55176,2340.2546,1063.3381,2352.327,1175.8882,2336.487,1272.0651,2289.0085,1347.5184,2213.8274,1404.5383,2131.2837,1448.7562,2048.4824
309,309,5150,656.7025,2056.901,698.2058,2049.622,756.0514,2045.7017,830.6344,2042.5138,935.1571,2039.2815,1047.6512,2056.6807,1159.8724,2035.8132,1265.1879,2038.0785,1343.0543,2040.1948,1402.5065,2044.4895,1446.412,2049.7996,1419.6969,2060.9504,1369.7426,2067.9297,1309.8994,2075.9814,1240.1587,2087.283,1152.9456,2102.4353,1048.9508,2113.7622,945.641,2104.338,858.7662,2090.561,789.14465,2081.9438,730.97565,2074.2268,686.93036,2067.7642,1419.6969,2060.9504,1357.0796,2122.2249,1306.8638,2163.6602,1239.1588,2200.8926,1155.7277,2228.4697,1059.5475,2238.886,961.77515,2228.7898,878.6268,2206.6694,807.0877,2170.9302,753.82776,2130.1328,686.93036,2067.7642,656.7025,2056.901,709.95844,2141.8738,772.17834,2220.5125,851.60944,2295.3176,949.93243,2340.107,1061.4362,2352.2942,1173.7104,2336.485,1269.7954,2289.0342,1345.1187,2214.052,1402.0399,2131.9912,1446.412,2049.7996
310,310,5166,656.7023,2056.9873,698.1239,2049.7764,755.70154,2045.8713,830.11084,2042.6378,934.2011,2039.4683,1046.2554,2057.1318,1158.1122,2036.8239,1263.2356,2040.5077,1341.0024,2044.0654,1400.3445,2049.696,1444.3342,2056.0396,1417.5807,2066.7224,1367.0677,2073.2224,1307.4541,2080.3328,1237.9557,2090.479,1151.2184,2104.4175,1047.9299,2114.7842,945.08844,2105.0244,858.5136,2091.0847,789.0289,2082.2905,730.9528,2074.4167,686.89685,2067.859,1417.5807,2066.7224,1354.6129,2126.0027,1304.059,2166.0593,1236.3784,2202.195,1152.9633,2229.155,1057.1672,2239.253,959.75684,2228.9053,877.18896,2206.691,806.36615,2170.9414,753.4293,2130.155,686.89685,2067.859,656.7023,2056.9873,709.7414,2141.8767,771.3023,2220.513,849.78986,2295.3735,947.54114,2340.5017,1059.0469,2353.1875,1171.325,2338.0664,1267.6841,2291.2942,1343.2543,2217.366,1400.1053,2136.649,1444.3342,2056.0396
311,311,5183,656.8989,2059.677,698.13257,2052.1746,755.6114,2047.8223,829.86694,2044.0396,933.27,2040.8193,1043.8674,2059.2551,1154.4109,2040.3733,1258.4298,2047.4982,1335.905,2054.404,1394.9062,2062.974,1438.846,2071.6902,1411.8337,2081.1917,1360.8296,2085.8103,1301.7153,2090.582,1232.8687,2098.0576,1147.5518,2109.2896,1045.8999,2117.7234,944.44586,2107.4001,858.4447,2093.4526,789.0337,2084.6978,731.0705,2076.8596,687.00433,2070.3474,1411.8337,2081.1917,1349.412,2136.5615,1298.9211,2173.6514,1231.6388,2207.0283,1148.7275,2231.9414,1053.7437,2240.9048,957.42255,2229.9792,875.82477,2207.568,805.8074,2171.9714,753.2565,2131.5752,687.00433,2070.3474,656.8989,2059.677,709.5151,2143.4172,769.97473,2221.712,847.22986,2296.6748,944.26495,2342.4475,1055.769,2356.081,1168.2836,2342.3928,1264.7943,2297.5906,1340.2306,2226.4744,1396.163,2148.8464,1438.846,2071.6902
312,312,5200,660.4842,2071.5178,700.0561,2061.0383,756.32074,2053.8066,830.0458,2047.5121,933.0814,2043.3783,1041.604,2063.099,1149.6686,2046.3302,1251.6526,2058.849,1327.8464,2071.3015,1385.4402,2084.963,1427.834,2098.3726,1400.2955,2105.6924,1349.6046,2106.137,1291.7136,2106.8372,1224.4207,2109.9878,1141.8839,2116.93,1043.3501,2122.4207,944.3079,2111.606,858.94904,2098.5002,790.66125,2091.287,733.9616,2085.3513,690.3455,2081.0386,1400.2955,2105.6924,1339.7557,2155.1865,1289.9327,2187.8032,1223.5026,2216.7185,1141.8624,2238.032,1048.7096,2244.8455,954.977,2233.4622,875.1255,2211.499,805.8146,2177.212,753.8194,2138.668,690.3455,2081.0386,660.4842,2071.5178,709.7218,2151.7092,769.3101,2228.0056,844.80054,2301.7957,940.05426,2347.4343,1050.3562,2361.9966,1162.3983,2350.5474,1258.9305,2309.512,1334.1913,2243.3457,1388.3989,2170.607,1427.834,2098.3726
313,313,5216,668.5108,2093.2297,705.4017,2078.2798,759.2515,2066.0403,831.3375,2054.8083,933.0951,2047.6182,1040.3257,2068.068,1145.9211,2052.25,1245.7747,2069.143,1319.6237,2086.6638,1374.1146,2105.037,1413.1248,2122.4434,1384.8163,2128.0703,1335.2844,2125.0063,1280.2227,2121.7158,1215.9187,2120.7073,1136.7964,2124.0823,1041.7192,2127.6384,944.4254,2117.3271,861.7345,2106.8103,796.1206,2103.3975,741.9665,2101.448,698.69434,2100.9,1384.8163,2128.0703,1326.9025,2170.2944,1278.8251,2198.2402,1214.4327,2223.315,1134.9475,2242.148,1044.0356,2247.764,953.27313,2236.7188,875.0632,2216.4146,806.61804,2185.3354,757.21844,2151.1306,698.69434,2100.9,668.5108,2093.2297,711.6588,2167.195,769.3171,2238.9348,843.8653,2309.3774,937.46735,2353.0806,1045.7396,2367.294,1156.4403,2356.897,1251.7953,2318.3,1325.7004,2256.1233,1377.2958,2188.5874,1413.1248,2122.4434
314,314,5233,677.59467,2119.843,711.7519,2100.53,763.0524,2082.6987,833.02966,2065.4463,933.165,2053.4985,1038.9512,2074.056,1141.8226,2058.2158,1240.2708,2078.543,1312.5625,2099.791,1364.9785,2121.3486,1401.681,2141.0676,1372.6512,2145.6433,1323.4436,2141.3257,1270.403,2135.99,1208.2666,2132.3862,1131.993,2133.4695,1040.2549,2136.0146,945.02747,2127.1814,866.2376,2120.171,803.66345,2121.0347,751.8254,2122.9346,708.2655,2125.523,1372.6512,2145.6433,1316.1561,2181.1658,1269.0431,2205.065,1206.0769,2227.03,1128.4993,2244.3357,1039.6956,2249.5933,952.0598,2239.7493,875.1055,2222.4675,808.6451,2196.2065,762.5105,2167.5247,708.2655,2125.523,677.59467,2119.843,714.9605,2188.1191,769.4503,2254.6536,843.6212,2320.0332,936.0228,2359.9495,1042.1326,2372.4338,1151.1392,2362.0134,1244.9567,2324.797,1317.6582,2265.5718,1367.7029,2202.1494,1401.681,2141.0676
315,315,5250,686.81976,2143.5454,718.5295,2120.475,767.59973,2098.03,835.37,2075.8257,933.3815,2059.591,1037.4227,2079.9817,1137.3805,2063.731,1234.6178,2086.4338,1305.7518,2110.5784,1356.6252,2134.8088,1391.3164,2156.7798,1360.9978,2159.9949,1311.7706,2154.553,1260.5564,2147.397,1200.3481,2141.7644,1126.8643,2141.2747,1038.7579,2143.4185,946.2672,2136.0889,872.0258,2132.218,812.41254,2136.8635,762.74255,2142.158,718.6207,2147.2605,1360.9978,2159.9949,1305.7013,2188.7556,1259.4596,2208.9475,1197.9169,2228.386,1122.256,2244.7935,1035.7091,2250.0374,951.22345,2241.2263,875.3527,2226.7087,812.0732,2204.8723,769.25616,2181.2168,718.6207,2147.2605,686.81976,2143.5454,718.91077,2206.586,769.78845,2268.7344,843.509,2329.734,934.89014,2365.925,1038.943,2376.5408,1146.5292,2365.768,1239.1049,2329.4983,1310.8251,2272.6702,1359.3523,2212.848,1391.3164,2156.7798
316,316,5266,693.77496,2159.2,724.2989,2134.2253,772.13983,2109.3923,838.29474,2084.3984,934.08826,2065.159,1036.7092,2085.002,1134.5876,2068.0454,1230.6631,2091.553,1300.7017,2116.901,1350.1362,2142.2659,1383.0659,2165.1824,1352.059,2167.6985,1303.5416,2161.9297,1253.8969,2153.9912,1195.2708,2147.4963,1123.7216,2146.4685,1038.0541,2148.8225,948.1236,2142.7449,877.4838,2141.038,819.6456,2148.0054,770.9203,2155.2131,726.2535,2161.69,1352.059,2167.6985,1297.8942,2192.8555,1252.4208,2210.9526,1192.0197,2228.8188,1117.832,2244.7458,1032.9319,2250.1116,950.7391,2242.2007,875.832,2230.0254,815.35724,2211.448,774.7624,2190.9558,726.2535,2161.69,693.77496,2159.2,722.459,2219.1294,770.3095,2278.3508,843.5372,2336.029,934.25287,2369.2393,1036.6514,2378.2974,1142.9475,2367.025,1234.2314,2331.3171,1305.0682,2276.0977,1352.4883,2218.4868,1383.0659,2165.1824
317,317,5283,701.26227,2168.4119,730.90234,2143.5115,777.37537,2117.818,841.7556,2091.1184,935.1259,2069.4878,1035.8823,2089.0188,1131.4075,2071.6497,1226.1002,2096.5154,1294.7179,2123.1099,1342.593,2148.9678,1374.3671,2171.4307,1343.0044,2173.5295,1293.6399,2169.5745,1245.7434,2162.4094,1188.8792,2155.8767,1119.726,2154.3464,1037.1542,2156.4756,950.3427,2151.4016,883.2498,2150.9658,827.1288,2158.4973,779.8101,2165.363,733.9903,2170.3872,1343.0044,2173.5295,1289.4781,2193.118,1244.6971,2209.12,1185.8394,2227.5254,1113.5841,2243.4329,1030.8069,2248.298,950.70764,2241.8433,877.3794,2229.1956,820.2264,2211.762,781.3471,2193.9136,733.9903,2170.3872,701.26227,2168.4119,727.91394,2223.851,772.40845,2279.8066,843.6097,2335.4302,934.2542,2367.9329,1034.7635,2376.9937,1138.9067,2365.3323,1228.1373,2329.0083,1297.6195,2274.6497,1344.1747,2220.0688,1374.3671,2171.4307
318,318,5300,707.63336,2171.1377,736.685,2148.6624,781.6015,2124.3008,844.20483,2097.7336,935.61664,2075.2214,1034.2145,2095.6062,1127.2482,2077.736,1220.8466,2104.1833,1288.66,2131.1191,1336.195,2155.9924,1368.7439,2176.3342,1337.629,2178.6184,1285.9817,2178.9753,1239.0038,2175.063,1182.8008,2170.7551,1115.3693,2170.0261,1035.6842,2172.0137,951.8695,2166.7417,887.378,2165.0193,832.6436,2169.8845,787.38934,2173.1853,740.27765,2173.5188,1337.629,2178.6184,1284.3583,2191.6133,1239.8243,2206.246,1181.9446,2223.582,1111.1099,2233.778,1030.2267,2237.5027,950.88824,2232.7046,880.677,2225.8513,826.27155,2208.664,787.90814,2191.3596,740.27765,2173.5188,707.63336,2171.1377,734.1768,2222.4648,776.26373,2276.3787,844.6868,2332.501,934.60785,2367.1826,1033.9562,2376.1887,1136.3439,2365.005,1224.099,2326.6497,1292.6117,2272.2144,1338.5494,2220.3928,1368.7439,2176.3342
319,319,5316,711.3792,2171.007,740.89325,2150.366,784.73535,2127.2134,845.9385,2100.876,936.0083,2077.7917,1032.8219,2099.3074,1124.2311,2080.1853,1217.4221,2107.2126,1284.6187,2134.1794,1331.6588,2158.2102,1365.0698,2177.3506,1335.1515,2179.8665,1282.1873,2183.1116,1236.1879,2182.675,1179.5348,2181.8447,1112.5946,2183.658,1034.6747,2186.28,953.2195,2180.5137,890.03766,2176.3801,835.3103,2177.5552,791.2114,2176.9795,742.7615,2173.6946,1335.1515,2179.8665,1282.5339,2188.4856,1237.7153,2206.1494,1179.944,2211.0293,1109.7328,2215.9805,1030.3114,2218.8262,951.1483,2214.5903,884.0272,2212.8408,830.42633,2207.6157,791.2436,2187.4773,742.7615,2173.6946,711.3792,2171.007,739.66724,2218.705,781.2169,2271.907,847.41626,2331.2917,934.7398,2360.6409,1033.9045,2368.0598,1134.5466,2358.5227,1220.793,2325.0566,1288.4542,2268.5957,1334.0664,2217.8245,1365.0698,2177.3506
320,320,5333,713.9919,2170.231,743.4218,2150.6123,786.3043,2128.3962,846.47986,2102.6248,936.0153,2079.504,1030.2314,2101.406,1120.1176,2081.5159,1213.0873,2108.2056,1280.105,2134.3176,1327.3615,2157.2405,1361.6904,2175.3555,1332.5059,2178.025,1278.9685,2182.4636,1233.1776,2183.6191,1176.0286,2184.6138,1109.27,2187.9683,1032.863,2191.2112,953.65784,2185.2844,890.9163,2180.0347,836.24945,2179.6223,793.02246,2177.4785,744.506,2172.8958,1332.5059,2178.025,1280.1963,2185.3794,1234.7878,2203.2817,1176.7798,2200.3486,1106.9729,2203.968,1029.1512,2206.9272,951.3073,2202.773,885.66754,2202.6245,832.48584,2204.6436,792.9186,2184.4436,744.506,2172.8958,713.9919,2170.231,743.7931,2215.2075,785.27155,2268.8738,849.7386,2323.99,934.99646,2348.6345,1032.8385,2355.0024,1131.1636,2346.386,1215.9675,2317.358,1283.3318,2266.261,1329.5217,2214.1091,1361.6904,2175.3555
321,321,5350,714.79016,2169.159,744.7182,2150.053,787.36597,2128.5642,846.9758,2103.5183,936.0201,2080.7964,1028.8326,2102.749,1118.4927,2082.2266,1211.7031,2107.9897,1278.8845,2132.9553,1326.5465,2154.7168,1361.6149,2171.9143,1332.9329,2174.7603,1279.4415,2179.5764,1233.4469,2181.4404,1175.6261,2183.354,1108.2944,2187.6355,1031.9756,2191.4043,954.1843,2185.6145,891.5404,2179.973,836.5528,2179.0388,793.43695,2176.5195,744.8263,2171.8274,1332.9329,2174.7603,1280.781,2182.606,1234.8923,2198.1023,1176.3134,2191.933,1106.1664,2195.9644,1028.6765,2199.3691,951.42255,2195.439,886.767,2195.5183,833.37164,2200.954,793.3037,2182.2073,744.8263,2171.8274,714.79016,2169.159,746.0908,2212.4807,788.3214,2267.6836,852.24115,2314.813,935.1423,2336.757,1032.5452,2342.3267,1129.5524,2333.6533,1213.6895,2306.5989,1281.2888,2264.7283,1328.3247,2210.2078,1361.6149,2171.9143
322,322,5366,715.9767,2167.4382,746.2935,2148.8438,788.65173,2128.0496,847.6193,2103.6086,936.04956,2081.326,1028.0695,2103.2327,1117.6787,2082.486,1210.8037,2107.6157,1277.8593,2131.748,1325.6797,2152.6147,1361.2947,2169.1418,1333.1428,2172.1694,1279.7332,2177.1758,1233.6233,2179.4944,1175.5084,2182.0093,1107.8434,2186.8203,1031.457,2190.8652,954.63824,2185.0898,892.0397,2179.1553,836.92065,2177.8408,794.0506,2175.0625,745.52277,2170.2866,1333.1428,2172.1694,1281.2322,2180.6165,1235.2122,2193.561,1176.3689,2187.0127,1106.0123,2191.8677,1028.6254,2195.5876,951.4444,2191.5613,887.7854,2191.145,834.20667,2197.4243,793.88965,2180.5046,745.52277,2170.2866,715.9767,2167.4382,748.25366,2210.2312,791.0302,2267.0671,854.6244,2307.531,935.5618,2329.2854,1032.5375,2334.9128,1128.6655,2325.9653,1212.3901,2298.9988,1280.0748,2261.9487,1327.4742,2207.385,1361.2947,2169.1418
323,323,5383,716.42065,2165.736,747.16925,2147.434,789.52167,2127.139,848.1117,2103.2346,936.05725,2081.4724,1027.3589,2103.1997,1116.9427,2082.3652,1209.734,2106.7346,1276.6252,2130.095,1324.5981,2150.281,1360.5948,2166.33,1332.6871,2169.473,1279.299,2174.5159,1233.1627,2177.0032,1174.9912,2179.7651,1107.2395,2184.8267,1030.8718,2189.0627,954.90643,2183.3796,892.23944,2177.397,837.0089,2176.0405,794.2531,2173.291,745.8032,2168.6223,1332.6871,2169.473,1281.0571,2179.0933,1235.0125,2188.242,1176.0775,2182.5542,1105.6688,2188.096,1028.4185,2192.0496,951.51935,2188.0967,888.4587,2187.3096,834.64075,2193.2717,794.1442,2178.9932,745.8032,2168.6223,716.42065,2165.736,749.4126,2208.1802,792.7298,2264.6042,856.3163,2300.536,935.8523,2322.5015,1032.3151,2328.1235,1127.6694,2318.7761,1211.0475,2291.475,1278.8042,2256.9163,1326.4656,2204.884,1360.5948,2166.33
324,324,5400,716.54584,2164.9048,747.54553,2146.8723,789.983,2126.8757,848.44763,2103.2876,936.0643,2081.7559,1026.6724,2103.3108,1116.0905,2082.439,1208.5879,2106.393,1275.4299,2129.344,1323.4807,2149.184,1359.5984,2164.9543,1331.8779,2168.0896,1278.7078,2173.168,1232.6248,2175.7307,1174.3948,2178.6045,1106.6086,2183.7903,1030.2957,2188.1,955.0343,2182.4866,892.18427,2176.5193,836.798,2175.1394,794.0191,2172.3833,745.7431,2167.7498,1331.8779,2168.0896,1280.5173,2177.899,1234.4342,2184.4976,1175.4568,2180.0376,1105.0721,2186.1155,1028.0599,2190.1887,951.6339,2186.2139,888.801,2185.0432,834.7098,2190.1387,794.02966,2177.875,745.7431,2167.7498,716.54584,2164.9048,750.0974,2206.7244,793.90894,2261.7314,857.5904,2295.1758,936.0829,2317.5105,1031.9933,2323.204,1126.5283,2313.6934,1209.4935,2286.1458,1277.2234,2252.4883,1325.1284,2203.098,1359.5984,2164.9543
325,325,5416,715.24506,2163.898,746.5392,2146.0286,789.4352,2126.1692,848.29254,2102.7925,935.9247,2081.4717,1025.6201,2102.857,1114.9355,2081.9453,1207.4308,2105.43,1274.5212,2128.0483,1322.8625,2147.725,1359.2319,2163.3499,1331.4386,2166.5447,1278.1415,2171.674,1231.8674,2174.1958,1173.4835,2177.0322,1105.5864,2182.2644,1029.3257,2186.6697,955.00543,2181.0962,891.5665,2175.2483,835.7942,2174.004,792.6423,2171.3438,744.49963,2166.7197,1331.4386,2166.5447,1279.8997,2177.214,1233.6643,2181.1157,1174.5593,2177.8838,1104.1326,2184.2993,1027.3286,2188.4363,951.67163,2184.4683,888.7301,2183.0923,834.1996,2187.2214,793.1836,2177.0078,744.49963,2166.7197,715.24506,2163.898,749.33215,2205.5535,793.7274,2258.9458,857.7853,2291.5925,936.26843,2314.4111,1031.32,2320.172,1125.3378,2310.5386,1208.2723,2282.662,1276.2422,2248.7256,1324.4753,2201.759,1359.2319,2163.3499
326,326,5433,713.6347,2163.012,745.19946,2145.1548,788.6786,2125.288,848.20135,2102.033,935.3416,2080.9226,1024.1212,2102.1653,1113.4788,2081.2476,1206.2344,2104.321,1273.7406,2126.7346,1322.4023,2146.4158,1359.0087,2162.0496,1331.0,2165.2761,1277.5037,2170.4563,1231.0256,2172.9116,1172.415,2175.6978,1104.3762,2180.927,1028.0465,2185.3977,954.8103,2179.852,890.9126,2174.1328,834.6863,2173.0232,791.09534,2170.436,743.0282,2165.794,1331.0,2165.2761,1279.1936,2176.8083,1232.7734,2178.1658,1173.4667,2176.101,1102.938,2182.7578,1026.239,2186.9458,951.43744,2182.9521,888.68317,2181.391,833.63275,2184.4758,792.2315,2176.2957,743.0282,2165.794,713.6347,2163.012,748.21655,2204.572,793.2018,2256.3413,857.69934,2289.1494,936.4353,2312.5647,1030.4127,2318.4546,1124.2844,2308.716,1207.4133,2280.4604,1275.6438,2245.6538,1324.0962,2200.669,1359.0087,2162.0496
327,327,5450,712.12604,2162.343,744.01855,2144.5537,788.1845,2124.7107,847.80493,2101.4817,934.35864,2080.4324,1022.45355,2101.5525,1111.869,2080.612,1204.7776,2103.3706,1272.5312,2125.6077,1321.4198,2145.2156,1358.2612,2160.78,1330.1686,2164.0828,1276.4498,2169.327,1229.8235,2171.7898,1171.0424,2174.6023,1102.9109,2179.8757,1026.5026,2184.4238,954.2021,2178.937,890.5259,2173.3474,833.73505,2172.3447,789.5453,2169.788,741.6262,2165.13,1330.1686,2164.0828,1278.127,2176.7363,1231.5675,2175.7793,1172.0945,2174.8066,1101.4684,2181.723,1024.8044,2186.0151,950.7431,2181.9985,888.26526,2180.2698,833.4042,2182.3743,791.52576,2175.7253,741.6262,2165.13,712.12604,2162.343,747.2281,2203.7979,792.82574,2254.0415,857.5748,2287.4678,936.2896,2311.417,1029.0895,2317.4067,1122.8978,2307.5388,1206.1875,2278.87,1274.5833,2242.9749,1323.1969,2199.8538,1358.2612,2160.78
328,328,5466,711.1004,2161.5647,743.15137,2143.78,787.78265,2123.9824,847.3751,2100.8557,933.4545,2079.9412,1021.1248,2100.967,1110.687,2080.0461,1203.7521,2102.5496,1271.5349,2124.641,1320.4221,2144.1602,1357.267,2159.669,1329.2231,2163.0244,1275.4834,2168.2795,1228.8627,2170.7786,1170.0238,2173.6436,1101.7987,2178.9614,1025.2556,2183.5503,953.6257,2178.108,890.2294,2172.5671,833.00867,2171.5798,788.5344,2169.019,740.6563,2164.3774,1329.2231,2163.0244,1277.1211,2176.2441,1230.528,2173.721,1170.976,2173.6042,1100.2628,2180.6816,1023.5798,2184.9924,950.0811,2180.9832,887.8483,2179.1606,833.2064,2180.4563,790.9327,2175.377,740.6563,2164.3774,711.1004,2161.5647,746.48035,2203.1274,792.4702,2251.5754,857.5036,2285.7678,936.1375,2310.006,1027.9547,2316.0527,1121.6461,2306.1426,1204.9478,2277.265,1273.4128,2240.456,1322.1031,2199.3572,1357.267,2159.669
329,329,5483,710.3406,2160.7832,742.4847,2143.159,787.34454,2123.5227,847.128,2100.4817,932.9025,2079.604,1020.4493,2100.5513,1110.2192,2079.609,1203.261,2101.9397,1270.7853,2123.9194,1319.3501,2143.283,1355.988,2158.6472,1328.1833,2162.0781,1274.6649,2167.4053,1228.2566,2170.0442,1169.514,2173.073,1101.2711,2178.5037,1024.5763,2183.128,953.285,2177.7742,889.88525,2172.214,832.3885,2171.1077,787.7876,2168.4126,739.891,2163.7004,1328.1833,2162.0781,1276.2941,2175.5603,1229.8618,2172.0767,1170.3806,2172.824,1099.6498,2180.1602,1022.92487,2184.56,949.7004,2180.512,887.56964,2178.5015,832.9838,2178.9668,790.4038,2175.0867,739.891,2163.7004,710.3406,2160.7832,745.91504,2202.5378,792.12604,2249.048,857.4317,2284.23,936.163,2308.8035,1027.3317,2314.8975,1120.8025,2304.9053,1203.8682,2275.7068,1272.1278,2237.917,1320.7145,2199.1377,1355.988,2158.6472
330,330,5500,709.79236,2159.9985,742.0495,2142.3984,786.9628,2122.8667,847.019,2099.9167,932.8509,2079.193,1020.4916,2100.0828,1110.5088,2079.1892,1203.3601,2101.3123,1270.496,2123.2336,1318.6614,2142.5715,1354.8871,2157.9514,1327.2136,2161.3896,1273.9421,2166.6616,1227.7693,2169.2764,1169.3146,2172.2654,1101.1978,2177.6714,1024.4172,2182.3022,953.20276,2176.9473,889.5152,2171.3955,831.9263,2170.298,787.31525,2167.6118,739.33276,2162.9612,1327.2136,2161.3896,1275.7103,2174.774,1229.5707,2170.6946,1170.2903,2171.9875,1099.6521,2179.3052,1022.86176,2183.606,949.63025,2179.5374,887.49524,2177.4924,832.698,2177.3467,789.9466,2175.0005,739.33276,2162.9612,709.79236,2159.9985,745.47046,2202.0728,791.8427,2246.7693,857.36163,2282.9788,936.23596,2307.8086,1027.1183,2313.9668,1120.5153,2304.0007,1203.4554,2274.7048,1271.5681,2236.1233,1319.9199,2198.9434,1354.8871,2157.9514
331,331,5516,709.3342,2159.1396,741.63995,2141.5554,786.68677,2122.126,846.8505,2099.3538,932.55347,2078.877,1020.1562,2099.7156,1110.2927,2078.8706,1203.1332,2100.823,1270.1572,2122.6907,1318.2504,2141.9966,1354.4524,2157.3677,1326.7961,2160.8135,1273.5204,2166.0615,1227.3656,2168.6895,1168.9432,2171.6853,1100.8071,2177.0916,1023.946,2181.7073,952.9277,2176.2998,889.303,2170.6592,831.54364,2169.4956,786.8726,2166.7805,738.87335,2162.1628,1326.7961,2160.8135,1275.3107,2173.826,1229.2012,2169.4426,1169.9292,2171.0903,1099.257,2178.4226,1022.4267,2182.7278,949.3646,2178.6125,887.256,2176.4856,832.5817,2175.8066,789.6193,2174.5542,738.87335,2162.1628,709.3342,2159.1396,745.09515,2201.7961,791.6299,2244.857,857.3343,2282.1494,936.17755,2307.2632,1026.6377,2313.4958,1120.0544,2303.4912,1203.0334,2273.9844,1271.1494,2234.6775,1319.4869,2198.8494,1354.4524,2157.3677
332,332,5533,708.9373,2158.6978,741.37335,2141.045,786.4629,2121.588,846.11346,2098.8748,931.86255,2078.6248,1019.4878,2099.4084,1109.7773,2078.6208,1202.7074,2100.3926,1269.725,2122.2686,1317.8264,2141.631,1354.0332,2157.054,1326.3508,2160.4746,1272.9622,2165.7205,1226.7615,2168.3345,1168.2987,2171.29,1100.0978,2176.653,1023.1308,2181.2314,952.25183,2175.8083,889.03265,2170.152,831.39484,2168.9895,786.40735,2166.287,738.5317,2161.7148,1326.3508,2160.4746,1274.7517,2173.2136,1228.6058,2168.673,1169.288,2170.647,1098.5344,2177.9893,1021.65845,2182.26,948.7612,2178.1416,886.5916,2175.9663,832.0872,2174.831,789.4699,2174.358,738.5317,2161.7148,708.9373,2158.6978,744.88196,2201.464,791.5257,2243.5334,857.03705,2281.612,935.8555,2306.8293,1025.7809,2313.0686,1119.1664,2303.066,1202.1459,2273.4915,1270.3495,2233.6858,1318.8438,2198.68,1354.0332,2157.054
333,333,5550,708.6103,2158.0999,741.102,2140.4268,786.40375,2121.0195,845.69086,2098.4739,931.5393,2078.5662,1019.2371,2099.3018,1109.674,2078.529,1202.5864,2100.0498,1269.4231,2121.7883,1317.2883,2141.1282,1353.2509,2156.5723,1325.6084,2160.0088,1272.3331,2165.2231,1226.2731,2167.846,1167.914,2170.8186,1099.7523,2176.2007,1022.7349,2180.781,951.90106,2175.3445,888.97424,2169.64,831.18445,2168.4373,786.01373,2165.7134,738.24896,2161.1628,1325.6084,2160.0088,1274.1832,2172.0847,1228.1759,2167.6458,1168.9354,2169.8828,1098.1998,2177.276,1021.299,2181.5837,948.4545,2177.4434,886.1774,2175.21,831.73145,2173.6936,789.34204,2173.7832,738.24896,2161.1628,708.6103,2158.0999,744.68964,2201.3167,791.47064,2242.1543,856.8647,2281.1018,935.7123,2306.5562,1025.3705,2312.853,1118.7856,2302.7715,1201.739,2272.975,1269.8342,2232.5781,1318.1879,2198.3186,1353.2509,2156.5723
334,334,5566,708.2919,2157.6724,740.81726,2139.9812,786.2124,2120.5967,845.54944,2098.1536,931.37445,2078.4878,1019.08075,2099.2686,1109.5226,2078.3665,1202.2632,2099.8096,1268.8473,2121.4016,1316.3845,2140.7021,1352.015,2156.1445,1324.4657,2159.5977,1271.49,2164.765,1225.7015,2167.3706,1167.5286,2170.349,1099.4918,2175.7585,1022.4826,2180.364,951.6929,2174.912,888.85834,2169.1853,830.9371,2167.9788,785.71625,2165.2642,737.93506,2160.7468,1324.4657,2159.5977,1273.3842,2170.7769,1227.6166,2166.581,1168.5538,2168.9885,1097.9398,2176.3936,1021.07666,2180.7393,948.29645,2176.6377,885.97064,2174.4536,831.63043,2172.7075,789.1939,2173.1865,737.93506,2160.7468,708.2919,2157.6724,744.4291,2201.2573,791.31647,2240.86,856.8477,2280.3557,935.6966,2305.7893,1025.146,2312.0266,1118.4515,2301.8958,1201.216,2272.0417,1269.0776,2231.3276,1317.1781,2197.6426,1352.015,2156.1445
335,335,5583,708.1798,2157.2637,740.66364,2139.5603,785.97046,2120.2095,845.51935,2097.891,931.2355,2078.3176,1018.8846,2099.1472,1109.2329,2078.1218,1201.7737,2099.6218,1268.205,2121.0613,1315.6357,2140.328,1351.1787,2155.786,1323.719,2159.2422,1270.8743,2164.3557,1225.1365,2166.9333,1167.0892,2169.9087,1099.1749,2175.3472,1022.2387,2179.9858,951.5131,2174.486,888.68207,2168.7183,830.68024,2167.5059,785.58606,2164.8135,737.7459,2160.3455,1323.719,2159.2422,1272.8147,2169.5789,1227.1597,2165.6948,1168.2118,2168.231,1097.7109,2175.5938,1020.93304,2179.9097,948.2025,2175.809,885.87787,2173.6611,831.4724,2171.7278,788.90656,2172.4348,737.7459,2160.3455,708.1798,2157.2637,744.2436,2201.0754,791.1333,2239.453,856.79675,2279.3865,935.70123,2304.8,1024.9822,2311.0369,1118.1395,2300.967,1200.7764,2271.206,1268.5371,2230.2974,1316.5302,2196.99,1351.1787,2155.786
336,336,5600,708.2322,2157.0862,740.697,2139.354,785.8089,2119.9812,845.4339,2097.6343,931.23505,2078.198,1018.94916,2099.021,1109.3032,2078.0608,1201.7173,2099.382,1268.076,2120.7922,1315.4858,2140.055,1351.0331,2155.5247,1323.6342,2158.9678,1270.9165,2164.045,1225.194,2166.6055,1167.1625,2169.5803,1099.2609,2175.0269,1022.26965,2179.6753,951.4956,2174.1685,888.4522,2168.4014,830.50446,2167.2043,785.62604,2164.541,737.6959,2160.1257,1323.6342,2158.9678,1272.7719,2168.7183,1227.1158,2165.1409,1168.1848,2167.797,1097.7181,2175.1428,1020.95984,2179.4468,948.20264,2175.3516,885.85266,2173.2458,831.24994,2171.1606,788.64856,2172.0103,737.6959,2160.1257,708.2322,2157.0862,744.2254,2201.0337,791.0479,2238.4148,856.77594,2278.5835,935.73694,2303.876,1024.9918,2310.086,1118.053,2300.0276,1200.5814,2270.384,1268.2894,2229.4211,1316.3184,2196.435,1351.0331,2155.5247
337,337,5616,708.05145,2156.8193,740.53534,2139.09,785.67426,2119.7373,845.36945,2097.462,931.1396,2077.9573,1018.8401,2098.7822,1109.149,2077.7666,1201.5165,2099.2534,1267.8782,2120.5703,1315.3187,2139.8328,1350.9221,2155.3303,1323.5039,2158.7646,1270.7383,2163.8254,1224.9769,2166.3757,1166.9629,2169.3408,1099.1118,2174.7773,1022.14276,2179.4285,951.3647,2173.919,888.35034,2168.1565,830.3424,2166.9595,785.4686,2164.2903,737.51654,2159.8745,1323.5039,2158.7646,1272.6349,2168.1372,1226.9949,2164.8772,1168.082,2167.7073,1097.6316,2175.0598,1020.8629,2179.3167,948.1019,2175.1724,885.714,2172.998,831.1948,2170.6982,788.54443,2171.5142,737.51654,2159.8745,708.05145,2156.8193,744.0754,2200.9087,790.9649,2237.7573,856.7434,2278.3457,935.7127,2303.766,1024.8899,2310.045,1118.0035,2299.9956,1200.5885,2270.3008,1268.3074,2229.076,1316.2864,2196.1301,1350.9221,2155.3303
338,338,5633,707.89343,2156.6804,740.3902,2138.9412,785.6255,2119.5618,845.17303,2097.2673,930.8905,2077.9111,1018.5206,2098.73,1108.7611,2077.7344,1201.1997,2099.0532,1267.758,2120.4,1315.4116,2139.715,1351.2006,2155.2522,1323.7197,2158.6562,1270.8281,2163.7283,1224.8927,2166.2534,1166.7705,2169.184,1098.8562,2174.5854,1021.83307,2179.2239,951.0345,2173.716,888.21405,2167.9783,830.2401,2166.8083,785.3151,2164.1519,737.3527,2159.7217,1323.7197,2158.6562,1272.6112,2167.8386,1226.834,2164.7979,1167.844,2167.7856,1097.3531,2175.168,1020.57983,2179.406,947.85876,2175.216,885.45435,2172.9707,831.0579,2170.463,788.4605,2171.2454,737.3527,2159.7217,707.89343,2156.6804,743.9387,2200.8445,790.9178,2237.325,856.6204,2278.2034,935.5869,2303.663,1024.6292,2309.9666,1117.7786,2299.9526,1200.4587,2270.276,1268.2843,2228.9124,1316.4174,2196.0493,1351.2006,2155.2522
339,339,5650,707.7884,2156.802,740.30994,2138.9934,785.54156,2119.5105,844.96216,2097.107,930.75476,2077.7947,1018.43713,2098.6072,1108.7249,2077.6692,1201.2413,2098.8833,1267.8845,2120.255,1315.615,2139.614,1351.4825,2155.188,1323.9742,2158.5696,1271.035,2163.6543,1225.0166,2166.1772,1166.8282,2169.1003,1098.8455,2174.4805,1021.73816,2179.1038,950.8633,2173.6345,888.1278,2167.9536,830.1745,2166.832,785.18854,2164.2085,737.26276,2159.783,1323.9742,2158.5696,1272.7771,2167.6292,1226.9652,2164.7915,1167.9275,2167.9312,1097.3772,2175.3533,1020.54114,2179.6003,947.7736,2175.4463,885.2849,2173.1655,830.88074,2170.4624,788.371,2171.1663,737.26276,2159.783,707.7884,2156.802,743.88226,2200.5994,790.8744,2237.2437,856.5597,2278.3726,935.56903,2303.846,1024.6014,2310.1082,1117.829,2300.074,1200.5939,2270.38,1268.4907,2228.8523,1316.6638,2195.99,1351.4825,2155.188
340,340,5666,707.71326,2156.9014,740.22046,2139.0688,785.41046,2119.518,844.9428,2097.002,930.6848,2077.641,1018.3593,2098.4602,1108.5634,2077.55,1200.927,2098.7307,1267.5065,2120.1619,1315.2534,2139.5732,1351.2953,2155.1812,1323.7996,2158.547,1270.8203,2163.6528,1224.7964,2166.1575,1166.6583,2169.0542,1098.7406,2174.4,1021.6628,2179.0063,950.75256,2173.5618,888.0581,2167.9343,830.0445,2166.862,785.1238,2164.2607,737.1642,2159.8274,1323.7996,2158.547,1272.5308,2167.5679,1226.7297,2164.8499,1167.7732,2168.1287,1097.3127,2175.576,1020.5332,2179.7954,947.7492,2175.618,885.2627,2173.2915,830.74066,2170.4407,788.19617,2171.1116,737.1642,2159.8274,707.71326,2156.9014,743.78253,2200.4075,790.765,2237.1492,856.5225,2278.4807,935.5803,2304.0188,1024.6089,2310.3171,1117.8318,2300.2935,1200.5485,2270.5732,1268.3766,2228.8801,1316.4829,2195.8308,1351.2953,2155.1812
341,341,5683,707.7034,2157.0215,740.1635,2139.1372,785.285,2119.4963,844.913,2096.884,930.63806,2077.5723,1018.32935,2098.3564,1108.4711,2077.357,1200.7025,2098.6506,1267.079,2120.0498,1314.5953,2139.5066,1350.4637,2155.1787,1323.0415,2158.5193,1270.196,2163.6274,1224.359,2166.1287,1166.3921,2169.0251,1098.6229,2174.3567,1021.63074,2178.949,950.69867,2173.5518,887.93835,2167.9756,829.9211,2166.9265,785.1114,2164.321,737.1102,2159.8909,1323.0415,2158.5193,1271.9127,2167.459,1226.256,2164.8652,1167.4746,2168.2278,1097.164,2175.6877,1020.49896,2179.9102,947.72705,2175.7341,885.2456,2173.3914,830.593,2170.4277,788.02716,2171.0376,737.1102,2159.8909,707.7034,2157.0215,743.72534,2200.2166,790.66693,2237.098,856.4856,2278.6628,935.5906,2304.329,1024.5973,2310.659,1117.7574,2300.6067,1200.3517,2270.7866,1267.9706,2228.8967,1315.8248,2195.7063,1350.4637,2155.1787
342,342,5700,707.6324,2157.0625,740.0801,2139.1206,785.24915,2119.4316,844.6732,2096.7847,930.3834,2077.487,1018.02545,2098.2642,1108.0415,2077.2102,1200.0713,2098.567,1266.1649,2119.9531,1313.4425,2139.438,1349.2158,2155.149,1321.8661,2158.4707,1269.1385,2163.565,1223.4818,2166.0598,1165.7256,2168.9575,1098.1556,2174.2817,1021.3331,2178.8674,950.43805,2173.4937,887.7976,2167.937,829.8558,2166.8965,785.03815,2164.3008,737.0233,2159.901,1321.8661,2158.4707,1270.8981,2167.3008,1225.3961,2164.8457,1166.8047,2168.2522,1096.7051,2175.6995,1020.24585,2179.9077,947.5843,2175.7505,885.10345,2173.417,830.54767,2170.3865,787.93066,2171.0066,737.0233,2159.901,707.6324,2157.0625,743.6397,2200.0767,790.59674,2236.9844,856.444,2278.714,935.51697,2304.4353,1024.3549,2310.7834,1117.2952,2300.7092,1199.6411,2270.8494,1267.0303,2228.8435,1314.6904,2195.6685,1349.2158,2155.149
343,343,5716,707.6125,2157.181,739.9623,2139.1697,784.8192,2119.4019,843.9824,2096.6992,929.7189,2077.412,1017.2491,2098.192,1107.1086,2077.092,1199.1464,2098.4763,1265.2863,2119.8826,1312.6499,2139.4216,1348.569,2155.1848,1321.1595,2158.4878,1268.2904,2163.591,1222.5867,2166.0713,1164.8285,2168.9524,1097.3119,2174.255,1020.606,2178.8254,949.734,2173.4707,887.1733,2167.9495,829.5854,2166.9373,784.9982,2164.3591,736.9833,2159.9688,1321.1595,2158.4878,1270.0157,2167.2764,1224.4414,2164.8833,1165.8799,2168.356,1095.8645,2175.8284,1019.584,2180.0386,947.075,2175.8608,884.6072,2173.4934,830.1456,2170.3828,787.7244,2170.9375,736.9833,2159.9688,707.6125,2157.181,743.5465,2199.931,790.35065,2236.961,856.041,2278.839,935.09705,2304.6367,1023.74817,2311.0173,1116.6001,2300.9294,1198.9086,2271.0127,1266.279,2228.8809,1313.9834,2195.5017,1348.569,2155.1848
344,344,5733,707.4572,2157.3752,739.6654,2139.3018,784.1874,2119.4375,843.1708,2096.626,928.9816,2077.3555,1016.45776,2098.1514,1106.204,2077.042,1198.2793,2098.3752,1264.5758,2119.8303,1312.1091,2139.4365,1348.1782,2155.2512,1320.6838,2158.5369,1267.67,2163.652,1221.8472,2166.1077,1164.0264,2168.9592,1096.5253,2174.233,1019.9,2178.79,948.98444,2173.4617,886.4535,2167.999,829.202,2167.04,784.863,2164.4937,736.836,2160.111,1320.6838,2158.5369,1269.3608,2167.2065,1223.7095,2164.9353,1165.1322,2168.4854,1095.1455,2175.9856,1018.9662,2180.2004,946.5221,2176.0107,884.02045,2173.6108,829.6099,2170.4094,787.38983,2170.8123,736.836,2160.111,707.4572,2157.3752,743.26855,2199.7893,789.8809,2236.964,855.4548,2278.978,934.5936,2304.8572,1023.1865,2311.2659,1116.0547,2301.1616,1198.407,2271.1792,1265.8069,2228.9194,1313.5538,2195.2917,1348.1782,2155.2512
345,345,5750,707.3896,2157.477,739.6226,2139.3809,784.0882,2119.4705,842.9348,2096.5693,928.7513,2077.2534,1016.1931,2098.0486,1105.84,2076.97,1197.7468,2098.278,1263.9176,2119.7876,1311.3901,2139.4358,1347.4082,2155.2812,1319.9613,2158.5496,1266.9939,2163.66,1221.2041,2166.099,1163.4805,2168.9338,1096.0927,2174.193,1019.59937,2178.744,948.6683,2173.4314,886.1834,2167.9988,829.1259,2167.0676,784.8077,2164.5415,736.7728,2160.1775,1319.9613,2158.5496,1268.6819,2167.1814,1223.1257,2164.9702,1164.6633,2168.5735,1094.7933,2176.0837,1018.73987,2180.2854,946.33813,2176.078,883.81757,2173.6619,829.46735,2170.407,787.3589,2170.7473,736.7728,2160.1775,707.3896,2157.477,743.22516,2199.6726,789.81274,2236.941,855.2849,2279.0725,934.4173,2305.0095,1022.91644,2311.445,1115.6847,2301.3386,1197.9414,2271.3164,1265.2272,2228.9556,1312.8713,2195.1428,1347.4082,2155.2812
346,346,5766,707.3517,2157.5598,739.56177,2139.449,784.06433,2119.5002,842.8034,2096.5244,928.57086,2077.1697,1015.9481,2097.9805,1105.503,2076.9036,1197.3518,2098.1902,1263.5648,2119.7866,1311.088,2139.5327,1347.1392,2155.4827,1319.6788,2158.7185,1266.723,2163.796,1220.8817,2166.1843,1163.1499,2168.9753,1095.8057,2174.197,1019.39166,2178.724,948.46686,2173.4263,886.057,2168.022,829.0796,2167.109,784.7509,2164.5884,736.71625,2160.2283,1319.6788,2158.7185,1268.3796,2167.048,1222.8179,2164.997,1164.3759,2168.6904,1094.5596,2176.2244,1018.59814,2180.4092,946.23553,2176.1685,883.73285,2173.7195,829.4242,2170.4116,787.26135,2170.681,736.71625,2160.2283,707.3517,2157.5598,743.1622,2199.5767,789.7813,2236.922,855.1893,2279.1501,934.30835,2305.139,1022.7724,2311.6038,1115.521,2301.4944,1197.79,2271.419,1265.0624,2228.992,1312.6702,2194.9268,1347.1392,2155.4827
347,347,5783,707.3228,2157.829,739.5093,2139.6328,783.8795,2119.5698,842.5522,2096.4807,928.40643,2077.1392,1015.8372,2097.9148,1105.4258,2076.7405,1197.3544,2098.1663,1263.6456,2119.743,1311.222,2139.5132,1347.3018,2155.4949,1319.8231,2158.7307,1266.8301,2163.822,1220.9336,2166.2026,1163.1467,2168.9854,1095.7604,2174.202,1019.3186,2178.7288,948.3285,2173.4746,885.8989,2168.136,829.0215,2167.28,784.7156,2164.7893,736.6897,2160.452,1319.8231,2158.7307,1268.4478,2166.9954,1222.8406,2165.0374,1164.3501,2168.7778,1094.5046,2176.3328,1018.5332,2180.5269,946.1432,2176.2861,883.596,2173.8115,829.3021,2170.4285,787.2051,2170.54,736.6897,2160.452,707.3228,2157.829,743.1437,2199.508,789.73334,2236.9495,855.1108,2279.216,934.26117,2305.2642,1022.7454,2311.7495,1115.5361,2301.6323,1197.8462,2271.5154,1265.1514,2229.01,1312.7948,2194.7834,1347.3018,2155.4949
348,348,5800,707.20807,2158.0764,739.28235,2139.778,783.4371,2119.6094,842.0298,2096.4377,928.06335,2077.0479,1015.53796,2097.8396,1105.1562,2076.6309,1197.1947,2098.1023,1263.5369,2119.7327,1311.1156,2139.5938,1347.1621,2155.666,1319.6406,2158.8645,1266.6241,2163.9536,1220.7216,2166.313,1162.9097,2169.0652,1095.505,2174.2542,1019.0541,2178.7617,948.0247,2173.535,885.5471,2168.2332,828.81323,2167.4187,784.63635,2164.9617,736.5766,2160.6575,1319.6406,2158.8645,1268.2322,2166.901,1222.6133,2165.0737,1164.0873,2168.8547,1094.207,2176.422,1018.2201,2180.6243,945.8539,2176.3823,883.2375,2173.8901,828.9132,2170.4448,786.9426,2170.4182,736.5766,2160.6575,707.20807,2158.0764,742.94147,2199.467,789.4194,2236.9993,854.78186,2279.2368,934.01025,2305.3408,1022.4508,2311.8472,1115.2561,2301.721,1197.5985,2271.573,1264.9471,2229.0447,1312.6199,2194.6052,1347.1621,2155.666
349,349,5816,707.2873,2158.1248,739.25464,2139.8,783.37823,2119.5935,841.99976,2096.416,928.02136,2076.8625,1015.4896,2097.6099,1105.1022,2076.413,1197.1868,2098.0686,1263.588,2119.7017,1311.1975,2139.6018,1347.242,2155.727,1319.6974,2158.9094,1266.6783,2163.989,1220.7427,2166.3235,1162.9178,2169.0527,1095.4957,2174.229,1019.03143,2178.7334,947.9917,2173.509,885.48694,2168.221,828.74133,2167.43,784.6663,2164.989,736.636,2160.6904,1319.6974,2158.9094,1268.2455,2166.8408,1222.6163,2165.1047,1164.0912,2168.9136,1094.2057,2176.4849,1018.2176,2180.6833,945.8498,2176.4255,883.21625,2173.924,828.8033,2170.4521,786.86096,2170.3738,736.636,2160.6904,707.2873,2158.1248,742.9456,2199.4038,789.36774,2237.0002,854.7618,2279.3093,934.0091,2305.4424,1022.4579,2311.9556,1115.2991,2301.8203,1197.6758,2271.6428,1265.0306,2229.056,1312.7032,2194.4763,1347.242,2155.727
350,350,5833,707.1878,2158.0913,739.0806,2139.77,783.07135,2119.5708,841.66583,2096.3865,927.79443,2076.6987,1015.3128,2097.503,1104.9822,2076.2817,1197.1465,2098.037,1263.6077,2119.6768,1311.2435,2139.6309,1347.2958,2155.8076,1319.7201,2158.973,1266.6757,2164.0513,1220.7122,2166.3645,1162.8375,2169.0696,1095.3743,2174.228,1018.8749,2178.7178,947.7892,2173.492,885.22565,2168.2024,828.5775,2167.4087,784.5994,2164.964,736.54517,2160.662,1319.7201,2158.973,1268.2205,2166.7878,1222.5543,2165.1306,1163.9822,2168.9448,1094.052,2176.5073,1018.0361,2180.6936,945.6661,2176.406,882.9799,2173.8848,828.54504,2170.3945,786.6732,2170.231,736.54517,2160.662,707.1878,2158.0913,742.8107,2199.3706,789.16724,2236.9573,854.531,2279.3718,933.8429,2305.5383,1022.30536,2312.063,1115.2042,2301.9211,1197.6383,2271.7178,1265.028,2229.0715,1312.7245,2194.3538,1347.2958,2155.8076
351,351,5850,707.15436,2158.0598,739.0614,2139.7473,783.01636,2119.5535,841.5967,2096.2925,927.7722,2076.3677,1015.3204,2097.1978,1105.0244,2075.9324,1197.2185,2097.9048,1263.7058,2119.6614,1311.3578,2139.6113,1347.4105,2155.7886,1319.8314,2158.9553,1266.789,2164.0354,1220.8044,2166.3499,1162.903,2169.0557,1095.4082,2174.212,1018.8783,2178.6965,947.76337,2173.473,885.1988,2168.1821,828.5478,2167.3835,784.5608,2164.9365,736.5097,2160.6375,1319.8314,2158.9553,1268.3134,2166.6665,1222.6315,2165.1208,1164.0309,2168.927,1094.0701,2176.4807,1018.0308,2180.6626,945.64136,2176.366,882.927,2173.84,828.4943,2170.3318,786.64996,2170.0603,736.5097,2160.6375,707.15436,2158.0598,742.78687,2199.2761,789.1364,2236.8635,854.4814,2279.3926,933.82135,2305.597,1022.3005,2312.139,1115.2281,2302.0017,1197.6967,2271.79,1265.1107,2229.0935,1312.8251,2194.2844,1347.4105,2155.7886
352,352,5866,707.1254,2158.0417,739.01984,2139.709,782.9669,2119.4553,841.573,2096.0376,927.78265,2075.7139,1015.3319,2096.4778,1105.0691,2075.2417,1197.2815,2097.5405,1263.786,2119.5303,1311.4583,2139.579,1347.5226,2155.7764,1319.9429,2158.9478,1266.9052,2164.0264,1220.8971,2166.3357,1162.9773,2169.02,1095.4539,2174.1414,1018.88635,2178.6006,947.7592,2173.394,885.125,2168.1396,828.4881,2167.3623,784.547,2164.917,736.48486,2160.6028,1319.9429,2158.9478,1268.4098,2166.437,1222.7186,2165.0562,1164.099,2168.8357,1094.1129,2176.355,1018.0418,2180.5168,945.6604,2176.2048,882.91077,2173.6833,828.4042,2170.1702,786.57056,2169.734,736.48486,2160.6028,707.1254,2158.0417,742.7469,2199.1218,789.0895,2236.758,854.4611,2279.3953,933.8386,2305.6338,1022.32263,2312.1914,1115.2483,2302.062,1197.7367,2271.8474,1265.1755,2229.1077,1312.9172,2194.1611,1347.5226,2155.7764
353,353,5883,707.10986,2157.9807,738.9849,2139.6672,782.9101,2119.405,841.5473,2095.9307,927.78326,2075.396,1015.33295,2096.0488,1105.0562,2074.8975,1197.2594,2097.3662,1263.8033,2119.4636,1311.4965,2139.5608,1347.5677,2155.7673,1319.971,2158.9404,1266.9255,2164.017,1220.8918,2166.3105,1162.983,2168.951,1095.4607,2174.0093,1018.8801,2178.4429,947.7326,2173.2424,885.08215,2168.0469,828.43207,2167.3035,784.52936,2164.8633,736.4657,2160.5227,1319.971,2158.9404,1268.4269,2166.2734,1222.7446,2165.0286,1164.1354,2168.7854,1094.1455,2176.2559,1018.0591,2180.3843,945.6622,2176.043,882.8921,2173.5176,828.3216,2169.9927,786.4981,2169.362,736.4657,2160.5227,707.10986,2157.9807,742.7085,2198.8953,789.0534,2236.6128,854.44507,2279.3533,933.83295,2305.6267,1022.3375,2312.213,1115.2943,2302.0964,1197.8077,2271.8936,1265.2592,2229.1226,1312.9961,2194.0474,1347.5677,2155.7673
354,354,5900,707.0502,2157.951,738.9055,2139.6467,782.78467,2119.3884,841.422,2095.8567,927.6993,2075.169,1015.23773,2095.8271,1104.9451,2074.6501,1197.1647,2097.2522,1263.7346,2119.439,1311.4357,2139.5469,1347.5082,2155.7502,1319.8921,2158.9265,1266.8478,2164.003,1220.8213,2166.2983,1162.8959,2168.9429,1095.369,2173.994,1018.7936,2178.419,947.628,2173.2292,884.9532,2168.0337,828.34784,2167.2852,784.486,2164.8425,736.40936,2160.5007,1319.8921,2158.9265,1268.355,2166.1096,1222.665,2164.9775,1164.0402,2168.6982,1094.0457,2176.1345,1017.9707,2180.2532,945.5853,2175.9287,882.78516,2173.4363,828.18494,2169.928,786.3889,2169.2275,736.40936,2160.5007,707.0502,2157.951,742.6296,2198.8374,788.95715,2236.5547,854.3555,2279.349,933.77716,2305.6182,1022.26636,2312.2034,1115.2264,2302.0986,1197.7468,2271.9111,1265.2003,2229.1191,1312.9365,2193.9382,1347.5082,2155.7502
355,355,5916,707.032,2157.9377,738.8436,2139.6296,782.6384,2119.3384,841.26135,2095.7146,927.59375,2074.7852,1015.13806,2095.4172,1104.854,2074.2205,1197.1158,2097.0195,1263.7288,2119.3394,1311.4534,2139.5022,1347.5334,2155.7256,1319.9119,2158.897,1266.8558,2163.982,1220.8083,2166.278,1162.8589,2168.9219,1095.3109,2173.9712,1018.7222,2178.3926,947.52264,2173.2107,884.8208,2168.025,828.27686,2167.2747,784.4675,2164.8335,736.3892,2160.4856,1319.9119,2158.897,1268.3527,2165.8967,1222.6422,2164.9065,1163.9939,2168.6028,1093.9778,2176.0237,1017.8944,2180.15,945.49963,2175.824,882.67487,2173.3467,828.07776,2169.8418,786.33105,2169.043,736.3892,2160.4856,707.032,2157.9377,742.5693,2198.7302,788.82385,2236.4736,854.1879,2279.341,933.67224,2305.631,1022.2006,2312.2253,1115.2073,2302.1213,1197.7648,2271.93,1265.2306,2229.1035,1312.9686,2193.7598,1347.5334,2155.7256
356,356,5933,706.3466,2157.9395,738.0799,2139.6091,781.796,2119.3215,840.5651,2095.6301,927.17267,2074.461,1014.8208,2095.0518,1104.5985,2073.7788,1196.978,2096.7349,1263.6694,2119.2148,1311.4384,2139.452,1347.533,2155.7043,1319.8909,2158.8684,1266.7985,2163.9548,1220.7065,2166.2434,1162.6887,2168.877,1095.0648,2173.9246,1018.4154,2178.3506,947.0821,2173.1936,884.15643,2168.007,827.6386,2167.2527,783.9033,2164.8145,735.7306,2160.475,1319.8909,2158.8684,1268.2913,2165.6895,1222.5232,2164.8281,1163.7993,2168.4893,1093.715,2175.8906,1017.58624,2180.0288,945.128,2175.7417,882.13727,2173.3123,827.3461,2169.8281,785.59467,2169.0193,735.7306,2160.475,706.3466,2157.9395,741.8604,2198.6821,788.11414,2236.467,853.6035,2279.3564,933.2923,2305.6316,1021.8915,2312.2053,1114.969,2302.098,1197.5974,2271.918,1265.1382,2229.0786,1312.9327,2193.5933,1347.533,2155.7043
357,357,5950,705.97034,2157.938,737.63,2139.5906,781.20276,2119.303,839.9754,2095.5754,926.7825,2074.222,1014.49414,2094.8215,1104.3019,2073.5054,1196.746,2096.6047,1263.4418,2119.1829,1311.2219,2139.4377,1347.3135,2155.6885,1319.674,2158.8528,1266.5386,2163.939,1220.4098,2166.2268,1162.3593,2168.8604,1094.7006,2173.9082,1018.05414,2178.336,946.65497,2173.1746,883.59076,2167.987,827.1593,2167.2332,783.5531,2164.7961,735.35785,2160.4639,1319.674,2158.8528,1268.0458,2165.6206,1222.2493,2164.8142,1163.4918,2168.4673,1093.3855,2175.8647,1017.2639,2180.0017,944.77985,2175.7236,881.68207,2173.3037,826.7883,2169.8196,785.10913,2168.9993,735.35785,2160.4639,705.97034,2157.938,741.4579,2198.642,787.64905,2236.4595,853.1518,2279.3762,932.92413,2305.6594,1021.52466,2312.2363,1114.5968,2302.1294,1197.2444,2271.9473,1264.8306,2229.0889,1312.6737,2193.572,1347.3135,2155.6885
358,358,5966,705.89606,2157.9673,737.4796,2139.5854,780.9529,2119.2832,839.709,2095.548,926.5375,2074.09,1014.20905,2094.6714,1103.9778,2073.382,1196.448,2096.5752,1263.1797,2119.1594,1310.9999,2139.4365,1347.0852,2155.736,1319.4329,2158.8738,1266.2781,2163.9321,1220.1069,2166.2104,1162.0569,2168.8503,1094.4009,2173.8706,1017.7737,2178.2817,946.3761,2173.1309,883.2928,2167.9714,826.968,2167.2175,783.4502,2164.7827,735.2833,2160.4714,1319.4329,2158.8738,1267.7993,2165.5693,1221.9901,2164.8184,1163.2274,2168.458,1093.1367,2175.8267,1017.04694,2179.9429,944.5942,2175.6763,881.4823,2173.2837,826.5731,2169.814,784.95154,2168.9631,735.2833,2160.4714,705.89606,2157.9673,741.3291,2198.6,787.4691,2236.4517,852.95715,2279.369,932.74615,2305.6113,1021.3094,2312.1787,1114.3538,2302.0923,1196.9957,2271.957,1264.598,2229.0974,1312.4606,2193.4844,1347.0852,2155.736
359,359,5983,705.45966,2157.9644,737.03485,2139.5696,780.4882,2119.2654,839.3253,2095.4438,926.36835,2073.8367,1014.1135,2094.4795,1103.9274,2073.2231,1196.4216,2096.56,1263.1067,2119.136,1310.8584,2139.4368,1346.8068,2155.771,1319.1895,2158.884,1266.0846,2163.9246,1219.9438,2166.198,1161.912,2168.8323,1094.2443,2173.8518,1017.5865,2178.2673,946.122,2173.1152,882.8772,2167.956,826.51666,2167.2014,783.02606,2164.767,734.8253,2160.4658,1319.1895,2158.884,1267.6436,2165.5383,1221.8677,2164.82,1163.0985,2168.452,1092.9932,2175.8054,1016.86816,2179.9106,944.3883,2175.6538,881.14056,2173.2764,826.03455,2169.8098,784.39557,2168.934,734.8253,2160.4658,705.45966,2157.9644,740.93304,2198.5647,787.10333,2236.4358,852.6809,2279.3704,932.53284,2305.6067,1021.02325,2312.1736,1114.0319,2302.0952,1196.6453,2271.9688,1264.2794,2229.1052,1312.1718,2193.409,1346.8068,2155.771
360,360,6000,704.8593,2158.001,736.3327,2139.5627,779.7111,2119.2498,838.65576,2095.3887,925.9201,2073.6982,1013.7843,2094.383,1103.7103,2073.1658,1196.2985,2096.5142,1263.0033,2119.132,1310.757,2139.5012,1346.6334,2155.9185,1318.9939,2158.9758,1265.8882,2163.9575,1219.7372,2166.199,1161.6938,2168.816,1093.9547,2173.8381,1017.1833,2178.2588,945.5586,2173.102,882.12866,2167.948,825.8089,2167.186,782.40356,2164.7617,734.20844,2160.4905,1318.9939,2158.9758,1267.4803,2165.4692,1221.6954,2164.8237,1162.8998,2168.4548,1092.7334,2175.789,1016.52454,2179.882,943.9403,2175.6365,880.52454,2173.277,825.2397,2169.8115,783.61426,2168.8784,734.20844,2160.4905,704.8593,2158.001,740.24207,2198.524,786.3931,2236.435,852.0701,2279.3804,932.0654,2305.5994,1020.58624,2312.1562,1113.6433,2302.1006,1196.333,2271.9878,1264.0524,2229.1296,1311.9979,2193.3123,1346.6334,2155.9185
361,361,6016,704.38135,2158.1033,735.8022,2139.5886,779.1552,2119.236,838.1883,2095.3628,925.6324,2073.6604,1013.59955,2094.3218,1103.6338,2073.0957,1196.2775,2096.494,1262.974,2119.2866,1310.6893,2139.8196,1346.4327,2156.4312,1318.78,2159.3574,1265.7332,2164.1594,1219.62,2166.3098,1161.5659,2168.861,1093.7736,2173.8484,1016.92346,2178.247,945.22705,2173.089,881.6336,2167.9355,825.2734,2167.1846,781.90497,2164.785,733.7308,2160.572,1318.78,2159.3574,1267.3646,2165.4355,1221.586,2164.9102,1162.7611,2168.473,1092.5457,2175.7993,1016.2579,2179.887,943.6285,2175.6409,880.07526,2173.284,824.6162,2169.82,782.977,2168.8125,733.7308,2160.572,704.38135,2158.1033,739.7438,2198.4941,785.92505,2236.4312,851.6919,2279.3672,931.7446,2305.5454,1020.18195,2312.1052,1113.2357,2302.0928,1195.9625,2272.004,1263.778,2229.2048,1311.7911,2193.3098,1346.4327,2156.4312
362,362,6033,703.9244,2158.2832,735.34534,2139.66,778.7287,2119.2476,837.8246,2095.333,925.3801,2073.591,1013.4274,2094.2617,1103.5574,2073.0652,1196.2206,2096.5796,1262.8845,2119.6018,1310.5616,2140.3188,1346.1731,2157.1685,1318.5026,2159.9138,1265.5364,2164.4497,1219.4574,2166.4663,1161.4062,2168.925,1093.5724,2173.8662,1016.6611,2178.2407,944.9163,2173.0798,881.1852,2167.9258,824.7891,2167.191,781.4348,2164.831,733.30145,2160.7107,1318.5026,2159.9138,1267.2366,2165.4858,1221.4845,2165.0981,1162.6467,2168.5513,1092.4069,2175.813,1016.0608,2179.8972,943.4078,2175.6501,879.7279,2173.2886,824.0902,2169.844,782.4156,2168.7498,733.30145,2160.7107,703.9244,2158.2832,739.27747,2198.4932,785.51776,2236.4333,851.4042,2279.364,931.50446,2305.4917,1019.8451,2312.0552,1112.8785,2302.0913,1195.6299,2272.018,1263.5228,2229.3892,1311.5807,2193.4485,1346.1731,2157.1685
363,363,6050,703.80853,2158.5332,735.1642,2139.7803,778.5134,2119.2798,837.6434,2095.3103,925.269,2073.5305,1013.35077,2094.2087,1103.5199,2073.0583,1196.186,2096.7498,1262.8213,2120.1208,1310.4388,2141.1987,1345.8755,2158.4504,1318.2008,2160.949,1265.3374,2165.0652,1219.3048,2166.8074,1161.2788,2169.0662,1093.439,2173.9065,1016.5173,2178.2378,944.73755,2173.0703,880.9308,2167.918,824.55615,2167.208,781.2534,2164.9104,733.1777,2160.9077,1318.2008,2160.949,1267.0808,2165.8171,1221.3694,2165.5378,1162.5432,2168.759,1092.2948,2175.8726,1015.93024,2179.904,943.26056,2175.6565,879.5147,2173.3042,823.81885,2169.8928,782.17084,2168.7075,733.1777,2160.9077,703.80853,2158.5332,739.0883,2198.527,785.2831,2236.4487,851.18317,2279.3706,931.30414,2305.4778,1019.58356,2312.051,1112.5945,2302.0994,1195.3713,2272.167,1263.308,2229.8843,1311.3633,2193.9639,1345.8755,2158.4504
364,364,6066,703.7847,2158.766,735.1045,2139.8994,778.43365,2119.3152,837.58746,2095.2898,925.261,2073.484,1013.3522,2094.1597,1103.5312,2073.0447,1196.2245,2096.964,1262.8431,2120.774,1310.4498,2142.2878,1345.8671,2160.0112,1318.19,2162.2861,1265.3429,2165.9597,1219.313,2167.402,1161.2836,2169.4045,1093.4358,2174.0654,1016.50714,2178.2854,944.7128,2173.0955,880.8684,2167.942,824.4872,2167.2595,781.2016,2165.0122,733.1432,2161.1074,1318.19,2162.2861,1267.0837,2166.4585,1221.3676,2166.238,1162.5278,2169.124,1092.2615,2176.002,1015.88916,2179.9348,943.2073,2175.6685,879.42395,2173.3303,823.69446,2169.961,782.0617,2168.6912,733.1432,2161.1074,703.7847,2158.766,739.03705,2198.554,785.2059,2236.4534,851.0944,2279.3699,931.2141,2305.4587,1019.4564,2312.0513,1112.4418,2302.1235,1195.255,2272.4224,1263.2576,2230.5747,1311.3478,2194.752,1345.8671,2160.0112
365,365,6083,703.9197,2159.0679,735.1763,2140.0513,778.48914,2119.3577,837.6968,2095.269,925.5162,2073.444,1013.68536,2094.1135,1103.9614,2073.0396,1196.6912,2097.231,1263.2126,2121.5654,1310.6873,2143.6216,1345.9241,2161.9175,1318.2394,2163.9402,1265.4382,2167.0728,1219.458,2168.1033,1161.4624,2169.7576,1093.631,2174.1963,1016.7339,2178.3076,944.8903,2173.099,880.9443,2167.949,824.56586,2167.3013,781.3067,2165.1216,733.27216,2161.3464,1318.2394,2163.9402,1267.1948,2167.3699,1221.5063,2167.143,1162.679,2169.6199,1092.4219,2176.1904,1016.0781,2179.9812,943.3744,2175.682,879.5271,2173.3523,823.7438,2170.0244,782.116,2168.6875,733.27216,2161.3464,703.9197,2159.0679,739.1484,2198.6013,785.3154,2236.4563,851.2195,2279.3594,931.3486,2305.4304,1019.551,2312.0535,1112.4982,2302.174,1195.3104,2272.8005,1263.3352,2231.5056,1311.4327,2195.8672,1345.9241,2161.9175
366,366,6100,704.783,2159.5461,735.9281,2140.3354,779.2045,2119.481,838.48254,2095.2676,926.6115,2073.3992,1015.0295,2094.0764,1105.5035,2073.057,1198.2483,2097.5574,1264.4868,2122.5266,1311.6261,2145.2866,1346.3966,2164.38,1318.6842,2166.106,1266.018,2168.5017,1220.1769,2168.994,1162.306,2170.2158,1094.5857,2174.3752,1017.8367,2178.35,945.86914,2173.1223,881.7064,2167.9856,825.3281,2167.4011,782.1322,2165.3276,734.15717,2161.7441,1318.6842,2166.106,1267.8337,2168.7808,1222.2903,2168.503,1163.5623,2170.5176,1093.4166,2176.6626,1017.2331,2180.1768,944.4512,2175.7754,880.4433,2173.4326,824.5138,2170.1511,782.8742,2168.762,734.15717,2161.7441,704.783,2159.5461,740.0335,2198.7703,786.2267,2236.5222,852.1545,2279.3994,932.3046,2305.4954,1020.43585,2312.2322,1113.2451,2302.68,1196.0409,2273.9048,1264.0697,2233.1912,1312.0834,2197.6663,1346.3966,2164.38
367,367,6116,706.644,2160.1401,737.9586,2140.7922,781.6064,2119.7786,841.47723,2095.3896,930.62384,2073.408,1019.9111,2094.1467,1110.8691,2073.1917,1203.6929,2097.9717,1269.5757,2123.6077,1316.1758,2147.221,1349.8564,2167.2913,1321.9698,2168.7622,1269.571,2170.3933,1223.9869,2170.2588,1166.3857,2170.9812,1098.879,2174.8018,1022.3458,2178.5825,949.5918,2173.298,884.6013,2168.188,827.82733,2167.711,784.3476,2165.7593,736.2043,2162.297,1321.9698,2168.7622,1271.5742,2170.915,1226.4331,2170.7375,1167.9963,2172.3809,1098.0422,2177.9692,1022.0936,2180.9546,948.4435,2176.216,883.63776,2173.7314,827.0711,2170.442,785.0472,2168.9778,736.2043,2162.297,706.644,2160.1401,742.12054,2199.1335,788.61633,2236.883,854.9928,2279.9822,935.8716,2306.585,1024.935,2313.8694,1117.9822,2305.1714,1201.1985,2277.182,1269.208,2236.603,1316.5828,2200.5007,1349.8564,2167.2913
368,368,6133,708.43256,2161.1257,739.90497,2141.366,784.2977,2119.9585,845.3183,2095.3806,936.3996,2073.3623,1027.3235,2094.13,1119.5079,2073.178,1213.5391,2098.028,1279.8623,2124.344,1326.4407,2149.2783,1358.881,2170.9966,1330.171,2172.0425,1277.587,2172.5032,1231.8928,2171.3052,1174.2119,2171.302,1106.4624,2174.844,1029.6082,2178.5774,955.383,2173.2935,888.94135,2168.202,831.3376,2167.913,787.16254,2166.2817,738.56305,2163.1296,1330.171,2172.0425,1279.9136,2173.5076,1235.1083,2173.3499,1176.761,2174.642,1106.5938,2179.662,1030.4297,2182.0024,954.9838,2176.8086,888.71655,2174.0813,830.9413,2170.7666,788.07056,2169.2925,738.56305,2163.1296,708.43256,2161.1257,744.3614,2199.9634,791.6661,2237.9207,859.218,2281.7202,941.8763,2309.4358,1033.2834,2317.5483,1127.5977,2309.9739,1212.1862,2282.6443,1280.5797,2241.6772,1327.1996,2204.48,1358.881,2170.9966
369,369,6150,711.098,2163.5603,740.8715,2141.766,785.4457,2119.6914,847.48517,2093.681,940.4696,2070.4324,1033.2987,2090.2783,1127.2236,2070.6624,1224.2382,2097.0671,1294.0525,2124.355,1343.4307,2151.8313,1375.5372,2178.8135,1343.4109,2179.0317,1291.0859,2174.0886,1242.3247,2170.9978,1183.9092,2166.8042,1114.9064,2165.5725,1036.4551,2167.1013,960.1206,2162.5273,892.54236,2161.2441,835.44305,2165.8245,790.78845,2166.2878,744.0752,2164.9229,1343.4109,2179.0317,1296.3085,2185.7578,1254.8281,2190.7922,1198.3936,2195.3306,1128.4528,2199.7786,1052.0968,2198.8813,970.9325,2191.2466,901.37427,2185.1873,840.9794,2178.0635,796.13824,2173.3213,744.0752,2164.9229,711.098,2163.5603,748.252,2204.396,798.4182,2244.7568,869.85486,2290.825,957.81537,2321.679,1056.3522,2333.1353,1153.6764,2328.9995,1241.6995,2305.189,1310.3759,2262.7527,1352.6669,2218.4756,1375.5372,2178.8135
370,370,6166,718.963,2165.1,745.16064,2141.908,788.828,2119.326,851.1263,2092.5852,944.3506,2069.531,1038.0132,2089.1846,1132.6613,2070.2185,1230.9751,2097.0054,1302.914,2124.7854,1354.2341,2154.6423,1387.5027,2185.4536,1354.7247,2185.5264,1303.7538,2175.486,1252.317,2170.6147,1192.7317,2163.407,1122.5374,2159.67,1042.6443,2160.176,965.0433,2155.2346,896.8694,2155.144,840.8073,2162.829,796.5973,2166.1492,753.8453,2166.2058,1354.7247,2185.5264,1313.1353,2200.986,1275.7633,2212.817,1221.4838,2221.6128,1151.8625,2226.6504,1075.7188,2223.696,989.3276,2212.5046,916.57983,2201.827,853.7964,2189.3933,807.29034,2179.6213,753.8453,2166.2058,718.963,2165.1,757.58856,2209.0347,810.35675,2252.966,884.74603,2303.4387,977.2142,2339.9622,1081.7292,2356.2969,1180.8635,2354.9092,1270.525,2332.0615,1337.4591,2285.579,1373.7896,2233.0232,1387.5027,2185.4536
371,371,6183,725.4422,2171.014,748.0693,2143.1863,790.66626,2119.057,853.0786,2090.5444,947.0724,2066.6587,1042.0526,2085.5098,1137.7931,2067.4033,1238.7072,2095.5933,1313.4148,2124.7642,1366.6884,2156.9197,1400.6648,2192.751,1367.5914,2192.3232,1317.8184,2176.2688,1263.7479,2168.813,1202.2386,2157.2922,1130.1366,2151.2388,1048.4462,2151.202,969.3557,2146.7634,900.2154,2148.5396,844.5943,2159.9216,800.69855,2166.172,761.31824,2171.1353,1367.5914,2192.3232,1331.0535,2215.572,1296.0538,2231.8367,1242.0898,2242.6777,1171.7235,2247.7126,1095.0698,2243.8394,1004.2448,2231.554,928.2574,2219.6042,862.9848,2204.8508,815.0026,2191.3276,761.31824,2171.1353,725.4422,2171.014,764.8,2218.7178,819.7469,2265.067,897.234,2317.3452,993.89795,2355.9612,1103.0706,2374.3857,1203.6257,2374.4343,1295.0287,2352.7485,1361.776,2304.5405,1394.4576,2246.7612,1400.6648,2192.751
372,372,6200,728.6269,2179.2898,749.188,2145.6567,791.3925,2118.8445,854.2665,2087.6858,949.8727,2061.6975,1046.7383,2078.8933,1143.8456,2060.9756,1247.2112,2090.6528,1323.573,2123.8008,1377.1526,2157.4612,1409.8295,2197.0725,1375.989,2196.091,1327.6819,2176.2107,1273.0842,2164.5972,1210.7869,2148.7578,1137.4171,2141.427,1054.3785,2141.7295,973.50604,2138.6128,902.99304,2142.6934,847.2257,2157.6719,803.1509,2166.584,765.4532,2178.0115,1375.989,2196.091,1342.0066,2222.4812,1307.8784,2240.1277,1253.9008,2251.1118,1183.0951,2255.661,1106.3049,2251.5574,1013.2741,2240.1106,935.2296,2229.3809,868.227,2215.314,819.2624,2201.1794,765.4532,2178.0115,728.6269,2179.2898,768.016,2228.8293,824.2784,2275.591,904.1572,2327.25,1003.5757,2364.9695,1115.376,2382.9465,1216.5786,2383.3447,1308.9427,2362.5305,1376.0776,2313.922,1407.3921,2254.0198,1409.8295,2197.0725
373,373,6216,732.7223,2185.9111,751.6229,2148.311,793.3939,2118.8188,856.83826,2086.145,954.0351,2058.9124,1052.3654,2075.1711,1150.3212,2057.3694,1254.9786,2087.742,1331.9756,2123.2688,1385.2517,2158.3142,1417.2819,2200.9573,1384.0282,2199.859,1336.9075,2176.3289,1281.8794,2162.0928,1218.9523,2144.5798,1144.7139,2137.1743,1060.6707,2137.6384,978.45197,2135.2144,906.58636,2140.0867,850.3112,2156.6177,805.85657,2167.4082,769.5407,2184.2378,1384.0282,2199.859,1352.1552,2230.2964,1318.6198,2250.0212,1264.4448,2262.1497,1193.1005,2267.138,1115.6711,2263.136,1020.9364,2252.1316,941.2286,2241.6335,872.7724,2227.0735,823.09265,2211.2898,769.5407,2184.2378,732.7223,2185.9111,772.36743,2237.3027,829.8438,2284.7373,911.45276,2336.1074,1012.46857,2373.172,1125.4106,2390.8464,1226.675,2391.0344,1318.9661,2370.265,1385.8639,2321.2734,1416.4463,2260.096,1417.2819,2200.9573
374,374,6233,737.6604,2192.016,755.4615,2151.5469,797.1033,2118.8584,861.37006,2085.3293,960.2733,2057.187,1059.9948,2072.7388,1158.7362,2054.5942,1263.9788,2084.8826,1341.0072,2122.3032,1393.575,2158.536,1424.4512,2202.482,1390.974,2201.4072,1344.8962,2176.2803,1290.461,2159.6257,1227.7344,2141.259,1153.2532,2134.1963,1068.5227,2135.2078,985.1538,2133.4072,912.1132,2138.892,855.297,2156.303,810.3429,2169.0117,774.824,2189.9724,1390.974,2201.4072,1359.6227,2233.0076,1326.1727,2253.241,1272.2056,2265.9705,1200.883,2271.6865,1123.0884,2268.5203,1027.9872,2258.4365,947.6245,2248.5986,878.5256,2234.296,828.4167,2218.231,774.824,2189.9724,737.6604,2192.016,777.09204,2244.5674,834.9718,2292.7686,917.50366,2344.1743,1019.5318,2380.3782,1133.2579,2396.9436,1235.1171,2396.1052,1327.2781,2374.2285,1393.7357,2324.2407,1423.9321,2262.3564,1424.4512,2202.482
375,375,6250,742.60767,2198.377,759.80615,2155.5693,801.71533,2119.269,866.9112,2085.0925,967.47675,2056.3665,1068.2992,2071.4937,1167.734,2053.2188,1273.5403,2083.5474,1350.587,2122.1218,1402.5892,2160.0625,1432.2858,2206.7874,1398.6014,2205.4553,1353.3578,2177.0002,1299.2408,2158.8167,1236.5833,2140.0952,1161.8964,2133.147,1076.7852,2134.2988,992.5084,2132.922,918.3332,2138.7834,860.7663,2156.426,815.0759,2171.6638,779.93994,2196.0469,1398.6014,2205.4553,1368.1687,2238.445,1334.9521,2259.0005,1280.9855,2271.4302,1209.5481,2276.6697,1131.6605,2273.3433,1035.8722,2263.8406,954.5164,2254.731,884.38934,2241.0134,833.61554,2225.0051,779.93994,2196.0469,742.60767,2198.377,782.02466,2251.3433,840.7132,2299.422,924.578,2349.9258,1027.7014,2384.886,1142.0894,2400.7847,1244.0001,2399.9382,1336.1245,2378.8352,1402.6925,2329.4902,1432.5782,2267.448,1432.2858,2206.7874
376,376,6266,748.63354,2203.1604,765.31177,2159.0303,807.5166,2119.8823,873.59564,2084.9915,975.84204,2055.6946,1077.623,2070.4172,1177.3269,2051.8513,1283.4385,2082.195,1360.1133,2121.868,1411.0555,2161.1248,1439.2974,2209.5403,1405.4789,2208.198,1361.0709,2177.785,1307.689,2158.4263,1245.5735,2139.7178,1171.1075,2133.0327,1086.1356,2134.3684,1001.1447,2133.3613,925.93677,2139.3186,867.6515,2156.523,821.29895,2174.5413,786.2502,2200.6868,1405.4789,2208.198,1376.3501,2241.7966,1344.0801,2262.666,1291.0509,2275.1602,1220.2415,2280.241,1142.9988,2276.789,1045.9886,2267.3984,963.35956,2258.52,892.05286,2245.1465,840.3616,2229.4434,786.2502,2200.6868,748.63354,2203.1604,788.6234,2255.8752,848.49817,2303.6167,933.84875,2353.7983,1038.4158,2388.613,1154.1279,2404.538,1255.6562,2403.7957,1347.1885,2382.9443,1412.7764,2333.3635,1441.2433,2270.7024,1439.2974,2209.5403
377,377,6283,753.9147,2206.532,770.77673,2161.8884,813.5089,2120.7288,880.439,2085.0369,983.8508,2055.5532,1086.2113,2070.1116,1186.1189,2051.3257,1292.2245,2081.522,1368.6559,2121.774,1419.0706,2162.3367,1446.7122,2212.0364,1412.9573,2210.8054,1369.3195,2178.7373,1316.1886,2158.2512,1254.2935,2139.7031,1179.8184,2133.3027,1094.672,2134.7979,1008.9294,2134.0051,932.7675,2139.9272,873.68054,2156.595,826.64624,2177.129,791.6052,2204.177,1412.9573,2210.8054,1385.1512,2245.7048,1353.7009,2267.4531,1301.2587,2280.3438,1230.7076,2285.346,1153.6373,2281.6375,1055.3967,2272.097,971.46405,2263.1042,898.88904,2249.5854,846.2256,2233.569,791.6052,2204.177,753.9147,2206.532,794.71063,2259.5154,855.7598,2307.38,942.45636,2357.617,1048.2217,2392.6414,1165.0226,2408.8345,1266.5156,2408.3162,1357.8079,2387.653,1422.7596,2337.6775,1450.1027,2274.0999,1446.7122,2212.0364
378,378,6300,760.97687,2208.4963,778.08154,2163.9722,821.17523,2121.6702,888.4868,2085.096,992.143,2055.6584,1094.5544,2070.1497,1194.0002,2051.223,1299.1606,2081.146,1374.9373,2121.6753,1424.678,2162.9692,1451.985,2212.8015,1418.6387,2211.7734,1375.6617,2179.2087,1322.982,2157.9846,1261.5568,2139.571,1187.5767,2133.4436,1102.7513,2135.0876,1016.78906,2134.4956,940.2612,2140.4243,880.68536,2156.7236,833.2347,2179.0408,798.4086,2206.2917,1418.6387,2211.7734,1391.9502,2247.4785,1361.3013,2269.7725,1309.7017,2283.077,1239.7953,2288.3313,1163.0997,2284.7644,1064.4797,2275.32,979.9615,2266.3237,906.652,2252.642,853.36694,2236.29,798.4086,2206.2917,760.97687,2208.4963,802.50726,2261.6135,864.34424,2309.398,951.7451,2359.42,1057.9257,2394.24,1174.8024,2410.2844,1275.6306,2409.5564,1365.8638,2388.727,1429.6366,2338.6865,1456.0394,2275.0383,1451.985,2212.8015
379,379,6316,764.41693,2211.234,781.7616,2166.31,825.1045,2122.9119,892.61804,2085.1628,996.7164,2055.828,1099.34,2070.3933,1198.9536,2051.3127,1304.3663,2081.108,1380.0603,2121.6711,1429.6273,2164.1753,1456.9064,2214.825,1423.6985,2213.8625,1380.8221,2180.2258,1328.2305,2158.0396,1266.7081,2139.953,1192.6416,2134.0417,1107.8229,2135.7437,1021.6828,2135.2236,944.6633,2140.98,884.62195,2157.2305,836.96185,2181.1685,801.816,2208.957,1423.6985,2213.8625,1398.3455,2250.2678,1368.557,2272.8416,1317.4594,2286.1646,1247.7032,2291.287,1171.1686,2287.5532,1071.3274,2277.931,985.61584,2268.86,911.24963,2255.2388,857.1826,2239.0212,801.816,2208.957,764.41693,2211.234,806.70856,2264.1086,869.5491,2311.6084,958.21564,2361.5574,1065.6904,2396.5647,1183.6559,2412.9307,1284.3391,2412.5376,1374.4491,2392.0742,1437.6024,2341.826,1462.6029,2277.5771,1456.9064,2214.825
380,380,6333,769.5256,2212.4868,787.0514,2167.7786,830.6372,2123.9382,898.37964,2085.2764,1002.65265,2056.0017,1105.2893,2070.66,1204.4803,2051.5203,1309.2747,2081.2126,1384.5964,2121.7312,1433.6982,2165.5283,1460.8059,2216.7627,1427.8743,2215.751,1385.5037,2181.223,1333.2678,2158.0972,1272.0873,2140.1829,1198.425,2134.2883,1113.9454,2135.9456,1027.6876,2135.5684,950.25867,2141.3635,889.79895,2157.5134,841.88885,2182.4314,806.785,2210.2053,1427.8743,2215.751,1403.8704,2252.5737,1375.15,2275.3123,1324.9725,2288.5195,1255.883,2293.2993,1180.1001,2289.213,1079.4242,2279.3003,992.7278,2270.1094,917.37885,2256.4778,862.5415,2240.297,806.785,2210.2053,769.5256,2212.4868,812.8927,2264.9087,876.975,2311.7932,966.79974,2361.2258,1075.0581,2396.159,1193.3625,2412.8708,1292.9397,2412.9033,1382.1232,2393.2627,1444.2189,2343.6917,1467.869,2279.5925,1460.8059,2216.7627
381,381,6350,773.9277,2213.6042,791.90204,2169.0525,835.9145,2125.043,903.93475,2085.6287,1008.3977,2056.083,1111.0625,2070.9824,1210.0939,2051.8032,1314.1521,2081.3752,1388.8633,2121.8652,1437.3444,2166.6497,1464.0706,2218.0942,1431.2996,2217.1372,1389.4369,2182.0938,1337.7002,2158.1619,1276.9996,2140.4473,1203.7838,2134.6306,1119.6316,2136.3008,1033.3064,2135.9756,955.49713,2141.7302,894.61584,2157.924,846.41266,2183.5945,811.14185,2211.3757,1431.2996,2217.1372,1408.323,2254.5032,1380.571,2277.7007,1331.4343,2291.3145,1263.0908,2296.2722,1187.7382,2292.1206,1086.3912,2281.837,998.93256,2272.235,922.83563,2258.2053,867.3188,2241.7754,811.14185,2211.3757,773.9277,2213.6042,817.8636,2266.0374,882.5399,2313.0852,973.05804,2362.947,1082.1472,2398.5051,1201.2091,2415.717,1300.6178,2415.8945,1389.0834,2396.0125,1449.9751,2345.8384,1472.3005,2281.2292,1464.0706,2218.0942
382,382,6366,777.1534,2214.5059,795.42255,2170.0156,839.7948,2125.9622,908.0411,2086.0142,1012.6532,2056.1453,1115.3506,2071.2297,1214.1632,2052.03,1317.6833,2081.514,1392.0593,2122.0728,1440.2466,2167.6965,1466.7717,2219.447,1434.0653,2218.4985,1392.8081,2182.853,1341.3093,2158.2173,1280.8492,2140.6282,1207.9006,2134.847,1124.0071,2136.5105,1037.5215,2136.2378,959.3026,2141.9998,898.0369,2158.2344,849.55005,2184.4119,814.34155,2212.2712,1434.0653,2218.4985,1412.2985,2256.5732,1385.454,2280.2756,1337.0586,2294.0857,1269.2839,2298.8755,1194.5338,2294.3733,1092.4391,2283.7524,1004.10126,2273.8945,927.08484,2259.6309,870.858,2243.0178,814.34155,2212.2712,777.1534,2214.5059,821.7642,2266.9172,887.3427,2313.9084,978.83844,2363.8625,1088.7738,2399.7898,1208.4537,2417.514,1307.2899,2418.1055,1395.2032,2398.5608,1455.2971,2348.2363,1476.4297,2283.0842,1466.7717,2219.447
383,383,6383,778.8559,2215.758,797.19763,2171.2473,841.69934,2127.1208,909.97253,2086.6592,1014.6663,2056.4343,1117.5331,2071.367,1216.5592,2052.1787,1320.2704,2081.5947,1394.6958,2122.4854,1442.9323,2168.9844,1469.4346,2221.022,1436.5696,2220.039,1395.3665,2183.9114,1343.9432,2158.233,1283.4393,2140.9197,1210.3773,2135.1953,1126.3857,2136.8628,1039.8026,2136.601,961.40906,2142.273,900.0274,2158.8447,851.54565,2185.4915,816.1728,2213.4382,1436.5696,2220.039,1415.2524,2257.8955,1388.6548,2281.3557,1340.3212,2294.763,1272.5393,2299.1526,1197.9296,2294.3972,1095.4564,2283.701,1006.70917,2273.9854,929.3181,2260.016,872.82214,2243.756,816.1728,2213.4382,778.8559,2215.758,823.53876,2267.7666,889.3516,2314.451,981.3336,2364.1592,1091.8127,2399.969,1211.9166,2417.8044,1310.7646,2418.774,1398.9238,2399.7625,1459.155,2349.7742,1479.9209,2284.646,1469.4346,2221.022
384,384,6400,778.2841,2216.2175,796.6077,2171.6902,841.35724,2127.528,910.0929,2086.7544,1015.64124,2056.5564,1118.9071,2071.5645,1218.2473,2052.3516,1322.699,2081.713,1397.4504,2122.8523,1445.8047,2170.3037,1472.2141,2223.017,1439.1492,2221.8384,1398.057,2184.9734,1346.4285,2158.2773,1285.6453,2141.1316,1212.2778,2135.3354,1128.0374,2136.9014,1041.0354,2136.712,962.0043,2142.4587,900.1194,2159.0771,851.3444,2185.9175,815.805,2213.7668,1439.1492,2221.8384,1419.4076,2259.5945,1393.9225,2282.8142,1346.1637,2295.4775,1278.591,2298.9412,1204.4655,2293.4592,1100.3589,2282.4355,1009.91785,2272.8315,930.87213,2259.3018,873.18756,2243.5771,815.805,2213.7668,778.2841,2216.2175,824.1668,2267.6482,891.8041,2313.6375,985.93695,2362.7786,1098.1061,2398.4875,1219.4288,2416.7935,1317.6134,2418.671,1405.6212,2401.0576,1465.3959,2352.0002,1484.7861,2286.8274,1472.2141,2223.017
385,385,6416,777.61816,2216.0027,796.05695,2171.6375,841.12836,2127.6016,910.3799,2086.79,1016.71014,2056.6438,1120.3146,2071.6694,1219.8624,2052.4368,1324.4103,2081.8127,1398.8887,2123.1895,1446.7527,2171.4565,1472.5548,2224.6091,1439.2766,2223.2812,1398.355,2186.1233,1347.1282,2158.478,1286.688,2141.3687,1213.4913,2135.5586,1129.2649,2137.024,1042.0244,2136.8298,962.57825,2142.6047,900.3006,2159.2412,851.24963,2186.1038,815.34644,2213.5464,1439.2766,2223.2812,1419.9233,2260.2163,1394.763,2282.8667,1347.3655,2294.885,1280.0242,2297.777,1206.1085,2291.9194,1101.6383,2280.701,1010.71686,2271.1594,931.1593,2257.93,873.0398,2242.6445,815.34644,2213.5464,777.61816,2216.0027,823.7725,2267.0059,891.8261,2312.7,986.4797,2361.6667,1099.1902,2397.4084,1221.0405,2416.0205,1319.326,2418.455,1407.3533,2401.5618,1466.9028,2353.0332,1485.7668,2288.1233,1472.5548,2224.6091
386,386,6433,776.6246,2216.4421,795.06116,2171.9268,840.1391,2127.8,909.41614,2086.8154,1015.8571,2056.7239,1119.4073,2071.7507,1218.9928,2052.5212,1323.8734,2081.8943,1398.4609,2123.664,1446.4377,2172.595,1472.374,2225.8977,1439.0443,2224.447,1397.7505,2187.1821,1346.4073,2158.755,1285.8226,2141.5872,1212.521,2135.7427,1128.346,2137.0916,1041.3179,2136.9253,961.9236,2142.7463,899.5748,2159.5051,850.50714,2186.477,814.3636,2213.9072,1439.0443,2224.447,1419.4662,2260.67,1393.9951,2282.7852,1346.2434,2294.325,1278.6974,2296.9177,1204.6354,2290.9395,1100.4846,2279.7434,1009.6969,2270.395,930.14026,2257.478,872.00525,2242.5508,814.3636,2213.9072,776.6246,2216.4421,822.817,2266.9985,890.9762,2312.261,985.6944,2360.8386,1098.2277,2396.338,1219.6412,2414.9177,1317.8275,2417.479,1405.8783,2400.9387,1465.8114,2353.0369,1485.1775,2288.809,1472.374,2225.8977
387,387,6450,775.482,2216.4924,793.887,2171.968,838.9347,2127.881,908.1938,2086.8467,1014.67786,2056.797,1118.3002,2071.8257,1218.0234,2052.6013,1323.0615,2081.9714,1397.7993,2123.972,1445.9374,2173.2288,1472.0203,2226.5027,1438.5863,2225.0242,1397.2744,2187.75,1345.8422,2158.8545,1285.1462,2141.7212,1211.6965,2135.7622,1127.4086,2136.9973,1040.3708,2136.8809,960.91,2142.808,898.5306,2159.5898,849.50977,2186.5854,813.31683,2213.93,1438.5863,2225.0242,1419.485,2261.0122,1394.4197,2283.088,1346.9299,2294.4487,1279.4885,2296.7305,1205.6158,2290.4778,1100.8474,2279.123,1009.5099,2269.7979,929.49304,2257.0183,871.07135,2242.2754,813.31683,2213.93,775.482,2216.4924,821.8685,2266.7205,890.42084,2311.6729,985.7626,2360.041,1098.969,2395.5215,1221.0061,2414.3132,1319.0961,2417.2148,1407.1243,2401.1182,1466.8093,2353.4512,1485.5636,2289.2727,1472.0203,2226.5027
388,388,6466,775.2266,2216.4673,793.4068,2171.9858,838.411,2127.9272,907.6976,2086.874,1014.2742,2056.8352,1117.953,2071.863,1217.6658,2052.6438,1322.9073,2082.0337,1397.8209,2124.272,1446.1721,2173.771,1472.5258,2226.9656,1438.9265,2225.4675,1397.4585,2188.2834,1345.9176,2159.0076,1285.1351,2141.8484,1211.6561,2135.7844,1127.3666,2136.8958,1040.3833,2136.8289,960.8685,2142.8584,898.44104,2159.674,849.44904,2186.67,813.2824,2213.879,1438.9265,2225.4675,1420.3237,2260.8914,1395.6078,2282.5938,1348.391,2293.5598,1281.1915,2295.5732,1207.8121,2289.214,1102.5309,2277.8442,1010.6729,2268.6467,930.1274,2256.1252,871.24146,2241.7126,813.2824,2213.879,775.2266,2216.4673,822.0959,2266.2742,891.354,2310.885,987.5172,2359.0364,1101.4026,2394.3955,1223.8932,2413.219,1321.4393,2416.3057,1409.217,2400.619,1468.6873,2353.3713,1486.8832,2289.4485,1472.5258,2226.9656
389,389,6483,775.1145,2216.5657,793.3329,2172.1406,838.40924,2128.0715,907.7461,2086.8865,1014.45795,2056.8826,1118.3241,2071.8616,1218.2129,2052.6035,1323.4877,2082.0588,1398.3351,2124.2783,1446.6389,2173.6135,1472.9495,2226.254,1439.4503,2224.8523,1397.8517,2188.2893,1346.3947,2159.036,1285.6168,2141.9207,1212.0806,2135.838,1127.7288,2136.9556,1040.5634,2136.9277,960.9954,2142.9504,898.5153,2159.9238,849.4492,2186.8645,813.14166,2213.9426,1439.4503,2224.8523,1420.3513,2259.8398,1395.2074,2281.313,1347.7329,2292.2932,1280.3761,2294.5166,1206.6643,2288.3662,1102.0712,2277.1592,1010.63385,2268.0896,930.2966,2255.736,871.39044,2241.5168,813.14166,2213.9426,775.1145,2216.5657,822.3196,2266.2222,891.66364,2310.6387,987.5017,2358.573,1100.757,2393.7612,1222.4485,2412.3655,1320.0396,2415.1758,1407.5947,2399.0947,1467.1217,2351.7832,1486.1462,2288.2688,1472.9495,2226.254
390,390,6500,774.927,2216.4746,793.0748,2172.0977,838.1994,2128.069,907.64386,2086.8818,1014.55365,2056.7583,1118.4226,2071.6003,1218.2274,2052.3826,1323.589,2082.0383,1398.4454,2124.3035,1446.6241,2173.7034,1472.6766,2226.3645,1439.0204,2224.8914,1397.5023,2188.4568,1346.204,2159.049,1285.5851,2141.9312,1212.1506,2135.7,1127.9177,2136.7253,1040.8085,2136.795,961.16956,2142.9634,898.62915,2159.9663,849.5029,2186.8833,813.12054,2213.8018,1439.0204,2224.8914,1419.9482,2259.383,1394.9623,2280.504,1347.6556,2291.1445,1280.5082,2293.167,1207.2184,2287.0254,1102.6968,2275.95,1011.17847,2267.0322,930.65515,2254.899,871.5743,2240.9492,813.12054,2213.8018,774.927,2216.4746,822.4195,2265.7952,892.1437,2309.943,988.3265,2357.7646,1101.6216,2392.8293,1223.1246,2411.178,1320.1979,2413.8484,1407.5344,2397.9297,1467.0505,2351.0918,1485.9717,2287.9978,1472.6766,2226.3645
391,391,6516,774.99506,2216.1355,792.94257,2171.9146,838.0845,2128.0518,907.6956,2086.7627,1014.9005,2056.581,1118.9191,2071.3594,1218.5663,2052.1567,1323.8583,2081.967,1398.7112,2124.3022,1446.7433,2173.631,1472.653,2226.1643,1438.9171,2224.6548,1397.7358,2188.4285,1346.6327,2159.087,1286.1517,2141.789,1212.823,2135.39,1128.65,2136.3296,1041.4324,2136.481,961.5557,2142.8013,898.87445,2160.028,849.6798,2186.779,813.37054,2213.4458,1438.9171,2224.6548,1420.7717,2258.8274,1396.6385,2279.7637,1350.0629,2290.165,1283.4316,2292.0288,1210.9048,2285.9463,1105.515,2274.9895,1013.12976,2266.1355,931.81116,2254.0774,872.14417,2240.273,813.37054,2213.4458,774.99506,2216.1355,823.0671,2265.2288,893.7124,2309.322,991.0193,2357.354,1105.3472,2392.3433,1227.5813,2410.293,1323.9281,2412.8025,1410.7977,2397.145,1469.6078,2350.6665,1487.2689,2287.666,1472.653,2226.1643
392,392,6533,775.1249,2216.0332,792.8609,2171.8445,837.88904,2128.0337,907.37787,2086.733,1014.3376,2056.4888,1118.1622,2071.1963,1217.6906,2052.0132,1322.9229,2081.9385,1397.874,2124.3044,1446.0897,2173.5745,1472.2028,2225.928,1438.3619,2224.3926,1396.9675,2188.4119,1345.8451,2159.1245,1285.3356,2141.671,1212.0347,2135.11,1127.9552,2135.9844,1040.9993,2136.2292,961.3888,2142.715,898.9059,2160.0754,849.89246,2186.7302,813.65344,2213.2678,1438.3619,2224.3926,1419.9254,2258.1313,1395.4946,2278.7988,1348.7284,2289.0327,1282.0452,2290.946,1209.5201,2285.0945,1104.7732,2274.2732,1012.928,2265.4175,931.9745,2253.3784,872.4289,2239.7039,813.65344,2213.2678,775.1249,2216.0332,823.20557,2264.812,893.6767,2308.782,990.5972,2357.0505,1104.3541,2392.1946,1225.9308,2409.7473,1322.2865,2411.8416,1409.219,2396.011,1468.3351,2349.7693,1486.4738,2287.1057,1472.2028,2225.928
393,393,6550,774.6166,2215.6177,792.4199,2171.7664,837.4359,2127.7346,906.9029,2086.2122,1013.908,2055.6794,1117.6399,2070.2292,1217.0352,2051.1848,1322.1893,2081.5706,1396.9579,2124.2363,1444.9653,2173.4492,1470.97,2225.6672,1437.1508,2224.1277,1395.7192,2188.364,1344.74,2159.148,1284.416,2141.501,1211.3059,2134.7415,1127.4391,2135.4443,1040.6085,2135.7856,961.024,2142.4246,898.53973,2160.0706,849.51263,2186.703,813.15344,2212.9312,1437.1508,2224.1277,1418.7711,2257.5598,1394.6438,2278.0583,1348.2919,2288.1577,1281.98,2290.0984,1209.9166,2284.5393,1104.9469,2273.98,1012.8489,2265.144,931.6868,2253.0098,872.009,2239.2695,813.15344,2212.9312,774.6166,2215.6177,822.7788,2264.4524,893.4247,2308.726,990.5987,2356.4639,1104.6305,2391.7517,1226.4146,2409.367,1322.3328,2411.0764,1408.9385,2395.2405,1467.6278,2349.1655,1485.3463,2286.6472,1470.97,2225.6672
394,394,6566,774.5476,2215.2961,792.2233,2171.7234,837.201,2127.4849,906.6553,2085.8772,1013.5921,2055.3328,1117.1847,2069.8523,1216.4639,2050.8271,1321.5433,2081.3767,1396.3501,2124.1829,1444.4221,2173.3386,1470.5208,2225.4197,1436.6472,2223.875,1395.2799,2188.3096,1344.2728,2159.0933,1283.9677,2141.1506,1210.9117,2134.1658,1127.1027,2134.7483,1040.388,2135.1584,960.84106,2141.9526,898.40906,2159.9514,849.45715,2186.577,813.2338,2212.6865,1436.6472,2223.875,1418.9227,2257.1023,1395.4023,2277.4895,1349.5513,2287.4688,1283.6226,2289.511,1212.1274,2284.4792,1106.6964,2273.5117,1014.1118,2264.742,932.4426,2252.9182,872.33575,2239.0417,813.2338,2212.6865,774.5476,2215.2961,823.14136,2264.296,894.3833,2308.0342,992.21747,2354.687,1106.7697,2389.8572,1228.9165,2408.5425,1324.309,2410.7249,1410.6349,2394.5217,1468.918,2348.642,1485.8225,2286.2722,1470.5208,2225.4197
395,395,6583,774.4509,2215.0347,792.0126,2171.15,836.97656,2126.7974,906.47577,2085.355,1013.4012,2055.0771,1116.9575,2069.6301,1216.103,2050.6052,1321.1179,2081.1301,1396.1284,2123.9558,1444.473,2173.2886,1470.8274,2225.0508,1436.7847,2223.5588,1395.6332,2188.0764,1344.5168,2158.6902,1284.1322,2140.4146,1211.027,2133.3215,1127.1465,2133.908,1040.3513,2134.2332,960.7053,2141.0078,898.2741,2159.3406,849.3836,2185.7803,813.3382,2212.1968,1436.7847,2223.5588,1420.1915,2256.5806,1397.5686,2276.8726,1352.3054,2286.863,1286.6764,2289.338,1215.732,2283.45,1109.2948,2271.6936,1015.84717,2262.875,933.4181,2251.4563,872.7488,2238.1116,813.3382,2212.1968,774.4509,2215.0347,823.5104,2263.421,895.5377,2306.071,994.40094,2351.7297,1110.0054,2387.1438,1233.203,2407.2393,1328.3392,2410.5083,1414.706,2393.9456,1472.568,2348.202,1488.0677,2285.7815,1470.8274,2225.0508
396,396,6600,774.195,2214.1685,791.76697,2170.1375,836.71967,2125.834,906.19904,2084.614,1013.0389,2054.6064,1116.5419,2069.2188,1215.6682,2050.2449,1320.6182,2080.8108,1395.6542,2123.6843,1444.1387,2173.174,1470.6473,2224.7603,1436.5499,2223.3203,1395.364,2187.812,1344.156,2158.2957,1283.7449,2139.719,1210.6395,2132.4858,1126.7614,2133.0017,1039.9789,2133.2273,960.379,2139.953,897.98846,2158.5374,849.13916,2184.6748,813.1262,2211.2024,1436.5499,2223.3203,1420.096,2256.1816,1397.4911,2276.3813,1352.2075,2286.4634,1286.6099,2289.0366,1215.7114,2282.1,1109.3448,2269.6775,1015.92346,2260.7507,933.43225,2249.6052,872.6334,2236.6914,813.1262,2211.2024,774.195,2214.1685,823.3854,2261.9565,895.54736,2303.8215,994.3935,2348.9143,1109.8538,2384.4827,1232.9613,2405.6096,1328.1086,2410.1855,1414.4941,2393.4329,1472.4529,2347.6814,1488.07,2285.3386,1470.6473,2224.7603
397,397,6616,773.9541,2213.835,791.554,2169.572,836.48956,2125.1526,905.9414,2083.9302,1012.76404,2053.9438,1116.1943,2068.5056,1215.2073,2049.6174,1320.0543,2080.3613,1394.9984,2123.4148,1443.4224,2173.13,1469.9274,2224.506,1435.8951,2223.085,1394.6731,2187.6758,1343.5123,2158.0413,1283.1743,2139.2224,1210.1772,2131.862,1126.4246,2132.3027,1039.7009,2132.5415,960.1234,2139.3103,897.74207,2158.1033,848.90533,2184.0598,812.89435,2210.7412,1435.8951,2223.085,1419.2815,2255.8367,1396.6998,2275.9836,1351.5316,2286.146,1286.1754,2288.6462,1215.6072,2280.794,1109.3754,2268.0034,1015.9358,2259.202,933.3426,2248.4404,872.44586,2235.9307,812.89435,2210.7412,773.9541,2213.835,823.26526,2261.1538,895.6443,2302.2803,994.6401,2346.704,1110.0194,2382.1292,1232.8578,2403.901,1327.5168,2409.5938,1413.51,2393.0466,1471.3174,2347.299,1487.0411,2285.0208,1469.9274,2224.506
398,398,6633,773.756,2213.6921,791.4927,2169.177,836.40607,2124.5486,905.6816,2083.1587,1012.37836,2052.9834,1115.7336,2067.5786,1214.6941,2048.8054,1319.487,2079.9663,1394.3372,2123.2798,1442.7081,2173.0386,1469.2924,2224.3513,1435.3557,2222.8948,1393.9633,2187.6375,1342.8242,2158.0112,1282.5275,2139.0862,1209.599,2131.6355,1125.9391,2131.974,1039.308,2132.2283,959.77954,2139.0178,897.4314,2157.9292,848.6393,2183.724,812.5651,2210.4854,1435.3557,2222.8948,1418.2501,2255.5286,1395.5013,2275.6562,1350.3278,2286.0579,1285.0616,2287.719,1214.6711,2278.9436,1108.5908,2265.8455,1015.2323,2257.2744,932.7389,2247.0479,871.98096,2235.136,812.5651,2210.4854,773.756,2213.6921,822.8387,2260.4507,895.11145,2300.7842,994.0746,2344.5337,1109.3527,2379.7231,1231.9219,2401.9866,1326.2643,2408.7383,1412.0537,2392.7349,1469.8372,2346.9727,1485.7863,2284.7905,1469.2924,2224.3513
399,399,6650,773.53613,2213.4255,791.34467,2168.7927,836.2128,2124.122,905.4543,2082.7048,1012.1772,2052.4617,1115.5057,2067.1113,1214.4254,2048.4243,1319.1763,2079.8096,1393.9349,2123.2366,1442.2295,2172.9502,1468.7777,2224.2112,1434.8748,2222.7334,1393.4403,2187.5955,1342.3419,2158.0132,1282.0996,2139.0415,1209.2377,2131.53,1125.6772,2131.7805,1039.1199,2132.0244,959.5909,2138.812,897.21985,2157.7898,848.4225,2183.4053,812.2897,2210.1614,1434.8748,2222.7334,1417.6149,2255.2722,1394.744,2275.3853,1349.4839,2285.9558,1284.1842,2287.0723,1213.7668,2277.7224,1107.8688,2264.4153,1014.6678,2255.9055,932.29675,2245.922,871.62946,2234.38,812.2897,2210.1614,773.53613,2213.4255,822.5362,2259.6157,894.7295,2299.3247,993.5251,2342.6467,1108.5533,2377.6448,1230.8252,2400.162,1325.0992,2407.6023,1410.861,2392.627,1468.7809,2346.6677,1484.9973,2284.5637,1468.7777,2224.2112
400,400,6666,773.35455,2212.6802,791.20776,2168.0933,836.0541,2123.488,905.2657,2082.13,1011.9293,2051.9663,1115.1995,2066.7893,1214.1064,2048.1978,1318.8445,2079.7556,1393.5823,2123.2336,1441.893,2172.8865,1468.4489,2224.155,1434.5258,2222.6238,1393.0255,2187.561,1341.9369,2158.0237,1281.7001,2138.998,1208.8539,2131.3643,1125.3252,2131.4727,1038.8591,2131.6077,959.4047,2138.3564,897.0614,2157.4182,848.27985,2182.7861,812.0804,2209.362,1434.5258,2222.6238,1417.0709,2255.1565,1393.9598,2275.1787,1348.4742,2285.0364,1283.0249,2285.118,1212.4415,2275.209,1106.9131,2261.6934,1014.0437,2253.2473,931.923,2243.6135,871.36835,2232.6665,812.0804,2209.362,773.35455,2212.6802,822.26636,2258.1218,894.2507,2297.2966,992.6769,2340.3672,1107.3073,2375.2366,1229.2426,2397.8828,1323.7029,2405.9119,1409.6433,2392.2734,1467.8628,2346.462,1484.4438,2284.3745,1468.4489,2224.155
401,401,6683,773.1884,2211.9604,791.0552,2167.3706,835.89954,2122.7427,905.104,2081.293,1011.7635,2050.992,1114.9995,2065.8457,1213.886,2047.386,1318.635,2079.3171,1393.3296,2123.0437,1441.5964,2172.8591,1468.1127,2224.0266,1434.2021,2222.5117,1392.6691,2187.4995,1341.6046,2157.93,1281.3948,2138.741,1208.5819,2130.9382,1125.1099,2130.9065,1038.7148,2131.0225,959.3058,2137.814,896.97174,2156.9958,848.17865,2182.1382,811.92285,2208.5935,1434.2021,2222.5117,1416.6041,2255.076,1393.3431,2274.8574,1347.7141,2284.1365,1282.1746,2283.4646,1211.5089,2273.26,1106.2246,2259.754,1013.5782,2251.4363,931.6355,2242.024,871.16956,2231.4104,811.92285,2208.5935,773.1884,2211.9604,822.115,2256.8774,894.03546,2295.571,992.2557,2338.3535,1106.5874,2373.0342,1228.2246,2395.6067,1322.6681,2403.9346,1408.6631,2391.521,1467.0504,2346.4224,1483.8888,2284.2402,1468.1127,2224.0266
402,402,6700,773.0475,2210.5984,790.92255,2166.127,835.77045,2121.5386,904.9619,2080.0303,1011.5692,2049.6807,1114.7599,2064.737,1213.634,2046.4238,1318.3511,2078.7751,1393.0442,2122.737,1441.359,2172.6763,1467.9481,2224.0054,1434.0001,2222.3816,1392.3833,2187.2515,1341.3114,2157.6836,1281.0977,2138.2893,1208.2911,2130.2427,1124.8322,2129.9893,1038.5059,2130.0098,959.175,2136.7944,896.87415,2156.092,848.107,2180.94,811.79376,2207.1511,1434.0001,2222.3816,1416.3032,2254.2415,1392.8748,2273.3706,1347.0771,2281.724,1281.4126,2280.2915,1210.6426,2269.9897,1105.5745,2256.545,1013.1547,2248.359,931.3914,2239.2314,871.006,2229.102,811.79376,2207.1511,773.0475,2210.5984,821.97406,2254.826,893.788,2293.042,991.7671,2335.5894,1105.8533,2370.0994,1227.2959,2392.511,1321.8174,2400.9846,1407.9446,2389.7256,1466.5347,2345.6653,1483.6123,2283.9575,1467.9481,2224.0054
403,403,6716,772.93866,2209.5251,790.8103,2165.1633,835.66223,2120.6472,904.8497,2079.1365,1011.42206,2048.8125,1114.5878,2064.0388,1213.4529,2045.8267,1318.1267,2078.4438,1392.8088,2122.5576,1441.1628,2172.584,1467.8286,2223.9446,1433.8472,2222.332,1392.157,2187.0713,1341.0769,2157.4731,1280.8636,2137.8909,1208.0643,2129.629,1124.6097,2129.2002,1038.3286,2129.1233,959.0602,2135.8992,896.7941,2155.3057,848.06226,2179.966,811.7078,2206.0425,1433.8472,2222.332,1416.074,2253.654,1392.5216,2272.2534,1346.6016,2279.876,1280.8562,2277.864,1210.0356,2267.4888,1105.1218,2254.0967,1012.8648,2246.0298,931.2311,2237.1226,870.8947,2227.3662,811.7078,2206.0425,772.93866,2209.5251,821.8925,2253.1958,893.65045,2291.0334,991.4727,2333.3914,1105.3773,2367.743,1226.659,2390.009,1321.1987,2398.5798,1407.4125,2388.194,1466.1584,2345.0237,1483.414,2283.7686,1467.8286,2223.9446
404,404,6733,772.9045,2208.5618,790.70557,2164.344,835.5893,2119.8943,904.82666,2078.4048,1011.3405,2048.1929,1114.4617,2063.6323,1213.3656,2045.4442,1317.9628,2078.2715,1392.5984,2122.4854,1441.0618,2172.5571,1467.9364,2223.847,1433.796,2222.2786,1391.9558,2187.0312,1340.8715,2157.4197,1280.6998,2137.7385,1207.9531,2129.3374,1124.4928,2128.802,1038.1708,2128.6082,958.945,2135.338,896.756,2154.786,848.18756,2179.2417,811.8066,2205.0063,1433.796,2222.2786,1415.9799,2252.8025,1392.3153,2270.5854,1346.2661,2277.204,1280.4349,2274.415,1209.6527,2263.8755,1104.856,2250.4504,1012.7607,2242.587,931.27313,2234.1326,870.9715,2225.0798,811.8066,2205.0063,772.9045,2208.5618,821.89417,2251.4087,893.58636,2288.808,991.2693,2331.106,1105.061,2365.5327,1226.2952,2387.8784,1320.8557,2396.6768,1407.3147,2387.0823,1466.3832,2344.6003,1483.7413,2283.6653,1467.9364,2223.847
405,405,6750,772.8174,2207.2222,790.6387,2163.2273,835.54736,2118.9644,904.7943,2077.597,1011.3113,2047.484,1114.3937,2063.0269,1213.2511,2044.9054,1317.8889,2077.8916,1392.4401,2122.1912,1440.9004,2172.3047,1467.8401,2223.7163,1433.6632,2222.0464,1391.7816,2186.7607,1340.7239,2157.1875,1280.6001,2137.4138,1207.8827,2128.9087,1124.3894,2128.28,1038.0448,2127.9878,958.8431,2134.6382,896.6726,2154.0437,848.13544,2178.209,811.7347,2203.6677,1433.6632,2222.0464,1415.7854,2251.9648,1392.0295,2269.3547,1345.8881,2275.4644,1280.0012,2272.3,1209.2067,2261.7324,1104.4933,2248.3809,1012.5023,2240.6052,931.1104,2232.2224,870.8653,2223.2888,811.7347,2203.6677,772.8174,2207.2222,821.7894,2249.689,893.39886,2286.963,990.95776,2329.228,1104.6428,2363.6287,1225.8059,2385.9492,1320.3807,2394.8,1406.9241,2385.7947,1466.1537,2343.9521,1483.6449,2283.3171,1467.8401,2223.7163
406,406,6766,772.7458,2206.1106,790.619,2162.337,835.45276,2118.252,904.65076,2077.0156,1011.126,2047.0192,1114.1459,2062.6477,1212.9746,2044.6035,1317.786,2077.7063,1392.3457,2122.054,1440.7662,2172.1936,1467.7701,2223.69,1433.5648,2221.9585,1391.6385,2186.5945,1340.6215,2157.0305,1280.5715,2137.1746,1207.8035,2128.5657,1124.3208,2127.8477,1038.0112,2127.455,958.79987,2134.0398,896.6138,2153.404,848.07623,2177.3452,811.6705,2202.5728,1433.5648,2221.9585,1415.6808,2251.5432,1391.8969,2268.7349,1345.7009,2274.5408,1279.7881,2271.117,1209.0854,2260.4534,1104.308,2247.015,1012.3374,2239.1953,930.9894,2230.802,870.77625,2221.9192,811.6705,2202.5728,772.7458,2206.1106,821.71313,2248.2913,893.2882,2285.4385,990.79877,2327.7214,1104.4846,2362.3047,1225.7292,2384.8135,1320.2188,2393.797,1406.8562,2385.198,1466.214,2343.739,1483.7094,2283.2266,1467.7701,2223.69
407,407,6783,772.58044,2204.7764,790.2625,2161.15,834.92413,2117.1853,903.9839,2075.9954,1010.33575,2046.0312,1113.175,2061.814,1212.0476,2043.9888,1317.2244,2077.4265,1392.0306,2121.9219,1440.667,2172.1357,1467.7186,2223.6294,1433.5088,2221.9358,1391.3901,2186.5254,1340.149,2156.9597,1279.8724,2137.0115,1206.9557,2128.2441,1123.4891,2127.3438,1037.4762,2126.8398,958.45026,2133.3494,896.4056,2152.6558,847.9869,2176.3523,811.5826,2201.3367,1433.5088,2221.9358,1415.635,2251.0933,1391.829,2267.976,1345.5366,2273.4592,1279.5532,2269.8784,1209.0039,2259.2437,1104.158,2245.8442,1012.17163,2237.991,930.83673,2229.5134,870.63165,2220.5532,811.5826,2201.3367,772.58044,2204.7764,821.55206,2246.9067,893.1266,2284.2043,990.6546,2326.6558,1104.3678,2361.2678,1225.6462,2383.7253,1319.9879,2392.666,1406.8009,2384.3135,1466.0055,2343.3008,1483.5233,2283.0918,1467.7186,2223.6294
408,408,6800,772.5308,2203.74,790.1949,2160.3667,834.8148,2116.6255,903.5627,2075.5935,1009.3474,2045.7783,1111.7378,2061.6663,1210.4574,2043.9386,1315.8448,2077.4312,1390.9862,2121.9255,1440.0217,2172.079,1467.4371,2223.5457,1433.2297,2221.8452,1390.8805,2186.5034,1339.3994,2156.9485,1278.8292,2136.9517,1205.7618,2128.0767,1122.3239,2127.034,1036.808,2126.3926,958.1448,2132.7788,896.34033,2152.0085,847.9314,2175.4988,811.5217,2200.3474,1433.2297,2221.8452,1415.3458,2250.8865,1391.4337,2267.5178,1344.8953,2272.725,1278.6941,2268.9998,1208.2698,2258.378,1103.5771,2244.9692,1011.83496,2237.0664,930.7287,2228.5134,870.5838,2219.4734,811.5217,2200.3474,772.5308,2203.74,821.4697,2245.674,893.0287,2282.8672,990.5674,2325.216,1104.0176,2359.7217,1224.9562,2382.19,1319.0034,2391.1978,1406.031,2383.2468,1465.6456,2342.8564,1483.3176,2283.061,1467.4371,2223.5457
409,409,6816,772.5213,2203.0396,790.1286,2159.9182,834.78174,2116.3657,903.4007,2075.4192,1008.8532,2045.6035,1110.886,2061.522,1209.3976,2043.8468,1314.9102,2077.4111,1390.3066,2121.9055,1439.6265,2172.0188,1467.2958,2223.4055,1433.0885,2221.6565,1390.5076,2186.45,1338.8308,2156.9478,1278.0507,2136.9597,1204.9596,2128.0967,1121.6466,2127.0537,1036.5021,2126.394,958.08093,2132.7354,896.2875,2151.8804,847.90356,2175.1394,811.4959,2199.7075,1433.0885,2221.6565,1415.0703,2250.2751,1390.9708,2266.727,1344.2092,2271.8965,1277.8612,2268.3152,1207.4891,2257.9082,1103.0452,2244.5798,1011.5981,2236.6223,930.7052,2227.9424,870.5096,2218.7905,811.4959,2199.7075,772.5213,2203.0396,821.40564,2244.9424,892.9474,2282.2393,990.3933,2324.7617,1103.5231,2359.331,1224.1487,2381.6646,1318.071,2390.4124,1405.2595,2382.242,1465.1866,2342.009,1483.094,2282.597,1467.2958,2223.4055
410,410,6833,772.6139,2202.731,790.0986,2159.7278,834.71045,2116.2673,903.327,2075.3672,1008.5209,2045.5525,1110.336,2061.4897,1208.7184,2043.8088,1314.3439,2077.3965,1389.9292,2121.8894,1439.4648,2171.9912,1467.2594,2223.3545,1433.0486,2221.5566,1390.2715,2186.4302,1338.4901,2156.949,1277.5851,2136.9678,1204.479,2128.1182,1121.2546,2127.0889,1036.3558,2126.4211,958.03156,2132.743,896.23596,2151.8513,847.998,2174.9866,811.5989,2199.394,1433.0486,2221.5566,1414.9357,2249.6687,1390.7026,2265.8223,1343.803,2270.8362,1277.3895,2267.31,1207.1213,2257.0884,1102.8745,2243.856,1011.524,2235.9524,930.5788,2227.327,870.47046,2218.2603,811.5989,2199.394,772.6139,2202.731,821.3927,2244.553,892.818,2281.903,990.30615,2324.5215,1103.3649,2359.0825,1223.8126,2381.254,1317.6587,2389.7925,1404.9727,2381.4749,1465.1051,2341.3726,1483.0243,2282.266,1467.2594,2223.3545
411,411,6850,772.5907,2202.4749,790.06805,2159.5825,834.5601,2116.196,902.9478,2075.3467,1007.8914,2045.5659,1109.6108,2061.512,1207.9824,2043.8262,1313.85,2077.4102,1389.6724,2121.9014,1439.4282,2171.9421,1467.1692,2223.2834,1432.9994,2221.4873,1390.1442,2186.401,1338.2273,2156.9658,1277.1567,2136.9744,1203.9326,2128.1365,1120.6871,2127.1133,1035.9938,2126.4258,957.88885,2132.7244,896.2063,2151.8098,847.98224,2174.8591,811.6048,2199.13,1432.9994,2221.4873,1414.8738,2249.3813,1390.6671,2265.3167,1343.6937,2270.16,1277.1947,2266.5688,1207.0021,2256.362,1102.807,2243.162,1011.4505,2235.3118,930.4779,2226.757,870.412,2217.784,811.6048,2199.13,772.5907,2202.4749,821.3417,2244.21,892.7232,2281.5657,990.2095,2324.182,1103.3146,2358.7092,1223.7363,2380.8093,1317.5255,2389.33,1404.8801,2381.0771,1464.8851,2341.1514,1482.8423,2282.222,1467.1692,2223.2834
412,412,6866,772.5593,2202.1514,790.02136,2159.345,834.3519,2116.0203,902.54456,2075.2239,1007.2895,2045.5162,1108.9785,2061.5046,1207.327,2043.8212,1313.341,2077.4128,1389.3455,2121.9,1439.3053,2171.9006,1467.1272,2223.2234,1432.9293,2221.4285,1389.9513,2186.3806,1337.941,2156.9631,1276.7666,2136.9534,1203.472,2128.0828,1120.2324,2127.037,1035.6812,2126.2986,957.7213,2132.5576,896.1776,2151.6323,847.9567,2174.6182,811.58813,2198.7786,1432.9293,2221.4285,1414.8085,2249.0881,1390.5491,2264.8203,1343.5653,2269.4673,1277.0692,2265.7166,1206.7766,2255.3892,1102.6287,2242.108,1011.3093,2234.2812,930.38306,2225.8582,870.3613,2217.0864,811.58813,2198.7786,772.5593,2202.1514,821.2986,2243.7036,892.62213,2280.9363,990.007,2323.4524,1103.0475,2357.9634,1223.4465,2380.1543,1317.3207,2388.808,1404.6528,2380.753,1464.6825,2341.0144,1482.6921,2282.1985,1467.1272,2223.2234
413,413,6883,772.4066,2201.5706,789.652,2158.999,833.7301,2115.809,901.7376,2075.0803,1006.3794,2045.4026,1107.971,2061.416,1206.2455,2043.75,1312.3346,2077.386,1388.4451,2121.8704,1438.5493,2171.8403,1466.5526,2223.118,1432.2546,2221.2827,1389.1383,2186.328,1337.0238,2156.9553,1275.8057,2136.9504,1202.5173,2128.0803,1119.3508,2127.031,1035.0042,2126.279,957.2216,2132.5088,895.87976,2151.5305,847.84735,2174.3577,811.5118,2198.246,1432.2546,2221.2827,1414.3284,2248.579,1390.2328,2264.223,1343.3507,2268.802,1276.9426,2264.9912,1206.6488,2254.5815,1102.57,2241.237,1011.2676,2233.404,930.31195,2225.0261,870.2737,2216.3384,811.5118,2198.246,772.4066,2201.5706,821.2232,2242.967,892.6018,2280.0393,989.8939,2322.4421,1102.8711,2357.006,1223.2572,2379.3416,1317.2721,2388.1067,1404.5895,2380.1917,1464.6362,2340.6,1482.4994,2281.9058,1466.5526,2223.118
414,414,6900,772.3813,2201.0493,789.57184,2158.6653,833.4477,2115.608,901.2299,2074.9834,1005.55457,2045.3917,1106.9847,2061.4302,1205.1761,2043.7495,1311.2369,2077.3687,1387.4911,2121.8118,1437.801,2171.6858,1466.0403,2222.8542,1431.5981,2220.946,1388.3108,2186.173,1336.1698,2156.9019,1274.8851,2136.9136,1201.5792,2128.053,1118.4597,2127.0144,1034.349,2126.2275,956.82715,2132.406,895.73096,2151.3682,847.82513,2174.0515,811.4831,2197.6995,1431.5981,2220.946,1413.7228,2247.5764,1389.6228,2262.9631,1342.7507,2267.3782,1276.3596,2263.4863,1206.2693,2253.0874,1102.2617,2239.6858,1011.0978,2231.8882,930.2708,2223.684,870.2438,2215.286,811.4831,2197.6995,772.3813,2201.0493,821.2089,2242.1643,892.49713,2279.0525,989.6498,2321.397,1102.5468,2355.9963,1222.8885,2378.348,1316.8074,2387.1562,1404.2571,2379.2803,1464.4261,2339.7686,1482.2325,2281.2776,1466.0403,2222.8542
415,415,6916,772.3685,2200.6516,789.5455,2158.3506,833.328,2115.3638,900.946,2074.804,1005.05316,2045.3077,1106.3853,2061.4165,1204.5873,2043.7327,1310.7194,2077.365,1387.0823,2121.805,1437.5448,2171.672,1465.943,2222.824,1431.442,2220.873,1388.004,2186.1462,1335.8027,2156.896,1274.446,2136.904,1201.0907,2128.028,1117.963,2126.969,1034.019,2126.133,956.66504,2132.2534,895.7016,2151.1663,847.80835,2173.7473,811.4826,2197.2808,1431.442,2220.873,1413.5426,2247.0488,1389.3871,2262.189,1342.4564,2266.443,1276.0055,2262.5164,1205.9854,2252.171,1102.0228,2238.7769,1010.9719,2231.0059,930.2483,2222.8792,870.2041,2214.603,811.4826,2197.2808,772.3685,2200.6516,821.17224,2241.62,892.47363,2278.4346,989.52246,2320.7444,1102.3711,2355.3005,1222.696,2377.6135,1316.5833,2386.4067,1404.1576,2378.5464,1464.3777,2339.193,1482.2053,2280.98,1465.943,2222.824
416,416,6933,772.49896,2200.4802,789.55225,2158.2725,833.2765,2115.3425,900.9336,2074.8093,1004.9002,2045.3213,1106.1193,2061.43,1204.2839,2043.7401,1310.4512,2077.367,1386.8806,2121.7996,1437.4445,2171.6204,1465.9202,2222.6677,1431.3997,2220.6973,1387.85,2186.1199,1335.6016,2156.8984,1274.2074,2136.913,1200.842,2128.0332,1117.7196,2126.9817,1033.9177,2126.1497,956.6268,2132.2668,895.6675,2151.169,847.9291,2173.7021,811.6423,2197.1262,1431.3997,2220.6973,1413.4132,2246.5793,1389.1406,2261.6812,1342.1023,2266.0127,1275.5717,2262.2334,1205.5316,2252.0217,1101.7922,2238.7202,1010.9397,2230.9487,930.1617,2222.7617,870.21674,2214.4243,811.6423,2197.1262,772.49896,2200.4802,821.1723,2241.493,892.3986,2278.4246,989.4292,2320.8262,1102.0702,2355.3623,1222.2169,2377.554,1316.1763,2386.1902,1403.9199,2378.1387,1464.2983,2338.7112,1482.1676,2280.5994,1465.9202,2222.6677
417,417,6950,772.5151,2200.4773,789.51685,2158.2737,833.2524,2115.3481,900.8566,2074.822,1004.7151,2045.335,1105.8582,2061.442,1204.021,2043.7458,1310.2264,2077.3682,1386.7092,2121.795,1437.3555,2171.598,1465.8916,2222.606,1431.3381,2220.6206,1387.6979,2186.096,1335.411,2156.8965,1273.9863,2136.9124,1200.6013,2128.036,1117.4703,2126.9932,1033.756,2126.1611,956.5712,2132.279,895.63544,2151.1785,847.93335,2173.7048,811.6695,2197.125,1431.3381,2220.6206,1413.2292,2246.3347,1388.8105,2261.432,1341.6418,2265.8389,1275.0255,2262.1785,1204.91,2252.0715,1101.3722,2238.8523,1010.7479,2231.0928,930.1399,2222.8643,870.18207,2214.4697,811.6695,2197.125,772.5151,2200.4773,821.1417,2241.5295,892.35693,2278.533,989.1732,2320.9844,1101.5875,2355.482,1221.5428,2377.5557,1315.5791,2386.0425,1403.45,2377.833,1464.0167,2338.362,1482.0558,2280.3633,1465.8916,2222.606
418,418,6966,772.503,2200.3633,789.48694,2158.236,833.22064,2115.3423,900.83734,2074.823,1004.7032,2045.3147,1105.8193,2061.413,1203.9785,2043.6912,1310.1646,2077.3105,1386.5824,2121.6948,1437.1617,2171.3833,1465.5779,2222.2197,1430.9889,2220.2122,1387.2931,2185.983,1335.0978,2156.8894,1273.789,2136.9148,1200.4701,2128.042,1117.3992,2127.0007,1033.7379,2126.168,956.5317,2132.2886,895.6022,2151.1838,847.94324,2173.6975,811.6641,2197.0293,1430.9889,2220.2122,1412.5052,2245.5947,1387.91,2260.6558,1340.73,2265.212,1274.1946,2261.7637,1204.0853,2251.818,1100.9065,2238.7114,1010.55896,2230.984,930.12146,2222.7415,870.1528,2214.3389,811.6641,2197.0293,772.503,2200.3633,821.1173,2241.4536,892.3047,2278.531,988.88745,2321.053,1100.9539,2355.5278,1220.5527,2377.4714,1314.5701,2385.744,1402.3246,2377.1912,1462.9291,2337.485,1481.3069,2279.622,1465.5779,2222.2197
419,419,6983,772.49396,2200.282,789.4623,2158.2058,833.2051,2115.336,900.79175,2074.822,1004.64954,2045.298,1105.7538,2061.3928,1203.8878,2043.6385,1310.0302,2077.2517,1386.3818,2121.5986,1436.8882,2171.191,1465.2695,2221.9248,1430.6759,2219.9097,1386.9417,2185.87,1334.8002,2156.8745,1273.5698,2136.9153,1200.3134,2128.049,1117.3152,2127.013,1033.7054,2126.177,956.5087,2132.296,895.57196,2151.1921,847.9449,2173.6865,811.6639,2196.955,1430.6759,2219.9097,1412.2051,2245.1162,1387.6848,2260.2068,1340.6141,2264.8684,1274.1587,2261.5361,1204.0055,2251.6646,1100.8048,2238.604,1010.4515,2230.8882,930.0482,2222.6382,870.1299,2214.239,811.6639,2196.955,772.49396,2200.282,821.1022,2241.371,892.2216,2278.4634,988.74915,2321.0203,1100.819,2355.4924,1220.4548,2377.3755,1314.5466,2385.5405,1402.2183,2376.815,1462.7263,2336.9539,1481.0282,2279.107,1465.2695,2221.9248
420,420,7000,772.4846,2200.2085,789.4062,2158.1362,833.0382,2115.2708,900.54095,2074.7563,1004.37085,2045.2089,1105.4685,2061.266,1203.6471,2043.469,1309.826,2077.0205,1386.1677,2121.3018,1436.6173,2170.8096,1464.9053,2221.5193,1430.2849,2219.4585,1386.6007,2185.5134,1334.503,2156.655,1273.2996,2136.7185,1200.0416,2127.893,1117.0138,2126.9053,1033.4331,2126.0972,956.3184,2132.2349,895.4897,2151.1433,847.93396,2173.6165,811.65356,2196.8755,1430.2849,2219.4585,1411.7462,2244.6467,1387.1558,2259.8245,1340.0374,2264.599,1273.5393,2261.3833,1203.3151,2251.5996,1100.2473,2238.6113,1010.0742,2230.9148,929.8866,2222.646,870.0919,2214.2063,811.65356,2196.8755,772.4846,2200.2085,821.0645,2241.3435,892.0368,2278.4788,988.33655,2321.0466,1100.23,2355.4602,1219.7295,2377.2231,1313.8507,2385.2446,1401.5541,2376.355,1462.129,2336.3887,1480.5469,2278.5564,1464.9053,2221.5193
421,421,7016,772.47766,2199.281,789.3883,2157.5864,833.00433,2114.9802,900.45557,2074.6099,1004.22675,2045.1515,1105.2793,2061.2532,1203.4316,2043.4612,1309.585,2077.0198,1385.9371,2121.292,1436.5103,2170.748,1464.8838,2221.356,1430.2285,2219.2495,1386.4058,2185.447,1334.2236,2156.6396,1273.0159,2136.7026,1199.7797,2127.8577,1116.8136,2126.845,1033.3235,2125.9812,956.2798,2132.0566,895.4646,2150.876,847.95996,2173.1326,811.6881,2195.9924,1430.2285,2219.2495,1411.7042,2244.0762,1387.1277,2259.1333,1339.982,2263.8196,1273.4703,2260.4875,1203.2281,2250.54,1100.1425,2237.368,1009.9718,2229.582,929.836,2221.2922,870.1019,2212.9773,811.6881,2195.9924,772.47766,2199.281,821.0472,2240.2495,891.97107,2277.3728,988.2276,2320.0444,1100.1152,2354.639,1219.6332,2376.59,1313.7692,2384.7786,1401.4608,2376.0051,1462.0365,2336.0723,1480.4688,2278.2473,1464.8838,2221.356
422,422,7033,772.4529,2199.076,789.303,2157.3828,832.8307,2114.7761,900.2085,2074.3853,1003.91724,2044.8774,1104.8989,2060.9805,1203.0217,2043.1638,1309.1533,2076.7417,1385.4702,2121.0012,1436.0303,2170.4116,1464.4049,2221.0208,1429.6653,2218.8687,1385.7472,2185.1726,1333.5918,2156.472,1272.4285,2136.5327,1199.2509,2127.683,1116.3611,2126.6833,1032.9471,2125.8242,956.03375,2131.922,895.34235,2150.7478,847.92773,2172.9705,811.67145,2195.7883,1429.6653,2218.8687,1410.9574,2243.5435,1386.2601,2258.5889,1339.0792,2263.3267,1272.5715,2260.093,1202.3295,2250.2476,1099.4401,2237.1511,1009.5091,2229.401,929.62256,2221.1147,870.0282,2212.7842,811.67145,2195.7883,772.4529,2199.076,820.9387,2240.101,891.6078,2277.28,987.52765,2319.9915,1099.1987,2354.5662,1218.6135,2376.4275,1312.8365,2384.4985,1400.5859,2375.548,1461.2487,2335.5085,1479.8262,2277.7402,1464.4049,2221.0208
423,423,7050,772.3657,2198.6704,789.15515,2157.1475,832.60614,2114.6438,899.9165,2074.2917,1003.58325,2044.7869,1104.5223,2060.9133,1202.6334,2043.0958,1308.7731,2076.703,1385.0908,2120.9426,1435.7488,2170.2861,1464.2281,2220.7957,1429.4292,2218.618,1385.3414,2185.0903,1333.0883,2156.458,1271.918,2136.5254,1198.7599,2127.6738,1115.9258,2126.6738,1032.5752,2125.802,955.77783,2131.8867,895.20013,2150.6807,847.8727,2172.7996,811.622,2195.416,1429.4292,2218.618,1410.5747,2243.1218,1385.7964,2258.1504,1338.573,2262.9248,1272.0668,2259.7312,1201.851,2249.8928,1099.0375,2236.7751,1009.2358,2228.995,929.48315,2220.6816,869.95764,2212.3594,811.622,2195.416,772.3657,2198.6704,820.82947,2239.7136,891.385,2276.9348,987.1278,2319.7354,1098.6492,2354.3828,1218.02,2376.2527,1312.268,2384.2976,1400.1161,2375.2861,1460.9053,2335.1924,1479.5948,2277.4238,1464.2281,2220.7957
424,424,7066,772.3556,2198.0383,789.1422,2156.7832,832.56396,2114.4597,899.82526,2074.1956,1003.41864,2044.7139,1104.3032,2060.8494,1202.3619,2042.9789,1308.4193,2076.5205,1384.697,2120.6016,1435.3921,2169.657,1463.9712,2219.8804,1429.1682,2217.742,1384.9884,2184.6,1332.703,2156.2522,1271.561,2136.4211,1198.4496,2127.618,1115.6855,2126.6445,1032.3718,2125.7646,955.65485,2131.8284,895.1558,2150.5542,847.8649,2172.5024,811.61365,2194.8386,1429.1682,2217.742,1410.2908,2242.2417,1385.551,2257.384,1338.3988,2262.307,1271.9518,2259.2175,1201.7953,2249.4236,1098.9889,2236.2524,1009.2131,2228.4053,929.44476,2220.0432,869.9376,2211.741,811.61365,2194.8386,772.3556,2198.0383,820.8127,2239.053,891.33636,2276.2432,987.0984,2319.151,1098.5854,2353.985,1217.937,2375.9219,1312.13,2383.9236,1399.9391,2374.7512,1460.6813,2334.4438,1479.3506,2276.5227,1463.9712,2219.8804
425,425,7083,772.3507,2197.2158,789.1163,2156.226,832.5397,2114.1147,899.7884,2073.97,1003.3159,2044.539,1104.1475,2060.705,1202.149,2042.7761,1308.1255,2076.2708,1384.3713,2120.1963,1435.1198,2168.9702,1463.8035,2218.9292,1428.9912,2216.804,1384.749,2183.9746,1332.4325,2155.883,1271.309,2136.1409,1198.2278,2127.3835,1115.516,2126.4482,1032.2533,2125.5408,955.601,2131.5662,895.1394,2150.209,847.8633,2171.9758,811.618,2194.0645,1428.9912,2216.804,1410.119,2241.267,1385.4163,2256.4973,1338.3158,2261.5422,1271.9061,2258.5354,1201.7699,2248.759,1098.9496,2235.5417,1009.151,2227.644,929.39514,2219.2366,869.9258,2210.9385,811.618,2194.0645,772.3507,2197.2158,820.81104,2238.2239,891.2854,2275.4126,987.02765,2318.4084,1098.5454,2353.3823,1217.9221,2375.3762,1312.073,2383.3672,1399.8608,2374.077,1460.5808,2333.5876,1479.2233,2275.5403,1463.8035,2218.9292
426,426,7100,772.3091,2196.5342,789.0779,2155.6497,832.49725,2113.6553,899.72455,2073.5874,1003.194,2044.1542,1103.9801,2060.2888,1201.9115,2042.2642,1307.7976,2075.647,1384.028,2119.4128,1434.8378,2167.9697,1463.6177,2217.844,1428.7886,2215.694,1384.5223,2182.9465,1332.1838,2155.0464,1271.0652,2135.359,1198.0146,2126.6494,1115.3547,2125.786,1032.1068,2124.8955,955.4867,2130.964,895.0649,2149.6038,847.8264,2171.3103,811.5867,2193.3574,1428.7886,2215.694,1409.9951,2240.2473,1385.3491,2255.5798,1338.2938,2260.7043,1271.8811,2257.7358,1201.7213,2247.9707,1098.8959,2234.7854,1009.1,2226.9167,929.3661,2218.525,869.9171,2210.2473,811.5867,2193.3574,772.3091,2196.5342,820.7998,2237.524,891.24286,2274.6323,986.9573,2317.5579,1098.4784,2352.523,1217.868,2374.4841,1312.0287,2382.4683,1399.8185,2373.1304,1460.565,2332.5623,1479.1437,2274.4458,1463.6177,2217.844
427,427,7116,772.2192,2195.7756,788.9565,2154.9878,832.34955,2113.0884,899.56903,2073.098,1003.0137,2043.7214,1103.783,2059.8906,1201.6741,2041.8123,1307.5056,2075.166,1383.7161,2118.8457,1434.5608,2167.2678,1463.4247,2217.1035,1428.5782,2214.936,1384.2955,2182.2373,1331.9377,2154.4585,1270.8192,2134.7869,1197.789,2126.0688,1115.1521,2125.2134,1031.9015,2124.301,955.28534,2130.3616,894.90454,2148.9746,847.7367,2170.6162,811.5191,2192.6033,1428.5782,2214.936,1409.8756,2239.528,1385.2982,2254.951,1338.2753,2260.1372,1271.8489,2257.1829,1201.6753,2247.399,1098.8529,2234.17,1009.07935,2226.257,929.33386,2217.825,869.87024,2209.5293,811.5191,2192.6033,772.2192,2195.7756,820.7704,2236.7915,891.2261,2273.8916,986.9106,2316.8425,1098.423,2351.894,1217.8265,2373.9272,1311.9888,2381.942,1399.7697,2372.5828,1460.5259,2331.9297,1479.0859,2273.7158,1463.4247,2217.1035
428,428,7133,772.0989,2195.3389,788.73157,2154.592,831.98157,2112.7346,899.09033,2072.7976,1002.40576,2043.4838,1103.1204,2059.6736,1200.9512,2041.5687,1306.7438,2074.884,1382.9525,2118.5027,1433.8136,2166.8486,1462.7603,2216.6719,1427.9178,2214.4722,1383.6619,2181.7832,1331.2933,2154.0989,1270.1572,2134.4626,1197.1415,2125.77,1114.5364,2124.9253,1031.3187,2123.9924,954.77264,2130.0242,894.5265,2148.6,847.5272,2170.1965,811.3959,2192.1677,1427.9178,2214.4722,1409.3519,2239.091,1384.853,2254.5542,1337.8893,2259.7554,1271.5063,2256.8105,1201.4233,2247.0222,1098.5378,2233.7822,1008.7461,2225.865,929.06445,2217.4338,869.681,2209.1372,811.3959,2192.1677,772.0989,2195.3389,820.6673,2236.3489,891.0735,2273.384,986.7152,2316.2866,1098.2358,2351.3545,1217.6759,2373.4324,1311.7407,2381.4736,1399.4738,2372.1423,1460.1682,2331.4915,1478.6101,2273.2642,1462.7603,2216.6719
429,429,7150,771.88763,2194.9324,788.508,2154.2156,831.72546,2112.3792,898.7999,2072.4448,1002.05664,2043.1167,1102.694,2059.3254,1200.4614,2041.2131,1306.1467,2074.542,1382.2554,2118.1309,1433.072,2166.414,1461.9797,2216.1746,1427.0991,2213.9058,1382.7659,2181.3528,1330.4768,2153.7607,1269.43,2134.1086,1196.4913,2125.3914,1113.9827,2124.5398,1030.8378,2123.6062,954.3985,2129.6594,894.2497,2148.2532,847.3594,2169.819,811.2008,2191.736,1427.0991,2213.9058,1408.1862,2238.2148,1383.4751,2253.4792,1336.4635,2258.5935,1270.1102,2255.6892,1200.0054,2245.9934,1097.4243,2232.873,1007.9212,2225.0579,928.56,2216.7341,869.394,2208.546,811.2008,2191.736,771.88763,2194.9324,820.3744,2235.8816,890.52625,2272.8354,985.8149,2315.6155,1096.9915,2350.486,1216.0618,2372.3374,1310.0719,2380.232,1397.7228,2370.7976,1458.508,2330.3015,1477.3331,2272.4282,1461.9797,2216.1746
430,430,7166,771.6343,2194.732,788.1897,2153.9897,831.30414,2112.1313,898.27057,2072.1604,1001.46814,2042.7528,1102.111,2058.921,1199.9067,2040.7578,1305.644,2074.0527,1381.8088,2117.5984,1432.6926,2165.8296,1461.6594,2215.575,1426.7594,2213.285,1382.3646,2180.823,1330.063,2153.3486,1268.9736,2133.7317,1196.0001,2125.0603,1113.4491,2124.2607,1030.2672,2123.354,953.9056,2129.4373,893.875,2148.0432,847.1079,2169.592,810.9532,2191.5083,1426.7594,2213.285,1407.6031,2237.5203,1382.7134,2252.7358,1335.5839,2257.8267,1269.172,2254.9504,1199.0118,2245.3137,1096.5698,2232.3008,1007.2403,2224.5952,928.1035,2216.3757,869.09753,2208.2605,810.9532,2191.5083,771.6343,2194.732,820.0941,2235.6763,890.09894,2272.5652,985.1796,2315.2021,1096.18,2349.8853,1215.1267,2371.5752,1309.1401,2379.363,1396.7809,2369.8606,1457.6469,2329.433,1476.7163,2271.698,1461.6594,2215.575
431,431,7183,771.5897,2194.094,788.1165,2153.4895,831.19366,2111.7402,898.13806,2071.832,1001.3152,2042.444,1101.9208,2058.608,1199.6677,2040.4478,1305.3419,2073.7542,1381.4791,2117.2358,1432.357,2165.3596,1461.3558,2215.0122,1426.4819,2212.691,1382.1035,2180.3442,1329.7992,2152.9976,1268.7317,2133.4324,1195.788,2124.779,1113.2671,2123.9963,1030.0973,2123.0771,953.766,2129.1248,893.7758,2147.6628,847.0634,2169.089,810.9235,2190.873,1426.4819,2212.691,1407.379,2236.9583,1382.5685,2252.2363,1335.4973,2257.3623,1269.123,2254.4685,1198.9961,2244.7734,1096.5477,2231.6897,1007.21765,2223.9426,928.08594,2215.714,869.07965,2207.6162,810.9235,2190.873,771.5897,2194.094,820.08746,2234.995,890.07477,2271.78,985.1516,2314.3662,1096.167,2349.1172,1215.1132,2370.9177,1309.0979,2378.7761,1396.7086,2369.3293,1457.5253,2328.9033,1476.5151,2271.1335,1461.3558,2215.0122
432,432,7200,771.5752,2193.3296,788.08496,2152.8787,831.10724,2111.276,897.9775,2071.466,1001.04254,2042.1449,1101.541,2058.355,1199.2148,2040.2231,1304.8673,2073.5613,1381.0514,2116.9932,1432.0033,2165.0005,1461.1133,2214.5342,1426.276,2212.1865,1381.8357,2179.9458,1329.4689,2152.7056,1268.3375,2133.1692,1195.3654,2124.4932,1112.8616,2123.6816,1029.7843,2122.7092,953.5602,2128.7007,893.6531,2147.157,847.0217,2168.4573,810.8964,2190.1226,1426.276,2212.1865,1407.0992,2236.3938,1382.2396,2251.6448,1335.1205,2256.758,1268.7028,2253.858,1198.5618,2244.15,1096.1782,2231.0242,1006.95795,2223.243,927.94867,2214.9834,869.02155,2206.8657,810.8964,2190.1226,771.5752,2193.3296,820.0713,2234.1843,890.0111,2270.8994,984.968,2313.4233,1095.8297,2348.146,1214.6166,2369.9768,1308.5717,2377.8635,1396.1969,2368.4658,1457.081,2328.142,1476.1664,2270.5178,1461.1133,2214.5342
433,433,7216,771.5148,2192.6875,787.9525,2152.2268,830.862,2110.6768,897.63226,2070.9204,1000.60315,2041.644,1101.0469,2057.8306,1198.6746,2039.7096,1304.321,2073.0305,1380.5334,2116.391,1431.5023,2164.3025,1460.6559,2213.8223,1425.8912,2211.479,1381.5201,2179.2034,1329.1083,2152.0396,1267.9297,2132.5571,1194.9277,2123.9175,1112.3965,2123.128,1029.3264,2122.1392,953.1728,2128.098,893.3712,2146.5125,846.85547,2167.7751,810.81274,2189.5032,1425.8912,2211.479,1406.7539,2235.9878,1381.8969,2251.4,1334.7338,2256.5999,1268.262,2253.7344,1198.0968,2244.0342,1095.6729,2230.906,1006.5017,2223.0974,927.62054,2214.7627,868.8309,2206.51,810.81274,2189.5032,771.5148,2192.6875,819.9583,2233.7166,889.78876,2270.5396,984.6073,2313.1294,1095.3926,2347.8918,1214.1675,2369.7427,1308.1353,2377.6272,1395.7959,2368.1982,1456.7013,2327.7773,1475.7714,2269.994,1460.6559,2213.8223
434,434,7233,771.29254,2191.8337,787.61224,2151.4365,830.3823,2110.0256,897.03827,2070.4263,999.8216,2041.3218,1100.1145,2057.5203,1197.6024,2039.4094,1303.0505,2072.64,1379.217,2115.8389,1430.2201,2163.5588,1459.4797,2212.9683,1424.8079,2210.6248,1380.5599,2178.3447,1328.0999,2151.2588,1266.9335,2131.83,1193.9677,2123.2168,1111.4625,2122.4597,1028.4908,2121.422,952.46204,2127.335,892.8278,2145.7024,846.5072,2166.9214,810.5947,2188.6736,1424.8079,2210.6248,1405.8591,2235.3645,1381.1335,2250.9211,1334.0403,2256.1807,1267.6122,2253.2917,1197.5359,2243.533,1095.0625,2230.357,1005.9178,2222.5276,927.15155,2214.148,868.4935,2205.8176,810.5947,2188.6736,771.29254,2191.8337,819.6567,2232.9062,889.33813,2269.7253,984.0171,2312.298,1094.7623,2347.1077,1213.5739,2369.071,1307.4976,2377.0586,1395.1588,2367.7017,1456.0194,2327.2422,1474.9178,2269.3127,1459.4797,2212.9683
435,435,7250,770.7132,2190.8523,786.83234,2150.4922,829.40466,2109.1714,895.9545,2069.6907,998.7309,2040.7643,1099.0608,2057.0408,1196.619,2039.0217,1302.1295,2072.326,1378.2742,2115.5266,1429.2578,2163.2183,1458.5829,2212.647,1423.9663,2210.314,1379.7557,2177.9976,1327.2655,2150.9375,1266.0791,2131.5107,1193.0746,2122.8547,1110.4966,2122.0156,1027.4924,2120.9084,951.45245,2126.7112,891.92255,2144.948,845.804,2166.0542,810.0215,2187.7766,1423.9663,2210.314,1405.2133,2235.1392,1380.6008,2250.7366,1333.5603,2255.9744,1267.1521,2253.0073,1197.1403,2243.14,1094.4989,2229.8623,1005.22534,2221.9622,926.43317,2213.519,867.823,2205.1006,810.0215,2187.7766,770.7132,2190.8523,819.1224,2231.9731,888.79095,2268.798,983.47656,2311.4033,1094.3052,2346.3613,1213.2256,2368.5376,1307.072,2376.6816,1394.7229,2367.4424,1455.545,2327.0166,1474.2909,2269.0479,1458.5829,2212.647
436,436,7266,770.1047,2189.97,786.03735,2149.722,828.41705,2108.5657,894.79144,2069.267,997.37036,2040.5276,1097.6562,2056.827,1195.1832,2038.8179,1300.6467,2072.0398,1376.8156,2115.1055,1427.8942,2162.648,1457.3214,2211.9744,1422.6377,2209.6672,1378.4493,2177.4492,1325.9344,2150.4639,1264.7667,2131.0798,1191.7645,2122.4424,1109.1719,2121.6177,1026.2628,2120.4678,950.38495,2126.2021,891.08734,2144.3542,845.2038,2165.3616,809.5075,2186.9534,1422.6377,2209.6672,1403.9231,2234.527,1379.36,2250.2148,1332.3539,2255.495,1265.9739,2252.5078,1196.0398,2242.5764,1093.3674,2229.2244,1004.17786,2221.257,925.584,2212.7368,867.1589,2204.2449,809.5075,2186.9534,770.1047,2189.97,818.38214,2231.106,887.87396,2268.0002,982.4233,2310.6575,1093.2113,2345.6802,1212.1661,2367.962,1305.9958,2376.1904,1393.7013,2367.0317,1454.5651,2326.5771,1473.2333,2268.4683,1457.3214,2211.9744
437,437,7283,769.4209,2188.9783,785.1022,2148.9417,827.1759,2108.013,893.314,2068.9082,995.7057,2040.3303,1095.9791,2056.6304,1193.573,2038.6006,1299.11,2071.678,1375.3317,2114.4998,1426.4595,2161.7373,1455.9785,2210.7996,1421.351,2208.601,1377.1965,2176.6433,1324.619,2149.9045,1263.4071,2130.6902,1190.3206,2122.1606,1107.629,2121.3865,1024.7776,2120.221,949.0471,2125.867,889.9995,2143.8708,844.40576,2164.6816,808.86426,2186.051,1421.351,2208.601,1402.752,2233.6243,1378.2767,2249.5015,1331.3292,2254.91,1264.9713,2251.9624,1195.1066,2242.0144,1092.3917,2228.5955,1003.23926,2220.5444,924.76825,2211.9297,866.45654,2203.3618,808.86426,2186.051,769.4209,2188.9783,817.7292,2230.1255,887.1318,2267.0305,981.58276,2309.747,1092.3163,2344.881,1211.2616,2367.271,1305.0148,2375.52,1392.6813,2366.347,1453.4933,2325.7695,1472.0424,2267.4512,1455.9785,2210.7996
438,438,7300,769.06964,2187.8872,784.52997,2148.0002,826.3934,2107.2412,892.40344,2068.3494,994.65936,2040.0165,1094.9077,2056.353,1192.4622,2038.3408,1297.9875,2071.327,1374.2606,2113.9985,1425.4852,2161.0942,1455.0996,2210.0828,1420.446,2207.887,1376.37,2175.9456,1323.7389,2149.266,1262.5118,2130.099,1189.4084,2121.6008,1106.6671,2120.857,1023.8088,2119.599,948.15076,2125.1272,889.289,2143.025,843.9139,2163.7407,808.5596,2184.9822,1420.446,2207.887,1402.0958,2233.0608,1377.7938,2249.065,1330.944,2254.4866,1264.6473,2251.443,1194.8796,2241.3525,1092.0636,2227.7842,1002.8653,2219.634,924.408,2210.949,866.1226,2202.325,808.5596,2184.9822,769.06964,2187.8872,817.3937,2229.0476,886.78143,2265.9807,981.2418,2308.76,1092.0334,2344.0771,1211.0842,2366.693,1304.8024,2375.1196,1392.4801,2366.0874,1453.2496,2325.4844,1471.6007,2266.9626,1455.0996,2210.0828
439,439,7316,768.62195,2187.3423,783.9805,2147.3,825.7989,2106.4229,891.8233,2067.4722,994.11395,2039.1261,1094.3583,2055.453,1191.9382,2037.4868,1297.5311,2070.5576,1373.8163,2113.3103,1425.0187,2160.502,1454.6306,2209.653,1420.004,2207.4456,1375.9347,2175.3347,1323.2946,2148.579,1262.0432,2129.3435,1188.9197,2120.773,1106.1737,2119.9648,1023.3093,2118.7324,947.61743,2124.2888,888.7428,2142.2302,843.40906,2163.0334,808.1008,2184.4446,1420.004,2207.4456,1401.7777,2232.7607,1377.5468,2248.8147,1330.7281,2254.2346,1264.4492,2251.1628,1194.7072,2241.0403,1091.7986,2227.4548,1002.5008,2219.3,923.9707,2210.6086,865.6552,2201.944,808.1008,2184.4446,768.62195,2187.3423,817.0033,2228.5928,886.4425,2265.577,980.9778,2308.3816,1091.8527,2343.709,1210.9761,2366.3528,1304.678,2374.817,1392.3317,2365.816,1453.0493,2325.1921,1471.2875,2266.603,1454.6306,2209.653
440,440,7333,768.33954,2186.8904,783.60425,2146.8682,825.3424,2106.0566,891.29364,2067.202,993.4601,2038.9565,1093.6699,2055.2866,1191.2485,2037.2927,1296.8259,2070.2466,1373.1594,2112.844,1424.4475,2159.9011,1454.1399,2209.0127,1419.5133,2206.821,1375.513,2174.6492,1322.8351,2147.9045,1261.5535,2128.7131,1188.3777,2120.2195,1105.5631,2119.4944,1022.70856,2118.2395,947.04645,2123.7722,888.26807,2141.7097,843.0554,2162.5369,807.8553,2183.9878,1419.5133,2206.821,1401.4087,2232.338,1377.2537,2248.5208,1330.4684,2253.9985,1264.2059,2250.9172,1194.4973,2240.757,1091.5452,2227.1516,1002.21814,2218.9893,923.68896,2210.2822,865.3909,2201.5767,807.8553,2183.9878,768.33954,2186.8904,816.70386,2228.2227,886.13824,2265.2644,980.71466,2308.0916,1091.6416,2343.4226,1210.8027,2366.0925,1304.4948,2374.5942,1392.1561,2365.6094,1452.8573,2324.9082,1470.9862,2266.143,1454.1399,2209.0127
441,441,7350,768.16077,2185.7336,783.3616,2145.789,825.0335,2105.0793,890.9245,2066.3933,993.0078,2038.3827,1093.2435,2054.771,1190.85,2036.7947,1296.4333,2069.6323,1372.8419,2112.0867,1424.254,2159.0366,1454.072,2208.1392,1419.4174,2205.916,1375.3894,2173.5806,1322.653,2146.7427,1261.309,2127.4988,1188.0775,2118.973,1105.2103,2118.2463,1022.3225,2116.8875,946.64685,2122.3762,887.93256,2140.3477,842.83704,2161.2693,807.7188,2182.798,1419.4174,2205.916,1401.3787,2231.4885,1377.2494,2247.7168,1330.4688,2253.1387,1264.2072,2249.91,1194.5045,2239.5784,1091.5333,2225.8525,1002.1661,2217.662,923.5952,2208.9912,865.272,2200.3472,807.7188,2182.798,768.16077,2185.7336,816.5654,2227.021,886.0421,2264.0266,980.6781,2306.8088,1091.6399,2342.1855,1210.836,2365.0374,1304.5258,2373.7766,1392.2062,2365.0188,1452.9026,2324.34,1470.9874,2265.4102,1454.072,2208.1392
442,442,7366,767.5299,2185.2222,782.59326,2145.2463,824.18695,2104.534,890.02905,2065.9043,992.0564,2038.0104,1092.3666,2054.375,1190.0372,2036.3748,1295.7068,2069.0942,1372.2552,2111.4622,1423.8236,2158.3875,1453.7715,2207.552,1419.0657,2205.2998,1375.0541,2172.7534,1322.2213,2145.759,1260.7811,2126.423,1187.4481,2117.901,1104.465,2117.2615,1021.4884,2115.9023,945.77856,2121.4436,887.12555,2139.5256,842.1427,2160.5896,807.1916,2182.2576,1419.0657,2205.2998,1401.1709,2231.0466,1377.1193,2247.3823,1330.3551,2252.838,1264.0916,2249.5752,1194.4133,2239.1787,1091.3127,2225.4102,1001.82043,2217.2002,923.151,2208.516,864.77295,2199.8584,807.1916,2182.2576,767.5299,2185.2222,816.0223,2226.5115,885.62085,2263.482,980.41284,2306.2095,1091.5087,2341.6023,1210.7931,2364.5518,1304.4746,2373.4048,1392.1766,2364.7712,1452.8784,2324.0876,1470.9043,2265.005,1453.7715,2207.552
443,443,7383,766.635,2184.241,781.47754,2144.3374,822.85547,2103.6838,888.54297,2065.149,990.42816,2037.437,1090.8029,2053.8906,1188.6394,2035.9034,1294.4843,2068.6045,1371.229,2110.9414,1423.0206,2157.848,1453.1481,2207.0103,1418.3418,2204.7068,1374.1909,2172.169,1321.241,2145.1772,1259.6521,2125.8254,1186.1678,2117.3032,1103.0293,2116.6685,1020.04333,2115.2146,944.4189,2120.6626,885.96484,2138.6826,841.2513,2159.6863,806.4038,2181.2441,1418.3418,2204.7068,1400.4172,2230.2197,1376.3486,2246.4138,1329.5079,2251.6821,1263.1547,2248.2253,1193.4875,2237.6812,1090.2863,2223.802,1000.782,2215.5952,922.20337,2207.0156,863.92676,2198.5317,806.4038,2181.2441,766.635,2184.241,815.00494,2225.3838,884.4552,2262.3052,979.18665,2305.0544,1090.4059,2340.5312,1209.9054,2363.596,1303.7059,2372.615,1391.6196,2364.1348,1452.442,2323.505,1470.4344,2264.4126,1453.1481,2207.0103
444,444,7400,765.7385,2183.6538,780.6088,2143.701,821.9897,2103.062,887.6587,2064.5925,989.45465,2037.0143,1089.8574,2053.5312,1187.7748,2035.5453,1293.6755,2068.1956,1370.5465,2110.4817,1422.4987,2157.367,1452.7866,2206.5493,1417.9711,2204.218,1373.775,2171.594,1320.7311,2144.546,1259.0237,2125.161,1185.422,2116.6348,1102.1267,2116.007,1019.06366,2114.4832,943.432,2119.8794,884.98584,2137.9119,840.326,2158.9814,805.5136,2180.6406,1417.9711,2204.218,1400.0164,2229.7205,1375.8772,2245.8938,1328.913,2251.1218,1262.419,2247.644,1192.6234,2237.0984,1089.3303,2223.2373,999.7887,2215.053,921.2178,2206.486,862.9707,2197.9756,805.5136,2180.6406,765.7385,2183.6538,814.0582,2224.8528,883.4854,2261.8164,978.23865,2304.541,1089.5195,2339.948,1209.1161,2362.9832,1303.0403,2372.0203,1391.116,2363.6023,1452.0527,2323.0298,1470.0814,2263.9553,1452.7866,2206.5493
445,445,7416,765.0634,2183.3992,779.9101,2143.408,821.2634,2102.7568,886.9221,2064.2952,988.71075,2036.7659,1089.1532,2053.2979,1187.1029,2035.2913,1292.9948,2067.8743,1369.9061,2110.1233,1421.8877,2157.0107,1452.2025,2206.2173,1417.3689,2203.8574,1373.1791,2171.1902,1320.1206,2144.1182,1258.3716,2124.7336,1184.7179,2116.2375,1101.3737,2115.6455,1018.2636,2114.1106,942.6393,2119.5012,884.2371,2137.563,839.64874,2158.6755,804.8645,2180.3733,1417.3689,2203.8574,1399.3986,2229.3076,1375.2006,2245.4648,1328.1417,2250.6616,1261.54,2247.1594,1191.6888,2236.6067,1088.3636,2222.7637,998.8528,2214.6216,920.36914,2206.113,862.2103,2197.6465,804.8645,2180.3733,765.0634,2183.3992,813.2115,2224.589,882.4865,2261.5552,977.177,2304.2732,1088.4694,2339.6396,1208.1111,2362.637,1302.1842,2371.6843,1390.4424,2363.2869,1451.514,2322.707,1469.5554,2263.6165,1452.2025,2206.2173
446,446,7433,764.38464,2183.0906,779.1575,2143.0361,820.46497,2102.2998,886.11896,2063.7222,987.9705,2036.1022,1088.402,2052.7107,1186.3276,2034.7036,1292.2784,2067.4202,1369.2246,2109.766,1421.1968,2156.7258,1451.5044,2205.9832,1416.6371,2203.5881,1372.3949,2170.9272,1319.3462,2143.8477,1257.6005,2124.4363,1183.9651,2115.8975,1100.647,2115.2693,1017.57043,2113.725,941.9594,2119.1216,883.5686,2137.2146,839.0334,2158.3447,804.20953,2180.0552,1416.6371,2203.5881,1398.605,2228.8562,1374.3802,2244.877,1327.3014,2249.9668,1260.6912,2246.4143,1190.8832,2235.8494,1087.5432,2222.0225,998.04156,2213.94,919.60944,2205.5305,861.4963,2197.1777,804.20953,2180.0552,764.38464,2183.0906,812.49884,2224.1968,881.7219,2261.0796,976.3873,2303.7588,1087.7113,2339.1123,1207.3761,2362.1025,1301.4454,2371.1707,1389.7471,2362.793,1450.8448,2322.2646,1468.8662,2263.272,1451.5044,2205.9832
447,447,7450,763.52716,2183.033,778.2602,2142.8342,819.56757,2101.8894,885.2855,2063.0234,987.33594,2035.0507,1087.8473,2051.613,1185.8491,2033.59,1291.9633,2066.5742,1368.9642,2109.202,1420.9163,2156.3962,1451.1781,2205.8298,1416.2767,2203.404,1371.9946,2170.6433,1318.935,2143.481,1257.1588,2123.9868,1183.4828,2115.373,1100.1365,2114.7004,1017.0031,2113.2295,941.32245,2118.733,882.8628,2136.933,838.28625,2158.153,803.36206,2179.9714,1416.2767,2203.404,1398.152,2228.6082,1373.8259,2244.5527,1326.6631,2249.5754,1259.9778,2246.004,1190.1083,2235.4731,1086.6852,2221.7104,997.1312,2213.705,918.69507,2205.3696,860.59827,2197.0632,803.36206,2179.9714,763.52716,2183.033,811.63446,2224.1047,880.8534,2260.9302,975.54004,2303.5344,1086.9364,2338.8105,1206.6823,2361.7336,1300.8022,2370.76,1389.1605,2362.3704,1450.3268,2321.9136,1468.4382,2263.0342,1451.1781,2205.8298
448,448,7466,763.01495,2182.752,777.76196,2142.5718,819.061,2101.6465,884.75726,2062.786,986.7804,2034.8103,1087.2899,2051.377,1185.2998,2033.3242,1291.3987,2066.281,1368.405,2108.8958,1420.3778,2156.0762,1450.6553,2205.4941,1415.7274,2203.0442,1371.3998,2170.3574,1318.3463,2143.2393,1256.5638,2123.7642,1182.8899,2115.17,1099.5367,2114.5205,1016.4019,2113.0469,940.7646,2118.5393,882.3415,2136.7178,837.7864,2157.8977,802.85156,2179.6672,1415.7274,2203.0442,1397.4172,2228.157,1372.9888,2244.0728,1325.7485,2249.129,1259.013,2245.6296,1189.0636,2235.162,1085.7963,2221.4446,996.3841,2213.4365,918.0921,2205.0742,860.0931,2196.7454,802.85156,2179.6672,763.01495,2182.752,811.0212,2223.8948,880.1073,2260.7976,974.6455,2303.4478,1085.9198,2338.7036,1205.561,2361.5525,1299.7892,2370.5054,1388.23,2362.0232,1449.476,2321.512,1467.721,2262.6482,1450.6553,2205.4941
449,449,7483,762.6529,2182.5327,777.45,2142.363,818.7647,2101.4338,884.4429,2062.5337,986.43304,2034.4878,1086.891,2051.044,1184.8396,2032.9583,1290.8877,2065.9226,1367.868,2108.5486,1419.8062,2155.7202,1450.0597,2205.1067,1415.1442,2202.6292,1370.7648,2170.0388,1317.7528,2142.9763,1255.9943,2123.5227,1182.369,2114.941,1099.0874,2114.3027,1015.99963,2112.8467,940.4183,2118.3528,882.00934,2136.5354,837.4322,2157.6875,802.4244,2179.4233,1415.1442,2202.6292,1396.5916,2227.5754,1372.0149,2243.389,1324.6873,2248.4382,1257.9115,2245.0188,1187.9404,2234.6536,1084.88,2221.0083,995.6529,2213.04,917.5263,2204.7122,859.6375,2196.429,802.4244,2179.4233,762.6529,2182.5327,810.5717,2223.6743,879.5108,2260.5906,973.85333,2303.2454,1084.9438,2338.4468,1204.3771,2361.1902,1298.6326,2370.0334,1387.0813,2361.425,1448.393,2320.8804,1466.8297,2262.1172,1450.0597,2205.1067
450,450,7500,762.5799,2182.469,777.3587,2142.2817,818.6425,2101.3289,884.2775,2062.3909,986.229,2034.2999,1086.6531,2050.8352,1184.5344,2032.7041,1290.5906,2065.6372,1367.6217,2108.2397,1419.5891,2155.3823,1449.8691,2204.7559,1414.9423,2202.2905,1370.5795,2169.751,1317.5465,2142.744,1255.7572,2123.3486,1182.1385,2114.8127,1098.8822,2114.206,1015.8263,2112.768,940.274,2118.2847,881.8904,2136.4702,837.32764,2157.6172,802.34033,2179.3472,1414.9423,2202.2905,1396.402,2227.268,1371.8204,2243.1157,1324.4829,2248.1858,1257.7129,2244.7668,1187.7885,2234.4104,1084.7291,2220.808,995.5131,2212.883,917.3996,2204.5886,859.5295,2196.3286,802.34033,2179.3472,762.5799,2182.469,810.47845,2223.593,879.3991,2260.4707,973.73254,2303.0706,1084.8171,2338.2253,1204.2357,2360.941,1298.4507,2369.7769,1386.8937,2361.1724,1448.2258,2320.6152,1466.6584,2261.808,1449.8691,2204.7559
451,451,7516,762.45416,2182.2495,777.24774,2141.9658,818.539,2100.879,884.17645,2061.7515,986.1624,2033.4407,1086.5918,2050.0198,1184.4883,2031.952,1290.585,2065.1487,1367.6166,2107.9473,1419.5753,2155.2102,1449.853,2204.6606,1414.9318,2202.1787,1370.5529,2169.613,1317.5171,2142.5942,1255.7103,2123.1658,1182.076,2114.579,1098.8156,2113.914,1015.7593,2112.4731,940.1984,2117.9956,881.78845,2136.1863,837.19354,2157.3403,802.16235,2179.1123,1414.9318,2202.1787,1396.3652,2227.1018,1371.7443,2242.8726,1324.3524,2247.8733,1257.5156,2244.4316,1187.5148,2234.0945,1084.49,2220.5237,995.29205,2212.6257,917.19037,2204.3572,859.34265,2196.1108,802.16235,2179.1123,762.45416,2182.2495,810.3326,2223.396,879.2296,2260.2793,973.535,2302.8726,1084.5925,2337.9922,1203.9878,2360.6418,1298.2596,2369.4453,1386.7367,2360.8105,1448.102,2320.315,1466.5813,2261.6294,1449.853,2204.6606
452,452,7533,762.3179,2181.9834,777.11444,2141.707,818.38776,2100.604,883.99896,2061.4114,985.98865,2032.9816,1086.3984,2049.562,1184.2668,2031.4689,1290.356,2064.7239,1367.365,2107.5461,1419.3059,2154.8052,1449.5944,2204.2222,1414.6821,2201.7349,1370.2732,2169.257,1317.253,2142.3035,1255.455,2122.903,1181.8441,2114.323,1098.6095,2113.6655,1015.56396,2112.2322,940.0258,2117.7686,881.622,2135.9612,837.0342,2157.088,801.9907,2178.8347,1414.6821,2201.7349,1395.9943,2226.5708,1371.2804,2242.2617,1323.857,2247.2366,1257.0106,2243.827,1187.0155,2233.5562,1084.0844,2220.0386,994.9695,2212.1926,916.9451,2203.9785,859.1402,2195.7854,801.9907,2178.8347,762.3179,2181.9834,810.18665,2223.102,879.02545,2259.9485,973.2267,2302.5164,1084.1709,2337.6067,1203.4596,2360.182,1297.6852,2368.9094,1386.1265,2360.1667,1447.5057,2319.6702,1466.1144,2261.0942,1449.5944,2204.2222
453,453,7550,761.98175,2181.9036,776.77606,2141.5435,818.0173,2100.322,883.56067,2060.9841,985.5097,2032.4019,1085.8892,2049.0205,1183.8197,2030.918,1290.0399,2064.29,1367.1356,2107.2334,1419.147,2154.5872,1449.4762,2204.0552,1414.5187,2201.5508,1369.9971,2169.104,1316.9346,2142.149,1255.0525,2122.7131,1181.356,2114.0945,1098.0822,2113.4136,1015.0933,2111.982,939.64136,2117.5554,881.29047,2135.7854,836.7391,2156.9417,801.6319,2178.7253,1414.5187,2201.5508,1395.5721,2226.2002,1370.5588,2241.6892,1322.8553,2246.528,1255.7638,2243.1182,1185.5157,2232.9575,1082.9258,2219.5728,994.0894,2211.8347,916.3172,2203.7078,858.7,2195.588,801.6319,2178.7253,761.98175,2181.9036,809.6872,2223.004,878.27155,2259.826,972.1572,2302.3364,1082.8262,2337.2974,1201.8457,2359.672,1296.2906,2368.2727,1384.9291,2359.4275,1446.6006,2319.0693,1465.6238,2260.755,1449.4762,2204.0552
454,454,7566,761.75385,2181.735,776.4961,2141.3086,817.67096,2099.9893,883.1812,2060.529,985.12646,2031.8466,1085.5048,2048.5508,1183.4651,2030.462,1289.8,2063.9973,1366.9705,2107.0464,1419.0518,2154.4678,1449.438,2203.974,1414.478,2201.461,1369.8845,2169.0144,1316.7578,2142.0579,1254.7911,2122.6072,1181.0253,2113.9553,1097.7032,2113.2373,1014.73596,2111.7776,939.31335,2117.3423,880.9743,2135.5684,836.472,2156.7295,801.3728,2178.5398,1414.478,2201.461,1395.4878,2226.051,1370.4144,2241.4595,1322.6191,2246.2249,1255.4287,2242.783,1185.0918,2232.6294,1082.4891,2219.269,993.66113,2211.5703,915.92615,2203.4792,858.3809,2195.387,801.3728,2178.5398,761.75385,2181.735,809.38086,2222.8445,877.8673,2259.672,971.69183,2302.1987,1082.3727,2337.1594,1201.4326,2359.5073,1295.9447,2368.1099,1384.6982,2359.2456,1446.459,2318.9094,1465.5381,2260.6455,1449.438,2203.974
455,455,7583,761.61774,2181.562,776.39404,2141.1235,817.5849,2099.817,883.10345,2060.3794,985.0212,2031.7145,1085.3752,2048.3943,1183.319,2030.3148,1289.6199,2063.809,1366.791,2106.826,1418.9008,2154.231,1449.3264,2203.7417,1414.3835,2201.2473,1369.7708,2168.775,1316.6145,2141.828,1254.6216,2122.3909,1180.852,2113.7478,1097.5314,2113.04,1014.5575,2111.5696,939.1394,2117.1377,880.7849,2135.3533,836.26044,2156.5237,801.18896,2178.3765,1414.3835,2201.2473,1395.3442,2225.9434,1370.2178,2241.3953,1322.3611,2246.1963,1255.128,2242.78,1184.7247,2232.6416,1082.1504,2219.2917,993.3515,2211.5898,915.64996,2203.48,858.1643,2195.345,801.18896,2178.3765,761.61774,2181.562,809.1761,2222.769,877.5689,2259.6494,971.3093,2302.1973,1081.9453,2337.1533,1201.0084,2359.4731,1295.5588,2368.0415,1384.3435,2359.1226,1446.1526,2318.7449,1465.3179,2260.4624,1449.3264,2203.7417
456,456,7600,761.5928,2181.51,776.3408,2141.031,817.49927,2099.6848,883.0072,2060.2397,984.9201,2031.6124,1085.2925,2048.3047,1183.2708,2030.2428,1289.5992,2063.7322,1366.7805,2106.7627,1418.8942,2154.195,1449.3185,2203.7275,1414.3746,2201.2288,1369.7507,2168.7405,1316.5741,2141.7776,1254.5671,2122.3152,1180.7682,2113.6414,1097.4128,2112.9124,1014.4304,2111.4185,939.0247,2116.9844,880.6915,2135.2178,836.1919,2156.4211,801.15265,2178.319,1414.3746,2201.2288,1395.2935,2225.9407,1370.1178,2241.4004,1322.1969,2246.212,1254.8992,2242.804,1184.4036,2232.6692,1081.8677,2219.3206,993.12994,2211.6155,915.50195,2203.497,858.0886,2195.34,801.15265,2178.319,761.5928,2181.51,809.09485,2222.7612,877.3947,2259.6606,971.0419,2302.2139,1081.6161,2337.165,1200.6624,2359.47,1295.2905,2368.025,1384.1499,2359.0989,1446.032,2318.7253,1465.2594,2260.4507,1449.3185,2203.7275
457,457,7616,761.59424,2181.433,776.337,2140.974,817.48224,2099.6453,882.98535,2060.224,984.9013,2031.6174,1085.2822,2048.3103,1183.281,2030.2476,1289.6157,2063.7344,1366.7915,2106.7646,1418.8993,2154.1968,1449.3208,2203.73,1414.3778,2201.2317,1369.7549,2168.7437,1316.5809,2141.782,1254.5769,2122.323,1180.7775,2113.649,1097.4075,2112.918,1014.4198,2111.424,939.01117,2116.984,880.6841,2135.2014,836.1894,2156.3826,801.15393,2178.2485,1414.3778,2201.2317,1395.297,2225.9473,1370.1246,2241.4084,1322.2041,2246.2231,1254.9154,2242.8208,1184.4277,2232.6914,1081.887,2219.3447,993.14075,2211.6282,915.50684,2203.4866,858.09106,2195.3035,801.15393,2178.2485,761.59424,2181.433,809.09814,2222.7195,877.4018,2259.6501,971.0566,2302.2273,1081.6394,2337.1729,1200.6775,2359.506,1295.3126,2368.081,1384.1954,2359.1467,1446.0752,2318.7505,1465.2762,2260.457,1449.3208,2203.73
458,458,7633,761.62933,2181.4514,776.34204,2140.9788,817.4875,2099.6418,882.9919,2060.199,984.91504,2031.576,1085.3002,2048.2795,1183.2999,2030.2324,1289.6366,2063.737,1366.8401,2106.782,1418.9878,2154.2495,1449.4489,2203.8225,1414.4781,2201.3096,1369.781,2168.8186,1316.5886,2141.838,1254.5862,2122.3484,1180.7894,2113.6528,1097.4207,2112.9216,1014.43225,2111.428,939.0178,2116.9893,880.698,2135.207,836.2208,2156.387,801.19,2178.26,1414.4781,2201.3096,1395.3247,2225.9717,1370.1313,2241.4187,1322.2178,2246.2405,1254.9335,2242.8416,1184.4476,2232.714,1081.9031,2219.368,993.15137,2211.648,915.51556,2203.501,858.1162,2195.3127,801.19,2178.26,761.62933,2181.4514,809.1042,2222.7314,877.40564,2259.6624,971.05457,2302.239,1081.6436,2337.1824,1200.6968,2359.519,1295.3331,2368.0925,1384.211,2359.156,1446.0857,2318.7566,1465.3274,2260.497,1449.4489,2203.8225
459,459,7650,761.6589,2181.4568,776.37885,2140.976,817.5348,2099.6206,883.05743,2060.147,985.02814,2031.4735,1085.4564,2048.1687,1183.5264,2030.1338,1289.9608,2063.6833,1367.1865,2106.762,1419.3383,2154.247,1449.7703,2203.826,1414.7548,2201.3132,1369.9535,2168.8235,1316.7466,2141.8474,1254.7346,2122.3545,1180.917,2113.6567,1097.5295,2112.9258,1014.5393,2111.4329,939.123,2116.9937,880.7919,2135.2112,836.2973,2156.392,801.2252,2178.2659,1414.7548,2201.3132,1395.4711,2225.9602,1370.2169,2241.387,1322.2705,2246.2026,1254.9618,2242.8174,1184.4655,2232.7034,1081.926,2219.3716,993.1969,2211.6533,915.5769,2203.5056,858.1808,2195.3162,801.2252,2178.2659,761.6589,2181.4568,809.11725,2222.74,877.4113,2259.6685,971.0654,2302.2668,1081.6617,2337.2117,1200.7261,2359.5266,1295.3501,2368.1028,1384.269,2359.1433,1446.1813,2318.7239,1465.4943,2260.4858,1449.7703,2203.826
460,460,7666,761.6608,2181.3843,776.38165,2140.8928,817.5403,2099.5188,883.06525,2060.0298,985.04395,2031.359,1085.5009,2048.076,1183.6183,2030.0519,1290.1001,2063.622,1367.3364,2106.7249,1419.4906,2154.2275,1449.9193,2203.8137,1414.8611,2201.3018,1369.9973,2168.8254,1316.7859,2141.8516,1254.7726,2122.358,1180.948,2113.6572,1097.5472,2112.9219,1014.5472,2111.4229,939.13116,2116.9785,880.80145,2135.1914,836.30707,2156.3584,801.2274,2178.1992,1414.8611,2201.3018,1395.4943,2225.9084,1370.2228,2241.308,1322.2832,2246.123,1254.9806,2242.7593,1184.4808,2232.662,1081.9403,2219.3342,993.2061,2211.599,915.58624,2203.4348,858.1948,2195.2358,801.2274,2178.1992,761.6608,2181.3843,809.1123,2222.7166,877.38306,2259.6792,971.0133,2302.2983,1081.6199,2337.2751,1200.7244,2359.5696,1295.3715,2368.122,1384.2806,2359.1494,1446.2128,2318.71,1465.5565,2260.464,1449.9193,2203.8137
461,461,7683,761.7916,2181.39,776.4488,2140.9194,817.5652,2099.5596,883.0716,2060.074,985.0593,2031.3857,1085.5165,2048.098,1183.6287,2030.0621,1290.1107,2063.6304,1367.3386,2106.7273,1419.4835,2154.2283,1449.8976,2203.806,1414.8237,2201.2974,1369.9492,2168.8428,1316.7462,2141.9133,1254.758,2122.4563,1180.951,2113.7812,1097.5605,2113.068,1014.55414,2111.5781,939.16766,2117.1304,880.9004,2135.3152,836.4712,2156.425,801.40955,2178.206,1414.8237,2201.2974,1395.4498,2225.8943,1370.207,2241.303,1322.294,2246.132,1254.993,2242.7712,1184.5161,2232.6719,1082.0061,2219.3477,993.3218,2211.611,915.77246,2203.44,858.41425,2195.2395,801.40955,2178.206,761.7916,2181.39,809.2362,2222.7207,877.46326,2259.7024,971.05035,2302.4004,1081.6466,2337.5059,1200.7664,2359.847,1295.4188,2368.347,1384.3137,2359.253,1446.2186,2318.725,1465.5548,2260.4634,1449.8976,2203.806
462,462,7700,761.86755,2181.3877,776.4897,2140.9224,817.5807,2099.562,883.077,2060.0762,985.0688,2031.3833,1085.5311,2048.0989,1183.6438,2030.0576,1290.123,2063.6294,1367.3365,2106.728,1419.4424,2154.2295,1449.7847,2203.8044,1414.6929,2201.2966,1369.8124,2168.876,1316.6672,2142.0083,1254.7327,2122.5923,1180.9514,2113.9458,1097.5729,2113.246,1014.5629,2111.7397,939.2058,2117.2588,880.9817,2135.3977,836.59827,2156.45,801.51556,2178.2053,1414.6929,2201.2966,1395.2744,2225.8503,1370.0828,2241.2437,1322.243,2246.0942,1254.9918,2242.7603,1184.535,2232.671,1082.0168,2219.3347,993.36285,2211.5713,915.8761,2203.3813,858.5567,2195.1943,801.51556,2178.2053,761.86755,2181.3877,809.2885,2222.723,877.477,2259.71,971.0585,2302.4817,1081.6549,2337.7136,1200.7842,2360.0774,1295.4391,2368.5293,1384.324,2359.3125,1446.1868,2318.729,1465.4563,2260.4583,1449.7847,2203.8044
463,463,7716,762.04865,2181.3755,776.61176,2140.922,817.6311,2099.5637,883.0858,2060.0786,985.08057,2031.386,1085.5343,2048.1077,1183.6321,2030.0631,1290.1089,2063.6365,1367.3237,2106.7307,1419.4343,2154.2292,1449.7808,2203.778,1414.6803,2201.2715,1369.7588,2168.895,1316.615,2142.0933,1254.6897,2122.72,1180.9248,2114.091,1097.5654,2113.401,1014.5737,2111.8557,939.2378,2117.3406,881.09564,2135.4453,836.80615,2156.4578,801.7121,2178.1926,1414.6803,2201.2715,1395.1042,2225.7065,1369.7861,2241.0247,1321.9028,2245.8828,1254.6788,2242.6091,1184.2437,2232.5754,1081.9371,2219.247,993.3712,2211.4675,915.93915,2203.2698,858.7346,2195.1055,801.7121,2178.1926,762.04865,2181.3755,809.3693,2222.715,877.48206,2259.7192,970.98193,2302.4941,1081.4182,2337.7473,1200.4131,2360.092,1295.1445,2368.5388,1384.0436,2359.294,1445.9369,2318.66,1465.3263,2260.3965,1449.7808,2203.778
464,464,7733,762.43335,2181.3564,776.9284,2140.916,817.8676,2099.5642,883.25903,2060.081,985.19434,2031.3883,1085.6155,2048.1172,1183.683,2030.0709,1290.1454,2063.6409,1367.3589,2106.7314,1419.4691,2154.2246,1449.8082,2203.7532,1414.6975,2201.2495,1369.7637,2168.9001,1316.6221,2142.1309,1254.7034,2122.7883,1180.9529,2114.1755,1097.6165,2113.4917,1014.6776,2111.9233,939.4427,2117.386,881.4086,2135.4675,837.2086,2156.4626,802.1186,2178.1772,1414.6975,2201.2495,1395.0958,2225.6565,1369.7562,2240.9756,1321.871,2245.8596,1254.6617,2242.6086,1184.2339,2232.5833,1081.9489,2219.2537,993.4368,2211.465,916.1553,2203.2512,859.08704,2195.075,802.1186,2178.1772,762.43335,2181.3564,809.57965,2222.7148,877.5354,2259.7288,970.98645,2302.5754,1081.3909,2337.8953,1200.3599,2360.2227,1295.1298,2368.6133,1384.0354,2359.3015,1445.929,2318.6543,1465.3268,2260.3728,1449.8082,2203.7532
465,465,7750,763.0827,2181.318,777.36255,2140.8665,818.08655,2099.493,883.3535,2059.9822,985.225,2031.2803,1085.6293,2048.05,1183.6989,2030.0161,1290.1926,2063.6108,1367.427,2106.711,1419.5597,2154.2075,1449.8937,2203.7175,1414.7299,2201.2078,1369.7662,2168.9038,1316.6252,2142.159,1254.7086,2122.8223,1180.9602,2114.202,1097.6252,2113.5122,1014.72577,2111.9297,939.6541,2117.391,881.8608,2135.4734,837.9375,2156.4646,802.8636,2178.1392,1414.7299,2201.2078,1395.0259,2225.435,1369.5209,2240.641,1321.5215,2245.5398,1254.2687,2242.3977,1183.7615,2232.463,1081.8136,2219.164,993.4467,2211.3633,916.3487,2203.123,859.60004,2194.9414,802.8636,2178.1392,763.0827,2181.318,809.7723,2222.708,877.5383,2259.754,970.7584,2302.7373,1080.8666,2338.108,1199.6442,2360.352,1294.7129,2368.6506,1383.7803,2359.297,1445.7998,2318.574,1465.3158,2260.2915,1449.8937,2203.7175
466,466,7766,763.2114,2181.209,777.5587,2140.7527,818.32776,2099.3633,883.6231,2059.81,985.5236,2031.0032,1085.8837,2047.7351,1183.9225,2029.6825,1290.3287,2063.266,1367.4706,2106.4006,1419.5637,2153.9424,1449.8307,2203.43,1414.6525,2200.9102,1369.6873,2168.7866,1316.6061,2142.0981,1254.7131,2122.771,1180.9888,2114.16,1097.7059,2113.4841,1014.8527,2111.9065,939.87714,2117.3782,882.1184,2135.4617,838.1544,2156.4316,802.9856,2178.0342,1414.6525,2200.9102,1394.5737,2224.951,1368.7745,2240.0737,1320.6781,2245.052,1253.4589,2242.0908,1182.8112,2232.2988,1081.4098,2219.0784,993.3783,2211.2832,916.3532,2203.0188,859.6883,2194.8088,802.9856,2178.0342,763.2114,2181.209,809.77826,2222.6824,877.4443,2259.7622,970.288,2302.8027,1079.8838,2338.1365,1198.1766,2360.3582,1293.5033,2368.5518,1382.5846,2358.9238,1444.7296,2318.024,1464.7349,2259.8508,1449.8307,2203.43
467,467,7783,763.30225,2180.6904,777.75244,2140.307,818.5781,2098.971,883.87946,2059.4211,985.7163,2030.5211,1085.9849,2047.275,1183.983,2029.2527,1290.3466,2062.877,1367.4779,2106.0188,1419.562,2153.5315,1449.7831,2202.8877,1414.5791,2200.354,1369.5579,2168.588,1316.5365,2142.0205,1254.6909,2122.7212,1180.9939,2114.114,1097.7126,2113.4373,1014.9061,2111.8396,940.0444,2117.2927,882.3331,2135.3267,838.32715,2156.1711,803.0553,2177.5212,1414.5791,2200.354,1394.0002,2224.0193,1367.758,2238.9465,1319.4436,2243.9756,1252.186,2241.2637,1181.33,2231.7305,1080.7085,2218.665,993.1926,2210.861,916.3577,2202.517,859.73627,2194.2234,803.0553,2177.5212,763.30225,2180.6904,809.7814,2222.3943,877.23773,2259.7043,969.5328,2302.815,1078.4983,2338.1326,1196.169,2360.2039,1291.8143,2368.0996,1380.9519,2357.97,1443.3118,2316.8875,1463.9978,2258.9954,1449.7831,2202.8877
468,468,7800,763.3983,2179.8894,777.9466,2139.4504,818.8068,2098.037,884.10126,2058.3652,985.8812,2029.2863,1086.0748,2046.2041,1184.0498,2028.1547,1290.375,2061.9036,1367.4836,2105.178,1419.5581,2152.7725,1449.7344,2202.0828,1414.5079,2199.4966,1369.3969,2168.1511,1316.455,2141.7412,1254.6602,2122.4685,1180.996,2113.8435,1097.7202,2113.1409,1014.95386,2111.4897,940.20496,2116.906,882.5426,2134.8806,838.5243,2155.586,803.123,2176.6965,1414.5079,2199.4966,1393.3575,2222.541,1366.6354,2237.0784,1318.0728,2242.1094,1250.7136,2239.7637,1179.5563,2230.627,1079.7439,2217.7822,992.8575,2209.9631,916.3433,2201.55,859.769,2193.2253,803.123,2176.6965,763.3983,2179.8894,809.776,2221.8657,876.9071,2259.5225,968.5187,2302.7979,1076.8624,2338.0977,1194.0417,2359.9504,1290.1367,2367.4536,1379.4109,2356.6294,1441.9424,2315.2554,1463.2246,2257.7234,1449.7344,2202.0828
469,469,7816,763.598,2179.0942,778.28723,2138.651,819.2217,2097.2068,884.54785,2057.4253,986.3226,2028.0911,1086.4193,2044.9851,1184.3516,2026.8826,1290.611,2060.6409,1367.6373,2103.9407,1419.6228,2151.52,1449.7378,2200.685,1414.5077,2198.1074,1369.3793,2167.3398,1316.456,2141.2148,1254.6805,2122.051,1181.0669,2113.4739,1097.8549,2112.7932,1015.17267,2111.1543,940.58105,2116.5818,882.9661,2134.5146,838.8926,2155.0718,803.29266,2175.9033,1414.5077,2198.1074,1393.0519,2220.6963,1366.0005,2235.0566,1317.2976,2240.2485,1249.8951,2238.2861,1178.5575,2229.5217,1079.234,2216.916,992.7383,2209.1106,916.35114,2200.6384,859.9057,2192.2747,803.29266,2175.9033,763.598,2179.0942,809.78937,2221.2507,876.78955,2259.1753,967.9807,2302.6213,1075.8783,2337.8467,1192.6854,2359.3298,1288.9784,2366.2986,1378.3029,2354.7468,1440.9973,2313.1187,1462.7976,2255.9133,1449.7378,2200.685
470,470,7833,763.97144,2178.7275,778.74963,2138.0125,819.7521,2096.2468,885.1161,2056.1104,986.95807,2026.4246,1087.0052,2043.3644,1184.962,2025.1545,1291.1836,2058.961,1368.0823,2102.4011,1419.9034,2150.118,1449.8083,2199.2734,1414.5289,2196.6035,1369.3821,2166.2063,1316.5052,2140.183,1254.812,2120.934,1181.2645,2112.3206,1098.1008,2111.7104,1015.4989,2110.1,941.09924,2115.7087,883.58673,2133.8625,839.5175,2154.551,803.659,2175.4377,1414.5289,2196.6035,1392.7072,2218.5122,1365.1495,2232.506,1316.1517,2237.7368,1248.5532,2236.1487,1176.7731,2227.9,1078.2496,2215.702,992.4477,2208.0854,916.356,2199.7114,860.1221,2191.4631,803.659,2175.4377,763.97144,2178.7275,809.79474,2220.9443,876.46674,2259.0242,966.8756,2302.543,1074.05,2337.5938,1190.307,2358.5322,1287.1404,2364.8562,1376.7179,2352.5596,1439.8081,2310.7478,1462.372,2253.9807,1449.8083,2199.2734
471,471,7850,765.0739,2178.398,780.10974,2137.4495,821.1528,2095.4487,886.4031,2054.972,988.0908,2024.8011,1087.9397,2041.706,1185.8439,2023.3767,1291.9727,2057.1824,1368.6794,2100.6638,1420.3164,2148.334,1449.967,2197.2585,1414.6296,2194.5503,1369.4064,2164.8096,1316.6003,2139.0972,1255.0195,2119.8997,1181.5656,2111.335,1098.5287,2110.8223,1016.185,2109.2769,942.2417,2115.0554,884.97565,2133.3745,840.8922,2154.133,804.6317,2175.0432,1414.6296,2194.5503,1392.2416,2215.796,1363.7981,2229.424,1314.2245,2234.8374,1246.3213,2233.8525,1173.8936,2226.3152,1076.9146,2214.7388,992.1826,2207.3901,916.4327,2199.1045,860.7518,2190.8774,804.6317,2175.0432,765.0739,2178.398,809.9634,2220.7886,876.2742,2259.012,965.6821,2302.5505,1071.5969,2337.462,1186.5216,2357.6506,1283.9974,2362.9749,1373.7767,2349.4944,1437.5273,2307.3777,1461.5637,2251.283,1449.967,2197.2585
472,472,7866,766.4184,2178.271,781.9976,2137.2542,823.08594,2095.189,888.04614,2054.5369,989.2774,2023.9058,1088.7059,2040.6241,1186.4404,2021.9937,1292.2676,2055.4348,1368.7401,2098.5825,1420.3118,2145.812,1449.7323,2193.9038,1414.4089,2191.2312,1369.1011,2162.9043,1316.5477,2137.897,1255.0311,2118.9746,1181.6631,2110.6606,1098.742,2110.3965,1016.6928,2108.9648,943.37866,2114.8772,886.50916,2133.2708,842.4554,2154.0193,805.67377,2174.8616,1414.4089,2191.2312,1389.4602,2211.3232,1358.9637,2224.288,1308.3827,2230.055,1240.1074,2230.243,1166.551,2223.9883,1073.0585,2213.5225,990.97156,2206.6592,916.43713,2198.58,861.32574,2190.4417,805.67377,2174.8616,766.4184,2178.271,810.1255,2220.7712,875.7318,2259.044,962.9408,2302.5876,1065.8826,2337.2466,1177.4894,2355.9426,1275.5419,2359.3433,1365.0974,2343.721,1429.704,2301.2163,1457.0948,2246.5608,1449.7323,2193.9038
473,473,7883,767.52466,2177.7466,784.2568,2136.791,825.927,2094.7761,890.82245,2053.952,991.5623,2022.5752,1090.1892,2038.8425,1187.3962,2019.7307,1292.465,2052.3054,1368.7094,2094.507,1419.7933,2140.5198,1448.0986,2186.6536,1412.9266,2184.2996,1367.5599,2158.7573,1315.9292,2135.2712,1254.9645,2117.1064,1181.7065,2109.4282,1099.0507,2109.6907,1017.41064,2108.495,944.91223,2114.643,888.3541,2133.119,843.9411,2153.766,806.34064,2174.3042,1412.9266,2184.2996,1382.8103,2203.3787,1349.366,2215.8347,1297.5581,2222.5627,1229.1573,2224.7883,1154.4312,2220.5303,1065.6995,2211.7766,987.80975,2205.6204,916.1279,2197.7605,861.5853,2189.6233,806.34064,2174.3042,767.52466,2177.7466,810.1302,2220.6907,873.8701,2259.1099,957.20557,2302.673,1055.6208,2336.86,1162.6877,2353.131,1261.2065,2353.5217,1350.05,2334.5645,1415.6124,2290.9465,1447.6975,2237.6953,1448.0986,2186.6536
474,474,7900,768.73663,2177.2502,786.69934,2136.3677,828.75134,2094.3555,893.3752,2053.211,993.6382,2020.634,1091.4656,2036.3704,1188.1813,2016.4835,1292.5765,2047.982,1368.4482,2089.0305,1418.3021,2133.4675,1444.6516,2177.0945,1409.8372,2175.172,1364.2903,2153.592,1314.3041,2132.4458,1254.5317,2115.5342,1181.7031,2108.7068,1099.2051,2109.4534,1018.0559,2108.426,946.55206,2114.6445,890.3588,2133.1208,845.6006,2153.6758,806.91754,2173.8015,1409.8372,2175.172,1372.9109,2192.4976,1335.8763,2203.9597,1282.4827,2211.7778,1213.7489,2216.8914,1137.5256,2215.664,1054.2009,2209.3215,981.5826,2204.2234,914.7002,2196.7605,861.6333,2188.6785,806.91754,2173.8015,768.73663,2177.2502,810.04126,2220.6658,870.011,2259.4573,947.98236,2303.162,1041.2324,2336.6387,1143.6776,2349.9414,1242.9515,2346.261,1330.9517,2322.6628,1397.3688,2277.3718,1434.5089,2225.8687,1444.6516,2177.0945
475,475,7916,769.2385,2175.083,788.5598,2135.5015,830.79376,2094.0732,894.7819,2052.992,994.2271,2019.8458,1091.571,2035.5679,1188.1813,2015.19,1292.251,2046.065,1366.6488,2085.3962,1415.0082,2126.5579,1440.7994,2164.9773,1406.5432,2163.8865,1359.4407,2148.9148,1311.0004,2131.3142,1252.6327,2115.5476,1180.955,2108.9028,1099.0645,2110.1482,1018.1823,2109.3872,947.6032,2115.5527,891.7637,2133.4263,846.9036,2153.552,806.97723,2171.8977,1406.5432,2163.8865,1362.3921,2176.7578,1321.7058,2185.653,1266.5665,2193.8042,1197.2849,2202.1497,1119.6825,2204.8765,1040.9746,2201.546,972.99756,2198.1094,911.4905,2191.7205,861.47424,2184.5,806.97723,2171.8977,769.2385,2175.083,809.5882,2218.978,864.9948,2258.845,937.8721,2302.6975,1026.8473,2333.7056,1125.2448,2341.9807,1224.8483,2333.0571,1311.8776,2304.0276,1378.9584,2257.5469,1420.829,2209.3335,1440.7994,2164.9773
476,476,7933,769.56744,2170.8108,790.8961,2133.753,833.6471,2093.7817,896.9039,2053.005,994.9545,2019.8774,1091.6417,2035.6497,1188.0803,2015.0009,1290.799,2044.9928,1362.782,2081.7036,1409.9415,2118.1052,1436.5302,2150.6272,1403.3221,2150.7563,1355.0029,2141.9712,1307.6266,2129.0234,1250.3177,2115.436,1179.8884,2109.1772,1098.8354,2111.125,1018.33014,2110.6821,948.67236,2116.565,892.9103,2133.5698,847.80914,2152.9075,806.97076,2168.3545,1403.3221,2150.7563,1354.6573,2161.2466,1311.9287,2169.1687,1255.6798,2177.8286,1186.3037,2188.0786,1108.4817,2193.1633,1031.8755,2192.0173,965.9874,2190.1052,907.7283,2184.8838,860.8429,2178.6016,806.97076,2168.3545,769.56744,2170.8108,809.2705,2214.4868,861.87604,2254.9048,932.3707,2298.0854,1018.7549,2324.6584,1114.0374,2328.2817,1211.7656,2315.9785,1297.0557,2284.4055,1364.4355,2237.9304,1409.3793,2192.0999,1436.5302,2150.6272
477,477,7950,769.63794,2165.3452,792.5691,2131.8252,835.7848,2093.6558,898.62146,2053.0654,995.6988,2019.98,1091.6674,2035.6771,1187.777,2015.2192,1288.8483,2045.0125,1358.415,2080.1921,1404.4648,2113.0684,1432.2703,2140.8071,1400.3253,2141.7122,1349.6628,2138.9763,1303.575,2129.2173,1247.1345,2118.0034,1178.2594,2115.9497,1098.4863,2119.6602,1018.54236,2119.1755,949.85785,2122.8113,893.87476,2135.69,848.8055,2152.6575,806.75665,2163.732,1400.3253,2141.7122,1348.5029,2146.437,1304.3481,2150.3103,1247.4722,2155.8835,1178.4171,2165.2346,1101.6362,2171.1965,1026.4722,2171.0464,961.27716,2171.6497,904.4395,2170.2717,859.7481,2168.0027,806.75665,2163.732,769.63794,2165.3452,808.62964,2206.488,858.64386,2245.868,927.75665,2288.2402,1013.01794,2312.099,1106.715,2313.9678,1203.2495,2300.767,1287.7657,2268.1597,1355.2664,2222.0137,1401.2766,2178.7544,1432.2703,2140.8071
478,478,7966,770.051,2160.239,794.9071,2129.9402,838.1582,2093.5942,900.30884,2053.3408,996.25366,2020.1276,1091.6611,2036.28,1186.907,2015.3844,1285.669,2045.1782,1352.9097,2078.9807,1397.9519,2108.8232,1427.2158,2132.9746,1396.9835,2134.549,1344.7769,2135.9,1299.804,2129.3606,1243.803,2121.011,1176.2312,2122.805,1097.9331,2127.835,1018.6517,2127.03,950.68585,2128.4956,894.48083,2137.6064,849.64075,2152.209,806.6233,2159.2864,1396.9835,2134.549,1343.7177,2136.4622,1298.8241,2137.9272,1241.772,2141.4377,1173.0691,2150.0454,1097.5074,2156.4053,1023.4163,2156.2341,958.5081,2158.0808,902.1936,2159.2146,858.85046,2159.7432,806.6233,2159.2864,770.051,2160.239,808.5949,2198.5408,857.63605,2235.9531,926.11536,2277.334,1010.49207,2299.8958,1102.7515,2301.2754,1197.485,2287.7888,1280.442,2254.6282,1347.0519,2209.112,1393.4316,2168.2097,1427.2158,2132.9746
479,479,7983,770.3101,2154.8442,796.80975,2127.8027,840.2498,2093.569,901.9782,2054.289,996.6295,2021.5194,1091.6127,2038.1841,1185.8689,2016.0508,1282.4069,2045.471,1348.6736,2077.804,1394.0156,2104.71,1425.0756,2125.9224,1395.6713,2128.2073,1342.7056,2132.0588,1297.9646,2128.958,1241.8105,2122.2407,1174.7646,2125.989,1097.3619,2131.643,1018.67566,2130.6382,951.0796,2131.1062,894.69147,2138.2866,850.0038,2150.9976,806.3285,2154.442,1395.6713,2128.2073,1342.22,2129.9067,1297.0247,2131.106,1239.7671,2134.3022,1171.038,2142.7168,1095.7074,2148.99,1021.55066,2148.5022,956.5011,2150.4138,900.2308,2152.1091,857.77435,2153.47,806.3285,2154.442,770.3101,2154.8442,808.5742,2191.102,857.13995,2226.8896,925.54596,2266.8406,1009.6243,2288.343,1101.4559,2289.75,1195.4005,2276.427,1277.73,2243.901,1344.0878,2199.6328,1390.6411,2159.9578,1425.0756,2125.9224
480,480,8000,770.8241,2149.4316,799.2609,2125.4282,843.04224,2093.548,904.35205,2055.5632,997.4825,2023.6293,1091.6447,2040.7366,1185.4241,2017.5691,1280.0823,2045.6624,1345.3997,2077.1257,1390.7373,2101.5051,1423.0973,2120.2825,1394.629,2123.248,1341.5619,2128.6555,1297.0287,2128.4053,1240.8064,2123.3225,1174.1161,2128.6135,1097.2302,2134.6528,1018.85803,2133.4956,951.72614,2133.0664,895.0525,2138.6638,850.43994,2149.2888,806.1878,2149.723,1394.629,2123.248,1341.7501,2125.9707,1296.769,2127.882,1239.6174,2131.5474,1170.972,2139.9968,1095.8391,2146.098,1021.2542,2145.1987,955.85864,2146.6948,899.2339,2148.0151,857.0873,2149.079,806.1878,2149.723,770.8241,2149.4316,808.70276,2184.6294,857.4959,2219.1357,926.4477,2258.137,1010.4082,2279.5974,1101.6653,2281.6936,1194.6357,2268.9214,1276.2256,2237.057,1342.0819,2193.3738,1388.3953,2154.1858,1423.0973,2120.2825
481,481,8016,771.64636,2146.2874,801.77826,2123.9756,846.2181,2093.551,907.60345,2057.002,999.0391,2025.8436,1091.8411,2042.7834,1185.1267,2019.1475,1278.1113,2045.7657,1343.0703,2076.6829,1388.687,2099.8289,1421.9442,2117.7847,1393.835,2120.856,1340.6635,2126.6497,1296.3217,2127.8328,1240.1621,2123.854,1173.8368,2129.6885,1097.2329,2135.7844,1019.3127,2134.6672,952.8061,2134.1067,895.91156,2138.9026,851.3286,2147.939,806.1831,2146.6743,1393.835,2120.856,1341.1125,2124.2668,1296.2158,2126.4814,1239.4655,2130.2593,1171.288,2138.5215,1096.6079,2144.4543,1021.77655,2143.36,956.18445,2144.6482,899.213,2145.6501,856.99664,2146.4788,806.1831,2146.6743,771.64636,2146.2874,809.07837,2180.9463,857.8967,2214.9607,927.3566,2253.169,1011.2891,2274.6052,1102.5454,2277.1794,1195.0326,2264.8464,1276.1655,2233.8586,1341.5051,2191.1077,1387.5369,2151.908,1421.9442,2117.7847
482,482,8033,771.9211,2144.1714,803.1209,2122.7405,848.44653,2093.5527,910.55597,2058.1606,1001.3767,2027.6101,1092.8676,2044.4298,1185.176,2020.6028,1277.9277,2045.8,1343.0748,2076.5369,1388.9967,2099.2751,1422.3959,2117.327,1394.0944,2120.3445,1340.9606,2125.874,1296.5284,2127.5688,1240.3055,2124.5112,1173.9156,2130.6877,1097.4587,2136.762,1020.2087,2135.6113,954.02716,2134.977,896.682,2139.1333,851.89825,2146.8242,806.1019,2144.6086,1394.0944,2120.3445,1342.0361,2124.2598,1297.6113,2126.6653,1241.2579,2130.444,1173.2329,2138.4092,1098.4873,2144.094,1022.8511,2142.821,956.64655,2143.8455,899.21277,2144.5044,856.8616,2144.9822,806.1019,2144.6086,771.9211,2144.1714,809.1369,2179.1523,858.1197,2213.6838,927.81085,2252.184,1012.2084,2274.2559,1104.4825,2277.4133,1197.5746,2265.6116,1279.2589,2235.059,1344.6244,2192.2358,1389.7533,2152.256,1422.3959,2117.327
483,483,8050,773.32526,2142.2388,805.77783,2121.531,851.4635,2093.5496,913.67645,2059.1975,1003.6419,2029.3522,1093.9585,2046.269,1185.2382,2022.3157,1277.6461,2046.1958,1342.6487,2076.7615,1388.4916,2099.432,1422.0651,2117.6108,1393.9406,2120.531,1340.9585,2125.5332,1296.6823,2127.4336,1240.4512,2125.192,1173.9734,2131.6628,1097.8706,2137.7075,1021.4783,2136.4114,955.6909,2135.5408,898.0213,2139.2197,853.205,2145.5928,806.2881,2142.8179,1393.9406,2120.531,1342.2612,2124.7402,1298.1544,2127.1606,1242.1234,2130.8113,1174.3551,2138.5996,1099.8799,2144.1357,1024.0535,2142.5813,957.46155,2143.2947,899.5155,2143.6475,856.8932,2143.8516,806.2881,2142.8179,773.32526,2142.2388,810.0582,2177.2603,858.28534,2211.9102,928.80066,2250.726,1013.5369,2273.3943,1106.024,2276.909,1198.872,2265.4307,1280.3143,2234.991,1345.1813,2192.2927,1389.8306,2152.5518,1422.0651,2117.6108
484,484,8066,774.4391,2141.1526,807.49457,2120.577,853.1422,2093.5142,915.24274,2059.7341,1004.8926,2030.3174,1094.6608,2047.4723,1185.274,2023.3384,1277.4435,2046.4128,1342.2842,2076.8752,1388.0143,2099.49,1421.6798,2117.835,1393.7888,2120.6355,1341.0042,2125.1567,1296.8324,2127.1802,1240.5729,2125.434,1174.0267,2131.9,1098.1409,2137.8687,1022.3443,2136.4878,956.7216,2135.573,898.87134,2139.2139,854.0784,2144.4998,806.46625,2141.7654,1393.7888,2120.6355,1342.4524,2124.6204,1298.4817,2126.8328,1242.5244,2130.3643,1174.8226,2138.2043,1100.4335,2143.7402,1024.6815,2142.008,957.9844,2142.5642,899.74036,2142.8486,856.9059,2143.0679,806.46625,2141.7654,774.4391,2141.1526,810.94,2175.997,858.32935,2210.325,929.5691,2249.0957,1014.34125,2271.9937,1106.4966,2275.626,1198.9083,2264.279,1279.9708,2233.7632,1344.5454,2191.2622,1389.2432,2152.2422,1421.6798,2117.835
485,485,8083,774.6572,2140.5146,807.63495,2119.7698,853.2662,2093.3923,915.5619,2059.905,1005.54675,2030.6007,1095.1549,2047.8557,1185.3065,2023.6819,1277.4379,2046.5428,1342.476,2076.6848,1388.3092,2099.2478,1421.9188,2117.7683,1393.951,2120.584,1341.2861,2124.8428,1297.0309,2126.9233,1240.6967,2125.596,1174.0785,2131.99,1098.3534,2137.8484,1022.9037,2136.4573,957.23175,2135.5608,899.1822,2139.2102,854.2996,2143.706,806.4631,2141.1348,1393.951,2120.584,1342.9642,2124.4211,1299.0044,2126.481,1242.9493,2129.842,1175.2192,2137.5972,1100.8761,2143.0935,1025.086,2141.399,958.2932,2142.0276,899.8449,2142.392,856.8828,2142.6213,806.4631,2141.1348,774.6572,2140.5146,811.1088,2175.425,858.58765,2209.8313,929.9151,2248.6956,1014.66504,2271.6184,1106.9202,2275.2705,1199.4196,2263.9717,1280.5249,2233.5347,1345.1315,2190.9922,1389.7999,2151.9822,1421.9188,2117.7683
486,486,8100,775.12274,2139.8667,808.31537,2119.0374,854.0814,2093.2554,916.5834,2060.05,1006.85693,2030.8635,1096.2806,2048.2688,1185.7168,2024.0662,1277.6375,2046.5703,1342.9287,2076.7366,1388.7708,2099.4421,1422.2042,2118.1665,1394.1674,2120.8901,1341.7163,2124.8054,1297.2604,2126.7922,1240.7928,2125.7864,1174.3291,2132.1316,1099.0325,2137.9006,1024.0112,2136.447,958.18396,2135.5103,899.79956,2139.2,854.75073,2142.9495,806.51324,2140.5286,1394.1674,2120.8901,1343.7589,2124.6458,1300.0403,2126.6113,1244.0416,2129.8662,1176.3134,2137.5635,1102.0409,2142.9468,1025.9891,2141.1414,958.83026,2141.688,900.0246,2142.0066,856.8899,2142.1963,806.51324,2140.5286,775.12274,2139.8667,811.62537,2174.8445,858.72314,2209.2979,930.52423,2248.317,1015.6951,2271.3357,1108.1609,2275.0403,1200.5712,2263.9158,1281.5963,2233.598,1346.0349,2191.101,1390.4855,2152.2378,1422.2042,2118.1665
487,487,8116,775.5384,2139.248,808.83215,2118.3245,854.6605,2093.0203,917.3181,2060.076,1007.91736,2030.93,1097.2504,2048.4556,1186.1813,2024.2573,1277.7764,2046.6399,1343.351,2076.773,1389.238,2099.6753,1422.5123,2118.6758,1394.3584,2121.3127,1342.0741,2124.9355,1297.4271,2126.7395,1240.8291,2125.9624,1174.626,2132.2422,1099.6855,2137.918,1024.9829,2136.3745,959.01984,2135.4048,900.399,2139.189,855.24585,2142.2917,806.6097,2139.9487,1394.3584,2121.3127,1344.4086,2124.9224,1300.8563,2126.8105,1244.9135,2129.9788,1177.1749,2137.551,1102.9144,2142.7498,1026.7001,2140.7812,959.27057,2141.2065,900.1585,2141.4783,856.93304,2141.6536,806.6097,2139.9487,775.5384,2139.248,812.0848,2174.3677,858.8967,2208.9822,930.9963,2248.2524,1016.4603,2271.4668,1109.0641,2275.3452,1201.5697,2264.424,1282.6267,2234.2097,1346.981,2191.6284,1391.2181,2152.6907,1422.5123,2118.6758
488,488,8133,775.6374,2139.116,808.7672,2117.875,854.614,2092.7524,917.4693,2060.0706,1008.49786,2030.9122,1097.935,2048.4607,1186.6577,2024.2925,1277.83,2046.7872,1343.7064,2076.7507,1389.7528,2099.9438,1422.8125,2119.342,1394.42,2121.9016,1342.3561,2125.196,1297.4604,2126.7285,1240.9554,2126.1143,1174.9739,2132.2573,1100.2251,2137.818,1025.6365,2136.2334,959.52155,2135.3032,900.7406,2139.1804,855.46,2141.915,806.61224,2139.7844,1394.42,2121.9016,1345.1344,2125.4373,1301.739,2127.2498,1245.7441,2130.2485,1177.9072,2137.6038,1103.5762,2142.6099,1027.2334,2140.5676,959.63135,2140.9973,900.2948,2141.305,856.94305,2141.4985,806.61224,2139.7844,775.6374,2139.116,812.23303,2174.4043,859.0051,2209.16,931.35645,2248.4697,1016.92883,2271.6748,1109.7174,2275.6838,1202.4801,2264.9045,1283.7585,2235.0032,1348.2867,2192.5774,1392.4122,2153.503,1422.8125,2119.342
489,489,8150,775.8453,2139.2097,808.8654,2117.635,854.63104,2092.5742,917.5482,2060.0657,1008.9011,2030.8994,1098.4011,2048.4983,1187.004,2024.3434,1277.8682,2046.8711,1344.0355,2076.8572,1390.1669,2100.3982,1423.0994,2120.1958,1394.5665,2122.6477,1342.6392,2125.5789,1297.5787,2126.7686,1240.987,2126.3972,1175.188,2132.4702,1100.5807,2137.9487,1026.1675,2136.2893,959.94794,2135.3047,901.0621,2139.1738,855.731,2141.6995,806.64966,2139.8367,1394.5665,2122.6477,1345.5414,2126.0227,1302.0663,2127.6733,1245.9713,2130.5154,1178.0696,2137.794,1103.6881,2142.729,1027.5087,2140.6123,959.8937,2141.015,900.41376,2141.3435,856.9541,2141.562,806.64966,2139.8367,775.8453,2139.2097,812.4791,2174.5789,859.03827,2209.4263,931.6481,2248.919,1017.1432,2272.2778,1109.7335,2276.4285,1202.5131,2265.742,1283.7798,2235.8333,1348.3867,2193.347,1392.7041,2154.3188,1423.0994,2120.1958
490,490,8166,775.88983,2139.354,808.73785,2117.5303,854.4275,2092.4832,917.37646,2060.0793,1008.9187,2030.9523,1098.5012,2048.6733,1187.1022,2024.5778,1277.9781,2047.0894,1344.3037,2077.0076,1390.4628,2100.945,1423.3146,2121.103,1394.7029,2123.493,1342.8599,2126.0159,1297.7325,2126.7915,1241.0878,2126.791,1175.2104,2132.7402,1100.6471,2138.1094,1026.3081,2136.3643,960.0358,2135.3296,901.1395,2139.1753,855.78723,2141.5996,806.64886,2139.9668,1394.7029,2123.493,1345.7917,2126.9043,1302.205,2128.5803,1245.9877,2131.3635,1177.993,2138.5127,1103.4792,2143.272,1027.51,2141.0645,959.99713,2141.373,900.4865,2141.6226,856.9591,2141.7634,806.64886,2139.9668,775.88983,2139.354,812.54,2174.8298,859.18896,2209.7393,931.78046,2249.2478,1017.06067,2272.5571,1109.377,2276.7532,1202.1981,2266.1626,1283.4712,2236.4744,1348.2235,2194.2234,1392.791,2155.2844,1423.3146,2121.103
491,491,8183,776.1658,2139.626,808.9715,2117.544,854.5965,2092.4575,917.51685,2060.1472,1009.12146,2031.1003,1098.7114,2048.9946,1187.295,2024.9856,1278.0472,2047.5505,1344.5414,2077.0952,1390.6998,2101.487,1423.4812,2122.0283,1394.8344,2124.3386,1343.0577,2126.428,1297.8654,2126.8826,1241.1545,2127.2344,1175.2936,2133.0369,1100.7826,2138.2944,1026.5757,2136.4724,960.294,2135.3892,901.3974,2139.1936,856.05145,2141.5725,806.74457,2140.2043,1394.8344,2124.3386,1346.0366,2127.7363,1302.4261,2129.3594,1246.1893,2132.0159,1178.1571,2139.0237,1103.5792,2143.6616,1027.7017,2141.4214,960.1847,2141.7112,900.5693,2141.9526,856.99615,2142.0579,806.74457,2140.2043,776.1658,2139.626,812.81226,2175.129,859.2771,2209.9802,931.9888,2249.401,1017.2123,2272.5996,1109.3513,2276.7964,1202.1462,2266.248,1283.3813,2236.7344,1348.1565,2194.81,1392.8159,2156.16,1423.4812,2122.0283
492,492,8200,776.47473,2139.9248,809.1409,2117.5989,854.61035,2092.4407,917.4451,2060.1797,1009.1404,2031.135,1098.7867,2049.1106,1187.3864,2025.1671,1278.128,2047.8513,1344.732,2077.1616,1390.8236,2101.9397,1423.4938,2122.844,1394.9292,2125.0686,1343.1768,2126.7715,1297.9977,2127.0044,1241.2555,2127.6416,1175.3151,2133.3162,1100.836,2138.4768,1026.7197,2136.5955,960.42596,2135.4714,901.5652,2139.2285,856.273,2141.579,806.86084,2140.4565,1394.9292,2125.0686,1346.0901,2128.449,1302.4132,2130.0212,1246.1316,2132.5693,1178.0704,2139.4578,1103.4698,2143.979,1027.7543,2141.6855,960.3119,2141.9595,900.6468,2142.2148,857.0301,2142.3337,806.86084,2140.4565,776.47473,2139.9248,813.13983,2175.3862,859.4423,2210.096,932.1658,2249.452,1017.26483,2272.6577,1109.113,2276.935,1201.7592,2266.4941,1282.8938,2237.1597,1347.6989,2195.416,1392.489,2156.945,1423.4938,2122.844
493,493,8216,776.6134,2140.17,809.1453,2117.663,854.4885,2092.4358,917.25964,2060.2153,1009.04156,2031.1644,1098.7664,2049.1965,1187.3857,2025.3175,1278.2281,2048.1353,1344.709,2077.1907,1390.5884,2102.294,1423.0896,2123.428,1394.766,2125.588,1343.0331,2127.043,1297.9847,2127.0881,1241.2732,2127.9033,1175.3169,2133.4512,1100.8252,2138.5317,1026.7188,2136.627,960.40015,2135.5066,901.5729,2139.2542,856.3165,2141.587,806.88574,2140.6626,1394.766,2125.588,1345.7473,2128.8757,1301.9318,2130.3557,1245.559,2132.7993,1177.4698,2139.5947,1102.8955,2144.058,1027.4852,2141.7402,960.2566,2142.04,900.67535,2142.3533,857.03705,2142.523,806.88574,2140.6626,776.6134,2140.17,813.3075,2175.5051,859.4706,2209.9314,932.25616,2249.0957,1017.0248,2272.2263,1108.3379,2276.53,1200.6544,2266.1313,1281.5552,2236.941,1346.3943,2195.453,1391.44,2157.35,1423.0896,2123.428
494,494,8233,776.78064,2140.4736,809.1105,2117.7517,854.29663,2092.436,917.0422,2060.2498,1008.96625,2031.1681,1098.6675,2049.2476,1187.2169,2025.4209,1278.1389,2048.4568,1344.3875,2077.2966,1390.0392,2102.5857,1422.4155,2124.0225,1394.3497,2126.1167,1342.5853,2127.2578,1297.7225,2127.3057,1241.0704,2128.312,1175.1411,2133.733,1100.6925,2138.7295,1026.7034,2136.7683,960.344,2135.615,901.5466,2139.3208,856.34106,2141.6174,806.9178,2140.9077,1394.3497,2126.1167,1344.9371,2129.3613,1300.8593,2130.693,1244.3644,2132.9583,1176.2991,2139.662,1101.8567,2144.1116,1026.93,2141.7966,960.06055,2142.1604,900.6625,2142.56,857.0404,2142.7876,806.9178,2140.9077,776.78064,2140.4736,813.4596,2175.752,859.5515,2209.9976,932.24164,2249.0557,1016.5198,2272.155,1107.2177,2276.4768,1199.1925,2266.0955,1279.8391,2236.9468,1344.6879,2195.6565,1390.0339,2157.8494,1422.4155,2124.0225
495,495,8250,776.8367,2140.7495,809.0249,2117.8271,854.11725,2092.452,916.8596,2060.3193,1008.9115,2031.1947,1098.5476,2049.3247,1187.0253,2025.5504,1277.9735,2048.778,1343.9529,2077.4102,1389.3484,2102.8313,1421.5742,2124.4941,1393.7515,2126.5364,1342.004,2127.4453,1297.3499,2127.4927,1240.7899,2128.6523,1174.9176,2133.9736,1100.5315,2138.912,1026.6699,2136.9187,960.2982,2135.742,901.51465,2139.4124,856.32434,2141.6448,806.91876,2141.1333,1393.7515,2126.5364,1344.0748,2129.72,1299.854,2130.9485,1243.3438,2133.108,1175.3506,2139.7603,1101.0356,2144.2192,1026.4382,2141.9167,959.83417,2142.3303,900.5997,2142.7878,857.01184,2143.0493,806.91876,2141.1333,776.8367,2140.7495,813.5245,2175.9968,859.6683,2210.0767,932.1811,2248.9822,1016.04584,2271.9695,1106.292,2276.2656,1197.9841,2265.8523,1278.4116,2236.7598,1343.1886,2195.6914,1388.6819,2158.1838,1421.5742,2124.4941
496,496,8266,776.83014,2140.9373,808.91986,2117.8564,854.02106,2092.5024,916.7883,2060.401,1008.6749,2031.2167,1098.1606,2049.3977,1186.5847,2025.6638,1277.6543,2049.1191,1343.445,2077.6538,1388.6666,2102.899,1420.756,2124.8833,1393.0414,2126.8933,1341.2455,2127.4954,1296.7802,2127.8484,1240.2892,2129.0833,1174.4537,2134.2827,1100.1334,2139.156,1026.4615,2137.1267,960.1895,2135.9373,901.44104,2139.5867,856.2976,2141.6973,806.8653,2141.2915,1393.0414,2126.8933,1342.9979,2130.152,1298.5806,2131.3013,1242.0125,2133.3464,1174.0604,2139.9382,1099.8739,2144.381,1025.6321,2142.0767,959.3439,2142.531,900.3527,2143.0437,856.8584,2143.3247,806.8653,2141.2915,776.83014,2140.9373,813.522,2176.2805,859.804,2210.2996,931.8763,2249.1223,1015.257,2272.0583,1105.0931,2276.3784,1196.5732,2265.9856,1276.8707,2236.974,1341.6783,2196.063,1387.388,2158.6687,1420.756,2124.8833
497,497,8283,776.8534,2141.1387,808.84,2117.877,853.8734,2092.5906,916.6401,2060.61,1008.65186,2031.3995,1097.981,2049.667,1186.3246,2026.0275,1277.3903,2049.7202,1342.9955,2078.0374,1388.1129,2102.9407,1420.178,2125.2324,1392.5532,2127.2114,1340.7445,2127.5466,1296.394,2128.1619,1239.9775,2129.4355,1174.1985,2134.5046,1099.9292,2139.3284,1026.3904,2137.264,960.16315,2136.0737,901.4141,2139.7117,856.27966,2141.7249,806.8654,2141.458,1392.5532,2127.2114,1342.3373,2130.5215,1297.8927,2131.6428,1241.3588,2133.654,1173.4784,2140.211,1099.3696,2144.623,1025.283,2142.297,959.1601,2142.7502,900.2956,2143.2698,856.8348,2143.5547,806.8654,2141.458,776.8534,2141.1387,813.5439,2176.5178,859.91833,2210.5117,931.78644,2249.3079,1014.9355,2272.221,1104.624,2276.5574,1196.0251,2266.1824,1276.2535,2237.2249,1341.0096,2196.3943,1386.6888,2159.0618,1420.178,2125.2324
498,498,8300,776.90186,2141.2043,808.77747,2117.9766,853.74664,2092.6677,916.51495,2060.6992,1008.61316,2031.4302,1097.9005,2049.7522,1186.242,2026.1399,1277.4044,2050.0603,1342.9797,2078.3572,1388.0635,2103.084,1420.0669,2125.4543,1392.4532,2127.427,1340.6445,2127.7363,1296.341,2128.5706,1239.9253,2129.8765,1174.1365,2134.8438,1099.8704,2139.6096,1026.379,2137.524,960.1211,2136.3157,901.393,2139.935,856.2852,2141.8447,806.8744,2141.5098,1392.4532,2127.427,1342.192,2130.867,1297.7225,2131.9414,1241.1525,2133.8682,1173.2487,2140.3813,1099.1553,2144.788,1025.1511,2142.4739,959.0991,2142.9626,900.2876,2143.5083,856.83154,2143.7725,806.8744,2141.5098,776.90186,2141.2043,813.5908,2176.7344,859.9932,2210.759,931.77466,2249.5667,1014.818,2272.4966,1104.4702,2276.8572,1195.8925,2266.513,1276.1917,2237.5752,1340.9882,2196.7656,1386.6237,2159.4548,1420.0669,2125.4543
499,499,8316,777.16406,2141.31,808.89624,2118.0188,853.7266,2092.7097,916.4055,2060.7532,1008.54114,2031.4451,1097.8724,2049.7954,1186.2036,2026.2169,1277.416,2050.3096,1342.9364,2078.5774,1387.9502,2103.143,1419.885,2125.679,1392.3033,2127.6377,1340.5209,2127.8206,1296.279,2128.8152,1239.8906,2130.1228,1174.1055,2135.0007,1099.8445,2139.7253,1026.3713,2137.627,960.1169,2136.4265,901.4506,2140.053,856.43304,2141.899,807.02893,2141.6023,1392.3033,2127.6377,1342.0239,2131.0918,1297.5779,2132.089,1241.0387,2133.9402,1173.156,2140.4258,1099.0929,2144.834,1025.1448,2142.527,959.1306,2143.0525,900.3072,2143.6487,856.88446,2143.9387,807.02893,2141.6023,777.16406,2141.31,813.8113,2176.9102,860.11536,2210.905,931.8181,2249.68,1014.8143,2272.5862,1104.4231,2276.9548,1195.8348,2266.6128,1276.1322,2237.6768,1340.8995,2196.9153,1386.47,2159.706,1419.885,2125.679
500,500,8333,777.6288,2141.456,809.20184,2118.0562,853.8729,2092.725,916.3923,2060.7888,1008.48175,2031.466,1097.8541,2049.8445,1186.2025,2026.309,1277.4553,2050.5378,1343.001,2078.7466,1388.0419,2103.2004,1419.9711,2125.9058,1392.3538,2127.8467,1340.5897,2127.8638,1296.3246,2128.959,1239.9249,2130.2522,1174.1191,2135.0474,1099.8494,2139.738,1026.4348,2137.6306,960.2322,2136.4473,901.6646,2140.093,856.77295,2141.9119,807.3861,2141.7266,1392.3538,2127.8467,1342.1697,2131.2554,1297.7947,2132.1843,1241.266,2133.9907,1173.363,2140.4531,1099.2955,2144.8489,1025.2622,2142.5464,959.1712,2143.099,900.39966,2143.7341,857.0816,2144.0637,807.3861,2141.7266,777.6288,2141.456,814.23157,2177.0535,860.49805,2211.0095,931.83386,2249.7776,1014.95044,2272.69,1104.6847,2277.0798,1196.1497,2266.7744,1276.5591,2237.875,1341.3732,2197.107,1386.8103,2159.9138,1419.9711,2125.9058
501,501,8350,778.34424,2141.6006,809.6555,2118.1206,854.11145,2092.6902,916.4375,2060.7214,1008.47473,2031.2789,1097.8507,2049.7122,1186.2092,2026.2257,1277.4816,2050.5996,1343.0559,2078.8284,1388.0962,2103.3967,1419.9817,2126.1084,1392.3658,2128.0134,1340.6168,2128.0266,1296.3585,2128.979,1239.9552,2130.251,1174.1289,2135.0032,1099.8848,2139.6797,1026.5966,2137.581,960.4823,2136.4253,902.03644,2140.09,857.3005,2141.9329,807.9471,2141.8506,1392.3658,2128.0134,1342.2178,2131.1606,1297.8802,2131.8765,1241.3783,2133.5325,1173.5006,2139.9602,1099.4774,2144.391,1025.37,2142.1404,959.2226,2142.811,900.62427,2143.6016,857.44116,2144.0703,807.9471,2141.8506,778.34424,2141.6006,814.8955,2177.1082,861.1329,2210.8982,931.9575,2249.5667,1015.0748,2272.4114,1104.8953,2276.7668,1196.3247,2266.4348,1276.7253,2237.5188,1341.5228,2196.8274,1386.913,2159.8762,1419.9817,2126.1084
502,502,8366,779.2402,2141.7168,810.25854,2118.173,854.4873,2092.6213,916.5819,2060.5942,1008.51917,2031.0283,1097.8716,2049.5269,1186.2279,2026.0952,1277.507,2050.6418,1343.0938,2078.902,1388.1587,2103.567,1420.0406,2126.269,1392.3987,2128.141,1340.6636,2128.168,1296.3823,2128.9998,1239.9669,2130.2407,1174.1619,2134.9878,1099.97,2139.6663,1026.8552,2137.558,960.8614,2136.3904,902.56213,2140.0671,858.0031,2141.9417,808.7228,2141.9521,1392.3987,2128.141,1342.3203,2131.0256,1298.0344,2131.5378,1241.5494,2133.0403,1173.6709,2139.4126,1099.6628,2143.848,1025.425,2141.6526,959.3995,2142.4453,901.0121,2143.416,857.9886,2144.044,808.7228,2141.9521,779.2402,2141.7168,815.69556,2177.159,861.91785,2210.8083,932.2346,2249.371,1015.13104,2272.118,1105.1257,2276.4224,1196.577,2266.0867,1277.0117,2237.1868,1341.8236,2196.5708,1387.1361,2159.8223,1420.0406,2126.269
503,503,8383,779.9449,2141.826,810.7373,2118.1902,854.78394,2092.4666,916.69403,2060.3574,1008.54584,2030.6407,1097.8794,2049.2346,1186.2361,2025.8464,1277.5297,2050.636,1343.1394,2078.9556,1388.2017,2103.7266,1420.0463,2126.3801,1392.4008,2128.1982,1340.6844,2128.2883,1296.411,2128.9949,1239.9937,2130.1877,1174.1713,2134.9248,1100.0092,2139.5972,1027.0239,2137.4702,961.1169,2136.2888,902.92706,2139.9878,858.5259,2141.9,809.3529,2142.025,1392.4008,2128.1982,1342.3511,2130.733,1298.0889,2131.0173,1241.6216,2132.3933,1173.7594,2138.75,1099.7942,2143.2231,1025.503,2141.0674,959.50793,2141.9548,901.3045,2143.0754,858.42285,2143.89,809.3529,2142.025,779.9449,2141.826,816.3076,2177.1094,862.46106,2210.5786,932.36914,2249.0957,1015.22766,2271.8296,1105.2748,2276.1094,1196.6921,2265.7427,1277.119,2236.7717,1341.9247,2196.1619,1387.2053,2159.6384,1420.0463,2126.3801
504,504,8400,780.3599,2141.9172,810.99664,2118.185,854.92786,2092.2732,916.6907,2060.0605,1008.5107,2030.1918,1097.8679,2048.8157,1186.2247,2025.4768,1277.5593,2050.5383,1343.1315,2078.9304,1388.1401,2103.8022,1419.8771,2126.3628,1392.22,2128.0955,1340.5986,2128.309,1296.3905,2128.9075,1239.9967,2130.0618,1174.1733,2134.8022,1100.0074,2139.4875,1027.08,2137.3772,961.2482,2136.1836,903.14935,2139.9023,858.83655,2141.8447,809.75977,2142.0752,1392.22,2128.0955,1342.2441,2130.2065,1298.0023,2130.2954,1241.5542,2131.6045,1173.7192,2137.9575,1099.7859,2142.4895,1025.5842,2140.4268,959.54443,2141.4387,901.4765,2142.6958,858.6839,2143.6956,809.75977,2142.0752,780.3599,2141.9172,816.71643,2177.0376,862.88684,2210.2725,932.47955,2248.6555,1015.31964,2271.2754,1105.2692,2275.4902,1196.6045,2264.9536,1276.9395,2235.8591,1341.7087,2195.3142,1387.0157,2159.1794,1419.8771,2126.3628
505,505,8416,780.53955,2141.996,811.08374,2118.2075,854.9499,2092.1929,916.6583,2059.9285,1008.4916,2029.9498,1097.7765,2048.5627,1186.093,2025.2632,1277.4589,2050.4895,1342.9434,2078.9128,1387.8907,2103.8513,1419.5607,2126.296,1391.95,2127.9607,1340.3854,2128.3032,1296.2336,2128.8071,1239.8784,2129.9011,1174.083,2134.6084,1099.9482,2139.2969,1027.077,2137.2102,961.25824,2136.0557,903.2067,2139.8274,858.9414,2141.813,809.90216,2142.1282,1391.95,2127.9607,1341.9752,2129.7683,1297.7312,2129.742,1241.2985,2131.0017,1173.4847,2137.3645,1099.6053,2141.9539,1025.5966,2139.9785,959.5877,2141.1052,901.50745,2142.4817,858.76556,2143.5918,809.90216,2142.1282,780.53955,2141.996,816.8678,2177.0193,863.0143,2210.0957,932.5154,2248.3044,1015.3435,2270.7324,1105.0546,2274.8306,1196.2678,2264.1997,1276.5038,2235.0813,1341.2437,2194.647,1386.6057,2158.771,1419.5607,2126.296
506,506,8433,780.8715,2142.0593,811.277,2118.2341,855.0383,2092.1104,916.6485,2059.775,1008.4629,2029.6818,1097.738,2048.3,1186.04,2025.0471,1277.441,2050.4414,1342.8705,2078.9092,1387.7767,2103.9216,1419.38,2126.3154,1391.76,2127.929,1340.2295,2128.3325,1296.1305,2128.7332,1239.8208,2129.741,1174.0475,2134.3774,1099.928,2139.0535,1027.0859,2136.9917,961.31934,2135.9043,903.3672,2139.7573,859.1943,2141.8,810.21906,2142.185,1391.76,2127.929,1341.7876,2129.4937,1297.5627,2129.3647,1241.1727,2130.5725,1173.4023,2136.9175,1099.5668,2141.5305,1025.6482,2139.613,959.60254,2140.832,901.64154,2142.3179,858.9931,2143.5356,810.21906,2142.185,780.8715,2142.0593,817.1304,2177.0435,863.23773,2210.031,932.5327,2248.17,1015.40125,2270.5396,1105.0155,2274.6067,1196.1724,2263.9336,1276.3683,2234.797,1341.0902,2194.371,1386.4369,2158.592,1419.38,2126.3154
507,507,8450,781.12054,2142.1252,811.4068,2118.2432,855.093,2091.9778,916.63354,2059.5767,1008.4367,2029.4307,1097.7233,2048.0525,1186.0311,2024.8569,1277.4589,2050.3782,1342.8715,2078.8896,1387.7574,2103.9734,1419.3102,2126.3281,1391.6696,2127.8801,1340.1838,2128.3215,1296.1165,2128.594,1239.8236,2129.4778,1174.0477,2134.0193,1099.9236,2138.6863,1027.1019,2136.6462,961.37006,2135.632,903.4863,2139.6091,859.3886,2141.7466,810.4882,2142.229,1391.6696,2127.8801,1341.7206,2129.2002,1297.5177,2128.9385,1241.1503,2130.065,1173.4011,2136.3662,1099.5793,2140.9749,1025.699,2139.103,959.6262,2140.4133,901.76337,2142.0317,859.1799,2143.4072,810.4882,2142.229,781.12054,2142.1252,817.3533,2177.0178,863.4804,2209.8298,932.6028,2247.7983,1015.4584,2270.0122,1105.0293,2274.014,1196.1449,2263.305,1276.3068,2234.2253,1341.038,2193.944,1386.3872,2158.3765,1419.3102,2126.3281
508,508,8466,781.4298,2142.288,811.5309,2118.2798,855.12396,2091.9648,916.61096,2059.4998,1008.42487,2029.2572,1097.6371,2047.8618,1185.9238,2024.7043,1277.3872,2050.3552,1342.7095,2078.9087,1387.51,2104.0364,1418.9106,2126.3845,1391.2408,2127.9177,1339.852,2128.3662,1295.8809,2128.5647,1239.6787,2129.3738,1173.9493,2133.8547,1099.8624,2138.5261,1027.1007,2136.5154,961.4027,2135.5635,903.6056,2139.5981,859.6048,2141.7537,810.8189,2142.2957,1391.2408,2127.9177,1341.3372,2129.115,1297.1871,2128.7734,1240.8955,2129.8518,1173.2234,2136.1367,1099.4672,2140.7651,1025.7283,2138.9536,959.6429,2140.3408,901.88184,2142.0244,859.39374,2143.4377,810.8189,2142.2957,781.4298,2142.288,817.57263,2177.0315,863.66125,2209.873,932.6211,2247.8152,1015.49567,2269.972,1104.8975,2273.9294,1195.9065,2263.1887,1275.9618,2234.1094,1340.6381,2193.8684,1385.9885,2158.3704,1418.9106,2126.3845
509,509,8483,781.6244,2142.6465,811.5783,2118.3982,855.1109,2091.9639,916.59753,2059.4553,1008.35333,2029.1039,1097.4716,2047.6895,1185.7301,2024.5559,1277.2454,2050.3347,1342.4802,2078.9302,1387.2015,2104.087,1418.4802,2126.4238,1390.8351,2127.9631,1339.5028,2128.4111,1295.6022,2128.563,1239.467,2129.3293,1173.7748,2133.7812,1099.7368,2138.4573,1027.0791,2136.472,961.399,2135.5547,903.645,2139.6006,859.7129,2141.8098,810.99725,2142.51,1390.8351,2127.9631,1340.9391,2129.128,1296.8032,2128.7556,1240.547,2129.796,1172.9191,2136.0554,1099.2273,2140.6936,1025.6902,2138.929,959.68176,2140.3699,901.91003,2142.0718,859.4902,2143.4517,810.99725,2142.51,781.6244,2142.6465,817.6597,2177.1628,863.6852,2209.8894,932.6548,2247.878,1015.42566,2270.0303,1104.592,2273.965,1195.5251,2263.2263,1275.5193,2234.162,1340.1777,2193.9275,1385.5447,2158.4219,1418.4802,2126.4238
510,510,8500,781.98364,2143.2642,811.735,2118.7024,855.1533,2092.0154,916.5796,2059.4543,1008.34106,2029.072,1097.3824,2047.6438,1185.5721,2024.521,1277.081,2050.3462,1342.2075,2078.9434,1386.8325,2104.1086,1417.9941,2126.4475,1390.3757,2127.9944,1339.1171,2128.4387,1295.3046,2128.5671,1239.2682,2129.2988,1173.6383,2133.7205,1099.6635,2138.409,1027.0767,2136.4453,961.41846,2135.5354,903.74915,2139.632,859.92975,2141.9744,811.3277,2142.9302,1390.3757,2127.9944,1340.5344,2129.1528,1296.4482,2128.75,1240.2793,2129.7534,1172.7194,2136.0044,1099.1019,2140.6719,1025.6975,2138.9556,959.7074,2140.4277,902.0036,2142.1013,859.6866,2143.5461,811.3277,2142.9302,781.98364,2143.2642,817.8379,2177.487,863.7713,2210.0322,932.6862,2247.8967,1015.4255,2270.1072,1104.4501,2274.0276,1195.297,2263.2803,1275.2009,2234.221,1339.7877,2193.9944,1385.1052,2158.4773,1417.9941,2126.4475
511,511,8516,782.44543,2144.5225,811.8843,2119.3691,855.16345,2092.195,916.5714,2059.4744,1008.23,2029.0586,1097.1162,2047.6162,1185.2234,2024.4825,1276.8055,2050.3555,1341.8646,2078.9512,1386.4395,2104.1646,1417.5043,2126.5364,1389.881,2128.0168,1338.6815,2128.4612,1294.9304,2128.5728,1238.961,2129.2932,1173.3827,2133.708,1099.4884,2138.3782,1027.0514,2136.41,961.42487,2135.5398,903.85254,2139.7942,860.1911,2142.3984,811.77026,2143.838,1389.881,2128.0168,1340.0157,2129.1863,1295.9192,2128.7527,1239.8008,2129.7139,1172.3091,2135.9705,1098.8113,2140.6855,1025.653,2139.0125,959.7364,2140.4707,902.1051,2142.2297,859.9351,2143.9055,811.77026,2143.838,782.44543,2144.5225,818.0444,2178.3135,863.84106,2210.5579,932.71387,2248.1462,1015.3576,2270.1257,1104.168,2274.1113,1194.9022,2263.3784,1274.7219,2234.3171,1339.261,2194.0798,1384.602,2158.5251,1417.5043,2126.5364
512,512,8533,783.06885,2146.4358,812.1546,2120.5615,855.23505,2092.6863,916.55255,2059.6274,1008.1752,2029.07,1096.8777,2047.6183,1184.7968,2024.4896,1276.2954,2050.4607,1341.1241,2079.2134,1385.4856,2104.6382,1416.3175,2127.0967,1388.7275,2128.4192,1337.6597,2128.841,1294.0735,2128.7988,1238.3384,2129.3687,1172.9574,2133.7039,1099.2609,2138.3713,1027.0276,2136.4429,961.4482,2135.7288,904.0225,2140.3123,860.54315,2143.3423,812.335,2145.4,1388.7275,2128.4192,1338.9576,2129.2751,1294.9668,2128.803,1239.0703,2129.8098,1171.7992,2136.0662,1098.522,2140.7505,1025.6257,2139.065,959.752,2140.7202,902.27686,2142.7913,860.2816,2144.8079,812.335,2145.4,783.06885,2146.4358,818.3582,2179.79,863.9802,2211.6582,932.7407,2248.8704,1015.29443,2270.474,1103.8367,2274.2437,1194.3367,2263.3997,1273.8878,2234.3896,1338.2126,2194.1055,1383.4678,2158.7468,1416.3175,2127.0967
513,513,8550,783.8092,2149.027,812.4866,2122.4885,855.3307,2093.8418,916.53534,2060.3806,1008.0124,2029.5964,1096.417,2048.1387,1184.1152,2025.0447,1275.5632,2051.321,1340.3461,2080.2913,1384.8094,2105.982,1415.747,2128.4685,1388.0575,2129.5708,1336.9142,2130.0122,1293.2936,2129.6619,1237.6627,2129.878,1172.4117,2133.9966,1098.8877,2138.662,1026.9647,2136.7773,961.4684,2136.3052,904.2647,2141.3428,861.0464,2144.9155,813.0988,2147.5986,1388.0575,2129.5708,1338.226,2129.921,1294.2423,2129.2578,1238.4626,2130.157,1171.3184,2136.452,1098.1842,2141.2903,1025.5798,2139.8347,959.764,2141.7722,902.533,2144.134,860.7975,2146.405,813.0988,2147.5986,783.8092,2149.027,818.5991,2182.2766,864.0114,2214.229,932.7373,2251.2715,1015.1426,2272.3584,1103.5131,2275.6846,1194.0103,2264.5557,1273.544,2235.3196,1337.8308,2195.039,1383.0298,2159.7876,1415.747,2128.4685
514,514,8566,784.3918,2152.533,812.7359,2125.705,855.4152,2096.5505,916.5217,2063.0327,1007.69476,2032.4427,1095.7112,2051.3042,1183.2106,2028.3497,1274.7285,2054.928,1339.84,2083.7886,1384.6897,2109.5728,1415.7776,2131.8367,1388.0486,2132.6672,1336.7849,2133.2354,1292.9672,2132.4177,1237.2004,2132.0845,1171.8788,2135.7947,1098.3604,2140.4375,1026.7762,2138.3662,961.4665,2138.063,904.4079,2143.5527,861.4145,2147.6458,813.74335,2150.7324,1388.0486,2132.6672,1338.1099,2132.3184,1294.0209,2131.39,1238.1633,2132.1465,1170.9578,2138.4905,1097.7861,2143.5479,1025.4615,2142.2454,959.78894,2144.3232,902.73157,2146.7424,861.24225,2149.0898,813.74335,2150.7324,784.3918,2152.533,818.66,2186.053,864.02954,2218.7393,932.464,2256.128,1014.72736,2276.9543,1103.1583,2279.8887,1193.9316,2268.4458,1273.5961,2238.8467,1337.924,2198.3733,1383.1042,2162.895,1415.7776,2131.8367
515,515,8583,786.20166,2158.2864,813.93677,2130.9653,856.3619,2101.4553,916.87585,2068.3826,1007.6507,2038.8634,1095.2576,2057.972,1182.3853,2036.0562,1273.4009,2063.0728,1338.7772,2091.8435,1384.2876,2118.1104,1415.6964,2140.8862,1387.6675,2141.1255,1336.2983,2140.422,1292.0935,2137.4902,1236.4624,2135.1318,1171.3257,2137.4282,1097.987,2141.688,1026.7472,2139.4033,961.6704,2139.5957,905.4326,2146.228,862.9066,2151.7844,816.10223,2156.056,1387.6675,2141.1255,1337.637,2140.7756,1293.6481,2140.6982,1237.9443,2142.4773,1170.8394,2149.2664,1097.6738,2154.1338,1025.4705,2152.4314,960.0803,2153.3772,903.8561,2154.07,863.05023,2155.045,816.10223,2156.056,786.20166,2158.2864,819.19116,2192.708,864.09827,2226.7947,932.4307,2264.9482,1014.585,2286.056,1103.0635,2289.2815,1193.9796,2277.9688,1273.6567,2248.6797,1337.989,2208.2847,1383.1725,2172.128,1415.6964,2140.8862
516,516,8600,788.928,2166.6665,814.5184,2136.0383,856.37836,2103.9739,916.54944,2069.6018,1005.8904,2039.7585,1092.4441,2059.1323,1179.1897,2037.8927,1270.5262,2066.9358,1336.4819,2098.063,1382.8092,2127.5352,1414.1671,2153.9243,1384.844,2152.8508,1333.4415,2148.853,1288.5195,2142.324,1233.462,2136.9033,1168.7035,2137.6763,1095.7173,2141.68,1025.8878,2139.3691,961.6677,2139.8955,906.4251,2148.0667,865.02924,2156.2205,819.97974,2163.5168,1384.844,2152.8508,1334.5205,2152.8862,1291.0469,2153.938,1235.9542,2157.0037,1169.2422,2164.3127,1096.1573,2168.8296,1024.8615,2166.6018,960.09467,2166.0784,905.0218,2164.5505,865.7648,2163.6604,819.97974,2163.5168,788.928,2166.6665,819.57214,2203.204,864.02936,2240.3005,931.1488,2281.339,1012.7636,2304.468,1101.537,2308.564,1193.4575,2297.5508,1273.5731,2267.6655,1337.9617,2225.465,1382.8893,2186.8025,1414.1671,2153.9243
517,517,8616,793.1947,2173.53,815.0984,2137.3123,856.3416,2103.6812,915.6115,2068.5508,1003.8704,2038.2339,1090.4175,2058.3535,1177.6208,2037.6134,1269.8066,2066.9917,1336.2656,2101.0366,1382.8314,2136.2478,1414.11,2171.6187,1384.0825,2169.6191,1333.2129,2155.5127,1287.2737,2143.139,1232.171,2136.306,1167.1896,2133.1287,1093.9111,2134.8054,1024.7344,2131.7246,961.5282,2134.9211,907.12915,2147.233,866.7298,2156.8005,825.8914,2170.1973,1384.0825,2169.6191,1334.4089,2182.0398,1291.1466,2191.9783,1235.9846,2202.8247,1169.2843,2214.0347,1096.1625,2218.5564,1024.747,2213.2524,960.2405,2205.8086,906.6983,2194.0825,869.5,2182.8425,825.8914,2170.1973,793.1947,2173.53,819.92944,2219.251,863.4099,2267.4114,928.5516,2320.1099,1010.8408,2352.0042,1101.4781,2359.855,1194.941,2349.224,1277.8479,2314.933,1342.3713,2263.5764,1384.7738,2214.228,1414.11,2171.6187
518,518,8633,797.5006,2180.741,815.74786,2138.7034,856.3078,2103.6294,914.981,2065.285,1003.10364,2033.2407,1089.8701,2053.795,1177.2466,2034.7767,1269.7754,2066.6638,1336.3062,2101.3066,1382.8562,2140.7888,1413.4652,2182.6436,1382.0569,2179.98,1332.6613,2159.1538,1286.0894,2142.993,1231.3931,2133.8857,1166.5693,2126.6145,1093.3671,2126.8074,1024.4386,2123.6382,961.5368,2129.27,908.5022,2145.884,869.0606,2157.5125,831.9644,2176.8733,1382.0569,2179.98,1334.1654,2199.1882,1291.2172,2213.086,1236.4547,2226.5063,1170.0079,2238.5916,1096.4602,2243.0188,1024.815,2236.941,961.00616,2227.8728,909.1886,2213.0293,873.5446,2197.3303,831.9644,2176.8733,797.5006,2180.741,820.33295,2232.3655,862.82635,2286.044,926.6915,2343.062,1009.93555,2377.6396,1101.6617,2386.5764,1198.5538,2375.9805,1284.1917,2340.3142,1347.9314,2285.2876,1386.8503,2230.6772,1413.4652,2182.6436
519,519,8650,799.3738,2189.9177,815.91785,2142.3347,856.1317,2103.4001,914.3424,2063.7231,1002.66895,2030.0608,1089.6882,2050.4883,1177.2394,2032.3915,1269.8176,2066.3862,1336.4573,2101.9756,1382.9497,2145.3557,1413.0586,2191.7495,1380.9884,2188.497,1332.6658,2162.7908,1285.9585,2143.1396,1231.367,2132.3381,1166.4965,2123.0493,1093.1779,2122.859,1024.2318,2119.9329,961.52814,2126.8171,909.05396,2145.7036,869.81213,2159.973,834.33167,2185.3433,1380.9884,2188.497,1334.2461,2211.545,1291.7013,2226.909,1237.6454,2240.2976,1171.1296,2251.6677,1096.8887,2255.6338,1024.8676,2249.903,961.3489,2241.646,910.1526,2227.1028,874.9526,2210.2205,834.33167,2185.3433,799.3738,2189.9177,820.388,2244.383,862.0522,2299.05,925.39276,2355.004,1009.46326,2388.1482,1102.0631,2396.6423,1201.9524,2386.6562,1289.5873,2352.5334,1353.1078,2298.2869,1389.4111,2242.3499,1413.0586,2191.7495
520,520,8666,798.8633,2200.3442,815.00903,2148.196,854.4117,2104.0635,912.636,2063.2537,1002.04407,2027.6772,1089.5391,2047.2719,1177.295,2029.4128,1270.2632,2066.028,1337.2214,2102.2595,1383.4058,2148.393,1412.8682,2197.5732,1380.487,2194.2043,1332.712,2165.6436,1286.0397,2143.3984,1231.4344,2131.2139,1166.5118,2120.933,1093.0182,2120.86,1023.79016,2118.6516,961.07715,2126.418,908.98303,2145.9126,869.669,2164.91,833.4239,2195.2668,1380.487,2194.2043,1334.2919,2219.37,1292.2476,2235.6074,1238.5072,2249.2385,1171.6979,2260.6404,1096.9004,2264.79,1024.6552,2260.113,961.16266,2253.1477,910.02094,2239.424,874.6668,2222.282,833.4239,2195.2668,798.8633,2200.3442,818.93286,2256.1184,858.85077,2310.7163,922.5387,2365.113,1008.154,2396.364,1102.0834,2403.6602,1203.6031,2393.32,1292.3939,2359.4617,1356.1298,2305.6196,1391.3362,2249.3362,1412.8682,2197.5732
521,521,8683,797.69556,2205.8286,811.79346,2151.6033,850.7559,2104.2776,909.78406,2062.224,1001.10034,2024.7562,1089.4022,2043.8468,1177.3383,2026.157,1271.5846,2065.302,1339.2705,2102.4443,1385.1815,2150.5771,1412.966,2201.3267,1380.5853,2197.6719,1332.9863,2167.7625,1286.0737,2143.6714,1231.4604,2130.195,1166.5398,2119.1873,1092.7612,2119.1328,1022.973,2117.3638,959.8822,2125.842,908.0463,2146.0007,868.0911,2168.028,833.31445,2200.4124,1380.5853,2197.6719,1334.7201,2221.9902,1293.3007,2237.2532,1239.453,2249.831,1172.051,2260.6404,1096.8667,2264.8406,1023.73816,2260.7375,959.9335,2254.8665,908.49695,2242.442,873.33966,2226.3877,833.31445,2200.4124,797.69556,2205.8286,814.4533,2261.134,852.7434,2315.2964,917.5258,2368.8643,1005.4366,2398.949,1102.0049,2405.4727,1204.7043,2394.9846,1295.0017,2361.428,1359.7649,2308.215,1394.6448,2252.5603,1412.966,2201.3267
522,522,8700,790.4282,2209.338,804.09515,2154.0369,844.1221,2104.5452,905.22644,2061.4946,999.4415,2022.8787,1089.0773,2041.564,1177.4479,2023.8373,1273.3452,2064.5889,1341.7708,2102.6313,1387.2415,2152.2441,1413.1885,2204.0715,1380.6875,2200.3152,1333.4235,2169.692,1286.2628,2144.1948,1231.6011,2129.7388,1166.5555,2118.5774,1092.171,2118.6519,1021.15125,2117.168,956.79926,2125.817,904.2204,2146.3696,862.0431,2170.735,827.33887,2203.829,1380.6875,2200.3152,1335.0685,2224.322,1293.872,2239.1926,1239.7058,2251.1052,1172.0542,2261.3564,1095.6505,2265.4731,1020.57635,2261.993,955.6756,2257.008,902.86676,2245.3088,866.8296,2229.5503,827.33887,2203.829,790.4282,2209.338,804.73944,2265.1064,842.82263,2319.6533,909.6793,2372.566,1000.20374,2401.2515,1100.4692,2406.9458,1204.6697,2396.3064,1295.6185,2363.1094,1361.455,2310.5493,1396.8523,2255.2412,1413.1885,2204.0715
523,523,8716,781.1264,2210.2688,795.7828,2154.7317,837.19073,2104.4844,900.2648,2060.5503,996.9326,2021.5713,1088.2244,2040.1444,1177.4929,2022.4285,1274.268,2063.9702,1343.2057,2102.6538,1388.4856,2152.8323,1413.3165,2204.8005,1380.767,2200.8655,1333.8041,2169.9663,1286.4369,2144.146,1231.636,2128.7068,1166.3801,2117.3699,1090.7777,2117.4968,1018.10187,2116.1519,952.0913,2125.0947,898.1865,2146.33,853.7192,2171.321,818.2174,2204.6245,1380.767,2200.8655,1335.2565,2224.486,1294.0234,2238.7876,1239.7053,2249.898,1171.2228,2259.6306,1092.0504,2263.829,1014.8725,2261.017,948.577,2256.925,894.1542,2245.8901,857.20416,2230.3184,818.2174,2204.6245,781.1264,2210.2688,793.9873,2266.0557,832.18774,2320.4172,900.7216,2372.064,993.11017,2398.8428,1096.2633,2403.5183,1204.0063,2392.8218,1295.0804,2360.4631,1361.5034,2309.3142,1397.7863,2255.2144,1413.3165,2204.8005
524,524,8733,768.8398,2210.2925,785.301,2154.764,828.70294,2104.3596,894.1021,2059.393,993.23944,2020.2382,1086.1531,2038.737,1177.2505,2021.2479,1274.3484,2063.6592,1343.3805,2103.1936,1388.5208,2154.7903,1412.9023,2207.999,1379.8097,2203.6052,1333.7302,2171.2034,1286.3892,2144.2485,1231.4515,2127.7178,1165.1726,2115.935,1087.6888,2115.8784,1013.1019,2114.5627,945.3517,2123.8594,889.7571,2146.2344,843.0388,2171.2954,806.0034,2204.627,1379.8097,2203.6052,1334.9808,2227.1702,1293.7292,2241.1592,1238.7147,2251.5413,1168.5338,2260.4673,1086.4539,2264.1423,1007.6063,2261.2815,940.1205,2257.3481,884.1285,2246.3862,845.7686,2230.6455,806.0034,2204.627,768.8398,2210.2925,782.0307,2266.4824,821.2028,2321.1724,891.2273,2372.56,984.7584,2398.7734,1089.7142,2403.4163,1201.0889,2393.1426,1294.8461,2361.6958,1360.8926,2311.5913,1397.5919,2258.16,1412.9023,2207.999
525,525,8750,760.3404,2209.6204,777.98865,2154.5833,822.05023,2104.258,888.3953,2058.8643,988.533,2019.9802,1082.6677,2038.366,1175.8431,2020.9874,1273.9971,2063.5562,1343.1501,2103.6106,1388.0569,2155.338,1411.2488,2207.9539,1377.479,2203.6333,1332.9316,2171.2915,1285.6046,2144.1692,1230.4187,2126.6162,1162.7384,2114.7,1083.2562,2114.658,1007.29816,2113.3318,938.7057,2122.7432,882.39594,2146.007,834.7964,2171.0222,797.14984,2204.0627,1377.479,2203.6333,1333.2938,2227.683,1291.8175,2241.8398,1235.543,2252.0967,1163.4697,2260.8076,1079.1919,2264.4363,999.98535,2261.94,932.3655,2258.326,875.96967,2247.242,837.22754,2230.924,797.14984,2204.0627,760.3404,2209.6204,774.1991,2266.451,813.6637,2321.486,883.82544,2372.3293,976.9807,2397.5493,1081.7625,2401.7817,1195.1317,2391.4583,1291.2854,2360.5503,1359.469,2311.2002,1396.6003,2258.1414,1411.2488,2207.9539
526,526,8766,752.43054,2207.6582,770.47107,2153.744,814.8601,2103.8027,882.0727,2057.2964,982.76746,2019.1523,1077.3387,2037.8203,1172.5743,2020.7863,1272.5043,2063.317,1342.004,2104.598,1386.5884,2156.8267,1408.5812,2209.2769,1373.7096,2204.832,1330.4592,2172.6912,1283.2267,2144.7678,1227.5746,2126.5178,1158.2025,2114.586,1076.8274,2114.273,1000.5779,2112.601,931.9494,2121.664,875.2986,2145.3916,827.4588,2170.467,789.19104,2202.312,1373.7096,2204.832,1329.2401,2227.809,1286.6652,2240.9973,1228.3909,2250.3813,1154.1538,2258.6501,1067.9984,2262.307,989.80896,2260.0818,922.94696,2256.689,867.09784,2245.5295,828.74866,2228.9648,789.19104,2202.312,752.43054,2207.6582,765.25336,2264.7625,803.78436,2320.7332,873.29926,2372.09,965.782,2396.9517,1069.769,2400.8152,1184.7667,2390.4019,1283.1857,2359.55,1354.4463,2310.8657,1393.42,2258.7322,1408.5812,2209.2769
527,527,8783,740.155,2205.2456,758.66785,2152.9404,803.1957,2101.6848,870.73883,2055.186,970.68835,2018.7278,1064.7932,2037.8236,1162.301,2020.8192,1265.362,2063.3784,1336.523,2106.1733,1382.1583,2157.8938,1404.5626,2208.9363,1369.055,2204.5896,1325.8274,2173.6665,1277.447,2145.7117,1219.7754,2126.5452,1147.4375,2114.8464,1063.497,2114.281,987.5171,2111.9788,919.395,2120.0364,862.6298,2143.2769,814.7264,2169.6506,776.2885,2200.2346,1369.055,2204.5896,1322.5868,2226.9402,1277.3016,2239.6675,1215.387,2248.818,1137.906,2257.11,1049.287,2260.8345,972.359,2258.3694,906.7651,2254.3137,852.10986,2242.2974,814.821,2225.3303,776.2885,2200.2346,740.155,2205.2456,751.96875,2260.784,789.10144,2317.0315,856.9145,2369.2004,947.6727,2394.5398,1050.1804,2398.7322,1166.3594,2388.352,1267.0615,2357.4397,1342.7977,2309.2163,1386.2963,2257.8225,1404.5626,2208.9363
528,528,8800,727.5132,2199.6318,745.5008,2145.7437,789.25934,2095.4978,856.0122,2050.8984,953.8484,2017.8518,1046.9008,2037.7784,1146.0726,2021.063,1252.1327,2063.8894,1325.7838,2107.6477,1373.9349,2158.3044,1398.3253,2207.5813,1361.8225,2203.288,1317.7819,2173.8853,1267.5739,2146.2473,1207.2655,2126.5479,1131.8954,2114.806,1045.6487,2113.4663,970.5613,2109.6926,903.8542,2115.6602,848.18823,2137.075,801.2604,2163.1423,763.5039,2194.9072,1361.8225,2203.288,1311.9692,2224.539,1263.406,2236.6133,1197.8958,2245.3245,1117.7516,2253.3828,1027.7118,2256.8477,952.94025,2253.9187,889.56036,2249.3052,837.0207,2237.4517,801.2867,2222.826,763.5039,2194.9072,727.5132,2199.6318,738.2062,2258.479,773.51306,2311.8342,838.79926,2364.2068,927.00244,2390.194,1027.4912,2395.0413,1144.2024,2385.0132,1246.6044,2354.3823,1326.4434,2306.6284,1375.2726,2255.857,1398.3253,2207.5813
529,529,8816,718.47595,2191.585,736.1133,2138.14,778.63684,2089.8633,843.8077,2047.3632,938.8156,2017.1885,1030.2163,2037.8307,1129.6555,2021.684,1237.4082,2064.9028,1313.2081,2109.1555,1363.9113,2158.6707,1390.6976,2206.5093,1353.9897,2202.175,1309.3175,2173.6929,1257.3092,2146.4514,1194.6289,2126.521,1116.9302,2114.5686,1029.3965,2112.3477,955.5434,2107.0315,890.33014,2110.977,835.8978,2130.4346,789.90234,2155.526,753.32324,2187.3826,1353.9897,2202.175,1301.3651,2223.0093,1249.5625,2234.7034,1180.1951,2243.0933,1096.726,2251.0137,1004.2262,2254.4832,932.11804,2251.3093,871.36487,2246.3005,821.66425,2234.2852,788.5464,2222.1936,753.32324,2187.3826,718.47595,2191.585,726.6462,2257.7844,758.97253,2308.3398,821.0072,2360.625,905.83124,2386.6855,1003.1668,2391.7004,1120.8188,2381.6548,1225.3654,2351.162,1308.947,2304.0747,1362.6387,2254.1763,1390.6976,2206.5093
530,530,8833,710.2516,2177.3813,726.63654,2126.9558,767.12866,2082.0996,829.9353,2042.5881,921.4693,2016.1003,1010.87164,2037.8936,1110.3297,2022.8752,1219.5544,2067.1248,1297.172,2111.8125,1350.4027,2160.0635,1380.0106,2206.468,1342.9323,2202.0693,1296.7766,2174.641,1242.7373,2147.8767,1177.8434,2127.0474,1098.3932,2114.7705,1010.19385,2112.2183,938.33405,2105.3936,875.56024,2106.8489,823.2971,2123.3027,779.1139,2145.599,744.18195,2174.4707,1342.9323,2202.0693,1287.315,2222.5447,1232.5746,2233.9763,1160.4055,2242.2808,1074.7878,2250.2935,980.9923,2253.7136,911.5801,2249.75,854.0899,2243.7583,807.81885,2232.3289,777.35126,2216.729,744.18195,2174.4707,710.2516,2177.3813,715.7019,2249.8928,744.21204,2306.1316,801.7501,2358.0564,883.13635,2385.3125,978.5949,2391.2742,1097.4354,2381.2993,1203.8235,2350.3389,1289.9108,2303.2175,1347.2728,2253.761,1380.0106,2206.468
531,531,8850,704.02893,2167.715,719.1157,2119.6257,757.8534,2077.0789,818.6875,2039.5038,907.6635,2015.4558,995.3226,2037.9664,1094.2196,2024.5846,1203.7249,2069.948,1282.1437,2114.916,1336.7806,2162.1416,1368.3483,2207.4426,1331.3163,2202.9038,1284.1445,2176.0977,1228.8776,2149.6226,1162.931,2127.8503,1082.9818,2114.9094,994.9178,2112.0808,924.7287,2103.9841,863.90564,2103.7083,813.43427,2118.242,770.8941,2138.696,737.4112,2165.5227,1331.3163,2202.9038,1274.2728,2223.3616,1218.3523,2234.744,1145.3187,2243.1306,1059.2797,2251.2722,965.3905,2254.553,897.54156,2249.6555,842.1146,2242.357,798.0097,2230.8025,769.2194,2211.6853,737.4112,2165.5227,704.02893,2167.715,708.2094,2242.61,734.59314,2304.7852,789.3572,2356.3513,868.3901,2384.8884,962.34186,2391.9258,1081.158,2382.1274,1187.7205,2350.8262,1274.3508,2303.648,1333.1359,2254.4988,1368.3483,2207.4426
532,532,8866,695.0064,2160.154,709.62415,2114.341,747.4564,2073.828,807.1312,2037.8787,894.37665,2015.371,980.8935,2038.2777,1079.851,2027.3215,1190.4003,2073.5852,1269.7446,2118.338,1325.5358,2164.3213,1358.4447,2208.274,1321.1729,2203.6948,1273.1385,2178.0469,1216.9578,2152.385,1149.9344,2130.0833,1068.9895,2115.9048,980.4204,2112.362,911.28546,2104.05,851.7545,2102.6765,802.36444,2115.5266,760.595,2134.1162,727.86945,2158.6619,1321.1729,2203.6948,1261.8993,2223.635,1203.5978,2234.6687,1128.0068,2242.9258,1039.7532,2251.2295,943.95056,2254.7375,878.3986,2249.4055,825.3737,2241.3096,783.9267,2229.9749,757.47833,2206.5486,727.86945,2158.6619,695.0064,2160.154,696.3661,2236.2937,719.65314,2303.8005,771.35583,2355.544,847.8964,2385.1025,939.93054,2392.7073,1060.1471,2382.574,1168.7832,2350.7078,1257.9795,2303.5615,1319.786,2254.8818,1358.4447,2208.274
533,533,8883,685.98376,2150.565,700.3709,2107.1052,737.5137,2068.9336,796.3471,2035.158,882.23615,2015.0181,968.12805,2038.5972,1067.8408,2029.948,1179.2891,2077.1667,1259.3523,2121.8271,1316.3156,2166.9094,1350.4325,2209.8113,1313.0479,2205.1006,1264.068,2180.2866,1206.8696,2155.1423,1138.9088,2132.2712,1056.8794,2116.818,967.4566,2112.6147,898.8484,2103.376,840.0975,2100.215,791.5546,2111.048,750.46674,2127.6873,718.5531,2149.9119,1313.0479,2205.1006,1251.8811,2224.3257,1191.8314,2234.8547,1114.1431,2242.7793,1023.8731,2250.979,926.38904,2254.3596,862.2834,2248.4893,810.90204,2240.0496,771.3746,2228.1047,746.6264,2198.5056,718.5531,2149.9119,685.98376,2150.565,685.25037,2227.3398,706.122,2302.1174,755.40643,2354.3533,830.06934,2384.6707,921.0432,2392.99,1042.9417,2382.9497,1153.9799,2350.9275,1245.3997,2304.0276,1309.3677,2255.9077,1350.4325,2209.8113
534,534,8900,678.1459,2145.47,692.86066,2103.5872,730.02203,2066.89,788.742,2034.3499,874.1629,2015.1063,959.8249,2039.7928,1059.9138,2033.3324,1171.7854,2080.8064,1252.2539,2125.0405,1309.6902,2169.2246,1344.1891,2211.1453,1306.5314,2206.4233,1257.1179,2182.5996,1199.5463,2158.2698,1131.162,2135.4023,1048.6031,2119.0945,958.84607,2112.8772,890.41693,2103.7087,831.9038,2099.8586,783.52075,2109.518,742.48047,2124.812,710.63074,2145.3096,1306.5314,2206.4233,1244.1847,2225.0374,1182.8676,2235.235,1103.7605,2243.0015,1012.15826,2251.238,913.4481,2254.6597,850.3074,2248.2998,799.83514,2239.199,761.3786,2226.9673,737.66925,2193.4653,710.63074,2145.3096,678.1459,2145.47,675.5374,2222.1555,694.7062,2301.5852,742.69635,2354.0317,816.5984,2385.406,907.0165,2394.3027,1030.2354,2384.0173,1142.8839,2351.534,1235.9161,2304.663,1301.5023,2256.8857,1344.1891,2211.1453
535,535,8916,672.802,2141.4253,686.99976,2100.5854,723.3683,2064.9211,781.3727,2033.3663,866.1221,2015.1185,951.3914,2040.6129,1051.8604,2035.5018,1164.7106,2083.1516,1245.8132,2127.1538,1303.9312,2170.8042,1338.91,2212.033,1301.047,2207.3223,1251.139,2184.24,1192.8877,2160.5708,1123.8197,2137.8853,1040.5836,2121.1174,950.4627,2113.223,882.49725,2103.9524,824.54224,2099.412,776.7693,2108.034,736.3367,2122.269,705.21545,2141.6157,1301.047,2207.3223,1237.3646,2225.665,1174.6702,2235.662,1093.9072,2243.4053,1000.8119,2251.8003,900.84094,2255.3745,839.0908,2248.5417,790.01776,2238.673,753.1501,2225.9585,730.91364,2189.6926,705.21545,2141.6157,672.802,2141.4253,668.47534,2218.3215,685.6844,2301.1292,731.82886,2354.1448,804.33026,2386.593,893.6558,2395.9846,1018.11523,2385.3193,1132.4526,2352.1938,1227.2241,2305.1775,1294.5184,2257.5784,1338.91,2212.033
536,536,8933,670.6102,2139.7063,685.21564,2099.4648,721.6735,2064.314,779.5244,2033.1765,863.9588,2015.189,949.1595,2041.6001,1049.3219,2037.5491,1161.5342,2085.0498,1242.3147,2128.7178,1300.2715,2171.8672,1335.4713,2212.5835,1297.8265,2207.9468,1247.9011,2185.4302,1189.7283,2162.268,1120.9003,2139.851,1038.0809,2122.913,948.2352,2113.699,880.3557,2104.235,822.52563,2099.3906,774.7687,2107.5427,734.2762,2121.2866,702.8707,2140.0461,1297.8265,2207.9468,1234.2747,2226.281,1171.8853,2236.2693,1091.8998,2244.0945,999.7739,2252.621,900.67365,2256.1917,838.37366,2248.9846,788.9818,2238.3647,751.7104,2225.3247,728.9961,2187.441,702.8707,2140.0461,670.6102,2139.7063,667.24,2215.8757,685.1849,2300.358,731.6663,2353.9592,804.3114,2387.042,893.88605,2396.8093,1017.23016,2386.0679,1130.2656,2352.6887,1224.0876,2305.6062,1291.0125,2258.0828,1335.4713,2212.5835
537,537,8950,668.9264,2137.0422,683.0659,2097.4377,718.9972,2063.0383,776.0334,2032.6989,858.8145,2015.2488,942.7542,2042.5823,1042.0133,2039.6178,1153.4951,2087.1711,1234.5944,2130.494,1293.2473,2173.1287,1329.7786,2213.334,1292.5481,2208.7463,1242.4718,2186.6118,1183.8335,2163.7239,1114.6294,2141.413,1031.8204,2124.2524,942.02673,2113.9736,875.0227,2104.3247,818.2076,2098.8237,771.2007,2106.2476,731.3506,2119.407,700.7895,2137.6052,1292.5481,2208.7463,1229.4653,2227.311,1167.5264,2237.3706,1088.2853,2245.1772,997.11084,2253.6152,899.0982,2256.927,836.80865,2249.309,787.61176,2238.0525,750.21985,2224.2222,727.12463,2185.0938,700.7895,2137.6052,668.9264,2137.0422,666.38684,2212.9255,684.7752,2297.9688,731.0434,2353.398,803.2657,2386.6243,892.73553,2396.7195,1014.85785,2386.28,1126.394,2353.0444,1219.1205,2306.1387,1285.4287,2258.7915,1329.7786,2213.334
538,538,8966,665.81323,2135.7056,679.8873,2096.3857,715.6302,2062.2964,772.5009,2032.3455,855.3114,2015.3035,939.51984,2043.3169,1039.1517,2040.7299,1151.1144,2088.0928,1232.5123,2131.199,1291.5635,2173.5615,1328.4545,2213.5054,1291.169,2208.9673,1240.64,2187.153,1181.6567,2164.575,1112.1287,2142.5037,1028.9147,2125.41,938.8427,2114.3916,871.67725,2104.4756,814.80707,2098.6353,767.9603,2105.686,728.24744,2118.5254,697.686,2136.3196,1291.169,2208.9673,1227.7852,2227.3645,1165.4543,2237.319,1085.6028,2245.0393,993.7339,2253.4343,895.1325,2256.6958,832.90344,2249.0012,783.8261,2237.6838,746.7073,2222.6643,723.906,2183.1687,697.686,2136.3196,665.81323,2135.7056,662.90027,2211.1306,680.8053,2296.3083,726.76685,2353.0125,798.9213,2386.4429,888.50885,2396.719,1011.3672,2386.3835,1123.8036,2353.1692,1217.2917,2306.2742,1284.0062,2258.9268,1328.4545,2213.5054
539,539,8983,664.299,2135.2747,679.09216,2096.2065,715.508,2062.2983,773.03296,2032.4705,856.60455,2015.3823,941.14746,2044.3419,1040.7074,2041.7832,1151.8785,2088.6506,1232.3225,2131.4666,1290.413,2173.5916,1326.3384,2213.3062,1289.0707,2208.8374,1238.9706,2187.3596,1180.8402,2165.1409,1112.1399,2143.4219,1029.6222,2126.6116,940.1087,2115.1118,872.6165,2104.6675,815.14685,2098.8838,767.6768,2105.8354,727.4108,2118.4697,696.2104,2135.9185,1289.0707,2208.8374,1225.7203,2226.9402,1163.4604,2236.765,1083.6194,2244.4204,991.6358,2252.806,892.73346,2256.1252,830.93085,2248.5347,781.8231,2237.372,744.74133,2221.1484,722.13727,2181.8179,696.2104,2135.9185,664.299,2135.2747,660.76117,2210.11,678.32135,2295.047,724.3505,2352.6726,796.5425,2386.0757,885.60266,2396.2322,1008.6958,2385.8079,1121.4807,2352.6167,1215.0938,2305.7727,1281.831,2258.533,1326.3384,2213.3062
540,540,9000,662.5403,2134.8855,677.9193,2096.085,714.7435,2062.3892,772.5879,2032.6527,856.2811,2015.4979,940.76697,2045.1792,1040.4816,2042.5051,1151.7328,2088.952,1232.0875,2131.5225,1289.9694,2173.435,1325.5807,2212.9543,1288.2915,2208.5488,1238.294,2187.3145,1180.3698,2165.377,1111.7357,2143.9565,1029.1503,2127.4321,939.6326,2115.6545,872.01434,2104.833,814.32196,2099.06,766.50183,2105.889,725.8417,2118.3408,694.3841,2135.5635,1288.2915,2208.5488,1224.7229,2226.474,1162.0641,2236.213,1081.4868,2243.8325,988.62555,2252.2363,888.7636,2255.6526,827.56885,2248.1638,778.72546,2237.1013,741.97614,2220.0251,719.8229,2180.9233,694.3841,2135.5635,662.5403,2134.8855,658.07544,2209.5142,675.00085,2294.2952,720.82965,2352.4668,792.8109,2385.8718,881.3288,2395.8733,1005.3033,2385.2588,1119.1001,2352.0366,1213.4631,2305.2107,1280.7123,2258.039,1325.5807,2212.9543
541,541,9016,663.02454,2134.2737,678.6317,2095.893,715.6497,2062.4958,773.5238,2032.8676,857.0664,2015.8104,941.3173,2046.2288,1040.6412,2043.4664,1151.1798,2089.4983,1231.0889,2131.7402,1288.6312,2173.3452,1324.1764,2212.6267,1287.1882,2208.2827,1237.4995,2187.2488,1179.8883,2165.5413,1111.6002,2144.3735,1029.367,2128.134,940.03314,2116.2434,872.44666,2104.9626,814.7394,2099.1865,766.8713,2105.8672,726.18774,2118.1006,694.6823,2135.0051,1287.1882,2208.2827,1224.1597,2226.1116,1162.1821,2235.8074,1082.5261,2243.3997,990.6752,2251.798,891.87836,2255.2327,830.2445,2247.8162,780.9221,2237.0054,743.5229,2218.4893,720.73785,2179.894,694.6823,2135.0051,663.02454,2134.2737,659.5578,2208.5645,677.3696,2292.6702,723.7838,2352.2546,796.0368,2385.4814,884.7006,2395.3875,1007.4784,2384.773,1119.9432,2351.5884,1213.1924,2304.7805,1279.6868,2257.643,1324.1764,2212.6267
542,542,9033,661.94385,2134.6345,677.3554,2096.1284,713.9882,2062.6204,771.4223,2032.9445,854.43066,2015.8285,938.2227,2046.5068,1037.4464,2043.5227,1148.5176,2089.3462,1228.815,2131.5261,1286.5859,2173.0596,1322.3107,2212.2578,1285.3755,2207.958,1235.6598,2187.0283,1177.8633,2165.4563,1109.2563,2144.4602,1026.6943,2128.4478,937.23785,2116.4927,870.0091,2105.088,812.7008,2099.2644,765.1574,2105.9336,724.67224,2118.2085,693.4006,2135.264,1285.3755,2207.958,1221.7429,2225.727,1158.9386,2235.3855,1078.283,2242.9668,985.5605,2251.3772,886.0579,2254.8865,825.5363,2247.5608,777.1843,2236.7825,740.7489,2217.915,718.75934,2179.6846,693.4006,2135.264,661.94385,2134.6345,657.6663,2208.5615,674.5668,2292.1973,720.0466,2352.0603,791.28455,2385.2266,878.8734,2395.0056,1001.9309,2384.2952,1115.1118,2351.1614,1209.3588,2304.3413,1276.8928,2257.2117,1322.3107,2212.2578
543,543,9050,660.65704,2134.872,676.6692,2096.3667,713.9649,2062.8318,771.9458,2033.0972,855.5654,2015.9484,939.63184,2046.9333,1038.638,2043.7161,1149.0641,2089.2712,1228.8119,2131.36,1286.0846,2172.8367,1321.2474,2211.9814,1284.3555,2207.702,1234.8079,2186.8904,1177.4846,2165.4668,1109.3534,2144.6577,1027.2906,2128.899,938.3374,2116.9817,870.8954,2105.16,813.1752,2099.46,765.1613,2106.179,724.19366,2118.4377,692.1499,2135.438,1284.3555,2207.702,1221.0026,2225.3655,1158.5392,2235.0427,1078.4088,2242.6885,986.272,2251.1223,887.42444,2254.6223,826.5248,2247.4487,777.623,2236.485,740.5198,2216.5244,717.98975,2179.1296,692.1499,2135.438,660.65704,2134.872,656.7055,2208.346,674.24384,2291.2695,720.4629,2351.9097,792.2536,2384.9355,880.13293,2394.597,1002.6045,2383.9016,1115.2753,2350.8274,1209.0703,2303.981,1276.2328,2256.8523,1321.2474,2211.9814
544,544,9066,661.56683,2135.0144,677.2357,2096.4277,714.0658,2062.8757,771.5581,2033.1569,854.6159,2015.9954,938.45074,2047.1473,1037.1688,2043.7548,1147.2208,2089.0874,1226.8163,2131.1003,1283.9862,2172.5444,1319.1659,2211.7043,1282.3785,2207.4487,1233.1334,2186.634,1176.01,2165.2415,1108.0535,2144.5215,1026.1552,2128.9197,937.32025,2117.0059,870.1244,2105.2175,812.7923,2099.3591,765.2287,2106.0334,724.6874,2118.3564,693.0123,2135.4978,1282.3785,2207.4487,1219.3085,2225.085,1157.1761,2234.7495,1077.562,2242.3865,985.9208,2250.8318,887.504,2254.38,826.6325,2247.2334,777.9752,2236.3489,741.162,2215.956,718.7676,2178.958,693.0123,2135.4978,661.56683,2135.0144,657.7163,2208.2695,675.08734,2290.7012,720.93964,2351.7507,792.5342,2384.7659,880.4837,2394.4077,1002.5917,2383.6396,1114.6558,2350.5378,1207.7954,2303.6938,1274.4435,2256.5608,1319.1659,2211.7043
545,545,9083,662.0663,2134.9436,677.53674,2096.3306,714.0636,2062.816,771.19055,2033.1725,853.7522,2016.0288,937.41626,2047.3127,1036.0453,2043.7699,1146.1356,2088.9177,1225.9578,2130.859,1283.3253,2172.2705,1318.7045,2211.4556,1282.0194,2207.2231,1232.8215,2186.3943,1175.6271,2165.0234,1107.5037,2144.378,1025.4446,2128.901,936.51385,2117.08,869.5147,2105.1914,812.44214,2099.1174,765.17,2105.7256,724.8752,2118.0957,693.4157,2135.3687,1282.0194,2207.2231,1219.1145,2224.8354,1157.0065,2234.498,1077.3527,2242.135,985.616,2250.572,887.1491,2254.1274,826.3813,2247.047,777.9036,2236.2964,741.3067,2215.1719,719.0522,2178.6565,693.4157,2135.3687,662.0663,2134.9436,658.23315,2207.994,675.4823,2289.7373,721.1058,2351.7192,792.4936,2384.5847,880.2903,2394.1348,1002.3342,2383.3875,1114.3632,2350.351,1207.4998,2303.4795,1274.0928,2256.3079,1318.7045,2211.4556
546,546,9100,662.22675,2134.9924,677.65265,2096.3484,714.0968,2062.848,771.1466,2033.2374,853.54315,2016.137,937.3203,2047.5385,1036.0121,2043.8452,1146.1508,2088.774,1226.1243,2130.6174,1283.5969,2172.0183,1319.0631,2211.3008,1282.4775,2207.0867,1233.3914,2186.2256,1176.1234,2164.8674,1107.859,2144.2808,1025.6123,2128.8926,936.48047,2117.1558,869.31384,2105.112,812.1869,2098.8523,764.9421,2105.4502,724.6931,2117.9304,693.44946,2135.3894,1282.4775,2207.0867,1219.6733,2224.6382,1157.5044,2234.2861,1077.6328,2241.9084,985.6039,2250.34,886.80695,2253.9236,825.88403,2246.8743,777.3594,2236.1597,740.8567,2214.838,718.77386,2178.6086,693.44946,2135.3894,662.22675,2134.9924,658.197,2207.937,675.2488,2289.1943,720.7948,2351.6165,792.2017,2384.409,880.06287,2393.9023,1002.2897,2383.1882,1114.4937,2350.2449,1207.8075,2303.3599,1274.4645,2256.1484,1319.0631,2211.3008
547,547,9116,662.2221,2135.0315,677.5298,2096.2905,713.94354,2062.7659,770.98346,2033.2034,853.457,2016.1622,937.30786,2047.6014,1035.9631,2043.8057,1146.0719,2088.6316,1226.0681,2130.4446,1283.6238,2171.8293,1319.2437,2211.119,1282.721,2206.919,1233.5372,2186.0535,1176.181,2164.7107,1107.8519,2144.1755,1025.606,2128.8762,936.46826,2117.2168,869.27905,2105.0735,812.12494,2098.6895,764.8885,2105.283,724.6848,2117.8264,693.45636,2135.3948,1282.721,2206.919,1220.0641,2224.4607,1158.0918,2234.102,1078.5045,2241.7188,986.80164,2250.1565,888.3834,2253.7576,827.0454,2246.7334,778.1976,2236.1018,741.3652,2214.4133,718.9982,2178.5093,693.45636,2135.3948,662.2221,2135.0315,658.48724,2207.8472,675.86475,2288.626,721.7275,2351.5486,793.49457,2384.2583,881.74896,2393.7153,1003.7086,2382.9832,1115.5566,2350.034,1208.5839,2303.1572,1274.9519,2255.9548,1319.2437,2211.119
548,548,9133,662.8934,2135.146,678.39154,2096.4424,714.93134,2062.9224,772.1136,2033.292,854.7631,2016.3632,938.6437,2047.8616,1037.2759,2043.9158,1147.0692,2088.5864,1226.6284,2130.3247,1283.7695,2171.6646,1318.9958,2210.9595,1282.5327,2206.7732,1233.4857,2185.8992,1176.3596,2164.5664,1108.3566,2144.0752,1026.4453,2128.8645,937.59204,2117.244,870.3982,2105.105,813.17926,2098.6975,765.8251,2105.3242,725.54156,2117.8975,694.1632,2135.505,1282.5327,2206.7732,1219.8372,2224.3071,1157.9521,2233.9473,1078.41,2241.558,986.7544,2249.9915,888.2519,2253.6057,827.19385,2246.6045,778.4932,2236.0305,741.8288,2214.0876,719.61707,2178.4692,694.1632,2135.505,662.8934,2135.146,658.9979,2207.8547,676.10645,2288.3047,721.7557,2351.4358,793.30774,2384.1199,881.1944,2393.5488,1003.28253,2382.8037,1115.241,2349.9014,1208.2698,2303.0283,1274.6587,2255.7988,1318.9958,2210.9595
549,549,9150,663.50275,2134.7324,679.2148,2096.2783,715.8977,2062.9314,773.15814,2033.3599,855.81,2016.5696,939.6705,2048.19,1038.2179,2044.1437,1147.6671,2088.6755,1226.9442,2130.3005,1283.9382,2171.5518,1319.0834,2210.8142,1282.7015,2206.6392,1233.6315,2185.764,1176.6555,2164.4512,1108.8638,2144.003,1027.2072,2128.8774,938.5464,2117.2812,871.4011,2105.1323,814.14075,2098.6648,766.7021,2105.248,726.3846,2117.736,694.7861,2135.157,1282.7015,2206.6392,1220.0908,2224.2166,1158.4191,2233.9158,1079.1703,2241.4739,987.85614,2249.873,889.7267,2253.4443,828.5479,2246.273,779.6863,2235.341,742.8186,2212.8586,720.4123,2177.8782,694.7861,2135.157,663.50275,2134.7324,659.8681,2207.302,677.1814,2287.0684,722.99286,2351.0164,794.61743,2383.952,882.5481,2393.5178,1004.3237,2382.7664,1116.0198,2349.868,1208.7966,2302.9468,1274.9462,2255.6677,1319.0834,2210.8142
550,550,9166,663.7517,2135.1118,679.3494,2096.5522,715.8554,2063.0852,772.99066,2033.4205,855.6553,2016.6313,939.5767,2048.2903,1038.2634,2044.1536,1148.027,2088.7136,1227.3778,2130.3694,1284.3633,2171.5981,1319.4525,2210.766,1282.9993,2206.5876,1233.8372,2185.7668,1176.8684,2164.4866,1109.0276,2144.0571,1027.2693,2129.0046,938.5515,2117.4736,871.4542,2105.1616,814.21985,2098.7358,766.8725,2105.4165,726.63904,2117.9897,695.0442,2135.4846,1282.9993,2206.5876,1220.1089,2224.0923,1158.1343,2233.7952,1078.4594,2241.3958,986.6817,2249.798,888.1002,2253.3481,827.46,2246.1953,778.98016,2235.2937,742.522,2212.741,720.4623,2177.9675,695.0442,2135.4846,663.7517,2135.1118,659.77844,2207.4653,676.67944,2287.0078,722.1418,2350.9304,793.4327,2383.8625,880.8329,2393.3955,1002.95105,2382.6174,1115.1483,2349.7422,1208.4329,2302.8093,1274.9976,2255.5403,1319.4525,2210.766
551,551,9183,664.0261,2135.451,679.5844,2096.803,715.98346,2063.222,773.0227,2033.4417,855.59705,2016.8215,939.4219,2048.5425,1038.1089,2044.3229,1148.0408,2088.9648,1227.4619,2130.6616,1284.471,2171.8704,1319.5245,2210.9067,1282.9779,2206.7139,1233.7859,2185.963,1176.7885,2164.7002,1108.9092,2144.265,1027.0809,2129.2598,938.40826,2117.8018,871.424,2105.2605,814.309,2098.776,767.0504,2105.5645,726.84863,2118.2195,695.3154,2135.783,1282.9779,2206.7139,1219.6926,2224.0784,1157.2651,2233.6877,1077.0181,2241.257,984.7092,2249.668,885.6845,2253.2598,825.7295,2246.128,777.82874,2235.185,741.93304,2212.6697,720.34485,2178.0518,695.3154,2135.783,664.0261,2135.451,659.51624,2207.595,675.7698,2286.8938,720.6361,2350.9963,791.36285,2383.959,878.16785,2393.4421,1000.72516,2382.5278,1113.519,2349.583,1207.4269,2302.6768,1274.5673,2255.5293,1319.5245,2210.9067
552,552,9200,663.9428,2135.627,679.4758,2096.8953,715.8393,2063.2751,772.909,2033.5741,855.6483,2017.0889,939.593,2048.8325,1038.3533,2044.4918,1148.4404,2089.1975,1227.8947,2130.9504,1284.8823,2172.149,1319.8667,2211.0698,1283.2449,2206.8542,1234.0077,2186.2083,1177.0302,2165.01,1109.123,2144.5994,1027.22,2129.6882,938.5151,2118.4001,871.4672,2105.6116,814.324,2099.0032,767.0631,2105.6682,726.83777,2118.2717,695.22516,2135.9128,1283.2449,2206.8542,1219.7222,2224.0427,1157.0486,2233.5789,1076.5328,2241.1467,983.9611,2249.5613,884.7054,2253.1648,824.8611,2246.055,777.07275,2235.0935,741.3676,2212.5981,720.02423,2178.1206,695.22516,2135.9128,663.9428,2135.627,659.0004,2207.7817,674.9449,2286.8723,719.6875,2351.1812,790.39746,2384.0913,877.1522,2393.4868,999.85626,2382.4443,1112.9001,2349.4465,1207.1311,2302.5654,1274.6139,2255.5374,1319.8667,2211.0698
553,553,9216,664.26465,2135.8713,679.7056,2097.0864,715.92554,2063.359,772.82886,2033.6952,855.3396,2017.5782,939.2494,2049.396,1038.0684,2045.042,1148.3378,2089.775,1228.0619,2131.426,1285.3424,2172.4648,1320.5375,2211.1987,1283.9723,2206.97,1234.6302,2186.3977,1177.5021,2165.241,1109.3632,2144.8467,1027.2133,2129.9817,938.29504,2118.7783,871.26166,2105.7563,814.219,2099.0234,767.09784,2105.7793,727.03516,2118.4512,695.4767,2136.1328,1283.9723,2206.97,1220.5435,2224.0369,1157.9596,2233.4968,1077.525,2241.0498,985.0641,2249.4878,886.0502,2253.1199,825.7802,2246.0337,777.74255,2235.0127,741.8294,2212.4338,720.3613,2178.1892,695.4767,2136.1328,664.26465,2135.8713,659.62146,2207.893,675.8688,2286.6702,720.85364,2351.1094,791.7295,2384.0583,878.75073,2393.442,1001.1198,2382.373,1113.8815,2349.3445,1208.002,2302.4753,1275.3982,2255.5515,1320.5375,2211.1987
554,554,9233,664.7066,2135.9658,680.0694,2097.1177,716.22754,2063.4375,773.1131,2033.825,855.70105,2017.8069,939.68506,2049.65,1038.5908,2045.2227,1149.0535,2090.0833,1228.8074,2131.8604,1286.0518,2172.9587,1321.1838,2211.617,1284.5862,2207.345,1235.2129,2186.8777,1178.0942,2165.718,1109.9379,2145.2742,1027.7158,2130.4187,938.7604,2119.3032,871.72955,2106.0808,814.69415,2099.2544,767.6048,2105.9236,727.56274,2118.5283,695.9802,2136.191,1284.5862,2207.345,1221.1154,2224.1235,1158.3785,2233.441,1077.6681,2240.9534,984.8626,2249.397,885.5256,2253.0403,825.54443,2245.9695,777.74036,2234.9346,742.0782,2212.373,720.77936,2178.2622,695.9802,2136.191,664.7066,2135.9658,659.8691,2208.058,675.8619,2286.6497,720.6229,2351.242,791.32715,2384.1543,878.15326,2393.4778,1000.84796,2382.323,1114.0311,2349.2458,1208.501,2302.4414,1276.079,2255.7212,1321.1838,2211.617
555,555,9250,665.0519,2136.181,680.42413,2097.2603,716.59375,2063.4834,773.49506,2034.0658,856.1379,2018.3901,940.171,2050.2556,1039.082,2045.7603,1149.4618,2090.5898,1229.1871,2132.301,1286.4481,2173.2979,1321.6187,2211.8208,1285.0203,2207.5356,1235.5897,2187.137,1178.491,2165.982,1110.361,2145.5164,1028.1792,2130.6802,939.23444,2119.652,872.1672,2106.26,815.0924,2099.3396,768.0019,2105.9697,727.9955,2118.655,696.36237,2136.3826,1285.0203,2207.5356,1221.6326,2224.1238,1159.0624,2233.373,1078.5939,2240.8965,986.06226,2249.3706,887.0095,2252.9768,826.74384,2245.8555,778.69617,2234.7434,742.7952,2212.1277,721.31696,2178.3152,696.36237,2136.3826,665.0519,2136.181,660.43475,2208.1594,676.7156,2286.438,721.7634,2351.1157,792.68787,2384.05,879.69055,2393.4165,1002.09326,2382.2942,1114.9882,2349.1912,1209.223,2302.3694,1276.6239,2255.7534,1321.6187,2211.8208
556,556,9266,665.3477,2136.2659,680.6963,2097.294,716.8416,2063.5876,773.7712,2034.2534,856.4536,2018.6774,940.46295,2050.5017,1039.4497,2045.9706,1149.9349,2090.851,1229.659,2132.6216,1286.8748,2173.6748,1321.9811,2212.1814,1285.3397,2207.874,1235.9319,2187.4817,1178.8336,2166.32,1110.6919,2145.838,1028.4503,2131.0098,939.4836,2120.0186,872.4342,2106.5095,815.3773,2099.5266,768.2836,2106.0781,728.2847,2118.6978,696.6984,2136.4202,1285.3397,2207.874,1221.8059,2224.4275,1158.9098,2233.5723,1077.8375,2241.0327,984.5494,2249.5476,884.6181,2253.3262,825.02466,2246.2947,777.573,2235.1099,742.3208,2212.3345,721.35254,2178.6475,696.6984,2136.4202,665.3477,2136.2659,660.19147,2208.4832,675.62836,2286.7195,719.9201,2351.784,790.2815,2384.7036,876.75543,2393.9358,1000.13855,2382.5188,1114.0536,2349.2205,1209.0243,2302.4644,1276.8394,2256.0222,1321.9811,2212.1814
557,557,9283,665.6242,2136.416,680.9994,2097.447,717.2006,2063.6692,774.19147,2034.334,856.9668,2019.0028,941.036,2050.893,1040.0017,2046.3226,1150.4073,2091.1785,1230.0881,2132.8865,1287.2695,2173.8547,1322.3282,2212.2732,1285.7013,2207.9492,1236.305,2187.6326,1179.2389,2166.5188,1111.1378,2146.0625,1028.9613,2131.2673,940.0355,2120.3452,872.9361,2106.6633,815.8191,2099.5725,768.66895,2106.1592,728.63257,2118.8413,696.9915,2136.5706,1285.7013,2207.9492,1222.2762,2224.4128,1159.5365,2233.5217,1078.7384,2240.97,985.7929,2249.4863,886.2391,2253.277,826.2905,2246.2803,778.5403,2235.005,742.9925,2212.1184,721.8022,2178.6611,696.9915,2136.5706,665.6242,2136.416,660.68164,2208.5479,676.44855,2286.577,721.08575,2351.7632,791.7632,2384.6484,878.5669,2393.876,1001.58655,2382.46,1115.0875,2349.1511,1209.7362,2302.4263,1277.3434,2256.048,1322.3282,2212.2732
558,558,9300,665.90125,2136.561,681.2904,2097.568,717.52136,2063.7214,774.5422,2034.4297,857.34033,2019.3431,941.42847,2051.3047,1040.3884,2046.664,1150.7775,2091.4507,1230.4567,2133.105,1287.5758,2174.0085,1322.4937,2212.3716,1285.9133,2208.0332,1236.5865,2187.735,1179.5851,2166.6348,1111.5193,2146.1887,1029.3595,2131.4224,940.4277,2120.5603,873.32227,2106.7559,816.1872,2099.588,769.0108,2106.236,728.961,2118.9595,697.2873,2136.7078,1285.9133,2208.0332,1222.6493,2224.4265,1160.0793,2233.4895,1079.4817,2240.9082,986.7258,2249.4216,887.36646,2253.221,827.1996,2246.2358,779.26685,2234.986,743.5338,2212.052,722.205,2178.7056,697.2873,2136.7078,665.90125,2136.561,661.09705,2208.6147,677.05493,2286.5388,721.8999,2351.7158,792.78973,2384.6106,879.81696,2393.8418,1002.6812,2382.4302,1115.9624,2349.1128,1210.3645,2302.432,1277.7256,2256.1077,1322.4937,2212.3716
559,559,9316,666.12115,2136.6763,681.5223,2097.6638,717.7746,2063.7705,774.81915,2034.4764,857.6422,2019.5059,941.7427,2051.4778,1040.706,2046.7705,1151.0931,2091.5256,1230.7396,2133.1553,1287.7368,2174.0244,1322.6177,2212.3594,1285.9961,2208.0212,1236.6853,2187.7314,1179.8132,2166.6372,1111.8298,2146.198,1029.7013,2131.456,940.7571,2120.6296,873.62994,2106.7773,816.4769,2099.626,769.28076,2106.3103,729.2199,2119.057,697.52234,2136.8167,1285.9961,2208.0212,1222.8672,2224.4014,1160.4851,2233.4558,1080.0529,2240.875,987.4096,2249.3901,888.14606,2253.1882,827.84265,2246.2053,779.7979,2234.9639,743.94366,2212.0159,722.5199,2178.7437,697.52234,2136.8167,666.12115,2136.6763,661.43274,2208.666,677.53595,2286.51,722.5241,2351.6746,793.53656,2384.5693,880.6858,2393.7986,1003.45654,2382.388,1116.6077,2349.0703,1210.8473,2302.3962,1277.9786,2256.0876,1322.6177,2212.3594
560,560,9333,666.30457,2136.7727,681.7306,2097.7708,717.9936,2063.8542,775.01746,2034.5016,857.82306,2019.5808,941.8886,2051.5598,1040.7737,2046.7919,1151.2981,2091.5115,1231.1301,2133.1323,1288.3794,2173.9963,1323.52,2212.3328,1286.9244,2207.997,1237.4042,2187.7056,1180.3225,2166.6123,1112.0924,2146.1812,1029.7421,2131.4534,940.9608,2120.6475,873.8779,2106.8052,816.7383,2099.6816,769.5303,2106.3967,729.44745,2119.1587,697.70746,2136.9163,1286.9244,2207.997,1223.4855,2224.3826,1160.8389,2233.4414,1080.1797,2240.8542,987.8804,2249.3606,888.8667,2253.1553,828.46857,2246.1467,780.3132,2234.8584,744.3169,2211.87,722.7827,2178.7617,697.70746,2136.9163,666.30457,2136.7727,661.72144,2208.7178,677.9907,2286.4043,723.14264,2351.6401,794.2757,2384.5496,881.52875,2393.7812,1004.1101,2382.372,1116.9602,2349.0503,1210.9818,2302.3743,1278.51,2256.0635,1323.52,2212.3328
561,561,9350,666.47156,2136.8413,681.90454,2097.797,718.1714,2063.9114,775.1701,2034.5494,857.9021,2019.5938,941.9725,2051.5383,1041.0308,2046.7289,1151.7904,2091.4817,1231.8307,2133.1213,1289.3219,2173.9846,1324.655,2212.3237,1287.876,2207.983,1238.1141,2187.6934,1180.9001,2166.603,1112.4916,2146.1594,1029.949,2131.4329,941.0042,2120.6716,873.9599,2106.8303,816.85913,2099.7236,769.6695,2106.439,729.6067,2119.1816,697.88086,2136.9578,1287.876,2207.983,1224.0045,2224.2537,1161.0292,2233.1672,1080.4114,2240.4163,988.34863,2248.8645,889.4912,2252.7234,828.977,2245.8042,780.724,2234.6108,744.6269,2211.733,723.0128,2178.792,697.88086,2136.9578,666.47156,2136.8413,661.96423,2208.7703,678.35815,2286.3608,723.64594,2351.612,794.8843,2384.4941,882.23505,2393.6526,1004.6835,2382.1877,1117.2969,2348.8408,1211.1493,2302.236,1279.1584,2256.0054,1324.655,2212.3237
562,562,9366,666.5013,2136.8955,681.9779,2097.8184,718.3128,2063.9585,775.46045,2034.5895,858.44135,2019.597,942.7046,2051.4854,1042.0132,2046.6055,1153.0363,2091.3513,1233.2601,2132.9956,1290.8915,2173.8606,1326.2515,2212.1755,1289.3428,2207.8198,1239.4492,2187.5366,1182.1516,2166.441,1113.5892,2145.999,1030.8298,2131.3186,941.64514,2120.663,874.4343,2106.8333,817.1733,2099.7664,769.86707,2106.4968,729.74115,2119.2236,697.9216,2136.989,1289.3428,2207.8198,1225.0248,2223.9363,1161.6713,2232.689,1080.5577,2239.8176,988.66455,2248.2935,889.99066,2252.308,829.38306,2245.505,781.05133,2234.4285,744.86426,2211.649,723.148,2178.8162,697.9216,2136.989,666.5013,2136.8955,662.1595,2208.8462,678.64734,2286.321,724.03687,2351.58,795.36255,2384.4678,882.7855,2393.595,1005.1295,2382.0188,1117.4169,2348.5408,1211.6981,2301.9368,1280.2516,2255.781,1326.2515,2212.1755
563,563,9383,666.7474,2136.9873,682.3093,2097.9082,718.8672,2064.0278,776.34875,2034.6016,859.789,2019.5571,944.2632,2051.3914,1043.6891,2046.4775,1154.6548,2091.261,1234.8433,2132.9377,1292.4377,2173.8281,1327.7428,2212.151,1290.7722,2207.775,1240.7638,2187.4958,1183.5298,2166.392,1114.986,2145.934,1032.2552,2131.2566,943.0032,2120.6633,875.5798,2106.8289,818.0539,2099.7969,770.4991,2106.5623,730.213,2119.3079,698.2062,2137.0776,1290.7722,2207.775,1226.5117,2223.6897,1163.2578,2232.211,1082.2166,2239.0708,990.1741,2247.3733,891.3649,2251.3381,830.52924,2244.526,781.88275,2233.512,745.416,2210.9695,723.54,2178.6958,698.2062,2137.0776,666.7474,2136.9873,662.4433,2208.8706,679.095,2285.9956,724.77185,2351.2144,796.40674,2384.035,883.9761,2393.1357,1006.4043,2381.6052,1118.8986,2348.1997,1213.2966,2301.7166,1281.7888,2255.672,1327.7428,2212.151
564,564,9400,667.2894,2137.0225,682.89124,2097.9429,719.5442,2064.045,777.17096,2034.5774,860.6828,2019.5183,945.1966,2051.3054,1044.6395,2046.36,1155.5979,2091.0955,1235.8804,2132.7212,1293.5569,2173.5618,1328.9377,2211.8206,1291.983,2207.4343,1241.9829,2187.1711,1184.6708,2166.0789,1116.0128,2145.6572,1033.1692,2131.0413,943.7997,2120.57,876.29535,2106.7168,818.6953,2099.7217,771.05334,2106.539,730.7325,2119.3237,698.733,2137.1057,1291.983,2207.4343,1227.6901,2223.2275,1164.2783,2231.6208,1082.9585,2238.3599,990.5753,2246.6052,891.5246,2250.6125,830.7326,2243.843,782.10205,2232.8877,745.66235,2210.464,723.86914,2178.5557,698.733,2137.1057,667.2894,2137.0225,662.7394,2208.8267,679.25543,2285.6106,724.88617,2350.791,796.48444,2383.4788,884.0672,2392.4792,1006.55646,2380.8774,1119.3584,2347.4614,1214.1152,2301.1196,1282.8142,2255.2307,1328.9377,2211.8206
565,565,9416,667.956,2136.7598,683.56244,2097.7625,720.24023,2063.9006,777.9274,2034.4219,861.3863,2019.3807,945.8567,2051.1238,1045.348,2046.1283,1156.391,2090.7983,1236.7711,2132.3916,1294.5072,2173.1892,1329.9104,2211.3464,1292.9181,2206.9438,1242.9025,2186.7334,1185.5497,2165.6396,1116.8097,2145.2236,1033.8315,2130.6694,944.3657,2120.33,876.8496,2106.4248,819.2596,2099.4485,771.6233,2106.312,731.35315,2119.1172,699.39954,2136.848,1292.9181,2206.9438,1228.4866,2222.4788,1164.8749,2230.66,1083.2615,2237.2222,990.6293,2245.3938,891.73096,2249.4348,830.8178,2242.6846,782.20026,2231.754,745.9027,2209.425,724.28973,2178.0022,699.39954,2136.848,667.956,2136.7598,663.0441,2208.4636,679.3048,2284.8955,725.0373,2350.1956,796.725,2382.8481,884.38025,2391.7888,1006.7602,2380.1167,1119.5004,2346.616,1214.6241,2300.3406,1283.5669,2254.5986,1329.9104,2211.3464
566,566,9433,668.7415,2136.4033,684.47186,2097.4832,721.36926,2063.6575,779.3249,2034.1715,862.9979,2019.1599,947.66833,2050.8418,1047.2516,2045.793,1158.189,2090.352,1238.5205,2131.8704,1296.2107,2172.5955,1331.5645,2210.6392,1294.4711,2206.221,1244.4491,2186.0793,1187.1738,2164.9976,1118.4714,2144.5925,1035.4651,2130.1138,945.92377,2119.9302,878.1849,2105.9856,820.4055,2099.042,772.6185,2105.965,732.2708,2118.8015,700.22626,2136.486,1294.4711,2206.221,1229.9376,2221.4487,1166.2881,2229.4392,1084.5736,2235.8596,991.6949,2244.002,892.57324,2248.0842,831.68634,2241.3672,783.01886,2230.4592,746.6722,2208.2285,725.0831,2177.3113,700.22626,2136.486,668.7415,2136.4033,663.5865,2208.0317,679.7397,2284.1064,725.4928,2349.483,797.287,2382.0562,884.9794,2390.8923,1007.60034,2379.1218,1120.7068,2345.5137,1216.0966,2299.282,1285.1195,2253.6995,1331.5645,2210.6392
567,567,9450,669.18054,2135.4465,684.90326,2096.5464,721.8437,2062.7327,779.89685,2033.2533,863.64374,2018.2947,948.4767,2049.8047,1048.2919,2044.6044,1159.4446,2088.9146,1239.9445,2130.2754,1297.7155,2170.8914,1333.0172,2208.8176,1295.8973,2204.4539,1246.0277,2184.3347,1188.6718,2163.2683,1119.83,2142.973,1036.5709,2128.7058,946.7853,2118.8022,878.8405,2104.8289,820.9285,2097.907,773.05206,2104.8853,732.6155,2117.7988,700.63556,2135.558,1295.8973,2204.4539,1231.2386,2219.8818,1167.3333,2227.942,1085.2194,2234.4307,991.891,2242.6685,892.73395,2246.896,831.78534,2240.2932,783.06726,2229.435,746.76013,2207.1926,725.28766,2176.481,700.63556,2135.558,669.18054,2135.4465,663.75867,2207.2517,679.7788,2283.077,725.60565,2348.4802,797.44543,2380.8594,885.1853,2389.52,1007.7092,2377.536,1121.258,2343.7393,1217.0653,2297.5095,1286.3378,2251.958,1333.0172,2208.8176
568,568,9466,669.8397,2134.667,685.57935,2095.798,722.5061,2062.0137,780.51984,2032.5419,864.1267,2017.6279,948.9749,2049.0496,1048.8759,2043.7853,1160.1537,2087.987,1240.885,2129.203,1298.9537,2169.6602,1334.5809,2207.444,1297.5133,2203.1204,1247.498,2183.0312,1189.8428,2162.0425,1120.7153,2141.8423,1037.2065,2127.7095,947.2775,2117.972,879.3118,2103.9468,821.4274,2097.0278,773.56775,2104.026,733.08496,2116.97,701.1558,2134.7834,1297.5133,2203.1204,1232.6947,2218.7302,1168.5474,2226.8713,1086.0798,2233.4302,992.3503,2241.78,892.9164,2246.1292,832.0348,2239.5747,783.36896,2228.6897,747.11725,2206.386,725.72107,2175.81,701.1558,2134.7834,669.8397,2134.667,664.2138,2206.5967,680.086,2282.256,725.80115,2347.7993,797.5865,2380.185,885.3231,2388.7932,1008.13904,2376.6787,1122.0643,2342.686,1218.2146,2296.327,1287.6971,2250.6865,1334.5809,2207.444
569,569,9483,670.17456,2133.3245,685.962,2094.5933,722.93085,2060.9678,780.95056,2031.6185,864.47437,2016.8892,949.3918,2048.263,1049.4048,2042.9828,1160.7208,2087.0525,1241.5868,2128.0493,1299.8466,2168.213,1335.7424,2205.7695,1298.7477,2201.5554,1248.6882,2181.5747,1190.8213,2160.7039,1121.5057,2140.6367,1037.8319,2126.6313,947.7174,2117.04,879.6773,2102.929,821.7692,2095.9397,773.8827,2102.8792,733.3261,2115.7869,701.4172,2133.544,1298.7477,2201.5554,1233.9036,2217.5493,1169.733,2225.9236,1087.1904,2232.6497,993.2641,2241.099,893.6174,2245.475,832.63025,2238.9038,783.8753,2227.8884,747.52045,2205.3948,726.0439,2174.8464,701.4172,2133.544,670.17456,2133.3245,664.57635,2205.465,680.50366,2280.9512,726.2454,2346.706,798.10834,2379.2144,886.02734,2387.88,1009.1368,2375.7478,1123.2255,2341.6086,1219.4087,2295.0867,1288.8542,2249.2666,1335.7424,2205.7695
570,570,9500,670.5034,2132.91,686.25543,2094.1704,723.2096,2060.5046,781.2456,2031.0781,864.7668,2016.2761,949.74896,2047.4495,1049.7601,2042.044,1161.108,2085.9578,1242.0544,2126.798,1300.3817,2166.776,1336.3475,2204.1272,1299.3646,2199.977,1249.344,2180.1172,1191.454,2159.3315,1122.066,2139.3696,1038.3158,2125.522,948.139,2116.1506,880.015,2102.131,822.06,2095.2612,774.14905,2102.3115,733.57196,2115.301,701.7114,2133.1243,1299.3646,2199.977,1234.5093,2216.1113,1170.2981,2224.5564,1087.639,2231.3752,993.52295,2239.9268,893.72437,2244.4233,832.71735,2237.9785,783.9614,2227.0505,747.6391,2204.6465,726.2284,2174.3433,701.7114,2133.1243,670.5034,2132.91,664.79193,2204.9614,680.62604,2280.0574,726.33057,2345.6687,798.2077,2378.0237,886.1463,2386.5356,1009.3897,2374.3113,1123.6512,2340.0576,1219.9602,2293.5093,1289.4375,2247.6843,1336.3475,2204.1272
571,571,9516,670.5465,2132.966,686.30383,2094.222,723.237,2060.528,781.3091,2031.0336,864.96216,2016.0898,950.02454,2047.151,1050.0753,2041.596,1161.5448,2085.5066,1242.5052,2126.3745,1300.7792,2166.3687,1336.6265,2203.6484,1299.5948,2199.4875,1249.6133,2179.7512,1191.8082,2159.0273,1122.4331,2139.108,1038.6205,2125.3374,948.391,2116.064,880.1657,2102.0977,822.1164,2095.2769,774.18066,2102.3547,733.6344,2115.3525,701.76514,2133.1682,1299.5948,2199.4875,1234.624,2215.2126,1170.3173,2223.3267,1087.7327,2229.8823,993.62714,2238.3933,893.71735,2243.0713,832.80237,2236.883,784.0535,2226.2534,747.71655,2204.1643,726.3008,2174.1882,701.76514,2133.1682,670.5465,2132.966,664.84717,2204.9482,680.71796,2279.8367,726.4536,2345.2078,798.3166,2377.1807,886.10223,2385.3843,1009.40857,2372.8762,1123.7322,2338.5706,1220.0048,2292.3372,1289.5132,2246.9062,1336.6265,2203.6484
572,572,9533,670.58765,2132.9736,686.3387,2094.2593,723.29474,2060.5654,781.4691,2031.0521,865.25494,2016.0759,950.37616,2047.1052,1050.4456,2041.4852,1161.8594,2085.353,1242.7389,2126.1768,1300.9624,2166.0967,1336.7678,2203.2517,1299.744,2199.0981,1249.7585,2179.4973,1192.0133,2158.8564,1122.696,2138.9878,1038.9178,2125.269,948.68335,2116.0564,880.38336,2102.108,822.23914,2095.3103,774.21606,2102.4006,733.68176,2115.3936,701.81415,2133.1719,1299.744,2199.0981,1234.7329,2214.5535,1170.4098,2222.498,1087.766,2228.9348,993.722,2237.4226,893.8742,2242.1448,832.9371,2236.041,784.18274,2225.534,747.826,2203.6377,726.38226,2173.9568,701.81415,2133.1719,670.58765,2132.9736,664.9354,2204.8413,680.86316,2279.4736,726.6137,2344.683,798.4812,2376.4797,886.28925,2384.575,1009.5624,2372.001,1123.8126,2337.7156,1220.0383,2291.5989,1289.6028,2246.3357,1336.7678,2203.2517
573,573,9550,670.69904,2133.027,686.4506,2094.308,723.40094,2060.604,781.56244,2031.07,865.34393,2016.061,950.4852,2047.0507,1050.5583,2041.382,1161.9626,2085.2344,1242.8188,2126.0493,1301.028,2165.9575,1336.8358,2203.122,1299.837,2198.9834,1249.8711,2179.3474,1192.1385,2158.6975,1122.8472,2138.8364,1039.0773,2125.1511,948.819,2116.0037,880.50024,2102.084,822.33435,2095.3245,774.3084,2102.4402,733.7631,2115.443,701.8972,2133.2207,1299.837,2198.9834,1234.8645,2214.4783,1170.5864,2222.4514,1087.9562,2228.9065,993.8782,2237.3967,893.9889,2242.1086,833.03827,2236.0093,784.2622,2225.505,747.89185,2203.621,726.45825,2173.98,701.8972,2133.2207,670.69904,2133.027,665.05896,2204.8694,681.0031,2279.4094,726.7772,2344.5696,798.6375,2376.328,886.39856,2384.408,1009.6568,2371.8528,1123.9044,2337.5874,1220.1373,2291.4814,1289.6934,2246.2202,1336.8358,2203.122
574,574,9566,670.7301,2133.1333,686.4997,2094.4597,723.5392,2060.779,781.79944,2031.2238,865.6597,2016.1366,950.8279,2047.08,1050.8721,2041.3833,1162.2402,2085.2263,1243.0498,2126.0205,1301.219,2165.8953,1336.9792,2202.987,1299.9755,2198.8499,1250.0548,2179.2588,1192.3762,2158.6528,1123.1094,2138.8235,1039.3395,2125.1592,949.0919,2116.0156,880.72253,2102.1086,822.48083,2095.3782,774.3695,2102.5085,733.79407,2115.518,701.93896,2133.3086,1299.9755,2198.8499,1234.9387,2214.2788,1170.5962,2222.186,1088.0321,2228.611,993.9406,2237.1558,893.92804,2241.9836,833.068,2235.954,784.30725,2225.4954,747.9387,2203.625,726.5159,2174.01,701.93896,2133.3086,670.7301,2133.1333,665.1132,2204.9587,681.05646,2279.439,726.8319,2344.571,798.6688,2376.281,886.27075,2384.2568,1009.6149,2371.535,1123.9395,2337.158,1220.172,2291.1196,1289.7191,2245.9932,1336.9792,2202.987
575,575,9583,670.82007,2133.4312,686.6807,2094.705,723.81244,2060.9673,782.183,2031.3341,866.16327,2016.162,951.3939,2047.0835,1051.4127,2041.3662,1162.6779,2085.1848,1243.3574,2125.9805,1301.3999,2165.867,1337.0623,2202.9749,1300.0739,2198.8337,1250.2316,2179.2114,1192.6625,2158.5957,1123.504,2138.7766,1039.8041,2125.1438,949.60815,2116.0334,881.13763,2102.126,822.7782,2095.4104,774.5622,2102.5964,733.9005,2115.6746,701.99884,2133.5703,1300.0739,2198.8337,1235.0348,2214.267,1170.6772,2222.172,1088.0486,2228.5989,994.03467,2237.1506,894.0574,2241.991,833.18396,2235.9658,784.4092,2225.5112,748.0146,2203.6943,726.5548,2174.184,701.99884,2133.5703,670.82007,2133.4312,665.14764,2205.1965,681.1462,2279.5369,726.9438,2344.6,798.7974,2376.2852,886.4104,2384.2463,1009.7361,2371.503,1124.0121,2337.115,1220.1882,2291.085,1289.7759,2245.9749,1337.0623,2202.9749
576,576,9600,670.95514,2133.9275,686.8936,2095.1558,724.11755,2061.38,782.58563,2031.6847,866.69183,2016.4192,952.05743,2047.2188,1052.1119,2041.4186,1163.2881,2085.1904,1243.8582,2125.9817,1301.7827,2165.8672,1337.3629,2202.9805,1300.3895,2198.8425,1250.6293,2179.2078,1193.1628,2158.5913,1124.1029,2138.7795,1040.4542,2125.1484,950.2615,2116.0757,881.6651,2102.2231,823.17444,2095.5796,774.84644,2102.8445,734.0879,2116.0095,702.1212,2134.0273,1300.3895,2198.8425,1235.4165,2214.2795,1171.1067,2222.1904,1088.4874,2228.6206,994.3983,2237.1716,894.32605,2242.0083,833.4314,2235.98,784.59125,2225.5786,748.1395,2203.8455,726.6643,2174.4722,702.1212,2134.0273,670.95514,2133.9275,665.2466,2205.5544,681.2823,2279.6975,727.19,2344.6428,799.11926,2376.2864,886.6882,2384.2153,1010.05023,2371.4536,1124.3691,2337.0798,1220.562,2291.069,1290.1301,2245.973,1337.3629,2202.9805
577,577,9616,671.3629,2134.3328,687.4264,2095.5388,724.78674,2061.7322,783.3905,2031.9839,867.60016,2016.6545,953.0348,2047.3503,1053.0442,2041.4763,1163.8984,2085.1992,1244.215,2125.9834,1301.9526,2165.8728,1337.4265,2202.994,1300.4523,2198.855,1250.7583,2179.2097,1193.4421,2158.5823,1124.601,2138.764,1041.1819,2125.1467,951.152,2116.0913,882.499,2102.2356,823.9268,2095.647,775.511,2103.0034,734.6599,2116.268,702.5814,2134.373,1300.4523,2198.855,1235.5474,2214.2947,1171.3949,2222.2097,1089.019,2228.6387,995.1358,2237.183,895.1651,2242.0422,834.2401,2236.0337,785.29724,2225.6543,748.74457,2203.955,727.203,2174.6787,702.5814,2134.373,671.3629,2134.3328,665.6518,2205.8455,681.7583,2279.8616,727.79156,2344.767,799.8548,2376.362,887.4594,2384.2573,1010.78314,2371.4685,1124.9459,2337.099,1220.9148,2291.0906,1290.3022,2245.9883,1337.4265,2202.994
578,578,9633,671.88885,2134.4707,687.8999,2095.7153,725.1733,2061.9475,783.69104,2032.2264,867.78644,2016.9225,953.1948,2047.5865,1053.1808,2041.6741,1164.0369,2085.3281,1244.3683,2126.078,1302.1093,2165.9475,1337.5746,2203.046,1300.5828,2198.9172,1250.9231,2179.2773,1193.5975,2158.655,1124.7473,2138.8499,1041.319,2125.2566,951.3199,2116.2273,882.68585,2102.375,824.1705,2095.7847,775.81537,2103.1353,734.9958,2116.403,703.0653,2134.5212,1300.5828,2198.9172,1235.6464,2214.4146,1171.4438,2222.3738,1089.0616,2228.8628,995.2109,2237.4824,895.2274,2242.4463,834.3203,2236.4995,785.3481,2226.1208,748.82587,2204.336,727.44116,2174.9778,703.0653,2134.5212,671.88885,2134.4707,665.81323,2206.1394,681.8119,2280.2715,727.8842,2345.289,799.9347,2376.8337,887.50653,2384.6301,1010.8589,2371.7188,1124.996,2337.2346,1220.9688,2291.1729,1290.4106,2246.058,1337.5746,2203.046
579,579,9650,672.53107,2134.5718,688.44226,2095.8406,725.603,2062.0962,784.0066,2032.3865,867.9607,2017.0867,953.2939,2047.7236,1053.2485,2041.7876,1164.0991,2085.412,1244.431,2126.1497,1302.16,2166.0098,1337.6174,2203.096,1300.6315,2198.9673,1251.0027,2179.3206,1193.6864,2158.691,1124.835,2138.883,1041.3993,2125.2961,951.42676,2116.2786,882.85736,2102.4321,824.4261,2095.8489,776.1655,2103.2073,735.43524,2116.4873,703.65796,2134.616,1300.6315,2198.9673,1235.726,2214.4492,1171.5183,2222.4004,1089.0936,2228.8818,995.2551,2237.5017,895.29156,2242.4795,834.33685,2236.5483,785.44855,2226.1855,749.05316,2204.4077,727.814,2175.0676,703.65796,2134.616,672.53107,2134.5718,666.1743,2206.234,681.96924,2280.3313,727.9237,2345.3318,799.98486,2376.8506,887.5816,2384.6355,1010.9178,2371.734,1125.0153,2337.2568,1221.0223,2291.1921,1290.466,2246.074,1337.6174,2203.096
580,580,9666,673.01935,2134.8652,688.9025,2096.0532,726.02216,2062.2412,784.3713,2032.4702,868.27,2017.1249,953.5725,2047.7351,1053.5267,2041.7887,1164.3995,2085.4126,1244.735,2126.152,1302.4537,2166.0164,1337.9136,2203.1091,1300.993,2198.979,1251.4438,2179.324,1194.1072,2158.6838,1125.2285,2138.8713,1041.7388,2125.2954,951.7427,2116.2944,883.2002,2102.4463,824.7918,2095.8723,776.5568,2103.278,735.82214,2116.6353,704.0895,2134.8813,1300.993,2198.979,1236.1359,2214.4663,1171.924,2222.4304,1089.4348,2228.9224,995.48035,2237.5525,895.43805,2242.5483,834.53937,2236.6602,785.6952,2226.3486,749.3453,2204.612,728.1612,2175.3352,704.0895,2134.8813,673.01935,2134.8652,666.62585,2206.4773,682.35956,2280.4502,728.25336,2345.384,800.22064,2376.8608,887.70996,2384.642,1011.0759,2371.7468,1125.2174,2337.275,1221.2754,2291.2104,1290.7466,2246.0884,1337.9136,2203.1091
581,581,9683,673.4015,2135.2527,689.3173,2096.3699,726.5198,2062.4558,785.0302,2032.5776,869.236,2017.1434,954.7244,2047.7401,1054.8529,2041.7782,1165.9071,2085.3972,1246.1082,2126.1497,1303.5277,2166.0225,1338.6504,2203.1223,1301.6543,2198.9915,1252.2311,2179.3308,1195.0701,2158.688,1126.3225,2138.8767,1042.8702,2125.317,952.8634,2116.352,884.2096,2102.5596,825.6591,2096.0608,777.2874,2103.5386,736.40735,2116.9492,704.5408,2135.2412,1301.6543,2198.9915,1236.7163,2214.482,1172.4613,2222.4497,1089.9001,2228.943,995.79175,2237.5613,895.5738,2242.6047,834.75854,2236.7625,785.9603,2226.509,749.66437,2204.8286,728.55005,2175.6294,704.5408,2135.2412,673.4015,2135.2527,666.8741,2206.9412,682.51697,2280.9226,728.3912,2345.8577,800.37213,2377.2349,887.81616,2384.9016,1011.3573,2371.8574,1125.6763,2337.285,1221.8179,2291.228,1291.3568,2246.1035,1338.6504,2203.1223
582,582,9700,673.793,2135.3113,689.67255,2096.4565,726.8038,2062.5571,785.22784,2032.681,869.3405,2017.2502,954.8146,2047.8417,1054.955,2041.8374,1166.0645,2085.433,1246.3523,2126.1765,1303.8623,2166.0396,1339.0898,2203.1301,1302.0907,2198.9976,1252.6156,2179.3489,1195.3687,2158.7163,1126.5392,2138.9175,1043.0321,2125.381,952.9949,2116.4497,884.3725,2102.6575,825.8839,2096.1577,777.5823,2103.6301,736.74536,2117.032,704.91614,2135.301,1302.0907,2198.9976,1237.1133,2214.489,1172.8042,2222.4587,1090.1616,2228.9517,995.95526,2237.5852,895.66895,2242.6533,834.9066,2236.8193,786.175,2226.5652,749.9534,2204.8804,728.8916,2175.692,704.91614,2135.301,673.793,2135.3113,667.2309,2207.0173,682.79297,2280.9834,728.5801,2345.9312,800.5067,2377.3113,887.9252,2384.97,1011.5301,2371.8977,1125.9309,2337.2942,1222.1552,2291.24,1291.7428,2246.112,1339.0898,2203.1301
583,583,9716,674.2028,2135.3271,690.01807,2096.4844,727.06854,2062.6045,785.4236,2032.7511,869.455,2017.351,954.91125,2047.9353,1055.0752,2041.9302,1166.2391,2085.502,1246.6102,2126.2405,1304.2075,2166.1077,1339.5205,2203.2073,1302.5139,2199.0774,1252.9971,2179.4084,1195.6593,2158.762,1126.7545,2138.9531,1043.1887,2125.4104,953.1142,2116.4746,884.5064,2102.6765,826.06537,2096.1753,777.8278,2103.6472,737.05927,2117.0525,705.3187,2135.3242,1302.5139,2199.0774,1237.4854,2214.6123,1173.1174,2222.6091,1090.3966,2229.135,996.09216,2237.7969,895.7333,2242.8755,835.0059,2237.0198,786.34314,2226.7239,750.21234,2204.9888,729.21906,2175.7722,705.3187,2135.3242,674.2028,2135.3271,667.5893,2207.0723,683.0495,2281.0452,728.727,2346.0234,800.5844,2377.4329,887.9786,2385.1116,1011.6555,2372.029,1126.1567,2337.3918,1222.4777,2291.32,1292.115,2246.1968,1339.5205,2203.2073
584,584,9733,675.1148,2135.3374,690.9344,2096.5405,727.9718,2062.7056,786.2542,2032.8942,870.1689,2017.53,955.5632,2048.0803,1055.6759,2042.0549,1166.758,2085.592,1247.1074,2126.3025,1304.7244,2166.139,1340.1547,2203.2139,1303.2118,2199.088,1253.6351,2179.4346,1196.2844,2158.7961,1127.3943,2138.9885,1043.8915,2125.4507,953.8581,2116.5305,885.3012,2102.7378,826.90894,2096.242,778.71985,2103.712,737.9959,2117.1008,706.2292,2135.338,1303.2118,2199.088,1238.3368,2214.6191,1174.241,2222.6174,1091.8755,2229.1458,997.8721,2237.8105,897.7969,2242.8904,836.92694,2237.0305,788.1118,2226.727,751.7367,2204.9922,730.453,2175.7883,706.2292,2135.338,675.1148,2135.3374,669.0577,2207.09,684.9613,2281.0237,730.8596,2345.989,802.78217,2377.4133,890.18665,2385.1096,1013.51306,2372.043,1127.6162,2337.4084,1223.5684,2291.334,1292.9175,2246.2073,1340.1547,2203.2139
585,585,9750,676.1479,2135.4026,691.9633,2096.652,728.98047,2062.86,787.1937,2033.0946,871.0466,2017.7867,956.4844,2048.3215,1056.6637,2042.2433,1167.7334,2085.7224,1248.0712,2126.407,1305.7009,2166.2183,1341.178,2203.2688,1304.3472,2199.1448,1254.7671,2179.4846,1197.3889,2158.8418,1128.4683,2139.032,1044.9265,2125.503,954.85175,2116.605,886.2926,2102.8152,827.8847,2096.3176,779.71295,2103.7893,739.0072,2117.1777,707.2052,2135.4019,1304.3472,2199.1448,1239.575,2214.6548,1175.601,2222.6394,1093.2993,2229.1577,999.24536,2237.8198,899.1262,2242.9014,838.2328,2237.0408,789.3574,2226.7332,752.9018,2204.9983,731.53925,2175.8035,707.2052,2135.4019,676.1479,2135.4026,670.36993,2207.1047,686.4506,2281.0205,732.39844,2345.9695,804.2769,2377.391,891.56946,2385.0981,1014.84973,2372.0503,1128.9183,2337.4255,1224.792,2291.346,1294.0208,2246.2305,1341.178,2203.2688
586,586,9766,676.9268,2135.4614,692.61536,2096.7454,729.5301,2062.9644,787.67523,2033.2006,871.4985,2017.8966,956.9253,2048.4211,1057.1261,2042.3188,1168.298,2085.7834,1248.6937,2126.4663,1306.3654,2166.2744,1341.8522,2203.3086,1304.9736,2199.1873,1255.335,2179.561,1197.9324,2158.9333,1128.9943,2139.1274,1045.4386,2125.608,955.3641,2116.732,886.85266,2102.9438,828.5028,2096.4487,780.41,2103.9148,739.79065,2117.2798,708.02716,2135.4568,1304.9736,2199.1873,1240.1627,2214.6636,1176.19,2222.6533,1093.8796,2229.175,999.7838,2237.836,899.626,2242.912,838.82,2237.049,790.0152,2226.739,753.6444,2205.0034,732.3525,2175.814,708.02716,2135.4568,676.9268,2135.4614,671.1077,2207.1423,687.11707,2281.0396,732.99475,2345.9963,804.83936,2377.427,892.1149,2385.1394,1015.4594,2372.0864,1129.6207,2337.4475,1225.5286,2291.3582,1294.7257,2246.25,1341.8522,2203.3086
587,587,9783,677.0898,2135.5867,692.7416,2096.873,729.63947,2063.0747,787.78406,2033.2883,871.6228,2017.9777,957.082,2048.4858,1057.3323,2042.3557,1168.6484,2085.8018,1249.1598,2126.4817,1306.9086,2166.2896,1342.3834,2203.3203,1305.4127,2199.1997,1255.7317,2179.595,1198.2689,2158.9817,1129.2728,2139.1897,1045.6603,2125.698,955.5523,2116.8599,887.0416,2103.0833,828.7094,2096.5955,780.6357,2104.0686,740.0125,2117.4292,708.24335,2135.5715,1305.4127,2199.1997,1240.5558,2214.6733,1176.5099,2222.6648,1094.1279,2229.1843,999.9483,2237.8533,899.7217,2242.9492,838.93384,2237.0945,790.14954,2226.787,753.81146,2205.0537,732.543,2175.886,708.24335,2135.5715,677.0898,2135.5867,671.18994,2207.2742,687.1569,2281.18,733.0253,2346.1855,804.8904,2377.6294,892.22015,2385.3225,1015.70374,2372.2192,1130.0327,2337.5159,1226.0582,2291.3828,1295.2852,2246.2622,1342.3834,2203.3203
588,588,9800,677.0903,2135.6848,692.7344,2096.9768,729.6153,2063.1575,787.739,2033.3428,871.55786,2018.0114,956.9937,2048.5225,1057.2626,2042.3806,1168.6447,2085.8481,1249.1742,2126.5552,1306.9847,2166.387,1342.5203,2203.4087,1305.4961,2199.2776,1255.7643,2179.7412,1198.273,2159.1626,1129.2697,2139.3818,1045.6315,2125.9048,955.50397,2117.0828,887.0172,2103.3064,828.7046,2096.805,780.6395,2104.2502,740.01575,2117.5732,708.24817,2135.6514,1305.4961,2199.2776,1240.5911,2214.6802,1176.512,2222.6792,1094.1082,2229.1826,999.8478,2237.8389,899.5167,2242.9375,838.84485,2237.0898,790.11786,2226.7898,753.8089,2205.0593,732.5461,2175.903,708.24817,2135.6514,677.0903,2135.6848,671.16473,2207.375,687.0826,2281.2742,732.9006,2346.2683,804.7217,2377.677,892.00104,2385.35,1015.6115,2372.229,1130.0276,2337.5261,1226.0782,2291.3982,1295.3629,2246.305,1342.5203,2203.4087
589,589,9816,677.0891,2135.7556,692.7373,2097.099,729.62286,2063.3254,787.7512,2033.5325,871.565,2018.1722,956.9932,2048.666,1057.2609,2042.5035,1168.6465,2085.9714,1249.1943,2126.6648,1307.0242,2166.4785,1342.5803,2203.466,1305.5543,2199.3484,1255.8113,2179.8616,1198.2979,2159.32,1129.2777,2139.5652,1045.6318,2126.1143,955.504,2117.3162,887.02,2103.5417,828.70844,2097.0354,780.64374,2104.4443,740.01825,2117.7139,708.24713,2135.7341,1305.5543,2199.3484,1240.6193,2214.7554,1176.5155,2222.755,1094.0963,2229.26,999.7765,2237.931,899.3406,2243.0554,838.7493,2237.2368,790.0669,2226.947,753.78394,2205.1965,732.53986,2176.0198,708.24713,2135.7341,677.0891,2135.7556,671.1318,2207.5159,686.99756,2281.4797,732.7724,2346.5193,804.5469,2377.8945,891.7807,2385.5251,1015.5109,2372.3477,1130.0093,2337.5986,1226.0807,2291.457,1295.3883,2246.362,1342.5803,2203.466
590,590,9833,677.08966,2135.861,692.7827,2097.2698,729.72986,2063.5735,787.8889,2033.8223,871.67914,2018.4291,957.0631,2048.8596,1057.3057,2042.6744,1168.6713,2086.1125,1249.2164,2126.773,1307.0488,2166.5503,1342.6245,2203.506,1305.6218,2199.3958,1255.8856,2179.908,1198.3672,2159.3687,1129.3386,2139.6182,1045.6888,2126.1785,955.5639,2117.4014,887.08466,2103.6523,828.7562,2097.1736,780.66656,2104.5894,740.0238,2117.8516,708.2468,2135.8594,1305.6218,2199.3958,1240.6855,2214.8186,1176.5773,2222.8306,1094.1344,2229.3528,999.7917,2238.0415,899.3439,2243.1763,838.75305,2237.3713,790.0714,2227.085,753.7858,2205.3242,732.5401,2176.1577,708.2468,2135.8594,677.08966,2135.861,671.13165,2207.6262,686.9988,2281.576,732.7752,2346.628,804.54987,2377.9868,891.7838,2385.601,1015.5134,2372.4048,1130.022,2337.6335,1226.1083,2291.4832,1295.4233,2246.3945,1342.6245,2203.506
591,591,9850,677.08984,2135.965,692.7854,2097.3784,729.7356,2063.6694,787.89777,2033.896,871.6894,2018.4642,957.06964,2048.8777,1057.3186,2042.6917,1168.7245,2086.1504,1249.3073,2126.8335,1307.183,2166.6348,1342.8002,2203.5945,1305.8,2199.4875,1256.0404,2179.9927,1198.482,2159.4402,1129.4131,2139.6724,1045.7269,2126.2256,955.5811,2117.4475,887.09576,2103.7153,828.7622,2097.2566,780.67,2104.687,740.02673,2117.9583,708.2476,2135.9697,1305.8,2199.4875,1240.8038,2214.8887,1176.6422,2222.873,1094.147,2229.3738,999.78986,2238.0574,899.3011,2243.1953,838.735,2237.4043,790.06384,2227.1357,753.7833,2205.3965,732.5415,2176.2595,708.2476,2135.9697,677.08984,2135.965,671.13165,2207.739,686.9995,2281.6514,732.77545,2346.6685,804.5417,2377.998,891.73956,2385.6064,1015.4908,2372.417,1130.0239,2337.6477,1226.1354,2291.4998,1295.5135,2246.449,1342.8002,2203.5945
592,592,9866,677.0871,2136.0981,692.76715,2097.5403,729.69086,2063.818,787.8231,2034.0085,871.588,2018.5293,956.92676,2048.9402,1057.185,2042.7505,1168.6984,2086.2542,1249.3048,2126.966,1307.1948,2166.776,1342.8346,2203.694,1305.8087,2199.5945,1256.0399,2180.2075,1198.4796,2159.7212,1129.391,2139.9875,1045.665,2126.5664,955.488,2117.806,887.02716,2104.0728,828.7278,2097.598,780.6597,2104.9734,740.02484,2118.1816,708.2479,2136.1096,1305.8087,2199.5945,1240.7966,2214.938,1176.5753,2222.892,1093.9607,2229.3809,999.43445,2238.0735,898.76733,2243.2415,838.42847,2237.476,789.9154,2227.2295,753.73505,2205.504,732.5333,2176.3848,708.2479,2136.1096,677.0871,2136.0981,671.0864,2207.944,686.86914,2281.903,732.524,2346.9724,804.15717,2378.2917,891.21265,2385.865,1015.10645,2372.5747,1129.8273,2337.7202,1226.075,2291.5542,1295.5112,2246.5203,1342.8346,2203.694
593,593,9883,677.011,2136.0552,692.73364,2097.5593,729.68024,2063.8381,787.8149,2034.0574,871.56995,2018.6476,956.8991,2049.097,1057.1617,2042.9564,1168.696,2086.4988,1249.3248,2127.159,1307.3341,2166.8877,1343.2494,2203.7385,1306.2401,2199.6643,1256.2769,2180.3809,1198.5797,2159.997,1129.411,2140.3406,1045.665,2126.9375,955.4756,2118.1484,887.00916,2104.3374,828.70557,2097.7578,780.6283,2105.0186,739.97235,2118.212,708.15753,2136.102,1306.2401,2199.6643,1241.1383,2215.0159,1176.8732,2222.973,1094.2333,2229.4458,999.6984,2238.1167,899.0671,2243.2544,838.60583,2237.4854,790.0144,2227.2312,753.7592,2205.49,732.5316,2176.3813,708.15753,2136.102,677.011,2136.0552,671.089,2207.907,686.9484,2281.8442,732.69135,2346.9568,804.3951,2378.296,891.5812,2385.898,1015.4101,2372.6702,1130.0974,2337.852,1226.3677,2291.6677,1295.8481,2246.5955,1343.2494,2203.7385
594,594,9900,676.9348,2136.1128,692.66437,2097.6167,729.64276,2063.8794,787.7961,2034.0793,871.5673,2018.6554,956.8958,2049.1028,1057.1602,2042.9775,1168.7158,2086.592,1249.3977,2127.3313,1307.4855,2167.12,1343.5016,2203.9985,1306.4552,2199.9255,1256.4058,2180.689,1198.6555,2160.3071,1129.4437,2140.6106,1045.6775,2127.163,955.4768,2118.3486,887.0104,2104.5342,828.70514,2097.951,780.62225,2105.1868,739.95435,2118.3372,708.10657,2136.1667,1306.4552,2199.9255,1241.3356,2215.1995,1177.084,2223.1125,1094.5027,2229.5293,1000.0327,2238.1577,899.47894,2243.2644,838.8844,2237.4912,790.1913,2227.236,753.82587,2205.496,732.5348,2176.4075,708.10657,2136.1667,676.9348,2136.1128,671.09216,2207.9424,687.05597,2281.8518,732.9468,2346.9636,804.77985,2378.3188,892.1027,2385.9548,1015.8237,2372.8003,1130.4125,2338.052,1226.6407,2291.908,1296.1056,2246.846,1343.5016,2203.9985
595,595,9916,676.93774,2136.1296,692.6789,2097.639,729.672,2063.901,787.82245,2034.0912,871.58026,2018.6669,956.90216,2049.108,1057.1602,2042.9988,1168.7188,2086.624,1249.425,2127.3535,1307.5803,2167.128,1343.7365,2204.009,1306.7411,2199.9333,1256.6254,2180.6953,1198.7775,2160.313,1129.506,2140.615,1045.7137,2127.1704,955.49445,2118.3618,887.0214,2104.5508,828.7135,2097.9736,780.6275,2105.2144,739.9556,2118.3643,708.107,2136.1892,1306.7411,2199.9333,1241.6075,2215.2703,1177.3772,2223.2463,1094.8304,2229.712,1000.4079,2238.3445,899.9211,2243.3958,839.17596,2237.5889,790.3913,2227.2886,753.9308,2205.5176,732.56836,2176.4146,708.107,2136.1892,676.93774,2136.1296,671.1861,2207.955,687.3043,2281.8467,733.30286,2346.965,805.2062,2378.327,892.6328,2385.9905,1016.24603,2372.8845,1130.7291,2338.1611,1226.9113,2291.989,1296.3524,2246.8809,1343.7365,2204.009
596,596,9933,676.92694,2136.1504,692.64734,2097.6602,729.6338,2063.9224,787.7748,2034.1093,871.52356,2018.6748,956.8383,2049.121,1057.1113,2043.0265,1168.7163,2086.6726,1249.456,2127.411,1307.7312,2167.186,1344.0452,2204.066,1307.0316,2199.993,1256.7949,2180.7837,1198.839,2160.4114,1129.5137,2140.7085,1045.7107,2127.2512,955.47345,2118.432,887.00415,2104.608,828.7035,2098.0107,780.6223,2105.2349,739.9508,2118.379,708.10114,2136.211,1307.0316,2199.993,1241.841,2215.3206,1177.5603,2223.2917,1094.9648,2229.7417,1000.51416,2238.357,900.0313,2243.408,839.2594,2237.5984,790.45996,2227.2922,753.97015,2205.519,732.57904,2176.4292,708.10114,2136.211,676.92694,2136.1504,671.1949,2207.968,687.35895,2281.8403,733.39484,2346.9565,805.31274,2378.3271,892.78015,2385.9983,1016.3883,2372.9119,1130.9082,2338.251,1227.1803,2292.1082,1296.6787,2246.9685,1344.0452,2204.066
597,597,9950,677.06244,2135.5693,692.8044,2097.4658,729.80676,2063.9045,787.92163,2034.1249,871.602,2018.7812,956.89453,2049.273,1057.1506,2043.3116,1168.7716,2087.0151,1249.614,2127.6685,1308.1475,2167.2983,1344.9843,2204.075,1308.0708,2200.0134,1257.3702,2180.9475,1199.1882,2160.6921,1129.7108,2141.0273,1045.8597,2127.5125,955.5903,2118.6213,887.1353,2104.7085,828.865,2098.0305,780.8045,2105.2603,740.1761,2118.3066,708.2323,2135.741,1308.0708,2200.0134,1242.9772,2215.315,1178.9473,2223.223,1096.7223,2229.5388,1002.71436,2237.919,902.884,2242.549,841.4316,2236.412,792.1392,2225.8394,755.08606,2204.107,733.15826,2175.418,708.2323,2135.741,677.06244,2135.5693,672.06537,2206.796,689.1021,2279.9165,735.71405,2344.825,807.9716,2376.576,895.9171,2384.7915,1018.7707,2372.3645,1132.6981,2338.122,1228.64,2292.1,1297.8417,2246.9834,1344.9843,2204.075
598,598,9966,677.5077,2134.846,693.1094,2097.1853,729.98627,2063.8079,787.9798,2034.1123,871.60455,2018.7935,956.89276,2049.3064,1057.1406,2043.4011,1168.8013,2087.1885,1249.8783,2127.807,1308.9836,2167.3372,1346.7454,2204.0823,1309.7407,2200.0276,1258.1862,2181.1655,1199.5958,2161.1953,1129.8541,2141.6707,1045.9252,2128.0984,955.63153,2119.0647,887.24414,2105.019,829.09393,2098.173,781.223,2105.2693,740.8408,2118.264,708.74725,2135.1262,1309.7407,2200.0276,1244.4451,2215.0637,1180.387,2222.6558,1098.2817,2228.54,1004.5303,2236.4504,905.2972,2240.4583,843.5669,2233.9807,794.1549,2223.194,756.8287,2201.7095,734.4237,2173.7583,708.74725,2135.1262,677.5077,2134.846,673.51666,2205.317,691.3149,2277.5837,738.2162,2342.172,810.53784,2374.2317,898.67334,2382.9612,1020.8754,2371.2915,1134.4517,2337.6714,1230.3893,2291.9333,1299.6089,2246.9185,1346.7454,2204.0823
599,599,9983,678.09607,2134.232,693.66583,2096.9805,730.40826,2063.7676,788.26544,2034.1257,871.738,2018.8246,957.0289,2049.3562,1057.3025,2043.473,1169.2656,2087.234,1250.9589,2127.8154,1311.0215,2167.311,1349.8053,2203.8538,1312.7443,2199.874,1260.237,2181.1755,1200.9741,2161.307,1130.6462,2141.8945,1046.421,2128.3364,956.0146,2119.2446,887.63116,2105.1663,829.5387,2098.2378,781.76874,2105.292,741.53357,2118.199,709.36255,2134.6099,1312.7443,2199.874,1246.9,2214.4849,1182.3711,2221.7708,1099.7904,2227.3098,1005.6622,2234.962,906.21155,2238.772,844.4569,2232.3066,795.0783,2221.6174,757.7808,2200.3677,735.31915,2172.7366,709.36255,2134.6099,678.09607,2134.232,674.4813,2204.4138,692.4161,2276.3052,739.33673,2340.5078,811.59125,2372.3745,899.70416,2381.1296,1022.03906,2369.6973,1136.0667,2336.601,1232.6179,2291.312,1302.3047,2246.519,1349.8053,2203.8538
600,600,10000,680.371,2130.9995,696.2951,2095.32,732.95886,2063.1401,790.37335,2034.0713,872.8915,2018.9492,957.9583,2049.5535,1057.9795,2043.785,1169.7523,2087.294,1251.705,2127.775,1312.3009,2166.848,1351.9105,2202.5676,1315.1819,2198.8115,1262.2334,2180.88,1202.604,2161.2634,1131.9652,2141.8997,1047.6951,2128.3442,957.29974,2119.2566,889.0102,2105.1611,831.1617,2098.0908,783.6295,2104.7444,743.6077,2116.8323,711.3556,2131.7568,1315.1819,2198.8115,1249.6462,2213.0227,1185.4548,2220.2024,1103.4415,2225.5168,1009.9763,2232.8296,911.3463,2236.1133,848.8793,2229.3342,799.09106,2218.3206,761.30914,2196.9114,738.1484,2169.457,711.3556,2131.7568,680.371,2130.9995,678.2125,2200.5415,697.0493,2271.673,744.2854,2335.4758,816.6461,2367.5916,905.33167,2376.852,1026.6948,2366.3892,1139.869,2334.3557,1235.8239,2289.7378,1304.8998,2245.127,1351.9105,2202.5676
601,601,10016,689.78326,2130.0066,705.28955,2095.0784,741.3615,2063.1394,797.69775,2034.1709,879.05804,2019.4858,964.1644,2049.918,1063.2012,2044.28,1173.8608,2087.444,1255.9095,2127.766,1317.487,2166.443,1358.7839,2201.435,1322.911,2197.94,1268.7032,2180.6895,1208.6335,2161.254,1138.1127,2141.9065,1054.6998,2128.3535,965.0278,2119.264,896.6732,2105.1694,839.04144,2098.1086,792.20184,2104.7522,753.1901,2116.6606,720.7316,2130.8455,1322.911,2197.94,1259.1143,2211.761,1198.0656,2219.0134,1120.4679,2224.3425,1031.7014,2231.3215,937.9546,2233.551,871.76196,2226.17,819.21796,2214.5444,778.39453,2193.277,751.85223,2167.021,720.7316,2130.8455,689.78326,2130.0066,694.9282,2197.3882,719.19745,2265.4668,769.5083,2327.967,843.6958,2361.064,934.7503,2371.5693,1050.9352,2363.1763,1158.5884,2332.7312,1249.739,2288.6147,1314.8256,2243.9556,1358.7839,2201.435
602,602,10033,703.82715,2130.1108,721.87775,2095.913,760.32874,2065.237,818.47034,2037.2654,901.8539,2022.7245,988.0574,2052.064,1085.0751,2045.9502,1191.1566,2088.0657,1270.0026,2127.808,1329.6449,2166.164,1370.2944,2200.173,1336.0748,2197.0347,1281.648,2180.562,1223.4729,2161.2822,1155.7827,2142.2007,1076.1677,2128.8982,989.4312,2120.1624,919.1414,2106.5034,859.1546,2099.848,810.0324,2106.3276,769.58856,2117.3735,734.732,2130.9224,1336.0748,2197.0347,1275.0897,2210.4534,1219.0385,2217.7668,1147.3687,2223.2207,1064.2147,2229.8977,975.4525,2231.2031,905.50146,2223.3237,848.6317,2211.4412,802.8659,2190.9568,771.6357,2166.2073,734.732,2130.9224,703.82715,2130.1108,718.40674,2195.9902,749.8815,2260.4478,805.06586,2320.6494,881.8872,2354.2556,974.01996,2365.7327,1084.1165,2359.1401,1185.4291,2330.4634,1270.2686,2287.0618,1330.1234,2242.5525,1370.2944,2200.173
603,603,10050,721.08417,2131.5352,742.2416,2100.1633,783.12634,2071.4395,843.0634,2044.1533,928.46454,2028.287,1015.30316,2055.407,1110.0544,2048.0862,1211.4368,2088.6292,1286.8071,2127.808,1343.7653,2165.1394,1383.0991,2197.146,1349.694,2194.6826,1295.2876,2180.0002,1239.9065,2161.2874,1175.6666,2142.5806,1100.2391,2129.8308,1016.8654,2121.985,945.29736,2109.7354,883.6418,2104.6387,832.4456,2111.4324,790.52106,2121.1555,752.6318,2132.406,1349.694,2194.6826,1291.3693,2207.0334,1239.6439,2214.3003,1173.2341,2220.1575,1094.7987,2226.686,1009.76373,2227.3413,937.7458,2219.4521,878.2018,2208.0142,829.1422,2189.0652,794.381,2166.1038,752.6318,2132.406,721.08417,2131.5352,742.83575,2195.7092,779.5285,2256.3835,838.3468,2313.2556,917.0674,2346.235,1009.62024,2357.7563,1115.3607,2352.058,1211.6165,2324.9614,1291.0417,2282.5955,1346.307,2238.7292,1383.0991,2197.146
604,604,10066,740.17365,2135.687,764.988,2108.0562,808.15485,2081.3772,869.3261,2054.4055,956.01794,2035.9751,1042.8162,2060.2007,1134.7959,2050.4697,1231.052,2088.8594,1302.2261,2127.3992,1355.2732,2162.2834,1392.1841,2190.9912,1359.7302,2189.5786,1306.1793,2178.4546,1254.7384,2161.2703,1194.6542,2143.4119,1123.8179,2132.357,1044.2206,2126.7566,972.5219,2117.2114,909.9841,2114.3005,857.1473,2121.1616,813.9167,2128.875,772.1692,2136.532,1359.7302,2189.5786,1304.3953,2199.2065,1256.7448,2205.51,1195.4681,2211.2363,1121.8718,2217.5603,1040.8702,2218.119,968.0551,2211.051,906.7252,2201.5305,855.08905,2185.9731,817.5189,2166.0696,772.1692,2136.532,740.17365,2135.687,767.1762,2195.751,808.0552,2251.6594,870.16815,2303.4563,950.35425,2334.0764,1042.3416,2344.4043,1143.2515,2338.5283,1233.814,2312.729,1307.6051,2272.149,1358.382,2230.2454,1392.1841,2190.9912
605,605,10083,758.3102,2137.7695,785.66113,2113.1414,829.8822,2088.1309,891.47894,2061.6147,978.4234,2041.5005,1065.317,2063.885,1155.9705,2051.7615,1249.655,2088.7988,1318.552,2125.1802,1369.0414,2156.0322,1404.4644,2180.5178,1373.0392,2180.483,1319.5063,2174.5703,1270.8242,2160.8696,1212.9302,2144.1572,1144.624,2135.4534,1067.013,2132.3157,995.56287,2125.0408,932.60876,2123.0938,878.65485,2129.0603,834.81793,2134.475,790.13544,2138.7666,1373.0392,2180.483,1319.9257,2186.354,1274.6094,2190.844,1215.9993,2195.6072,1144.9219,2201.7637,1066.1643,2202.9155,992.99274,2196.9473,930.47656,2189.8413,877.0928,2178.6743,837.6506,2164.3015,790.13544,2138.7666,758.3102,2137.7695,788.4231,2194.1716,831.7109,2243.116,895.7154,2290.2336,976.93695,2318.675,1068.6418,2327.4724,1167.0577,2320.8406,1254.4377,2295.3108,1324.6954,2256.0498,1372.5671,2216.587,1404.4644,2180.5178
606,606,10100,773.7972,2139.5605,802.77576,2117.0623,846.925,2092.6726,908.42975,2065.392,996.7636,2042.9915,1083.9734,2064.6895,1173.3285,2051.7205,1265.391,2086.052,1331.8895,2118.8132,1379.1654,2146.131,1412.4758,2167.5898,1382.5236,2168.6772,1329.8093,2168.1145,1284.2557,2159.6487,1228.1072,2145.0178,1161.8662,2140.0896,1086.1603,2140.2031,1014.7316,2135.1045,950.9183,2133.1934,895.64294,2137.3252,851.78357,2139.8455,804.5487,2140.6821,1382.5236,2168.6772,1331.4146,2170.3687,1287.5787,2172.0803,1231.1647,2174.632,1162.4662,2180.2258,1086.7432,2182.312,1013.91864,2177.4048,950.47546,2173.4607,895.2055,2167.9058,853.76996,2160.7136,804.5487,2140.6821,773.7972,2139.5605,806.8337,2191.6975,852.07916,2234.1602,917.65717,2278.2942,999.33014,2305.5774,1090.2184,2313.1233,1185.4609,2305.449,1269.3789,2278.4312,1336.1085,2238.5159,1381.4924,2200.8137,1412.4758,2167.5898
607,607,10116,786.6829,2140.443,817.08484,2118.7488,861.2462,2094.4202,922.6678,2066.518,1012.1215,2042.8444,1099.9069,2064.5315,1188.6079,2050.6333,1279.3384,2081.8406,1343.8179,2112.0557,1388.6863,2137.4302,1420.6344,2157.7705,1392.239,2159.27,1340.5818,2161.157,1297.1688,2157.1182,1242.0133,2145.1604,1176.8477,2142.4722,1102.0562,2144.3525,1030.2821,2140.257,965.4898,2138.0215,908.92004,2141.0686,864.88885,2142.2358,816.46027,2141.6104,1392.239,2159.27,1342.9685,2159.252,1300.2429,2159.4514,1245.0973,2160.6538,1177.6174,2165.804,1103.1289,2168.3591,1030.0228,2164.0684,965.5355,2161.967,908.7537,2159.702,866.1099,2157.1245,816.46027,2141.6104,786.6829,2140.443,821.8424,2188.681,868.63165,2226.2275,935.4321,2268.071,1017.1972,2294.1904,1107.133,2300.9229,1200.4065,2292.731,1281.9777,2265.1099,1346.4198,2225.3093,1390.1001,2189.2075,1420.6344,2157.7705
608,608,10133,794.8528,2140.973,826.1109,2119.6206,870.5666,2095.1833,932.2634,2066.8206,1022.5891,2042.3563,1111.1046,2064.2397,1199.713,2048.8015,1290.0127,2077.3499,1353.6377,2105.8481,1397.4681,2130.1946,1428.8809,2150.069,1401.5267,2151.6711,1350.363,2154.4912,1307.5955,2153.552,1252.4851,2145.1362,1187.4136,2143.4758,1112.8491,2146.2314,1040.5355,2142.568,974.8786,2140.1218,917.2737,2142.7146,872.817,2143.3635,823.94635,2142.1274,1401.5267,2151.6711,1352.8993,2151.0798,1310.1769,2150.4438,1255.1047,2150.9058,1187.7745,2155.8845,1113.7173,2158.8257,1040.2661,2155.1091,974.96246,2154.1885,917.13995,2153.7803,873.70166,2153.8716,823.94635,2142.1274,794.8528,2140.973,831.2971,2185.6934,878.95935,2219.9548,946.43774,2260.0525,1028.3358,2284.9421,1117.7555,2290.8965,1209.9343,2282.3518,1290.5608,2254.639,1354.4154,2215.334,1397.9021,2180.4548,1428.8809,2150.069
609,609,10150,796.5019,2141.0706,828.4314,2119.6252,873.7601,2094.9458,936.2655,2066.2634,1027.2076,2041.6495,1115.6497,2064.0637,1203.9412,2045.6825,1294.2523,2072.388,1357.9471,2100.1157,1401.659,2124.2937,1432.8757,2144.2698,1405.5579,2145.817,1354.5712,2148.7773,1311.863,2149.3188,1256.6886,2144.4934,1191.7578,2143.3228,1117.38,2146.079,1044.8126,2142.454,978.70245,2140.0588,920.33344,2142.703,875.1233,2143.3975,825.71155,2142.1846,1405.5579,2145.817,1356.7847,2145.1953,1313.7915,2144.384,1258.6606,2144.7102,1191.5137,2149.731,1117.6439,2152.891,1044.0486,2149.3853,978.40485,2148.9016,919.9732,2149.211,875.88605,2150.6204,825.71155,2142.1846,796.5019,2141.0706,833.52496,2182.7712,881.9645,2215.5251,950.165,2254.7878,1032.4886,2279.0164,1122.0989,2284.6392,1214.1156,2275.8157,1294.3973,2248.0537,1357.9379,2208.9414,1401.4951,2174.346,1432.8757,2144.2698
610,610,10166,796.8737,2141.0698,828.8212,2119.4253,874.45264,2094.4685,937.3873,2065.5447,1028.7458,2041.1545,1117.2949,2063.3542,1205.4536,2042.7034,1295.9745,2068.4954,1360.0265,2096.0977,1404.0107,2120.581,1435.2845,2140.8916,1407.7488,2142.3167,1356.6934,2144.9346,1313.7319,2145.737,1258.3751,2143.2957,1193.3973,2143.0625,1119.0825,2145.3489,1046.1754,2141.4941,979.79156,2139.1777,921.14124,2142.089,875.64825,2143.0896,826.22577,2142.1497,1407.7488,2142.3167,1358.6476,2141.753,1315.377,2140.8154,1260.0787,2141.0166,1193.008,2145.9668,1119.3777,2149.1104,1045.502,2145.7278,979.59595,2145.457,920.8648,2146.064,876.53314,2148.0461,826.22577,2142.1497,796.8737,2141.0698,834.2242,2180.406,882.9793,2212.4087,951.4638,2251.1384,1034.0475,2275.0066,1123.9225,2280.513,1215.666,2271.7202,1295.9319,2244.268,1359.6411,2205.4907,1403.528,2170.974,1435.2845,2140.8916
611,611,10183,795.90985,2141.0386,827.9235,2119.024,873.5263,2093.827,936.4267,2064.7874,1027.8578,2040.8286,1116.5542,2062.4192,1204.9963,2040.1661,1295.5892,2065.7122,1359.4701,2093.3513,1403.4594,2117.9358,1434.7455,2138.3333,1407.2422,2139.6523,1356.2008,2141.9163,1313.1041,2142.6785,1257.6631,2141.8665,1192.4884,2142.9224,1118.0101,2144.6018,1045.1271,2140.4875,978.7268,2138.1663,920.02704,2141.2522,874.60095,2142.5776,825.21875,2142.1133,1407.2422,2139.6523,1358.0449,2139.1497,1314.5916,2138.1484,1259.0582,2138.286,1191.7467,2143.2546,1117.868,2146.4377,1044.1012,2143.1792,978.24854,2143.0386,919.54114,2143.7476,875.3734,2145.8367,825.21875,2142.1133,795.90985,2141.0386,833.35974,2178.2114,882.09265,2209.7876,950.4905,2248.1824,1032.6575,2271.7332,1122.0393,2277.1567,1213.5782,2268.2947,1293.931,2240.9573,1358.0773,2202.4368,1402.4839,2168.2712,1434.7455,2138.3333
612,612,10200,794.6488,2141.013,826.5395,2118.631,871.9092,2093.2307,934.5314,2064.111,1025.6056,2040.7314,1114.0013,2061.356,1202.2932,2037.9858,1292.7546,2063.5986,1356.576,2091.3792,1400.6675,2116.0918,1432.0255,2136.5852,1404.4565,2137.845,1353.5316,2139.8347,1310.2417,2140.3801,1254.8175,2140.4878,1189.7175,2142.857,1115.3687,2143.9744,1042.7737,2139.646,976.6744,2137.3213,918.2713,2140.528,873.0764,2142.1047,823.9019,2142.0728,1404.4565,2137.845,1355.191,2137.4668,1311.6683,2136.5393,1256.1233,2136.7593,1188.8757,2141.8232,1115.06,2145.0967,1041.4951,2141.858,975.92236,2141.697,917.55023,2142.2976,873.73334,2144.1946,823.9019,2142.0728,794.6488,2141.013,831.7428,2176.6057,879.9897,2208.3586,947.9451,2246.935,1029.887,2270.5796,1119.1836,2276.0073,1210.7035,2267.028,1290.9722,2239.5173,1355.0858,2200.8564,1399.6193,2166.5908,1432.0255,2136.5852
613,613,10216,793.5374,2140.8542,825.0919,2118.27,870.03613,2092.6917,932.14557,2063.5579,1022.6519,2040.6816,1110.7152,2060.5232,1199.0145,2036.623,1289.2247,2062.3801,1352.943,2090.2837,1397.0978,2115.0671,1428.4359,2135.6772,1400.7167,2136.8218,1350.0154,2138.448,1306.6422,2138.693,1251.2997,2139.2268,1186.226,2142.6064,1111.9565,2143.4758,1039.7988,2138.8816,974.14764,2136.4773,916.19946,2139.7844,871.3912,2141.6558,822.6051,2141.8691,1400.7167,2136.8218,1351.4498,2136.433,1307.9515,2135.5872,1252.4874,2135.848,1185.2782,2140.8865,1111.4799,2144.128,1038.3281,2140.7092,973.1971,2140.3774,915.3482,2140.8452,871.98236,2142.6091,822.6051,2141.8691,793.5374,2140.8542,830.0578,2175.076,877.63654,2206.917,944.9153,2245.7085,1026.3206,2269.5654,1115.1406,2275.2043,1206.6812,2266.22,1286.9985,2238.668,1351.2002,2199.8835,1395.8971,2165.6377,1428.4359,2135.6772
614,614,10233,791.03845,2140.8245,822.16266,2118.076,866.84235,2092.3833,928.6725,2063.129,1019.0496,2040.6228,1106.9453,2059.6614,1195.3663,2035.5201,1285.6149,2061.6624,1349.2462,2089.9978,1393.4779,2115.2073,1424.8334,2136.267,1396.7461,2137.233,1346.1965,2138.3276,1302.6047,2138.056,1247.3287,2138.5454,1182.2754,2142.555,1108.1012,2143.0652,1036.2516,2138.4531,970.882,2136.1138,913.2067,2139.4905,868.5575,2141.4146,820.1778,2141.831,1396.7461,2137.233,1347.3208,2136.8499,1303.7351,2135.99,1248.2675,2136.1753,1181.1559,2141.0635,1107.455,2144.1726,1034.6508,2140.7656,969.7367,2140.4604,912.1535,2140.791,869.1021,2142.2227,820.1778,2141.831,791.03845,2140.8245,827.1171,2174.7676,874.4373,2206.9792,941.5526,2245.8186,1022.63116,2269.5857,1110.979,2275.3398,1202.2527,2266.3423,1282.4728,2238.933,1346.8761,2200.3147,1391.9651,2166.2388,1424.8334,2136.267
615,615,10250,790.3432,2141.0386,820.9886,2118.256,865.22107,2092.3926,926.59485,2062.8652,1016.7051,2040.554,1104.2528,2059.0562,1192.4838,2034.8555,1282.6819,2061.5872,1346.2063,2090.4927,1390.5406,2116.271,1422.0693,2137.9194,1393.5773,2138.6462,1343.1025,2139.107,1299.3749,2138.2122,1244.2064,2138.384,1179.3179,2142.3647,1105.4672,2142.869,1034.1617,2138.4563,969.1928,2136.2563,911.84125,2139.7068,867.50946,2141.5757,819.4604,2141.927,1393.5773,2138.6462,1343.9056,2138.185,1300.2375,2137.15,1244.8762,2137.1003,1178.0475,2141.7615,1104.792,2144.727,1032.6605,2141.3235,968.195,2141.1003,910.94635,2141.4077,868.1001,2142.512,819.4604,2141.927,790.3432,2141.0386,826.3519,2175.1162,873.4463,2207.7576,940.1635,2246.625,1020.67346,2270.336,1108.3057,2276.1782,1199.0966,2267.2305,1278.9727,2239.9521,1343.3594,2201.5586,1388.7787,2167.7817,1422.0693,2137.9194
616,616,10266,789.922,2141.9226,820.21466,2119.0632,864.2074,2092.918,925.32416,2062.9463,1015.30304,2040.2444,1102.6799,2058.8994,1190.8564,2034.7441,1281.0479,2061.99,1344.4259,2091.378,1388.6586,2117.688,1420.1741,2139.9016,1391.4828,2140.3962,1341.104,2140.1929,1297.4279,2138.6375,1242.4052,2138.3853,1177.6567,2142.1902,1103.9713,2142.8289,1033.0281,2138.657,968.2956,2136.6648,911.137,2140.3271,867.00696,2142.2588,819.1136,2142.5393,1391.4828,2140.3962,1341.8489,2139.8943,1298.3425,2138.6702,1243.2532,2138.3857,1176.6836,2142.8484,1103.64,2145.6987,1031.8457,2142.3364,967.5488,2142.1667,910.4115,2142.4282,867.6362,2143.0947,819.1136,2142.5393,789.922,2141.9226,825.87335,2175.709,872.929,2209.1213,939.61646,2247.9998,1019.96796,2271.4824,1107.1895,2277.232,1197.7185,2268.3132,1277.2384,2241.2283,1341.3588,2203.1807,1386.739,2169.716,1420.1741,2139.9016
617,617,10283,790.40717,2143.2722,820.2159,2120.2095,863.7237,2093.6846,924.40424,2063.1948,1014.1145,2039.9059,1101.2926,2058.8599,1189.2987,2034.8103,1279.4452,2062.5566,1342.7583,2092.3582,1387.0319,2119.1519,1418.6931,2141.897,1389.7603,2142.211,1339.3932,2141.3455,1295.6453,2139.1125,1240.704,2138.412,1176.0684,2142.1184,1102.6411,2143.0298,1032.0228,2139.1118,967.604,2137.3232,910.85406,2141.2195,867.1376,2143.2783,819.5501,2143.5796,1389.7603,2142.211,1340.0582,2141.892,1296.6323,2140.5967,1241.7156,2140.143,1175.3541,2144.4111,1102.6156,2147.092,1031.1112,2143.6443,967.1224,2143.4377,910.32135,2143.5774,867.79974,2143.6797,819.5501,2143.5796,790.40717,2143.2722,826.22766,2176.188,872.9177,2210.5144,939.15356,2249.5771,1019.14355,2273.131,1106.0507,2278.9922,1196.3776,2270.228,1275.6868,2243.2832,1339.6498,2205.361,1385.0303,2171.921,1418.6931,2141.897
618,618,10300,789.9571,2145.417,819.3159,2121.903,862.55865,2094.827,923.0853,2063.6711,1012.8594,2039.5956,1099.9542,2058.8064,1187.9304,2034.94,1278.2087,2063.07,1341.4781,2093.0662,1385.7858,2120.15,1417.608,2143.3057,1388.4503,2143.5332,1338.0518,2141.9985,1294.1603,2139.2515,1239.1992,2138.8804,1174.5327,2142.4028,1101.226,2143.6194,1030.7769,2139.965,966.5165,2138.415,909.99805,2142.6006,866.4768,2144.8772,819.09143,2145.37,1388.4503,2143.5332,1338.6346,2143.9485,1295.1938,2142.8164,1240.2712,2142.2734,1173.9264,2146.3206,1101.3588,2148.7747,1030.0675,2145.2578,966.2677,2145.0112,909.6062,2144.867,867.1915,2143.9094,819.09143,2145.37,789.9571,2145.417,825.5834,2176.3994,872.19366,2211.98,938.3008,2251.2283,1018.02264,2274.7063,1104.5443,2280.6443,1194.6646,2272.127,1274.0017,2245.5063,1338.135,2207.7644,1383.6957,2174.0745,1417.608,2143.3057
619,619,10316,789.4285,2148.0508,818.3432,2123.8926,861.31903,2096.1145,921.6839,2064.218,1011.5689,2039.3472,1098.6599,2058.753,1186.7377,2035.0483,1277.2667,2063.4272,1340.5155,2093.373,1384.8503,2120.423,1416.953,2143.6995,1387.5277,2143.9727,1337.052,2142.2698,1292.9496,2140.0537,1237.9263,2139.7427,1173.1984,2142.9956,1099.9066,2144.4646,1029.6378,2141.079,965.5299,2139.7764,909.2148,2144.2917,865.8402,2146.854,818.611,2147.6384,1387.5277,2143.9727,1337.4604,2145.444,1293.907,2144.5369,1238.904,2143.9382,1172.5289,2147.8345,1099.9896,2150.157,1028.9672,2146.653,965.31866,2146.4006,908.8198,2145.9102,866.5417,2144.4048,818.611,2147.6384,789.4285,2148.0508,824.80237,2177.5515,871.2623,2213.195,937.2572,2252.8828,1016.83014,2276.3145,1103.048,2282.2397,1193.1268,2273.8018,1272.5293,2247.3381,1336.8708,2209.6526,1382.6995,2175.5674,1416.953,2143.6995
620,620,10333,789.26807,2151.471,817.969,2126.6243,860.8515,2098.1416,921.1124,2065.4424,1010.97266,2039.3104,1097.851,2058.8145,1185.7781,2035.158,1276.266,2063.594,1339.5311,2094.0208,1384.138,2121.491,1416.8168,2144.9575,1387.0231,2144.9927,1336.3236,2143.6255,1291.8778,2141.5784,1236.8064,2141.0134,1172.1571,2143.9006,1099.0863,2145.6172,1029.0559,2142.4875,965.1014,2141.467,908.92096,2146.3845,865.6256,2149.3723,818.47015,2150.6519,1387.0231,2144.9927,1336.4254,2146.4136,1292.7145,2146.0083,1237.7456,2145.5066,1171.5502,2149.3376,1099.2726,2151.5867,1028.5159,2148.0793,964.9908,2147.751,908.5576,2146.6558,866.3137,2145.8887,818.47015,2150.6519,789.26807,2151.471,824.5205,2179.8604,870.97284,2214.022,936.95856,2254.431,1016.3934,2277.8345,1102.2766,2283.731,1192.0458,2275.3457,1271.2616,2248.98,1335.719,2211.2327,1381.9897,2176.386,1416.8168,2144.9575
621,621,10350,789.5476,2155.3452,818.007,2129.7676,860.7944,2100.5913,920.99677,2067.1355,1010.86975,2039.6681,1097.5282,2059.19,1185.2198,2035.6769,1275.583,2064.3774,1338.7864,2095.5093,1383.5769,2123.6387,1416.4563,2147.5469,1386.7367,2147.2866,1335.7745,2146.0403,1291.0442,2143.9055,1236.0011,2142.8696,1171.5172,2145.3298,1098.7399,2147.2693,1028.9384,2144.365,965.1212,2143.6165,909.05035,2148.9314,865.8085,2152.3523,818.7303,2154.1724,1386.7367,2147.2866,1335.6157,2146.5203,1291.8531,2146.9846,1237.0345,2146.8262,1171.0707,2150.7437,1099.0858,2152.9966,1028.5197,2149.4548,965.05383,2148.868,908.6457,2146.85,866.43365,2148.4614,818.7303,2154.1724,789.5476,2155.3452,824.55756,2183.3826,870.91345,2214.527,936.94525,2255.6953,1016.4028,2279.384,1102.1473,2285.3125,1191.651,2276.9004,1270.5787,2250.3894,1334.8947,2212.2046,1381.4058,2176.8867,1416.4563,2147.5469
622,622,10366,790.0077,2159.1384,818.14453,2132.8684,860.74243,2103.006,920.78284,2068.8293,1010.5979,2040.1614,1097.1119,2059.656,1184.7098,2036.2928,1275.0896,2065.3665,1338.2439,2097.2031,1383.1182,2125.9504,1416.1549,2150.2954,1386.5364,2149.7087,1335.3446,2148.4075,1290.4218,2146.0974,1235.4083,2144.629,1171.0111,2146.7524,1098.3607,2148.8857,1028.8003,2146.1768,965.1682,2145.679,909.2568,2151.378,866.1853,2155.2307,819.256,2157.6257,1386.5364,2149.7087,1335.0023,2147.0103,1291.208,2147.6006,1236.464,2147.7888,1170.6025,2151.7947,1098.7263,2154.0757,1028.4199,2150.502,965.1301,2149.5732,908.8788,2147.8142,866.8002,2151.4434,819.256,2157.6257,790.0077,2159.1384,824.7891,2187.1575,870.9424,2216.0063,936.8205,2256.3716,1016.1923,2280.5254,1101.7944,2286.531,1191.252,2278.0657,1270.0563,2251.382,1334.2772,2212.74,1380.9496,2177.9036,1416.1549,2150.2954
623,623,10383,790.7936,2162.0125,818.7266,2135.3174,861.21564,2105.0374,921.24994,2070.379,1011.23596,2040.7168,1097.642,2060.1938,1184.9797,2037.0632,1275.1577,2066.6658,1338.0122,2099.347,1382.6412,2128.9302,1416.054,2153.958,1386.1254,2153.0825,1334.8428,2151.4333,1290.0087,2148.693,1235.2643,2146.635,1171.1693,2148.3484,1098.8663,2150.5342,1029.4102,2147.9082,965.80176,2147.5535,909.93164,2153.4866,866.9397,2157.6145,820.0173,2160.382,1386.1254,2153.0825,1334.5123,2148.7373,1290.9346,2147.9124,1236.5515,2148.3848,1171.042,2152.65,1099.551,2154.9905,1029.3042,2151.341,966.0156,2149.956,909.7197,2149.2664,867.57556,2154.338,820.0173,2160.382,790.7936,2162.0125,825.5378,2190.4414,871.7358,2217.8755,937.66895,2256.6602,1017.0449,2281.38,1102.5582,2287.4983,1191.664,2278.9414,1270.0847,2251.8904,1333.9321,2213.272,1380.448,2180.169,1416.054,2153.958
624,624,10400,792.53076,2164.6191,820.2357,2137.6372,862.4613,2107.036,922.3299,2071.9746,1012.243,2041.4447,1098.4653,2060.9263,1185.3994,2038.0826,1275.2183,2068.2712,1337.7856,2101.7166,1382.2668,2131.9949,1415.8965,2157.543,1385.8159,2156.425,1334.4427,2154.3333,1289.6727,2151.072,1235.1906,2148.384,1171.4591,2149.6785,1099.671,2151.8308,1030.3644,2149.215,966.9071,2148.9983,911.23206,2155.2048,868.48737,2159.6553,821.61975,2162.84,1385.8159,2156.425,1334.106,2150.8176,1290.6877,2148.5894,1236.632,2148.7686,1171.5022,2153.3083,1100.5587,2155.7053,1030.4132,2151.9875,967.28546,2150.1316,911.1424,2150.884,869.0499,2156.9844,821.61975,2162.84,792.53076,2164.6191,827.1958,2193.327,873.2467,2219.8875,938.94073,2256.8245,1018.1532,2281.9702,1103.6122,2288.2107,1192.2384,2279.5215,1270.2382,2251.971,1333.6721,2214.3792,1380.0511,2182.7678,1415.8965,2157.543
625,625,10416,794.03107,2167.4368,821.47485,2139.94,863.47943,2108.8523,923.2407,2073.3118,1013.1959,2042.1007,1099.3267,2061.6047,1185.9127,2038.9652,1275.4688,2069.6838,1337.79,2103.909,1381.9513,2135.0144,1415.5089,2161.3335,1385.3701,2160.0493,1334.0774,2157.4885,1289.4933,2153.679,1235.2423,2150.4392,1171.8226,2151.3782,1100.4779,2153.4932,1031.2518,2150.9365,967.9568,2150.8638,912.4764,2157.2734,869.9449,2161.9558,823.03436,2165.5002,1385.3701,2160.0493,1333.8333,2153.787,1290.5822,2150.3713,1236.7709,2149.4216,1171.9028,2153.3904,1101.4086,2155.8953,1031.3223,2152.0532,968.40906,2150.9216,912.47455,2153.2024,870.4314,2159.9128,823.03436,2165.5002,794.03107,2167.4368,828.488,2196.5085,874.432,2222.8315,939.8747,2258.2583,1018.91095,2282.5452,1104.3634,2288.5935,1192.7145,2280.2979,1270.5226,2253.6235,1333.6497,2217.1199,1379.6929,2186.364,1415.5089,2161.3335
626,626,10433,795.46924,2170.2095,822.55237,2142.4011,864.41254,2110.9792,924.1007,2075.082,1013.8476,2043.2769,1099.8065,2062.6284,1186.0433,2040.4044,1275.3783,2071.6257,1337.695,2106.4492,1381.6797,2138.278,1415.0399,2165.2769,1384.9639,2163.8381,1333.7653,2160.795,1289.2861,2156.2922,1235.1918,2152.3865,1172.0376,2152.8228,1101.049,2154.8394,1031.843,2152.347,968.836,2152.551,913.71,2159.2952,871.4346,2164.247,824.50714,2168.0947,1384.9639,2163.8381,1333.571,2157.4111,1290.4116,2153.1646,1236.768,2151.1987,1172.074,2154.4792,1101.8044,2156.7021,1031.7261,2153.0247,969.1569,2152.7292,913.6885,2156.1348,871.85504,2162.955,824.50714,2168.0947,795.46924,2170.2095,829.413,2199.7202,875.03357,2226.336,940.08484,2260.6113,1019.07086,2284.0757,1104.799,2289.963,1193.2186,2282.1306,1271.0236,2256.4104,1333.8578,2220.888,1379.434,2190.5154,1415.0399,2165.2769
627,627,10450,797.87024,2172.3552,824.54205,2144.3718,866.24506,2112.8171,925.82043,2076.8936,1015.2337,2044.7654,1100.8976,2063.8215,1186.7482,2042.2289,1275.6792,2073.7522,1337.8749,2108.8428,1381.5262,2141.047,1414.5856,2168.3716,1384.5966,2166.8193,1333.4865,2163.4216,1289.2,2158.338,1235.4545,2153.8855,1172.6976,2153.8604,1102.0245,2155.7422,1032.9602,2153.2703,970.2995,2153.743,915.657,2160.8003,873.71436,2166.0637,826.87933,2170.1401,1384.5966,2166.8193,1333.3728,2160.8801,1290.45,2156.5068,1237.2554,2154.1113,1172.9011,2156.968,1102.7571,2158.9792,1032.7289,2155.4626,970.46344,2155.741,915.5731,2159.5178,874.2102,2165.7856,826.87933,2170.1401,797.87024,2172.3552,830.9769,2202.6294,876.00494,2230.2996,940.6629,2264.5393,1019.7105,2287.6401,1105.8925,2293.4424,1194.7235,2285.8306,1272.6097,2260.5403,1334.9153,2225.167,1379.4893,2194.2886,1414.5856,2168.3716
628,628,10466,798.10376,2174.1714,824.80176,2146.3315,866.52637,2114.9314,926.1196,2079.2007,1015.2984,2046.9539,1100.7537,2065.7847,1186.5166,2044.7964,1275.4379,2076.5564,1337.7214,2111.723,1381.3485,2144.0205,1414.4287,2171.3794,1384.3975,2169.721,1333.3513,2166.1672,1289.0299,2160.8486,1235.3119,2156.175,1172.5679,2155.8955,1101.8406,2157.7266,1032.7717,2155.2173,970.19745,2155.7793,915.6685,2162.803,873.8145,2167.9727,826.9953,2171.9385,1384.3975,2169.721,1333.1923,2164.2214,1290.3112,2159.6572,1237.1675,2156.7407,1172.729,2159.0967,1102.3899,2160.926,1032.3296,2157.477,970.1219,2158.2158,915.4372,2162.2725,874.28235,2168.1248,826.9953,2171.9385,798.10376,2174.1714,830.80347,2204.8223,875.4652,2233.22,939.9206,2267.5178,1019.0078,2290.3982,1105.488,2296.2063,1194.7632,2288.8457,1272.9933,2264.0554,1335.2771,2228.9565,1379.3749,2197.7944,1414.4287,2171.3794
629,629,10483,798.2861,2176.0579,825.15137,2148.3157,867.0105,2117.051,926.7405,2081.4512,1015.8965,2049.09,1101.2609,2067.86,1186.8475,2047.1401,1275.6385,2078.9973,1337.9182,2114.1814,1381.3167,2146.4912,1413.967,2173.8633,1384.0728,2172.172,1333.1266,2168.566,1289.1094,2163.2603,1235.5619,2158.6387,1172.9517,2158.4197,1102.3029,2160.3452,1033.1659,2157.7705,970.55396,2158.2285,915.9487,2165.03,874.0643,2169.9827,827.09576,2173.8167,1384.0728,2172.172,1333.2034,2166.9631,1290.5337,2162.1885,1237.5636,2158.806,1173.1473,2160.7905,1102.7894,2162.5527,1032.6128,2159.1538,970.3236,2160.293,915.633,2164.6274,874.45734,2170.2566,827.09576,2173.8167,798.2861,2176.0579,830.8224,2206.9648,875.3564,2236.058,939.8031,2270.7676,1019.05994,2293.6504,1105.8971,2299.4326,1195.4797,2292.1958,1273.956,2267.5173,1336.1901,2232.29,1379.653,2200.7466,1413.967,2173.8633
630,630,10500,798.1899,2177.958,825.096,2150.1514,867.06714,2118.852,926.8976,2083.327,1016.11096,2050.934,1101.5437,2069.663,1187.1263,2049.226,1275.9675,2081.2473,1338.3352,2116.4675,1381.5481,2148.8625,1413.6101,2176.294,1383.9043,2174.5554,1333.0271,2170.7876,1289.3536,2165.264,1235.9349,2160.446,1173.346,2160.1084,1102.5973,2162.0679,1033.3649,2159.474,970.6924,2159.9402,916.0603,2166.7878,874.12256,2171.816,827.0317,2175.6926,1383.9043,2174.5554,1333.4226,2169.4683,1290.9688,2164.5828,1238.1254,2160.8958,1173.6418,2162.6409,1103.1052,2164.3467,1032.7876,2161.028,970.40967,2162.4595,915.687,2166.8875,874.4837,2172.2703,827.0317,2175.6926,798.1899,2177.958,830.55554,2209.1643,875.0478,2238.9177,939.6026,2273.953,1019.11395,2296.63,1106.322,2302.279,1196.3635,2295.12,1275.1642,2270.5967,1337.4199,2235.3108,1380.3048,2203.4622,1413.6101,2176.294
631,631,10516,797.97925,2179.7485,824.8399,2151.8738,866.80914,2120.4888,926.6747,2084.9624,1015.9484,2052.5825,1101.5123,2071.3704,1187.1914,2051.041,1276.1921,2083.154,1338.6683,2118.3535,1381.7622,2150.758,1413.371,2178.2046,1383.847,2176.4905,1333.0166,2172.6174,1289.6157,2167.02,1236.2153,2162.1272,1173.5415,2161.8032,1102.6113,2163.841,1033.2974,2161.2183,970.56506,2161.6042,915.8911,2168.44,873.9246,2173.5237,826.8217,2177.4924,1383.847,2176.4905,1333.6857,2171.4905,1291.3546,2166.5247,1238.5216,2162.5916,1173.9089,2164.2026,1103.2114,2165.8982,1032.8253,2162.6782,970.38855,2164.3743,915.60016,2168.9138,874.32495,2174.1545,826.8217,2177.4924,797.97925,2179.7485,830.3361,2211.1182,874.88525,2241.216,939.526,2276.3787,1019.16174,2298.8145,1106.4806,2304.304,1196.7482,2297.1228,1275.738,2272.6458,1338.052,2237.3628,1380.713,2205.4902,1413.371,2178.2046
632,632,10533,797.49756,2181.4788,824.3218,2153.3618,866.29425,2121.7192,926.19165,2085.9856,1015.5598,2053.5447,1101.2778,2072.5798,1187.0856,2052.2576,1276.3047,2084.6663,1338.8741,2120.0437,1381.8628,2152.6028,1413.1216,2180.2183,1383.7144,2178.5234,1332.9563,2174.5066,1289.758,2168.8103,1236.3312,2163.7688,1173.5717,2163.3987,1102.5039,2165.4236,1033.1138,2162.7478,970.2705,2163.022,915.50116,2169.8848,873.4649,2175.051,826.3936,2179.2332,1383.7144,2178.5234,1333.7913,2173.443,1291.5188,2168.3577,1238.6273,2164.243,1173.889,2165.8271,1103.0662,2167.574,1032.6222,2164.4421,970.09406,2166.3196,915.2103,2170.8538,873.863,2175.9387,826.3936,2179.2332,797.49756,2181.4788,829.88214,2212.9675,874.5267,2243.3945,939.28,2278.853,1019.0552,2301.1804,1106.465,2306.5066,1196.838,2299.2422,1275.9111,2274.6147,1338.2306,2239.1948,1380.8082,2207.446,1413.1216,2180.2183
633,633,10550,797.164,2181.9573,823.9421,2153.783,865.8797,2122.1504,925.78485,2086.4355,1015.2048,2054.0837,1101.0095,2073.4646,1186.9149,2053.1963,1276.2384,2085.9666,1338.7983,2121.5127,1381.7896,2154.1086,1412.9933,2181.7544,1383.6849,2180.051,1332.8887,2175.9038,1289.6768,2170.154,1236.2251,2164.994,1173.4006,2164.5408,1102.2468,2166.4556,1032.8694,2163.6252,969.9726,2163.6611,915.14716,2170.396,873.0999,2175.525,826.1085,2179.7876,1383.6849,2180.051,1333.7052,2174.9556,1291.4225,2169.797,1238.4688,2165.5403,1173.6523,2167.0515,1102.7848,2168.7405,1032.3961,2165.6152,969.82886,2167.5247,914.8747,2171.9226,873.4936,2176.737,826.1085,2179.7876,797.164,2181.9573,829.59576,2213.6487,874.31274,2244.409,939.1326,2280.2598,1018.877,2302.5967,1106.1285,2307.8743,1196.4645,2300.6216,1275.5955,2275.8994,1338.0312,2240.4175,1380.7263,2208.8833,1412.9933,2181.7544
634,634,10566,796.7983,2182.5864,823.6254,2154.29,865.59344,2122.4888,925.49255,2086.662,1014.87744,2054.3362,1100.7227,2073.8423,1186.7191,2053.7993,1276.1301,2086.8774,1338.7239,2122.7046,1381.7384,2155.6226,1412.772,2183.5251,1383.4662,2181.8313,1332.7445,2177.5125,1289.6608,2171.4775,1236.1293,2165.9648,1173.2148,2165.2239,1101.9696,2166.9478,1032.5687,2164.05,969.644,2164.09,914.79736,2170.9553,872.70746,2176.215,825.7628,2180.4863,1383.4662,2181.8313,1333.6702,2176.7417,1291.3297,2171.6562,1238.2738,2167.3745,1173.3727,2168.7893,1102.4521,2170.2996,1032.0704,2167.1472,969.48755,2168.9978,914.49023,2173.1497,873.10126,2177.6367,825.7628,2180.4863,796.7983,2182.5864,829.17334,2214.5574,873.8868,2245.667,938.7532,2281.727,1018.53564,2303.9805,1105.7711,2309.2915,1196.1377,2302.1072,1275.3296,2277.523,1337.8711,2242.1313,1380.6799,2210.6445,1412.772,2183.5251
635,635,10583,796.50006,2183.054,823.41187,2154.6558,865.4631,2122.725,925.3719,2086.799,1014.6337,2054.4673,1100.4951,2074.0796,1186.585,2054.185,1276.0447,2087.4988,1338.6965,2123.51,1381.4972,2156.587,1411.9471,2184.5803,1382.749,2182.8977,1332.2489,2178.4897,1289.418,2172.3271,1236.0452,2166.6223,1173.1049,2165.7134,1101.7266,2167.3213,1032.2954,2164.375,969.3591,2164.4133,914.4973,2171.3442,872.37164,2176.6885,825.467,2181.0059,1382.749,2182.8977,1333.3453,2177.8413,1291.2083,2172.8005,1238.1533,2168.4949,1173.0859,2169.878,1102.0369,2171.3293,1031.6729,2168.2207,969.0954,2170.0964,914.1015,2174.094,872.7494,2178.3362,825.467,2181.0059,796.50006,2183.054,828.8073,2215.2573,873.4802,2246.6726,938.3423,2282.957,1018.11664,2305.112,1105.3167,2310.357,1195.7726,2303.1443,1275.1329,2278.55,1337.7468,2243.149,1380.2925,2211.6963,1411.9471,2184.5803
636,636,10600,796.33594,2183.4595,823.27673,2154.9912,865.3644,2123.0376,925.2707,2087.122,1014.42755,2054.8367,1100.2961,2074.651,1186.4404,2054.84,1275.9479,2088.3916,1338.6619,2124.5066,1381.3612,2157.5957,1411.5049,2185.5962,1382.4595,2183.9092,1332.041,2179.4387,1289.3142,2173.257,1236.001,2167.4956,1173.0188,2166.513,1101.5413,2168.0083,1032.0769,2164.9836,969.14294,2164.92,914.29785,2171.782,872.1527,2177.1208,825.2977,2181.4685,1382.4595,2183.9092,1333.2699,2178.8923,1291.166,2173.8525,1238.0133,2169.477,1172.8434,2170.7922,1101.6907,2172.1526,1031.337,2169.0693,968.7617,2170.962,913.79755,2174.8748,872.5212,2178.9539,825.2977,2181.4685,796.33594,2183.4595,828.52734,2215.7986,873.14386,2247.3467,938.0064,2283.7534,1017.76654,2305.8267,1104.9327,2311.0469,1195.4917,2303.875,1275.0173,2279.341,1337.6317,2244.0059,1380.051,2212.6665,1411.5049,2185.5962
637,637,10616,796.10645,2183.8457,823.09045,2155.2573,865.2359,2123.2314,925.15497,2087.278,1014.2297,2055.0488,1100.1078,2075.0254,1186.3021,2055.3257,1275.87,2089.0989,1338.6007,2125.3699,1381.3059,2158.552,1411.142,2186.6538,1382.1854,2184.9426,1331.8699,2180.3684,1289.2415,2174.0938,1235.9612,2168.1882,1172.9066,2167.0676,1101.3585,2168.4392,1031.8788,2165.3499,968.93475,2165.2302,914.0784,2172.1047,871.90784,2177.4966,825.0755,2181.8882,1382.1854,2184.9426,1333.2037,2179.909,1291.1177,2174.899,1237.8815,2170.512,1172.6439,2171.7766,1101.4364,2173.0408,1031.1024,2169.9685,968.5174,2171.8325,913.53577,2175.605,872.2699,2179.4995,825.0755,2181.8882,796.10645,2183.8457,828.27094,2216.3533,872.8844,2248.0613,937.7693,2284.6406,1017.5202,2306.6912,1104.6366,2311.9077,1195.2509,2304.7695,1274.8906,2280.264,1337.574,2244.9534,1379.8818,2213.7048,1411.142,2186.6538
638,638,10633,795.8751,2184.6682,822.8584,2155.9429,865.0206,2123.798,924.95184,2087.7593,1014.0287,2055.4998,1099.9323,2075.523,1186.1771,2055.8962,1275.794,2089.7798,1338.5768,2126.1262,1381.1301,2159.3655,1410.5317,2187.5193,1381.6497,2185.8176,1331.5316,2181.2034,1289.0437,2174.8171,1235.9135,2168.7585,1172.8011,2167.5127,1101.1816,2168.8245,1031.6996,2165.759,968.7403,2165.72,913.8724,2172.7207,871.6843,2178.2534,824.8877,2182.7146,1381.6497,2185.8176,1332.9799,2180.9211,1291.0624,2176.11,1237.7671,2171.905,1172.469,2173.2388,1101.261,2174.4297,1030.9573,2171.3896,968.3649,2173.1892,913.34576,2176.7422,872.05865,2180.4148,824.8877,2182.7146,795.8751,2184.6682,828.0573,2217.23,872.7117,2248.9863,937.6547,2285.5652,1017.3965,2307.503,1104.4324,2312.7039,1195.0212,2305.5874,1274.7427,2281.1694,1337.4786,2245.9214,1379.5968,2214.6494,1410.5317,2187.5193
639,639,10650,795.6835,2184.8872,822.64185,2156.1562,864.8094,2124.0232,924.759,2088.0166,1013.85455,2055.8525,1099.789,2076.0007,1186.0922,2056.421,1275.782,2090.3662,1338.5247,2126.741,1381.0774,2159.9644,1410.4192,2188.1157,1381.5785,2186.4,1331.5066,2181.717,1288.9957,2175.2578,1235.8246,2169.1152,1172.6781,2167.8096,1101.0325,2169.069,1031.5585,2165.953,968.5803,2165.8726,913.7004,2172.883,871.50287,2178.4614,824.73694,2182.9595,1381.5785,2186.4,1332.9288,2181.5408,1290.9788,2176.795,1237.6567,2172.6616,1172.3584,2174.0415,1101.1608,2175.201,1030.8724,2172.1462,968.2506,2173.8552,913.1904,2177.2354,871.887,2180.7556,824.73694,2182.9595,795.6835,2184.8872,827.8934,2217.542,872.58386,2249.4128,937.5761,2286.1707,1017.31805,2308.1523,1104.2834,2313.3733,1194.8345,2306.2805,1274.567,2281.8533,1337.3751,2246.551,1379.5762,2215.2725,1410.4192,2188.1157
640,640,10666,795.5282,2185.1655,822.476,2156.4497,864.6471,2124.3342,924.60767,2088.3342,1013.71295,2056.2314,1099.6821,2076.4258,1186.0558,2056.8513,1275.8191,2090.7488,1338.5035,2127.022,1381.0197,2160.0925,1410.3977,2188.114,1381.5333,2186.4558,1331.4423,2181.846,1288.9385,2175.4587,1235.7485,2169.3618,1172.5829,2168.0913,1100.9186,2169.3726,1031.4485,2166.2666,968.45166,2166.188,913.5601,2173.2144,871.3512,2178.805,824.60254,2183.2876,1381.5333,2186.4558,1332.8732,2181.7993,1290.9292,2177.2578,1237.6027,2173.338,1172.3152,2174.8733,1101.1151,2176.075,1030.8248,2173.0671,968.1677,2174.708,913.06165,2177.902,871.7426,2181.2356,824.60254,2183.2876,795.5282,2185.1655,827.7591,2217.9368,872.4998,2249.8674,937.56036,2286.7212,1017.3,2308.7078,1104.1979,2313.928,1194.6962,2306.765,1274.4172,2282.256,1337.2706,2246.8228,1379.5248,2215.427,1410.3977,2188.114
641,641,10683,795.3957,2185.3994,822.3571,2156.667,864.55096,2124.547,924.51605,2088.5505,1013.59143,2056.5024,1099.5742,2076.7634,1185.9935,2057.1975,1275.8208,2091.0845,1338.4739,2127.3118,1380.9677,2160.3208,1410.35,2188.2952,1381.5133,2186.6804,1331.3987,2182.1108,1288.8927,2175.7456,1235.6777,2169.6465,1172.4916,2168.375,1100.8081,2169.6528,1031.3392,2166.54,968.332,2166.455,913.43225,2173.489,871.21356,2179.095,824.4794,2183.5552,1381.5133,2186.6804,1332.8217,2182.1785,1290.875,2177.8103,1237.5459,2174.058,1172.267,2175.6895,1101.0619,2176.8843,1030.765,2173.8635,968.0784,2175.4065,912.9387,2178.4229,871.6089,2181.596,824.4794,2183.5552,795.3957,2185.3994,827.62524,2218.2546,872.38324,2250.244,937.47833,2287.1992,1017.2312,2309.2373,1104.0999,2314.4905,1194.5725,2307.307,1274.2781,2282.7546,1337.168,2247.2322,1379.4746,2215.7349,1410.35,2188.2952
642,642,10700,795.26886,2185.8486,822.25214,2157.0374,864.5234,2124.8586,924.42786,2088.8352,1013.5583,2056.83,1099.5387,2077.181,1185.9478,2057.5996,1275.7849,2091.518,1338.4476,2127.7544,1380.8043,2160.7595,1409.8417,2188.7236,1381.1407,2187.0984,1331.2035,2182.5288,1288.7836,2176.1807,1235.6216,2170.1013,1172.4608,2168.8677,1100.7767,2170.1687,1031.2736,2167.0198,968.25635,2166.876,913.3404,2173.8684,871.09985,2179.4788,824.3725,2183.9714,1381.1407,2187.0984,1332.698,2182.5544,1290.8226,2178.1648,1237.513,2174.3894,1172.1929,2176.031,1100.9512,2177.2466,1030.6569,2174.2432,967.9705,2175.7915,912.82654,2178.7925,871.4954,2181.9578,824.3725,2183.9714,795.26886,2185.8486,827.51227,2218.6277,872.2794,2250.5486,937.3797,2287.4949,1017.1195,2309.4841,1103.9828,2314.7214,1194.5297,2307.512,1274.1233,2282.9565,1336.8722,2247.4788,1379.1111,2216.0835,1409.8417,2188.7236
643,643,10716,795.1635,2186.2654,822.1358,2157.4097,864.44653,2125.1873,924.3928,2089.1416,1013.5336,2057.1633,1099.5183,2077.5215,1185.9242,2057.949,1275.7744,2091.8496,1338.3688,2128.0354,1380.5864,2160.9707,1409.3501,2188.8628,1380.7396,2187.2456,1330.9602,2182.69,1288.6285,2176.347,1235.5411,2170.2568,1172.4156,2169.025,1100.755,2170.344,1031.2229,2167.2078,968.184,2167.093,913.2497,2174.133,870.99915,2179.8083,824.28876,2184.3596,1380.7396,2187.2456,1332.5288,2182.7285,1290.7406,2178.3745,1237.4973,2174.6296,1172.1326,2176.305,1100.8605,2177.5488,1030.5685,2174.591,967.8832,2176.1702,912.7334,2179.1667,871.3994,2182.3137,824.28876,2184.3596,795.1635,2186.2654,827.4261,2218.9634,872.2051,2250.7766,937.3111,2287.636,1017.03143,2309.5464,1103.888,2314.765,1194.51,2307.5244,1273.933,2282.9673,1336.5491,2247.5286,1378.7428,2216.1902,1409.3501,2188.8628
644,644,10733,795.0666,2186.6367,822.0225,2157.7795,864.3565,2125.5544,924.349,2089.4998,1013.4868,2057.544,1099.4918,2077.9116,1185.9003,2058.2942,1275.76,2092.1433,1338.2776,2128.2603,1380.3372,2161.1067,1408.7968,2188.9153,1380.3193,2187.314,1330.7354,2182.8066,1288.4954,2176.528,1235.4758,2170.506,1172.3904,2169.359,1100.7196,2170.7578,1031.1606,2167.6245,968.1095,2167.488,913.1654,2174.4985,870.90753,2180.1616,824.2095,2184.7148,1380.3193,2187.314,1332.3679,2182.8542,1290.6719,2178.5469,1237.4692,2174.8315,1172.0676,2176.544,1100.7731,2177.8381,1030.4897,2174.92,967.80365,2176.5366,912.6474,2179.5366,871.311,2182.6636,824.2095,2184.7148,795.0666,2186.6367,827.34784,2219.3096,872.13916,2251.083,937.255,2287.9014,1016.9585,2309.7422,1103.7904,2314.9294,1194.4504,2307.6338,1273.8114,2283.0476,1336.2697,2247.6028,1378.3674,2216.2632,1408.7968,2188.9153
645,645,10750,794.9842,2186.8328,821.9459,2157.9556,864.32904,2125.7202,924.2582,2089.6738,1013.4296,2057.7488,1099.4174,2078.1218,1185.8412,2058.5134,1275.7021,2092.3567,1338.1393,2128.446,1380.0583,2161.2559,1408.2683,2189.0193,1379.8564,2187.4192,1330.4299,2182.9272,1288.2897,2176.6536,1235.3431,2170.6301,1172.3018,2169.4893,1100.6589,2170.9016,1031.1353,2167.7607,968.0636,2167.625,913.09924,2174.6404,870.8286,2180.3179,824.1401,2184.8909,1379.8564,2187.4192,1332.124,2182.9832,1290.5216,2178.6997,1237.3948,2175.0046,1172.0465,2176.7437,1100.7133,2178.0574,1030.4214,2175.1567,967.73474,2176.7761,912.5742,2179.7473,871.2342,2182.8457,824.1401,2184.8909,794.9842,2186.8328,827.2756,2219.4966,872.07135,2251.2737,937.1883,2288.0967,1016.8863,2309.9082,1103.7289,2315.086,1194.3959,2307.7603,1273.609,2283.1545,1335.9464,2247.7056,1377.9845,2216.37,1408.2683,2189.0193
646,646,10766,794.7933,2186.8987,821.5713,2158.0205,863.7707,2125.7842,923.6125,2089.7568,1012.90405,2057.8826,1098.9323,2078.2407,1185.4718,2058.644,1275.447,2092.4387,1337.8655,2128.4766,1379.7338,2161.2402,1407.7623,2188.9597,1379.36,2187.368,1330.0177,2182.8994,1287.8989,2176.6343,1234.9556,2170.6125,1171.8772,2169.4805,1100.2102,2170.9065,1030.7783,2167.763,967.7508,2167.632,912.8557,2174.6614,870.6417,2180.3562,824.0095,2184.9448,1379.36,2187.368,1331.7385,2182.9653,1290.1595,2178.7212,1237.0469,2175.0696,1171.7385,2176.8555,1100.4508,2178.2014,1030.2177,2175.3252,967.53796,2176.9414,912.3815,2179.8672,871.06775,2182.915,824.0095,2184.9448,794.7933,2186.8987,827.0943,2219.5747,871.88916,2251.3904,937.0147,2288.2336,1016.6973,2310.0078,1103.4595,2315.168,1193.9958,2307.8054,1273.0886,2283.1704,1335.4146,2247.6982,1377.5197,2216.335,1407.7623,2188.9597
647,647,10783,794.5898,2187.0376,821.216,2158.1274,863.24927,2125.8694,923.0124,2089.8345,1012.4497,2057.9832,1098.5087,2078.3342,1185.1448,2058.7585,1275.2094,2092.5413,1337.5669,2128.5474,1379.3286,2161.2734,1407.144,2188.9617,1378.7759,2187.3755,1329.5443,2182.9365,1287.4775,2176.6914,1234.5753,2170.6777,1171.4823,2169.5537,1099.7833,2170.9878,1030.4447,2167.8477,967.4468,2167.7222,912.6092,2174.7659,870.4493,2180.4792,823.85736,2185.0796,1378.7759,2187.3755,1331.3154,2183.0042,1289.8049,2178.8025,1236.7345,2175.191,1171.4697,2177.0156,1100.2104,2178.3884,1030.0442,2175.5605,967.3614,2177.1992,912.1961,2180.0945,870.90015,2183.0833,823.85736,2185.0796,794.5898,2187.0376,826.91,2219.7605,871.72046,2251.6052,936.87305,2288.4387,1016.5307,2310.1511,1103.1655,2315.2769,1193.5388,2307.8696,1272.491,2283.2107,1334.8062,2247.7312,1376.963,2216.3574,1407.144,2188.9617
648,648,10800,794.4968,2187.2637,821.0534,2158.3108,862.9952,2126.0203,922.6633,2089.9497,1012.0977,2058.0762,1098.0708,2078.404,1184.7152,2058.8247,1274.8038,2092.6057,1337.0723,2128.5896,1378.7062,2161.2783,1406.3245,2188.9358,1378.0598,2187.3499,1328.9692,2182.9329,1286.9855,2176.7197,1234.1234,2170.7395,1171.0514,2169.6545,1099.3898,2171.1248,1030.2107,2168.0068,967.2697,2167.8843,912.46484,2174.9265,870.3383,2180.643,823.76733,2185.274,1378.0598,2187.3499,1330.8315,2182.9827,1289.3883,2178.7937,1236.3679,2175.1946,1171.1696,2177.0369,1099.9635,2178.4353,1029.9098,2175.6416,967.2398,2177.3242,912.06274,2180.2424,870.7735,2183.2385,823.76733,2185.274,794.4968,2187.2637,826.8357,2219.9417,871.66113,2251.7314,936.8303,2288.511,1016.44824,2310.1655,1102.9327,2315.2708,1193.1205,2307.8381,1271.8706,2283.1636,1334.0913,2247.678,1376.2463,2216.3127,1406.3245,2188.9358
649,649,10816,794.303,2187.4148,820.75195,2158.4236,862.60144,2126.093,922.2348,2089.9895,1011.75543,2058.0984,1097.6921,2078.43,1184.3793,2058.8535,1274.5864,2092.6667,1336.871,2128.6697,1378.4972,2161.3635,1406.0498,2189.0156,1377.821,2187.414,1328.744,2183.0054,1286.759,2176.8074,1233.8556,2170.836,1170.7406,2169.7646,1099.0697,2171.2444,1029.9788,2168.1265,967.0582,2167.9993,912.2603,2175.0356,870.1522,2180.7522,823.59015,2185.4019,1377.821,2187.414,1330.6527,2183.0146,1289.1976,2178.8113,1236.1505,2175.2026,1170.9432,2177.0479,1099.7505,2178.4573,1029.7588,2175.6768,967.0817,2177.381,911.8723,2180.3198,870.5741,2183.3296,823.59015,2185.4019,794.303,2187.4148,826.68835,2220.0427,871.54614,2251.7886,936.74335,2288.538,1016.34314,2310.167,1102.7373,2315.2642,1192.8242,2307.8196,1271.5109,2283.1418,1333.7523,2247.6711,1375.9668,2216.3413,1406.0498,2189.0156
650,650,10833,794.17914,2187.5044,820.5297,2158.4941,862.2791,2126.1406,921.85187,2090.0107,1011.4498,2058.1055,1097.37,2078.436,1184.1134,2058.858,1274.3986,2092.687,1336.6436,2128.704,1378.194,2161.4016,1405.5907,2189.0515,1377.4238,2187.4326,1328.4125,2183.021,1286.4777,2176.83,1233.5668,2170.867,1170.4254,2169.812,1098.7539,2171.306,1029.7526,2168.19,966.85455,2168.0583,912.07306,2175.0886,870.0015,2180.8018,823.4675,2185.4668,1377.4238,2187.4326,1330.3463,2183.0085,1288.9048,2178.796,1235.8584,2175.1877,1170.6771,2177.0398,1099.5162,2178.4573,1029.6012,2175.679,966.9311,2177.3845,911.71277,2180.3235,870.427,2183.3494,823.4675,2185.4668,794.17914,2187.5044,826.6035,2220.0679,871.46826,2251.7737,936.6566,2288.5212,1016.2079,2310.149,1102.465,2315.247,1192.3988,2307.7927,1270.9619,2283.1057,1333.194,2247.6353,1375.4822,2216.3328,1405.5907,2189.0515
651,651,10850,793.9942,2187.5479,820.2881,2158.5327,862.0005,2126.1704,921.5824,2090.0327,1011.25867,2058.126,1097.1555,2078.4524,1183.9463,2058.89,1274.2938,2092.742,1336.5388,2128.7622,1378.076,2161.4553,1405.416,2189.088,1377.2682,2187.4543,1328.2668,2183.0496,1286.3376,2176.8567,1233.4116,2170.8835,1170.2365,2169.8232,1098.532,2171.3176,1029.5804,2168.196,966.68896,2168.0664,911.90643,2175.101,869.8396,2180.8203,823.2978,2185.4941,1377.2682,2187.4543,1330.2198,2183.0042,1288.7732,2178.7834,1235.7118,2175.1729,1170.5214,2177.0305,1099.3452,2178.4565,1029.4773,2175.6868,966.79645,2177.403,911.55255,2180.3457,870.25977,2183.366,823.2978,2185.4941,793.9942,2187.5479,826.42,2220.1116,871.30273,2251.8198,936.5242,2288.5522,1016.0725,2310.1484,1102.2501,2315.2354,1192.1261,2307.77,1270.6593,2283.076,1332.9307,2247.612,1375.2882,2216.3337,1405.416,2189.088
652,652,10866,793.9348,2187.5227,820.24146,2158.5142,861.93555,2126.1565,921.42444,2090.0237,1011.0769,2058.1262,1096.9062,2078.4683,1183.7246,2058.9177,1274.1167,2092.806,1336.3079,2128.8457,1377.744,2161.5427,1404.9194,2189.1672,1376.8237,2187.507,1327.9275,2183.108,1286.0779,2176.931,1233.1702,2170.9756,1169.9896,2169.9321,1098.2819,2171.4285,1029.4445,2168.2761,966.6168,2168.1086,911.88477,2175.11,869.79395,2180.8057,823.2477,2185.4658,1376.8237,2187.507,1329.8677,2183.0168,1288.4413,2178.778,1235.3932,2175.1611,1170.2317,2177.0225,1099.0872,2178.4526,1029.3533,2175.6812,966.738,2177.392,911.5382,2180.325,870.2164,2183.339,823.2477,2185.4658,793.9348,2187.5227,826.3693,2220.0833,871.2713,2251.796,936.477,2288.545,1015.92847,2310.1482,1101.9221,2315.2395,1191.668,2307.763,1270.0947,2283.0576,1332.3491,2247.5977,1374.7635,2216.3572,1404.9194,2189.1672
653,653,10883,793.91156,2187.456,820.1102,2158.459,861.6483,2126.1133,921.0324,2089.9937,1010.74884,2058.1067,1096.584,2078.4482,1183.4899,2058.9038,1273.9916,2092.8152,1336.1824,2128.8804,1377.5828,2161.5984,1404.6525,2189.2349,1376.5427,2187.5671,1327.6755,2183.1917,1285.8362,2177.0254,1232.938,2171.0647,1169.7206,2170.0085,1097.9633,2171.4917,1029.1956,2168.3103,966.42413,2168.1165,911.78015,2175.094,869.745,2180.767,823.2339,2185.4065,1376.5427,2187.5671,1329.6089,2183.0737,1288.1873,2178.849,1235.1385,2175.2463,1169.9752,2177.122,1098.8202,2178.552,1029.1605,2175.759,966.60504,2177.432,911.4648,2180.3206,870.1894,2183.3054,823.2339,2185.4065,793.91156,2187.456,826.31726,2220.043,871.15485,2251.7979,936.2752,2288.6226,1015.6399,2310.3015,1101.5479,2315.4456,1191.2891,2307.9565,1269.7256,2283.2053,1332.0354,2247.707,1374.5049,2216.4463,1404.6525,2189.2349
654,654,10900,793.8626,2187.402,820.02594,2158.4248,861.33777,2126.0896,920.5421,2089.932,1010.27875,2058.0315,1096.1206,2078.4255,1183.1116,2058.8955,1273.8203,2092.8152,1336.0641,2128.9192,1377.4893,2161.6824,1404.5503,2189.3555,1376.4164,2187.6733,1327.4952,2183.3276,1285.6176,2177.1763,1232.6732,2171.2117,1169.39,2170.1277,1097.5635,2171.5742,1028.8849,2168.3342,966.2095,2168.1006,911.6999,2175.0557,869.7154,2180.7178,823.1898,2185.3552,1376.4164,2187.6733,1329.4218,2183.1433,1287.9475,2178.907,1234.843,2175.2917,1169.6362,2177.1646,1098.4547,2178.5876,1028.8994,2175.7732,966.45435,2177.4253,911.41833,2180.2961,870.15247,2183.27,823.1898,2185.3552,793.8626,2187.402,826.29675,2219.997,871.0597,2251.7888,936.0361,2288.7195,1015.2841,2310.534,1101.1387,2315.7761,1190.9432,2308.2969,1269.4618,2283.4905,1331.8563,2247.9165,1374.3837,2216.6008,1404.5503,2189.3555
655,655,10916,793.78687,2186.524,819.5499,2157.4958,860.3709,2125.1514,919.2751,2089.1655,1008.9359,2057.7007,1094.8705,2078.3032,1182.318,2058.8882,1273.5289,2092.8276,1335.9644,2128.9866,1377.4797,2161.8245,1404.5316,2189.5835,1376.3805,2187.8362,1327.3955,2183.434,1285.3741,2177.2078,1232.2352,2171.191,1168.6078,2170.1057,1096.3671,2171.4377,1027.8494,2167.9854,965.3887,2167.5237,911.25256,2174.3677,869.5406,2180.0002,823.16016,2184.5386,1376.3805,2187.8362,1329.3049,2183.2183,1287.7089,2178.9631,1234.3846,2175.329,1168.8612,2177.1797,1097.3076,2178.5842,1027.9331,2175.747,965.7721,2177.2869,911.0679,2179.9253,870.0337,2182.6362,823.16016,2184.5386,793.78687,2186.524,826.0253,2219.4006,870.4588,2251.5076,935.01434,2288.6528,1013.96106,2310.5244,1099.6605,2315.7832,1189.8937,2308.355,1268.903,2283.6196,1331.6737,2248.1057,1374.3561,2216.8154,1404.5316,2189.5835
656,656,10933,792.92957,2181.9548,817.3202,2152.9075,856.95276,2120.8496,915.1437,2085.8928,1004.1037,2056.281,1089.9769,2077.7322,1178.627,2058.8494,1271.5599,2092.9019,1335.1028,2129.2258,1377.3374,2162.2944,1404.5088,2190.3079,1376.2921,2188.3367,1326.9757,2183.6885,1284.2997,2177.2322,1230.2174,2171.1333,1165.2628,2169.563,1091.621,2170.1343,1023.6386,2165.573,961.9421,2164.078,908.93933,2170.407,868.1794,2175.929,822.5379,2180.2114,1376.2921,2188.3367,1328.9272,2183.3982,1286.8181,2179.032,1232.5562,2175.3333,1165.7339,2177.1624,1092.7844,2178.4102,1023.92786,2175.1855,962.6717,2175.997,909.0577,2177.555,868.873,2179.1956,822.5379,2180.2114,792.92957,2181.9548,824.23224,2215.9753,867.5924,2249.5537,930.94226,2287.7888,1009.13306,2310.2122,1094.5511,2315.7444,1186.4734,2308.3713,1267.2245,2283.8242,1331.1754,2248.5566,1374.3068,2217.4048,1404.5088,2190.3079
657,657,10950,792.4796,2168.5762,815.3772,2140.155,853.6658,2109.3713,910.9893,2076.9636,998.9878,2051.728,1084.8933,2075.5596,1174.9084,2058.4893,1269.5065,2092.9324,1334.2777,2129.4775,1377.3232,2162.8967,1404.6449,2191.3452,1376.277,2188.9697,1326.6381,2183.871,1283.1215,2177.2148,1228.016,2170.255,1161.6472,2166.656,1086.5079,2164.872,1019.0852,2157.4534,958.27216,2153.67,906.7424,2158.8826,867.19745,2164.0608,822.36194,2167.5598,1376.277,2188.9697,1328.6102,2183.509,1285.948,2179.0415,1230.706,2175.3235,1162.5259,2176.9575,1088.0265,2177.5173,1019.6389,2172.7732,959.5839,2171.0833,907.4317,2169.5193,868.2223,2168.586,822.36194,2167.5598,792.4796,2168.5762,822.6757,2205.1206,864.5219,2242.309,926.0605,2284.1135,1003.35474,2308.859,1088.82,2315.523,1182.9562,2308.406,1265.903,2284.2576,1331.0292,2249.316,1374.3297,2218.2798,1404.6449,2191.3452
658,658,10966,791.81836,2153.8787,813.0756,2125.963,850.1232,2096.4565,906.5267,2066.5063,993.5453,2045.9498,1079.8835,2072.2395,1171.4882,2057.6233,1267.4458,2092.897,1333.2687,2129.4915,1377.2618,2163.0833,1404.7133,2191.8826,1376.1499,2189.1995,1326.0531,2183.8574,1281.5536,2176.4644,1225.6244,2167.3008,1158.0435,2160.68,1081.5321,2156.259,1014.4215,2146.1208,954.3737,2140.44,904.3493,2145.035,866.00574,2150.2974,822.1596,2153.5479,1376.1499,2189.1995,1328.0298,2183.541,1284.9312,2179.0703,1228.8492,2175.3481,1159.5079,2176.9395,1083.5687,2176.9944,1015.333,2170.7427,956.33545,2166.2888,905.64813,2161.178,867.5238,2157.2769,822.1596,2153.5479,791.81836,2153.8787,820.7162,2193.267,861.05695,2234.0342,920.936,2279.667,997.5232,2307.215,1083.2384,2315.3162,1179.4563,2308.5378,1264.5907,2285.0027,1330.9202,2250.2505,1374.376,2218.9995,1404.7133,2191.8826
659,659,10983,791.17786,2139.9402,809.6619,2111.9983,844.14246,2082.9644,898.5301,2054.592,983.279,2038.0824,1069.2332,2067.0044,1162.342,2055.564,1260.9167,2092.549,1329.1041,2129.4722,1375.805,2163.17,1404.4647,2192.3838,1374.8102,2189.3623,1323.29,2183.814,1276.6825,2175.3005,1219.0555,2163.641,1149.5773,2154.0881,1071.5267,2147.237,1005.5604,2134.8054,947.361,2127.5105,900.0601,2131.51,864.0203,2136.7583,821.9299,2139.903,1374.8102,2189.3623,1325.4629,2183.532,1281.137,2179.0388,1223.2993,2175.2502,1152.0165,2176.4849,1074.415,2175.3506,1007.154,2166.9316,950.36096,2159.527,902.40466,2151.4563,866.28143,2145.3967,821.9299,2139.903,791.17786,2139.9402,818.2746,2180.9807,856.1859,2224.29,913.1335,2273.1743,987.89404,2303.816,1073.1693,2314.239,1171.5873,2308.5198,1259.8977,2285.2957,1329.0858,2250.84,1373.9384,2219.5503,1404.4647,2192.3838
660,660,11000,790.1519,2117.7295,802.5265,2089.5667,831.3718,2061.1682,881.7819,2035.1799,961.65027,2024.7068,1046.2517,2056.9648,1140.7349,2051.0574,1244.1982,2091.2627,1318.5054,2129.1152,1371.4655,2163.1729,1403.6543,2193.047,1371.825,2189.686,1317.7847,2183.556,1266.1376,2172.3906,1204.4067,2156.3242,1131.2893,2141.8474,1050.4319,2130.859,986.1999,2114.9766,931.8376,2105.555,890.0004,2109.134,858.97424,2115.0403,821.6543,2118.7478,1371.825,2189.686,1320.8225,2184.2334,1274.2135,2180.341,1213.0948,2177.0063,1138.5297,2177.5857,1058.208,2175.3997,991.8684,2166.1392,938.85034,2155.5251,895.86017,2142.3105,863.54144,2130.7983,821.6543,2118.7478,790.1519,2117.7295,813.39545,2163.5742,846.2107,2212.6704,897.6765,2267.2349,969.7072,2302.235,1055.978,2314.2522,1158.787,2310.0796,1252.4742,2288.7542,1326.166,2254.2268,1373.0933,2221.4297,1403.6543,2193.047
661,661,11016,788.3654,2098.964,795.37665,2070.0898,820.6653,2041.3547,869.4239,2016.042,948.1883,2008.3965,1033.0269,2042.5939,1128.6628,2041.6495,1235.0605,2086.208,1312.2507,2126.3186,1368.4635,2162.4136,1402.9818,2193.0115,1369.3082,2189.6248,1313.6422,2181.5974,1259.1312,2166.5151,1195.2225,2146.3794,1119.9551,2128.5215,1037.5515,2114.8652,973.43805,2096.98,920.439,2086.2495,881.267,2089.599,853.4595,2096.0557,820.898,2100.5393,1369.3082,2189.6248,1316.8812,2184.294,1268.462,2180.742,1205.1112,2177.7852,1128.3999,2178.1084,1046.1805,2175.4028,980.3104,2164.9102,929.27966,2151.1301,889.4253,2133.5935,860.0873,2117.8574,820.898,2100.5393,788.3654,2098.964,807.7118,2149.0422,836.68005,2203.3586,884.9772,2262.9548,956.00464,2301.4177,1043.5459,2314.475,1149.431,2311.9546,1246.6562,2291.3782,1323.53,2255.9927,1372.2329,2221.9185,1402.9818,2193.0115
662,662,11033,783.1409,2082.0266,787.1925,2053.306,812.34064,2025.017,862.24677,2000.5186,942.89874,1994.2689,1029.1285,2029.6119,1125.9362,2030.5854,1233.2356,2077.808,1310.875,2120.0005,1367.7996,2158.639,1402.9625,2191.4949,1368.4792,2187.6616,1312.1932,2176.6077,1256.7666,2158.6401,1192.3561,2136.7893,1116.5552,2118.0625,1033.1896,2103.701,967.7334,2084.89,913.61426,2072.925,873.977,2075.137,846.3594,2080.7573,817.33014,2084.6074,1368.4792,2187.6616,1315.5541,2183.9622,1266.6697,2180.74,1202.8497,2178.0613,1125.6769,2178.325,1042.6957,2175.3298,975.9155,2163.2314,924.12744,2146.5312,884.04065,2125.58,855.192,2106.5308,817.33014,2084.6074,783.1409,2082.0266,800.5638,2136.6309,829.2101,2195.6917,878.1471,2259.6243,950.62555,2300.9949,1039.9971,2315.051,1147.2877,2314.1904,1245.513,2293.6746,1323.1547,2256.8538,1372.2216,2221.8655,1402.9625,2191.4949
663,663,11050,778.8645,2070.154,781.6308,2041.1208,806.92816,2012.4907,857.66113,1987.6726,940.10376,1981.3717,1027.5049,2017.805,1125.4044,2019.2622,1233.5432,2068.5796,1310.9928,2112.6978,1367.7666,2153.5454,1403.0234,2188.6526,1368.2207,2184.3071,1311.553,2171.0664,1255.8972,2151.921,1191.31,2129.8206,1115.2026,2111.2104,1031.2251,2096.614,964.9581,2077.233,909.94696,2064.2395,869.6272,2065.4438,841.6935,2070.1812,814.10223,2073.2822,1368.2207,2184.3071,1315.0339,2182.3455,1266.018,2180.1624,1202.1235,2177.915,1124.8005,2178.1265,1041.3716,2174.204,973.98694,2159.6323,921.4745,2140.3962,880.748,2117.5151,851.6591,2097.0962,814.10223,2073.2822,778.8645,2070.154,795.63983,2127.3096,824.5486,2189.4243,874.1298,2256.7957,947.78107,2300.6956,1038.4799,2315.7354,1146.8541,2316.1248,1245.4747,2295.0623,1323.1569,2256.9746,1372.2974,2221.3765,1403.0234,2188.6526
664,664,11066,776.7522,2061.2522,778.29474,2031.4019,802.8996,2001.9944,853.57446,1976.6042,936.6489,1970.3289,1024.8093,2007.1859,1123.6489,2009.2703,1233.122,2060.0479,1310.9644,2105.7659,1367.7734,2148.6533,1403.1371,2185.9082,1367.9819,2181.2327,1310.984,2166.1248,1254.7802,2145.7544,1189.7802,2123.0046,1113.1775,2103.765,1028.635,2088.413,962.00586,2068.4338,906.98364,2055.0325,866.8952,2056.2373,839.1954,2061.2097,812.71497,2064.7102,1367.9819,2181.2327,1314.5643,2181.275,1265.3547,2180.0095,1201.2753,2177.9175,1123.6841,2178.1494,1039.9182,2173.9922,972.1128,2158.137,919.64844,2137.4282,879.0002,2113.0212,849.9333,2090.9778,812.71497,2064.7102,776.7522,2061.2522,793.18274,2120.4067,821.9167,2184.6663,871.20264,2254.6277,945.09937,2300.611,1036.9277,2316.9646,1146.3378,2318.649,1245.5743,2297.1006,1323.2034,2257.4492,1372.5162,2221.0107,1403.1371,2185.9082
665,665,11083,773.58374,2053.6777,775.02924,2023.4692,800.24,1993.5244,852.0587,1967.387,936.8954,1960.2903,1025.8591,1997.5125,1125.0994,1999.3883,1234.6447,2051.039,1311.7631,2098.0654,1367.9901,2142.517,1403.9114,2181.5276,1368.0219,2176.7695,1311.0198,2160.6453,1254.9675,2139.7996,1190.1873,2116.886,1113.6871,2097.5085,1029.0596,2081.893,961.71356,2061.6926,905.9618,2048.2537,865.183,2049.5117,836.97723,2054.365,810.57715,2057.5854,1368.0219,2176.7695,1314.543,2178.7322,1265.3253,2178.9055,1201.3497,2177.6384,1123.853,2177.9368,1040.0449,2173.0232,971.7831,2155.5242,918.90466,2133.492,877.76886,2107.9949,848.2455,2085.0479,810.57715,2057.5854,773.58374,2053.6777,790.04364,2114.5688,818.9293,2181.0947,868.5412,2253.4346,943.3255,2300.6697,1036.5496,2318.8354,1146.8871,2321.4238,1246.1295,2298.8218,1323.5044,2257.536,1373.4116,2219.6584,1403.9114,2181.5276
666,666,11100,770.9762,2043.5847,772.8697,2013.6388,798.7255,1984.3092,851.36664,1958.8536,937.09235,1952.4131,1026.5482,1989.8354,1126.1958,1991.9126,1235.6428,2043.5204,1312.3347,2090.8164,1368.0297,2135.789,1404.1012,2175.772,1367.9163,2171.1492,1310.8463,2153.898,1254.8059,2132.4773,1190.2822,2109.2632,1113.9327,2089.552,1029.1224,2073.5059,961.1341,2052.7651,904.84247,2038.8789,863.5493,2039.8723,834.82526,2044.7493,808.59625,2048.2283,1367.9163,2171.1492,1314.2999,2175.9197,1265.174,2177.91,1201.471,2177.5625,1124.2548,2177.9304,1040.4154,2172.749,971.6436,2154.3196,918.3979,2131.2314,876.7837,2104.1353,846.7517,2079.132,808.59625,2048.2283,770.9762,2043.5847,787.868,2107.1194,817.1858,2176.2556,867.1217,2251.3647,942.4326,2300.6675,1036.553,2320.0623,1147.4127,2323.0786,1246.5714,2299.567,1323.6284,2257.4348,1373.7422,2217.0674,1404.1012,2175.772
667,667,11116,767.6302,2038.4777,769.13947,2007.8966,794.78705,1977.9524,847.6493,1951.8881,934.23114,1945.0776,1024.3959,1982.6663,1124.9624,1985.0474,1235.5106,2037.4626,1312.5096,2085.5488,1368.0923,2131.2622,1404.1436,2172.084,1367.6193,2167.569,1310.2645,2149.6248,1253.7931,2127.836,1189.0474,2104.3425,1112.2498,2084.2983,1026.8169,2067.8967,958.3699,2047.047,901.8267,2033.1471,860.55133,2034.3093,831.81323,2039.4703,805.9038,2043.3882,1367.6193,2167.569,1313.746,2174.0027,1264.5754,2177.2043,1200.8569,2177.5283,1123.513,2177.923,1039.3334,2172.5288,970.05865,2153.3816,916.6682,2129.5762,874.8986,2101.5784,844.5344,2075.6628,805.9038,2043.3882,767.6302,2038.4777,784.9387,2102.9163,814.472,2173.0693,864.43475,2249.7961,940.1447,2300.6846,1035.1793,2321.2822,1146.9949,2324.7114,1246.7386,2300.496,1323.6445,2257.3623,1373.8706,2215.2664,1404.1436,2172.084
668,668,11133,764.5702,2036.136,765.62164,2005.4116,790.8244,1975.3954,843.4615,1949.3202,929.7312,1942.5554,1019.93097,1979.9124,1121.0662,1982.4926,1232.8907,2034.9382,1311.114,2083.0005,1367.5155,2128.7239,1403.9297,2169.7368,1366.5001,2165.2334,1308.664,2146.7969,1251.2972,2124.646,1185.9376,2100.7822,1108.4967,2080.299,1022.48804,2063.6448,954.0324,2042.7308,897.7348,2029.0715,856.83594,2030.646,828.4746,2036.3251,803.1131,2040.8652,1366.5001,2165.2334,1312.296,2172.5674,1262.9552,2176.5747,1198.9434,2177.4543,1121.1553,2177.8904,1036.4987,2172.079,966.85767,2152.1294,913.60004,2127.7837,872.05615,2099.4019,841.75146,2073.266,803.1131,2040.8652,764.5702,2036.136,781.9495,2100.0872,811.3092,2169.882,860.9902,2247.0913,936.65686,2300.0479,1032.1884,2321.3835,1144.9409,2324.9321,1245.9956,2300.6704,1323.4924,2257.289,1373.8026,2213.7917,1403.9297,2169.7368
669,669,11150,761.51373,2030.552,762.5306,2000.5957,787.6555,1971.4698,840.0411,1946.431,925.5078,1940.7285,1015.0321,1978.6136,1116.0405,1981.7803,1228.5354,2034.4386,1307.9038,2082.249,1365.5406,2127.6519,1402.7986,2168.437,1364.374,2163.9053,1306.0543,2145.3657,1247.8323,2123.261,1181.8424,2099.3708,1103.9572,2078.5908,1017.72595,2061.4443,949.6313,2039.8538,893.6483,2025.409,852.9416,2026.2771,824.7703,2031.4021,799.8563,2035.5458,1364.374,2163.9053,1309.9998,2171.5469,1260.4468,2176.0193,1196.0743,2177.3137,1117.817,2177.7505,1032.8716,2171.2954,963.0746,2150.2986,909.95056,2125.0278,868.5645,2095.774,838.2975,2068.8823,799.8563,2035.5458,761.51373,2030.552,778.9971,2094.7947,808.2896,2165.006,857.69293,2243.0369,933.11194,2298.2917,1028.6078,2321.353,1141.8015,2324.7163,1244.0712,2300.5688,1322.4849,2257.2485,1373.018,2212.658,1402.7986,2168.437
670,670,11166,758.8712,2031.7534,759.8966,2001.862,784.941,1972.6918,837.1786,1947.4901,922.5113,1941.4224,1011.90436,1979.1179,1112.9167,1982.1266,1225.8342,2034.8176,1305.768,2082.4807,1364.1262,2127.6208,1401.9453,2168.116,1362.915,2163.6099,1304.2054,2145.32,1245.5864,2123.5212,1179.2819,2099.865,1101.1721,2079.2578,1014.8687,2062.27,946.8483,2040.9675,890.8999,2026.7552,850.2412,2027.678,822.16095,2032.7004,797.1499,2036.6259,1362.915,2163.6099,1308.4227,2171.0352,1258.7861,2175.6462,1194.2188,2177.1775,1115.788,2177.5852,1030.8987,2170.6016,960.87524,2149.1035,907.58307,2123.8381,866.05414,2094.9897,835.6655,2068.7798,797.1499,2036.6259,758.8712,2031.7534,776.7256,2094.8472,806.2525,2163.9336,855.80676,2241.2039,931.29126,2297.099,1026.7356,2321.3386,1139.7826,2324.544,1242.5663,2300.522,1321.6306,2257.1887,1372.3776,2212.1296,1401.9453,2168.116
671,671,11183,757.3303,2032.3284,758.2358,2002.1665,783.0085,1972.6891,834.8943,1947.2471,919.83954,1941.1874,1009.11566,1978.956,1110.0283,1982.119,1223.2222,2035.0978,1303.6537,2082.8313,1362.6791,2127.8787,1401.0529,2168.2024,1361.4146,2163.6821,1302.4226,2145.493,1243.4948,2123.6926,1176.9646,2099.8352,1098.772,2078.9087,1012.4942,2061.736,944.6805,2040.4039,889.0225,2026.3613,848.67163,2027.5679,820.73114,2032.8859,795.60736,2036.996,1361.4146,2163.6821,1306.978,2170.8008,1257.3862,2175.4514,1192.8228,2177.1228,1114.4264,2177.482,1029.7495,2170.0396,959.60736,2148.2024,906.27954,2122.9873,864.7139,2094.3643,834.2253,2068.504,795.60736,2036.996,757.3303,2032.3284,775.46216,2094.9373,805.1641,2163.4065,854.80914,2240.0588,930.377,2296.185,1025.8627,2321.301,1138.6688,2324.498,1241.6418,2300.7107,1321.0593,2257.183,1371.8501,2211.9495,1401.0529,2168.2024
672,672,11200,756.0524,2032.2828,756.8553,2002.2128,781.3532,1972.9264,832.83734,1947.754,917.1053,1942.0054,1006.0278,1979.7505,1106.5958,1982.9849,1219.6166,2035.8607,1300.3665,2083.4102,1359.9591,2128.2424,1398.9484,2168.3572,1358.9287,2163.8281,1299.9192,2145.6458,1240.7626,2123.7754,1174.1006,2099.7979,1095.876,2078.7031,1009.6642,2061.4163,942.13336,2040.0002,886.7888,2025.9224,846.7951,2027.1716,819.1279,2032.6337,794.1823,2036.9254,1358.9287,2163.8281,1304.8965,2170.7603,1255.4999,2175.4053,1191.0089,2177.1028,1112.646,2177.4597,1028.136,2169.703,957.8087,2147.6787,904.4752,2122.5955,862.9776,2094.1445,832.55914,2068.396,794.1823,2036.9254,756.0524,2032.2828,774.1918,2094.543,803.8311,2162.4907,853.42346,2238.6157,928.9797,2294.8857,1024.4459,2321.1204,1136.9846,2324.336,1240.0813,2300.7554,1319.8048,2257.1814,1370.4664,2211.8452,1398.9484,2168.3572
673,673,11216,753.94495,2031.2434,754.9119,2001.7216,779.4998,1972.9658,830.9108,1948.2603,915.0354,1942.7767,1003.79755,1980.5962,1104.2599,1983.8732,1217.2179,2036.7357,1298.0305,2084.1292,1357.8903,2128.7295,1397.2717,2168.5835,1357.0688,2164.0671,1297.9204,2146.0854,1238.7201,2124.39,1172.051,2100.5146,1093.8494,2079.4045,1007.66705,2062.0422,940.1716,2040.6069,884.86115,2026.4147,844.9116,2027.3534,817.1965,2032.3757,791.97144,2036.0546,1357.0688,2164.0671,1303.1943,2170.736,1253.9894,2175.343,1189.6007,2177.082,1111.3248,2177.3462,1026.9971,2169.139,956.4367,2146.787,902.9205,2121.5667,861.2306,2093.028,830.61346,2067.3179,791.97144,2036.0546,753.94495,2031.2434,772.5995,2093.3176,802.6449,2161.0288,852.4865,2236.9302,928.08905,2293.4072,1023.48566,2320.7544,1135.6267,2324.1846,1238.6515,2300.7637,1318.5602,2257.1948,1369.1619,2211.8086,1397.2717,2168.5835
674,674,11233,752.98676,2031.3618,753.5858,2001.7815,777.73,1972.8239,828.7708,1947.9371,912.5159,1942.5078,1000.99567,1980.5374,1101.257,1984.0602,1214.5087,2037.2509,1295.7206,2084.7307,1355.9945,2129.2603,1395.7855,2168.9094,1355.428,2164.399,1296.0496,2146.6018,1236.5996,2124.974,1169.6309,2101.0188,1091.2489,2079.721,1005.1284,2062.1582,937.9536,2040.6072,883.00336,2026.3799,843.4037,2027.3824,816.0441,2032.432,790.92377,2036.0596,1355.428,2164.399,1301.6232,2170.7612,1252.4025,2175.282,1187.8822,2177.0254,1109.4878,2177.1465,1025.3315,2168.4536,954.8292,2145.8428,901.47644,2120.6104,859.9565,2092.212,829.4353,2066.7874,790.92377,2036.0596,752.98676,2031.3618,771.6616,2092.9915,801.56775,2160.3215,851.17865,2235.8977,926.60406,2292.3064,1021.9125,2320.4473,1133.9077,2324.0544,1237.0975,2300.8643,1317.3148,2257.2944,1367.9469,2211.8257,1395.7855,2168.9094
675,675,11250,752.4005,2031.9583,753.3323,2002.3799,777.628,1973.4071,828.54175,1948.4266,912.2269,1942.8505,1000.5728,1981.017,1100.6459,1984.3098,1213.4324,2037.5663,1294.0962,2085.116,1353.9695,2129.6162,1393.5635,2169.1523,1353.0913,2164.639,1293.7952,2146.9683,1234.7892,2125.441,1168.2595,2101.5505,1090.297,2080.3762,1004.57587,2062.9563,937.6434,2041.4976,882.75433,2027.2878,843.17474,2028.2664,815.7414,2033.2301,790.2484,2036.6831,1353.0913,2164.639,1299.4362,2170.674,1250.4865,2175.0947,1186.2863,2176.8596,1108.2493,2176.8784,1024.4319,2167.871,954.2813,2145.2322,901.0649,2120.1272,859.54834,2091.931,828.95575,2066.8367,790.2484,2036.6831,752.4005,2031.9583,771.2211,2093.392,801.1615,2160.6194,850.6761,2236.0266,925.9075,2292.0994,1020.9373,2320.4321,1132.6458,2324.027,1235.5004,2300.9753,1315.5195,2257.3154,1365.9252,2211.816,1393.5635,2169.1523
676,676,11266,751.977,2032.1495,752.9552,2002.6941,777.2646,1973.7401,828.2553,1948.7656,912.02484,1943.1246,1000.36884,1981.1744,1100.2567,1984.5146,1212.6746,2037.8221,1293.033,2085.419,1352.5729,2129.9246,1391.9764,2169.3623,1351.4397,2164.8503,1292.2125,2147.296,1233.557,2125.7715,1167.3513,2101.7715,1089.7058,2080.4653,1004.2752,2062.9856,937.3468,2041.5752,882.4985,2027.4973,842.954,2028.6001,815.5708,2033.5856,789.90063,2036.8428,1351.4397,2164.8503,1297.9584,2170.6355,1249.33,2174.9707,1185.5276,2176.745,1107.8328,2176.6704,1024.3167,2167.3972,954.1972,2144.7043,900.99744,2119.6245,859.45593,2091.5051,828.77985,2066.5999,789.90063,2036.8428,751.977,2032.1495,770.94745,2093.3643,800.94336,2160.4548,850.51794,2235.7966,925.79614,2291.764,1020.7993,2320.368,1132.253,2323.9775,1234.789,2301.052,1314.5214,2257.3442,1364.591,2211.8196,1391.9764,2169.3623
677,677,11283,751.1896,2031.692,752.30023,2002.4618,776.83405,1973.7737,828.0112,1949.0598,911.9603,1943.6714,1000.50775,1981.8428,1100.5042,1985.1991,1212.8588,2038.4818,1293.116,2085.9832,1352.5629,2130.3284,1391.9178,2169.5232,1351.4963,2165.0696,1292.3042,2147.741,1233.7804,2126.361,1167.5797,2102.4365,1089.936,2081.1184,1004.4367,2063.5576,937.3245,2042.0022,882.284,2027.7157,842.5674,2028.5957,815.06537,2033.3674,789.1827,2036.4585,1351.4963,2165.0696,1298.1731,2170.6697,1249.6981,2175.0007,1186.0541,2176.7446,1108.486,2176.6616,1025.0619,2167.2878,954.6655,2144.5586,901.1382,2119.469,859.2871,2091.2998,828.3418,2066.336,789.1827,2036.4585,751.1896,2031.692,770.46826,2093.0051,800.8727,2160.206,850.8639,2235.6172,926.51196,2291.5732,1021.67,2320.3315,1132.9026,2324.1445,1235.1292,2301.5996,1314.6412,2257.8123,1364.6139,2211.9756,1391.9178,2169.5232
678,678,11300,751.3855,2031.4592,752.49854,2002.1055,776.93726,1973.292,828.05835,1948.5182,911.9544,1943.2363,1000.4244,1981.5896,1100.3704,1985.1711,1212.7303,2038.7194,1292.942,2086.3152,1352.3123,2130.6445,1391.6047,2169.6848,1351.2091,2165.2717,1292.0588,2148.082,1233.6155,2126.742,1167.451,2102.7637,1089.8416,2081.312,1004.374,2063.5886,937.36597,2041.8826,882.402,2027.4897,842.7506,2028.3424,815.3246,2033.1141,789.3478,2036.2092,1351.2091,2165.2717,1297.967,2170.7227,1249.5564,2174.9993,1185.9827,2176.7354,1108.4547,2176.582,1025.1089,2167.0017,954.69806,2144.1711,901.207,2119.029,859.39746,2090.8394,828.47406,2065.9114,789.3478,2036.2092,751.3855,2031.4592,770.6261,2092.6453,800.94305,2159.8398,850.8362,2235.3596,926.45984,2291.3665,1021.6664,2320.3071,1132.8776,2324.2356,1235.08,2301.923,1314.534,2258.0806,1364.4196,2212.06,1391.6047,2169.6848
679,679,11316,751.4977,2032.0945,752.6648,2002.619,777.12177,1973.6696,828.2735,1948.7539,912.23157,1943.3464,1000.725,1981.6417,1100.6309,1985.2219,1212.9236,2038.8765,1293.0475,2086.5466,1352.306,2130.8887,1391.5178,2169.815,1351.2218,2165.4329,1292.1371,2148.333,1233.7986,2126.9644,1167.6875,2102.8855,1090.1185,2081.3296,1004.68024,2063.5667,937.64166,2041.9309,882.61743,2027.6765,842.9284,2028.6831,815.505,2033.5931,789.43396,2036.8135,1351.2218,2165.4329,1298.0851,2170.7627,1249.7654,2175.0022,1186.2761,2176.7205,1108.8225,2176.5469,1025.5565,2166.8381,955.0708,2144.0278,901.4689,2119.0103,859.5611,2091.0034,828.5877,2066.2688,789.43396,2036.8135,751.4977,2032.0945,770.80695,2093.034,801.2181,2159.987,851.2603,2235.2974,926.96826,2291.184,1022.16547,2320.2812,1133.2085,2324.262,1235.259,2302.1472,1314.5972,2258.3054,1364.411,2212.14,1391.5178,2169.815
680,680,11333,751.5723,2031.9802,752.98975,2002.5813,777.6466,1973.7069,828.9094,1948.7905,913.01874,1943.2463,1001.5593,1981.4824,1101.3632,1985.0477,1213.3685,2038.8046,1293.2083,2086.5771,1352.2126,2131.0037,1391.2816,2169.9585,1351.0481,2165.5671,1292.0696,2148.439,1233.948,2126.9805,1168.0669,2102.7988,1090.7148,2081.1675,1005.42456,2063.402,938.2863,2041.8444,883.1373,2027.6914,843.3096,2028.7312,815.7249,2033.6248,789.4718,2036.7794,1351.0481,2165.5671,1297.9447,2170.772,1249.7302,2174.9475,1186.3856,2176.6504,1109.0897,2176.3992,1025.938,2166.555,955.4586,2143.7812,901.79706,2118.8523,859.79626,2090.9302,828.7303,2066.256,789.4718,2036.7794,751.5723,2031.9802,771.045,2092.9321,801.5968,2159.7822,851.746,2235.0,927.43524,2290.8328,1022.53656,2320.1038,1133.3912,2324.2146,1235.2437,2302.1152,1314.45,2258.2998,1364.1678,2212.1487,1391.2816,2169.9585
681,681,11350,751.2369,2029.3906,752.70685,2000.2975,777.4364,1971.8395,828.72687,1947.4464,912.77277,1942.4751,1001.2892,1980.9785,1101.2675,1984.7417,1213.4176,2038.6514,1293.3248,2086.5125,1352.3165,2131.037,1391.3326,2170.0615,1351.1705,2165.6418,1292.2297,2148.388,1234.1185,2126.7273,1168.1746,2102.2852,1090.7218,2080.3489,1005.27606,2062.278,938.124,2040.4106,882.9614,2025.9471,843.10376,2026.7418,815.4879,2031.4586,789.19086,2034.398,1351.1705,2165.6418,1298.1235,2170.7026,1249.955,2174.7898,1186.6472,2176.4138,1109.3643,2175.9614,1026.1985,2165.8035,955.60547,2142.7935,901.83417,2117.5603,859.72485,2089.253,828.54846,2064.2231,789.19086,2034.398,751.2369,2029.3906,770.89905,2090.6106,801.64703,2157.779,851.9484,2233.3423,927.71,2289.516,1022.83514,2319.253,1133.6394,2324.0344,1235.4012,2302.083,1314.5198,2258.289,1364.204,2212.1343,1391.3326,2170.0615
682,682,11366,750.9121,2028.3438,752.51483,1999.3174,777.4149,1970.9962,828.83386,1946.7773,912.9724,1941.9731,1001.61566,1980.5781,1101.6798,1984.3948,1213.8278,2038.3788,1293.6609,2086.306,1352.4875,2130.9255,1391.3865,2170.0708,1351.2739,2165.6052,1292.4946,2148.147,1234.5688,2126.3074,1168.6669,2101.7307,1091.1803,2079.6982,1005.6294,2061.543,938.31323,2039.5706,882.9789,2024.9717,842.93585,2025.6422,815.1663,2030.3011,788.79767,2033.3334,1351.2739,2165.6052,1298.2592,2170.6584,1250.1337,2174.7256,1186.9467,2176.3503,1109.7673,2175.8428,1026.6377,2165.579,955.9363,2142.517,901.97314,2117.1978,859.6554,2088.7551,828.30707,2063.5605,788.79767,2033.3334,750.9121,2028.3438,770.8293,2089.8064,801.82965,2157.0884,852.33813,2232.7727,928.22205,2289.0608,1023.33405,2318.9954,1133.9945,2324.0054,1235.4889,2302.056,1314.6908,2258.2812,1364.3722,2212.1133,1391.3865,2170.0708
683,683,11383,751.1589,2027.8313,752.9112,1998.7966,777.90717,1970.4832,829.40106,1946.2793,913.6065,1941.5176,1002.2819,1980.1049,1102.3015,1983.978,1214.2925,2038.0222,1293.9764,2086.0198,1352.6298,2130.7454,1391.4158,2170.0156,1351.3962,2165.5056,1292.7322,2147.8901,1234.9678,2125.8862,1169.1627,2101.1936,1091.7606,2079.0933,1006.2716,2060.921,938.91437,2038.9657,883.5022,2024.3866,843.3467,2025.0654,815.4712,2029.7471,788.98114,2032.8152,1351.3962,2165.5056,1298.3843,2170.5112,1250.2744,2174.5303,1187.17,2176.1167,1110.1051,2175.4949,1027.0616,2165.096,956.3968,2142.0137,902.3681,2116.6968,859.9547,2088.2654,828.53455,2063.0688,788.98114,2032.8152,751.1589,2027.8313,771.146,2089.277,802.2386,2156.4688,852.86395,2232.0608,928.781,2288.309,1023.80194,2318.3655,1134.277,2323.7893,1235.5449,2302.0046,1314.9089,2258.2212,1364.5325,2211.9988,1391.4158,2170.0156
684,684,11400,751.3879,2025.431,753.2607,1996.621,778.32495,1968.557,829.84845,1944.6206,914.06757,1940.1991,1002.71655,1979.0905,1102.7222,1983.1703,1214.653,2037.4965,1294.2401,2085.6274,1352.7433,2130.4697,1391.512,2169.8677,1351.4713,2165.294,1292.9375,2147.5151,1235.2915,2125.3926,1169.5361,2100.61,1092.178,2078.3896,1006.72894,2060.0654,939.3955,2037.8835,883.9558,2023.0165,843.7278,2023.3992,815.776,2027.812,789.16113,2030.568,1351.4713,2165.294,1298.4414,2170.2117,1250.4224,2174.185,1187.2908,2175.7283,1110.183,2174.9602,1027.2443,2164.3354,956.7382,2140.9424,902.6897,2115.2456,860.2155,2086.4385,828.7549,2060.9944,789.16113,2030.568,751.3879,2025.431,771.4565,2087.1016,802.6243,2154.6562,853.3368,2230.7615,929.22986,2287.487,1024.015,2317.8928,1134.4845,2323.7083,1236.1927,2301.9792,1315.5851,2258.1787,1364.9373,2211.841,1391.512,2169.8677
685,685,11416,751.5322,2023.4072,753.46814,1994.8274,778.5677,1966.9529,830.1175,1943.2201,914.2924,1939.0293,1002.9124,1978.1012,1102.925,1982.4039,1214.8699,2036.9412,1294.4396,2085.1802,1352.8601,2130.13,1391.5676,2169.6255,1351.5465,2164.9946,1293.1104,2147.1116,1235.5327,2124.8833,1169.7642,2099.994,1092.377,2077.632,1006.899,2059.1338,939.57166,2036.7546,884.138,2021.6991,843.88574,2021.9011,815.90485,2026.1298,789.2639,2028.6464,1351.5465,2164.9946,1298.5444,2169.8901,1250.5634,2173.82,1187.5071,2175.329,1110.4633,2174.4783,1027.5388,2163.7239,956.98114,2140.1987,902.8932,2114.2837,860.37787,2085.2107,828.8765,2059.4849,789.2639,2028.6464,751.5322,2023.4072,771.6327,2085.424,802.82184,2153.3186,853.543,2229.732,929.472,2286.6973,1024.3208,2317.2952,1134.7313,2323.4802,1236.2316,2301.886,1315.724,2258.046,1365.0687,2211.6035,1391.5676,2169.6255
686,686,11433,751.6109,2023.1302,753.5256,1994.3163,778.60394,1966.1671,830.1778,1942.133,914.4206,1937.6736,1003.0614,1976.7598,1103.1113,1981.2424,1215.0941,2036.1271,1294.6257,2084.6057,1352.9441,2129.7573,1391.6565,2169.4185,1351.5898,2164.745,1293.2611,2146.7588,1235.7484,2124.4277,1169.9703,2099.4358,1092.5372,2076.968,1007.0002,2058.3684,939.64557,2036.0209,884.1893,2021.0562,843.93005,2021.3706,815.94403,2025.6926,789.31476,2028.3204,1351.5898,2164.745,1298.6587,2169.6353,1250.7299,2173.513,1187.7246,2174.9705,1110.6876,2174.0457,1027.72,2163.2195,957.07855,2139.7458,902.95776,2113.8894,860.4269,2084.8838,828.9185,2059.1758,789.31476,2028.3204,751.6109,2023.1302,771.68854,2085.1143,802.8478,2152.9443,853.53925,2229.2651,929.4991,2286.143,1024.4692,2316.7456,1134.9269,2323.2014,1236.3568,2301.739,1315.7589,2257.8892,1365.1588,2211.386,1391.6565,2169.4185
687,687,11450,751.4099,2022.1093,753.4175,1993.4478,778.6156,1965.5171,830.313,1941.7012,914.60803,1937.343,1003.29004,1976.3167,1103.357,1980.898,1215.299,2035.7653,1294.7771,2084.2007,1352.9838,2129.3462,1391.9099,2169.069,1351.8373,2164.3652,1293.3936,2146.144,1235.8949,2123.6465,1170.2003,2098.5452,1092.7863,2075.9636,1007.2023,2057.2722,939.73285,2034.868,884.14734,2019.8735,843.74976,2020.1566,815.6489,2024.5027,789.05695,2027.3171,1351.8373,2164.3652,1298.963,2169.4656,1251.0281,2173.3865,1187.8638,2174.84,1110.7848,2173.8464,1027.9109,2162.9321,957.2831,2139.444,903.05145,2113.58,860.3733,2084.5151,828.74243,2058.639,789.05695,2027.3171,751.4099,2022.1093,771.66486,2084.1772,802.97345,2151.866,853.76514,2227.979,929.7652,2284.812,1024.6786,2315.5496,1135.0371,2322.4856,1236.5245,2301.415,1316.0743,2257.684,1365.4865,2211.1223,1391.9099,2169.069
688,688,11466,751.52216,2021.827,753.60944,1993.2213,778.8689,1965.3889,830.59937,1941.6499,914.913,1937.2906,1003.5812,1976.1619,1103.6003,1980.7222,1215.4702,2035.5192,1294.9087,2083.91,1353.0746,2129.035,1391.9331,2168.7913,1351.9165,2164.0686,1293.5,2145.7305,1236.0543,2123.1426,1170.385,2097.9844,1093.0098,2075.3513,1007.4702,2056.6726,939.99384,2034.319,884.3833,2019.418,843.93524,2019.7593,815.78784,2024.158,789.14545,2027.0369,1351.9165,2164.0686,1298.9858,2169.2551,1251.1359,2173.2014,1188.0083,2174.6626,1110.9055,2173.6284,1027.9885,2162.6702,957.3978,2139.1858,903.1831,2113.3306,860.4912,2084.2695,828.846,2058.3853,789.14545,2027.0369,751.52216,2021.827,771.8047,2083.785,803.13556,2151.309,853.9536,2227.2925,929.92725,2284.079,1024.706,2314.8284,1135.165,2322.013,1236.7876,2301.1443,1316.3005,2257.4597,1365.6007,2210.8564,1391.9331,2168.7913
689,689,11483,751.5999,2020.8701,753.761,1992.5168,779.0882,1964.9803,830.85297,1941.5211,915.1827,1937.3412,1003.84174,1976.2104,1103.8041,1980.7537,1215.5542,2035.4473,1295.0759,2083.7432,1353.573,2128.7993,1392.7922,2168.5408,1352.8285,2163.7996,1294.1841,2145.3826,1236.349,2122.7725,1170.4237,2097.6294,1093.1722,2075.0063,1007.71405,2056.3174,940.2311,2033.9044,884.5845,2018.8942,844.0689,2019.0972,815.8495,2023.3562,789.18494,2026.1416,1352.8285,2163.7996,1299.9269,2169.088,1252.0552,2173.0623,1188.7054,2174.533,1111.3286,2173.4705,1028.2062,2162.4734,957.47644,2138.9712,903.3121,2113.056,860.6084,2083.8818,828.926,2057.8276,789.18494,2026.1416,751.5999,2020.8701,771.93164,2083.036,803.2734,2150.6697,854.0739,2226.6858,929.964,2283.482,1024.9623,2314.2588,1135.656,2321.6702,1237.6077,2300.9692,1317.2559,2257.3044,1366.5249,2210.644,1392.7922,2168.5408
690,690,11500,751.93616,2021.578,754.0534,1993.1138,779.3704,1965.4875,831.1549,1941.9172,915.4223,1937.5907,1004.0545,1976.3352,1104.095,1980.8091,1215.9182,2035.431,1295.5629,2083.6912,1354.2393,2128.7314,1393.6095,2168.4954,1353.7024,2163.7573,1295.0276,2145.271,1236.9568,2122.6243,1170.911,2097.478,1093.5308,2074.8804,1007.9164,2056.2603,940.3961,2033.969,884.73944,2019.1177,844.2608,2019.4602,816.0652,2023.8448,789.54395,2026.7787,1353.7024,2163.7573,1300.9371,2169.0818,1253.1621,2173.0571,1189.7891,2174.5237,1112.3429,2173.457,1029.1235,2162.4607,958.1178,2139.0361,903.82025,2113.2527,861.0295,2084.2373,829.3057,2058.318,789.54395,2026.7787,751.93616,2021.578,772.3304,2083.5652,803.7894,2150.9976,854.6766,2226.7607,930.6636,2283.3213,1025.8368,2313.972,1136.5863,2321.4824,1238.6455,2300.901,1318.2704,2257.2693,1367.4518,2210.5977,1393.6095,2168.4954
691,691,11516,752.10913,2021.8289,754.23755,1993.3772,779.59344,1965.78,831.44763,1942.2089,915.74036,1937.8098,1004.44617,1976.4617,1104.6416,1980.8951,1216.649,2035.4441,1296.5442,2083.655,1355.5881,2128.6682,1395.2893,2168.4402,1355.5328,2163.7173,1296.6482,2145.1787,1238.1373,2122.5203,1171.794,2097.3918,1094.1278,2074.8328,1008.26227,2056.2625,940.58765,2034.0376,884.8543,2019.2528,844.3535,2019.6324,816.14514,2024.0494,789.7121,2027.0391,1355.5328,2163.7173,1302.7664,2169.0876,1254.9349,2173.0654,1191.3491,2174.5322,1113.6597,2173.4678,1030.2137,2162.466,958.8046,2139.1094,904.28217,2113.439,861.32837,2084.5305,829.5278,2058.649,789.7121,2027.0391,752.10913,2021.8289,772.6266,2083.8413,804.2614,2151.2236,855.321,2226.8496,931.4766,2283.2585,1026.883,2313.8184,1137.7394,2321.3972,1240.0011,2300.8857,1319.741,2257.2617,1369.0309,2210.569,1395.2893,2168.4402
692,692,11533,752.7734,2022.1836,754.79047,1993.7233,780.0589,1966.1193,831.92395,1942.5188,916.2352,1938.0602,1005.0256,1976.6531,1105.2955,1981.0314,1217.364,2035.5139,1297.322,2083.691,1356.4292,2128.687,1396.164,2168.4575,1356.5115,2163.7393,1297.6643,2145.1975,1239.0172,2122.5554,1172.5869,2097.4783,1094.8212,2074.989,1008.8131,2056.486,941.00867,2034.3049,885.2185,2019.5437,844.7415,2019.9305,816.61163,2024.3552,790.3919,2027.3882,1356.5115,2163.7393,1303.9841,2169.1438,1256.3215,2173.1792,1192.8318,2174.6553,1115.1631,2173.5723,1031.7675,2162.5393,959.91034,2139.1526,905.155,2113.6106,862.052,2084.815,830.17236,2058.9902,790.3919,2027.3882,752.7734,2022.1836,773.43005,2084.1526,805.23517,2151.4512,856.42737,2226.9724,932.7587,2283.2852,1028.4276,2313.8,1139.1697,2321.377,1241.4321,2300.8828,1321.0334,2257.2935,1370.1304,2210.5845,1396.164,2168.4575
693,693,11550,753.179,2022.7585,755.22095,1994.2692,780.4939,1966.6123,832.3502,1942.9371,916.62885,1938.3657,1005.4372,1976.8916,1105.7592,1981.1836,1217.8566,2035.5924,1297.8173,2083.7236,1356.918,2128.6797,1396.626,2168.4158,1356.99,2163.7146,1298.1299,2145.2117,1239.4928,2122.621,1173.0801,2097.6135,1095.3007,2075.2158,1009.2258,2056.8088,941.39856,2034.7137,885.6163,2020.0222,845.1769,2020.4521,817.04553,2024.8945,790.81323,2027.9249,1356.99,2163.7146,1304.4432,2169.1252,1256.7864,2173.1624,1193.3331,2174.6487,1115.6776,2173.575,1032.2207,2162.571,960.34924,2139.179,905.6225,2113.743,862.5453,2085.0693,830.66534,2059.354,790.81323,2027.9249,753.179,2022.7585,773.8907,2084.6125,805.7195,2151.786,856.89777,2227.1514,933.2179,2283.326,1028.9033,2313.8044,1139.7001,2321.359,1241.9204,2300.8706,1321.4081,2257.2534,1370.4884,2210.5293,1396.626,2168.4158
694,694,11566,753.4541,2023.2079,755.5097,1994.6931,780.8197,1967.0005,832.7256,1943.2649,917.00726,1938.5865,1005.84,1977.0559,1106.141,1981.2498,1218.2141,2035.6178,1298.2297,2083.7495,1357.4279,2128.7139,1397.2198,2168.4731,1357.6758,2163.7764,1298.8125,2145.232,1240.0734,2122.6843,1173.5901,2097.7278,1095.7781,2075.4001,1009.6517,2057.0645,941.74817,2035.0287,885.9054,2020.3818,845.4355,2020.8369,817.27686,2025.2937,791.0906,2028.3456,1357.6758,2163.7764,1305.3301,2169.4045,1257.8224,2173.581,1194.4462,2175.149,1116.8177,2174.101,1033.3853,2163.1077,961.1783,2139.6367,906.23395,2114.0015,862.99115,2085.1218,831.0078,2059.6133,791.0906,2028.3456,753.4541,2023.2079,774.2988,2084.9766,806.32263,2152.0322,857.7017,2227.2554,934.2502,2283.4192,1030.1897,2313.9565,1140.9229,2321.5498,1243.0942,2301.1548,1322.4338,2257.5564,1371.3217,2210.7197,1397.2198,2168.4731
695,695,11583,753.4932,2023.6082,755.6059,1995.0707,781.0401,1967.3378,833.10895,1943.5256,917.51587,1938.6866,1006.45996,1977.0946,1106.837,1981.4236,1218.9064,2035.8425,1299.0054,2083.9617,1358.3524,2128.9272,1398.2599,2168.7246,1358.7554,2164.0366,1299.8138,2145.3833,1240.9568,2122.7625,1174.377,2097.7585,1096.4819,2075.5237,1010.2449,2057.2698,942.1856,2035.3042,886.19165,2020.7059,845.6072,2021.1882,817.3756,2025.6578,791.16486,2028.7191,1358.7554,2164.0366,1306.509,2169.8237,1259.0426,2174.0522,1195.629,2175.5823,1117.9401,2174.4634,1034.4535,2163.4248,961.9314,2139.898,906.73236,2114.1519,863.27405,2085.1924,831.1574,2059.8372,791.16486,2028.7191,753.4932,2023.6082,774.4153,2085.2915,806.6259,2152.2336,858.2615,2227.332,935.0648,2283.5032,1031.2612,2314.0806,1142.0642,2321.7524,1244.3346,2301.535,1323.7135,2258.0305,1372.5486,2211.107,1398.2599,2168.7246
696,696,11600,753.63947,2023.8528,755.90607,1995.2896,781.5854,1967.4916,833.90717,1943.5798,918.4878,1938.7953,1007.4142,1977.2207,1107.7548,1981.6624,1219.628,2036.1174,1299.6246,2084.2295,1358.9034,2129.2043,1398.7264,2169.0322,1359.2609,2164.34,1300.3992,2145.5913,1241.6053,2122.884,1175.1101,2097.8,1097.2645,2075.614,1011.0265,2057.428,942.84906,2035.5114,886.70514,2020.9408,845.95166,2021.4331,817.5822,2025.8951,791.3296,2028.929,1359.2609,2164.34,1307.0153,2170.2021,1259.5582,2174.4155,1196.176,2175.9094,1118.5242,2174.7778,1035.0204,2163.7717,962.4498,2140.3118,907.1509,2114.5583,863.5675,2085.4932,831.3695,2059.939,791.3296,2028.929,753.63947,2023.8528,774.61035,2085.3955,806.93524,2152.33,858.7067,2227.4954,935.5725,2283.6638,1031.7584,2314.1812,1142.5524,2321.8462,1244.7596,2301.68,1324.0771,2258.267,1372.9238,2211.4028,1398.7264,2169.0322
697,697,11616,754.00354,2024.4264,756.4973,1995.7844,782.39386,1968.0199,834.8263,1944.1809,919.4661,1939.4542,1008.38947,1977.7986,1108.6787,1982.2,1220.3353,2036.5396,1300.2314,2084.5686,1359.4598,2129.4944,1399.2354,2169.3433,1359.8263,2164.6711,1301.052,2145.8223,1242.33,2123.068,1175.9235,2097.9617,1098.1619,2075.7402,1011.9532,2057.5513,943.71844,2035.6547,887.46533,2021.1375,846.5836,2021.6993,818.0639,2026.2734,791.688,2029.5073,1359.8263,2164.6711,1307.6549,2170.6128,1260.236,2174.818,1196.8995,2176.267,1119.3363,2175.1,1035.8774,2164.142,963.3071,2140.852,907.906,2115.2756,864.16315,2086.3074,831.84216,2060.6926,791.688,2029.5073,754.00354,2024.4264,775.10443,2085.9766,807.6634,2152.824,859.6311,2227.7817,936.49805,2283.7795,1032.574,2314.2153,1143.2239,2321.8645,1245.2712,2301.7544,1324.5153,2258.4631,1373.3795,2211.687,1399.2354,2169.3433
698,698,11633,754.50684,2024.5054,757.07404,1995.9359,783.04913,1968.2949,835.55444,1944.6304,920.21436,1940.1295,1009.2454,1978.4902,1109.5901,1983.0385,1221.348,2037.352,1301.4678,2085.2905,1361.0109,2130.1692,1401.0555,2170.0215,1361.7097,2165.3484,1302.8027,2146.4097,1243.8107,2123.5872,1177.1403,2098.4243,1099.1793,2076.097,1012.82263,2057.8066,944.4427,2035.8195,888.08575,2021.2452,847.1236,2021.7778,818.5556,2026.35,792.18134,2029.6088,1361.7097,2165.3484,1309.3953,2171.4316,1261.7644,2175.6035,1198.1549,2176.9558,1120.3756,2175.6973,1036.8104,2164.698,964.08014,2141.4414,908.54877,2115.8716,864.70575,2086.8394,832.33813,2061.0583,792.18134,2029.6088,754.50684,2024.5054,775.6979,2086.1587,808.39545,2153.0293,860.4897,2227.93,937.41425,2283.8894,1033.5137,2314.306,1144.1349,2322.0027,1246.3193,2302.0884,1325.8253,2259.0574,1374.9736,2212.401,1401.0555,2170.0215
699,699,11650,754.96844,2024.7596,757.618,1996.1636,783.7066,1968.4617,836.2965,1944.6703,920.94653,1940.376,1010.0043,1978.8121,1110.3508,1983.5085,1222.0658,2037.8103,1302.2538,2085.6965,1361.9087,2130.555,1401.9879,2170.399,1362.5579,2165.6926,1303.613,2146.7014,1244.6014,2123.7947,1177.9124,2098.5378,1099.9387,2076.1353,1013.5712,2057.9211,945.1424,2035.9989,888.75244,2021.4614,847.75146,2022.0104,819.1357,2026.5859,792.70825,2029.8457,1362.5579,2165.6926,1310.1846,2171.6792,1262.4967,2175.7705,1198.8732,2177.0642,1121.0763,2175.7776,1037.4717,2164.7761,964.7189,2141.5007,909.16846,2115.891,865.3043,2086.9336,832.9011,2061.218,792.70825,2029.8457,754.96844,2024.7596,776.14386,2086.3608,808.8541,2153.1648,860.98285,2227.9932,937.97406,2283.9238,1034.1414,2314.3394,1144.8413,2322.0527,1247.0686,2302.1968,1326.5929,2259.251,1375.8064,2212.6824,1401.9879,2170.399
700,700,11666,755.10114,2024.9396,757.8066,1996.2977,783.9907,1968.5049,836.6574,1944.9324,921.3277,1940.8999,1010.48444,1979.3678,1110.9017,1984.2018,1222.6562,2038.4731,1302.9774,2086.2312,1362.8397,2130.9854,1403.109,2170.7964,1363.7854,2166.1091,1304.807,2147.0208,1245.6049,2124.0872,1178.7197,2098.8184,1100.6,2076.3452,1014.09503,2058.0405,945.5212,2036.0381,889.0169,2021.5477,847.92267,2022.1495,819.2324,2026.7463,792.80725,2029.9949,1363.7854,2166.1091,1311.4744,2172.2917,1263.7217,2176.438,1199.9618,2177.7114,1122.013,2176.365,1038.3004,2165.3245,965.29834,2142.03,909.5484,2116.359,865.533,2087.2651,833.0391,2061.359,792.80725,2029.9949,755.10114,2024.9396,776.422,2086.4673,809.33685,2153.2405,861.6595,2228.0542,938.8104,2283.938,1035.0618,2314.371,1145.7035,2322.1182,1247.9406,2302.3765,1327.5249,2259.587,1376.8429,2213.1064,1403.109,2170.7964
701,701,11683,755.30066,2026.0155,758.0419,1997.333,784.2823,1969.5641,836.9899,1946.0,921.70874,1941.8801,1010.949,1980.208,1111.3948,1984.9941,1223.1663,2039.1787,1303.554,2086.8577,1363.4799,2131.571,1403.7798,2171.4036,1364.5083,2166.741,1305.5232,2147.596,1246.2711,2124.6401,1179.3301,2099.3777,1101.1508,2076.8872,1014.5804,2058.5889,945.9075,2036.6482,889.34625,2022.239,848.2036,2022.9246,819.45325,2027.6289,793.004,2031.0558,1364.5083,2166.741,1312.2173,2173.0156,1264.4387,2177.1353,1200.6459,2178.352,1122.6638,2176.9805,1038.9302,2165.9985,965.8134,2142.89,909.9554,2117.4287,865.8313,2088.4924,833.26337,2062.5874,793.004,2031.0558,755.30066,2026.0155,776.7096,2087.5095,809.76135,2154.0552,862.2333,2228.5615,939.48444,2284.224,1035.7513,2314.5232,1146.3146,2322.2559,1248.4985,2302.6152,1328.0914,2260.0024,1377.4556,2213.664,1403.7798,2171.4036
702,702,11700,755.4298,2027.3245,758.23,1998.5314,784.52826,1970.726,837.2583,1947.117,921.95886,1942.8492,1011.1564,1980.999,1111.5393,1985.7113,1223.2448,2039.8127,1303.6216,2087.4163,1363.5315,2132.0745,1403.8,2171.9138,1364.5583,2167.27,1305.6348,2148.0593,1246.4246,2125.0864,1179.5194,2099.8306,1101.3749,2077.3462,1014.8189,2059.111,946.135,2037.2628,889.5584,2022.9811,848.3942,2023.7888,819.5929,2028.648,793.1263,2032.3235,1364.5583,2167.27,1312.3501,2173.656,1264.6422,2177.8,1200.9293,2179.0017,1123.028,2177.6133,1039.3663,2166.7012,966.22845,2143.7869,910.29767,2118.5493,866.0711,2089.7957,833.429,2063.9482,793.1263,2032.3235,755.4298,2027.3245,776.9347,2088.7566,810.12585,2155.0344,862.7325,2229.2307,940.0363,2284.668,1036.2733,2314.796,1146.6901,2322.492,1248.728,2302.9387,1328.2158,2260.4458,1377.5106,2214.1711,1403.8,2171.9138
703,703,11716,755.6122,2028.7731,758.48157,1999.9697,784.7985,1972.216,837.49286,1948.6201,922.1165,1944.2441,1011.2891,1982.1821,1111.6172,1986.7449,1223.2808,2040.666,1303.6671,2088.1055,1363.5878,2132.6184,1403.8795,2172.388,1364.7129,2167.7876,1305.8344,2148.5403,1246.6143,2125.6072,1179.6869,2100.4397,1101.5537,2078.0244,1015.00903,2059.8801,946.3263,2038.1752,889.7506,2024.0199,848.56616,2024.892,819.7245,2029.8461,793.25574,2033.7584,1364.7129,2167.7876,1312.5922,2174.4229,1264.9324,2178.6685,1201.2383,2179.919,1123.372,2178.557,1039.765,2167.7576,966.593,2145.0837,910.59155,2120.0923,866.2824,2091.4873,833.58923,2065.6257,793.25574,2033.7584,755.6122,2028.7731,777.2726,2090.1272,810.63226,2156.0493,863.35065,2229.8196,940.64777,2284.9932,1036.7965,2314.979,1147.029,2322.6416,1248.9279,2303.188,1328.3491,2260.8538,1377.6078,2214.6694,1403.8795,2172.388
704,704,11733,755.8166,2030.1722,758.75415,2001.3035,785.1131,1973.607,837.77216,1950.0952,922.3615,1945.7936,1011.57117,1983.6079,1111.901,1987.9786,1223.5576,2041.6082,1304.0049,2088.819,1364.0387,2133.178,1404.4275,2172.9353,1365.3478,2168.3743,1306.4584,2149.067,1247.174,2126.2224,1180.1643,2101.2178,1101.9796,2078.9482,1015.3944,2060.9238,946.6985,2039.3306,890.08575,2025.1938,848.8596,2026.0526,819.95306,2031.0475,793.4202,2035.1381,1365.3478,2168.3743,1313.4077,2175.0938,1265.8085,2179.3777,1202.092,2180.597,1124.2122,2179.1814,1040.6552,2168.4019,967.3632,2145.8938,911.17706,2121.123,866.6675,2092.7183,833.83887,2066.9568,793.4202,2035.1381,755.8166,2030.1722,777.6494,2091.3733,811.30396,2157.0146,864.3167,2230.3943,941.7494,2285.2834,1037.851,2315.144,1147.887,2322.8079,1249.6736,2303.525,1329.097,2261.3694,1378.3173,2215.236,1404.4275,2172.9353
705,705,11750,755.8507,2030.7595,758.77576,2001.8424,785.1827,1974.1273,837.9124,1950.5898,922.57916,1946.2006,1011.84735,1983.9305,1112.2505,1988.2407,1223.9169,2041.8073,1304.3628,2088.9954,1364.3707,2133.347,1404.7024,2173.113,1365.6444,2168.5686,1306.7673,2149.25,1247.5021,2126.3894,1180.503,2101.3877,1102.2856,2079.1333,1015.6462,2061.142,946.87415,2039.6128,890.1893,2025.5514,848.90137,2026.4852,819.98315,2031.5602,793.4458,2035.7344,1365.6444,2168.5686,1313.6503,2175.3005,1266.0046,2179.5632,1202.2579,2180.768,1124.3591,2179.3662,1040.7615,2168.6423,967.46643,2146.2654,911.2422,2121.6313,866.69,2093.3364,833.8571,2067.5977,793.4458,2035.7344,755.8507,2030.7595,777.6699,2091.9973,811.3377,2157.5935,864.4021,2230.7861,941.84985,2285.4539,1037.9393,2315.1921,1147.9854,2322.8306,1249.761,2303.5664,1329.2034,2261.4602,1378.4867,2215.3792,1404.7024,2173.113
706,706,11766,755.9272,2030.7885,758.8493,2001.8676,785.2781,1974.144,838.04004,1950.615,922.7259,1946.2542,1011.9886,1984.0017,1112.3564,1988.3381,1224.0339,2041.915,1304.5157,2089.109,1364.5332,2133.4736,1404.8477,2173.2236,1365.755,2168.6704,1306.8721,2149.393,1247.6248,2126.5264,1180.6309,2101.4998,1102.4263,2079.2085,1015.8016,2061.1885,947.0194,2039.6301,890.3283,2025.5812,849.0322,2026.515,820.10345,2031.5895,793.5592,2035.7618,1365.755,2168.6704,1313.7455,2175.3665,1266.1028,2179.6008,1202.3866,2180.7942,1124.5122,2179.3967,1040.9385,2168.6836,967.6484,2146.3015,911.42804,2121.6533,866.87115,2093.3472,834.0042,2067.607,793.5592,2035.7618,755.9272,2030.7885,777.76013,2092.0151,811.4307,2157.6287,864.49976,2230.8936,941.9877,2285.6333,1038.1445,2315.356,1148.2443,2322.996,1250.031,2303.721,1329.4214,2261.5837,1378.648,2215.4836,1404.8477,2173.2236
707,707,11783,755.9522,2031.8735,758.88257,2002.9211,785.3185,1975.1061,838.07983,1951.4509,922.76324,1946.887,1012.03455,1984.5033,1112.4009,1988.7394,1224.1027,2042.2402,1304.6337,2089.3936,1364.6996,2133.727,1405.0388,2173.4407,1365.9652,2168.9075,1307.0817,2149.6597,1247.8043,2126.8152,1180.7737,2101.812,1102.5327,2079.559,1015.8708,2061.6096,947.0692,2040.1565,890.3646,2026.2404,849.06165,2027.3307,820.12695,2032.5295,793.5845,2036.7867,1365.9652,2168.9075,1313.9294,2175.6191,1266.2478,2179.8296,1202.4922,2181.0098,1124.5919,2179.6372,1041.0048,2169.0017,967.7233,2146.7834,911.49054,2122.3098,866.91644,2094.1653,834.04193,2068.5276,793.5845,2036.7867,755.9522,2031.8735,777.8197,2092.9675,811.52625,2158.3796,864.6267,2231.3735,942.1115,2285.8728,1038.2428,2315.4436,1148.3226,2323.0388,1250.0975,2303.7773,1329.5048,2261.6997,1378.7759,2215.6658,1405.0388,2173.4407
708,708,11800,755.9241,2032.0739,758.92035,2003.1382,785.3631,1975.329,838.1109,1951.6812,922.78735,1947.0857,1012.05646,1984.6755,1112.4172,1988.8923,1224.1095,2042.3705,1304.6232,2089.519,1364.6677,2133.8516,1404.9918,2173.5535,1365.9266,2169.0137,1307.0667,2149.7622,1247.8003,2126.9187,1180.7773,2101.9136,1102.543,2079.6685,1015.89484,2061.7363,947.10864,2040.2932,890.41327,2026.3909,849.09985,2027.5023,820.1376,2032.7131,793.53674,2036.9703,1365.9266,2169.0137,1313.9036,2175.72,1266.232,2179.9067,1202.4843,2181.0618,1124.5883,2179.6792,1041.0011,2169.0542,967.72766,2146.8672,911.50183,2122.4263,866.9273,2094.319,834.03906,2068.7075,793.53674,2036.9703,755.9241,2032.0739,777.8196,2093.2017,811.5292,2158.6152,864.6279,2231.5532,942.1103,2285.974,1038.2369,2315.4824,1148.3164,2323.0618,1250.0806,2303.8096,1329.4674,2261.7578,1378.7266,2215.7556,1404.9918,2173.5535
709,709,11816,755.953,2032.9331,758.9346,2003.7721,785.39685,1975.7415,838.14197,1951.8999,922.802,1947.1559,1012.0026,1984.7225,1112.2826,1988.9047,1223.8911,2042.3961,1304.2775,2089.585,1364.0996,2133.974,1404.1897,2173.7366,1365.1686,2169.1833,1306.4961,2149.8965,1247.4003,2127.0269,1180.5491,2102.0046,1102.4352,2079.764,1015.86456,2061.8699,947.1373,2040.5061,890.4529,2026.7241,849.12164,2028.0016,820.15955,2033.3771,793.5678,2037.7805,1365.1686,2169.1833,1313.3312,2175.8376,1265.8362,2179.9915,1202.2583,2181.133,1124.4833,2179.7563,1040.9534,2169.1685,967.7287,2147.0605,911.5094,2122.728,866.94324,2094.7617,834.07,2069.2969,793.5678,2037.7805,755.953,2032.9331,777.83746,2093.9204,811.5358,2159.2358,864.62976,2232.0818,942.0962,2286.3628,1038.196,2315.7148,1148.2532,2323.209,1249.9138,2303.9263,1329.0923,2261.862,1378.1077,2215.883,1404.1897,2173.7366
710,710,11833,756.0272,2034.3002,759.02155,2004.9392,785.45856,1976.7164,838.15955,1952.7,922.8282,1947.7488,1012.0228,1985.2078,1112.2867,1989.2441,1223.8684,2042.6702,1304.2269,2089.8381,1364.0236,2134.2244,1404.1145,2174.0037,1365.1304,2169.4487,1306.4882,2150.1018,1247.3976,2127.2236,1180.5519,2102.22,1102.4435,2080.0283,1015.88354,2062.2244,947.1617,2040.9858,890.4719,2027.3557,849.1409,2028.8096,820.18536,2034.3766,793.6081,2039.0348,1365.1304,2169.4487,1313.3254,2176.204,1265.8262,2180.3677,1202.2521,2181.517,1124.4824,2180.174,1040.9537,2169.6787,967.7432,2147.748,911.53125,2123.6152,866.9679,2095.841,834.1016,2070.5205,793.6081,2039.0348,756.0272,2034.3002,777.94324,2095.1233,811.6592,2160.1304,864.73755,2232.6265,942.1535,2286.626,1038.2021,2315.8193,1148.251,2323.2607,1249.8972,2303.9963,1329.0458,2262.0042,1378.0426,2216.1165,1404.1145,2174.0037
711,711,11850,756.1224,2034.6267,759.1575,2005.2346,785.604,1976.9652,838.28986,1952.8865,922.92786,1947.8478,1012.0701,1985.2745,1112.3077,1989.274,1223.8745,2042.6982,1304.2156,2089.879,1363.9648,2134.284,1404.0109,2174.0833,1365.0568,2169.531,1306.4677,2150.1528,1247.3955,2127.2524,1180.5615,2102.2349,1102.4751,2080.0464,1015.9338,2062.2693,947.238,2041.0696,890.5631,2027.4879,849.23315,2029.004,820.26874,2034.6309,793.695,2039.3455,1365.0568,2169.531,1313.3138,2176.3135,1265.8173,2180.4824,1202.2676,2181.635,1124.5402,2180.3035,1041.0452,2169.8398,967.88806,2147.9666,911.6859,2123.8809,867.0976,2096.1406,834.2068,2070.835,793.695,2039.3455,756.1224,2034.6267,778.05725,2095.454,811.795,2160.469,864.88995,2232.9443,942.28503,2286.8596,1038.2961,2315.9468,1148.3174,2323.3428,1249.9105,2304.0723,1329.0317,2262.079,1378.0109,2216.1936,1404.0109,2174.0833
712,712,11866,756.40814,2035.201,759.42145,2005.7101,785.7956,1977.3109,838.4212,1953.0837,923.03186,1947.9136,1012.1154,1985.303,1112.3237,1989.2798,1223.8796,2042.7026,1304.181,2089.888,1363.827,2134.3057,1403.7422,2174.1233,1364.8073,2169.5706,1306.345,2150.1868,1247.3584,2127.2856,1180.5638,2102.277,1102.4918,2080.1184,1015.987,2062.4,947.3515,2041.2792,890.7448,2027.7795,849.47266,2029.3723,820.54724,2035.0692,793.98474,2039.8491,1364.8073,2169.5706,1313.2118,2176.3516,1265.7917,2180.514,1202.2648,2181.6633,1124.5785,2180.343,1041.1465,2169.9172,968.08685,2148.1023,911.9428,2124.093,867.37506,2096.4414,834.48535,2071.2183,793.98474,2039.8491,756.40814,2035.201,778.3153,2095.9336,812.0336,2160.8774,865.10376,2233.2896,942.4535,2287.0964,1038.3981,2316.0627,1148.3667,2323.3958,1249.9082,2304.1008,1329.0027,2262.102,1377.8794,2216.2239,1403.7422,2174.1233
713,713,11883,756.4322,2035.2147,759.43945,2005.7828,785.87115,1977.4757,838.5467,1953.3291,923.16473,1948.1909,1012.2077,1985.598,1112.393,1989.5317,1223.9045,2042.9265,1304.1873,2090.0615,1363.8262,2134.4182,1403.7375,2174.1892,1364.807,2169.653,1306.356,2150.3257,1247.389,2127.4817,1180.6184,2102.5408,1102.5652,2080.4312,1016.06665,2062.7327,947.4234,2041.5912,890.7949,2028.0333,849.4856,2029.5436,820.57355,2035.1597,794.0032,2039.8739,1364.807,2169.653,1313.2223,2176.4348,1265.8213,2180.592,1202.3256,2181.7214,1124.6746,2180.3877,1041.2808,2169.9578,968.2231,2148.141,912.0407,2124.13,867.41656,2096.4756,834.4966,2071.247,794.0032,2039.8739,756.4322,2035.2147,778.32513,2095.9563,812.0831,2160.9175,865.20013,2233.3457,942.5704,2287.158,1038.5142,2316.1177,1148.4529,2323.4558,1249.962,2304.179,1329.0199,2262.1904,1377.8763,2216.3005,1403.7375,2174.1892
714,714,11900,756.3338,2035.2024,759.4198,2005.7872,785.8856,1977.4844,838.57043,1953.3389,923.1906,1948.1996,1012.22076,1985.6106,1112.4169,1989.5469,1223.9459,2042.9744,1304.222,2090.1558,1363.855,2134.5474,1403.7567,2174.3232,1364.8136,2169.7793,1306.357,2150.4937,1247.3959,2127.666,1180.6289,2102.71,1102.5725,2080.5828,1016.0823,2062.8608,947.45306,2041.6809,890.8287,2028.0876,849.5072,2029.5717,820.5646,2035.1655,793.9161,2039.8689,1364.8136,2169.7793,1313.2147,2176.4834,1265.8143,2180.6052,1202.3221,2181.719,1124.6704,2180.384,1041.2744,2169.949,968.2259,2148.1292,912.04724,2124.113,867.41943,2096.457,834.4784,2071.2317,793.9161,2039.8689,756.3338,2035.2024,778.2676,2095.957,812.03925,2160.9246,865.1606,2233.3875,942.5363,2287.2192,1038.4875,2316.1672,1148.4421,2323.512,1249.9557,2304.2458,1329.0098,2262.2715,1377.8647,2216.4011,1403.7567,2174.3232
715,715,11916,756.32153,2035.3018,759.4358,2005.912,785.9112,1977.6228,838.59503,1953.4817,923.21375,1948.3312,1012.2377,1985.7579,1112.4238,1989.6938,1223.9254,2043.1625,1304.1606,2090.3955,1363.7418,2134.8257,1403.5894,2174.6243,1364.6465,2170.0679,1306.2413,2150.7524,1247.3208,2127.8958,1180.5939,2102.9067,1102.5612,2080.7505,1016.0883,2063.0095,947.47345,2041.8191,890.85376,2028.224,849.52655,2029.7065,820.57104,2035.2926,793.9025,2039.9762,1364.6465,2170.0679,1313.112,2176.7397,1265.7527,2180.8223,1202.2913,2181.8967,1124.6545,2180.5386,1041.2645,2170.0964,968.2253,2148.2734,912.0504,2124.2483,867.4216,2096.5842,834.47455,2071.351,793.9025,2039.9762,756.32153,2035.3018,778.25543,2096.0718,812.0201,2161.0715,865.1359,2233.5637,942.51105,2287.3936,1038.4584,2316.3123,1148.4097,2323.6628,1249.9062,2304.425,1328.9216,2262.489,1377.7281,2216.6597,1403.5894,2174.6243
716,716,11933,756.25964,2035.3335,759.4344,2006.0073,785.9306,1977.8027,838.6149,1953.7468,923.23157,1948.6565,1012.2437,1986.1558,1112.4222,1990.0834,1223.9065,2043.5726,1304.1305,2090.792,1363.7181,2135.1807,1403.5763,2174.9158,1364.6317,2170.3594,1306.2278,2151.0974,1247.304,2128.2793,1180.5804,2103.3154,1102.551,2081.1707,1016.08057,2063.4177,947.4763,2042.1554,890.8583,2028.4816,849.5188,2029.8899,820.5288,2035.4052,793.8227,2040.0199,1364.6317,2170.3594,1313.0889,2176.998,1265.7173,2181.057,1202.2443,2182.1177,1124.595,2180.764,1041.1892,2170.3232,968.1774,2148.477,912.0148,2124.4023,867.38574,2096.6895,834.4256,2071.4207,793.8227,2040.0199,756.25964,2035.3335,778.2179,2096.139,811.9828,2161.1965,865.0764,2233.743,942.42535,2287.594,1038.3489,2316.491,1148.3076,2323.8333,1249.8033,2304.604,1328.8281,2262.7053,1377.6747,2216.921,1403.5763,2174.9158
717,717,11950,756.3716,2035.8535,759.5621,2006.4022,786.03937,1978.0476,838.6959,1953.8528,923.3044,1948.6699,1012.2641,1986.1654,1112.4285,1990.0859,1223.9043,2043.576,1304.0637,2090.8015,1363.5049,2135.2305,1403.1421,2175.009,1364.1349,2170.4329,1305.8448,2151.1716,1247.1139,2128.3335,1180.5259,2103.3494,1102.5509,2081.2083,1016.08685,2063.485,947.5255,2042.2783,890.96576,2028.6985,849.6758,2030.2211,820.7147,2035.8286,793.96277,2040.477,1364.1349,2170.4329,1312.5698,2176.9993,1265.2289,2181.0376,1201.8954,2182.0725,1124.3799,2180.7236,1041.0464,2170.3098,968.16656,2148.4797,912.02344,2124.436,867.4477,2096.7896,834.5432,2071.6235,793.96277,2040.477,756.3716,2035.8535,778.2556,2096.535,811.9884,2161.5854,865.0528,2234.1062,942.3259,2287.8179,1038.1484,2316.567,1148.0795,2323.8535,1249.4585,2304.6074,1328.3442,2262.7078,1377.1564,2216.9412,1403.1421,2175.009
718,718,11966,756.50586,2036.2166,759.76685,2006.695,786.2583,1978.2561,838.87537,1953.9608,923.4724,1948.6855,1012.34644,1986.1722,1112.476,1990.0831,1223.9111,2043.5674,1304.0396,2090.8054,1363.3633,2135.2373,1402.8188,2175.0132,1363.776,2170.4377,1305.5636,2151.1807,1247.0012,2128.3516,1180.5125,2103.3777,1102.5565,2081.2673,1016.14026,2063.5962,947.6571,2042.46,891.1729,2028.9672,849.9273,2030.5573,820.9577,2036.1978,794.10187,2040.8193,1363.776,2170.4377,1312.1582,2176.95,1264.8413,2180.9128,1201.6295,2181.913,1124.233,2180.594,1040.9474,2170.2466,968.16736,2148.4705,912.0559,2124.4414,867.54517,2096.8374,834.68915,2071.7546,794.10187,2040.8193,756.50586,2036.2166,778.3147,2096.827,811.99457,2161.9023,865.0445,2234.4424,942.2622,2288.0364,1037.9929,2316.6333,1147.9105,2323.8586,1249.1583,2304.5923,1327.8954,2262.6655,1376.6958,2216.924,1402.8188,2175.0132
719,719,11983,756.8847,2036.2416,760.2002,2006.7028,786.67584,1978.266,839.27704,1953.9663,923.88635,1948.6631,1012.69495,1986.1427,1112.7761,1990.0007,1224.0746,2043.4541,1304.0793,2090.7231,1363.3601,2135.1846,1402.7487,2174.977,1363.7108,2170.3958,1305.5443,2151.1558,1247.0039,2128.3406,1180.5754,2103.3862,1102.7113,2081.2996,1016.391,2063.6372,947.98883,2042.4971,891.55536,2028.993,850.33386,2030.569,821.36993,2036.2145,794.45605,2040.8446,1363.7108,2170.3958,1312.0765,2176.8337,1264.7632,2180.7407,1201.5887,2181.7314,1124.2222,2180.4534,1040.9431,2170.17,968.2059,2148.4446,912.182,2124.4377,867.7693,2096.8389,834.99536,2071.7637,794.45605,2040.8446,756.8847,2036.2416,778.53687,2096.863,812.07495,2161.967,865.05676,2234.5312,942.2577,2288.086,1037.963,2316.6416,1147.8828,2323.8445,1249.0872,2304.501,1327.761,2262.5251,1376.5597,2216.8264,1402.7487,2174.977
720,720,12000,757.0448,2036.211,760.4172,2006.6738,786.9196,1978.2354,839.5444,1953.921,924.1931,1948.5825,1012.98413,1986.0692,1113.0641,1989.8927,1224.3322,2043.3696,1304.2716,2090.6804,1363.4961,2135.1702,1402.8519,2174.9773,1363.838,2170.3928,1305.6936,2151.1462,1247.1871,2128.3281,1180.7941,2103.3782,1102.9548,2081.3035,1016.6589,2063.6445,948.25616,2042.5017,891.7837,2028.9873,850.52435,2030.5547,821.5407,2036.1893,794.5985,2040.8156,1363.838,2170.3928,1312.1953,2176.8267,1264.8804,2180.7275,1201.7054,2181.706,1124.3481,2180.4172,1041.0858,2170.1292,968.38226,2148.4094,912.3619,2124.4097,867.94006,2096.8186,835.1582,2071.7458,794.5985,2040.8156,757.0448,2036.211,778.7205,2096.847,812.2483,2161.9714,865.20685,2234.5535,942.38354,2288.1077,1038.0781,2316.6404,1147.9855,2323.8345,1249.1735,2304.4922,1327.8414,2262.5195,1376.6462,2216.8223,1402.8519,2174.9773
721,721,12016,757.2228,2035.6981,760.57806,2006.2327,787.0543,1977.8167,839.66797,1953.4905,924.3384,1948.1509,1013.1188,1985.7216,1113.2096,1989.5327,1224.5187,2043.0764,1304.439,2090.4766,1363.6333,2135.0369,1402.9559,2174.8728,1363.9138,2170.286,1305.7544,2151.081,1247.2645,2128.2734,1180.8927,2103.3232,1103.0574,2081.252,1016.7679,2063.5793,948.38556,2042.4037,891.9348,2028.8411,850.70105,2030.3558,821.7604,2035.9047,794.8182,2040.3547,1363.9138,2170.286,1312.2258,2176.5935,1264.8854,2180.4172,1201.7045,2181.3457,1124.3467,2180.0405,1041.0841,2169.736,968.3987,2148.0093,912.4279,2123.9656,868.0751,2096.323,835.35004,2071.2263,794.8182,2040.3547,757.2228,2035.6981,778.81555,2096.453,812.2672,2161.7927,865.2068,2234.5132,942.3628,2288.092,1038.0452,2316.5981,1147.9752,2323.778,1249.1704,2304.4165,1327.8497,2262.4143,1376.6888,2216.697,1402.9559,2174.8728
722,722,12033,757.2326,2034.3514,760.5882,2005.1321,787.0622,1976.9026,839.676,1952.7107,924.3474,1947.4999,1013.1305,1985.2544,1113.2167,1989.0813,1224.5641,2042.7125,1304.5051,2090.1926,1363.7281,2134.8098,1403.0786,2174.6453,1363.9884,2170.053,1305.7786,2150.9336,1247.2789,2128.15,1180.9032,2103.193,1103.0619,2081.1035,1016.7797,2063.377,948.39777,2042.1011,891.94507,2028.4026,850.71704,2029.766,821.7836,2035.1006,794.8291,2039.171,1363.9884,2170.053,1312.2301,2176.133,1264.8757,2179.8137,1201.6584,2180.6638,1124.2606,2179.336,1040.9524,2169.0051,968.3572,2147.2312,912.431,2123.0703,868.0852,2095.2708,835.3597,2070.0579,794.8291,2039.171,757.2326,2034.3514,778.8235,2095.4077,812.2231,2161.2322,865.06726,2234.286,942.14044,2287.9536,1037.8029,2316.4275,1147.8517,2323.5977,1249.127,2304.201,1327.845,2262.1523,1376.71,2216.412,1403.0786,2174.6453
723,723,12050,757.26337,2033.7668,760.6584,2004.7435,787.155,1976.6643,839.76196,1952.5682,924.40283,1947.4088,1013.1523,1985.202,1113.2266,1989.0397,1224.5729,2042.6907,1304.5145,2090.175,1363.7491,2134.7886,1403.1416,2174.6045,1364.045,2170.0144,1305.7998,2150.9229,1247.2954,2128.1497,1180.9199,2103.195,1103.0824,2081.0999,1016.8061,2063.356,948.43665,2042.0442,891.99866,2028.293,850.7737,2029.5771,821.84717,2034.7872,794.8674,2038.6466,1364.045,2170.0144,1312.264,2176.031,1264.8965,2179.6687,1201.6754,2180.4768,1124.2793,2179.1077,1040.9795,2168.7231,968.4014,2146.8696,912.49634,2122.619,868.15753,2094.7422,835.4226,2069.4985,794.8674,2038.6466,757.26337,2033.7668,778.87616,2094.8472,812.27246,2160.7922,865.0993,2233.9956,942.1587,2287.76,1037.8177,2316.261,1147.864,2323.478,1249.1454,2304.1172,1327.8746,2262.0876,1376.7555,2216.3533,1403.1416,2174.6045
724,724,12066,757.30316,2033.804,760.7154,2004.7625,787.2183,1976.6696,839.8131,1952.5771,924.4407,1947.4047,1013.1622,1985.1816,1113.2335,1989.0026,1224.577,2042.6637,1304.5153,2090.1633,1363.7473,2134.7856,1403.1399,2174.604,1364.0391,2170.0125,1305.789,2150.925,1247.2925,2128.155,1180.9221,2103.2017,1103.0867,2081.1077,1016.82214,2063.3667,948.4851,2042.0597,892.08453,2028.3046,850.87524,2029.5863,821.94653,2034.803,794.92365,2038.6686,1364.0391,2170.0125,1312.2471,2175.992,1264.8655,2179.593,1201.6394,2180.3738,1124.2478,2178.9958,1040.9578,2168.629,968.4055,2146.8174,912.5347,2122.5977,868.23016,2094.741,835.50916,2069.5059,794.92365,2038.6686,757.30316,2033.804,778.9295,2094.8613,812.3196,2160.7986,865.1197,2234.0078,942.1585,2287.7583,1037.7921,2316.2122,1147.8282,2323.402,1249.1,2304.048,1327.8375,2262.0432,1376.7405,2216.3347,1403.1399,2174.604
725,725,12083,757.3168,2033.8121,760.73956,2004.7716,787.2674,1976.6777,839.8938,1952.5804,924.5515,1947.3992,1013.2772,1985.1652,1113.361,1988.9886,1224.7672,2042.658,1304.7524,2090.164,1364.0767,2134.791,1403.5599,2174.6177,1364.436,2170.0254,1306.067,2150.9333,1247.5131,2128.1611,1181.0886,2103.2073,1103.2059,2081.1038,1016.92694,2063.3508,948.5812,2042.0498,892.16656,2028.304,850.92896,2029.5916,821.98267,2034.8094,794.94073,2038.6754,1364.436,2170.0254,1312.5018,2175.9912,1265.0116,2179.586,1201.7036,2180.3557,1124.2688,2178.9692,1040.9655,2168.5986,968.4259,2146.8032,912.5632,2122.5933,868.25775,2094.7415,835.536,2069.5088,794.94073,2038.6754,757.3168,2033.8121,778.9496,2094.8687,812.3457,2160.8062,865.14484,2234.0115,942.1701,2287.7288,1037.7946,2316.1365,1147.8339,2323.3298,1249.1357,2304.0212,1327.9685,2262.0403,1377.0189,2216.3364,1403.5599,2174.6177
726,726,12100,757.7725,2033.817,761.2259,2004.784,787.74646,1976.6921,840.354,1952.5852,924.9866,1947.4028,1013.642,1985.1646,1113.6777,1988.98,1225.1119,2042.649,1305.1072,2090.159,1364.4758,2134.788,1404.0029,2174.6133,1364.8329,2170.0227,1306.3754,2150.9365,1247.8137,2128.1672,1181.378,2103.2131,1103.5043,2081.1138,1017.27924,2063.3628,948.9903,2042.0594,892.6448,2028.3147,851.43414,2029.6077,822.5278,2034.8204,795.43207,2038.6819,1364.8329,2170.0227,1312.7765,2175.9338,1265.1863,2179.4753,1201.8234,2180.201,1124.3646,2178.8042,1041.0631,2168.4463,968.6243,2146.6936,912.8708,2122.52,868.65826,2094.7012,835.9982,2069.4949,795.43207,2038.6819,757.7725,2033.817,779.3429,2094.8752,812.63947,2160.8115,865.3434,2234.0173,942.2876,2287.7168,1037.858,2316.0745,1147.8992,2323.2407,1249.2355,2303.931,1328.1438,2261.9717,1377.3156,2216.303,1404.0029,2174.6133
727,727,12116,758.4628,2033.8854,761.7673,2004.8467,788.10297,1976.7247,840.5623,1952.5914,925.1033,1947.3939,1013.68866,1985.1464,1113.6953,1988.9332,1225.1395,2042.6095,1305.1367,2090.135,1364.5023,2134.7712,1404.0272,2174.5913,1364.8435,2170.0012,1306.3799,2150.938,1247.8262,2128.1729,1181.4031,2103.221,1103.5476,2081.1235,1017.3612,2063.3738,949.17474,2042.068,892.98236,2028.3354,851.9529,2029.6559,823.2368,2034.8824,796.19244,2038.7279,1364.8435,2170.0012,1312.7777,2175.7964,1265.1847,2179.253,1201.8229,2179.9429,1124.3685,2178.5662,1041.0786,2168.2578,968.7448,2146.5618,913.1664,2122.4363,869.1682,2094.6658,836.6706,2069.4946,796.19244,2038.7279,758.4628,2033.8854,779.87463,2094.8916,812.9419,2160.8186,865.48303,2234.029,942.3424,2287.7222,1037.8745,2316.0725,1147.9153,2323.2166,1249.2517,2303.8687,1328.1575,2261.8794,1377.3301,2216.2322,1404.0272,2174.5913
728,728,12133,758.58716,2033.6217,761.8813,2004.7103,788.18475,1976.6586,840.61835,1952.5548,925.14185,1947.3727,1013.7293,1985.1439,1113.756,1988.9324,1225.284,2042.6116,1305.3562,2090.1414,1364.8298,2134.7795,1404.4775,2174.5942,1365.2466,2170.0066,1306.6456,2150.9795,1248.0258,2128.2317,1181.538,2103.2715,1103.6279,2081.1548,1017.41223,2063.382,949.22943,2042.0796,893.051,2028.3383,852.03937,2029.6333,823.3693,2034.7998,796.3305,2038.4985,1365.2466,2170.0066,1313.0044,2175.7734,1265.2941,2179.1958,1201.8651,2179.8586,1124.3776,2178.4658,1041.0803,2168.1194,968.7593,2146.3696,913.2115,2122.162,869.25684,2094.326,836.7919,2069.15,796.3305,2038.4985,758.58716,2033.6217,779.9951,2094.607,813.0054,2160.6184,865.4981,2233.96,942.3429,2287.7104,1037.8732,2316.067,1147.9199,2323.2148,1249.3009,2303.867,1328.3025,2261.8757,1377.6105,2216.2305,1404.4775,2174.5942
729,729,12150,758.7538,2033.844,761.99207,2004.8284,788.2538,1976.6868,840.6608,1952.5554,925.1725,1947.2919,1013.7381,1985.0219,1113.7646,1988.7197,1225.2894,2042.4312,1305.356,2090.0417,1364.8026,2134.737,1404.3834,2174.5745,1365.1101,2169.9885,1306.5425,2150.9792,1247.9891,2128.2358,1181.5355,2103.277,1103.6353,2081.164,1017.4291,2063.3923,949.3012,2042.0981,893.1959,2028.4019,852.2436,2029.7576,823.60706,2034.9692,796.5453,2038.6887,1365.1101,2169.9885,1312.8812,2175.6665,1265.1683,2179.0366,1201.7664,2179.689,1124.3108,2178.3296,1041.0465,2168.0417,968.76495,2146.348,913.2769,2122.1626,869.3982,2094.3447,836.978,2069.2114,796.5453,2038.6887,758.7538,2033.844,780.10266,2094.762,813.05664,2160.7515,865.51227,2234.089,942.34235,2287.7947,1037.8514,2316.0884,1147.8921,2323.2144,1249.2639,2303.8494,1328.2512,2261.8271,1377.5391,2216.1794,1404.3834,2174.5745
730,730,12166,758.85333,2033.9047,762.07794,2004.8888,788.3373,1976.7268,840.7606,1952.5692,925.2988,1947.2932,1013.8594,1985.0184,1113.8782,1988.6938,1225.4309,2042.3909,1305.4885,2090.01,1364.8918,2134.7166,1404.4365,2174.5537,1365.1536,2169.9746,1306.5988,2150.981,1248.0814,2128.2407,1181.6666,2103.2837,1103.7852,2081.1714,1017.5824,2063.399,949.4567,2042.1196,893.3513,2028.4458,852.38495,2029.8219,823.7464,2035.0376,796.67267,2038.7421,1365.1536,2169.9746,1312.937,2175.6138,1265.2335,2178.96,1201.8455,2179.5874,1124.4014,2178.22,1041.166,2167.9468,968.9161,2146.2947,913.4412,2122.1462,869.55273,2094.3467,837.1166,2069.219,796.67267,2038.7421,758.85333,2033.9047,780.23334,2094.7805,813.2101,2160.757,865.6826,2234.0923,942.5071,2287.7803,1038.0114,2316.043,1148.0168,2323.1567,1249.3904,2303.804,1328.3755,2261.7927,1377.6305,2216.1484,1404.4365,2174.5537
731,731,12183,759.0226,2034.1791,762.14636,2005.0369,788.3608,1976.7654,840.7721,1952.5729,925.3166,1947.2561,1013.8813,1984.9677,1113.903,1988.6062,1225.5211,2042.3335,1305.6139,2089.9963,1365.0015,2134.7197,1404.5066,2174.582,1365.2018,2169.995,1306.648,2151.0005,1248.1503,2128.248,1181.7347,2103.2903,1103.8386,2081.1797,1017.63495,2063.4087,949.536,2042.1284,893.45886,2028.469,852.5179,2029.8951,823.9303,2035.1738,796.8775,2038.9515,1365.2018,2169.995,1312.991,2175.606,1265.275,2178.9185,1201.8737,2179.502,1124.417,2178.1143,1041.1877,2167.851,968.97217,2146.2468,913.53485,2122.139,869.68115,2094.3564,837.27185,2069.2786,796.8775,2038.9515,759.0226,2034.1791,780.37103,2094.9204,813.3225,2160.8147,865.77466,2234.111,942.5772,2287.785,1038.0647,2316.0378,1148.0647,2323.1477,1249.4725,2303.8,1328.4968,2261.79,1377.7444,2216.1523,1404.5066,2174.582
732,732,12200,759.06165,2034.245,762.20557,2005.0868,788.4409,1976.7888,840.85016,1952.5765,925.4,1947.2521,1013.95715,1984.9629,1113.965,1988.5597,1225.5887,2042.2698,1305.66,2089.9539,1365.0199,2134.7014,1404.5092,2174.5718,1365.202,2169.9805,1306.6503,2150.9963,1248.1748,2128.2458,1181.7844,2103.2861,1103.916,2081.1812,1017.7469,2063.417,949.67084,2042.1382,893.6053,2028.4774,852.64764,2029.9224,824.02716,2035.2139,796.92334,2038.9963,1365.202,2169.9805,1312.9934,2175.5005,1265.2792,2178.7512,1201.8845,2179.3135,1124.435,2177.9512,1041.2186,2167.7363,969.05646,2146.1714,913.65857,2122.096,869.80786,2094.3457,837.3661,2069.2837,796.92334,2038.9963,759.06165,2034.245,780.47314,2094.9526,813.4789,2160.831,865.938,2234.1233,942.70325,2287.789,1038.1425,2316.0347,1148.123,2323.13,1249.5157,2303.767,1328.519,2261.7395,1377.752,2216.1128,1404.5092,2174.5718
733,733,12216,759.10767,2034.2521,762.28845,2005.0953,788.5446,1976.793,840.955,1952.5608,925.49774,1947.2029,1014.03253,1984.9122,1114.051,1988.4438,1225.6986,2042.1083,1305.743,2089.8164,1365.059,2134.6028,1404.5148,2174.489,1365.2037,2169.891,1306.6553,2150.9497,1248.2047,2128.217,1181.8373,2103.2698,1103.9818,2081.1814,1017.8226,2063.424,949.7785,2042.1481,893.7249,2028.4877,852.75183,2029.9315,824.10913,2035.2217,796.95966,2039.0032,1365.2037,2169.891,1312.9888,2175.251,1265.2491,2178.3997,1201.8328,2178.935,1124.3656,2177.6301,1041.1226,2167.5083,969.0501,2146.0193,913.6671,2121.9963,869.8249,2094.2922,837.3977,2069.2654,796.95966,2039.0032,759.10767,2034.2521,780.5018,2094.96,813.48584,2160.8372,865.9406,2234.1292,942.67395,2287.7896,1038.0417,2315.982,1148.0463,2323.006,1249.4542,2303.558,1328.4789,2261.5032,1377.7426,2215.936,1404.5148,2174.489
734,734,12233,759.16956,2033.7291,762.31665,2004.6396,788.55524,1976.3549,840.97076,1952.116,925.51276,1946.7654,1014.0454,1984.5164,1114.06,1988.087,1225.713,2041.8007,1305.7539,2089.5645,1365.0602,2134.4102,1404.5105,2174.3066,1365.1855,2169.6965,1306.634,2150.824,1248.1982,2128.1008,1181.8401,2103.141,1103.9907,2081.0393,1017.83594,2063.2568,949.7898,2041.9402,893.73804,2028.231,852.7822,2029.6193,824.1642,2034.8351,797.0362,2038.4907,1365.1855,2169.6965,1312.9619,2174.9224,1265.2104,2178.003,1201.801,2178.5227,1124.337,2177.2454,1041.0931,2167.149,969.05444,2145.6357,913.68335,2121.555,869.8792,2093.8015,837.4718,2068.7407,797.0362,2038.4907,759.16956,2033.7291,780.53925,2094.5295,813.4931,2160.5657,865.9417,2233.9985,942.65375,2287.708,1038.0016,2315.8794,1148.024,2322.869,1249.4412,2303.3455,1328.4637,2261.23,1377.7294,2215.6772,1404.5105,2174.3066
735,735,12250,759.0434,2033.4208,762.2717,2004.427,788.55493,1976.2131,840.98474,1952.0139,925.52673,1946.6831,1014.0572,1984.4579,1114.1155,1988.032,1225.8398,2041.7473,1305.9141,2089.513,1365.2446,2134.3584,1404.7108,2174.239,1365.3755,2169.6309,1306.7786,2150.795,1248.3204,2128.0852,1181.9229,2103.1282,1104.0322,2081.0293,1017.8446,2063.242,949.80664,2041.9109,893.75134,2028.1704,852.76636,2029.5065,824.0848,2034.6483,796.88226,2038.2079,1365.3755,2169.6309,1313.0541,2174.8286,1265.2423,2177.8948,1201.805,2178.413,1124.3318,2177.1526,1041.0583,2167.0679,969.0383,2145.5437,913.67004,2121.434,869.8476,2093.6445,837.3959,2068.541,796.88226,2038.2079,759.0434,2033.4208,780.48596,2094.3523,813.46735,2160.4834,865.91504,2233.9731,942.6207,2287.693,1037.9598,2315.8477,1148.0115,2322.8225,1249.4404,2303.2676,1328.4725,2261.1355,1377.7891,2215.5918,1404.7108,2174.239
736,736,12266,758.8592,2033.2091,762.09174,2004.2308,788.4106,1976.0342,840.8703,1951.845,925.4496,1946.5239,1013.979,1984.324,1114.0663,1987.942,1225.8348,2041.7065,1305.9163,2089.4963,1365.2476,2134.355,1404.717,2174.2388,1365.3757,2169.63,1306.7725,2150.796,1248.3029,2128.087,1181.891,2103.1296,1103.9769,2081.027,1017.7729,2063.2263,949.7416,2041.8828,893.6714,2028.1199,852.66046,2029.4167,823.93054,2034.5061,796.7029,2038.0083,1365.3757,2169.63,1313.052,2174.8157,1265.2288,2177.8745,1201.7723,2178.3835,1124.2688,2177.1128,1040.9606,2167.0117,968.96313,2145.47,913.5995,2121.3362,869.7594,2093.5198,837.26575,2068.3835,796.7029,2038.0083,758.8592,2033.2091,780.3325,2094.2102,813.3476,2160.4036,865.8104,2233.9346,942.5223,2287.6704,1037.8698,2315.826,1147.9565,2322.8088,1249.4175,2303.262,1328.4686,2261.1323,1377.7905,2215.5896,1404.717,2174.2388
737,737,12283,758.8103,2032.947,762.0518,2004.0371,788.3832,1975.9016,840.85516,1951.7628,925.4497,1946.4763,1013.9825,1984.286,1114.0697,1987.9081,1225.8373,2041.6469,1305.9095,2089.4126,1365.2214,2134.2542,1404.6644,2174.1096,1365.3213,2169.5012,1306.7292,2150.724,1248.2781,2128.044,1181.8796,2103.1047,1103.9736,2081.0154,1017.7741,2063.2168,949.7356,2041.8585,893.64575,2028.0623,852.61053,2029.3032,823.8545,2034.3284,796.63306,2037.763,1365.3213,2169.5012,1312.9939,2174.6821,1265.1627,2177.7546,1201.7126,2178.2847,1124.2123,2177.0332,1040.8967,2166.943,968.9244,2145.3938,913.5676,2121.244,869.7226,2093.4053,837.2111,2068.2295,796.63306,2037.763,758.8103,2032.947,780.29474,2094.0574,813.31036,2160.3245,865.76447,2233.8972,942.46405,2287.6423,1037.8054,2315.782,1147.8922,2322.7507,1249.3456,2303.1772,1328.3865,2261.0251,1377.7174,2215.4624,1404.6644,2174.1096
738,738,12300,758.67316,2032.9369,762.00665,2004.0457,788.3834,1975.9966,840.86444,1952.0151,925.45905,1946.8517,1013.9892,1984.6504,1114.0813,1988.2118,1225.8501,2041.7892,1305.9181,2089.456,1365.2234,2134.256,1404.6636,2174.0913,1365.323,2169.4885,1306.7354,2150.7324,1248.288,2128.101,1181.8914,2103.242,1103.9818,2081.2515,1017.7822,2063.515,949.7451,2042.1329,893.6391,2028.2517,852.55286,2029.384,823.6966,2034.3411,796.4074,2037.7609,1365.323,2169.4885,1312.9946,2174.652,1265.1613,2177.7195,1201.7021,2178.2527,1124.1852,2177.0127,1040.8363,2166.9358,968.87445,2145.3909,913.49207,2121.2427,869.59125,2093.406,837.02277,2068.2307,796.4074,2037.7609,758.67316,2032.9369,780.20355,2094.058,813.2542,2160.3267,865.728,2233.8992,942.42487,2287.6353,1037.7561,2315.7454,1147.8386,2322.675,1249.2781,2303.0764,1328.329,2260.944,1377.6927,2215.4167,1404.6636,2174.0913
739,739,12316,758.8347,2035.533,762.9503,2007.7476,790.12366,1980.9545,842.88226,1957.9486,927.2172,1952.6763,1015.40015,1989.5684,1115.1196,1991.7067,1226.1847,2043.2786,1305.9741,2089.8838,1365.2101,2134.2585,1404.5677,2173.7993,1365.3229,2169.3208,1306.8076,2150.7527,1248.5999,2128.5247,1182.4716,2104.503,1104.875,2083.7368,1018.92426,2067.1829,950.8619,2046.5293,894.5325,2032.8312,853.035,2033.4796,823.8357,2037.7048,796.4114,2040.3635,1365.3229,2169.3208,1312.994,2174.3127,1265.1583,2177.279,1201.7,2177.8572,1124.1849,2176.8276,1040.8348,2166.9282,968.9612,2145.5115,913.57776,2121.7734,869.6235,2094.5547,837.0385,2069.9883,796.4114,2040.3635,758.8347,2035.533,780.44366,2096.0264,813.5512,2161.568,866.0613,2234.3342,942.5761,2287.6348,1037.7512,2315.3157,1147.7208,2321.5159,1248.7848,2301.3687,1327.5817,2259.4636,1377.1482,2214.6392,1404.5677,2173.7993
740,740,12333,762.1572,2054.611,768.06036,2027.2485,796.01483,2000.6229,848.19867,1976.8602,930.7496,1968.9651,1017.64575,2002.9335,1116.0463,2001.9392,1226.209,2049.306,1305.9152,2092.901,1364.9417,2135.1162,1404.1906,2173.8093,1365.3187,2169.4216,1306.9252,2151.7473,1249.0178,2131.1677,1183.2653,2109.3381,1106.3137,2091.1687,1021.2584,2077.4053,953.8962,2059.3389,898.0845,2047.9921,856.2774,2049.9534,826.4651,2054.855,798.3862,2058.2356,1365.3187,2169.4216,1312.9886,2174.3503,1265.1423,2177.3005,1201.6826,2177.9646,1124.1836,2177.3606,1040.8462,2168.6707,969.3481,2149.6343,914.2867,2129.061,870.5549,2105.3533,838.3921,2083.8003,798.3862,2058.2356,762.1572,2054.611,783.4927,2110.707,816.2716,2171.081,868.4476,2238.4324,943.8294,2288.1514,1037.8522,2315.0906,1147.603,2320.0654,1247.8339,2299.3384,1326.1033,2258.2205,1375.9768,2214.4001,1404.1906,2173.8093
741,741,12350,768.6934,2089.7986,779.63074,2062.0125,811.0722,2033.7938,864.51227,2006.6831,946.9803,1992.3013,1031.9579,2021.8407,1126.1229,2015.4414,1230.6976,2057.763,1307.4363,2098.016,1365.0391,2137.1992,1404.0397,2173.962,1365.521,2169.8164,1307.9521,2154.8572,1252.5978,2137.8774,1189.737,2120.2307,1116.4272,2106.7114,1035.3898,2097.7617,968.96075,2084.5225,912.6528,2077.5356,868.3799,2081.9043,835.68286,2087.5667,803.1413,2091.2056,1365.521,2169.8164,1313.2185,2174.2278,1265.5886,2176.5444,1202.8738,2176.9792,1126.877,2176.9802,1045.4479,2168.7705,975.9021,2151.943,920.78174,2136.3784,876.1526,2119.9553,843.5145,2106.0793,803.1413,2091.2056,768.6934,2089.7986,791.3122,2136.9717,825.6453,2187.3809,879.6133,2244.8054,954.03754,2288.469,1043.9281,2313.4595,1149.6167,2315.3245,1247.8473,2293.7104,1325.5865,2254.6816,1375.2561,2213.6467,1404.0397,2173.962
742,742,12366,773.3397,2117.426,791.8679,2090.8948,829.48,2062.614,886.86725,2033.2842,972.9964,2012.5023,1057.9038,2038.2322,1148.5072,2026.3715,1245.6024,2064.3303,1315.8231,2101.8875,1367.9027,2138.3496,1404.4508,2173.8472,1367.8792,2169.8157,1312.9006,2157.0044,1263.3052,2144.074,1205.2599,2131.3257,1137.024,2123.1577,1060.1587,2119.0159,992.50714,2109.9229,932.84735,2105.735,883.1697,2110.6614,845.36566,2115.3516,806.42206,2117.742,1367.8792,2169.8157,1316.2985,2172.8145,1270.3228,2173.247,1210.7386,2172.5847,1138.8696,2173.534,1061.2925,2167.9846,992.2084,2152.3528,933.9116,2141.01,884.90955,2131.4968,849.1953,2124.5388,806.42206,2117.742,773.3397,2117.426,799.6428,2158.3054,838.76904,2201.0808,898.20276,2250.0413,974.84656,2288.472,1061.8737,2309.4534,1160.5881,2307.4158,1251.5984,2284.5881,1326.0942,2247.717,1375.3049,2210.751,1404.4508,2173.8472
743,743,12383,775.6358,2132.623,798.4323,2106.6582,838.78845,2078.5063,898.0813,2048.2278,986.8894,2024.5555,1072.8896,2048.9658,1162.9877,2033.7092,1257.6882,2069.1594,1324.3079,2104.7898,1372.0797,2138.9717,1405.9552,2173.2532,1372.3043,2169.6938,1319.2181,2158.839,1273.4055,2150.143,1217.0968,2142.2078,1150.3455,2138.393,1074.4911,2136.9902,1005.7325,2129.861,943.8594,2125.8125,890.9199,2129.2593,850.3882,2131.992,807.55743,2132.907,1372.3043,2169.6938,1321.5459,2170.74,1276.6058,2169.129,1218.7666,2167.0566,1148.891,2168.5874,1073.0709,2165.9521,1003.66394,2152.3015,942.8084,2143.7893,890.3721,2138.99,852.1698,2136.0842,807.55743,2132.907,775.6358,2132.623,805.04724,2170.6902,847.7281,2209.3882,910.744,2253.4668,988.8146,2288.3564,1074.5918,2304.8066,1169.3583,2299.8574,1255.3973,2276.0112,1327.0189,2240.4175,1375.711,2206.848,1405.9552,2173.2532
744,744,12400,779.7342,2140.542,806.5223,2116.1157,848.6857,2089.5918,908.6541,2060.2498,997.4298,2036.023,1082.9829,2059.2295,1171.6205,2041.7665,1263.4331,2074.1365,1327.8333,2107.1943,1373.3843,2139.1426,1406.1726,2171.4558,1374.2324,2168.8904,1322.6177,2159.4773,1278.8638,2153.2761,1223.864,2148.0854,1158.584,2146.5728,1084.0377,2146.704,1015.0465,2140.4211,952.47076,2136.451,897.9563,2139.1208,855.87726,2140.852,810.1203,2141.0166,1374.2324,2168.8904,1324.4589,2168.4626,1280.7034,2166.139,1224.5872,2164.0066,1156.5756,2166.305,1082.4066,2165.3247,1012.8785,2152.8376,950.8287,2147.331,896.3905,2145.039,856.39923,2143.4763,810.1203,2141.0166,779.7342,2140.542,811.7794,2177.537,856.4329,2214.4197,920.87885,2256.1338,999.2691,2288.314,1084.3363,2301.8665,1176.2393,2295.1282,1258.4583,2270.2087,1327.4437,2234.4482,1375.715,2202.3857,1406.1726,2171.4558
745,745,12416,781.8151,2143.6367,810.92035,2120.3472,854.3111,2095.0483,914.9257,2066.5222,1004.1627,2042.237,1090.0575,2064.9836,1178.4293,2046.4792,1268.7488,2077.1978,1331.6315,2108.6804,1375.2971,2139.1694,1406.86,2169.4917,1376.7177,2167.8809,1326.3617,2159.8286,1284.0575,2155.4114,1229.7244,2152.187,1165.0698,2152.2659,1090.7787,2153.3005,1021.07446,2147.4192,957.5839,2143.0754,901.78625,2144.7065,858.72296,2145.2585,811.44476,2144.5024,1376.7177,2167.8809,1327.9137,2166.6292,1284.9996,2164.0344,1229.8334,2162.0269,1162.692,2164.8335,1089.0021,2164.924,1018.8915,2153.3813,955.8127,2149.756,899.9749,2148.4377,858.7777,2147.232,811.44476,2144.5024,781.8151,2143.6367,815.67084,2180.4878,861.694,2216.7449,927.18713,2257.642,1006.02826,2288.246,1091.0836,2299.7615,1181.7094,2292.0361,1261.668,2266.4387,1328.3516,2230.346,1375.9218,2198.8635,1406.86,2169.4917
746,746,12433,783.83,2145.3408,814.6901,2123.1313,858.8947,2098.945,919.96295,2071.3523,1009.41876,2047.4055,1095.9254,2069.6582,1184.2361,2050.4717,1273.4558,2079.5627,1335.4727,2109.573,1377.8909,2139.16,1408.4459,2166.5916,1380.1069,2166.0942,1330.6377,2159.8064,1289.0568,2156.2,1235.0259,2153.9592,1170.6604,2154.8718,1096.423,2156.4863,1025.8961,2150.8179,961.65234,2146.4312,905.0075,2147.716,861.23694,2147.7869,812.9008,2146.4988,1380.1069,2166.0942,1332.0356,2164.5964,1289.74,2162.2073,1235.21,2160.6943,1168.5822,2164.0332,1095.0786,2164.789,1024.0846,2154.1592,960.1057,2151.777,903.2497,2150.6875,861.1117,2149.4915,812.9008,2146.4988,783.83,2145.3408,819.1497,2181.8926,866.14453,2217.7288,932.3607,2258.449,1011.7667,2288.1406,1097.3749,2298.1245,1187.3625,2289.8147,1265.8829,2263.6506,1330.3875,2226.9104,1376.8882,2195.2268,1408.4459,2166.5916
747,747,12450,784.98737,2145.9797,816.8434,2124.6519,861.55457,2101.3516,922.96204,2074.452,1012.5694,2050.7507,1099.5425,2072.6882,1187.9657,2052.9114,1276.8689,2080.756,1338.7592,2109.7322,1380.7867,2138.7722,1410.9696,2162.8313,1383.9835,2163.4521,1334.8054,2159.737,1293.266,2156.2483,1239.0773,2154.6943,1174.5822,2156.3562,1100.1007,2158.5586,1028.8052,2153.1377,964.0177,2148.7344,906.8762,2149.7085,862.7459,2149.2983,813.85345,2147.4229,1383.9835,2163.4521,1336.0991,2162.282,1293.9612,2160.459,1239.4875,2159.6475,1172.8429,2163.5398,1099.1359,2164.7507,1027.3014,2155.0325,962.73694,2153.4297,905.3325,2152.2302,862.66986,2150.7957,813.85345,2147.4229,784.98737,2145.9797,821.0884,2182.6985,868.5458,2218.5613,935.2175,2259.26,1015.22296,2288.1167,1101.678,2297.2317,1191.7665,2288.6038,1269.9565,2261.89,1333.1873,2224.2458,1378.7844,2191.6602,1410.9696,2162.8313
748,748,12466,786.18744,2147.2744,818.8698,2126.2925,864.2118,2103.1855,926.20605,2076.32,1016.4491,2052.3572,1104.1555,2073.931,1192.694,2053.6868,1281.3967,2080.7764,1343.2416,2109.4265,1385.0603,2137.788,1415.0406,2159.0273,1388.9263,2160.492,1339.8055,2159.4607,1298.1884,2155.7996,1243.7888,2154.4934,1179.1542,2156.655,1104.6154,2159.2815,1032.4967,2154.2761,966.9543,2150.161,909.04736,2151.2627,864.3899,2150.7952,814.93616,2148.7659,1388.9263,2160.492,1341.0273,2159.828,1298.8455,2158.5723,1244.2809,2158.4624,1177.558,2162.9575,1103.7562,2164.683,1031.0256,2155.6343,965.6789,2154.4744,907.54517,2153.2737,864.30597,2151.9736,814.93616,2148.7659,786.18744,2147.2744,823.0908,2183.594,871.2055,2219.0789,938.62866,2259.706,1019.37317,2288.0674,1106.5754,2296.371,1196.6259,2287.366,1274.7245,2260.0723,1337.2909,2221.6257,1382.2621,2188.2566,1415.0406,2159.0273
749,749,12483,787.06415,2147.6091,820.2827,2126.983,866.1235,2104.167,928.57214,2077.5442,1019.2088,2053.7385,1107.471,2075.2146,1196.3604,2054.713,1285.2599,2081.103,1347.442,2109.2388,1389.6241,2136.9531,1419.8796,2156.3086,1394.0764,2158.2434,1344.6512,2159.1692,1302.5818,2155.4456,1247.7504,2154.3813,1182.7297,2156.8276,1107.8754,2159.6165,1035.2002,2154.7327,969.11285,2150.6675,910.6498,2151.7915,865.57654,2151.3032,815.81165,2149.1514,1394.0764,2158.2434,1345.8768,2158.0398,1303.4215,2157.231,1248.4937,2157.623,1181.4315,2162.527,1107.3214,2164.6306,1033.9312,2156.1487,968.01746,2155.1746,909.31866,2153.8247,865.6169,2152.4597,815.81165,2149.1514,787.06415,2147.6091,824.59766,2183.7751,873.3158,2219.0823,941.33124,2259.758,1022.5412,2287.8782,1110.1837,2295.3054,1200.4695,2286.046,1278.9458,2258.5466,1341.604,2219.7964,1386.4834,2185.935,1419.8796,2156.3086
750,750,12500,787.64166,2148.3306,821.10126,2128.0002,867.1558,2105.4185,929.80066,2079.0833,1020.5459,2055.6096,1109.1698,2076.9927,1198.3995,2056.1646,1287.6583,2081.7068,1350.3765,2109.1714,1393.1893,2136.2822,1423.9674,2154.3613,1398.1104,2156.5725,1348.3373,2158.8828,1305.7147,2155.1895,1250.3835,2154.3745,1184.8789,2157.1157,1109.5758,2160.155,1036.502,2155.3472,970.1234,2151.3203,911.4526,2152.5217,866.2264,2152.098,816.43005,2149.9124,1398.1104,2156.5725,1349.6626,2156.796,1306.9089,2156.3826,1251.5393,2157.1707,1184.0188,2162.3496,1109.4922,2164.628,1035.6246,2156.7854,969.339,2155.9946,910.3502,2154.595,866.44354,2153.2327,816.43005,2149.9124,787.64166,2148.3306,825.46045,2184.445,874.4392,2219.586,942.7805,2260.0637,1024.3749,2287.8093,1112.4406,2294.744,1203.0786,2285.4336,1282.1239,2257.85,1345.2241,2218.8225,1390.2448,2184.4556,1423.9674,2154.3613
751,751,12516,787.88605,2148.386,821.53235,2128.3147,867.8904,2106.0583,930.8345,2080.032,1021.8169,2056.7556,1110.6727,2078.1858,1200.0571,2057.2493,1289.5145,2082.344,1352.5795,2109.2202,1395.887,2135.8499,1427.0983,2153.2285,1401.0548,2155.578,1350.9305,2158.7488,1307.8953,2155.1885,1252.256,2154.844,1186.5328,2157.9385,1111.0096,2161.1528,1037.6504,2156.3728,970.98975,2152.2375,912.0413,2153.219,866.6117,2152.5554,816.7851,2150.127,1401.0548,2155.578,1352.3452,2156.1333,1309.3353,2156.0212,1253.6357,2157.0684,1185.8292,2162.3662,1111.0278,2164.6523,1036.8385,2157.4717,970.30023,2156.7415,911.067,2155.201,866.9748,2153.6736,816.7851,2150.127,787.88605,2148.386,825.8757,2184.7236,875.0526,2220.0278,943.64307,2260.4822,1025.5181,2287.807,1113.9596,2294.655,1204.941,2285.4714,1284.4501,2257.8594,1347.9944,2218.5696,1393.2037,2183.7495,1427.0983,2153.2285
752,752,12533,788.5777,2149.264,822.57184,2129.2605,869.1168,2107.0298,932.1225,2081.012,1023.0686,2057.72,1111.9043,2079.1062,1201.2697,2058.075,1290.7144,2082.9036,1353.8918,2109.341,1397.4288,2135.578,1428.8542,2152.6445,1402.5885,2155.0088,1352.3368,2158.6868,1309.142,2155.2769,1253.4484,2155.269,1187.7184,2158.5718,1112.2334,2161.9033,1038.8761,2157.203,972.16406,2153.1167,913.0852,2154.128,867.4854,2153.4617,817.4759,2151.011,1402.5885,2155.0088,1353.8225,2155.7876,1310.7523,2155.8796,1254.9939,2157.0957,1187.14,2162.4414,1112.3009,2164.7214,1038.0538,2158.201,971.44696,2157.5085,912.0917,2155.9307,867.866,2154.46,817.4759,2151.011,788.5777,2149.264,826.76605,2185.5374,876.04034,2220.7893,944.6975,2261.1294,1026.6575,2287.843,1115.2526,2294.789,1206.3556,2285.7925,1286.0988,2258.1545,1349.8591,2218.6448,1395.0668,2183.4775,1428.8542,2152.6445
753,753,12550,789.4903,2149.8635,823.725,2129.7627,870.3511,2107.3992,933.4125,2081.2178,1024.395,2057.7964,1113.219,2079.226,1202.4534,2058.2812,1291.8916,2083.184,1355.152,2109.4402,1398.8477,2135.3914,1430.4238,2152.3684,1403.9675,2154.6655,1353.5824,2158.6345,1310.326,2155.295,1254.6013,2155.3523,1188.916,2158.5847,1113.5676,2161.8406,1040.2285,2157.1365,973.4736,2153.1426,914.3018,2154.3086,868.5984,2153.795,818.39154,2151.5085,1403.9675,2154.6655,1355.1356,2155.5117,1311.9802,2155.676,1256.1871,2156.9763,1188.3301,2162.405,1113.5591,2164.7275,1039.3271,2158.5378,972.72314,2157.7566,913.3021,2156.1409,868.9581,2154.7773,818.39154,2151.5085,789.4903,2149.8635,827.7732,2186.009,877.0327,2221.2742,945.68286,2261.646,1027.7391,2287.8948,1116.4999,2294.9233,1207.7195,2286.084,1287.6476,2258.4177,1351.5775,2218.7332,1396.7612,2183.36,1430.4238,2152.3684
754,754,12566,790.4332,2150.655,824.70233,2130.3474,871.3319,2107.7065,934.44214,2081.2024,1025.5264,2057.5544,1114.2406,2078.9526,1203.3344,2058.1472,1292.7595,2083.2832,1355.9939,2109.5288,1399.7445,2135.2834,1431.348,2152.307,1404.7711,2154.5215,1354.3085,2158.6147,1310.9607,2155.3728,1255.2708,2155.4739,1189.6711,2158.631,1114.4567,2161.839,1041.2472,2157.2493,974.5602,2153.4292,915.38055,2154.7854,869.62415,2154.4075,819.3434,2152.2712,1404.7711,2154.5215,1355.9601,2155.427,1312.8436,2155.6506,1257.0813,2156.9946,1189.2711,2162.4326,1114.6115,2164.7542,1040.4813,2158.9248,973.9181,2158.1738,914.44666,2156.6648,870.0162,2155.4326,819.3434,2152.2712,790.4332,2150.655,828.7831,2186.764,878.05927,2221.9414,946.7329,2262.2036,1028.7649,2287.986,1117.4393,2295.0674,1208.6794,2286.3794,1288.7158,2258.7412,1352.7456,2218.978,1397.8658,2183.4524,1431.348,2152.307
755,755,12583,791.4718,2151.9756,825.7606,2131.3452,872.46204,2108.3174,935.5907,2081.4011,1026.7968,2057.3916,1115.4938,2078.8403,1204.6593,2058.0784,1294.301,2083.5403,1357.551,2109.835,1401.3204,2135.2812,1432.9038,2152.6194,1406.19,2154.6704,1355.6487,2158.5715,1312.2478,2155.8086,1256.5125,2156.0513,1190.8909,2159.2063,1115.6803,2162.375,1042.614,2157.9155,975.94073,2154.2239,916.6757,2155.7185,870.8107,2155.4712,820.45215,2153.5068,1406.19,2154.6704,1357.3464,2155.5916,1314.18,2155.8284,1258.3586,2157.144,1190.506,2162.5095,1115.8462,2164.8489,1041.8215,2159.4565,975.271,2158.7974,915.73505,2157.4724,871.20337,2156.445,820.45215,2153.5068,791.4718,2151.9756,829.9172,2187.9685,879.3189,2222.9426,948.1012,2262.997,1030.1273,2288.2202,1118.6604,2295.2488,1209.9524,2286.7793,1290.0581,2259.2375,1354.2609,2219.5037,1399.4447,2183.9033,1432.9038,2152.6194
756,756,12600,792.8338,2152.8357,827.0098,2131.8428,873.6141,2108.4321,936.6265,2081.1746,1027.8025,2056.9849,1116.3458,2078.4685,1205.4216,2057.8647,1295.0519,2083.6724,1358.1871,2110.1294,1401.8812,2135.3083,1433.3446,2152.929,1406.448,2154.818,1355.8998,2158.577,1312.5226,2156.1985,1256.9537,2156.3755,1191.5188,2159.3247,1116.4854,2162.3362,1043.6848,2157.8723,977.211,2154.284,918.0876,2155.9727,872.25195,2155.952,821.8673,2154.2354,1406.448,2154.818,1357.6345,2155.7568,1314.5317,2155.998,1258.8477,2157.274,1191.1587,2162.5737,1116.6576,2164.9045,1042.8848,2159.7979,976.5178,2159.139,917.11127,2157.8914,872.61615,2156.983,821.8673,2154.2354,792.8338,2152.8357,831.2125,2188.771,880.5241,2223.6536,949.1875,2263.5977,1031.0404,2288.4163,1119.3678,2295.4033,1210.6141,2287.106,1290.6875,2259.6628,1354.9159,2219.9902,1400.0425,2184.3435,1433.3446,2152.929
757,757,12616,793.7029,2153.5798,827.65704,2132.382,874.12286,2108.739,937.0417,2081.248,1028.1461,2056.8423,1116.4741,2078.3008,1205.4763,2057.7676,1295.1914,2083.8193,1358.3319,2110.4163,1402.0305,2135.364,1433.4154,2153.172,1406.3699,2154.9277,1355.8248,2158.6067,1312.4213,2156.515,1256.8995,2156.6042,1191.5272,2159.4148,1116.6096,2162.3464,1044.0463,2157.8892,977.74225,2154.3745,918.7734,2156.2114,873.0848,2156.3755,822.81903,2154.8667,1406.3699,2154.9277,1357.6079,2155.8943,1314.5375,2156.1384,1258.8971,2157.376,1191.271,2162.6243,1116.88,2164.9456,1043.3271,2160.0562,977.12415,2159.4106,917.861,2158.2524,873.4628,2157.4556,822.81903,2154.8667,793.7029,2153.5798,831.8976,2189.4639,881.0594,2224.3262,949.6137,2264.2153,1031.3589,2288.6812,1119.5192,2295.524,1210.743,2287.4,1290.8671,2260.038,1355.1705,2220.3948,1400.2693,2184.7017,1433.4154,2153.172
758,758,12633,794.87634,2154.1614,828.5117,2132.7275,874.6884,2108.8093,937.4177,2081.0356,1028.402,2056.3757,1116.444,2077.79,1205.2062,2057.366,1294.8314,2083.7122,1357.8898,2110.5269,1401.5612,2135.3845,1432.8966,2153.3948,1405.638,2155.0396,1355.1254,2158.6074,1311.7506,2156.7034,1256.3988,2156.6914,1191.2485,2159.3977,1116.6108,2162.291,1044.3049,2157.8733,978.24005,2154.445,919.5178,2156.392,874.0422,2156.671,823.99945,2155.3333,1405.638,2155.0396,1356.9252,2156.0156,1313.9098,2156.2493,1258.3793,2157.442,1190.9379,2162.6533,1116.8254,2164.9585,1043.583,2160.2136,977.6453,2159.5662,918.6371,2158.4934,874.43066,2157.798,823.99945,2155.3333,794.87634,2154.1614,832.8799,2189.9026,881.79504,2224.6865,950.0686,2264.571,1031.5109,2288.8386,1119.3951,2295.6418,1210.3854,2287.6045,1290.4602,2260.2856,1354.8186,2220.684,1399.9099,2184.9934,1432.8966,2153.3948
759,759,12650,795.70807,2154.9634,828.9178,2133.1333,874.7076,2108.7617,937.192,2080.5117,1028.074,2055.4707,1115.8827,2076.9067,1204.4412,2056.649,1294.1504,2083.4048,1357.2611,2110.496,1401.0106,2135.3843,1432.397,2153.5847,1404.9244,2155.1409,1354.352,2158.5854,1310.8903,2156.733,1255.5787,2156.5354,1190.5385,2159.0762,1116.16,2161.9036,1044.1354,2157.5427,978.3361,2154.2966,919.89703,2156.496,874.68677,2157.0269,824.863,2155.9849,1404.9244,2155.1409,1356.1992,2156.108,1313.1726,2156.3037,1257.6648,2157.4304,1190.3303,2162.6199,1116.4565,2164.9575,1043.4811,2160.2617,977.81824,2159.5942,919.085,2158.65,875.08685,2158.1501,824.863,2155.9849,795.70807,2154.9634,833.4508,2190.44,882.0648,2225.066,950.0381,2264.906,1031.2572,2289.0046,1119.0321,2295.7434,1209.8914,2287.7803,1289.975,2260.4878,1354.4178,2220.908,1399.5356,2185.2217,1432.397,2153.5847
760,760,12666,795.9626,2155.304,828.84064,2133.2073,874.3794,2108.5488,936.7134,2080.0027,1027.5868,2054.7048,1115.3025,2076.1719,1203.8136,2056.0537,1293.6521,2083.1426,1356.7924,2110.4624,1400.5804,2135.3853,1432.007,2153.735,1404.3715,2155.221,1353.7504,2158.5679,1310.2375,2156.7498,1254.9432,2156.4094,1189.9307,2158.836,1115.6395,2161.6042,1043.7849,2157.2874,978.1257,2154.131,919.85114,2156.4468,874.80835,2157.1033,825.1586,2156.25,1404.3715,2155.221,1355.6222,2156.1821,1312.5648,2156.3274,1257.0343,2157.3713,1189.7101,2162.5356,1115.9205,2164.9336,1043.1249,2160.2576,977.6454,2159.5366,919.0972,2158.6616,875.24493,2158.281,825.1586,2156.25,795.9626,2155.304,833.5176,2190.634,881.9247,2225.2,949.6903,2265.0654,1030.7657,2289.0852,1118.4758,2295.824,1209.3367,2287.867,1289.4956,2260.5703,1354.061,2221.0327,1399.234,2185.3962,1432.007,2153.735
761,761,12683,796.0385,2155.7725,828.5836,2133.4268,873.92535,2108.462,936.19086,2079.5906,1027.1313,2054.0146,1114.8315,2075.4834,1203.3167,2055.5088,1293.2803,2082.901,1356.4438,2110.4368,1400.2336,2135.399,1431.6648,2153.8423,1403.9055,2155.267,1353.2499,2158.5676,1309.7006,2156.7854,1254.4186,2156.291,1189.4202,2158.5781,1115.2013,2161.263,1043.4236,2156.9944,977.83344,2153.9673,919.6688,2156.4568,874.74786,2157.2734,825.2798,2156.6199,1403.9055,2155.267,1355.1405,2156.2588,1312.065,2156.3723,1256.5256,2157.3345,1189.2201,2162.4587,1115.5046,2164.907,1042.7998,2160.2554,977.41174,2159.5159,918.99023,2158.7588,875.2481,2158.5205,825.2798,2156.6199,796.0385,2155.7725,833.44366,2190.9263,881.7247,2225.3467,949.38666,2265.1648,1030.3901,2289.122,1118.0568,2295.8765,1208.8741,2287.8865,1289.0814,2260.6152,1353.7488,2221.1655,1398.9658,2185.573,1431.6648,2153.8423
762,762,12700,796.3586,2156.1511,828.5773,2133.5044,873.6795,2108.2227,935.7833,2079.0698,1026.7338,2053.3398,1114.4396,2074.8574,1202.9541,2055.0242,1293.0226,2082.687,1356.1582,2110.3958,1399.9266,2135.4065,1431.3966,2153.922,1403.508,2155.3037,1352.8218,2158.563,1309.2675,2156.7908,1254.023,2156.1624,1189.0453,2158.3472,1114.8702,2160.982,1043.2094,2156.7498,977.7059,2153.7878,919.66724,2156.3857,874.88544,2157.3403,825.60223,2156.8828,1403.508,2155.3037,1354.728,2156.3252,1311.6417,2156.39,1256.1069,2157.2583,1188.834,2162.3445,1115.2085,2164.8533,1042.6442,2160.236,977.35675,2159.4443,919.0562,2158.7456,875.427,2158.6284,825.60223,2156.8828,796.3586,2156.1511,833.6536,2191.1296,881.80554,2225.41,949.33887,2265.224,1030.2242,2289.1543,1117.7715,2295.9236,1208.5146,2287.905,1288.7317,2260.645,1353.4827,2221.2644,1398.7552,2185.7239,1431.3966,2153.922
763,763,12716,796.99414,2156.7441,828.9278,2133.7954,873.817,2108.191,935.7549,2078.7236,1026.6776,2052.8025,1114.3107,2074.363,1202.766,2054.6443,1292.8784,2082.514,1355.9608,2110.3875,1399.6829,2135.4675,1431.2009,2154.0483,1403.1965,2155.4226,1352.4886,2158.6104,1308.9564,2156.8665,1253.7748,2156.1326,1188.8662,2158.2427,1114.7994,2160.8447,1043.2999,2156.6567,977.9044,2153.7742,919.9772,2156.4995,875.3152,2157.602,826.20496,2157.3552,1403.1965,2155.4226,1354.4043,2156.3657,1311.3219,2156.4336,1255.823,2157.236,1188.6198,2162.276,1115.1187,2164.8186,1042.7377,2160.2246,977.5692,2159.4272,919.3856,2158.8447,875.8581,2158.8918,826.20496,2157.3552,796.99414,2156.7441,834.1918,2191.523,882.2332,2225.6047,949.6459,2265.3455,1030.3748,2289.2153,1117.724,2295.9739,1208.3365,2287.9653,1288.4906,2260.7297,1353.2703,2221.3936,1398.5946,2185.8325,1431.2009,2154.0483
764,764,12733,797.8366,2157.1575,829.49695,2133.9502,874.1987,2108.0698,935.97363,2078.3562,1026.8357,2052.3098,1114.388,2073.9158,1202.8047,2054.3118,1292.937,2082.3633,1355.9221,2110.3655,1399.5135,2135.5142,1430.9918,2154.1738,1402.9214,2155.5186,1352.2633,2158.6252,1308.8444,2156.8682,1253.7529,2156.005,1188.9343,2158.01,1114.9718,2160.5515,1043.674,2156.3765,978.37866,2153.5474,920.5159,2156.3967,875.95447,2157.66,827.00824,2157.6335,1402.9214,2155.5186,1354.1682,2156.4192,1311.1256,2156.433,1255.6973,2157.1045,1188.5891,2162.0725,1115.22,2164.6785,1043.0519,2160.2158,977.98395,2159.3232,919.8934,2158.7776,876.4483,2158.961,827.00824,2157.6335,797.8366,2157.1575,834.97943,2191.7043,882.96515,2225.586,950.3044,2265.301,1030.8671,2289.2095,1117.9263,2295.8977,1208.3389,2287.798,1288.3458,2260.5994,1353.0862,2221.4148,1398.4241,2185.95,1430.9918,2154.1738
765,765,12750,799.01764,2157.3145,830.5237,2133.991,875.0853,2107.9888,936.6626,2078.1392,1027.34,2051.9739,1114.7114,2073.5725,1202.9545,2054.032,1292.9371,2082.2366,1355.8113,2110.3386,1399.3331,2135.5315,1430.8655,2154.22,1402.6942,2155.5493,1352.0464,2158.6187,1308.7236,2156.8337,1253.7534,2155.8557,1189.1019,2157.7598,1115.3479,2160.2485,1044.2875,2156.0906,979.147,2153.313,921.38165,2156.2468,876.92285,2157.6106,828.13336,2157.7192,1402.6942,2155.5493,1353.9485,2156.4688,1310.9473,2156.4175,1255.6157,2156.9788,1188.6647,2161.8828,1115.5184,2164.5369,1043.5989,2160.2034,978.69324,2159.2297,920.7273,2158.701,877.38184,2158.961,828.13336,2157.7192,799.01764,2157.3145,836.0806,2191.751,883.978,2225.509,951.176,2265.2354,1031.5104,2289.1836,1118.2609,2295.7827,1208.4092,2287.5908,1288.2247,2260.4348,1352.9261,2221.3943,1398.3068,2186.0535,1430.8655,2154.22
766,766,12766,799.5397,2157.2031,830.9227,2133.7534,875.4273,2107.635,936.94794,2077.696,1027.5681,2051.5593,1114.7942,2073.2644,1202.9213,2053.96,1292.8353,2082.135,1355.6655,2110.2974,1399.1813,2135.523,1430.8138,2154.2915,1402.5449,2155.6045,1351.8463,2158.6096,1308.5248,2156.7935,1253.6119,2155.7078,1189.0588,2157.4812,1115.4288,2159.8708,1044.4946,2155.6648,979.4743,2152.9128,921.79596,2155.9226,877.4101,2157.3696,828.7116,2157.5615,1402.5449,2155.6045,1353.7604,2156.4885,1310.7574,2156.3289,1255.4705,2156.7651,1188.6198,2161.6025,1115.605,2164.304,1043.8262,2160.1301,979.03033,2159.1335,921.15686,2158.5493,877.8815,2158.7986,828.7116,2157.5615,799.5397,2157.2031,836.4437,2191.6926,884.23785,2225.457,951.37946,2265.199,1031.6661,2289.1802,1118.3367,2295.741,1208.3928,2287.4856,1288.1113,2260.3254,1352.7966,2221.36,1398.2294,2186.129,1430.8138,2154.2915
767,767,12783,800.10626,2157.0989,831.2468,2133.4536,875.62933,2107.1926,937.0969,2077.204,1027.7295,2051.203,1114.9392,2073.0664,1203.0337,2053.7993,1292.9836,2081.9238,1355.7633,2110.2346,1399.143,2135.522,1430.641,2154.3638,1402.3698,2155.6296,1351.7382,2158.602,1308.5125,2156.7603,1253.674,2155.5903,1189.1777,2157.236,1115.6278,2159.503,1044.7524,2155.197,979.78406,2152.4175,922.2006,2155.4805,877.9242,2157.0295,829.33093,2157.364,1402.3698,2155.6296,1353.6404,2156.515,1310.6848,2156.2244,1255.4769,2156.4692,1188.7118,2161.1707,1115.7926,2163.8762,1044.0836,2159.8862,979.3529,2159.0894,921.58154,2158.3384,878.39246,2158.5461,829.33093,2157.364,800.10626,2157.0989,836.8537,2191.5342,884.5349,2225.2993,951.6134,2265.1384,1031.894,2289.0872,1118.5563,2295.537,1208.532,2287.2327,1288.143,2260.1526,1352.7301,2221.3306,1398.0967,2186.2058,1430.641,2154.3638
768,768,12800,800.9731,2156.8447,831.8627,2133.0947,876.0837,2106.7507,937.44336,2076.7566,1028.0504,2051.0127,1115.1727,2072.9595,1203.1677,2053.3032,1293.0634,2081.5095,1355.7456,2110.0916,1399.0339,2135.5027,1430.6152,2154.4026,1402.2588,2155.6758,1351.5972,2158.573,1308.4421,2156.7366,1253.7043,2155.523,1189.3354,2157.0493,1115.9377,2159.2012,1045.1692,2154.8025,980.2698,2151.993,922.78217,2155.0767,878.61584,2156.671,830.1862,2157.0737,1402.2588,2155.6758,1353.5001,2156.512,1310.5731,2156.0596,1255.4441,2156.0876,1188.8003,2160.6162,1116.0441,2163.2917,1044.4674,2159.4739,979.82806,2158.9802,922.1591,2158.1458,879.0619,2158.266,830.1862,2157.0737,800.9731,2156.8447,837.6419,2191.2473,885.22906,2225.0962,952.1997,2265.0127,1032.3512,2288.7356,1118.852,2295.0457,1208.6412,2286.7126,1288.1034,2259.7625,1352.6307,2221.1667,1398.035,2186.2559,1430.6152,2154.4026
769,769,12816,802.12915,2156.551,832.7565,2132.712,876.788,2106.3337,938.0053,2076.4158,1028.5045,2050.9192,1115.4924,2072.5464,1203.3463,2052.5044,1293.1226,2080.7266,1355.7094,2109.5972,1398.9415,2135.2278,1430.5304,2154.468,1402.1859,2155.6511,1351.4792,2158.237,1308.3746,2156.3691,1253.7479,2155.1636,1189.517,2156.8489,1116.2754,2159.1353,1045.6688,2154.5288,980.9058,2151.6033,923.57935,2154.6616,879.55133,2156.2861,831.29517,2156.7488,1402.1859,2155.6511,1353.3854,2156.2302,1310.4843,2155.534,1255.4558,2155.3523,1188.9635,2159.779,1116.3744,2162.4893,1044.9677,2158.8691,980.4716,2158.6946,922.9589,2158.0288,879.99384,2157.9941,831.29517,2156.7488,802.12915,2156.551,838.6516,2190.954,886.0901,2224.9639,952.9096,2264.6704,1032.8961,2288.059,1119.1987,2294.1504,1208.7888,2285.6943,1288.0806,2258.8308,1352.5498,2220.519,1398.0135,2186.0154,1430.5304,2154.468
770,770,12833,802.6183,2156.2107,833.09863,2132.3118,877.0761,2105.954,938.2834,2076.256,1028.8662,2050.3174,1115.8577,2071.6248,1203.689,2051.174,1293.4562,2079.5999,1355.93,2108.9644,1398.9656,2134.9536,1430.3894,2154.5464,1402.0544,2155.652,1351.4427,2157.9502,1308.4723,2155.9963,1253.9647,2154.719,1189.8352,2156.4895,1116.6687,2158.9622,1046.0831,2154.3816,981.32916,2151.2908,924.0388,2154.2874,880.0611,2155.9143,831.8657,2156.3987,1402.0544,2155.652,1353.3384,2155.9937,1310.5358,2155.0623,1255.6454,2154.674,1189.2926,2158.9595,1116.8323,2161.6206,1045.4744,2158.1348,980.99744,2158.23,923.5038,2157.9866,880.5575,2157.7473,831.8657,2156.3987,802.6183,2156.2107,839.1076,2190.6777,886.55023,2224.8398,953.3985,2264.462,1033.4022,2287.738,1119.6965,2293.7656,1209.1897,2285.2847,1288.3057,2258.4495,1352.5823,2220.2317,1397.9133,2185.9197,1430.3894,2154.5464
771,771,12850,803.5044,2155.921,833.7648,2131.9646,877.618,2105.674,938.7027,2076.1082,1029.1978,2049.3416,1116.0227,2070.2725,1203.7129,2049.543,1293.3959,2078.2275,1355.8359,2108.1196,1398.9176,2134.5208,1429.8516,2154.5598,1401.6637,2155.5466,1351.3508,2157.4465,1308.363,2155.3381,1253.851,2153.884,1189.8092,2155.666,1116.7932,2158.3257,1046.3915,2154.0974,981.8189,2151.1824,924.7075,2154.0154,880.85175,2155.596,832.7988,2156.0889,1401.6637,2155.5466,1353.2311,2155.5527,1310.4685,2154.3489,1255.5593,2153.7354,1189.3044,2157.8862,1117.0005,2160.5376,1045.8422,2157.2104,981.548,2157.5972,924.2181,2157.8127,881.3914,2157.5647,832.7988,2156.0889,803.5044,2155.921,839.7897,2190.4365,887.0963,2224.7756,953.8207,2264.1162,1033.6938,2287.1868,1119.8489,2293.0872,1209.227,2284.5237,1288.248,2257.735,1352.5637,2219.6853,1397.6595,2185.6555,1429.8516,2154.5598
772,772,12866,803.854,2155.661,833.9435,2131.6875,877.7075,2105.5342,938.74493,2075.698,1029.2595,2048.0908,1116.0554,2068.7217,1203.7133,2047.7903,1293.3934,2076.7478,1355.7891,2107.1218,1398.861,2133.9348,1429.6794,2154.465,1401.5707,2155.328,1351.3015,2156.848,1308.2686,2154.6138,1253.7793,2153.0176,1189.775,2154.823,1116.8153,2157.6191,1046.4712,2153.713,981.94635,2151.1116,924.9187,2153.838,881.1438,2155.3533,833.178,2155.8286,1401.5707,2155.328,1353.1913,2155.0396,1310.3926,2153.6165,1255.5023,2152.8271,1189.305,2156.8667,1117.0747,2159.491,1045.9849,2156.3096,981.7557,2156.9436,924.4909,2157.5693,881.7224,2157.447,833.178,2155.8286,803.854,2155.661,839.9979,2190.2417,887.2177,2224.7454,953.8917,2263.8098,1033.7484,2286.7344,1119.8888,2292.5225,1209.2484,2283.9167,1288.2205,2257.145,1352.5083,2219.1667,1397.61,2185.312,1429.6794,2154.465
773,773,12883,804.31287,2155.4114,834.144,2131.458,877.73566,2105.4888,938.6611,2075.073,1029.1198,2046.6985,1115.8798,2067.1074,1203.5504,2046.1027,1293.2812,2075.4211,1355.7555,2106.2732,1398.5018,2133.4702,1428.6616,2154.4182,1400.7272,2155.156,1350.8547,2156.277,1308.1428,2153.851,1253.6909,2152.034,1189.6184,2153.7888,1116.6405,2156.676,1046.3666,2153.0498,981.9461,2150.7832,925.0595,2153.8013,881.4353,2155.185,833.6353,2155.5938,1400.7272,2155.156,1352.7125,2154.535,1310.1808,2152.8557,1255.467,2151.8613,1189.1954,2155.7847,1116.9641,2158.3757,1045.9474,2155.2607,981.8236,2156.0789,924.6895,2157.107,882.04266,2157.394,833.6353,2155.5938,804.31287,2155.4114,840.28705,2190.1013,887.3595,2224.4917,953.89746,2263.1914,1033.668,2285.9937,1119.765,2291.7056,1209.1443,2283.074,1288.203,2256.347,1352.2046,2218.5237,1396.9084,2184.9631,1428.6616,2154.4182
774,774,12900,804.7394,2155.2363,834.3176,2131.395,877.7443,2105.0437,938.57056,2074.0781,1028.9762,2045.2601,1115.7139,2065.6113,1203.4071,2044.7118,1293.1838,2074.3652,1355.7341,2105.5989,1398.2694,2133.109,1427.9667,2154.4028,1400.149,2155.043,1350.5542,2155.8447,1308.0631,2153.2554,1253.6089,2151.228,1189.4838,2152.855,1116.4823,2155.7134,1046.266,2152.2305,981.93823,2150.1816,925.1851,2153.4592,881.69684,2155.0466,834.04584,2155.5012,1400.149,2155.043,1352.3999,2154.1802,1310.0519,2152.3318,1255.4196,2151.1848,1189.1014,2154.9712,1116.8638,2157.4514,1045.908,2154.286,981.8798,2155.1335,924.86865,2156.4094,882.329,2157.059,834.04584,2155.5012,804.7394,2155.2363,840.5717,2189.9949,887.5254,2223.9746,953.93896,2262.372,1033.6074,2285.1392,1119.6476,2290.8875,1209.0525,2282.3215,1288.1885,2255.7305,1351.9932,2218.08,1396.4313,2184.738,1427.9667,2154.4028
775,775,12916,804.6406,2155.1313,834.15796,2130.8613,877.5991,2103.8433,938.4585,2072.1538,1028.8381,2043.0055,1115.615,2063.4226,1203.341,2042.8025,1293.13,2073.0078,1355.7024,2104.7954,1398.1051,2132.7393,1427.4695,2154.399,1399.6195,2154.9414,1350.1511,2155.4116,1307.8069,2152.5557,1253.5052,2150.1152,1189.4625,2151.3804,1116.3822,2154.0425,1046.1023,2150.6113,981.76154,2148.8198,925.03784,2152.525,881.5891,2154.485,833.99023,2155.241,1399.6195,2154.9414,1351.9958,2153.8298,1309.8029,2151.8333,1255.3159,2150.572,1189.0823,2154.2373,1116.7812,2156.583,1045.7731,2153.3176,981.7421,2154.09,924.7592,2155.4453,882.2574,2156.3625,833.99023,2155.241,804.6406,2155.1313,840.41986,2189.7083,887.354,2223.4893,953.7589,2261.8376,1033.4543,2284.703,1119.5638,2290.531,1209.0204,2282.0366,1288.1306,2255.4988,1351.8334,2217.888,1396.1168,2184.6174,1427.4695,2154.399
776,776,12933,804.52936,2153.0947,834.0945,2128.3005,877.3838,2100.8044,938.1552,2069.009,1028.571,2040.496,1115.3351,2061.304,1203.1897,2041.4257,1293.0709,2072.196,1355.6255,2104.3796,1397.9802,2132.6104,1427.1401,2154.4246,1399.1782,2154.9421,1349.7362,2155.148,1307.4152,2151.9368,1253.2173,2148.8655,1189.1675,2149.3909,1116.0388,2151.4167,1045.882,2147.57,981.65454,2145.6545,924.9648,2149.6475,881.4739,2152.0273,833.89014,2153.081,1399.1782,2154.9421,1351.5582,2153.6567,1309.4672,2151.5447,1255.0609,2150.1565,1188.8474,2153.598,1116.511,2155.6003,1045.6099,2151.984,981.6778,2152.3054,924.6953,2153.2363,882.16437,2154.004,833.89014,2153.081,804.52936,2153.0947,840.39594,2187.809,887.20215,2221.8237,953.48224,2260.582,1033.0884,2283.8318,1119.0824,2289.9646,1208.6802,2281.742,1287.8973,2255.3909,1351.6411,2217.854,1395.8837,2184.6194,1427.1401,2154.4246
777,777,12950,804.2423,2149.2822,832.7417,2123.7324,875.16644,2095.6677,935.4369,2064.0586,1025.7937,2037.0474,1112.8253,2058.8276,1201.5874,2040.2145,1292.4252,2071.8608,1355.3075,2104.36,1397.8761,2132.7405,1427.0168,2155.2656,1398.8126,2155.3572,1349.114,2155.1587,1306.4332,2151.7698,1251.9899,2147.9421,1187.3716,2147.2734,1113.5865,2148.081,1043.743,2143.2126,979.96765,2140.7007,924.0287,2144.8447,881.03,2147.7578,833.7584,2149.1904,1398.8126,2155.3572,1350.9412,2153.6792,1308.6775,2151.5562,1253.9928,2150.076,1187.3156,2153.27,1114.3599,2154.8167,1043.7311,2150.6387,980.3161,2150.16,923.96356,2150.1655,881.8323,2150.3147,833.7584,2149.1904,804.2423,2149.2822,839.5494,2184.526,885.7568,2219.2183,951.3555,2258.843,1030.5602,2282.7983,1116.3604,2289.4631,1206.9001,2281.6404,1286.9629,2255.4402,1351.2556,2217.9675,1395.7109,2185.0127,1427.0168,2155.2656
778,778,12966,803.5849,2139.194,830.38324,2113.4358,871.6298,2085.662,931.261,2055.5847,1021.1251,2031.945,1108.3998,2055.7222,1198.577,2039.076,1291.0249,2071.7454,1354.718,2104.4321,1397.8228,2133.4817,1426.9752,2157.3992,1398.592,2156.6711,1348.4962,2155.3572,1305.0905,2151.6426,1249.976,2146.5679,1184.2472,2143.7695,1109.166,2142.3677,1039.7032,2135.1973,976.61646,2131.0188,921.95087,2134.694,879.9088,2137.8916,833.39813,2139.4265,1398.592,2156.6711,1350.3813,2154.066,1307.7631,2151.6375,1252.393,2150.1028,1184.6268,2153.043,1110.4083,2153.8528,1040.0873,2148.4758,977.56647,2146.1863,922.3691,2143.9878,881.04706,2142.2375,833.39813,2139.4265,803.5849,2139.194,837.8511,2176.3958,882.9618,2213.503,947.1919,2255.483,1025.6691,2281.1208,1111.374,2288.8708,1203.7648,2281.6533,1285.6149,2255.6892,1350.9404,2218.9136,1395.6962,2186.5173,1426.9752,2157.3992
779,779,12983,803.0574,2125.2896,827.237,2098.9976,866.83386,2071.446,925.5899,2043.4968,1013.7262,2024.6746,1100.9514,2050.7847,1192.5413,2037.3434,1287.5118,2071.4587,1353.6552,2104.4487,1397.8052,2134.2727,1427.7151,2159.9548,1398.5765,2158.1824,1348.3223,2155.3757,1303.5039,2150.0476,1246.95,2140.5327,1179.402,2132.63,1102.4731,2127.562,1033.2972,2117.1877,971.49835,2112.0342,919.18085,2117.0295,878.7317,2122.4255,833.3618,2125.5535,1398.5765,2158.1824,1350.2483,2155.001,1307.1978,2152.4883,1250.866,2150.7646,1181.5526,2153.2192,1105.5873,2153.8296,1035.0045,2147.4084,973.9075,2142.5146,920.70685,2136.5417,880.5689,2131.3809,833.3618,2125.5535,803.0574,2125.2896,835.35333,2165.4297,878.43475,2206.5037,940.5383,2252.0486,1018.75305,2280.0762,1105.8401,2288.8604,1201.248,2282.2156,1285.3604,2258.107,1351.1837,2222.3042,1396.5894,2189.3796,1427.7151,2159.9548
780,780,13000,800.1828,2107.1226,817.13025,2077.4197,852.13525,2048.0771,909.0465,2020.9028,995.52747,2007.1166,1084.018,2035.6652,1179.3334,2028.5166,1280.1703,2067.0269,1351.3342,2102.894,1397.776,2134.2861,1428.7689,2162.3337,1398.5854,2159.8733,1348.121,2154.8076,1299.9896,2143.6,1240.0342,2126.521,1168.0798,2112.0408,1086.3424,2102.5696,1016.36346,2089.483,956.3079,2083.9246,908.31067,2091.1887,871.6915,2100.551,832.1956,2108.2961,1398.5854,2159.8733,1350.1323,2161.6035,1306.4342,2163.5957,1248.1562,2165.5618,1175.4476,2168.3809,1095.0505,2165.5405,1022.68134,2154.4111,963.53723,2143.884,914.0918,2136.143,877.13153,2125.2063,832.1956,2108.2961,800.1828,2107.1226,827.7123,2156.0063,866.4235,2204.2336,924.7767,2252.127,1002.84564,2284.2551,1093.9967,2298.0244,1196.1029,2295.4534,1284.9464,2273.1135,1351.9674,2234.866,1398.441,2196.5327,1428.7689,2162.3337
781,781,13016,795.96606,2089.891,808.4157,2055.9307,842.1621,2024.4114,899.8492,1996.3213,988.79535,1983.851,1079.901,2013.3577,1177.1016,2010.1907,1279.4431,2053.8965,1351.3217,2095.3462,1398.6733,2132.6753,1430.6937,2163.4412,1399.3507,2160.675,1349.1576,2150.1382,1299.9023,2130.1475,1239.3594,2107.3167,1166.2599,2089.4836,1082.4641,2078.157,1009.52075,2063.7832,947.3201,2057.4832,899.29803,2065.6533,862.8449,2078.1077,829.5194,2092.2563,1399.3507,2160.675,1352.4062,2175.1655,1310.1211,2187.5146,1251.7646,2196.4534,1177.78,2200.6755,1095.3096,2194.8662,1023.3727,2177.8066,962.7509,2157.7942,912.0174,2137.575,874.44794,2124.0947,829.5194,2092.2563,795.96606,2089.891,823.2312,2150.317,863.318,2204.666,923.522,2260.0376,1003.91833,2304.594,1094.2367,2326.7605,1200.5309,2328.2505,1293.9949,2305.0808,1363.4332,2258.697,1406.4451,2208.0205,1430.6937,2163.4412
782,782,13033,795.8921,2073.3486,808.81256,2039.1927,843.7271,2008.825,902.4299,1981.6667,991.9014,1968.5085,1080.1681,1995.9678,1180.9349,1991.7716,1284.1682,2033.6735,1355.5483,2077.064,1402.16,2120.2007,1432.0419,2159.9949,1400.4028,2157.1565,1353.5914,2134.4097,1302.8044,2109.371,1242.763,2086.738,1169.036,2071.5217,1082.9094,2062.3828,1012.1448,2048.7288,949.023,2041.8109,899.5035,2048.8389,861.59924,2060.6968,829.5136,2076.68,1400.4028,2157.1565,1357.9171,2180.0786,1320.7488,2201.2078,1267.0883,2216.722,1196.3009,2223.7056,1115.0269,2217.6882,1033.1438,2198.0059,967.30536,2172.369,913.67194,2141.1145,874.8346,2122.8655,829.5136,2076.68,795.8921,2073.3486,823.6022,2144.5664,863.8872,2205.0867,924.0776,2270.2275,1010.38617,2323.6626,1113.3755,2349.5024,1221.2404,2351.0469,1313.6564,2324.1272,1378.8911,2269.7888,1414.9648,2210.0242,1432.0419,2159.9949
783,783,13050,797.71216,2064.6497,809.10803,2029.6252,845.15283,1999.531,903.48846,1972.3279,995.0552,1957.4432,1090.7985,1982.3318,1193.6401,1976.0973,1295.2549,2014.435,1364.4224,2057.283,1408.6818,2102.5994,1435.0851,2149.3901,1403.1726,2147.281,1360.4484,2116.1208,1309.2803,2089.884,1251.1637,2069.0432,1178.7485,2056.6458,1092.2214,2049.837,1014.4914,2037.5997,949.8151,2031.273,899.9429,2038.4122,862.0654,2050.575,832.1984,2068.3357,1403.1726,2147.281,1365.669,2181.2744,1333.127,2209.0935,1284.2379,2230.9565,1217.4143,2241.947,1138.4178,2237.3855,1050.505,2216.8389,980.0603,2187.8225,922.3067,2148.1978,880.28687,2123.2185,832.1984,2068.3357,797.71216,2064.6497,826.5001,2142.376,869.1521,2206.209,932.965,2283.251,1025.5521,2342.2275,1137.0947,2369.1145,1244.5148,2368.5193,1334.1387,2336.5432,1394.4701,2274.828,1424.8223,2209.1008,1435.0851,2149.3901
784,784,13066,800.68634,2054.9927,810.5349,2017.8602,845.7398,1987.0443,905.35425,1959.4652,1002.16815,1943.3633,1104.9437,1965.2053,1208.6244,1956.6007,1308.0006,1989.6348,1375.0114,2029.84,1417.0819,2074.6777,1440.7417,2125.1846,1409.1575,2124.6602,1370.398,2087.4133,1319.5331,2060.904,1262.9772,2042.2472,1191.43,2033.4318,1105.0419,2029.6648,1020.4613,2019.2283,951.0895,2014.0283,900.5725,2022.4232,862.2026,2036.8119,835.52057,2058.6672,1409.1575,2124.6602,1377.53,2179.799,1349.3967,2210.3804,1304.9884,2239.0984,1241.2041,2255.349,1162.9257,2253.4124,1070.6819,2232.813,996.2102,2201.1807,933.8747,2155.6643,887.676,2123.4011,835.52057,2058.6672,800.68634,2054.9927,832.3806,2139.7878,879.35406,2208.0571,948.1323,2294.2783,1045.88,2356.7166,1162.6306,2383.2622,1269.9518,2379.3757,1356.5422,2341.3628,1411.5721,2272.766,1436.606,2205.46,1440.7417,2125.1846
785,785,13083,802.338,2045.2054,811.2851,2006.9429,846.0869,1976.1538,907.3453,1949.1348,1008.2982,1933.0779,1115.1864,1952.701,1219.3053,1942.1835,1317.0278,1970.3453,1382.7738,2007.3759,1423.5116,2050.3562,1445.5367,2100.8943,1414.6647,2101.7527,1378.4435,2063.312,1327.9786,2038.0181,1272.1663,2021.7753,1200.7961,2016.0745,1114.2527,2014.7618,1024.9683,2005.5696,951.3712,2000.6847,901.04987,2009.3113,862.68494,2024.729,837.0221,2048.968,1414.6647,2101.7527,1386.6128,2176.9006,1360.4855,2208.0344,1318.1091,2241.0032,1255.3741,2260.8232,1176.6956,2261.0186,1083.0288,2240.9263,1006.5936,2208.272,941.42584,2160.218,892.30524,2122.4692,837.0221,2048.968,802.338,2045.2054,836.6754,2135.8848,887.0476,2209.152,958.99646,2300.5923,1058.709,2364.096,1176.7301,2389.5312,1284.1965,2382.8123,1369.0349,2340.5583,1421.2845,2268.4883,1444.0432,2193.4268,1445.5367,2100.8943
786,786,13100,803.0069,2039.238,811.57495,1999.3027,846.81,1967.4437,908.5722,1939.7303,1013.6968,1922.9459,1123.5942,1941.157,1228.4717,1929.3828,1326.6586,1955.2386,1392.2903,1991.413,1432.2195,2034.3674,1452.911,2085.4592,1422.1681,2087.1116,1387.0527,2048.217,1336.8641,2023.2761,1281.0114,2007.9948,1209.1051,2003.7595,1122.0472,2003.6313,1029.3049,1995.3923,951.6452,1991.0447,901.6685,2000.3749,863.0076,2016.9001,837.78125,2043.0016,1422.1681,2087.1116,1396.2957,2171.5298,1370.9773,2205.9019,1329.324,2242.092,1266.41,2264.45,1186.4958,2266.0554,1091.1786,2246.018,1013.28754,2212.4944,946.2771,2163.1733,895.2296,2121.366,837.78125,2043.0016,803.0069,2039.238,839.02747,2133.0222,891.679,2210.3994,965.8718,2305.8984,1067.2302,2370.8235,1187.0442,2395.8958,1295.9965,2387.2603,1381.032,2341.456,1432.1991,2265.4287,1453.5106,2182.1855,1452.911,2085.4592
787,787,13116,803.30664,2034.4869,812.02655,1993.5525,847.6599,1960.8348,909.5197,1932.5107,1018.38904,1915.0973,1130.4949,1932.6523,1236.3569,1919.8613,1335.3359,1944.1752,1400.4158,1979.7317,1439.0282,2022.4747,1458.3275,2073.353,1427.3931,2075.6782,1392.4407,2037.7075,1343.486,2013.6493,1287.971,1999.512,1215.675,1996.6086,1128.154,1997.259,1033.2621,1989.7234,952.2495,1985.6193,902.16174,1995.0925,863.25946,2011.8956,838.2218,2038.4523,1427.3931,2075.6782,1401.4869,2162.4753,1376.0643,2202.6306,1334.8123,2239.3567,1271.6198,2263.933,1190.2269,2267.357,1094.2845,2247.5251,1016.0873,2213.3696,948.7314,2163.9265,897.0325,2119.3674,838.2218,2038.4523,803.30664,2034.4869,840.1316,2129.9414,893.48456,2210.9841,968.18396,2309.2314,1069.9639,2375.5671,1190.6112,2400.1003,1301.2372,2389.084,1386.5251,2339.5637,1437.0989,2263.2825,1458.3776,2170.2173,1458.3275,2073.353
788,788,13133,803.2757,2030.9763,812.59937,1989.4084,848.74164,1956.0503,909.6028,1927.0951,1021.50354,1908.8071,1135.0364,1925.5142,1241.6378,1911.2739,1341.3605,1933.662,1406.184,1968.2465,1443.9935,2010.4509,1462.4553,2060.7754,1431.4608,2063.9277,1396.4023,2027.3126,1348.4084,2004.5393,1293.1099,1992.0034,1220.3956,1990.9554,1132.4392,1992.9103,1036.1375,1986.2267,952.3804,1982.3309,902.75616,1991.747,863.1831,2008.4857,838.156,2035.1338,1431.4608,2063.9277,1404.7119,2151.2915,1378.6124,2200.0886,1337.1857,2236.0662,1273.6251,2262.7483,1191.0947,2268.0776,1094.9065,2248.8286,1016.6843,2214.2485,949.3587,2164.4744,897.4831,2117.6394,838.156,2035.1338,803.2757,2030.9763,840.3728,2127.7156,893.8955,2211.712,968.59796,2312.4517,1070.4205,2379.7612,1191.7137,2403.261,1303.4948,2389.8804,1388.8564,2336.9993,1439.1205,2262.1833,1460.9866,2157.775,1462.4553,2060.7754
789,789,13150,803.2453,2030.4197,813.0559,1988.6204,849.59937,1954.7694,909.946,1925.1116,1024.3087,1905.754,1138.6329,1921.8821,1245.5005,1906.6725,1345.8042,1928.2853,1410.7075,1962.459,1448.397,2004.2736,1466.6672,2053.9155,1435.5228,2057.3625,1399.829,2022.1951,1352.2004,2000.4497,1296.8673,1988.8662,1223.9904,1988.6912,1135.9922,1991.2717,1039.0559,1985.3185,953.17365,1981.8468,903.18896,1991.3972,863.21295,2008.0234,838.08746,2034.4103,1435.5228,2057.3625,1408.0244,2142.4902,1381.2555,2199.2742,1339.4164,2232.4663,1275.4131,2259.879,1192.0742,2266.2158,1095.424,2247.691,1017.03955,2213.6252,949.64874,2164.5496,897.69226,2116.3926,838.08746,2034.4103,803.2453,2030.4197,840.4977,2126.562,894.15576,2212.0762,969.02826,2312.8782,1071.1832,2379.359,1193.0746,2401.8481,1305.4543,2387.3987,1391.0498,2333.6062,1441.5432,2258.0098,1464.0266,2149.2788,1466.6672,2053.9155
790,790,13166,803.21924,2032.0562,813.3523,1989.2168,850.28033,1953.982,910.1745,1922.9551,1026.1938,1902.504,1140.803,1918.1788,1247.9885,1902.7246,1349.2582,1924.5946,1414.5071,1959.7734,1451.8469,2002.7223,1469.462,2053.2253,1438.1189,2056.5583,1402.515,2020.9886,1355.2004,1998.6124,1299.6995,1986.5471,1226.4629,1986.3057,1138.2999,1988.9674,1041.1454,1983.5408,953.761,1980.769,903.56177,1991.1885,863.20166,2008.716,838.0462,2035.8529,1438.1189,2056.5583,1410.5297,2138.83,1383.5841,2198.2441,1341.5378,2230.7727,1277.1964,2258.4849,1193.5056,2265.0728,1096.3733,2247.044,1017.53894,2213.5828,949.8902,2164.9658,897.81866,2116.3362,838.0462,2035.8529,803.21924,2032.0562,840.5667,2127.0789,894.355,2212.8506,969.58496,2313.642,1072.2856,2379.471,1194.8021,2401.3894,1307.4784,2386.6753,1393.3274,2332.2375,1444.0042,2255.8867,1466.5524,2146.7756,1469.462,2053.2253
791,791,13183,803.21985,2032.4843,813.6601,1989.3572,850.8107,1953.7479,910.7786,1922.1753,1028.1831,1900.9662,1142.7657,1916.3334,1249.8484,1900.9136,1351.092,1923.1865,1416.1757,1958.6929,1453.3428,2001.8129,1470.8412,2052.3025,1439.5535,2055.5034,1403.8055,2019.9541,1356.7579,1997.4431,1301.4084,1985.145,1228.2739,1984.7401,1140.2534,1987.4022,1043.2145,1982.2964,954.94275,1979.9856,903.76196,1990.8378,863.30896,2008.6848,838.0864,2036.1381,1439.5535,2055.5034,1411.4961,2135.756,1384.3557,2197.987,1342.2388,2228.6619,1278.0112,2256.0576,1194.5242,2262.5872,1097.4263,2245.0942,1018.3798,2212.4912,950.4774,2164.9128,898.2121,2115.9644,838.0864,2036.1381,803.21985,2032.4843,840.8559,2126.9875,894.9557,2213.073,970.6099,2312.6448,1073.5525,2377.1343,1195.8728,2398.4775,1308.0073,2383.9104,1393.543,2330.0996,1444.3171,2252.4827,1467.2175,2144.5496,1470.8412,2052.3025
792,792,13200,803.2114,2032.6193,813.91986,1989.0925,851.2621,1953.2708,911.2388,1921.5752,1029.3514,1900.403,1143.592,1915.7847,1250.6145,1900.3906,1351.7288,1922.7484,1416.7018,1958.4666,1453.799,2001.8928,1471.2732,2052.7622,1440.0421,2055.8145,1404.3337,2019.8009,1357.435,1996.9027,1302.1526,1984.3293,1229.0737,1983.8083,1141.12,1986.4604,1044.469,1981.385,955.7081,1979.1143,904.00183,1990.1377,863.36774,2008.301,838.09924,2036.2307,1440.0421,2055.8145,1411.8966,2134.4993,1384.62,2197.618,1342.3463,2227.6008,1278.0884,2254.9314,1194.6735,2261.3843,1097.8279,2244.154,1018.7476,2211.9675,950.7322,2164.9373,898.37897,2115.7793,838.09924,2036.2307,803.2114,2032.6193,840.9841,2127.038,895.2118,2213.3838,971.06757,2312.3132,1073.9976,2376.1775,1196.047,2397.2375,1308.0127,2382.687,1393.5675,2328.9731,1444.441,2250.3914,1467.4349,2144.053,1471.2732,2052.7622
793,793,13216,803.2298,2034.0718,814.1239,1990.1058,851.6592,1953.455,911.3821,1920.8196,1030.1055,1898.8284,1144.0006,1914.1046,1250.895,1898.71,1352.3767,1921.7924,1417.4003,1958.4375,1454.2284,2002.7477,1471.3268,2054.0925,1439.9746,2057.037,1404.3119,2021.0533,1357.6327,1997.8475,1302.4817,1984.9379,1229.471,1984.1554,1141.6674,1986.6488,1045.403,1981.7405,956.449,1979.8146,904.1361,1991.2047,863.46063,2009.6384,838.2194,2037.6149,1439.9746,2057.037,1411.4968,2134.123,1383.9868,2197.2085,1341.5944,2226.8667,1277.3286,2254.0422,1194.1465,2260.371,1097.5454,2243.2954,1018.64886,2211.5396,950.82385,2165.0325,898.5563,2115.9536,838.2194,2037.6149,803.2298,2034.0718,841.1166,2127.6013,895.3371,2213.7776,971.1458,2312.2231,1073.801,2375.9363,1195.5657,2396.9924,1307.2747,2382.517,1392.8485,2328.6492,1443.972,2249.3936,1467.1959,2144.5583,1471.3268,2054.0925
794,794,13233,803.2203,2034.026,814.3101,1990.239,852.00146,1953.7495,911.49475,1921.1588,1030.4514,1899.0391,1143.8287,1914.6052,1250.3975,1899.3235,1351.6886,1922.8887,1416.6598,1959.583,1453.6497,2003.6852,1470.964,2054.647,1439.5765,2057.398,1403.7048,2021.6439,1357.0607,1998.3682,1301.9738,1985.1844,1229.1674,1984.0806,1141.6115,1986.4215,1045.9138,1981.4016,956.9892,1979.6173,904.27905,1991.1436,863.5337,2009.5754,838.2228,2037.4658,1439.5765,2057.398,1410.2848,2133.5095,1382.2579,2196.4824,1339.4553,2225.5706,1275.255,2251.9666,1192.5686,2257.8777,1096.7712,2241.0752,1018.32196,2210.1448,950.7432,2164.8208,898.61664,2115.608,838.2228,2037.4658,803.2203,2034.026,841.1936,2127.4175,895.3689,2213.806,971.0012,2310.96,1073.0906,2373.6167,1193.911,2394.4287,1305.0013,2380.4446,1390.4462,2327.5195,1442.0786,2247.6675,1466.0084,2144.5007,1470.964,2054.647
795,795,13250,803.2528,2034.2681,814.4686,1990.1482,852.29095,1953.3932,911.5773,1920.616,1030.7405,1898.4319,1143.8008,1913.625,1250.1671,1898.3853,1351.2709,1921.6981,1416.1558,1958.3975,1453.0962,2002.6714,1470.3657,2054.0066,1438.9591,2056.7651,1403.1614,2020.3907,1356.6036,1996.7003,1301.6263,1983.2823,1228.9866,1982.1447,1141.6302,1984.6079,1046.3121,1979.8219,957.4657,1978.3165,904.3995,1990.2223,863.6004,2009.1208,838.32623,2037.5887,1438.9591,2056.7651,1409.5464,2133.0852,1381.5334,2196.3015,1338.8683,2225.0686,1274.9015,2251.4744,1192.484,2257.3472,1096.8378,2240.6677,1018.49945,2209.849,950.9629,2164.7764,898.82965,2115.6301,838.32623,2037.5887,803.2528,2034.2681,841.3754,2127.5493,895.6346,2213.8857,971.3002,2310.335,1073.2478,2372.5583,1193.9113,2393.261,1304.7083,2379.3281,1389.8536,2326.7615,1441.3131,2246.2222,1465.2485,2144.1016,1470.3657,2054.0066
796,796,13266,803.2105,2034.4982,814.51996,1990.1775,852.48773,1953.1716,912.0336,1920.0742,1030.7515,1897.5598,1143.4557,1912.8434,1249.6937,1897.7289,1350.8497,1921.5734,1415.8036,1958.7554,1452.8029,2003.3652,1470.0918,2054.8438,1438.7106,2057.4397,1402.9026,2020.8861,1356.3278,1996.9456,1301.2983,1983.2054,1228.6405,1981.7954,1141.3604,1984.067,1046.4,1979.2513,957.60144,1977.8639,904.63403,1989.9602,863.5052,2009.0374,838.301,2037.7378,1438.7106,2057.4397,1408.9868,2133.1206,1380.7574,2196.2224,1337.8635,2224.6233,1273.7642,2250.8755,1191.3997,2256.619,1096.048,2239.9976,1017.93134,2209.3774,950.5907,2164.6782,898.6393,2115.5984,838.301,2037.7378,803.2105,2034.4982,841.347,2127.6335,895.51245,2213.9229,971.0081,2309.838,1072.585,2371.8628,1192.815,2392.5525,1303.4614,2378.7334,1388.674,2326.314,1440.3835,2245.4258,1464.6196,2144.4832,1470.0918,2054.8438
797,797,13283,803.2616,2034.8215,814.6338,1990.4464,852.6926,1953.2346,912.4026,1919.8855,1030.7539,1897.2734,1143.1217,1912.7311,1249.2478,1897.7747,1350.4412,1922.0299,1415.4282,1959.6279,1452.3994,2004.5533,1469.6194,2056.1003,1438.1636,2058.4849,1402.2585,2021.9973,1355.6874,1997.8842,1300.7017,1983.867,1228.1581,1982.1711,1141.0691,1984.2437,1046.5327,1979.3179,957.9133,1977.9631,904.67255,1990.185,863.5499,2009.3345,838.46136,2037.9686,1438.1636,2058.4849,1408.2429,2133.224,1379.8756,2195.937,1336.8712,2224.053,1272.7925,2249.9023,1190.6814,2255.3994,1095.6827,2238.871,1017.79767,2208.636,950.6404,2164.555,898.80255,2115.4392,838.46136,2037.9686,803.2616,2034.8215,841.42975,2127.6504,895.5001,2213.9543,970.8385,2309.2124,1072.1143,2370.861,1191.9592,2391.4868,1302.3993,2377.9285,1387.6627,2325.874,1439.5985,2244.8113,1464.0167,2145.0508,1469.6194,2056.1003
798,798,13300,803.26245,2033.4563,814.732,1989.291,852.8628,1952.433,912.5019,1919.5072,1030.8636,1897.305,1143.0873,1912.9766,1249.1361,1898.1171,1350.155,1922.2812,1415.0581,1959.6549,1452.0282,2004.3949,1469.3204,2055.821,1437.8088,2058.2083,1401.8547,2021.7698,1355.2998,1997.7493,1300.3604,1983.8389,1227.9113,1982.1794,1140.9467,1984.2025,1046.6458,1979.0432,958.128,1977.4109,904.77496,1989.3271,863.5991,2008.2346,838.4994,2036.6837,1437.8088,2058.2083,1407.7979,2133.0186,1379.4298,2195.4023,1336.5048,2223.601,1272.5566,2249.2417,1190.6642,2254.5774,1095.7152,2238.02,1017.8854,2207.9614,950.75415,2164.4866,898.9115,2114.7427,838.4994,2036.6837,803.26245,2033.4563,841.47894,2126.8706,895.5104,2213.9302,970.7612,2308.599,1071.9196,2370.087,1191.715,2390.795,1302.0531,2377.4065,1387.2798,2325.5266,1439.223,2244.1372,1463.6635,2145.024,1469.3204,2055.821
799,799,13316,803.25684,2032.8798,814.80524,1988.5808,852.9877,1951.7042,912.89667,1918.8679,1030.7988,1896.888,1142.8151,1912.5374,1248.8337,1897.7311,1349.8522,1921.7369,1414.7788,1958.9971,1451.7925,2003.719,1469.1398,2055.3071,1437.621,2057.7185,1401.669,2020.9287,1355.0515,1996.7539,1300.0669,1982.7976,1227.5938,1981.1604,1140.6699,1983.2007,1046.6226,1978.0452,958.3465,1976.396,904.95496,1988.3567,863.60394,2007.4146,838.5017,2036.1354,1437.621,2057.7185,1407.6523,2132.9167,1379.3335,2195.326,1336.4448,2223.5586,1272.4834,2249.4495,1190.5016,2254.852,1095.5021,2238.1807,1017.7085,2207.8489,950.6433,2164.3848,898.87195,2114.5303,838.5017,2036.1354,803.25684,2032.8798,841.4789,2126.5354,895.45215,2213.9548,970.6155,2308.304,1071.6757,2369.9314,1191.4774,2390.7356,1301.8687,2377.3037,1387.1296,2325.3293,1439.0734,2243.569,1463.5062,2144.8481,1469.1398,2055.3071
800,800,13333,803.3559,2031.95,814.83325,1988.0154,853.06165,1951.3999,913.05963,1918.7373,1030.8563,1896.7959,1142.7129,1912.5817,1248.6362,1897.9784,1349.587,1922.372,1414.5168,1959.5897,1451.6532,2004.0326,1469.1237,2055.1921,1437.6017,2057.468,1401.6149,2020.9307,1354.925,1996.8354,1299.9474,1982.7383,1227.4983,1980.8251,1140.597,1982.7131,1046.7332,1977.4088,958.7477,1975.7676,905.08093,1987.7266,863.6184,2006.6501,838.6379,2035.1731,1437.6017,2057.468,1407.4492,2132.5068,1379.0696,2194.089,1336.1176,2223.1353,1272.1749,2248.6616,1190.3292,2253.9004,1095.4536,2237.3015,1017.7615,2207.3584,950.7807,2163.9424,899.06537,2113.6755,838.6379,2035.1731,803.3559,2031.95,841.7031,2125.5537,895.6618,2213.5127,970.7397,2307.9714,1071.6624,2368.919,1191.2352,2389.6182,1301.3964,2376.4297,1386.5975,2324.9785,1438.6924,2242.5261,1463.3213,2144.554,1469.1237,2055.1921
801,801,13350,803.351,2030.7688,814.9028,1986.904,853.15906,1950.317,913.22766,1917.5585,1030.9733,1895.4285,1142.759,1911.1813,1248.6847,1896.6345,1349.5835,1921.2771,1414.4502,1958.7067,1451.5752,2003.2219,1469.0228,2054.3252,1437.4911,2056.5317,1401.4463,2020.0703,1354.7448,1995.9901,1299.8065,1981.7823,1227.4086,1979.7933,1140.5703,1981.6191,1046.8446,1976.334,959.0916,1974.7218,905.12695,1986.6964,863.6548,2005.5375,838.6353,2033.9664,1437.4911,2056.5317,1407.1284,2131.5364,1378.6145,2191.777,1335.5236,2222.979,1271.5183,2247.9858,1189.7136,2253.0798,1095.0851,2236.589,1017.5363,2207.116,950.664,2163.1294,899.03186,2112.5146,838.6353,2033.9664,803.351,2030.7688,841.6923,2124.4426,895.5878,2213.0005,970.5568,2307.729,1071.2644,2368.124,1190.5289,2388.725,1300.6134,2375.7175,1385.878,2324.8691,1438.1427,2240.931,1463.0059,2143.6414,1469.0228,2054.3252
802,802,13366,803.34955,2030.2208,814.9562,1986.3512,853.22614,1949.7649,913.4748,1917.0436,1031.1108,1895.0051,1142.8778,1910.8707,1248.8911,1896.3654,1349.841,1921.0961,1414.7025,1958.6099,1451.8105,2003.1992,1469.1774,2054.3323,1437.587,2056.4844,1401.6144,2019.9756,1354.8866,1995.7991,1299.9515,1981.5035,1227.5206,1979.4463,1140.6273,1981.2263,1046.9636,1975.8275,959.42255,1974.15,905.1806,1986.1063,863.6857,2004.9749,838.6462,2033.4072,1437.587,2056.4844,1407.1345,2131.2327,1378.5459,2190.5554,1335.3452,2222.7363,1271.2587,2247.4514,1189.4283,2252.4558,1094.9215,2236.0322,1017.43353,2206.854,950.60657,2162.6416,899.02277,2111.8777,838.6462,2033.4072,803.34955,2030.2208,841.6894,2123.9045,895.5398,2212.76,970.44073,2307.4424,1071.0363,2367.5369,1190.1665,2388.0896,1300.3057,2375.1875,1385.695,2324.6343,1438.1102,2240.1963,1463.0997,2143.4893,1469.1774,2054.3323
803,803,13383,803.32007,2028.5042,815.0169,1985.0013,853.32275,1948.8206,913.5766,1916.5046,1031.1377,1894.9664,1142.7426,1911.316,1248.6775,1897.2501,1349.6326,1922.5637,1414.6389,1960.222,1452.0062,2004.7083,1469.6202,2055.576,1438.0281,2057.5803,1401.9452,2021.2236,1354.9658,1996.9851,1299.8768,1982.4225,1227.3915,1979.8986,1140.5024,1981.2192,1046.9808,1975.3301,959.48566,1973.2592,905.3053,1984.923,863.68097,2003.5558,838.6354,2031.7537,1438.0281,2057.5803,1407.5446,2131.4893,1378.9568,2190.251,1335.602,2222.4507,1271.3892,2246.993,1189.5897,2251.9795,1094.9789,2235.7893,1017.3993,2206.3328,950.51733,2161.253,898.95593,2110.3757,838.6354,2031.7537,803.32007,2028.5042,841.68036,2122.3315,895.52277,2211.572,970.4429,2306.6704,1071.0613,2367.2722,1190.2001,2387.5513,1300.331,2374.7231,1385.9243,2324.3696,1438.6125,2240.107,1463.6531,2144.069,1469.6202,2055.576
804,804,13400,803.4201,2027.5186,815.10364,1984.243,853.3609,1948.3625,913.7467,1916.384,1031.1012,1895.251,1142.5101,1911.7987,1248.3307,1897.9835,1349.231,1923.509,1414.318,1961.1781,1451.8636,2005.6034,1469.6661,2056.3962,1438.1499,2058.29,1402.0906,2021.7559,1354.8893,1997.3158,1299.6715,1982.5117,1227.1588,1979.7203,1140.3071,1980.8132,1046.9545,1974.6489,959.5803,1972.3671,905.37805,1983.9255,863.7052,2002.554,838.7128,2030.7932,1438.1499,2058.29,1407.791,2131.73,1379.2162,2190.1704,1335.7378,2222.1973,1271.425,2246.6116,1189.6467,2251.5334,1094.9979,2235.462,1017.39056,2206.0803,950.5114,2160.3628,898.97235,2109.451,838.7128,2030.7932,803.4201,2027.5186,841.8324,2121.2305,895.6663,2210.5198,970.56885,2305.6821,1071.1372,2367.0999,1190.1868,2387.2605,1300.2117,2374.4019,1385.8663,2324.19,1438.6857,2239.9316,1463.7617,2144.487,1469.6661,2056.3962
805,805,13416,803.5629,2026.9075,815.2241,1983.7756,853.42975,1948.0254,914.0041,1916.21,1031.1118,1895.3021,1142.4052,1911.9437,1248.2,1898.2094,1349.1586,1923.7566,1414.3676,1961.4009,1452.0643,2005.8202,1469.9987,2056.6233,1438.4525,2058.4583,1402.4199,2021.8218,1355.0629,1997.2826,1299.7379,1982.4097,1227.1472,1979.5668,1140.254,1980.6097,1046.9912,1974.3264,959.8209,1971.945,905.5022,1983.4648,863.76263,2002.0522,838.90106,2030.1846,1438.4525,2058.4583,1408.116,2131.7893,1379.524,2189.7935,1335.972,2222.007,1271.605,2246.3132,1189.8715,2251.2095,1095.1554,2235.2808,1017.521,2205.685,950.6443,2159.4827,899.1153,2108.6497,838.90106,2030.1846,803.5629,2026.9075,842.0335,2120.4292,895.85516,2209.7336,970.7452,2304.9895,1071.3165,2366.9985,1190.4065,2386.9155,1300.4263,2374.0894,1386.2034,2324.007,1439.1508,2239.781,1464.223,2144.6897,1469.9987,2056.6233
806,806,13433,803.78455,2026.5624,815.4564,1983.4419,853.65576,1947.7098,914.6959,1915.9712,1031.3568,1895.1938,1142.6879,1911.8547,1248.5844,1898.0815,1349.6412,1923.4403,1414.9031,1960.9735,1452.6044,2005.3905,1470.5098,2056.2722,1438.9117,2058.13,1402.9547,2021.4965,1355.5519,1997.038,1300.1986,1982.3346,1227.5323,1979.6503,1140.5427,1980.7738,1047.2498,1974.4783,960.5258,1972.0046,905.8715,1983.4047,863.92554,2001.8756,839.1791,2029.872,1438.9117,2058.13,1408.5846,2131.7104,1380.0095,2189.3643,1336.4768,2221.819,1272.1147,2246.0732,1190.3942,2250.8904,1095.5653,2234.9133,1017.8688,2205.587,950.9597,2159.0776,899.4026,2108.273,839.1791,2029.872,803.78455,2026.5624,842.2975,2120.1338,896.10345,2209.523,970.99677,2304.9102,1071.6357,2366.5515,1190.9137,2386.612,1301.0465,2373.9175,1386.8989,2323.8462,1439.8477,2239.6343,1464.8512,2144.6887,1470.5098,2056.2722
807,807,13450,804.1723,2027.1185,815.84644,1983.8972,854.03253,1947.956,915.6163,1915.9615,1031.7832,1894.9553,1143.1681,1911.5167,1249.1155,1897.6583,1350.2472,1923.0142,1415.5089,1960.7069,1453.131,2005.3159,1470.8928,2056.3445,1439.2297,2058.1946,1403.3761,2021.5073,1356.017,1996.9802,1300.7085,1982.2446,1228.0392,1979.5988,1141.0164,1980.79,1047.7155,1974.6224,961.6366,1972.2902,906.5628,1983.8326,864.3244,2002.3909,839.6658,2030.3817,1439.2297,2058.1946,1408.8916,2131.7168,1380.2687,2188.9827,1336.7087,2221.6704,1272.3567,2245.8518,1190.6805,2250.6182,1095.8927,2234.619,1018.22064,2205.4358,951.3321,2158.9421,899.8028,2108.3179,839.6658,2030.3817,804.1723,2027.1185,842.64636,2120.3425,896.392,2209.5283,971.2715,2304.7644,1071.9038,2366.1865,1191.1914,2386.314,1301.333,2373.7056,1387.2083,2323.6995,1440.2078,2239.5088,1465.251,2144.7812,1470.8928,2056.3445
808,808,13466,804.4047,2027.3958,816.1568,1984.134,854.4227,1948.16,916.532,1916.1748,1032.1416,1895.1941,1143.5172,1911.7438,1249.4766,1897.9147,1350.607,1923.2396,1415.9214,1960.9293,1453.5883,2005.5626,1471.3278,2056.6272,1439.6432,2058.4556,1403.8862,2021.718,1356.4624,1997.1353,1301.1145,1982.3552,1228.415,1979.661,1141.3431,1980.8297,1048.0481,1974.6816,962.4393,1972.392,907.0141,1983.9896,864.5208,2002.606,839.9227,2030.6321,1439.6432,2058.4556,1409.326,2131.8384,1380.6843,2188.7935,1337.0951,2221.5615,1272.7334,2245.7305,1191.0896,2250.418,1096.2747,2234.3564,1018.55273,2205.2393,951.60895,2158.872,900.05206,2108.3606,839.9227,2030.6321,804.4047,2027.3958,842.9293,2120.4668,896.7127,2209.5132,971.64734,2304.71,1072.3041,2365.9324,1191.6049,2386.0725,1301.705,2373.529,1387.582,2323.5852,1440.6361,2239.4995,1465.713,2144.9731,1471.3278,2056.6272
809,809,13483,804.5002,2027.7408,816.2535,1984.3751,854.5073,1948.2786,916.8126,1916.1958,1032.1908,1895.2156,1143.5317,1911.8687,1249.5549,1898.1475,1350.7949,1923.6637,1416.227,1961.4778,1453.995,2006.1519,1471.7513,2057.138,1440.0181,2058.9536,1404.2894,2022.2843,1356.7314,1997.6321,1301.2836,1982.7256,1228.5074,1979.8734,1141.3628,1980.9252,1048.1208,1974.7017,962.7734,1972.4279,907.1895,1984.1094,864.5776,2002.8461,840.0272,2030.9651,1440.0181,2058.9536,1409.724,2131.8857,1381.0166,2188.3362,1337.3152,2221.6707,1272.8472,2245.8318,1191.1273,2250.3926,1096.3074,2234.1902,1018.5802,2205.007,951.6399,2158.8606,900.10364,2108.4797,840.0272,2030.9651,804.5002,2027.7408,843.00275,2120.672,896.7559,2209.5413,971.673,2304.5361,1072.3179,2365.6646,1191.6125,2385.928,1301.782,2373.5103,1387.7798,2323.6328,1440.979,2239.5464,1466.1486,2145.0845,1471.7513,2057.138
810,810,13500,804.8031,2027.9854,816.5352,1984.576,854.756,1948.3896,917.35065,1916.2124,1032.3276,1895.2161,1143.5988,1911.9344,1249.6144,1898.2595,1350.8822,1923.8848,1416.3761,1961.8003,1454.1938,2006.543,1471.9379,2057.5222,1440.1204,2059.3206,1404.398,2022.7018,1356.812,1998.0304,1301.3549,1983.0769,1228.5919,1980.171,1141.4531,1981.1833,1048.2965,1974.9172,963.4387,1972.6394,907.68994,1984.3428,864.8989,2003.1001,840.425,2031.202,1440.1204,2059.3206,1409.8372,2131.9866,1381.1241,2188.0723,1337.412,2221.6003,1272.9546,2245.7324,1191.2958,2250.24,1096.5328,2234.0,1018.83923,2204.8594,951.9282,2158.819,900.4233,2108.5422,840.425,2031.202,804.8031,2027.9854,843.21423,2120.8223,896.8903,2209.5674,971.77313,2304.3835,1072.4271,2365.4495,1191.7654,2385.836,1301.987,2373.5325,1388.0543,2323.685,1441.2953,2239.5635,1466.4318,2145.2437,1471.9379,2057.5222
811,811,13516,804.8115,2028.3113,816.5569,1984.8477,854.7771,1948.4999,917.5501,1916.1104,1032.4437,1894.8972,1143.7183,1911.5466,1249.7987,1897.8472,1351.2019,1923.5586,1416.7758,1961.6904,1454.5706,2006.643,1472.167,2057.7292,1440.2545,2059.5078,1404.5273,2022.8896,1356.9712,1998.1617,1301.5181,1983.1426,1228.7311,1980.2261,1141.5691,1981.2477,1048.4229,1975.0454,963.81934,1972.8708,907.8906,1984.6611,864.97375,2003.451,840.4627,2031.512,1440.2545,2059.5078,1409.7949,2132.064,1380.9757,2187.7815,1337.2042,2221.5818,1272.731,2245.6738,1191.0939,2250.1663,1096.4102,2233.9114,1018.7625,2204.8062,951.89,2158.7712,900.4216,2108.6125,840.4627,2031.512,804.8115,2028.3113,843.2105,2120.9773,896.8622,2209.586,971.73065,2304.251,1072.3811,2365.2842,1191.5857,2385.7244,1301.7336,2373.4526,1387.799,2323.616,1441.1241,2239.5403,1466.4309,2145.394,1472.167,2057.7292
812,812,13533,804.80475,2028.6357,816.5822,1985.1499,854.82135,1948.615,917.7814,1915.9048,1032.4312,1894.3608,1143.6838,1911.0134,1249.8043,1897.281,1351.3413,1923.2341,1416.95,1961.6625,1454.6849,2006.8252,1472.1832,2057.9722,1440.229,2059.7397,1404.468,2023.1703,1356.9401,1998.4639,1301.4904,1983.4421,1228.7014,1980.5239,1141.5359,1981.5406,1048.4243,1975.3818,963.8773,1973.2606,907.91144,1985.0747,864.985,2003.8401,840.46106,2031.8287,1440.229,2059.7397,1409.6798,2132.1543,1380.8146,2187.6343,1337.0273,2221.5354,1272.5731,2245.589,1191.0054,2250.0571,1096.3762,2233.7817,1018.7413,2204.6821,951.8667,2158.7612,900.40424,2108.686,840.46106,2031.8287,804.80475,2028.6357,843.14514,2121.0933,896.6974,2209.71,971.50336,2304.1772,1072.2104,2365.226,1191.5298,2385.7227,1301.5316,2373.4763,1387.5499,2323.593,1440.9114,2239.5227,1466.3127,2145.5325,1472.1832,2057.9722
813,813,13550,804.9001,2028.8578,816.6996,1985.2908,854.9444,1948.6571,918.1189,1915.8661,1032.5768,1894.2823,1143.8508,1910.9259,1250.018,1897.1974,1351.5896,1923.112,1417.1632,1961.5757,1454.8256,2006.8291,1472.2369,2058.0862,1440.2761,2059.8596,1404.5557,2023.2456,1357.0673,1998.5422,1301.6411,1983.5651,1228.8558,1980.6981,1141.6835,1981.7225,1048.5817,1975.5806,964.3392,1973.4592,908.1815,1985.276,865.1009,2004.0538,840.5563,2032.0558,1440.2761,2059.8596,1409.6543,2132.2263,1380.7145,2187.41,1336.8746,2221.5068,1272.3962,2245.6118,1190.8287,2250.074,1096.2655,2233.745,1018.67487,2204.5603,951.8402,2158.8098,900.4221,2108.722,840.5563,2032.0558,804.9001,2028.8578,843.16656,2121.2065,896.6813,2209.8628,971.46985,2304.1714,1072.1335,2365.2751,1191.36,2385.8467,1301.3369,2373.5989,1387.3638,2323.6174,1440.7754,2239.5078,1466.2646,2145.6572,1472.2369,2058.0862
814,814,13566,805.02765,2029.0638,816.7948,1985.5037,854.997,1948.8315,918.31494,1915.9965,1032.6362,1894.4323,1143.8667,1911.1456,1250.0283,1897.4371,1351.6504,1923.401,1417.3108,1961.8627,1455.0192,2007.0677,1472.418,2058.2295,1440.3827,2059.9983,1404.6499,2023.4885,1357.141,1998.8662,1301.6824,1983.9393,1228.8871,1981.086,1141.7253,1982.1099,1048.6724,1975.9618,964.7229,1973.8207,908.4683,1985.5984,865.30817,2004.326,840.7515,2032.2625,1440.3827,2059.9983,1409.7081,2132.2922,1380.6924,2187.1755,1336.7913,2221.4626,1272.2738,2245.553,1190.7009,2249.991,1096.187,2233.6343,1018.6352,2204.4478,951.8515,2158.8018,900.486,2108.7803,840.7515,2032.2625,805.02765,2029.0638,843.19086,2121.3047,896.66736,2209.9502,971.44885,2304.1514,1072.061,2365.36,1191.231,2386.0803,1301.2546,2373.9417,1387.3859,2323.9058,1440.8959,2239.659,1466.443,2145.779,1472.418,2058.2295
815,815,13583,805.017,2029.2467,816.82697,1985.7163,855.0365,1949.0413,918.40155,1916.2188,1032.673,1894.6879,1143.906,1911.4387,1250.1176,1897.74,1351.8499,1923.716,1417.6438,1962.1232,1455.4742,2007.1962,1472.9554,2058.444,1440.9214,2060.1934,1405.1609,2023.6681,1357.5006,1999.1558,1301.8817,1984.2616,1228.9835,1981.3994,1141.7644,1982.3937,1048.7107,1976.2267,964.8135,1974.0695,908.5096,1985.8374,865.322,2004.5586,840.734,2032.4388,1440.9214,2060.1934,1410.1699,2132.966,1380.995,2187.0188,1336.8884,2221.8953,1272.2346,2245.9292,1190.6001,2250.2341,1096.1069,2233.7522,1018.5881,2204.4424,951.835,2158.955,900.4511,2108.9355,840.734,2032.4388,805.017,2029.2467,843.1629,2121.3599,896.6431,2210.1619,971.42114,2304.174,1071.9888,2365.429,1191.123,2386.2854,1301.2009,2374.3047,1387.4601,2324.3684,1441.1765,2240.121,1466.9017,2146.4075,1472.9554,2058.444
816,816,13600,805.0241,2029.3733,816.8495,1985.9012,855.0806,1949.1843,918.4966,1916.2712,1032.67,1894.6605,1143.8876,1911.4386,1250.1212,1897.7898,1351.936,1923.902,1417.7906,1962.3552,1455.669,2007.3136,1473.1605,2058.7444,1441.0795,2060.4438,1405.2853,2023.8124,1357.5623,1999.4023,1301.9045,1984.4913,1228.9778,1981.5684,1141.7546,1982.5062,1048.7267,1976.3368,964.9225,1974.2123,908.58044,1986.026,865.3497,2004.7606,840.75433,2032.5664,1441.0795,2060.4438,1410.2749,2133.5857,1381.0204,2186.915,1336.8309,2222.261,1272.1376,2246.224,1190.4949,2250.4106,1096.0361,2233.8418,1018.54114,2204.4482,951.8066,2159.1108,900.4398,2109.1123,840.75433,2032.5664,805.0241,2029.3733,843.1593,2121.494,896.62445,2210.4517,971.4068,2304.2869,1071.9424,2365.627,1191.0173,2386.6326,1301.0952,2374.8013,1387.4044,2324.9495,1441.2404,2240.6543,1467.0743,2147.0837,1473.1605,2058.7444
817,817,13616,805.14154,2029.539,816.9499,1986.0049,855.1446,1949.3575,918.6472,1916.4374,1032.7057,1894.8085,1143.9095,1911.5615,1250.1837,1897.8517,1352.0726,1923.908,1417.986,1962.4175,1455.8597,2007.4685,1473.2765,2058.8875,1441.1399,2060.5881,1405.3712,2023.984,1357.6783,1999.5165,1302.0107,1984.5527,1229.0458,1981.6433,1141.7998,1982.6163,1048.8009,1976.4818,965.21826,1974.3951,908.8268,1986.2157,865.54266,2004.876,840.9362,2032.6957,1441.1399,2060.5881,1410.2621,2133.6194,1380.9574,2186.83,1336.7561,2222.218,1272.0787,2246.1843,1190.4724,2250.3733,1096.0066,2233.8015,1018.5046,2204.3975,951.79126,2159.2097,900.488,2109.3198,840.9362,2032.6957,805.14154,2029.539,843.17365,2121.8418,896.61523,2210.91,971.35376,2304.5276,1071.8707,2365.8567,1190.9911,2386.8394,1301.012,2374.9683,1387.3105,2325.0413,1441.1865,2240.677,1467.0986,2147.112,1473.2765,2058.8875
818,818,13633,805.3844,2030.0844,817.09753,1986.1123,855.20776,1949.5125,918.77637,1916.51,1032.7762,1894.6919,1143.9636,1911.4398,1250.2585,1897.7452,1352.292,1923.9885,1418.3191,1962.5789,1456.1987,2007.5793,1473.5074,2059.446,1441.2498,2061.032,1405.4825,2024.1025,1357.7914,1999.6519,1302.1056,1984.7362,1229.1296,1981.8041,1141.8969,1982.751,1048.9904,1976.6395,965.80524,1974.5785,909.35394,1986.3455,865.99506,2004.9978,841.31616,2033.1464,1441.2498,2061.032,1410.3274,2133.9192,1380.9523,2186.6614,1336.697,2222.1768,1271.9974,2246.1663,1190.3884,2250.3164,1095.9801,2233.7722,1018.53625,2204.341,951.89526,2159.2598,900.68414,2109.6184,841.31616,2033.1464,805.3844,2030.0844,843.2753,2122.368,896.63275,2211.2678,971.3369,2304.551,1071.8204,2365.8252,1190.9045,2386.8162,1300.9429,2375.0007,1387.3004,2325.192,1441.3025,2240.9548,1467.3137,2147.6948,1473.5074,2059.446
819,819,13650,805.4313,2030.3297,817.1657,1986.1592,855.31177,1949.6398,919.0426,1916.6504,1032.9004,1894.8291,1144.1338,1911.5662,1250.5095,1897.8481,1352.5936,1924.0652,1418.5916,1962.6915,1456.4098,2007.7332,1473.6212,2059.535,1441.3302,2061.1218,1405.5789,2024.2614,1357.9198,1999.7997,1302.2599,1984.8625,1229.2886,1981.9304,1142.0483,1982.8844,1049.1663,1976.7891,966.24115,1974.7349,909.6339,1986.4799,866.1275,2005.0441,841.38947,2033.3682,1441.3302,2061.1218,1410.3374,2134.0151,1380.9117,2186.509,1336.634,2222.2446,1271.9324,2246.2773,1190.3485,2250.4517,1095.9453,2233.9363,1018.5066,2204.4973,951.8779,2159.596,900.69336,2110.0422,841.38947,2033.3682,805.4313,2030.3297,843.2747,2122.8335,896.61127,2211.827,971.2984,2304.848,1071.7769,2366.0493,1190.8851,2387.0059,1300.8787,2375.1304,1387.2274,2325.265,1441.251,2240.9922,1467.328,2147.7563,1473.6212,2059.535
820,820,13666,805.44,2030.6884,817.2291,1986.3289,855.4939,1949.6675,919.5765,1916.7478,1033.2788,1894.9506,1144.5743,1911.6869,1251.0225,1897.9664,1353.1361,1924.1615,1419.078,1962.7269,1456.8103,2007.9519,1473.8949,2059.9111,1441.5125,2061.4653,1405.7426,2024.5684,1358.1572,2000.0017,1302.5574,1984.988,1229.6382,1982.0259,1142.4187,1982.9684,1049.5667,1976.8733,966.9667,1974.8536,910.0678,1986.666,866.30066,2005.3138,841.41846,2033.7074,1441.5125,2061.4653,1410.3594,2134.2288,1380.8763,2186.3896,1336.5833,2222.22,1271.8815,2246.244,1190.3112,2250.4143,1095.9067,2233.8975,1018.47876,2204.4673,951.8636,2159.715,900.6963,2110.333,841.41846,2033.7074,805.44,2030.6884,843.25507,2123.3303,896.53845,2212.4058,971.21204,2305.2146,1071.7163,2366.3562,1190.8689,2387.2627,1300.8169,2375.3645,1387.1721,2325.4558,1441.2437,2241.1794,1467.4241,2148.1414,1473.8949,2059.9111
821,821,13683,805.8128,2031.3585,817.71655,1986.6685,856.0329,1949.7567,920.36505,1916.8248,1033.777,1895.0614,1145.1542,1911.7965,1251.7192,1898.0687,1353.9547,1924.203,1419.8497,1962.9116,1457.5201,2008.4172,1474.511,2060.662,1442.0588,2062.1538,1406.2401,2025.0743,1358.6947,2000.314,1303.1227,1985.1677,1230.1984,1982.1318,1142.9722,1983.0349,1050.2192,1976.9529,968.0922,1974.9916,910.98486,1986.9225,866.9827,2005.7389,841.8416,2034.3271,1442.0588,2062.1538,1410.6461,2134.7598,1380.9891,2186.3013,1336.5771,2222.2468,1271.8309,2246.228,1190.2411,2250.382,1095.8936,2233.8694,1018.53265,2204.4678,951.9959,2159.9294,900.9486,2110.8215,841.8416,2034.3271,805.8128,2031.3585,843.4119,2124.0066,896.567,2212.9448,971.19635,2305.4307,1071.6672,2366.467,1190.7942,2387.3545,1300.7627,2375.4866,1387.1782,2325.6401,1441.396,2241.479,1467.786,2148.8284,1474.511,2060.662
822,822,13700,806.2451,2031.5195,818.3168,1986.7129,856.8077,1949.8334,921.5486,1916.9266,1034.5804,1895.1606,1145.9385,1911.9027,1252.5156,1898.1649,1354.79,1924.2386,1420.6792,1963.0735,1458.4021,2008.7684,1475.413,2061.169,1442.8734,2062.6135,1406.8986,2025.4507,1359.3209,2000.5522,1303.7461,1985.2776,1230.8528,1982.1617,1143.6898,1983.1078,1051.0742,1977.0358,969.4529,1975.0566,912.0781,1986.9457,867.7778,2005.8273,842.3517,2034.476,1442.8734,2062.6135,1411.2344,2135.0464,1381.4088,2186.204,1336.8351,2222.2366,1272.0048,2246.2007,1190.3574,2250.351,1096.1097,2233.8333,1018.8235,2204.4292,952.33435,2159.9585,901.36426,2110.9333,842.3517,2034.476,806.2451,2031.5195,843.6834,2124.1892,896.7332,2213.107,971.3265,2305.4634,1071.7568,2366.4763,1190.839,2387.375,1300.9219,2375.5334,1387.4785,2325.723,1441.905,2241.632,1468.5082,2149.2415,1475.413,2061.169
823,823,13716,806.72205,2031.6218,818.92926,1986.7799,857.56165,1949.9357,922.654,1916.996,1035.435,1895.1737,1146.8688,1911.9149,1253.5198,1898.1791,1355.7754,1924.3234,1421.5677,1963.1765,1459.2246,2008.8352,1476.1554,2061.228,1443.6271,2062.6597,1407.6696,2025.518,1360.1147,2000.6543,1304.6055,1985.3911,1231.7418,1982.2719,1144.5696,1983.2109,1051.9534,1977.1447,970.68195,1975.172,913.04834,1987.0548,868.4653,2005.8975,842.866,2034.551,1443.6271,2062.6597,1411.9067,2135.19,1382.0115,2186.1262,1337.3573,2222.276,1272.4718,2246.2385,1190.7262,2250.3833,1096.5695,2233.8833,1019.33276,2204.4854,952.8388,2160.1187,901.8858,2111.1406,842.866,2034.551,806.72205,2031.6218,844.1107,2124.4478,897.11993,2213.4163,971.7171,2305.642,1072.1143,2366.62,1191.1576,2387.499,1301.4122,2375.6318,1388.0427,2325.793,1442.4983,2241.6946,1469.1466,2149.3752,1476.1554,2061.228
824,824,13733,807.19977,2031.6584,819.4493,1986.8875,858.0791,1950.0236,923.314,1916.9722,1035.8292,1894.9994,1147.2697,1911.7161,1253.9142,1897.9738,1356.2013,1924.2784,1421.9725,1963.2406,1459.6124,2008.9346,1476.553,2061.2896,1444.023,2062.7324,1408.0022,2025.6189,1360.4692,2000.7388,1304.9901,1985.4316,1232.1616,1982.2726,1145.0187,1983.1991,1052.4681,1977.1628,971.53076,1975.2443,913.8048,1987.1691,869.10284,2006.0109,843.3722,2034.607,1444.023,2062.7324,1412.231,2135.2207,1382.3177,2185.9512,1337.6157,2222.1465,1272.7181,2246.0825,1190.9534,2250.214,1096.9199,2233.7554,1019.7608,2204.4148,953.305,2160.1113,902.39856,2111.1626,843.3722,2034.607,807.19977,2031.6584,844.54944,2124.4878,897.5057,2213.452,972.0895,2305.6262,1072.4294,2366.6008,1191.3782,2387.4885,1301.7157,2375.6248,1388.3932,2325.784,1442.8761,2241.682,1469.5249,2149.4097,1476.553,2061.2896
825,825,13750,808.0994,2031.7466,820.54407,1986.9951,859.28156,1950.0968,924.75995,1916.9951,1036.6951,1894.9939,1147.8998,1911.7435,1254.4022,1898.0164,1356.544,1924.3508,1422.253,1963.2631,1459.8903,2009.0415,1476.8246,2061.4531,1444.2838,2062.8193,1408.2567,2025.6688,1360.7219,2000.7822,1305.3079,1985.5138,1232.6213,1982.3552,1145.6511,1983.2645,1053.3691,1977.2158,972.9509,1975.3104,915.12354,1987.2615,870.2543,2006.1191,844.3239,2034.697,1444.2838,2062.8193,1412.4802,2135.2402,1382.5663,2185.8152,1337.8427,2221.9756,1272.9677,2245.7957,1191.259,2249.833,1097.3927,2233.3584,1020.3414,2204.0696,953.97864,2159.9438,903.17725,2111.1587,844.3239,2034.697,808.0994,2031.7466,845.27734,2124.5312,898.0928,2213.433,972.5979,2305.4995,1072.8154,2366.425,1191.6353,2387.3247,1301.9677,2375.5247,1388.6768,2325.7556,1443.1914,2241.6792,1469.835,2149.4888,1476.8246,2061.4531
826,826,13766,808.5753,2031.6206,821.0725,1986.9316,859.82983,1950.0172,925.3695,1916.9287,1036.8385,1895.0068,1147.9015,1911.7921,1254.3663,1898.0522,1356.4982,1924.4625,1422.2102,1963.5432,1459.8494,2009.4928,1476.7976,2062.0073,1444.2661,2063.2332,1408.2325,2025.9034,1360.7015,2000.8303,1305.283,1985.5854,1232.5999,1982.3848,1145.6587,1983.1963,1053.5093,1977.0378,973.40686,1975.0933,915.6255,1987.083,870.76385,2005.9984,844.8423,2034.5552,1444.2661,2063.2332,1412.4628,2135.346,1382.5569,2185.7844,1337.8358,2221.9102,1272.9658,2245.585,1191.2831,2249.449,1097.4933,2232.8223,1020.51544,2203.4463,954.2348,2159.4202,903.5218,2110.8293,844.8423,2034.5552,808.5753,2031.6206,845.5894,2124.282,898.30383,2213.0645,972.7412,2304.9438,1072.8906,2365.8933,1191.6383,2386.974,1301.9657,2375.365,1388.6914,2325.741,1443.2163,2241.704,1469.8306,2149.7551,1476.7976,2062.0073
827,827,13783,808.77374,2031.601,821.32495,1986.9434,860.1396,1950.0011,925.76654,1916.9038,1036.9287,1895.0283,1147.8916,1911.8398,1254.331,1898.0664,1356.4581,1924.6849,1422.1705,1964.012,1459.8086,2010.1888,1476.7722,2062.8499,1444.2477,2063.919,1408.2102,2026.3722,1360.689,2001.0436,1305.2643,1985.6077,1232.5768,1982.4431,1145.6526,1983.1926,1053.5979,1976.9662,973.7308,1975.008,915.9533,1987.0281,871.0413,2005.9827,845.0922,2034.5247,1444.2477,2063.919,1412.4489,2135.6343,1382.5547,2185.717,1337.8354,2221.901,1272.9697,2245.4646,1191.3148,2249.1611,1097.581,2232.429,1020.63446,2203.0293,954.3753,2159.1162,903.6828,2110.673,845.0922,2034.5247,808.77374,2031.601,845.711,2124.176,898.40015,2212.847,972.83014,2304.5156,1072.9498,2365.432,1191.6522,2386.6624,1301.9764,2375.2517,1388.7279,2325.7314,1443.2726,2241.8345,1469.85,2150.2742,1476.7722,2062.8499
828,828,13800,808.85425,2031.5325,821.4455,1986.9114,860.3081,1949.973,926.0342,1916.8967,1036.9946,1895.0598,1147.8888,1911.8817,1254.3037,1898.0942,1356.4121,1924.8518,1422.1252,1964.2754,1459.7931,2010.5248,1476.8303,2063.2544,1444.3217,2064.249,1408.2681,2026.5266,1360.7014,2001.0668,1305.261,1985.6736,1232.5759,1982.4675,1145.6603,1983.1494,1053.6395,1976.8492,973.86346,1974.8591,916.0454,1986.8953,871.1012,2005.8953,845.1648,2034.4569,1444.3217,2064.249,1412.5883,2135.9153,1382.7375,2185.6816,1337.9956,2221.9106,1273.1056,2245.446,1191.4619,2249.1184,1097.71,2232.3252,1020.73236,2202.889,954.44,2158.9985,903.7334,2110.6084,845.1648,2034.4569,808.85425,2031.5325,845.7948,2124.0918,898.50433,2212.6997,972.97626,2304.2576,1073.1018,2365.192,1191.7744,2386.5366,1302.1027,2375.2314,1388.9049,2325.7446,1443.4985,2241.978,1470.0234,2150.6401,1476.8303,2063.2544
829,829,13816,808.9967,2031.5128,821.6024,1986.9167,860.48865,1949.9608,926.3313,1916.8827,1037.1223,1895.0734,1147.9384,1911.9094,1254.3118,1898.1416,1356.3883,1924.9102,1422.1119,1964.3335,1459.8126,2010.5708,1476.8875,2063.278,1444.3668,2064.2842,1408.3247,2026.5852,1360.736,2001.1384,1305.29,1985.7299,1232.6193,1982.4983,1145.7375,1983.1682,1053.7515,1976.8527,974.073,1974.8503,916.21423,1986.8864,871.2409,2005.8977,845.32916,2034.4396,1444.3668,2064.2842,1412.6738,2135.931,1382.8372,2185.6677,1338.0991,2221.899,1273.214,2245.4087,1191.6014,2249.0557,1097.8655,2232.2395,1020.88837,2202.7966,954.59326,2158.9316,903.87427,2110.5796,845.32916,2034.4396,808.9967,2031.5128,845.91486,2124.0764,898.616,2212.6768,973.0955,2304.215,1073.2274,2365.1594,1191.9099,2386.517,1302.2572,2375.2217,1389.0825,2325.739,1443.6783,2241.985,1470.1576,2150.6526,1476.8875,2063.278
830,830,13833,809.28674,2031.5486,821.8715,1986.9619,860.7415,1949.9904,926.7119,1916.8953,1037.3448,1895.0917,1148.1027,1911.9402,1254.4603,1898.1855,1356.5577,1924.9642,1422.3496,1964.39,1460.0806,2010.6194,1477.1373,2063.3042,1444.5604,2064.317,1408.5698,2026.6359,1360.9882,2001.1986,1305.5262,1985.7804,1232.84,1982.536,1145.9513,1983.202,1053.981,1976.888,974.41437,1974.887,916.5089,1986.9285,871.5369,2005.9426,845.6459,2034.4762,1444.5604,2064.317,1412.8429,2135.951,1382.953,2185.6257,1338.1742,2221.8699,1273.2528,2245.366,1191.6233,2249.0154,1097.896,2232.192,1020.9417,2202.7578,954.69574,2158.9185,904.041,2110.5942,845.6459,2034.4762,809.28674,2031.5486,846.06146,2124.0955,898.67706,2212.6836,973.12317,2304.207,1073.2506,2365.1504,1191.9542,2386.5056,1302.367,2375.214,1389.2712,2325.7441,1443.936,2241.9937,1470.4387,2150.6633,1477.1373,2063.3042
831,831,13850,809.5035,2031.7728,822.0696,1987.1681,860.9162,1950.1252,926.94885,1916.9984,1037.4188,1895.2267,1148.1123,1912.1282,1254.4452,1898.4241,1356.5323,1925.2871,1422.344,1964.789,1460.1122,2011.1094,1477.2015,2063.8167,1444.597,2064.8096,1408.6198,2027.1086,1361.0276,2001.586,1305.5476,1986.0681,1232.8639,1982.7458,1145.9877,1983.3721,1054.0604,1977.0159,974.6024,1975.0117,916.70276,1987.0791,871.73676,2006.1412,845.86957,2034.6858,1444.597,2064.8096,1412.9008,2136.2295,1383.002,2185.5852,1338.2067,2221.8567,1273.2733,2245.3362,1191.6616,2248.9487,1097.955,2232.1177,1021.0169,2202.7324,954.80115,2158.922,904.1769,2110.6782,845.86957,2034.6858,809.5035,2031.7728,846.1873,2124.2195,898.7564,2212.7327,973.1886,2304.198,1073.3231,2365.1438,1192.0377,2386.4968,1302.4612,2375.2073,1389.4142,2325.8308,1444.1282,2242.2307,1470.6016,2151.09,1477.2015,2063.8167
832,832,13866,809.4998,2031.7996,822.0736,1987.2073,860.9283,1950.1781,926.9896,1917.0886,1037.4178,1895.4377,1148.1053,1912.5488,1254.4355,1899.076,1356.5157,1926.3652,1422.3212,1966.1293,1460.1083,2012.6268,1477.2778,2065.4897,1444.6473,2066.3477,1408.6274,2028.366,1361.0182,2002.584,1305.5394,1986.7509,1232.8575,1983.1154,1145.9805,1983.5562,1054.0579,1977.0973,974.62067,1975.0444,916.7084,1987.091,871.7365,2006.1553,845.86786,2034.7072,1444.6473,2066.3477,1413.0707,2137.345,1383.2725,2185.9717,1338.5151,2222.1528,1273.5688,2245.428,1191.9564,2248.955,1098.1467,2232.0994,1021.1135,2202.7166,954.8276,2158.9219,904.1771,2110.696,845.86786,2034.7072,809.4998,2031.7996,846.1875,2124.2322,898.77527,2212.7354,973.2752,2304.1929,1073.5344,2365.1328,1192.3655,2386.5085,1302.8582,2375.344,1389.8969,2326.298,1444.6279,2243.1096,1470.9215,2152.4634,1477.2778,2065.4897
833,833,13883,809.4749,2031.8312,822.06036,1987.2395,860.93066,1950.1959,927.003,1917.124,1037.3992,1895.5912,1148.0383,1912.8684,1254.3306,1899.6631,1356.4059,1927.3668,1422.269,1967.3611,1460.0948,2014.0254,1477.2949,2067.031,1444.6466,2067.7788,1408.6184,2029.5237,1360.9916,2003.4501,1305.472,1987.3109,1232.7847,1983.3796,1145.9203,1983.6575,1054.0377,1977.1127,974.62476,1975.075,916.70276,1987.1274,871.7211,2006.1946,845.8611,2034.7389,1444.6466,2067.7788,1413.2224,2138.5293,1383.622,2186.573,1338.9963,2222.698,1274.101,2245.6816,1192.5881,2249.0405,1098.5175,2232.0977,1021.2804,2202.6987,954.8674,2158.9214,904.1758,2110.7073,845.8611,2034.7389,809.4749,2031.8312,846.1816,2124.251,898.7927,2212.7363,973.41174,2304.1875,1073.9432,2365.1318,1193.1167,2386.6226,1303.6519,2375.7278,1390.7654,2327.164,1445.4122,2244.315,1471.3146,2153.8972,1477.2949,2067.031
834,834,13900,809.46564,2031.8513,822.0475,1987.2755,860.92847,1950.2197,927.0156,1917.1406,1037.3962,1895.6119,1148.0312,1912.898,1254.3167,1899.7638,1356.3824,1927.6073,1422.2623,1967.7482,1460.1313,2014.6007,1477.3711,2067.8,1444.6791,2068.5334,1408.6304,2030.1411,1360.9865,2003.9216,1305.4604,1987.6277,1232.775,1983.5422,1145.9135,1983.7234,1054.0348,1977.1232,974.6327,1975.1017,916.70386,1987.1587,871.7188,2006.2253,845.85913,2034.7574,1444.6791,2068.5334,1413.3341,2139.2324,1383.7804,2186.9465,1339.1737,2223.149,1274.2582,2246.0037,1192.7261,2249.253,1098.588,2232.1912,1021.30634,2202.7234,954.8719,2158.9512,904.17413,2110.7375,845.85913,2034.7574,809.46564,2031.8513,846.1675,2124.2715,898.7894,2212.7932,973.41644,2304.2617,1073.9999,2365.3396,1193.3075,2387.024,1303.9526,2376.3335,1391.159,2327.9585,1445.8256,2245.1433,1471.6097,2154.7441,1477.3711,2067.8
835,835,13916,809.4627,2032.0674,822.04974,1987.4144,860.93335,1950.2893,927.0589,1917.185,1037.4392,1895.6589,1148.1006,1912.9412,1254.4188,1899.7961,1356.5413,1927.6201,1422.4624,1967.7633,1460.3464,2014.626,1477.556,2067.8337,1444.816,2068.5696,1408.7809,2030.167,1361.151,2003.9324,1305.6016,1987.6447,1232.8794,1983.5627,1145.9811,1983.745,1054.0759,1977.1425,974.6742,1975.1118,916.7151,1987.2024,871.72003,2006.3322,845.8574,2034.9387,1444.816,2068.5696,1413.472,2139.2659,1383.8838,2186.9126,1339.2454,2223.143,1274.2946,2245.9978,1192.731,2249.2498,1098.5878,2232.1914,1021.3043,2202.7266,954.8705,2159.0022,904.1726,2110.8623,845.8574,2034.9387,809.4627,2032.0674,846.1608,2124.4363,898.7827,2212.8997,973.4147,2304.2952,1074.0002,2365.3547,1193.3203,2387.0298,1303.9963,2376.336,1391.2355,2327.9653,1445.9532,2245.1562,1471.7953,2154.7888,1477.556,2067.8337
836,836,13933,809.35175,2032.188,821.9969,1987.5013,860.9138,1950.3351,927.0747,1917.2146,1037.4424,1895.689,1148.1262,1912.9716,1254.4773,1899.8138,1356.6223,1927.6332,1422.53,1967.772,1460.3925,2014.6296,1477.5817,2067.8286,1444.8329,2068.5706,1408.8042,2030.1743,1361.2032,2003.9415,1305.6587,1987.6616,1232.9182,1983.5996,1145.9927,1983.7983,1054.0739,1977.1998,974.6773,1975.1757,916.6896,1987.2842,871.65466,2006.4462,845.746,2035.0731,1444.8329,2068.5706,1413.4697,2139.267,1383.8542,2186.8894,1339.1683,2223.1304,1274.1676,2245.991,1192.5227,2249.2402,1098.4252,2232.191,1021.15656,2202.743,954.73395,2159.0862,904.05347,2111.0095,845.746,2035.0731,809.35175,2032.188,846.02435,2124.617,898.614,2213.098,973.2343,2304.4182,1073.812,2365.4163,1193.1138,2387.0403,1303.8425,2376.3293,1391.1108,2327.9583,1445.8872,2245.1475,1471.7909,2154.787,1477.5817,2067.8286
837,837,13950,808.9561,2032.4059,821.72125,1987.6664,860.74927,1950.4418,927.0227,1917.2904,1037.3624,1895.7672,1148.0427,1913.0786,1254.3984,1899.9718,1356.5547,1927.8824,1422.4758,1968.1196,1460.3579,2015.0828,1477.5531,2068.349,1444.7828,2069.0723,1408.7433,2030.624,1361.1248,2004.2917,1305.5702,1987.8939,1232.8243,1983.7388,1145.8899,1983.8933,1053.9601,1977.2731,974.58826,1975.2585,916.5337,1987.3993,871.398,2006.6144,845.406,2035.2827,1444.7828,2069.0723,1413.4142,2139.6458,1383.773,2186.9697,1339.0393,2223.1765,1274.013,2245.985,1192.3748,2249.2332,1098.2928,2232.1824,1020.9901,2202.7415,954.4961,2159.157,903.75684,2111.172,845.406,2035.2827,808.9561,2032.4059,845.63684,2124.8232,898.3009,2213.2327,973.02637,2304.4348,1073.6493,2365.4116,1192.9425,2387.0354,1303.6587,2376.329,1390.9636,2328.041,1445.8201,2245.4043,1471.7625,2155.2563,1477.5531,2068.349
838,838,13966,808.54675,2032.7004,821.23663,1987.8506,860.2703,1950.4941,926.698,1917.3059,1037.0237,1895.7858,1147.694,1913.1262,1254.1237,1900.1278,1356.4623,1928.4681,1422.4681,1969.2251,1460.3639,2016.73,1477.6031,2070.3938,1444.7904,2070.9788,1408.739,2032.3611,1361.0797,2005.6886,1305.4425,1988.8722,1232.6176,1984.3147,1145.6271,1984.219,1053.7297,1977.4924,974.4209,1975.4509,916.32874,1987.6149,871.1326,2006.8817,845.08374,2035.572,1444.7904,2070.9788,1413.4164,2140.912,1383.7695,2187.4802,1338.9957,2223.3801,1273.8988,2245.9958,1192.2534,2249.2275,1098.1217,2232.1619,1020.7365,2202.735,954.17316,2159.1953,903.3805,2111.326,845.08374,2035.572,808.54675,2032.7004,845.1748,2125.02,897.8887,2213.3162,972.7256,2304.4358,1073.4723,2365.408,1192.8607,2387.05,1303.6068,2376.4878,1390.9521,2328.6,1445.8533,2246.5562,1471.8516,2156.9753,1477.6031,2070.3938
839,839,13983,808.42316,2032.7831,821.11804,1987.879,860.19293,1950.5159,926.68115,1917.3235,1036.9761,1895.8057,1147.6232,1913.1443,1254.0504,1900.214,1356.4309,1928.7922,1422.4556,1969.8356,1460.3711,2017.6378,1477.6411,2071.5906,1444.806,2072.1023,1408.7406,2033.235,1361.074,2006.3209,1305.407,1989.2478,1232.5608,1984.4822,1145.5682,1984.2747,1053.6869,1977.5029,974.39856,1975.469,916.27386,1987.6287,871.02106,2006.916,844.9744,2035.6487,1444.806,2072.1023,1413.4779,2141.9136,1383.839,2188.0945,1339.0392,2223.8604,1273.9207,2246.2231,1192.2769,2249.315,1098.1229,2232.1995,1020.7285,2202.7656,954.1219,2159.2656,903.2694,2111.423,844.9744,2035.6487,808.42316,2032.7831,845.071,2125.1133,897.83954,2213.3923,972.7188,2304.4617,1073.4741,2365.4478,1192.897,2387.1626,1303.6525,2376.7922,1391.0494,2329.2388,1446.0149,2247.507,1471.9938,2158.1458,1477.6411,2071.5906
840,840,14000,808.4002,2032.8492,821.0731,1987.8994,860.1251,1950.5339,926.63873,1917.2941,1036.896,1895.7542,1147.5603,1913.1074,1254.0255,1900.189,1356.4152,1928.7653,1422.4646,1969.8198,1460.4353,2017.6321,1477.7422,2071.5715,1444.8837,2072.1003,1408.7822,2033.2363,1361.0779,2006.3253,1305.3988,1989.2585,1232.5444,1984.4994,1145.5284,1984.293,1053.6437,1977.5255,974.3728,1975.4927,916.23737,1987.657,870.9866,2006.9321,844.9573,2035.7078,1444.8837,2072.1003,1413.5999,2141.9749,1383.9475,2188.1262,1339.1157,2223.9844,1273.9551,2246.354,1192.281,2249.4365,1098.12,2232.3032,1020.7259,2202.854,954.1124,2159.3752,903.24976,2111.5308,844.9573,2035.7078,808.4002,2032.8492,845.045,2125.2246,897.81647,2213.5508,972.7079,2304.6248,1073.4702,2365.6577,1192.9109,2387.3884,1303.7312,2377.0164,1391.197,2329.4019,1446.1998,2247.5735,1472.1715,2158.1687,1477.7422,2071.5715
841,841,14016,808.3359,2032.8712,821.0407,1987.9261,860.1045,1950.5198,926.6449,1917.2281,1036.9298,1895.6498,1147.7026,1912.9746,1254.3285,1899.9968,1356.9058,1928.3483,1423.0431,1969.2313,1460.9746,2016.9392,1478.1837,2070.7874,1445.2579,2071.4707,1409.1835,2032.7836,1361.5223,2006.0399,1305.7928,1989.1255,1232.7946,1984.4769,1145.6471,1984.3032,1053.6687,1977.5474,974.3765,1975.5144,916.2276,1987.6815,870.9589,2006.9573,844.90485,2035.7256,1445.2579,2071.4707,1413.882,2141.6523,1384.121,2187.8994,1339.2284,2223.9417,1273.9875,2246.351,1192.2766,2249.4753,1098.0875,2232.3718,1020.66425,2202.9148,954.05023,2159.435,903.1879,2111.5693,844.90485,2035.7256,808.3359,2032.8712,844.94696,2125.2615,897.6707,2213.6897,972.5598,2304.8704,1073.4045,2365.9795,1192.9047,2387.6145,1303.7839,2377.0945,1391.3336,2329.3928,1446.3882,2247.3525,1472.4602,2157.6787,1478.1837,2070.7874
842,842,14033,807.74976,2032.8889,820.54675,1987.9514,859.74347,1950.4937,926.51605,1917.1447,1036.9137,1895.5394,1147.711,1912.8767,1254.4169,1899.8827,1357.1752,1928.1699,1423.4495,1969.0208,1461.4296,2016.7299,1478.5901,2070.5833,1445.6396,2071.327,1409.5951,2032.67,1361.882,2005.9623,1306.0521,1989.0933,1232.9042,1984.4813,1145.6577,1984.3197,1053.6465,1977.5679,974.269,1975.5336,915.92786,1987.7046,870.4614,2006.9829,844.3073,2035.738,1445.6396,2071.327,1414.1737,2141.636,1384.2979,2187.883,1339.2966,2223.9402,1273.9883,2246.3628,1192.2361,2249.503,1097.9515,2232.4226,1020.3735,2202.9905,953.603,2159.561,902.62354,2111.691,844.3073,2035.738,807.74976,2032.8889,844.37805,2125.3337,897.1949,2213.8276,972.24536,2304.9946,1073.2458,2366.0857,1192.8657,2387.6719,1303.7821,2377.1306,1391.3761,2329.3877,1446.517,2247.3447,1472.7161,2157.6157,1478.5901,2070.5833
843,843,14050,807.74567,2033.0253,820.5487,1987.9772,859.75104,1950.5077,926.53796,1917.1289,1036.9592,1895.4569,1147.8137,1912.7577,1254.5737,1899.7257,1357.3749,1927.9539,1423.6294,1968.8093,1461.5803,2016.5476,1478.7017,2070.4646,1445.7749,2071.226,1409.7219,2032.5162,1362.0111,2005.811,1306.1738,1988.9633,1232.9952,1984.3959,1145.7224,1984.2666,1053.677,1977.5603,974.2936,1975.5466,915.9305,1987.7241,870.45953,2007.0115,844.2965,2035.8613,1445.7749,2071.226,1414.3091,2141.6116,1384.3955,2187.8667,1339.3479,2223.9355,1274.0002,2246.3772,1192.23,2249.543,1097.9435,2232.5085,1020.36145,2203.0947,953.5854,2159.7073,902.6103,2111.8625,844.2965,2035.8613,807.74567,2033.0253,844.3663,2125.5261,897.17413,2214.0269,972.2281,2305.1199,1073.2264,2366.1406,1192.8385,2387.6807,1303.7778,2377.1267,1391.3732,2329.3386,1446.5243,2247.2422,1472.7632,2157.527,1478.7017,2070.4646
844,844,14066,807.80365,2033.0779,820.60785,1988.0164,859.7864,1950.5363,926.5532,1917.1508,1036.9534,1895.4777,1147.7902,1912.7954,1254.5319,1899.7726,1357.3103,1928.0125,1423.5532,1968.8772,1461.515,2016.6232,1478.6572,2070.5457,1445.7457,2071.3005,1409.6877,2032.5632,1361.9648,2005.8419,1306.1287,1988.9797,1232.9583,1984.4014,1145.694,1984.2771,1053.6669,1977.5739,974.2953,1975.5592,915.9365,1987.7323,870.48083,2007.036,844.3367,2035.9073,1445.7457,2071.3005,1414.3033,2141.6887,1384.3947,2187.8782,1339.3467,2223.9712,1273.9979,2246.3977,1192.2253,2249.5479,1097.9388,2232.51,1020.3594,2203.0957,953.5897,2159.721,902.626,2111.8955,844.3367,2035.9073,807.80365,2033.0779,844.4015,2125.5723,897.1871,2214.0527,972.23004,2305.1226,1073.2214,2366.14,1192.8271,2387.6804,1303.7703,2377.1306,1391.368,2329.3472,1446.5177,2247.2546,1472.7472,2157.5889,1478.6572,2070.5457
845,845,14083,807.9871,2033.1013,820.6766,1988.0391,859.7886,1950.5491,926.5409,1917.1582,1036.7985,1895.4863,1147.5133,1912.8569,1254.1595,1899.8892,1356.9354,1928.2461,1423.2518,1969.1924,1461.317,2016.9886,1478.5596,2070.9438,1445.6318,2071.6504,1409.508,2032.856,1361.6843,2006.091,1305.809,1989.1647,1232.6687,1984.5044,1145.4705,1984.3208,1053.5785,1977.5825,974.2887,1975.5739,915.94684,1987.7513,870.57245,2007.0616,844.53534,2035.9337,1445.6318,2071.6504,1414.2887,2141.9607,1384.3971,2188.0242,1339.3687,2224.1145,1274.037,2246.462,1192.3004,2249.556,1097.998,2232.5,1020.42834,2203.0532,953.69305,2159.6868,902.758,2111.9004,844.53534,2035.9337,807.9871,2033.1013,844.5492,2125.585,897.2817,2214.0427,972.2893,2305.1033,1073.2776,2366.1418,1192.897,2387.7524,1303.8398,2377.3303,1391.4548,2329.6943,1446.5793,2247.636,1472.7494,2157.9873,1478.5596,2070.9438
846,846,14100,807.98535,2033.1807,820.6604,1988.1461,859.7178,1950.645,926.4544,1917.2717,1036.5294,1895.7124,1147.0835,1913.2266,1253.6565,1900.37,1356.4425,1928.8225,1422.8983,1969.7837,1461.1039,2017.5881,1478.4596,2071.4873,1445.5286,2072.2046,1409.3949,2033.4022,1361.5038,2006.5876,1305.5547,1989.6078,1232.3556,1984.8823,1145.1339,1984.619,1053.3049,1977.7787,974.127,1975.7096,915.84,1987.873,870.5352,2007.1935,844.53125,2036.0447,1445.5286,2072.2046,1414.2255,2142.4443,1384.3276,2188.3162,1339.2678,2224.3389,1273.8799,2246.5676,1192.1381,2249.593,1097.8114,2232.505,1020.2596,2203.0576,953.5879,2159.7173,902.69934,2111.9739,844.53125,2036.0447,807.98535,2033.1807,844.5244,2125.6208,897.1992,2214.0557,972.13885,2305.1055,1073.0996,2366.1575,1192.7395,2387.8237,1303.7178,2377.5415,1391.401,2330.0693,1446.5565,2248.1094,1472.7168,2158.522,1478.4596,2071.4873
847,847,14116,807.92255,2033.2518,820.56976,1988.218,859.5792,1950.6958,926.32104,1917.3247,1036.3391,1895.8113,1146.9048,1913.4075,1253.5228,1900.5496,1356.3663,1928.9991,1422.8545,1969.9459,1461.0808,2017.7355,1478.4467,2071.5942,1445.501,2072.3208,1409.3536,2033.5835,1361.4581,2006.8077,1305.4923,1989.8613,1232.256,1985.157,1144.9846,1984.8829,1053.1534,1977.9832,974.01056,1975.8552,915.73914,1987.9951,870.46936,2007.307,844.47107,2036.1213,1445.501,2072.3208,1414.1815,2142.524,1384.2588,2188.3372,1339.1595,2224.3733,1273.6938,2246.5925,1191.8622,2249.6091,1097.5135,2232.5076,1019.97943,2203.0574,953.3888,2159.7246,902.57043,2112.0022,844.47107,2036.1213,807.92255,2033.2518,844.3752,2125.6821,896.934,2214.1316,971.7874,2305.2,1072.7626,2366.312,1192.484,2388.0369,1303.5894,2377.803,1391.3595,2330.2983,1446.5469,2248.2668,1472.7119,2158.6514,1478.4467,2071.5942
848,848,14133,807.84485,2033.3601,820.51044,1988.3033,859.5093,1950.789,926.2478,1917.485,1036.2175,1896.0945,1146.8652,1913.7212,1253.518,1900.8032,1356.3744,1929.0938,1422.8773,1969.959,1461.1345,2017.7312,1478.546,2071.5771,1445.636,2072.3093,1409.4572,2033.5668,1361.5419,2006.8037,1305.5292,1989.8665,1232.253,1985.1759,1144.9458,1984.929,1053.0663,1978.0316,973.8992,1975.8921,915.5893,1988.0354,870.33276,2007.3761,844.3349,2036.2434,1445.636,2072.3093,1414.2726,2142.5344,1384.3103,2188.3582,1339.172,2224.5322,1273.6863,2246.9226,1191.7303,2250.0527,1097.319,2232.9426,1019.7602,2203.385,953.18304,2159.98,902.41315,2112.2258,844.3349,2036.2434,807.84485,2033.3601,844.273,2125.8513,896.7936,2214.3398,971.6306,2305.4355,1072.612,2366.5542,1192.3505,2388.2358,1303.5674,2377.9055,1391.3557,2330.3071,1446.5542,2248.257,1472.7551,2158.6458,1478.546,2071.5771
849,849,14150,807.75024,2033.6382,820.4378,1988.5521,859.4497,1951.0057,926.1996,1917.7329,1036.1224,1896.4585,1146.772,1914.197,1253.4558,1901.3546,1356.3291,1929.6664,1422.8483,1970.5364,1461.1246,2018.3141,1478.542,2072.1702,1445.6266,2072.8767,1409.4347,2034.1196,1361.5121,2007.352,1305.4814,1990.3965,1232.1758,1985.6731,1144.8363,1985.3778,1052.9762,1978.4099,973.83295,1976.1958,915.5133,1988.3054,870.2459,2007.648,844.23096,2036.5107,1445.6266,2072.8767,1414.249,2142.9924,1384.2562,2188.65,1339.0674,2224.7908,1273.5028,2247.1133,1191.4519,2250.1975,1097.0847,2233.065,1019.5449,2203.5024,952.99603,2160.1338,902.2579,2112.4333,844.23096,2036.5107,807.75024,2033.6382,844.098,2126.1243,896.57043,2214.611,971.3876,2305.639,1072.3531,2366.717,1192.0505,2388.4158,1303.3652,2378.1182,1391.2388,2330.5693,1446.5099,2248.601,1472.7452,2159.136,1478.542,2072.1702
850,850,14166,807.7568,2033.9751,820.4447,1988.9141,859.4501,1951.3848,926.198,1918.1857,1036.0763,1897.0815,1146.7189,1914.9634,1253.4075,1902.1252,1356.2727,1930.4017,1422.7964,1971.1766,1461.0896,2018.8396,1478.5281,2072.5867,1445.6154,2073.3032,1409.422,2034.594,1361.4966,2007.8778,1305.4589,1990.9547,1232.1464,1986.237,1144.7911,1985.9342,1052.9485,1978.9006,973.8253,1976.61,915.51,1988.6799,870.24445,2008.0067,844.2298,2036.8511,1445.6154,2073.3032,1414.2426,2143.3518,1384.2482,2188.8965,1339.0513,2225.03,1273.4703,2247.3147,1191.3954,2250.3643,1097.0342,2233.195,1019.5055,2203.6187,952.9757,2160.2905,902.25214,2112.6667,844.2298,2036.8511,807.7568,2033.9751,844.09686,2126.3882,896.5588,2214.814,971.3613,2305.7886,1072.3165,2366.8606,1191.9998,2388.5945,1303.3312,2378.335,1391.2228,2330.8284,1446.504,2248.887,1472.7404,2159.4968,1478.5281,2072.5867
851,851,14183,807.7869,2034.6412,820.46643,1989.4927,859.45654,1951.8535,926.199,1918.5948,1036.0546,1897.4862,1146.6753,1915.3905,1253.353,1902.5278,1356.2102,1930.7766,1422.7327,1971.5394,1461.0342,2019.1951,1478.477,2072.934,1445.5507,2073.6711,1409.3434,2034.9832,1361.4252,2008.2607,1305.3997,1991.3298,1232.0979,1986.6096,1144.7533,1986.3201,1052.9377,1979.3029,973.82587,1977.0509,915.5199,1989.2,870.27826,2008.6228,844.2614,2037.5157,1445.5507,2073.6711,1414.1835,2143.6528,1384.1869,2189.129,1338.9875,2225.3022,1273.4019,2247.5825,1191.3262,2250.6118,1096.9846,2233.4211,1019.48206,2203.8464,952.973,2160.588,902.25604,2113.0918,844.2614,2037.5157,807.7869,2034.6412,844.0971,2126.907,896.5444,2215.2593,971.32007,2306.186,1072.2554,2367.276,1191.9321,2389.0508,1303.2806,2378.7996,1391.1869,2331.261,1446.4819,2249.247,1472.7179,2159.838,1478.477,2072.934
852,852,14200,807.7873,2035.4247,820.45087,1990.098,859.3788,1952.2499,926.0732,1918.8484,1035.8564,1897.647,1146.5187,1915.5073,1253.2334,1902.5847,1356.1107,1930.7913,1422.5989,1971.5415,1460.8407,2019.1909,1478.2301,2072.9238,1445.2792,2073.6638,1409.0449,2034.9855,1361.2031,2008.2778,1305.2299,1991.3787,1231.9447,1986.7134,1144.5977,1986.4987,1052.8154,1979.5635,973.7674,1977.3988,915.4962,1989.6656,870.2773,2009.228,844.2621,2038.2393,1445.2792,2073.6638,1413.893,2143.6543,1383.9093,2189.131,1338.7477,2225.3784,1273.1631,2247.7876,1191.0143,2250.9514,1096.7262,2233.8022,1019.32385,2204.2366,952.9159,2161.0403,902.2475,2113.6711,844.2621,2038.2393,807.7873,2035.4247,844.0689,2127.6243,896.4074,2215.961,971.0548,2306.9402,1071.9404,2368.07,1191.6172,2389.7346,1303.0966,2379.2407,1391.019,2331.4114,1446.2828,2249.2527,1472.4915,2159.8298,1478.2301,2072.9238
853,853,14216,807.54285,2035.7904,820.0299,1990.3262,858.71204,1952.3488,925.3266,1918.8888,1035.0676,1897.6829,1145.891,1915.548,1252.7883,1902.6001,1355.8815,1930.7932,1422.47,1971.5416,1460.7498,2019.1901,1478.144,2072.9192,1445.1481,2073.6675,1408.852,2035.0083,1360.9885,2008.3251,1304.9484,1991.4637,1231.5431,1986.8552,1144.0553,1986.6815,1052.2583,1979.7732,973.28674,1977.6134,915.10254,1989.9154,870.0296,2009.5359,844.04785,2038.6,1445.1481,2073.6675,1413.6821,2143.6697,1383.5847,2189.142,1338.2902,2225.4338,1272.5033,2247.896,1190.1042,2251.1135,1095.8234,2233.9624,1018.55115,2204.3948,952.37836,2161.2344,901.89935,2113.9321,844.04785,2038.6,807.54285,2035.7904,843.5962,2127.9656,895.6243,2216.375,970.0495,2307.5205,1070.937,2368.7993,1190.7717,2390.4424,1302.5818,2379.8276,1390.7184,2331.7266,1446.1057,2249.3376,1472.3767,2159.844,1478.144,2072.9192
854,854,14233,807.38904,2036.1852,819.7789,1990.6321,858.3222,1952.5483,924.8673,1919.021,1034.5596,1897.7994,1145.4901,1915.6594,1252.5043,1902.6537,1355.7177,1930.8098,1422.3613,1971.5468,1460.6707,2019.188,1478.0769,2072.9104,1445.0299,2073.665,1408.6798,2035.0352,1360.8044,2008.3923,1304.7345,1991.5896,1231.2705,1987.06,1143.7042,1986.9594,1051.924,1980.1018,973.02155,1977.9584,914.9034,1990.2822,869.91644,2009.9281,843.9412,2038.9945,1445.0299,2073.665,1413.5363,2143.681,1383.3938,2189.1587,1338.0537,2225.504,1272.2041,2248.0142,1189.7151,2251.273,1095.4598,2234.1304,1018.2504,2204.5674,952.1689,2161.4421,901.7609,2114.2034,843.9412,2038.9945,807.38904,2036.1852,843.311,2128.3457,895.1994,2216.8303,969.54553,2308.0789,1070.4662,2369.4275,1190.393,2391.0374,1302.3599,2380.339,1390.5957,2332.0388,1446.0326,2249.431,1472.3229,2159.8506,1478.0769,2072.9104
855,855,14250,807.2294,2036.8809,819.5771,1991.2001,858.0681,1952.9723,924.5849,1919.367,1034.1611,1898.1417,1145.0599,1916.0212,1252.1033,1902.9521,1355.3845,1931.0415,1422.1261,1971.7676,1460.518,2019.4331,1477.9656,2073.2002,1444.8578,2073.9907,1408.428,2035.3549,1360.5079,2008.7026,1304.3922,1991.9053,1230.8876,1987.4016,1143.2999,1987.3292,1051.5854,1980.5007,972.7714,1978.3989,914.7187,1990.8082,869.8003,2010.5692,843.83496,2039.6929,1444.8578,2073.9907,1413.3536,2144.042,1383.186,2189.561,1337.8257,2226.0757,1271.9413,2248.6794,1189.4167,2251.9565,1095.166,2234.7676,1018.00226,2205.147,951.988,2161.9988,901.62933,2114.7925,843.83496,2039.6929,807.2294,2036.8809,843.0433,2129.0312,894.8361,2217.6375,969.1459,2309.035,1070.1154,2370.5068,1190.1329,2392.1785,1302.2086,2381.463,1390.5142,2333.003,1445.9791,2250.0735,1472.269,2160.2449,1477.9656,2073.2002
856,856,14266,807.1274,2037.3896,819.51965,1991.8696,858.0266,1953.7882,924.53796,1920.3639,1033.9915,1899.4235,1144.7214,1917.605,1251.6593,1904.6624,1354.7437,1932.877,1421.4568,1973.6489,1459.9277,2021.3264,1477.445,2075.0483,1444.3002,2075.7668,1407.8646,2037.2058,1359.9166,2010.5642,1303.8314,1993.721,1230.4244,1989.0731,1142.927,1988.8451,1051.3755,1981.8054,972.6645,1979.4988,914.63556,1991.7284,869.73083,2011.317,843.7411,2040.2231,1444.3002,2075.7668,1412.8866,2145.322,1382.7197,2190.3994,1337.3246,2226.5598,1271.459,2248.8809,1189.0543,2252.0264,1094.911,2234.8118,1017.79047,2205.219,951.79834,2162.1677,901.4725,2115.103,843.7411,2040.2231,807.1274,2037.3896,842.86835,2129.3906,894.6237,2217.8518,968.92017,2309.0962,1069.816,2370.5203,1189.6947,2392.2205,1301.6475,2381.649,1389.9879,2333.5686,1445.5656,2251.1743,1471.877,2161.776,1477.445,2075.0483
857,857,14283,806.7569,2039.0483,819.4009,1994.3383,857.99036,1956.8198,924.46533,1923.8347,1033.5549,1903.3635,1143.4828,1922.9558,1249.8092,1910.8322,1352.4281,1941.3927,1419.2495,1983.4856,1458.3184,2031.7817,1476.3499,2085.4434,1442.9373,2085.2983,1405.9084,2047.399,1357.6403,2020.475,1301.5604,2002.5717,1228.6017,1996.3634,1141.6779,1994.957,1050.9403,1986.9564,972.576,1983.9846,914.60767,1995.5315,869.6836,2014.2311,843.45874,2041.8444,1442.9373,2085.2983,1411.4453,2150.5586,1381.3302,2193.1257,1335.8204,2227.4402,1270.0632,2248.9326,1188.184,2251.924,1094.4308,2234.5745,1017.4358,2205.0938,951.4812,2162.1726,901.1738,2115.4126,843.45874,2041.8444,806.7569,2039.0483,842.3687,2130.185,894.0933,2218.0896,968.3861,2309.0923,1069.1196,2370.4702,1188.5919,2392.2178,1300.1907,2382.051,1388.7064,2335.6143,1444.7056,2255.98,1471.0818,2169.32,1476.3499,2085.4434
858,858,14300,805.6334,2054.9639,818.72235,2010.16,857.53204,1971.0361,923.9222,1935.7633,1032.1129,1913.2947,1139.4781,1934.8179,1243.7251,1923.603,1346.3605,1959.9769,1414.1539,2006.3514,1454.7245,2057.5605,1473.7418,2112.1714,1439.6608,2110.5593,1400.9419,2073.986,1351.9658,2045.709,1295.653,2024.8838,1223.6099,2015.0013,1138.2122,2011.2827,1049.7177,2002.7843,972.3981,2000.7566,914.5848,2013.1707,869.65466,2031.5798,842.65436,2057.0935,1439.6608,2110.5593,1406.6594,2164.2368,1375.3104,2199.4878,1327.9396,2228.561,1261.4076,2248.7273,1180.9799,2250.4163,1089.2598,2233.1775,1013.6041,2204.957,948.6844,2163.3408,899.33044,2120.9094,842.65436,2057.0935,805.6334,2054.9639,840.04517,2138.8862,890.8048,2221.2803,964.4509,2309.1917,1063.7644,2370.015,1181.0879,2391.9163,1291.615,2382.3296,1381.6948,2339.7485,1440.5596,2267.5146,1468.2996,2188.3992,1473.7418,2112.1714
859,859,14316,803.23553,2073.5107,817.52386,2030.525,856.8262,1991.6565,923.05365,1955.5474,1029.4425,1932.2509,1132.8798,1956.2303,1234.6294,1946.3903,1337.3584,1987.5941,1406.7921,2035.7582,1450.3087,2086.5044,1471.6328,2138.4624,1437.1858,2136.3435,1395.427,2103.8245,1345.0693,2076.7173,1287.604,2054.627,1215.8992,2041.7573,1131.8104,2035.6215,1046.8827,2026.3856,971.66876,2024.6398,914.2692,2036.9136,869.3843,2053.7993,840.33215,2075.6099,1437.1858,2136.3435,1400.4861,2176.7554,1365.5416,2203.893,1313.6821,2228.5747,1244.3208,2246.0237,1163.8787,2245.1653,1076.3123,2228.7822,1003.705,2203.7983,941.3964,2164.221,894.5726,2127.2869,840.33215,2075.6099,803.23553,2073.5107,835.42816,2148.633,883.93823,2224.1116,955.48065,2308.9226,1050.8314,2366.0867,1162.6128,2387.3984,1271.8679,2380.935,1364.7622,2340.4011,1429.846,2274.861,1462.8187,2205.1033,1471.6328,2138.4624
860,860,14333,803.1358,2101.4648,817.55316,2061.2532,856.8571,2022.6691,922.9083,1985.5732,1026.5549,1960.4197,1124.637,1984.4738,1222.7991,1974.6334,1324.4666,2016.9539,1395.024,2063.3652,1441.463,2110.8076,1466.3475,2157.2383,1431.9652,2154.7656,1386.32,2129.0454,1335.4724,2105.1504,1277.7717,2084.0525,1206.9769,2070.7153,1124.5071,2064.5122,1044.1434,2056.1082,971.52344,2056.0618,914.41455,2069.2117,869.98065,2085.015,840.097,2102.5308,1431.9652,2154.7656,1389.5977,2182.5737,1350.7595,2203.8782,1295.6265,2224.8313,1224.7982,2235.3533,1144.9297,2232.6794,1062.9642,2219.393,994.8131,2200.8245,936.38995,2165.6985,892.45264,2137.7822,840.097,2102.5308,803.1358,2101.4648,834.34247,2164.109,880.9541,2228.0354,949.76636,2306.4426,1039.7965,2353.7258,1143.9645,2371.6177,1250.3019,2368.1868,1342.994,2336.8494,1412.1129,2275.0251,1451.1584,2213.6086,1466.3475,2157.2383
861,861,14350,802.2068,2125.797,817.69763,2089.201,857.86084,2052.4036,923.5332,2015.6389,1026.3026,1988.3354,1122.249,2010.4003,1218.1484,1997.3561,1317.983,2035.7545,1388.5171,2077.824,1436.4232,2120.128,1463.5742,2160.5757,1429.5808,2158.497,1381.629,2139.0806,1331.1554,2119.5835,1273.6361,2101.6218,1203.7097,2090.8523,1122.3884,2087.3118,1043.7596,2081.264,971.7889,2083.41,915.07983,2097.1526,870.48645,2111.7283,838.6535,2125.6133,1429.5808,2158.497,1383.4885,2180.5667,1342.3804,2201.127,1285.9355,2211.9675,1214.9827,2218.155,1135.466,2216.4678,1056.3162,2207.4875,989.748,2196.0498,932.5181,2166.9973,889.87756,2147.8225,838.6535,2125.6133,802.2068,2125.797,833.17065,2178.83,879.5398,2232.0854,948.0311,2301.936,1035.8672,2337.884,1135.691,2350.1414,1238.9426,2345.8542,1329.4127,2320.7605,1399.5289,2274.4329,1442.6632,2211.406,1463.5742,2160.5757
862,862,14366,800.1826,2131.1033,818.28204,2100.8845,861.04694,2069.7402,926.91284,2037.2175,1026.6813,2010.7507,1122.5784,2031.5494,1216.9929,2014.9926,1313.5583,2047.4587,1382.017,2082.8386,1429.4568,2117.7512,1458.6971,2151.6724,1425.7086,2150.7444,1375.8396,2138.4636,1327.435,2126.0935,1271.0283,2114.479,1202.7139,2108.5017,1122.5853,2107.919,1043.8413,2103.3796,973.3515,2104.7275,916.3062,2114.8064,870.94196,2124.0898,835.5876,2131.4702,1425.7086,2150.7444,1375.9735,2176.8486,1333.2833,2180.8132,1276.7562,2184.1943,1207.0631,2189.7537,1128.9827,2190.7317,1052.0132,2185.6934,985.95526,2180.96,928.7387,2165.0396,886.42566,2147.7512,835.5876,2131.4702,800.1826,2131.1033,831.9238,2179.5847,878.7332,2231.7878,947.51245,2287.7124,1034.1655,2314.4287,1130.5183,2321.9832,1229.6671,2315.0178,1316.3657,2290.0894,1385.2166,2253.1301,1431.0457,2208.1282,1458.6971,2151.6724
863,863,14383,797.3812,2128.996,818.7422,2103.1262,863.8655,2076.1213,930.23956,2046.7401,1027.5984,2021.6523,1123.1901,2042.5742,1216.8864,2024.3376,1311.2552,2053.4897,1377.9294,2084.4937,1424.4419,2114.1711,1455.1057,2143.7512,1423.2633,2143.664,1371.6748,2136.8704,1325.048,2130.495,1269.3188,2124.4084,1202.1287,2122.3364,1122.9147,2123.3499,1044.0941,2118.8958,974.8144,2118.018,917.09735,2123.8782,871.2065,2128.1455,831.6265,2130.2744,1423.2633,2143.664,1371.8291,2164.024,1328.5488,2159.286,1272.2294,2160.3408,1203.1892,2166.1394,1125.8961,2168.6448,1049.6348,2164.862,983.2237,2162.9758,925.3574,2157.1492,882.66785,2145.5425,831.6265,2130.2744,797.3812,2128.996,829.9564,2176.3499,877.202,2228.6443,946.48193,2274.2996,1032.6567,2298.9597,1127.4795,2305.1982,1224.8884,2296.7104,1310.0978,2269.3113,1378.0133,2231.826,1424.2727,2201.1328,1455.1057,2143.7512
864,864,14400,794.96045,2126.5317,819.32117,2103.6863,866.1796,2079.5098,932.57446,2051.8708,1028.2618,2027.0098,1123.4854,2048.4814,1216.3397,2028.4952,1309.225,2056.0059,1374.6526,2084.4429,1420.3585,2110.714,1452.4132,2137.9534,1422.0199,2138.3997,1369.3993,2135.1013,1323.947,2133.7742,1268.1453,2132.9495,1201.461,2134.9429,1123.0084,2137.548,1044.2373,2133.0083,975.69006,2129.5293,917.3142,2130.9866,871.22687,2130.5857,827.5027,2128.6892,1422.0199,2138.3997,1370.1531,2151.4224,1326.3295,2144.6152,1269.7476,2144.9412,1200.7601,2150.7056,1124.0094,2153.9907,1048.2484,2150.3125,981.37463,2149.5166,922.5509,2148.7393,878.97046,2144.0933,827.5027,2128.6892,794.96045,2126.5317,828.89246,2173.1765,876.6656,2222.6265,946.28485,2263.2144,1032.084,2287.9421,1125.7534,2294.0005,1221.9585,2284.5945,1305.9241,2255.2334,1372.9333,2215.6316,1419.3813,2189.177,1452.4132,2137.9534
865,865,14416,792.7223,2125.0493,819.5669,2104.1077,867.40674,2081.6475,933.8703,2055.5188,1028.6721,2031.6383,1123.7635,2053.1453,1216.3616,2032.5181,1308.5287,2058.2524,1373.3718,2084.8008,1418.642,2108.9116,1451.1971,2134.243,1421.6527,2135.0144,1368.8829,2133.5469,1323.9387,2133.9812,1267.9685,2134.8489,1201.2927,2138.2427,1123.1069,2141.4631,1044.2592,2136.753,975.97797,2132.4407,917.3073,2132.699,871.15356,2130.9883,824.0971,2127.6301,1421.6527,2135.0144,1369.9237,2143.641,1326.0973,2138.2136,1269.4298,2139.5818,1200.2736,2145.9258,1123.4772,2149.443,1047.3776,2145.3286,979.8754,2143.8635,920.20654,2143.7192,875.941,2143.1172,824.0971,2127.6301,792.7223,2125.0493,828.0096,2170.9255,876.31665,2217.3994,946.24493,2256.7163,1031.9358,2282.2212,1125.1882,2288.5322,1220.8062,2278.9514,1304.2803,2248.836,1370.9646,2207.4807,1417.3584,2180.185,1451.1971,2134.243
866,866,14433,789.3155,2123.299,819.5441,2103.872,867.5709,2082.975,934.04895,2058.3943,1028.7163,2035.811,1123.0947,2057.4565,1215.0505,2036.4451,1306.4196,2060.7466,1371.0198,2085.5588,1416.2689,2107.733,1449.5382,2131.4456,1420.8092,2132.449,1367.8671,2132.3872,1323.2449,2134.0361,1266.9227,2136.0796,1200.1774,2140.418,1122.3228,2144.0547,1044.1753,2139.155,975.95215,2134.1064,916.7984,2133.3723,870.1395,2130.694,819.6827,2126.3064,1420.8092,2132.449,1369.0282,2138.483,1324.9417,2135.3428,1267.856,2137.9656,1198.2999,2144.94,1121.2401,2148.6726,1045.0045,2144.1267,977.0286,2141.7048,916.6551,2140.6316,871.81104,2142.419,819.6827,2126.3064,789.3155,2123.299,826.1411,2169.053,875.14777,2212.584,945.3818,2252.1775,1030.6578,2278.41,1123.1122,2285.032,1218.2399,2275.3948,1301.5427,2244.9392,1368.2617,2202.4976,1414.9146,2172.8762,1449.5382,2131.4456
867,867,14450,786.1056,2122.9512,819.2481,2104.6055,867.4333,2084.6035,933.8911,2060.8413,1028.474,2038.9552,1121.8586,2060.4854,1213.4028,2039.26,1304.3315,2062.5623,1368.9315,2086.272,1414.3839,2107.132,1448.2094,2129.4397,1420.0316,2130.658,1366.9967,2131.6736,1322.4077,2133.9106,1265.6896,2136.4568,1198.7616,2141.2158,1121.0983,2145.0598,1043.6667,2140.2085,975.5242,2134.9897,915.5938,2133.984,868.3815,2131.0132,815.87354,2126.1516,1420.0316,2130.658,1368.2257,2135.403,1323.902,2134.155,1266.4586,2137.575,1196.6321,2144.8838,1119.4252,2148.6895,1042.8712,2144.0012,974.4267,2141.0608,913.49384,2139.0815,868.19775,2141.6882,815.87354,2126.1516,786.1056,2122.9512,824.3347,2167.6975,874.0842,2208.8923,944.6055,2248.6956,1029.5997,2274.958,1121.602,2281.661,1216.1456,2272.0781,1299.219,2241.9775,1366.0696,2199.4617,1413.0444,2167.7947,1448.2094,2129.4397
868,868,14466,782.8549,2122.6587,818.34973,2104.5898,867.3593,2084.6697,933.82635,2060.9446,1027.7134,2039.1635,1120.045,2060.736,1211.2954,2039.6484,1302.1459,2063.0154,1366.9636,2086.7327,1412.7336,2107.2803,1446.9716,2128.1926,1419.1494,2129.684,1365.844,2131.6345,1321.1517,2133.8499,1264.0409,2136.1394,1196.8579,2140.671,1119.3029,2144.3718,1042.5393,2139.4268,974.4615,2134.296,913.7613,2133.489,866.1118,2130.7012,812.3567,2125.8684,1419.1494,2129.684,1367.137,2133.9211,1322.5088,2133.825,1264.6968,2137.3599,1194.5404,2144.5176,1117.2195,2148.1445,1040.4727,2143.338,971.7523,2140.2744,910.46967,2137.8892,864.8866,2141.2136,812.3567,2125.8684,782.8549,2122.6587,821.93787,2166.7197,872.25415,2206.637,943.02716,2247.251,1027.7423,2273.8667,1119.4575,2280.7886,1213.8674,2271.5278,1297.1599,2241.6934,1364.3395,2198.905,1411.5579,2165.3022,1446.9716,2128.1926
869,869,14483,780.6022,2122.5054,817.5365,2104.8738,867.228,2085.3572,933.64276,2061.998,1026.761,2040.5775,1118.215,2062.1223,1209.2523,2041.0442,1299.8104,2064.1006,1364.5155,2087.438,1410.2938,2107.4485,1444.7704,2127.1887,1417.3759,2128.929,1364.015,2131.6846,1319.4124,2134.1245,1262.1863,2136.5828,1194.9363,2141.2493,1117.4554,2145.0425,1041.2081,2140.049,973.19324,2134.8071,911.9496,2133.8267,864.0376,2130.8713,809.97766,2125.8145,1417.3759,2128.929,1365.2709,2133.0208,1320.5372,2133.9482,1262.6885,2137.7854,1192.5834,2144.996,1115.3274,2148.5742,1038.5336,2143.623,969.7196,2140.3118,908.29004,2137.3438,862.5713,2140.6892,809.97766,2125.8145,780.6022,2122.5054,820.29755,2165.9263,871.01575,2204.8987,941.8508,2246.117,1026.2175,2272.9497,1117.4803,2280.0896,1211.3921,2270.9146,1294.3663,2241.225,1361.483,2198.4019,1408.919,2163.4194,1444.7704,2127.1887
870,870,14500,779.12585,2122.3909,816.9275,2105.0847,867.15814,2085.9048,933.5462,2062.8757,1026.1726,2041.7784,1117.298,2063.3242,1208.3928,2042.3387,1298.8785,2065.1685,1363.5232,2088.2007,1409.2799,2107.8079,1443.7738,2126.5042,1416.544,2128.4792,1363.3112,2131.9314,1318.692,2134.5435,1261.3934,2137.137,1194.0297,2141.8872,1116.4818,2145.7288,1040.377,2140.6545,972.2764,2135.2942,910.6136,2134.149,862.49567,2131.0122,808.47363,2125.7869,1416.544,2128.4792,1364.5884,2132.5771,1319.8943,2134.2139,1262.0728,2138.2273,1191.9806,2145.4514,1114.712,2148.9917,1037.7023,2143.916,968.6977,2140.4485,907.0597,2137.055,861.14905,2140.2156,808.47363,2125.7869,779.12585,2122.3909,819.2019,2165.3132,870.23755,2203.718,941.1824,2245.482,1025.4945,2272.4963,1116.7643,2279.814,1210.5558,2270.707,1293.4595,2241.139,1360.5624,2198.2927,1407.9962,2162.279,1443.7738,2126.5042
871,871,14516,777.93054,2122.2827,816.34064,2105.1392,867.0756,2086.1128,933.4959,2063.2395,1025.8112,2042.315,1116.7501,2063.9453,1207.9476,2042.9967,1298.4138,2065.7761,1363.0159,2088.8025,1408.7083,2108.318,1443.0887,2126.1667,1415.9113,2128.3447,1362.7783,2132.3276,1318.1545,2134.9055,1260.851,2137.3845,1193.4375,2142.0413,1115.8298,2145.829,1039.7738,2140.6738,971.57336,2135.301,909.6011,2134.1584,861.294,2131.0095,807.34,2125.7158,1415.9113,2128.3447,1364.0862,2132.4375,1319.4637,2134.5034,1261.7018,2138.533,1191.6552,2145.7026,1114.3462,2149.1663,1037.1842,2144.0166,968.0292,2140.4597,906.2303,2136.819,860.16345,2139.856,807.34,2125.7158,777.93054,2122.2827,818.1883,2164.8635,869.436,2203.114,940.49603,2245.5605,1024.868,2272.8186,1116.2766,2280.2522,1210.1891,2271.2085,1293.1613,2241.668,1360.21,2198.669,1407.5221,2161.7625,1443.0887,2126.1667
872,872,14533,777.3392,2122.305,815.96423,2105.2402,867.0316,2086.2886,933.4113,2063.5156,1025.6735,2042.7385,1116.6028,2064.474,1207.9714,2043.6752,1298.5924,2066.5195,1363.2689,2089.6062,1408.9005,2109.112,1443.0171,2126.1782,1415.7904,2128.552,1362.8359,2133.0496,1318.1595,2135.6233,1260.8141,2138.0454,1193.302,2142.6047,1115.5974,2146.2441,1039.4955,2140.997,971.17334,2135.5503,908.9779,2134.3403,860.5706,2131.1262,806.8601,2125.7664,1415.7904,2128.552,1364.1785,2132.5774,1319.636,2135.001,1261.898,2138.9756,1191.8274,2146.0164,1114.4839,2149.367,1037.1432,2144.096,967.85095,2140.4631,905.93115,2136.656,859.7419,2139.507,806.8601,2125.7664,777.3392,2122.305,817.6415,2164.4807,869.03076,2202.5676,940.1951,2245.4111,1024.7054,2272.7961,1116.3275,2280.3513,1210.3551,2271.48,1293.4572,2242.1187,1360.5775,2199.1802,1407.793,2161.6035,1443.0171,2126.1782
873,873,14550,777.4999,2123.2969,815.8949,2106.469,866.9223,2087.596,933.3167,2064.7744,1025.5326,2043.8047,1116.4347,2065.4502,1207.8685,2044.512,1298.6165,2067.2727,1363.3677,2090.254,1409.0103,2109.6458,1443.0192,2126.1692,1415.783,2128.728,1362.9775,2133.6184,1318.2345,2136.3557,1260.8342,2139.0186,1193.2338,2143.787,1115.4491,2147.5645,1039.3308,2142.4497,970.96844,2137.0076,908.73804,2135.7244,860.3779,2132.387,807.13574,2126.798,1415.783,2128.728,1364.3505,2132.7961,1319.8608,2135.6243,1262.1091,2139.7754,1192.0065,2146.9685,1114.6844,2150.4265,1037.3368,2145.175,968.06714,2141.3743,906.18665,2137.0752,860.0121,2139.0244,807.13574,2126.798,777.4999,2123.2969,817.72943,2164.4512,869.127,2202.6626,940.291,2246.0962,1024.8854,2273.634,1116.5702,2281.1501,1210.5759,2272.1614,1293.6206,2242.6401,1360.7325,2199.5977,1407.942,2161.5093,1443.0192,2126.1692
874,874,14566,777.6592,2124.0496,815.87164,2107.27,866.82263,2088.3687,933.2093,2065.4604,1025.526,2044.3936,1116.5352,2066.024,1208.1346,2045.1057,1299.0148,2067.9983,1363.793,2091.05,1409.3635,2110.4036,1443.1824,2126.43,1415.8911,2129.1238,1363.2747,2134.352,1318.5049,2137.1375,1261.1033,2139.7961,1193.4241,2144.538,1115.5237,2148.3232,1039.3109,2143.2275,970.89197,2137.8103,908.63477,2136.557,860.2896,2133.205,807.3879,2127.5466,1415.8911,2129.1238,1364.6595,2133.081,1320.2671,2136.2585,1262.5647,2140.4812,1192.4452,2147.6733,1115.0743,2151.1216,1037.676,2145.8767,968.3821,2142.016,906.4901,2137.4204,860.2924,2138.6548,807.3879,2127.5466,777.6592,2124.0496,817.82806,2164.5532,869.2454,2202.8586,940.442,2246.8196,1025.1606,2274.4922,1116.9283,2282.031,1210.9757,2273.018,1294.0322,2243.4126,1361.1422,2200.2297,1408.3041,2161.6057,1443.1824,2126.43
875,875,14583,778.0608,2124.904,815.9156,2108.0708,866.8669,2089.0503,933.23175,2066.002,1025.5488,2044.8301,1116.7809,2066.431,1208.5835,2045.6005,1299.6406,2068.6167,1364.4956,2091.7488,1410.0471,2111.1335,1443.6118,2126.8064,1416.1587,2129.587,1363.7926,2134.9863,1318.9396,2137.6934,1261.5465,2140.2446,1193.7911,2144.8792,1115.7594,2148.5996,1039.3608,2143.5215,970.9131,2138.2065,908.6693,2137.1123,860.37384,2133.92,807.9576,2128.3457,1416.1587,2129.587,1365.2257,2133.3413,1320.9529,2136.69,1263.3127,2140.8516,1193.2118,2148.0261,1115.8096,2151.5034,1038.3252,2146.3125,969.00226,2142.5015,907.11017,2137.7463,860.8941,2138.3567,807.9576,2128.3457,778.0608,2124.904,818.0643,2164.7844,869.45184,2203.0952,940.67957,2247.5005,1025.6149,2275.2117,1117.6503,2282.7131,1211.9028,2273.6494,1295.0848,2243.9631,1362.2042,2200.731,1409.2104,2161.72,1443.6118,2126.8064
876,876,14600,778.4511,2125.9756,816.1534,2109.0344,867.1132,2089.7576,933.45416,2066.406,1025.7502,2044.8496,1116.9769,2066.2595,1209.0552,2045.3403,1300.3511,2068.3381,1365.3174,2091.54,1410.7983,2111.107,1443.8788,2126.8096,1416.236,2129.643,1364.3046,2134.973,1319.3492,2137.579,1262.0103,2140.0913,1194.1549,2144.7651,1115.9294,2148.6016,1039.4958,2143.6648,971.09436,2138.6099,908.78577,2137.783,860.4389,2134.7832,808.54346,2129.3257,1416.236,2129.643,1365.8237,2133.4622,1321.8292,2136.8313,1264.3342,2140.9773,1194.2512,2148.2344,1116.7954,2151.833,1039.0961,2146.7751,969.69403,2143.049,907.7851,2138.0842,861.5421,2138.2205,808.54346,2129.3257,778.4511,2125.9756,818.2573,2165.31,869.5997,2203.3357,940.85864,2248.341,1026.1166,2276.1233,1118.6455,2283.5156,1213.1935,2274.3271,1296.5282,2244.4595,1363.5985,2201.052,1410.2968,2161.7524,1443.8788,2126.8096
877,877,14616,778.65656,2126.811,816.6212,2109.7146,867.5892,2090.191,933.9569,2066.5562,1026.3075,2044.579,1117.1122,2065.8442,1209.3977,2044.7992,1300.9675,2067.8662,1365.9998,2091.2031,1411.3628,2111.0093,1443.9622,2126.8113,1416.5065,2129.677,1364.6357,2134.9424,1319.5591,2137.4758,1262.289,2139.976,1194.3025,2144.7056,1116.1345,2148.6394,1039.9924,2143.838,971.5868,2138.9744,909.1878,2138.3157,860.7985,2135.439,808.97363,2130.0847,1416.5065,2129.677,1366.2413,2133.5217,1322.5383,2136.8215,1265.2205,2140.8987,1195.1882,2148.2197,1117.6866,2151.9497,1039.7516,2147.0122,970.2512,2143.4072,908.3154,2138.3528,862.0381,2138.15,808.97363,2130.0847,778.65656,2126.811,818.2995,2165.7676,869.6724,2203.5225,940.89905,2248.9517,1026.4724,2276.7546,1119.5377,2284.0232,1214.387,2274.7341,1297.8346,2244.702,1364.7722,2201.1858,1411.1504,2161.7507,1443.9622,2126.8113
878,878,14633,778.80054,2127.1323,817.2744,2110.1104,868.3611,2090.7292,934.76227,2067.2378,1027.123,2045.2549,1117.5961,2066.2842,1209.5144,2045.0265,1301.4692,2067.6587,1366.5651,2090.7036,1411.7855,2110.4734,1444.2788,2126.609,1417.1329,2129.4443,1364.6798,2134.3699,1319.759,2136.8662,1262.3816,2139.5015,1194.5585,2144.4465,1116.6826,2148.599,1040.7273,2143.9602,972.2308,2139.1946,909.6943,2138.5732,861.218,2135.7063,809.3202,2130.3904,1417.1329,2129.4443,1366.4146,2133.2466,1323.1101,2136.3992,1266.0304,2140.5522,1196.0718,2148.0479,1118.4944,2151.9475,1040.2767,2147.1353,970.67334,2143.6387,908.7314,2138.5767,862.4365,2138.0466,809.3202,2130.3904,778.80054,2127.1323,818.5318,2165.983,870.04474,2203.7021,941.341,2249.1372,1026.5211,2276.7083,1120.3099,2283.7786,1215.4895,2274.297,1299.0131,2244.1128,1365.8179,2200.612,1411.8638,2161.3523,1444.2788,2126.609
879,879,14650,779.0187,2127.162,817.6866,2110.086,868.8851,2090.6921,935.35144,2067.1636,1027.7908,2045.0681,1117.9921,2066.0044,1209.6553,2044.6271,1301.9033,2067.134,1367.0458,2090.1396,1412.2069,2109.9788,1444.3469,2126.4456,1417.371,2129.2427,1364.899,2133.862,1319.8169,2136.2898,1262.4753,2138.9414,1194.7186,2143.9744,1117.1136,2148.2456,1041.303,2143.6829,972.7073,2138.9924,910.0535,2138.4458,861.4753,2135.6377,809.6636,2130.4084,1417.371,2129.2427,1366.7186,2132.9314,1323.6144,2135.9607,1266.6564,2140.1614,1196.7487,2147.7532,1119.1346,2151.742,1040.7224,2146.9949,971.0488,2143.6196,909.10895,2138.7102,862.80585,2137.9148,809.6636,2130.4084,779.0187,2127.162,818.6254,2166.0657,870.2824,2203.8418,941.6641,2249.236,1026.5952,2276.7358,1120.9349,2283.748,1216.2958,2274.1792,1299.8179,2243.833,1366.531,2200.2112,1412.4427,2160.981,1444.3469,2126.4456
880,880,14666,779.1255,2127.0806,817.6846,2110.1042,868.8379,2090.9075,935.3175,2067.6226,1027.8468,2045.7079,1118.0637,2066.6191,1209.9012,2045.0676,1302.2472,2067.2285,1367.3961,2089.9087,1412.4077,2109.5876,1444.826,2126.374,1418.0254,2129.0886,1365.0955,2133.5308,1320.0499,2136.151,1262.5123,2139.1255,1194.773,2144.4666,1117.1497,2148.9094,1041.37,2144.3604,972.72046,2139.5125,910.0708,2138.7468,861.50555,2135.7515,809.71906,2130.3928,1418.0254,2129.0886,1366.7769,2132.6895,1323.9756,2135.7632,1267.1317,2140.1606,1197.2,2147.9338,1119.5055,2152.017,1041.025,2147.244,971.2861,2143.8079,909.25494,2138.8506,862.8892,2137.8218,809.71906,2130.3928,779.1255,2127.0806,818.78076,2166.0742,870.4205,2203.934,941.7995,2249.2437,1026.9058,2276.713,1121.374,2283.6958,1216.7986,2274.0173,1300.3895,2243.502,1367.1155,2199.769,1412.8645,2160.5488,1444.826,2126.374
881,881,14683,778.18365,2126.5854,817.0381,2109.6428,868.38855,2090.7056,934.93933,2067.8005,1027.5613,2046.3462,1118.0719,2067.4612,1210.0697,2045.8005,1302.4302,2067.6748,1367.676,2089.9077,1412.7482,2109.2615,1444.9485,2126.292,1418.2983,2128.9668,1365.2881,2133.3198,1320.2472,2136.3052,1262.8231,2139.7793,1195.0312,2145.4905,1117.2201,2150.0493,1041.1959,2145.3303,972.27893,2140.0347,909.43427,2138.7878,860.71063,2135.4775,808.5576,2129.9946,1418.2983,2128.9668,1367.0563,2132.5044,1324.3037,2135.727,1267.2396,2140.378,1197.0259,2148.338,1119.0231,2152.4915,1040.5039,2147.6199,970.5958,2144.0244,908.31476,2138.9639,861.803,2137.716,808.5576,2129.9946,778.18365,2126.5854,818.264,2165.9766,870.0964,2203.9226,941.65594,2249.0713,1026.9067,2276.503,1121.0708,2283.5125,1216.4554,2273.7415,1300.1653,2243.0935,1367.1974,2199.2866,1413.2301,2160.0654,1444.9485,2126.292
882,882,14700,776.62305,2126.2026,815.72345,2109.341,867.1812,2090.6184,933.8005,2067.9614,1026.6495,2046.738,1117.5819,2067.9075,1209.8224,2046.1832,1302.2698,2067.887,1367.692,2089.8293,1412.9857,2108.96,1445.1198,2126.1165,1418.3416,2128.8853,1365.593,2133.1665,1320.5199,2136.5461,1263.0388,2140.5178,1195.0597,2146.5864,1116.9094,2151.2576,1040.5397,2146.4382,971.2477,2140.8044,908.191,2139.0938,859.3254,2135.4084,806.7945,2129.7185,1418.3416,2128.8853,1367.3657,2132.3787,1324.3888,2135.7961,1266.911,2140.703,1196.3032,2148.8474,1117.8984,2153.0627,1039.3074,2148.0977,969.2073,2144.326,906.7108,2139.0798,860.11865,2137.6323,806.7945,2129.7185,776.62305,2126.2026,817.048,2165.907,869.042,2203.9966,940.8379,2249.2666,1026.278,2276.861,1120.1802,2283.9436,1215.647,2274.0857,1299.56,2243.178,1366.943,2199.077,1413.393,2159.6628,1445.1198,2126.1165
883,883,14716,774.9426,2125.7898,814.20544,2108.9058,865.72925,2090.3464,932.36755,2067.9692,1025.3842,2047.123,1116.698,2068.4438,1209.1614,2046.7229,1301.6481,2068.2314,1367.2584,2089.886,1412.9114,2108.7659,1445.3506,2126.013,1418.4695,2128.8015,1365.7683,2133.0667,1320.603,2136.673,1262.9247,2140.8704,1194.6938,2147.052,1116.1719,2151.7231,1039.4639,2146.738,969.8135,2140.8599,906.63354,2138.91,857.68787,2135.075,805.0105,2129.349,1418.4695,2128.8015,1367.4751,2132.295,1324.0878,2135.8687,1266.1654,2140.9548,1195.2289,2149.1978,1116.5255,2153.428,1037.8588,2148.375,967.6043,2144.474,904.96216,2139.148,858.32996,2137.577,805.0105,2129.349,774.9426,2125.7898,815.59265,2165.8438,867.68494,2203.9868,939.6483,2249.2913,1025.2318,2277.0078,1118.9086,2284.1904,1214.4297,2274.338,1298.5212,2243.33,1366.2537,2199.0334,1413.1835,2159.4282,1445.3506,2126.013
884,884,14733,772.84125,2125.439,812.34125,2108.5852,864.0554,2090.2056,930.8969,2068.0647,1024.2113,2047.437,1115.854,2068.8809,1208.4888,2047.1594,1300.9668,2068.5654,1366.7506,2089.9883,1412.7277,2108.6223,1445.53,2125.9128,1418.5612,2128.7148,1365.843,2133.0305,1320.5837,2136.8628,1262.7051,2141.2344,1194.2391,2147.4766,1115.3821,2152.1252,1038.3071,2147.0364,968.24756,2141.0078,904.86255,2138.8752,855.73883,2134.876,802.8298,2129.0498,1418.5612,2128.7148,1367.4902,2132.2263,1323.7012,2135.9246,1265.4103,2141.1438,1194.2025,2149.4675,1115.2333,2153.722,1036.4174,2148.6055,965.9592,2144.6057,903.10583,2139.213,856.3233,2137.5205,802.8298,2129.0498,772.84125,2125.439,813.7495,2165.7861,866.011,2203.9746,938.222,2249.2979,1024.0416,2277.0854,1117.6554,2284.3066,1213.2882,2274.4456,1297.5382,2243.3555,1365.53,2198.9436,1412.8693,2159.2039,1445.53,2125.9128
885,885,14750,771.48047,2125.1167,811.1688,2108.2424,863.0459,2090.0317,930.0444,2068.113,1023.5749,2047.6844,1115.4529,2069.239,1208.2294,2047.529,1300.6868,2068.8767,1366.5282,2090.129,1412.6699,2108.5325,1445.695,2125.849,1418.6552,2128.6284,1365.9679,2133.0273,1320.6705,2137.048,1262.6863,2141.561,1194.0875,2147.8513,1115.0096,2152.4746,1037.6816,2147.2905,967.30896,2141.0989,903.7281,2138.7783,854.4577,2134.6265,801.4589,2128.7476,1418.6552,2128.6284,1367.5729,2132.1755,1323.5422,2135.9707,1265.0598,2141.294,1193.719,2149.675,1114.5928,2153.9417,1035.6533,2148.7568,965.0314,2144.6638,901.993,2139.23,855.0321,2137.4888,801.4589,2128.7476,771.48047,2125.1167,812.6388,2165.748,865.0755,2203.8723,937.46857,2249.217,1023.4593,2277.131,1117.0583,2284.4312,1212.7671,2274.5732,1297.092,2243.388,1365.1676,2198.8613,1412.7106,2159.0286,1445.695,2125.849
886,886,14766,770.45636,2124.8916,810.0817,2108.132,861.87115,2090.1182,928.844,2068.3735,1022.45026,2048.0469,1114.5465,2069.6514,1207.4879,2047.9509,1299.9623,2069.3103,1365.899,2090.4143,1412.2527,2108.557,1445.6802,2125.792,1418.5946,2128.5308,1365.8412,2133.1755,1320.4774,2137.4531,1262.3088,2142.1587,1193.5244,2148.54,1114.2024,2153.1624,1036.716,2147.92,966.1716,2141.5674,902.5848,2139.016,853.33014,2134.6335,800.3909,2128.5757,1418.5946,2128.5308,1367.3849,2132.201,1323.0104,2136.109,1264.2778,2141.536,1192.7799,2149.9692,1113.4888,2154.2354,1034.5299,2148.9976,963.90424,2144.8098,900.8811,2139.2866,853.9137,2137.4294,800.3909,2128.5757,770.45636,2124.8916,811.6732,2165.6992,864.0946,2203.8745,936.47675,2249.2866,1022.51166,2277.32,1116.0492,2284.6836,1211.8254,2274.8083,1296.203,2243.5347,1364.3789,2198.9033,1412.1763,2158.9688,1445.6802,2125.792
887,887,14783,769.9038,2124.7625,809.43756,2108.2976,861.0727,2090.6208,927.9372,2069.121,1021.4822,2048.886,1113.8019,2070.5476,1206.8911,2048.8079,1299.3716,2070.118,1365.4497,2090.9663,1412.0734,2108.7402,1445.7959,2125.6824,1418.6647,2128.4514,1365.8894,2133.4875,1320.4332,2138.0427,1262.1003,2142.9492,1193.1427,2149.4263,1113.6154,2154.0613,1035.9645,2148.7769,965.33826,2142.3013,901.8253,2139.5256,852.61334,2134.8794,799.73627,2128.5386,1418.6647,2128.4514,1367.4193,2132.2417,1322.8145,2136.2869,1263.883,2141.8235,1192.241,2150.2915,1112.8047,2154.5273,1033.7698,2149.2307,963.18115,2144.9385,900.2048,2139.3142,853.24335,2137.384,799.73627,2128.5386,769.9038,2124.7625,811.1232,2165.6438,863.4817,2203.909,935.7881,2249.4067,1021.8506,2277.5583,1115.4662,2284.9849,1211.4038,2275.1194,1295.9017,2243.7957,1364.1487,2199.0579,1412.069,2158.9812,1445.7959,2125.6824
888,888,14800,769.7408,2124.763,809.0192,2108.5488,860.38116,2091.0762,927.0638,2069.7007,1020.427,2049.595,1112.9008,2071.3027,1206.067,2049.6062,1298.5348,2070.8713,1364.7737,2091.5505,1411.6936,2109.0544,1445.8417,2125.577,1418.6752,2128.469,1365.7802,2133.9517,1320.2294,2138.6816,1261.7236,2143.6672,1192.6136,2150.1265,1112.9485,2154.6958,1035.1852,2149.3757,964.6021,2142.855,901.2896,2139.9587,852.2321,2135.1584,799.4823,2128.619,1418.6752,2128.469,1367.2872,2132.315,1322.3949,2136.4011,1263.2815,2142.0552,1191.5321,2150.5532,1112.0586,2154.7515,1032.9972,2149.3928,962.5604,2144.985,899.7686,2139.4636,852.90735,2137.4102,799.4823,2128.619,769.7408,2124.763,810.78894,2165.6267,862.9975,2203.9346,935.12604,2249.5254,1021.1358,2277.77,1114.8345,2285.249,1210.8577,2275.4158,1295.4661,2244.0774,1363.7993,2199.2412,1411.8325,2158.9958,1445.8417,2125.577
889,889,14816,769.9989,2125.2588,809.0095,2109.206,860.07324,2091.7444,926.5453,2070.294,1019.7346,2050.207,1112.3169,2071.7642,1205.3616,2050.0488,1297.7227,2071.1965,1364.0382,2091.8516,1411.1604,2109.3025,1445.7087,2125.5303,1418.5176,2128.553,1365.4409,2134.3457,1319.8683,2139.1238,1261.2676,2144.1023,1192.1449,2150.5325,1112.5381,2155.0886,1034.6915,2149.8398,964.2466,2143.438,901.2021,2140.569,852.326,2135.7192,799.76874,2129.1018,1418.5176,2128.553,1366.9762,2132.4573,1321.8447,2136.445,1262.6609,2142.2227,1190.9149,2150.7534,1111.6036,2154.912,1032.5192,2149.466,962.3065,2145.1235,899.8086,2139.8364,853.1021,2137.654,799.76874,2129.1018,769.9989,2125.2588,810.9234,2165.8152,862.9781,2204.0383,934.8303,2249.6318,1020.6712,2277.9377,1114.4333,2285.4333,1210.3252,2275.6418,1294.9701,2244.319,1363.3527,2199.3606,1411.4539,2159.0835,1445.7087,2125.5303
890,890,14833,770.23004,2126.515,809.02386,2110.6033,859.95404,2093.065,926.4158,2071.4016,1019.55536,2050.9717,1112.0702,2072.0674,1204.782,2050.437,1296.6534,2071.5022,1362.9452,2092.1697,1410.252,2109.6519,1445.2151,2125.6018,1417.9252,2128.7866,1364.5724,2134.915,1319.0448,2139.6494,1260.5597,2144.5269,1191.6823,2150.8,1112.3417,2155.3445,1034.4462,2150.276,964.12946,2144.2778,901.25,2141.6643,852.4526,2136.8704,800.04224,2130.2158,1417.9252,2128.7866,1366.1753,2132.864,1320.9846,2136.7327,1262.0234,2142.3223,1190.5261,2150.8252,1111.4955,2154.942,1032.3527,2149.6616,962.2596,2145.6072,899.9713,2140.6663,853.3494,2138.3284,800.04224,2130.2158,770.23004,2126.515,811.0103,2166.5786,862.8789,2204.716,934.49036,2249.7993,1020.3533,2278.0342,1114.39,2285.6199,1210.2563,2275.8328,1294.8854,2244.3906,1363.1295,2199.6736,1411.0302,2159.4592,1445.2151,2125.6018
891,891,14850,770.42505,2127.8877,809.0616,2112.088,859.8988,2094.4502,926.3385,2072.5232,1019.47766,2051.6606,1111.9779,2072.485,1204.4788,2050.7976,1296.1248,2071.8315,1362.359,2092.567,1409.6444,2110.1074,1444.7999,2125.7952,1417.4934,2129.0923,1364.0764,2135.4246,1318.6934,2140.1118,1260.2627,2144.9546,1191.5127,2151.233,1112.2997,2155.8596,1034.3647,2150.9707,964.0817,2145.2683,901.29407,2142.8652,852.5607,2138.1333,800.2676,2131.5137,1417.4934,2129.0923,1365.6481,2133.2822,1320.4601,2137.0166,1261.6667,2142.4749,1190.333,2150.9333,1111.486,2155.1575,1032.3077,2150.0469,962.27563,2146.2488,900.1132,2141.6157,853.54913,2139.2017,800.2676,2131.5137,770.42505,2127.8877,811.1149,2167.5234,862.8612,2205.6162,934.3209,2250.378,1020.2327,2278.479,1114.4392,2285.887,1210.2888,2276.0686,1294.8663,2244.6384,1362.9381,2200.048,1410.6221,2159.8801,1444.7999,2125.7952
892,892,14866,770.58246,2128.7917,809.0455,2112.876,859.6785,2095.0173,925.9576,2072.9004,1018.99756,2051.881,1111.532,2072.698,1203.831,2050.9255,1295.2682,2071.988,1361.3597,2092.8916,1408.5304,2110.6533,1443.7717,2126.2466,1416.4772,2129.5884,1363.0073,2135.9014,1317.836,2140.3677,1259.546,2144.9941,1190.945,2151.188,1111.908,2155.8328,1033.9875,2150.9946,963.8148,2145.4163,901.2209,2143.2402,852.6218,2138.7349,800.42883,2132.321,1416.4772,2129.5884,1364.6108,2133.6582,1319.4545,2137.1626,1260.8802,2142.5688,1189.745,2151.0806,1111.1241,2155.2827,1031.9718,2150.0842,962.0672,2146.4307,900.10077,2142.0537,853.6434,2139.6682,800.42883,2132.321,770.58246,2128.7917,811.12366,2168.215,862.66046,2206.3193,933.8938,2250.8777,1019.7965,2278.851,1114.1315,2286.09,1209.9209,2276.287,1294.4065,2244.9175,1362.2687,2200.472,1409.6812,2160.423,1443.7717,2126.2466
893,893,14883,770.62787,2129.7583,808.77454,2113.5908,859.0968,2095.43,925.2045,2073.1,1018.29065,2052.0232,1110.9668,2072.9905,1203.281,2051.2542,1294.801,2072.5808,1360.8829,2093.8123,1408.0024,2111.9304,1443.2522,2127.519,1415.9185,2130.849,1362.4613,2137.0059,1317.3383,2141.155,1259.049,2145.4736,1190.435,2151.4927,1111.407,2156.0562,1033.5042,2151.1877,963.3708,2145.619,900.95514,2143.6157,852.5263,2139.3428,800.45087,2133.1826,1415.9185,2130.849,1364.0884,2134.6719,1318.929,2137.8105,1260.4235,2142.841,1189.32,2151.1804,1110.7457,2155.369,1031.6414,2150.256,961.79834,2146.7637,899.9519,2142.6199,853.57684,2140.2405,800.45087,2133.1826,770.62787,2129.7583,810.9594,2169.0076,862.3312,2207.074,933.46234,2251.402,1019.40753,2279.1958,1113.8048,2286.301,1209.6786,2276.571,1294.1699,2245.3975,1361.9268,2201.294,1409.1802,2161.6038,1443.2522,2127.519
894,894,14900,770.49023,2130.2483,808.2958,2113.9014,858.3124,2095.5244,924.2619,2073.0513,1017.4656,2051.9482,1110.2489,2073.089,1202.6646,2051.512,1294.3855,2073.3328,1360.4529,2095.0706,1407.5094,2113.66,1442.7452,2129.344,1415.3296,2132.5725,1361.8693,2138.445,1316.771,2142.2043,1258.4456,2146.15,1189.7766,2151.9016,1110.7157,2156.2869,1032.8982,2151.304,962.8004,2145.6702,900.5361,2143.7485,852.27893,2139.6326,800.29974,2133.6272,1415.3296,2132.5725,1363.5149,2136.014,1318.2994,2138.6838,1259.7944,2143.2266,1188.6721,2151.3135,1110.0999,2155.4238,1031.1454,2150.3218,961.40106,2146.9165,899.65674,2142.912,853.3446,2140.5237,800.29974,2133.6272,770.49023,2130.2483,810.6619,2169.4224,861.9241,2207.5125,932.9676,2251.754,1018.8542,2279.4753,1113.1721,2286.5723,1209.1483,2276.986,1293.6788,2246.114,1361.3995,2202.4343,1408.5878,2163.1997,1442.7452,2129.344
895,895,14916,770.25543,2130.3403,807.6291,2113.8047,857.26666,2095.2622,923.052,2072.7073,1016.34106,2051.6072,1109.0852,2072.848,1201.5964,2051.4236,1293.6422,2073.757,1359.798,2096.217,1406.8661,2115.6382,1442.0522,2131.8977,1414.4756,2134.7693,1360.9048,2139.9685,1315.7063,2143.043,1257.2961,2146.3848,1188.5574,2151.7788,1109.5425,2155.9932,1031.9552,2150.938,962.0147,2145.305,899.99475,2143.4724,851.95624,2139.5127,800.099,2133.6624,1414.4756,2134.7693,1362.6176,2137.4624,1317.3203,2139.4954,1258.7611,2143.4302,1187.5986,2151.4314,1109.0931,2155.5818,1030.3856,2150.4558,960.81464,2146.987,899.23645,2142.924,853.04254,2140.5056,800.099,2133.6624,770.25543,2130.3403,810.07184,2169.5386,861.02106,2207.7395,931.89417,2252.035,1017.7515,2279.7732,1112.0793,2286.953,1208.2852,2277.7068,1293.0228,2247.3835,1360.8395,2204.2346,1407.9623,2165.4326,1442.0522,2131.8977
896,896,14933,770.202,2130.1968,806.94135,2113.6736,856.079,2095.0002,921.67896,2072.0217,1015.0474,2050.9353,1107.4386,2072.7412,1199.9099,2051.161,1292.2977,2074.127,1358.4706,2098.2446,1405.4318,2119.8228,1440.0742,2138.0186,1412.0797,2139.944,1358.5146,2143.3176,1313.2177,2144.6577,1255.0083,2146.6042,1186.5145,2151.4658,1107.8074,2155.847,1030.782,2150.6548,961.22424,2144.9255,899.6132,2143.3262,851.80237,2139.3972,800.11383,2133.533,1412.0797,2139.944,1360.3556,2140.979,1315.1979,2141.6697,1256.8545,2144.1772,1185.9277,2151.507,1107.7455,2155.6924,1029.5552,2150.4348,960.3285,2146.851,899.0097,2142.7798,852.9517,2140.3862,800.11383,2133.533,770.202,2130.1968,809.60986,2169.4973,860.18976,2207.785,930.7551,2252.1267,1016.3632,2279.9287,1110.4851,2287.3833,1206.819,2278.944,1291.7047,2250.0325,1359.5369,2208.384,1406.3772,2170.6982,1440.0742,2138.0186
897,897,14950,770.07465,2128.4812,805.7986,2111.1128,854.51025,2091.7253,920.02026,2069.0652,1012.84686,2049.7327,1104.5647,2072.3945,1197.0281,2051.027,1289.4509,2075.483,1356.0826,2101.6765,1403.637,2125.7983,1437.9991,2146.3306,1408.8547,2147.0361,1355.5831,2147.3113,1309.5302,2145.5762,1251.6777,2146.4436,1183.5612,2148.9878,1104.9907,2150.5483,1028.6096,2143.3894,959.81287,2137.7632,899.0957,2137.9744,851.5408,2136.1948,800.1923,2131.5994,1408.8547,2147.0361,1357.1991,2148.045,1312.5194,2148.827,1254.5249,2150.5967,1183.8286,2155.9243,1105.6698,2157.8823,1027.8048,2151.407,959.323,2146.9648,898.6836,2142.6501,852.93677,2139.354,800.1923,2131.5994,770.07465,2128.4812,808.67725,2168.7036,858.584,2207.7156,928.4219,2252.1453,1013.6739,2280.3132,1107.9789,2288.8652,1205.0637,2282.4556,1290.6162,2256.6309,1358.7073,2217.1855,1405.2493,2179.5776,1437.9991,2146.3306
898,898,14966,770.4264,2124.6084,803.54395,2101.6382,848.7411,2077.479,912.61597,2053.2346,1004.17163,2038.3108,1096.4084,2063.0466,1190.3888,2048.1665,1285.575,2075.2593,1354.9558,2103.0059,1403.7682,2132.4604,1438.1163,2161.7244,1409.0403,2160.3896,1355.7466,2149.3105,1308.8585,2144.4473,1249.6885,2135.4646,1179.5676,2127.5327,1098.3164,2123.124,1021.05383,2112.3657,953.1647,2107.7803,895.837,2114.6125,850.2503,2122.218,801.41626,2127.0369,1409.0403,2160.3896,1357.9882,2175.373,1315.0308,2185.3843,1257.1868,2191.4102,1185.5922,2193.9045,1106.9369,2188.769,1027.9261,2175.4917,959.43256,2162.9521,898.7088,2149.4539,853.2876,2139.9387,801.41626,2127.0369,770.4264,2124.6084,808.73865,2168.6787,858.6228,2210.5698,928.4754,2260.2527,1013.8975,2295.5774,1108.983,2312.7712,1207.8978,2314.1558,1296.9565,2295.4565,1366.9128,2254.8591,1410.2874,2207.3008,1438.1163,2161.7244
899,899,14983,771.79083,2111.8047,800.8718,2080.2693,841.6618,2050.9163,904.25745,2024.6746,996.89136,2012.915,1091.4742,2040.2458,1187.7777,2033.262,1285.302,2069.2468,1355.141,2102.854,1404.9192,2133.7666,1439.5393,2170.88,1409.6335,2169.1074,1358.4937,2149.1548,1309.1355,2138.878,1249.6841,2120.757,1178.1974,2106.7236,1094.484,2098.4404,1015.3771,2084.9705,947.0618,2078.7656,892.1406,2086.979,848.5985,2099.7368,804.09766,2114.914,1409.6335,2169.1074,1364.4199,2202.113,1326.2983,2223.6316,1270.1835,2237.171,1197.5598,2241.3503,1117.5526,2233.3584,1031.5004,2213.493,960.9674,2191.1863,899.94507,2164.06,854.65546,2141.7085,804.09766,2114.914,771.79083,2111.8047,808.83185,2168.447,858.7009,2218.1804,928.59045,2282.785,1015.8289,2332.8345,1119.7034,2360.0444,1224.6877,2365.1008,1319.1388,2344.0315,1388.1893,2293.2983,1423.9589,2231.3696,1439.5393,2170.88
900,900,15000,772.839,2093.0884,799.1795,2057.5615,838.7046,2026.834,902.26373,2000.6106,997.0272,1989.72,1092.5526,2017.3854,1188.4886,2012.6613,1286.6238,2052.4739,1358.3444,2093.749,1408.4539,2132.9485,1441.2587,2169.471,1410.7129,2168.0754,1363.4882,2146.9673,1311.0917,2125.6902,1250.695,2103.5806,1178.424,2089.162,1095.2828,2080.627,1015.1589,2066.2683,945.28625,2058.205,890.17444,2064.906,846.971,2077.932,806.04517,2097.3267,1410.7129,2168.0754,1373.296,2210.2102,1340.97,2238.5713,1288.7272,2256.9897,1217.5079,2263.1235,1137.6603,2254.8167,1043.0542,2231.9846,967.24115,2204.9573,903.4634,2170.708,856.63434,2141.6777,806.04517,2097.3267,772.839,2093.0884,809.1548,2165.2915,859.44855,2222.1934,930.84265,2297.3816,1024.8407,2355.7053,1139.9971,2386.9392,1248.5011,2392.3135,1343.7301,2367.758,1408.7533,2309.211,1437.006,2237.848,1441.2587,2169.471
901,901,15016,775.43726,2078.8584,799.25616,2042.1138,838.8379,2011.9893,902.8643,1986.9644,998.1377,1976.7394,1092.6218,2002.885,1191.019,1996.9846,1291.1794,2033.4869,1364.3304,2075.0496,1414.3448,2120.4946,1445.54,2167.5247,1414.5082,2167.1592,1371.3323,2131.7898,1316.3878,2104.3706,1254.8303,2083.474,1180.8506,2071.887,1095.6976,2065.3462,1015.96844,2051.4802,945.5692,2042.8553,890.0245,2048.8308,846.7622,2062.071,809.5959,2083.718,1414.5082,2167.1592,1384.6567,2207.0142,1356.153,2241.4138,1306.8748,2266.7222,1236.8708,2277.925,1156.0327,2272.1572,1056.4685,2248.3945,976.6932,2217.603,910.042,2177.06,861.08453,2141.6416,809.5959,2083.718,775.43726,2078.8584,811.08636,2161.7917,862.43994,2226.1045,936.1979,2309.4224,1036.4873,2372.2598,1158.6333,2403.6946,1269.6835,2405.8413,1364.0409,2375.1072,1425.4926,2308.7915,1449.2946,2231.7366,1445.54,2167.5247
902,902,15033,777.9783,2064.0166,799.4192,2027.92,839.1665,1999.3932,903.34375,1976.0344,999.0502,1966.6678,1093.544,1991.5166,1194.64,1984.0555,1295.938,2016.3036,1369.509,2055.212,1419.3274,2100.5972,1449.5466,2155.5117,1417.9949,2154.7183,1377.3629,2110.3293,1320.9714,2082.1838,1258.8035,2063.4739,1183.6371,2054.4937,1096.6975,2049.8916,1016.65546,2036.4629,945.77527,2027.5552,889.9289,2033.1422,846.60693,2046.4817,812.9181,2068.926,1417.9949,2154.7183,1392.695,2200.386,1366.286,2237.6108,1319.3512,2267.2869,1251.0667,2282.0933,1170.2788,2278.283,1069.313,2254.4006,987.3612,2221.5188,918.26117,2178.0505,866.8994,2139.9656,812.9181,2068.926,777.9783,2064.0166,814.40674,2154.639,867.759,2226.529,944.0348,2313.0989,1048.3732,2377.5464,1172.8217,2408.0657,1283.8136,2407.8557,1376.1255,2373.0764,1434.5824,2302.354,1456.4834,2224.006,1449.5466,2155.5117
903,903,15050,779.55426,2056.3662,799.4444,2019.9253,839.10767,1991.3097,903.5632,1968.0659,999.7736,1958.7572,1095.7902,1982.6951,1200.075,1974.5027,1303.0739,2004.6771,1377.4171,2042.2234,1427.3193,2086.909,1456.8368,2144.3008,1424.8789,2143.6802,1385.9778,2096.796,1328.4459,2069.0059,1265.3014,2051.381,1188.3674,2043.5845,1099.0486,2039.7249,1017.1507,2026.7659,945.89746,2018.0431,889.66693,2023.9629,846.2304,2037.9795,814.85345,2061.2896,1424.8789,2143.6802,1402.9657,2196.5562,1377.5748,2236.8633,1331.2488,2269.22,1262.7244,2285.4863,1180.9484,2282.1458,1078.144,2257.9478,994.36206,2223.9814,923.429,2178.7622,870.405,2138.356,814.85345,2061.2896,779.55426,2056.3662,816.8017,2149.3003,871.9294,2226.4995,950.39307,2314.638,1057.4136,2380.1404,1183.8262,2410.8738,1295.7344,2410.12,1388.2485,2373.752,1445.9148,2300.0679,1466.4902,2219.1267,1456.8368,2144.3008
904,904,15066,781.5427,2051.6235,799.5439,2015.2133,839.08386,1986.2719,903.7136,1962.6523,1000.3076,1953.2332,1098.3599,1976.95,1205.1868,1968.3712,1309.9685,1997.932,1385.6471,2035.0054,1436.4204,2079.0818,1466.299,2136.1343,1433.603,2135.857,1394.6376,2089.936,1336.0719,2062.9019,1271.8389,2045.8042,1193.4207,2038.3748,1102.0576,2034.7108,1017.25574,2021.9302,946.24133,2013.2878,889.79816,2019.3899,846.29456,2033.5325,817.58276,2056.5574,1433.603,2135.857,1412.9294,2193.8667,1387.6354,2235.3352,1341.1816,2267.8635,1272.319,2283.5952,1190.4556,2279.8325,1086.5424,2255.6692,1001.63934,2222.25,929.3426,2177.787,874.7764,2135.901,817.58276,2056.5574,781.5427,2051.6235,819.99805,2144.7395,876.9481,2225.9954,957.36505,2313.3662,1066.1782,2378.709,1193.8909,2409.635,1306.3589,2409.4592,1399.593,2373.6106,1457.6387,2299.0334,1477.5635,2216.0042,1466.299,2136.1343
905,905,15083,782.82947,2044.6245,799.5745,2008.7501,838.8711,1980.6249,903.77014,1958.1401,1000.7483,1949.8765,1101.1935,1973.4343,1209.7914,1964.4365,1315.2482,1992.3271,1391.2712,2027.7257,1442.114,2070.236,1472.426,2125.2388,1439.9977,2125.694,1401.144,2081.498,1342.5198,2055.5051,1277.7256,2039.6309,1198.2914,2033.2544,1105.0925,2030.0938,1017.4186,2017.2776,946.3067,2007.928,889.5615,2013.2467,846.09937,2026.9689,818.99225,2049.8477,1439.9977,2125.694,1420.3273,2190.9502,1395.6771,2232.9182,1349.894,2266.6338,1281.087,2283.033,1198.8245,2279.3774,1093.5149,2254.759,1007.31683,2220.743,933.6048,2176.437,877.655,2132.0188,818.99225,2049.8477,782.82947,2044.6245,822.9355,2138.7512,881.88403,2225.9324,964.12744,2311.1125,1074.2709,2376.761,1202.972,2408.163,1315.349,2407.783,1408.1172,2371.3801,1465.18,2295.8484,1484.0414,2213.6836,1472.426,2125.2388
906,906,15100,783.84784,2040.5063,799.5808,2004.7329,838.59766,1976.6613,903.74884,1954.3716,1001.0745,1946.5859,1104.0284,1970.2269,1213.9772,1960.9413,1320.3173,1988.1858,1396.7758,2022.8478,1447.8414,2064.2917,1478.8138,2117.097,1446.2618,2118.1023,1406.6655,2076.433,1348.0514,2051.5667,1282.8267,2036.5258,1202.6705,2030.7045,1108.1775,2027.7123,1017.7343,2015.0072,946.51465,2005.3574,889.5515,2010.2294,846.1007,2023.4592,820.3012,2045.8097,1446.2618,2118.1023,1425.939,2188.7134,1400.9418,2229.4543,1355.0167,2263.034,1285.9609,2279.5808,1203.301,2276.1113,1097.5981,2251.5906,1010.95734,2217.8716,936.693,2175.1228,880.04974,2127.7158,820.3012,2045.8097,783.84784,2040.5063,825.105,2133.9587,885.12805,2224.85,968.18365,2308.8123,1078.8127,2374.3867,1207.8824,2405.9795,1320.6344,2405.3352,1413.733,2368.5532,1470.8876,2292.67,1489.846,2212.9155,1478.8138,2117.097
907,907,15116,785.55176,2037.0078,799.6446,2002.1226,838.85406,1974.6815,904.0698,1952.9359,1001.3838,1945.5958,1107.2893,1969.2748,1217.8707,1959.6101,1324.4492,1986.0001,1401.0537,2019.5664,1452.3136,2059.693,1484.1465,2110.1287,1451.5609,2111.797,1411.1693,2072.823,1352.748,2049.3562,1287.318,2035.4729,1206.8684,2030.4304,1111.6866,2027.7523,1018.9556,2015.1165,946.69824,2005.1161,889.6404,2009.272,846.23596,2021.5814,822.2824,2042.6893,1451.5609,2111.797,1430.5792,2187.8652,1405.2346,2225.9438,1359.2347,2259.1587,1290.0858,2275.8967,1207.0836,2272.763,1101.119,2248.4395,1014.3626,2215.1309,939.9204,2174.55,882.8641,2123.5664,822.2824,2042.6893,785.55176,2037.0078,827.7462,2129.6326,888.3284,2222.4465,971.6303,2306.5264,1082.3346,2371.51,1211.6722,2402.9004,1324.7085,2401.856,1417.8823,2364.7388,1475.101,2289.2178,1494.3375,2210.6511,1484.1465,2110.1287
908,908,15133,788.30945,2033.2347,800.58093,1999.3815,838.9143,1972.7648,904.124,1951.4552,1002.8492,1943.9047,1111.2627,1967.4539,1221.5934,1957.4448,1328.1418,1983.4248,1404.4125,2016.2839,1455.591,2055.2893,1487.7944,2103.6924,1455.3268,2105.6824,1413.8678,2069.147,1355.8672,2047.1022,1290.6445,2034.2782,1210.5408,2029.8915,1115.7034,2027.4413,1021.6178,2014.9242,947.4163,2004.6323,890.32404,2008.0491,847.3041,2019.3002,825.1621,2039.0737,1455.3268,2105.6824,1433.3663,2185.778,1407.9194,2222.345,1362.1854,2254.482,1293.601,2271.2456,1211.0447,2268.4524,1105.598,2244.624,1018.99817,2212.2368,944.36115,2173.1697,886.9642,2118.7776,825.1621,2039.0737,788.30945,2033.2347,831.71124,2125.195,892.81744,2218.5654,976.29376,2304.448,1086.7468,2368.2805,1215.3688,2399.0564,1327.5944,2397.5698,1419.9813,2360.1716,1476.9337,2285.7974,1496.6324,2205.2712,1487.7944,2103.6924
909,909,15150,791.93396,2032.5638,802.49243,1998.7874,839.5897,1972.0043,904.7588,1950.2959,1005.2932,1942.0208,1115.7834,1965.2705,1225.8173,1954.8567,1332.3656,1980.8713,1408.1351,2013.7217,1458.7448,2052.4314,1490.8993,2099.848,1458.4937,2101.9644,1416.5305,2066.7166,1359.2258,2045.0406,1294.5067,2032.3755,1214.7911,2028.1139,1120.329,2025.8274,1025.4635,2013.7717,949.32367,2003.8749,892.23883,2007.5657,849.7859,2018.8467,828.9241,2038.3033,1458.4937,2101.9644,1436.5907,2182.8115,1411.8815,2219.701,1367.0709,2250.9985,1299.1941,2267.7053,1217.0386,2265.0356,1111.0804,2241.5332,1024.1649,2210.0168,949.26215,2171.0933,891.57,2115.6384,828.9241,2038.3033,791.93396,2032.5638,836.46796,2122.7217,898.084,2214.7812,981.97394,2302.9998,1092.8037,2365.4763,1221.6504,2395.9448,1333.3536,2394.2642,1424.9567,2356.831,1481.0604,2283.3188,1499.8772,2200.1062,1490.8993,2099.848
910,910,15166,797.1392,2031.7181,806.4408,1998.8473,842.23145,1972.5819,907.1617,1951.0973,1009.09576,1942.622,1120.2567,1965.8849,1229.1713,1955.3151,1335.0604,1981.503,1410.3276,2014.2125,1460.488,2052.4128,1492.6993,2098.6729,1460.2736,2100.7314,1418.0212,2066.8794,1361.5171,2045.7493,1297.3768,2033.3214,1218.4728,2029.0636,1124.9963,2026.7272,1030.3458,2014.7853,952.9831,2004.8788,896.0609,2008.2822,854.337,2018.9271,834.20447,2037.3583,1460.2736,2100.7314,1438.8372,2179.8757,1415.1825,2217.9185,1371.5525,2247.8274,1304.8593,2263.8318,1224.3519,2261.0886,1118.2635,2238.4727,1031.1049,2209.5586,955.78613,2166.4893,897.6466,2112.0276,834.20447,2037.3583,797.1392,2031.7181,842.9161,2119.9229,905.28174,2209.6204,989.7896,2301.7898,1100.9993,2362.649,1229.5823,2392.3057,1339.6003,2390.8093,1430.0192,2354.0754,1485.1198,2281.6006,1502.5835,2196.5647,1492.6993,2098.6729
911,911,15183,802.0902,2030.185,810.6942,1998.0771,845.44836,1972.2693,910.07794,1951.1104,1012.71,1942.8545,1123.6912,1966.2914,1231.5316,1955.7449,1336.8597,1982.134,1411.8904,2014.8345,1461.8514,2052.775,1494.3071,2098.2695,1461.9283,2100.3027,1419.4586,2067.309,1363.492,2046.3888,1299.5731,2033.9779,1221.162,2029.6085,1128.5564,2027.0461,1034.4932,2015.0155,956.5296,2004.8741,899.7788,2007.9385,858.76434,2018.1267,838.9211,2035.8425,1461.9283,2100.3027,1441.2922,2177.0203,1418.3977,2216.6968,1375.3853,2245.235,1309.2202,2260.6228,1229.7313,2257.9497,1123.6172,2236.6384,1036.3579,2207.2778,960.86536,2160.617,902.55896,2108.1877,838.9211,2035.8425,802.0902,2030.185,848.7546,2116.53,911.5451,2203.4067,996.2298,2297.428,1107.2811,2361.1252,1235.3094,2389.105,1344.0209,2387.6184,1433.6952,2351.5654,1488.3074,2280.3618,1504.9436,2193.5203,1494.3071,2098.2695
912,912,15200,805.439,2030.115,813.99634,1998.286,848.4187,1972.5557,913.0437,1951.4653,1016.14087,1943.3119,1126.7418,1966.9595,1233.7487,1956.4016,1338.823,1983.1913,1414.0677,2016.1512,1464.3405,2054.1926,1497.4496,2099.3762,1465.1996,2101.3218,1422.4866,2068.6472,1366.4254,2047.549,1302.2626,2034.8866,1223.9534,2030.2535,1131.8198,2027.507,1038.129,2015.364,959.598,2005.0955,902.70703,2008.0385,861.8352,2018.1584,841.964,2035.6913,1465.1996,2101.3218,1446.3967,2176.1067,1424.6136,2215.4617,1382.0916,2243.5266,1316.1763,2258.3706,1237.4935,2255.7292,1130.2993,2235.78,1041.8792,2204.5757,965.1898,2156.5269,906.0364,2106.2444,841.964,2035.6913,805.439,2030.115,853.0224,2115.0186,916.8464,2199.389,1002.76965,2293.1243,1114.8357,2360.7297,1243.6149,2386.8057,1351.5773,2385.453,1441.1152,2350.2551,1495.3574,2279.278,1510.3619,2192.672,1497.4496,2099.3762
913,913,15216,806.74744,2029.0153,815.39923,1997.5852,849.6999,1971.9164,914.4219,1950.8627,1017.7877,1942.9905,1127.9308,1967.2096,1234.3917,1957.0265,1339.5059,1984.7544,1415.2386,2018.1509,1466.1287,2056.2615,1500.1978,2100.913,1467.765,2102.7964,1424.3926,2070.8008,1367.9434,2049.6995,1303.4473,2036.7124,1225.1311,2031.5385,1133.2515,2028.2982,1039.9723,2015.7502,961.2484,2005.187,904.3213,2007.9062,863.61847,2017.7634,843.43945,2034.7166,1467.765,2102.7964,1450.1218,2175.9639,1429.0895,2214.5513,1386.9814,2242.3108,1321.3322,2256.7307,1243.4608,2254.554,1135.0717,2234.091,1045.5538,2199.8657,967.8851,2151.8027,907.8569,2103.635,843.43945,2034.7166,806.74744,2029.0153,855.0011,2112.7244,919.6094,2195.1804,1006.5631,2288.187,1119.8557,2359.7375,1249.9855,2385.1875,1357.7167,2384.2705,1447.537,2350.147,1501.5717,2279.0056,1515.1666,2192.6384,1500.1978,2100.913
914,914,15233,805.9247,2026.7429,815.2676,1995.7628,849.76135,1970.3721,914.52264,1949.6207,1017.82605,1942.2249,1127.4557,1966.8743,1233.4775,1957.2164,1338.3851,1985.7479,1414.4373,2019.483,1466.0948,2057.7356,1501.3828,2102.1404,1469.0767,2103.9773,1425.1588,2072.0322,1368.0902,2050.378,1303.072,2036.7089,1224.5747,2030.7673,1132.7906,2026.8972,1039.8882,2013.8972,961.22284,2003.115,904.20807,2005.8096,863.3582,2015.7733,842.42914,2032.6842,1469.0767,2103.9773,1451.9261,2175.9287,1430.9581,2213.8064,1388.3168,2241.2778,1322.2051,2255.5151,1244.34,2254.263,1135.0269,2230.3167,1044.7783,2194.1602,966.67267,2146.9563,906.5194,2100.596,842.42914,2032.6842,805.9247,2026.7429,854.2267,2109.272,919.0729,2189.735,1006.46497,2280.781,1120.1173,2354.389,1250.7133,2385.0256,1358.2502,2382.8896,1448.5498,2349.3474,1503.3276,2278.6394,1516.998,2192.6226,1501.3828,2102.1404
915,915,15250,805.1648,2024.678,815.0703,1994.3638,849.7566,1969.4398,914.52356,1949.1436,1017.74835,1942.2972,1126.9386,1967.3796,1232.4985,1958.0383,1336.9462,1987.0393,1412.7834,2020.8519,1464.5674,2058.9973,1500.3229,2103.0964,1468.2714,2104.909,1424.111,2073.1467,1367.0045,2051.3328,1301.9005,2037.4185,1223.532,2031.0945,1132.076,2026.7949,1039.6409,2013.4675,961.1495,2002.3514,904.0702,2004.7185,863.0398,2014.387,841.46405,2030.8798,1468.2714,2104.909,1451.3065,2175.7375,1430.646,2213.2112,1388.2151,2240.4395,1322.3146,2254.8462,1245.085,2252.9626,1135.0424,2225.7734,1044.125,2188.431,965.5944,2142.2969,905.2746,2097.5474,841.46405,2030.8798,805.1648,2024.678,853.79144,2105.7922,919.12195,2184.2786,1006.9659,2273.4756,1120.9456,2347.9258,1251.6133,2383.6597,1358.0132,2382.0068,1447.7267,2348.4775,1502.2568,2278.1768,1515.7588,2192.5647,1500.3229,2103.0964
916,916,15266,804.4159,2022.8901,814.97156,1993.0364,849.3586,1968.4655,914.0926,1948.5253,1017.25323,1942.1077,1126.709,1967.6741,1232.1362,1958.6478,1335.9105,1988.2026,1411.4684,2022.1312,1463.4779,2060.1553,1499.912,2103.8455,1467.9199,2105.662,1423.201,2074.2524,1365.8838,2052.4302,1300.7234,2038.3445,1222.6097,2031.6344,1131.6155,2026.8716,1039.522,2013.2112,960.737,2001.7241,903.7254,2003.687,862.95215,2013.0084,840.5477,2029.1139,1467.9199,2105.662,1451.5835,2175.6572,1431.5206,2212.7417,1389.3965,2239.8245,1323.6844,2254.7222,1247.0176,2250.7273,1135.9115,2220.9138,1044.0037,2183.0823,964.75525,2138.0935,904.13837,2094.701,840.5477,2029.1139,804.4159,2022.8901,853.0877,2102.9194,919.0644,2179.9617,1007.7458,2267.8054,1122.6422,2342.352,1253.8317,2381.866,1359.275,2381.38,1448.7166,2347.9246,1503.141,2278.025,1516.0656,2192.5542,1499.912,2103.8455
917,917,15283,803.79706,2021.1519,814.9356,1991.8096,848.97546,1967.4886,913.62494,1947.7794,1016.6412,1941.7122,1126.2512,1967.6862,1231.9683,1958.934,1335.0924,1988.9749,1410.395,2023.0403,1462.5635,2061.0452,1499.4755,2104.5085,1467.4349,2106.307,1422.319,2075.1162,1364.9064,2053.2578,1299.7443,2038.9785,1221.8533,2031.9436,1131.3009,2026.8949,1039.2476,2012.9297,960.29114,2001.2235,903.4675,2002.9939,862.7455,2012.0094,839.8632,2027.4895,1467.4349,2106.307,1451.0552,2175.3557,1430.9617,2212.527,1388.8302,2239.6821,1323.1823,2253.383,1246.8008,2246.938,1135.7083,2215.317,1043.7715,2177.7063,964.4023,2133.9692,903.5119,2091.8328,839.8632,2027.4895,803.79706,2021.1519,852.6577,2100.3066,918.85376,2176.37,1007.52234,2263.1777,1122.3591,2337.3096,1253.5864,2379.3748,1358.986,2381.1555,1448.556,2347.3477,1503.0151,2277.7463,1515.8181,2192.5356,1499.4755,2104.5085
918,918,15300,803.2909,2019.6433,814.8667,1990.606,848.7445,1966.5919,913.38806,1947.1635,1016.30176,1941.4281,1126.0537,1967.7102,1231.6931,1959.2388,1334.3843,1989.6499,1409.6327,2023.8478,1462.1854,2061.8132,1499.698,2104.8882,1467.6525,2106.7446,1422.1559,2075.8337,1364.4009,2053.7834,1299.034,2039.1852,1221.2203,2031.7689,1130.9641,2026.4062,1039.0627,2012.094,959.9005,2000.145,903.1452,2001.7623,862.6742,2010.6754,839.2739,2026.0084,1467.6525,2106.7446,1451.7379,2175.1768,1431.7806,2212.1436,1389.5215,2239.2427,1323.7981,2252.7048,1247.6422,2244.255,1136.2585,2211.6477,1043.9526,2174.4255,964.15234,2131.518,902.9312,2089.9834,839.2739,2026.0084,803.2909,2019.6433,852.26135,2098.478,918.8636,2174.039,1007.9366,2259.9983,1123.0488,2333.295,1254.3171,2376.794,1359.4429,2381.0513,1449.1447,2346.9692,1503.9027,2277.7903,1516.6499,2192.6208,1499.698,2104.8882
919,919,15316,802.8666,2016.9133,813.0589,1988.6705,846.7498,1965.1954,911.4713,1946.3983,1014.0919,1941.5217,1123.7449,1968.2273,1229.73,1960.0044,1333.7998,1990.4951,1409.0175,2024.5143,1461.8256,2062.0642,1500.5817,2105.618,1468.4922,2107.2744,1422.4275,2076.481,1363.9846,2054.603,1298.4595,2039.8652,1221.1664,2032.1343,1129.9757,2026.3978,1037.3748,2011.5221,957.77704,1998.9237,901.0103,2000.0054,861.2028,2008.488,839.19226,2023.3243,1468.4922,2107.2744,1454.5721,2175.036,1435.8467,2212.0205,1393.958,2238.7988,1328.224,2251.7834,1253.0127,2240.8337,1138.9736,2206.8833,1044.7002,2169.7903,963.6548,2127.5454,902.19916,2086.6494,839.19226,2023.3243,802.8666,2016.9133,851.59216,2094.9312,918.7993,2169.5244,1009.4443,2254.8127,1126.8947,2328.2847,1260.7512,2373.9858,1365.3312,2380.6868,1455.691,2347.5374,1510.3469,2279.4583,1520.8707,2193.7183,1500.5817,2105.618
920,920,15333,800.58813,2013.1907,810.0373,1985.7584,844.13153,1963.1985,909.0304,1945.3444,1011.14325,1941.3674,1120.3623,1968.4712,1226.5952,1960.4945,1331.9044,1991.15,1408.9131,2025.1417,1461.1831,2062.6396,1500.3308,2105.937,1468.4293,2107.622,1422.106,2076.8845,1363.4128,2054.7742,1298.2516,2039.8561,1220.1141,2031.8508,1127.7031,2025.7905,1034.4684,2010.4585,954.39954,1997.2281,897.28906,1997.5829,857.6432,2005.491,837.0528,2019.8671,1468.4293,2107.622,1455.2655,2174.8826,1436.9275,2211.7573,1394.9971,2238.4902,1329.0721,2250.703,1253.6836,2238.0625,1138.8561,2203.5073,1043.8287,2166.4485,962.5887,2124.2932,901.99493,2083.4287,837.0528,2019.8671,800.58813,2013.1907,851.14386,2091.1294,917.97144,2165.3604,1009.21387,2250.3167,1127.3638,2323.608,1261.4796,2370.2695,1365.7255,2379.7625,1455.927,2347.2363,1510.5924,2279.496,1521.0406,2193.795,1500.3308,2105.937
921,921,15350,797.01636,2010.9917,805.7092,1983.9244,840.0912,1961.6643,905.03925,1944.2324,1006.68536,1940.9434,1115.3323,1968.4591,1221.8069,1960.8362,1328.7485,1991.7028,1408.0242,2025.6191,1460.6698,2062.8882,1499.9941,2106.4006,1468.0786,2107.896,1421.5815,2077.348,1362.998,2055.21,1297.3594,2040.1293,1217.5012,2031.8491,1123.7742,2025.4878,1030.2709,2009.7722,950.0562,1996.108,892.881,1996.1201,853.45087,2003.7205,833.9576,2017.6863,1468.0786,2107.896,1455.0598,2174.7466,1436.5864,2211.6797,1394.2393,2238.1543,1327.963,2249.5989,1252.5339,2235.2705,1137.6763,2200.3926,1042.5889,2163.6128,961.81616,2121.7737,900.6242,2081.0786,833.9576,2017.6863,797.01636,2010.9917,850.4453,2088.8093,916.99304,2162.8335,1008.15967,2247.274,1126.4438,2320.1284,1260.5516,2367.295,1364.8525,2379.2683,1455.5098,2347.3528,1510.6749,2280.4275,1521.2089,2194.5034,1499.9941,2106.4006
922,922,15366,794.3076,2009.4957,802.41864,1982.7916,836.8876,1960.7231,901.85614,1943.4895,1003.22015,1940.4814,1111.3951,1968.1954,1217.8098,1960.9395,1325.6598,1992.104,1406.6702,2026.0231,1460.3856,2063.1704,1499.556,2106.6018,1467.6277,2107.96,1421.069,2077.6958,1362.9019,2055.414,1296.0597,2040.1156,1214.9526,2031.5353,1120.5033,2024.9314,1026.96,2008.9993,946.79926,1995.1967,889.68036,1995.0782,850.50244,2002.4867,831.7333,2016.1427,1467.6277,2107.96,1454.6304,2174.608,1436.2147,2211.5203,1393.8398,2238.0608,1327.5426,2247.7976,1252.4248,2232.1865,1137.1914,2197.2598,1041.8324,2160.859,961.19037,2119.4749,899.5617,2079.1365,831.7333,2016.1427,794.3076,2009.4957,849.7955,2086.8777,916.2694,2160.3118,1007.5663,2244.1853,1126.2529,2316.7327,1260.8036,2364.121,1365.0188,2378.0972,1455.931,2347.2295,1511.1577,2280.8137,1521.2905,2194.8555,1499.556,2106.6018
923,923,15383,788.0719,2004.0498,796.5148,1978.1941,831.8311,1956.9777,897.2679,1940.631,998.7935,1938.5452,1106.776,1966.8904,1213.5558,1960.226,1322.664,1992.1133,1405.4844,2026.2208,1460.0017,2063.515,1499.8486,2106.941,1467.9099,2108.2937,1420.8481,2077.563,1362.698,2054.9607,1294.5596,2039.4441,1211.8577,2030.5146,1116.3628,2023.4832,1022.51196,2006.996,941.9117,1992.4525,884.21277,1991.4457,844.5811,1998.0222,825.6915,2010.943,1467.9099,2108.2937,1455.4832,2174.2974,1437.2347,2211.361,1394.6027,2237.135,1327.9325,2244.5288,1252.6078,2227.986,1136.5062,2192.7869,1040.8798,2156.1963,960.4507,2114.6665,895.46747,2074.2554,825.6915,2010.943,788.0719,2004.0498,846.6785,2081.4497,915.86743,2154.6853,1006.7717,2238.4636,1126.0459,2311.2864,1261.3116,2359.0647,1365.486,2374.7522,1456.7418,2347.156,1512.3298,2280.6084,1522.3862,2194.837,1499.8486,2106.941
924,924,15400,786.8119,2002.3046,795.3772,1976.773,830.8467,1955.8536,896.104,1939.7811,996.9975,1938.0166,1104.2743,1966.5781,1210.8489,1960.1267,1320.2723,1992.304,1404.2418,2026.4717,1459.6962,2063.8281,1500.0737,2107.2166,1468.1476,2108.574,1420.6287,2077.5935,1362.5853,2054.7964,1293.2424,2039.146,1209.667,2030.0066,1114.0072,2022.7737,1020.6955,2006.1289,940.5167,1991.4318,882.95776,1990.2683,843.46814,1996.6862,824.47723,2009.2422,1468.1476,2108.574,1456.4221,2173.9312,1438.4552,2211.0754,1395.7848,2236.059,1328.9452,2241.648,1253.6528,2224.737,1136.9984,2189.6853,1040.667,2153.2322,959.96735,2111.8977,894.6555,2071.786,824.47723,2009.2422,786.8119,2002.3046,846.16595,2079.0803,915.3444,2152.101,1006.9269,2235.751,1126.8391,2308.345,1262.4756,2355.7898,1366.7421,2372.211,1458.304,2347.0469,1513.9706,2280.4297,1523.6024,2194.827,1500.0737,2107.2166
925,925,15416,785.80145,2002.4387,794.20984,1976.5935,829.5779,1955.1471,894.6439,1938.5557,995.342,1936.5195,1102.2717,1965.3159,1208.7915,1959.1798,1318.6027,1992.1431,1403.2295,2026.5917,1459.5083,2064.077,1499.9447,2107.423,1467.9581,2108.7937,1420.3461,2077.7004,1362.3179,2054.7458,1291.9873,2038.8917,1207.9551,2029.4597,1112.2361,2022.0151,1019.4373,2005.4161,939.6338,1990.9728,882.2444,1990.1132,842.9117,1996.7368,823.65497,2009.2522,1467.9581,2108.7937,1456.1312,2173.3047,1438.0135,2210.1746,1395.2478,2233.8958,1328.3623,2237.799,1253.1274,2220.877,1136.5874,2186.2854,1040.2141,2150.4429,959.7214,2109.8794,893.82556,2070.565,823.65497,2009.2522,785.80145,2002.4387,845.5226,2078.3784,914.924,2150.6755,1006.6378,2233.7068,1126.6681,2305.8098,1262.2931,2352.8428,1366.5488,2369.5654,1458.29,2346.6267,1514.0762,2280.3088,1523.6843,2194.802,1499.9447,2107.423
926,926,15433,784.53046,2001.1965,792.814,1975.3868,828.0275,1953.8756,892.90936,1937.2423,993.3524,1935.3477,1100.0243,1964.3976,1206.6261,1958.5227,1316.8782,1992.0234,1402.2039,2026.6624,1459.2882,2064.2754,1500.0897,2107.6372,1467.9867,2108.9985,1420.1094,2077.728,1362.0237,2054.6418,1290.6133,2038.6644,1206.0315,2029.0256,1110.1742,2021.3724,1017.8267,2004.6853,938.3831,1990.205,881.1881,1989.297,842.10516,1995.8107,822.6016,2008.0525,1467.9867,2108.9985,1456.0903,2172.5515,1437.7122,2209.212,1394.6147,2231.951,1327.4584,2234.743,1252.0125,2217.9397,1135.7361,2183.575,1039.7207,2147.9253,959.3433,2107.588,892.5191,2068.6118,822.6016,2008.0525,784.53046,2001.1965,844.25916,2076.5974,914.8282,2148.6812,1006.00336,2231.7065,1125.6808,2303.7908,1261.1707,2350.6265,1365.7888,2367.446,1458.0281,2346.2292,1514.3138,2280.2085,1524.1405,2194.7324,1500.0897,2107.6372
927,927,15450,782.7148,1998.2842,791.03925,1972.8097,826.38116,1951.491,891.3723,1935.1329,991.891,1933.5736,1098.5256,1962.7615,1205.2156,1957.134,1315.5238,1991.0216,1401.1345,2025.8326,1459.2291,2063.6777,1499.8446,2107.1284,1467.7462,2108.3738,1419.9031,2076.598,1361.71,2053.2495,1289.6407,2037.0962,1204.7715,2027.3135,1108.6936,2019.5634,1016.36224,2002.7341,936.85,1988.0596,879.6228,1986.9646,840.536,1993.2223,820.86847,2005.125,1467.7462,2108.3738,1455.5574,2170.1558,1436.9891,2206.581,1393.7555,2228.2502,1326.517,2230.1104,1250.9282,2213.508,1134.9563,2179.5823,1039.4534,2144.3005,958.27936,2104.284,890.60315,2065.4895,820.86847,2005.125,782.7148,1998.2842,842.59143,2073.5059,914.5823,2145.1099,1005.4832,2227.3987,1124.9069,2298.8643,1260.1405,2345.2698,1364.7827,2361.939,1456.971,2343.059,1513.3312,2278.6997,1523.4683,2193.4058,1499.8446,2107.1284
928,928,15466,782.14154,1996.0872,790.566,1970.4673,825.98315,1949.0837,890.9535,1932.7109,991.4087,1931.198,1097.8307,1960.5176,1204.4017,1954.9814,1314.629,1989.2437,1400.2368,2024.3573,1459.0164,2062.521,1499.6355,2106.2593,1467.5671,2107.3396,1419.8218,2074.9216,1361.2037,2051.246,1288.7622,2034.8259,1203.88,2024.8418,1107.9027,2017.0164,1015.7336,2000.157,936.31915,1985.533,879.1585,1984.5541,840.0982,1990.9087,820.2682,2002.8777,1467.5671,2107.3396,1455.0074,2167.4407,1436.297,2203.634,1393.0536,2224.6384,1325.8601,2226.1477,1250.2515,2209.8767,1134.4794,2176.303,1039.1074,2141.2192,958.002,2101.4336,889.884,2062.9067,820.2682,2002.8777,782.14154,1996.0872,841.91907,2071.213,914.44684,2142.757,1005.11914,2225.006,1124.4156,2296.3218,1259.404,2342.1643,1364.0016,2358.328,1456.0338,2340.2983,1512.3229,2276.8152,1522.7144,2191.7043,1499.6355,2106.2593
929,929,15483,782.1082,1994.83,790.4556,1969.1688,825.7498,1947.7133,890.5809,1931.2949,990.8696,1929.8323,1097.0587,1959.273,1203.5364,1953.8425,1313.8643,1988.5206,1399.6528,2023.843,1458.8901,2062.164,1499.611,2106.0369,1467.5093,2107.0781,1419.6558,2074.3481,1361.0819,2050.5237,1288.1869,2033.9907,1203.2296,2023.8381,1107.354,2015.8704,1015.4666,1999.026,936.20703,1984.4229,879.1455,1983.4156,840.1759,1989.7383,820.2228,2001.6373,1467.5093,2107.0781,1455.6625,2165.951,1437.7375,2201.9446,1395.0452,2222.5474,1328.0918,2223.911,1252.9169,2207.8704,1135.8049,2174.0562,1039.3131,2138.7212,957.68567,2098.9763,889.77856,2060.8647,820.2228,2001.6373,782.1082,1994.83,841.88904,2069.0154,914.2616,2139.7336,1006.1747,2221.818,1126.7557,2293.7346,1262.9296,2340.057,1367.0614,2356.0813,1458.9689,2338.7285,1514.6823,2275.8972,1523.8176,2190.8792,1499.611,2106.0369
930,930,15500,781.63885,1992.7651,790.1039,1967.1044,825.48016,1945.8545,890.3,1929.6593,990.5097,1928.3835,1096.5778,1957.9589,1203.0687,1952.5465,1313.4326,1987.4254,1399.2494,2022.8398,1458.7456,2061.2358,1499.5684,2105.2834,1467.4094,2106.2556,1419.5175,2073.2383,1360.7826,2049.458,1287.532,2032.9824,1202.5447,2022.8171,1106.7369,2014.8314,1015.05225,1997.9231,935.9039,1983.1931,878.90375,1981.9448,839.9447,1988.023,819.797,1999.6687,1467.4094,2106.2556,1455.6313,2164.0256,1437.7123,2200.0,1395.0359,2220.5408,1328.0854,2222.1162,1252.7875,2206.483,1135.7487,2172.8108,1039.1094,2137.3276,957.5389,2097.2986,889.45154,2058.9553,819.797,1999.6687,781.63885,1992.7651,841.4456,2067.2483,914.0403,2138.5498,1005.9774,2221.118,1126.5292,2293.1746,1262.5394,2339.1511,1366.8165,2354.6025,1458.7252,2337.1636,1514.5083,2274.5334,1523.8195,2189.5479,1499.5684,2105.2834
931,931,15516,781.4682,1992.0586,790.05396,1966.5211,825.555,1945.42,890.42786,1929.3441,990.65424,1928.1105,1096.6735,1957.5962,1203.1165,1952.1732,1313.3912,1987.0302,1399.2162,2022.4211,1458.6133,2060.8306,1500.1217,2104.933,1467.87,2105.8867,1419.6746,2072.6467,1360.5334,2048.82,1287.4996,2032.3679,1202.4888,2022.2539,1106.7491,2014.3291,1015.1101,1997.4272,935.9645,1982.6626,878.92145,1981.332,839.89716,1987.3396,819.6385,1998.956,1467.87,2105.8867,1456.6938,2163.1726,1439.0939,2199.2043,1396.4972,2219.6814,1329.526,2221.2673,1254.3102,2205.766,1136.658,2172.179,1039.316,2136.7578,957.3055,2096.7505,889.3214,2058.3591,819.6385,1998.956,781.4682,1992.0586,841.3515,2066.5254,913.86273,2137.7456,1006.54974,2220.168,1127.7257,2292.1636,1264.23,2338.1587,1368.4559,2353.4534,1460.4758,2336.2422,1516.2664,2273.91,1525.1992,2188.9229,1500.1217,2104.933
932,932,15533,781.5659,1991.7952,790.26385,1966.242,825.7977,1945.0868,890.647,1928.947,990.8467,1927.6721,1096.7976,1957.0967,1203.1868,1951.688,1313.3881,1986.6167,1399.154,2022.0554,1458.5621,2060.5376,1500.7405,2104.7068,1468.3068,2105.6455,1419.7938,2072.3308,1360.312,2048.5042,1287.4565,2032.0729,1202.4436,2021.9854,1106.7947,2014.1152,1015.2549,1997.2535,936.1962,1982.5151,879.1592,1981.1737,840.0438,1987.1422,819.6582,1998.6301,1468.3068,2105.6455,1457.6272,2162.4124,1440.2263,2198.4287,1397.7189,2218.8542,1330.7566,2220.485,1255.5873,2205.0977,1137.6846,2171.545,1039.8969,2136.124,957.23444,2096.1248,889.3497,2057.776,819.6582,1998.6301,781.5659,1991.7952,841.29706,2066.151,913.8296,2137.4678,1007.0923,2220.0125,1128.6176,2292.0605,1265.4316,2337.936,1369.897,2352.9966,1462.152,2335.731,1517.9537,2273.4822,1526.5756,2188.4424,1500.7405,2104.7068
933,933,15550,781.6436,1991.6722,790.4488,1965.9697,826.0293,1944.6382,890.88904,1928.4048,991.10156,1927.1678,1097.0312,1956.6415,1203.3533,1951.237,1313.411,1986.2551,1399.1412,2021.8041,1458.7806,2060.413,1501.6599,2104.6829,1469.0118,2105.5874,1420.2008,2072.1597,1360.1544,2048.275,1287.4348,2031.8021,1202.4602,2021.685,1106.9156,2013.8088,1015.4231,1996.9216,936.42004,1982.1531,879.35754,1980.8208,840.14514,1986.8552,819.7152,1998.398,1469.0118,2105.5874,1459.1854,2161.9583,1442.237,2197.914,1400.0479,2218.2576,1333.2609,2219.8904,1258.2784,2204.5796,1139.7363,2171.0303,1041.1191,2135.6047,957.442,2095.6575,889.45197,2057.3987,819.7152,1998.398,781.6436,1991.6722,841.28485,2065.993,914.10297,2137.3347,1008.39215,2219.8982,1130.8271,2291.9844,1268.4436,2337.808,1372.9386,2352.7192,1465.2043,2335.4412,1520.7279,2273.2766,1528.6279,2188.2224,1501.6599,2104.6829
934,934,15566,781.673,1992.545,790.60504,1966.7223,826.20764,1945.2076,891.05286,1928.7914,991.2434,1927.4241,1097.1389,1956.8416,1203.4495,1951.4264,1313.4412,1986.4043,1399.0917,2021.9082,1458.7786,2060.4485,1501.9906,2104.753,1469.2412,2105.621,1420.2745,2072.278,1359.9967,2048.4644,1287.413,2032.01,1202.4723,2021.862,1106.992,2013.9493,1015.5625,1997.1151,936.6012,1982.4785,879.5083,1981.3218,840.17004,1987.5107,819.8251,1999.18,1469.2412,2105.621,1459.4435,2161.8906,1442.396,2197.6257,1400.0914,2217.725,1333.2046,2219.282,1258.0669,2204.0476,1139.7142,2170.6365,1041.1354,2135.4397,957.3246,2095.788,889.4594,2057.824,819.8251,1999.18,781.673,1992.545,841.2534,2066.535,914.05176,2137.4424,1008.502,2219.5068,1130.8162,2291.2332,1268.179,2336.9744,1372.7318,2351.8745,1465.0776,2334.8398,1520.7976,2273.094,1528.9443,2188.224,1501.9906,2104.753
935,935,15583,780.39655,1992.1355,789.2486,1966.4161,825.1098,1944.8646,890.3187,1928.4819,990.78687,1927.2615,1096.8141,1956.7701,1203.3391,1951.4536,1313.4512,1986.5039,1399.0482,2022.022,1458.8773,2060.5247,1502.5023,2104.7783,1469.6669,2105.6877,1420.4677,2072.3975,1359.854,2048.6294,1287.391,2032.1775,1202.3892,2021.9916,1106.8022,2013.9794,1015.3452,1997.0851,936.2047,1982.3563,878.8838,1981.1172,839.3864,1987.2198,818.7085,1998.7552,1469.6669,2105.6877,1459.8722,2161.8306,1442.65,2197.3892,1400.082,2217.1948,1332.969,2218.5322,1257.6189,2203.194,1139.3585,2169.7915,1041.0708,2134.7021,956.57904,2095.2068,888.1336,2057.3328,818.7085,1998.7552,780.39655,1992.1355,839.97076,2066.0046,913.6671,2136.7124,1008.2876,2218.4517,1130.4677,2289.974,1267.8867,2335.8296,1372.5924,2350.906,1465.1719,2334.2874,1521.184,2272.9807,1529.5143,2188.2297,1502.5023,2104.7783
936,936,15600,778.4189,1991.2118,787.26276,1965.642,823.30023,1944.1205,888.7541,1927.7627,989.5007,1926.6368,1095.6484,1956.2869,1202.5685,1951.1913,1313.1187,1986.4689,1398.8973,2022.1001,1458.8003,2060.6165,1502.5206,2104.8186,1469.6367,2105.763,1420.4095,2072.5054,1359.5883,2048.7556,1286.7711,2032.2645,1201.5804,2021.9835,1105.7319,2013.8076,1014.2547,1996.7921,934.9876,1981.9443,877.5475,1980.6077,838.0107,1986.587,816.992,1997.8711,1469.6367,2105.763,1459.5787,2161.6714,1442.1464,2196.8909,1399.5848,2216.1226,1332.6729,2216.9304,1257.3583,2201.2078,1138.8546,2167.8276,1039.9308,2133.0325,954.6893,2093.8945,886.0571,2056.2383,816.992,1997.8711,778.4189,1991.2118,837.5071,2065.0042,911.72363,2135.656,1007.208,2217.1633,1130.0704,2288.3757,1267.4199,2334.2058,1371.9614,2349.5776,1464.2482,2333.4702,1520.338,2272.7344,1529.1198,2188.218,1502.5206,2104.8186
937,937,15616,776.3038,1991.0483,784.87384,1965.396,820.8935,1943.7222,886.4493,1927.2091,987.555,1925.993,1093.9658,1955.6339,1201.296,1950.7152,1312.3701,1986.2375,1398.3613,2022.0465,1458.69,2060.6802,1502.4503,2104.8975,1469.6091,2105.8215,1420.292,2072.5178,1358.9443,2048.6887,1285.8107,2032.0637,1200.435,2021.6366,1104.2797,2013.3156,1012.69977,1996.2996,933.25476,1981.468,875.73425,1980.1847,836.13184,1986.2316,814.9513,1997.6101,1469.6091,2105.8215,1459.3673,2161.4028,1441.8097,2196.3398,1399.3099,2215.1204,1332.6036,2215.5486,1257.3003,2199.6304,1138.1366,2166.4714,1038.5355,2132.0618,952.5186,2093.293,883.6961,2055.8413,814.9513,1997.6101,776.3038,1991.0483,835.17615,2064.6594,909.99335,2134.9243,1006.3389,2215.7737,1129.8264,2286.3438,1266.962,2332.0,1371.4817,2347.6074,1463.5746,2332.1501,1519.6688,2272.1943,1528.7136,2188.0918,1502.4503,2104.8975
938,938,15633,772.8987,1989.3962,781.4352,1963.7452,817.5341,1942.1024,883.29175,1925.6334,984.7813,1924.5543,1091.541,1954.3597,1199.4636,1949.6416,1311.2258,1985.5034,1397.5232,2021.5883,1458.4055,2060.465,1502.4181,2104.823,1469.5433,2105.6572,1420.0273,2072.1582,1357.9642,2048.1575,1284.3727,2031.3588,1198.6727,2020.7595,1102.0022,2012.2561,1010.1086,1995.0762,930.31506,1980.0471,872.5867,1978.5977,832.8461,1984.5682,811.5508,1995.9563,1469.5433,2105.6572,1459.2457,2160.923,1441.6215,2195.6912,1399.2297,2214.2295,1332.1538,2214.4727,1256.6526,2198.4294,1136.686,2165.2383,1036.3324,2130.8352,949.47095,2092.061,880.3397,2054.52,811.5508,1995.9563,772.8987,1989.3962,831.7123,2063.2087,907.11835,2133.523,1004.3621,2214.3638,1128.597,2284.9595,1266.6676,2330.6677,1371.4058,2346.3555,1463.1129,2331.077,1519.1176,2271.5356,1528.3684,2187.757,1502.4181,2104.823
939,939,15650,770.99255,1988.4268,779.6269,1962.8671,815.867,1941.3109,881.75653,1924.9119,983.40735,1923.9088,1090.2821,1953.7635,1198.4136,1949.1744,1310.4369,1985.2164,1396.8358,2021.4211,1458.1327,2060.3984,1502.397,2104.7988,1469.4861,2105.5825,1419.7913,2071.985,1357.1935,2047.9136,1283.3723,2031.0281,1197.6051,2020.3026,1100.7802,2011.6626,1008.8111,1994.4269,928.895,1979.3262,871.0233,1977.78,831.11194,1983.6671,809.6166,1995.01,1469.4861,2105.5825,1459.0911,2160.581,1441.356,2195.2188,1398.9941,2213.5796,1332.0913,2213.7017,1256.5513,2197.5742,1135.9261,2164.3882,1035.0623,2130.0125,947.64813,2091.261,878.3556,2053.6938,809.6166,1995.01,770.99255,1988.4268,829.7362,2062.1802,905.55206,2132.3413,1003.4114,2212.9717,1128.1494,2283.4807,1266.3563,2329.2593,1371.0491,2345.0662,1462.613,2330.0645,1518.6437,2270.9727,1528.0675,2187.5059,1502.397,2104.7988
940,940,15666,770.088,1987.1194,778.64636,1961.6921,814.69525,1940.1448,880.3768,1923.7241,981.77905,1922.7853,1088.482,1952.8224,1196.7578,1948.4841,1309.1455,1984.8884,1395.6781,2021.2971,1457.4652,2060.382,1502.1151,2104.7983,1469.0746,2105.5208,1418.9583,2071.8923,1355.7367,2047.7314,1281.7363,2030.6648,1195.9343,2019.684,1099.0566,2010.7863,1007.3771,1993.3871,927.7044,1978.2181,870.00726,1976.6659,830.3054,1982.5303,808.6872,1993.7148,1469.0746,2105.5208,1458.4905,2159.749,1440.5099,2193.6858,1397.595,2211.3557,1330.1471,2211.1143,1254.4242,2194.8772,1133.9492,2161.642,1033.2075,2127.3997,945.935,2088.9658,877.01434,2051.7913,808.6872,1993.7148,770.088,1987.1194,828.3469,2060.3906,903.8571,2130.2085,1001.60535,2210.6187,1126.1718,2280.998,1264.5399,2326.7732,1369.4272,2342.69,1461.7502,2327.9512,1518.3337,2269.6074,1527.8706,2186.9915,1502.1151,2104.7983
941,941,15683,768.8584,1986.1848,777.3386,1960.6892,813.326,1939.0524,878.97156,1922.587,980.4255,1921.6582,1087.1975,1951.7018,1195.623,1947.3972,1308.2537,1983.9407,1394.8904,2020.5076,1457.0394,2059.774,1501.9618,2104.2766,1468.8588,2104.879,1418.603,2071.0615,1354.9642,2046.7108,1280.8341,2029.4735,1194.9359,2018.3885,1097.8787,2009.4518,1006.1801,1992.0552,926.415,1976.9194,868.734,1975.4517,829.12665,1981.4204,807.4737,1992.7208,1468.8588,2104.879,1458.3843,2158.553,1440.4203,2192.2573,1397.3047,2209.7307,1329.5663,2209.3877,1253.6973,2193.1082,1132.8657,2159.904,1031.868,2125.7712,944.40515,2087.501,875.5834,2050.524,807.4737,1992.7208,768.8584,1986.1848,826.9609,2059.1812,902.54504,2128.6978,1000.5818,2208.7876,1125.3982,2278.9436,1264.2277,2324.6982,1369.235,2340.703,1461.5525,2326.1829,1518.016,2268.198,1527.6835,2186.0032,1501.9618,2104.2766
942,942,15700,767.85175,1984.7239,776.3468,1959.2361,812.3686,1937.6113,877.9936,1921.1577,979.352,1920.2211,1086.0914,1950.2458,1194.4387,1946.0033,1307.1237,1982.7079,1393.8237,2019.3724,1456.371,2058.738,1501.7147,2103.2742,1468.5952,2103.8079,1418.1255,2069.874,1354.0723,2045.4263,1279.8359,2028.1041,1193.9626,2016.9402,1096.9325,2007.9639,1005.2759,1990.5806,925.5039,1975.4509,867.77924,1973.9589,828.1513,1979.9124,806.42096,1991.2673,1468.5952,2103.8079,1458.2931,2157.0615,1440.3818,2190.6926,1397.1857,2208.1858,1329.29,2207.9402,1253.3796,2191.7825,1132.1599,2158.5732,1030.9198,2124.403,943.2505,2086.081,874.4046,2049.065,806.42096,1991.2673,767.85175,1984.7239,825.94183,2057.5696,901.6664,2126.949,999.94806,2206.9358,1125.027,2277.0964,1264.0779,2322.9019,1369.0946,2338.826,1461.295,2324.2683,1517.7357,2266.42,1527.5497,2184.533,1501.7147,2103.2742
943,943,15716,766.86566,1982.7115,775.38324,1957.386,811.49023,1936.0117,877.1052,1919.806,978.3903,1919.0624,1085.0974,1949.1012,1193.433,1944.8888,1306.1353,1981.599,1392.9523,2018.2034,1455.92,2057.5256,1501.656,2102.0874,1468.5222,2102.6086,1417.8975,2068.5552,1353.4238,2044.1567,1279.0007,2026.9338,1193.0797,2015.8271,1096.0286,2006.8687,1004.34283,1989.419,924.50104,1974.0896,866.7269,1972.3096,827.05914,1978.029,805.4427,1989.275,1468.5222,2102.6086,1458.1381,2156.063,1440.1517,2189.97,1396.8945,2207.6753,1329.0007,2207.5107,1253.0695,2191.3052,1132.1382,2157.9314,1030.7415,2123.5305,942.79553,2084.9075,873.69684,2047.5636,805.4427,1989.275,766.86566,1982.7115,825.20386,2055.8433,901.27124,2125.5002,999.8334,2205.7854,1124.8818,2276.3,1263.7269,2322.3423,1368.7654,2338.3223,1461.1237,2323.6619,1517.6522,2265.5996,1527.3859,2183.4565,1501.656,2102.0874
944,944,15733,766.30634,1980.694,774.8755,1955.5065,811.1121,1934.3218,876.813,1918.3583,978.17267,1917.8765,1084.9373,1947.9866,1193.3016,1943.8137,1306.0055,1980.4653,1392.8481,2017.0386,1455.8928,2056.4175,1501.6604,2101.0547,1468.5226,2101.5344,1417.8776,2067.381,1353.3605,2042.9592,1278.8774,2025.7734,1192.9475,2014.7142,1095.8628,2005.7399,1004.1026,1988.2045,924.1464,1972.6692,866.2466,1970.6383,826.46857,1976.1598,804.86255,1987.2834,1468.5226,2101.5344,1458.153,2154.9238,1440.1259,2188.8848,1396.7467,2206.5647,1328.801,2206.2725,1252.8423,2189.9033,1132.0928,2156.3926,1030.6571,2121.9165,942.5102,2083.2407,873.22723,2045.7898,804.86255,1987.2834,766.30634,1980.694,824.7439,2053.967,901.03827,2123.7095,999.79517,2203.9976,1124.7576,2274.593,1263.5359,2320.8284,1368.6344,2336.9976,1461.2561,2322.4836,1517.9843,2264.4707,1527.5793,2182.3284,1501.6604,2101.0547
945,945,15750,766.4946,1980.2626,775.0812,1954.9747,811.33203,1933.6212,877.0454,1917.4562,978.43994,1916.7935,1085.1858,1946.9431,1193.4677,1942.8726,1306.0756,1979.8085,1392.8501,2016.6018,1455.9006,2056.162,1501.757,2100.8953,1468.5858,2101.3284,1417.8959,2067.1533,1353.3516,2042.6857,1278.8925,2025.428,1193.04,2014.2638,1096.0521,2005.1976,1004.32135,1987.6522,924.3981,1972.1365,866.49646,1970.1235,826.6904,1975.6421,805.0328,1986.7922,1468.5858,2101.3284,1458.218,2154.493,1440.1559,2188.308,1396.6676,2205.7502,1328.6782,2205.1838,1252.7535,2188.6038,1132.1147,2155.1116,1030.6631,2120.8423,942.55817,2082.4246,873.3367,2045.1384,805.0328,1986.7922,766.4946,1980.2626,824.84125,2053.448,901.0762,2123.0073,999.85254,2203.0046,1124.8187,2273.4143,1263.6172,2319.6982,1368.7122,2336.1045,1461.5911,2321.876,1518.5253,2264.0464,1527.9497,2182.024,1501.757,2100.8953
946,946,15766,766.5921,1979.1167,775.1542,1954.0071,811.3863,1932.7871,877.06116,1916.7308,978.4135,1916.1804,1085.1138,1946.313,1193.3115,1942.3302,1305.8904,1979.2976,1392.6904,2016.0786,1455.8862,2055.621,1501.7673,2100.303,1468.5872,2100.7349,1417.8785,2066.5884,1353.2579,2042.1746,1278.7477,2024.9497,1192.928,2013.7642,1096.0162,2004.6465,1004.3326,1987.0626,924.4362,1971.446,866.5501,1969.2675,826.7379,1974.6135,805.10754,1985.6245,1468.5872,2100.7349,1458.3059,2153.9148,1440.2869,2187.7683,1396.7363,2205.147,1328.7253,2204.4211,1252.9213,2187.646,1132.2688,2154.0728,1030.7217,2119.8123,942.6108,2081.412,873.408,2044.094,805.10754,1985.6245,766.5921,1979.1167,824.9335,2052.2773,901.0974,2121.693,1000.061,2201.4595,1125.1445,2271.8508,1264.0726,2318.3618,1369.0422,2335.071,1462.1129,2321.1855,1519.1486,2263.5046,1528.2908,2181.449,1501.7673,2100.303
947,947,15783,766.6696,1978.333,775.2659,1953.2627,811.5175,1932.0792,877.19214,1916.0527,978.5414,1915.5151,1085.2302,1945.5803,1193.3687,1941.5858,1305.8822,1978.4988,1392.643,2015.2826,1455.8691,2054.9014,1501.7432,2099.6272,1468.5701,2100.0215,1417.8713,2065.8276,1353.2493,2041.3774,1278.7457,2024.1326,1192.975,2012.9606,1096.1135,2003.8853,1004.42175,1986.3009,924.5212,1970.6815,866.62585,1968.4797,826.77484,1973.7954,805.1414,1984.796,1468.5701,2100.0215,1458.2631,2153.159,1440.2036,2186.9595,1396.5957,2204.146,1328.5801,2203.155,1252.7694,2186.1794,1132.2418,2152.7107,1030.7196,2118.6777,942.59454,2080.486,873.4116,2043.2595,805.1414,1984.796,766.6696,1978.333,824.97504,2051.4749,901.1237,2120.6934,1000.07574,2200.0637,1125.0922,2270.1091,1263.9258,2316.5415,1368.8784,2333.478,1462.0198,2320.032,1519.1547,2262.6658,1528.3057,2180.7285,1501.7432,2099.6272
948,948,15800,766.6206,1977.5548,775.337,1952.4897,811.6652,1931.4004,877.361,1915.4489,978.71326,1914.8989,1085.3932,1944.8207,1193.4833,1940.736,1305.9252,1977.3638,1392.643,2013.9237,1455.8656,2053.4204,1501.8102,2098.115,1468.6925,2098.5806,1418.0265,2064.2896,1353.2804,2039.9354,1278.7601,2022.8586,1193.0354,2011.8922,1096.228,2002.9823,1004.5096,1985.4556,924.56946,1969.8544,866.6113,1967.6276,826.6148,1972.9441,804.9811,1984.0422,1468.6925,2098.5806,1458.3846,2152.3044,1440.2479,2186.4146,1396.5215,2203.7947,1328.4639,2202.9343,1252.6395,2186.0498,1132.217,2152.709,1030.7072,2118.6975,942.52893,2080.412,873.3054,2042.9763,804.9811,1984.0422,766.6206,1977.5548,824.95996,2051.0427,901.1384,2120.4207,1000.0799,2199.7712,1125.0303,2269.6614,1263.7715,2315.8728,1368.7385,2332.66,1461.933,2319.1416,1519.1476,2261.6887,1528.3674,2179.5554,1501.8102,2098.115
949,949,15816,766.27466,1976.279,775.15765,1951.4968,811.6291,1930.7137,877.39343,1915.0243,978.7798,1914.6418,1085.4733,1944.5594,1193.5544,1940.4916,1305.9525,1977.0017,1392.643,2013.4048,1455.8889,2052.7432,1501.997,2097.2817,1468.9084,2097.7751,1418.1805,2063.5674,1353.2998,2039.3544,1278.7704,2022.4136,1193.0837,2011.5454,1096.2784,2002.6669,1004.4912,1985.0817,924.4608,1969.3352,866.3913,1966.8805,826.2299,1971.9548,804.56647,1982.834,1468.9084,2097.7751,1458.6294,2151.73,1440.4608,2186.0146,1396.6185,2203.5273,1328.4778,2202.7285,1252.6245,2185.8455,1132.2156,2152.4355,1030.7037,2118.2878,942.43884,2079.8018,873.0768,2042.1421,804.56647,1982.834,766.27466,1976.279,824.8112,2050.0173,901.1287,2119.578,1000.08746,2199.096,1125.0176,2269.176,1263.7666,2315.4873,1368.763,2332.2502,1462.0809,2318.6611,1519.4126,2261.1257,1528.649,2178.8765,1501.997,2097.2817
950,950,15833,766.3975,1976.6473,775.3172,1951.7642,811.77277,1930.8273,877.4974,1914.9658,978.8307,1914.4373,1085.4652,1944.3679,1193.4863,1940.2957,1305.839,1976.9142,1392.4314,2013.4138,1455.6467,2052.8137,1501.7346,2097.361,1468.6294,2097.8323,1417.9531,2063.6467,1353.0681,2039.4052,1278.6481,2022.3809,1193.0477,2011.4272,1096.2839,2002.5374,1004.54443,1984.9668,924.5685,1969.3359,866.52234,1967.0371,826.3582,1972.228,804.67554,1983.1554,1468.6294,2097.8323,1458.2498,2151.5544,1440.0082,2185.58,1396.0122,2202.7944,1327.7867,2201.7927,1252.0583,2184.8513,1131.9445,2151.6519,1030.6073,2117.8071,942.4406,2079.6177,873.161,2042.176,804.67554,1983.1554,766.3975,1976.6473,824.88153,2050.2688,901.1265,2119.7224,1000.0036,2199.0618,1124.795,2268.8503,1263.4062,2314.9177,1368.391,2331.702,1461.8333,2318.2163,1519.2461,2260.866,1528.4575,2178.815,1501.7346,2097.361
951,951,15850,766.50757,1976.7213,775.4502,1951.8796,811.90173,1930.9508,877.61774,1915.0853,978.93146,1914.5383,1085.5248,1944.4673,1193.4645,1940.3746,1305.7139,1976.9797,1392.2505,2013.471,1455.5337,2052.8633,1501.7242,2097.3782,1468.6193,2097.8555,1417.9116,2063.7297,1352.9529,2039.51,1278.5707,2022.5009,1193.0408,2011.5715,1096.3339,2002.7087,1004.62146,1985.1646,924.6681,1969.5588,866.6317,1967.2603,826.47174,1972.4089,804.7744,1983.2363,1468.6193,2097.8555,1458.2107,2151.5105,1439.985,2185.5432,1396.0226,2202.8296,1327.8402,2201.9321,1252.2096,2185.072,1132.1215,2151.8215,1030.7794,2117.867,942.5313,2079.596,873.19604,2042.157,804.7744,1983.2363,766.50757,1976.7213,824.9277,2050.246,901.33856,2119.6138,1000.3023,2198.9875,1125.0336,2268.9521,1263.622,2315.115,1368.4983,2331.8218,1461.9023,2318.214,1519.2517,2260.8066,1528.4122,2178.772,1501.7242,2097.3782
952,952,15866,766.6152,1976.9631,775.5547,1952.1133,811.97784,1931.1451,877.6411,1915.2289,978.87384,1914.6282,1085.379,1944.5497,1193.2739,1940.4288,1305.463,1977.0269,1391.8907,2013.5276,1455.1202,2052.9263,1501.2709,2097.4348,1468.1533,2097.9026,1417.4814,2063.8074,1352.506,2039.5967,1278.2632,2022.5986,1192.8453,2011.683,1096.1985,2002.8392,1004.5757,1985.314,924.7069,1969.7435,866.7172,1967.487,826.5763,1972.6588,804.8734,1983.4545,1468.1533,2097.9026,1457.6224,2151.3535,1439.3058,2185.1868,1395.2258,2202.3186,1326.9926,2201.373,1251.4598,2184.549,1131.7037,2151.4053,1030.5836,2117.5684,942.48267,2079.436,873.25244,2042.1373,804.8734,1983.4545,766.6152,1976.9631,824.9747,2050.3813,901.2935,2119.6606,1000.1019,2198.91,1124.5822,2268.702,1262.92,2314.7004,1367.7373,2331.3428,1461.2146,2317.7456,1518.6312,2260.5059,1527.8732,2178.693,1501.2709,2097.4348
953,953,15883,766.61005,1976.8403,775.3972,1951.9619,811.68066,1930.9398,877.2879,1915.0132,978.6017,1914.4894,1085.2229,1944.4496,1193.1963,1940.2915,1305.4225,1976.854,1391.8337,2013.3579,1455.061,2052.7834,1501.2161,2097.2878,1468.0688,2097.7222,1417.4285,2063.6821,1352.4132,2039.5205,1278.1975,2022.5503,1192.7883,2011.6605,1096.0891,2002.8387,1004.4263,1985.2902,924.5495,1969.6713,866.6231,1967.3799,826.5506,1972.5176,804.89655,1983.2726,1468.0688,2097.7222,1457.6074,2151.114,1439.2632,2184.9556,1395.1793,2202.113,1326.9479,2201.1748,1251.4078,2184.332,1131.6913,2151.1484,1030.5704,2117.2825,942.4646,2079.1484,873.2593,2041.8748,804.89655,1983.2726,766.61005,1976.8403,824.94086,2050.2715,901.2602,2119.5916,1000.0884,2198.8955,1124.5465,2268.7485,1262.8875,2314.778,1367.7308,2331.4104,1461.2546,2317.7476,1518.6462,2260.4292,1527.8347,2178.559,1501.2161,2097.2878
954,954,15900,766.69226,1977.0468,775.47595,1952.145,811.7403,1931.0951,877.3389,1915.1434,978.65814,1914.5944,1085.2823,1944.5226,1193.2281,1940.3112,1305.434,1976.7577,1391.8428,2013.1707,1455.051,2052.5386,1501.2024,2096.9644,1468.06,2097.429,1417.4471,2063.4397,1352.4216,2039.3442,1278.2231,2022.4485,1192.7987,2011.6381,1096.1298,2002.8765,1004.47076,1985.3584,924.5941,1969.7688,866.6817,1967.5154,826.6258,1972.692,804.97217,1983.479,1468.06,2097.429,1457.6091,2150.9658,1439.2968,2184.91,1395.2312,2202.1704,1327.0112,2201.3271,1251.4958,2184.5576,1131.7706,2151.414,1030.6298,2117.548,942.4837,2079.393,873.29865,2042.1013,804.97217,1983.479,766.69226,1977.0468,824.9772,2050.501,901.28217,2119.859,1000.1406,2199.213,1124.6125,2269.072,1263.0366,2315.041,1367.8962,2331.5806,1461.4413,2317.793,1518.7778,2260.346,1527.8752,2178.3533,1501.2024,2096.9644
955,955,15916,766.27704,1976.887,775.01495,1952.0424,811.3106,1931.0314,876.95715,1915.1239,978.3883,1914.6136,1085.1143,1944.5334,1193.161,1940.3011,1305.4025,1976.6918,1391.814,2013.0513,1455.0433,2052.3696,1501.193,2096.7263,1468.0535,2097.221,1417.4407,2063.3218,1352.3802,2039.3058,1278.1648,2022.4617,1192.7102,2011.6853,1095.9598,2002.9395,1004.2176,1985.427,924.24603,1969.8162,866.2913,1967.5138,826.2353,1972.6282,804.59106,1983.3315,1468.0535,2097.221,1457.6158,2150.7917,1439.3257,2184.7908,1395.2587,2202.1213,1327.0211,2201.3352,1251.4874,2184.5896,1131.7617,2151.4172,1030.5989,2117.4983,942.3687,2079.2957,873.0894,2041.9807,804.59106,1983.3315,766.27704,1976.887,824.73566,2050.3564,901.1711,2119.7598,1000.1119,2199.1897,1124.5885,2269.124,1263.0392,2315.1152,1367.9482,2331.6255,1461.5562,2317.7583,1518.8903,2260.2126,1527.9229,2178.1416,1501.193,2096.7263
956,956,15933,766.1008,1977.02,774.6622,1952.1656,810.85864,1931.1321,876.447,1915.2025,977.92737,1914.6875,1084.7189,1944.6034,1192.8579,1940.353,1305.1863,1976.7125,1391.618,2013.1371,1454.9144,2052.5454,1501.1229,2096.9526,1467.9427,2097.4102,1417.286,2063.4812,1352.0903,2039.4094,1277.8744,2022.4998,1192.4032,2011.728,1095.6035,2003.0111,1003.8519,1985.5128,923.89923,1969.9093,866.02936,1967.6189,826.0567,1972.7465,804.48883,1983.4495,1467.9427,2097.4102,1457.5447,2150.8755,1439.2766,2184.8071,1395.1891,2202.1892,1326.9386,2201.352,1251.467,2184.4917,1131.7195,2151.2883,1030.5438,2117.4307,942.2886,2079.3096,873.0033,2042.049,804.48883,1983.4495,766.1008,1977.02,824.5628,2050.4636,901.04376,2119.83,1000.04144,2199.1804,1124.5604,2269.0552,1263.0029,2315.1016,1367.9171,2331.7163,1461.5146,2317.8164,1518.8625,2260.3306,1527.8947,2178.329,1501.1229,2096.9526
957,957,15950,766.0989,1977.1443,774.46985,1952.2439,810.5026,1931.1191,876.0005,1915.0719,977.49976,1914.5446,1084.2701,1944.5583,1192.4495,1940.3757,1304.9733,1976.7485,1391.4722,2013.4417,1454.8483,2053.2456,1501.1056,2098.0159,1467.8893,2098.2952,1417.1315,2064.1843,1351.7961,2039.8619,1277.5416,2022.6981,1192.0419,2011.7434,1095.2476,2003.0775,1003.5876,1985.5758,923.70905,1969.9651,865.9303,1967.6885,826.0523,1972.8374,804.5124,1983.5549,1467.8893,2098.2952,1457.5173,2151.1929,1439.2516,2184.8557,1395.1188,2202.2324,1326.8197,2201.244,1251.4042,2184.181,1131.6337,2150.8525,1030.4559,2117.0557,942.2059,2079.103,872.95276,2042.0009,804.5124,1983.5549,766.0989,1977.1443,824.47516,2050.5098,900.9245,2119.7925,999.9401,2199.0723,1124.4993,2268.9575,1262.979,2315.12,1367.8889,2331.8303,1461.4935,2317.8948,1518.9065,2260.7385,1527.9032,2179.0176,1501.1056,2098.0159
958,958,15966,766.14124,1977.1147,774.51184,1952.2163,810.5307,1931.0763,876.0019,1915.0192,977.45,1914.5247,1084.1815,1944.5688,1192.3274,1940.411,1304.8245,1976.7601,1391.299,2013.5161,1454.71,2053.3772,1501.042,2098.1821,1467.8115,2098.4338,1417.015,2064.27,1351.6274,2039.887,1277.3989,2022.7426,1191.939,2011.7882,1095.184,2003.074,1003.5696,1985.5316,923.72144,1969.8973,865.963,1967.6237,826.09406,1972.7886,804.54694,1983.5146,1467.8115,2098.4338,1457.5037,2151.2222,1439.2269,2184.8865,1395.0983,2202.2725,1326.8071,2201.2673,1251.4178,2184.1782,1131.6473,2150.8015,1030.4685,2116.962,942.21313,2078.9878,872.979,2041.8943,804.54694,1983.5146,766.14124,1977.1147,824.4976,2050.3691,900.9307,2119.5752,999.9607,2198.8335,1124.5272,2268.7805,1263.05,2315.0518,1367.9368,2331.8496,1461.5773,2317.9495,1518.9692,2260.7476,1527.8931,2179.0793,1501.042,2098.1821
959,959,15983,766.17804,1976.9066,774.4882,1952.0171,810.4871,1930.8535,875.9694,1914.8265,977.43976,1914.4199,1084.1782,1944.4656,1192.3185,1940.3357,1304.8113,1976.7064,1391.28,2013.4694,1454.6921,2053.351,1501.0319,2098.1616,1467.7761,2098.412,1417.0082,2064.2346,1351.6128,2039.8394,1277.3945,2022.6931,1191.9458,2011.7421,1095.1935,2003.0232,1003.57135,1985.4341,923.721,1969.7305,865.9742,1967.3961,826.1218,1972.5266,804.585,1983.235,1467.7761,2098.412,1457.5217,2151.2407,1439.394,2184.92,1395.4307,2202.2983,1327.284,2201.2297,1252.1624,2184.028,1132.2172,2150.5505,1030.8694,2116.681,942.3928,2078.722,873.01434,2041.6388,804.585,1983.235,766.17804,1976.9066,824.5088,2050.1572,901.0993,2119.3296,1000.4057,2198.5383,1125.261,2268.5708,1264.1008,2315.0046,1368.8469,2331.9048,1462.484,2317.9897,1519.6597,2260.7805,1528.119,2179.0935,1501.0319,2098.1616
960,960,16000,766.2513,1976.7836,774.5559,1951.91,810.5712,1930.7712,876.06433,1914.7771,977.52496,1914.3965,1084.2408,1944.4386,1192.3485,1940.3341,1304.8171,1976.727,1391.2437,2013.4868,1454.6005,2053.3606,1500.9514,2098.1611,1467.699,2098.4158,1416.9576,2064.2473,1351.5906,2039.8561,1277.3966,2022.7036,1191.9636,2011.7329,1095.247,2002.977,1003.6488,1985.3776,923.80786,1969.6584,866.06116,1967.2957,826.2033,1972.4058,804.67285,1983.1105,1467.699,2098.4158,1457.5039,2151.2395,1439.4106,2184.935,1395.5493,2202.3257,1327.5073,2201.2864,1252.4631,2184.1147,1132.4543,2150.6306,1031.0781,2116.698,942.5544,2078.65,873.11444,2041.5168,804.67285,1983.1105,766.2513,1976.7836,824.6429,2049.9653,901.3292,2119.0913,1000.69116,2198.331,1125.5704,2268.4565,1264.4484,2314.9568,1369.0702,2331.8628,1462.6044,2317.9736,1519.6859,2260.7456,1528.1039,2179.0623,1500.9514,2098.1611
961,961,16016,766.5769,1976.7805,774.8275,1951.9169,810.8088,1930.7946,876.2761,1914.8126,977.67114,1914.4297,1084.3336,1944.4666,1192.3839,1940.3563,1304.8234,1976.747,1391.2454,2013.509,1454.5983,2053.373,1501.0197,2098.1594,1467.7693,2098.422,1417.0046,2064.2532,1351.6184,2039.8677,1277.4423,2022.718,1192.0333,2011.7379,1095.3619,2002.9641,1003.82355,1985.3616,924.01416,1969.6383,866.29553,1967.2698,826.4946,1972.3805,805.0413,1983.1078,1467.7693,2098.422,1457.8158,2151.2563,1439.9917,2184.952,1396.3909,2202.3384,1328.552,2201.322,1253.6884,2184.1875,1133.4279,2150.7163,1031.898,2116.7502,943.1839,2078.66,873.5697,2041.5135,805.0413,1983.1078,766.5769,1976.7805,825.1773,2049.8987,902.14966,2118.952,1001.7569,2198.1824,1126.7773,2268.4028,1265.7997,2314.9873,1370.2058,2331.9072,1463.579,2318.0125,1520.4479,2260.76,1528.526,2179.064,1501.0197,2098.1594
962,962,16033,766.6009,1976.8389,774.86273,1951.9537,810.845,1930.7959,876.31085,1914.7756,977.70026,1914.3984,1084.3556,1944.4773,1192.395,1940.3767,1304.8289,1976.9149,1391.262,2013.9454,1454.6638,2054.1035,1501.1971,2099.192,1467.9146,2099.2856,1417.0482,2064.8413,1351.621,2040.2137,1277.4447,2022.8488,1192.0442,2011.7567,1095.3813,2002.9818,1003.83594,1985.3538,924.0247,1969.6268,866.3115,1967.2805,826.52344,1972.416,805.0524,1983.1614,1467.9146,2099.2856,1458.062,2151.669,1440.2616,2185.1309,1396.5801,2202.359,1328.6681,2201.349,1253.7924,2184.1228,1133.4907,2150.548,1031.9395,2116.5745,943.1985,2078.555,873.5892,2041.4937,805.0524,1983.1614,766.6009,1976.8389,825.18835,2049.9055,902.1863,2118.8752,1001.8411,2197.9932,1126.8822,2268.1855,1265.9563,2314.9038,1370.3976,2331.949,1463.9559,2318.1277,1521.0287,2261.2104,1529.0385,2179.7627,1501.1971,2099.192
963,963,16050,767.41046,1976.8679,775.4561,1951.9677,811.25525,1930.8096,876.5456,1914.7863,977.7905,1914.4292,1084.3828,1944.5796,1192.4095,1940.5858,1304.8331,1977.4355,1391.2567,2014.6593,1454.655,2054.8865,1501.2128,2099.975,1467.9337,2100.0183,1417.0533,2065.4453,1351.6193,2040.6385,1277.4554,2023.0693,1192.0793,2011.8135,1095.4652,2003.0024,1004.03644,1985.3792,924.3526,1969.6571,866.8015,1967.3147,827.2023,1972.444,805.84863,1983.1876,1467.9337,2100.0183,1458.1509,2152.0146,1440.4297,2185.2908,1396.7833,2202.3762,1328.9391,2201.3752,1254.274,2184.0825,1134.0082,2150.4468,1032.4985,2116.495,943.7746,2078.548,874.2077,2041.5371,805.84863,1983.1876,767.41046,1976.8679,826.05334,2049.9395,903.0496,2118.769,1002.6928,2197.718,1127.6031,2267.885,1266.5674,2314.7383,1370.7565,2331.9448,1464.2551,2318.142,1521.3042,2261.4243,1529.1993,2180.2178,1501.2128,2099.975
964,964,16066,767.1687,1976.7332,774.99567,1951.7443,810.741,1930.4155,876.103,1914.2662,977.49866,1913.9777,1084.1829,1944.2971,1192.3159,1940.4373,1304.8265,1977.44,1391.2552,2014.6758,1454.6484,2055.0222,1501.2053,2100.2283,1467.9086,2100.2024,1417.0074,2065.5894,1351.5437,2040.6987,1277.3759,2023.092,1191.9697,2011.8201,1095.2994,2002.9277,1003.8587,1985.2091,924.16656,1969.4382,866.6335,1967.1213,827.0732,1972.2834,805.718,1983.0217,1467.9086,2100.2024,1458.1284,2152.0273,1440.3923,2185.2935,1396.6885,2202.1892,1328.7533,2200.8616,1254.0514,2183.2952,1133.7637,2149.5283,1032.2437,2115.6553,943.533,2077.907,874.00745,2041.102,805.718,1983.0217,767.1687,1976.7332,825.69727,2049.6802,902.63763,2118.4539,1002.3076,2197.359,1127.3071,2267.5352,1266.406,2314.4985,1370.7062,2331.8955,1464.2283,2318.1716,1521.311,2261.519,1529.2161,2180.3816,1501.2053,2100.2283
965,965,16083,767.1821,1976.7762,775.00525,1951.7819,810.73987,1930.4496,876.06976,1914.2981,977.4102,1914.0029,1084.0807,1944.3167,1192.1671,1940.4539,1304.6372,1977.4525,1391.03,2014.6854,1454.44,2055.029,1501.0369,2100.229,1467.7345,2100.2065,1416.828,2065.5972,1351.3391,2040.7063,1277.2128,2023.0797,1191.8423,2011.7638,1095.2128,2002.8225,1003.798,1985.1113,924.13184,1969.3785,866.6243,1967.1101,827.08026,1972.3093,805.73193,1983.065,1467.7345,2100.2065,1458.0303,2152.0369,1440.3207,2185.3083,1396.6222,2202.208,1328.6865,2200.887,1253.99,2183.3398,1133.6862,2149.5825,1032.1715,2115.702,943.4865,2077.9407,873.9978,2041.1343,805.73193,1983.065,767.1821,1976.7762,825.6977,2049.6873,902.61914,2118.3958,1002.2801,2197.2388,1127.2754,2267.3567,1266.3745,2314.2805,1370.6346,2331.693,1464.1362,2318.0898,1521.2118,2261.462,1529.1042,2180.359,1501.0369,2100.229
966,966,16100,766.4899,1976.516,774.1897,1951.588,809.97675,1930.2898,875.37225,1914.1953,976.8158,1913.9786,1083.5887,1944.3198,1191.8174,1940.467,1304.444,1977.4688,1390.9182,2014.6951,1454.3948,2055.0647,1501.0098,2100.283,1467.6547,2100.2434,1416.6963,2065.6353,1351.088,2040.7246,1276.9255,2023.097,1191.5049,2011.7823,1094.8046,2002.8267,1003.32367,1985.075,923.60815,1969.2888,866.07983,1966.9739,826.5341,1972.1288,805.20355,1982.79,1467.6547,2100.2434,1457.9813,2152.0469,1440.2825,2185.3196,1396.5664,2202.1567,1328.6176,2200.7048,1253.9412,2183.0347,1133.5785,2149.1658,1031.982,2115.2534,943.1881,2077.5225,873.5689,2040.7622,805.20355,1982.79,766.4899,1976.516,825.09045,2049.3896,902.1846,2118.1096,1002.0144,2196.9668,1127.1556,2267.139,1266.3514,2314.1438,1370.6044,2331.6768,1464.1188,2318.111,1521.2196,2261.517,1529.104,2180.414,1501.0098,2100.283
967,967,16116,766.1408,1976.5734,773.6506,1951.6063,809.361,1930.3138,874.7543,1914.195,976.25995,1913.9635,1082.9806,1944.3271,1191.2079,1940.4806,1303.9752,1977.5267,1390.4788,2014.9138,1453.9604,2055.5078,1500.4434,2100.8586,1466.8479,2100.6755,1415.8484,2066.0906,1350.2391,2041.0563,1276.1873,2023.2655,1190.8694,2011.8405,1094.2523,2002.8477,1002.8979,1985.0848,923.2908,1969.3003,865.8455,1966.9875,826.379,1972.1602,805.0271,1982.8042,1466.8479,2100.6755,1457.1112,2152.1323,1439.3738,2185.333,1395.5901,2202.0386,1327.649,2200.3523,1253.0995,2182.5503,1132.9673,2148.6978,1031.5166,2114.952,942.8417,2077.4055,873.3135,2040.7571,805.0271,1982.8042,766.1408,1976.5734,824.5167,2049.4084,901.4687,2118.1438,1001.24493,2196.9949,1126.3795,2267.1233,1265.5824,2314.1143,1369.9534,2331.6943,1463.6534,2318.1978,1520.877,2261.8047,1528.7527,2180.8237,1500.4434,2100.8586
968,968,16133,765.3532,1976.6079,772.52936,1951.628,808.0673,1930.3295,873.30994,1914.2103,974.6161,1913.9941,1081.0996,1944.4142,1189.2716,1940.7131,1302.2803,1978.0996,1389.0802,2015.7699,1452.9722,2056.6477,1499.7037,2102.2131,1465.9236,2101.8809,1414.675,2067.097,1348.7214,2041.8033,1274.533,2023.7135,1189.1672,2012.0387,1092.6035,2002.9255,1001.48395,1985.104,922.10474,1969.3074,864.8823,1966.9963,825.64233,1972.1768,804.4557,1982.8154,1465.9236,2101.8809,1456.3562,2152.9646,1438.6869,2185.8452,1394.8478,2202.1807,1326.9098,2200.3767,1252.5026,2182.534,1132.3837,2148.6294,1030.9425,2114.908,942.24445,2077.4067,872.70435,2040.7811,804.4557,1982.8154,765.3532,1976.6079,823.6362,2049.4336,900.65717,2118.1743,1000.54675,2197.0,1125.7593,2267.1116,1265.0544,2314.1348,1369.4532,2331.7776,1463.3264,2318.8071,1520.6681,2262.9333,1528.4664,2182.092,1499.7037,2102.2131
969,969,16149,765.0998,1976.791,772.1338,1951.753,807.5056,1930.3931,872.589,1914.2543,973.5956,1914.0857,1079.865,1944.5942,1187.9825,1941.0061,1301.0046,1978.6404,1387.8553,2016.5131,1451.9099,2057.5803,1498.7456,2103.283,1464.847,2102.8342,1413.4667,2067.9968,1347.3622,2042.5463,1273.1694,2024.2369,1187.8737,2012.3385,1091.3901,2003.1113,1000.5576,1985.2002,921.4581,1969.3851,864.423,1967.092,825.3629,1972.3107,804.2723,1982.9579,1464.847,2102.8342,1455.168,2153.5361,1437.3188,2186.122,1393.2327,2202.2297,1325.1387,2200.397,1250.6699,2182.5488,1131.0201,2148.652,1029.9508,2114.9404,941.567,2077.4236,872.2867,2040.8091,804.2723,1982.9579,765.0998,1976.791,822.9892,2049.5603,899.57983,2118.2935,999.09467,2197.048,1124.0267,2267.1304,1263.1604,2314.15,1367.8705,2331.8408,1462.1063,2319.091,1519.7074,2263.5042,1527.6293,2182.9094,1498.7456,2103.283
970,970,16166,763.8699,1976.7823,770.9633,1951.7769,806.44556,1930.4075,871.58936,1914.3392,972.67267,1914.3517,1079.1251,1944.9092,1187.3927,1941.3522,1300.5803,1978.908,1387.6195,2016.6614,1451.8436,2057.6323,1498.7505,2103.2932,1464.8573,2102.864,1413.471,2068.024,1347.2876,2042.598,1272.977,2024.3275,1187.5106,2012.4541,1090.8152,2003.2168,999.7297,1985.2567,920.36304,1969.3932,863.1533,1967.1099,823.94836,1972.3182,803.0233,1982.9597,1464.8573,2102.864,1455.2506,2153.785,1437.478,2186.5554,1393.3966,2202.7,1325.288,2200.7432,1250.8186,2182.7573,1131.021,2148.7498,1029.838,2114.982,941.12524,2077.4333,871.4328,2040.8323,803.0233,1982.9597,763.8699,1976.7823,822.28204,2049.5762,899.32697,2118.3174,999.0775,2197.0813,1124.0729,2267.1519,1263.4283,2314.2378,1368.1082,2332.0916,1462.3896,2319.5935,1520.0065,2263.9375,1527.7885,2183.0854,1498.7505,2103.2932
971,971,16183,763.5605,1976.8087,770.6786,1951.7997,806.2294,1930.4274,871.4571,1914.3584,972.61926,1914.365,1079.1399,1944.9156,1187.4348,1941.3643,1300.6067,1978.9222,1387.6263,2016.676,1451.8472,2057.6438,1498.7579,2103.3022,1464.8685,2102.8828,1413.4814,2068.0356,1347.2974,2042.6085,1272.999,2024.3372,1187.5328,2012.4612,1090.8064,2003.2262,999.642,1985.2698,920.17535,1969.4062,862.8717,1967.123,823.5926,1972.3373,802.686,1982.9867,1464.8685,2102.8828,1455.28,2153.8762,1437.5194,2186.667,1393.4319,2202.801,1325.3064,2200.8213,1250.8196,2182.8152,1130.9906,2148.792,1029.719,2115.0125,940.899,2077.4526,871.13055,2040.8446,802.686,1982.9867,763.5605,1976.8087,822.0273,2049.598,899.15106,2118.3386,998.9912,2197.1047,1124.0524,2267.1685,1263.4277,2314.26,1368.127,2332.145,1462.433,2319.6929,1520.0576,2264.0234,1527.8247,2183.1335,1498.7579,2103.3022
972,972,16200,762.951,1976.7727,770.12994,1951.7919,805.7912,1930.4338,871.08685,1914.3756,972.3211,1914.3723,1078.8998,1944.9452,1187.2344,1941.4149,1300.4211,1978.9932,1387.4727,2016.7307,1451.7488,2057.6736,1498.7373,2103.31,1464.8655,2102.8987,1413.4761,2068.045,1347.2526,2042.6202,1272.9128,2024.3544,1187.3763,2012.4806,1090.5684,2003.2332,999.30164,1985.2819,919.6736,1969.4087,862.2208,1967.0994,822.8399,1972.2983,801.97784,1982.9548,1464.8655,2102.8987,1455.3239,2153.9453,1437.6333,2186.7493,1393.5784,2202.8608,1325.4359,2200.8403,1250.9331,2182.84,1130.9902,2148.8247,1029.6105,2115.03,940.54974,2077.4556,870.53174,2040.8402,801.97784,1982.9548,762.951,1976.7727,821.69666,2049.5403,899.03925,2118.228,998.9888,2196.9832,1124.0975,2267.0994,1263.5764,2314.255,1368.2324,2332.164,1462.5256,2319.7205,1520.1283,2264.0686,1527.8386,2183.1648,1498.7373,2103.31
973,973,16216,762.8962,1976.5391,769.9511,1951.6176,805.5865,1930.2921,870.90546,1914.3239,972.1703,1914.386,1078.7399,1944.9861,1187.0406,1941.5018,1300.2584,1979.153,1387.3704,2016.8965,1451.7074,2057.8516,1498.736,2103.4968,1464.8553,2103.0583,1413.4623,2068.205,1347.1935,2042.778,1272.8289,2024.5079,1187.2814,2012.5974,1090.484,2003.3025,999.2411,1985.2881,919.60297,1969.3987,862.1619,1967.0107,822.80896,1972.1235,801.98016,1982.669,1464.8553,2103.0583,1455.5006,2154.1235,1438.1692,2186.9197,1394.4747,2202.9263,1326.6008,2200.8577,1252.4738,2182.7996,1131.857,2148.5986,1030.0044,2114.6548,940.6515,2077.0266,870.5456,2040.4518,801.98016,1982.669,762.8962,1976.5391,821.7042,2049.2456,899.1347,2117.8794,999.5015,2196.6416,1125.318,2266.9722,1265.5154,2314.272,1369.9606,2332.3162,1464.1881,2320.3005,1521.4708,2264.7595,1528.3885,2183.5603,1498.736,2103.4968
974,974,16233,762.96893,1976.2458,769.97595,1951.4335,805.6183,1930.1969,870.9489,1914.311,972.23035,1914.3939,1078.838,1945.0308,1187.1412,1941.5636,1300.3962,1979.2063,1387.6324,2016.915,1452.1959,2057.8523,1499.6537,2103.4941,1465.6699,2103.0579,1414.0417,2068.2068,1347.5485,2042.7861,1273.0637,2024.5326,1187.4646,2012.623,1090.6647,2003.3119,999.3976,1985.2986,919.71313,1969.3716,862.2596,1966.9036,822.9248,1971.931,802.14496,1982.3811,1465.6699,2103.0579,1457.1821,2154.1575,1440.563,2187.0237,1397.4376,2203.0576,1329.9008,2200.9214,1256.0939,2182.8137,1134.3793,2148.5994,1031.671,2114.5574,941.61206,2076.822,870.99054,2040.1946,802.14496,1982.3811,762.96893,1976.2458,822.0411,2048.966,900.0885,2117.643,1001.359,2196.5186,1128.2604,2266.9827,1269.4946,2314.3489,1373.7821,2332.5918,1467.9142,2320.7744,1524.8041,2265.0764,1530.7286,2183.6245,1499.6537,2103.4941
975,975,16250,763.70575,1975.7341,770.77045,1951.1069,806.4433,1930.0457,871.75433,1914.278,972.98615,1914.407,1079.707,1945.0438,1188.0378,1941.5762,1301.3809,1979.1954,1388.8712,2016.7783,1453.9047,2057.451,1502.1327,2102.8445,1468.176,2102.5513,1416.0803,2067.8328,1349.1013,2042.612,1274.2871,2024.4928,1188.4963,2012.6234,1091.5862,2003.3116,1000.2313,1985.2782,920.4931,1969.2899,863.0278,1966.7164,823.7097,1971.6261,802.9485,1981.9509,1468.176,2102.5513,1460.0608,2153.9927,1443.5734,2187.0005,1400.4388,2203.0728,1332.7914,2200.9358,1258.7781,2182.8342,1136.6481,2148.601,1033.6134,2114.477,943.2017,2076.6191,872.2232,2039.8925,802.9485,1981.9509,763.70575,1975.7341,823.19525,2048.559,901.72314,2117.3542,1003.38513,2196.3794,1130.5602,2266.9712,1271.9756,2314.3645,1376.4021,2332.6028,1470.6157,2320.7803,1527.646,2265.0422,1533.6433,2183.3647,1502.1327,2102.8445
976,976,16266,763.94434,1975.3481,771.0799,1950.7104,806.8663,1929.6837,872.2834,1913.9694,973.6521,1914.1453,1080.5637,1944.7622,1189.0123,1941.2379,1302.4485,1978.7476,1390.0131,2016.1973,1455.1255,2056.7358,1503.4176,2102.101,1469.556,2101.8674,1417.5754,2067.0593,1350.429,2041.9242,1275.471,2023.9443,1189.5079,2012.1907,1092.4142,2002.9271,1000.83234,1984.8839,920.91754,1968.8369,863.3376,1966.2158,823.91943,1971.139,803.1721,1981.561,1469.556,2101.8674,1461.6282,2153.7031,1445.1097,2186.8757,1401.8585,2203.034,1334.0555,2200.9187,1259.7887,2182.8254,1137.5114,2148.5742,1034.2755,2114.4165,943.68475,2076.5007,872.57025,2039.6926,803.1721,1981.561,763.94434,1975.3481,823.6013,2048.285,902.3283,2117.125,1004.1763,2196.1829,1131.4573,2266.8147,1272.8998,2314.248,1377.4255,2332.4875,1471.6373,2320.637,1528.7249,2264.761,1534.8984,2182.9011,1503.4176,2102.101
977,977,16283,764.3671,1975.0472,771.4232,1950.44,807.25037,1929.4347,872.71387,1913.7777,974.1487,1914.0491,1081.1075,1944.7056,1189.536,1941.2002,1303.0051,1978.7306,1390.6377,2016.1732,1455.8718,2056.7036,1504.3574,2102.0696,1470.4438,2101.8364,1418.4126,2067.0112,1351.1532,2041.8716,1276.17,2023.8911,1190.2018,2012.1128,1093.1089,2002.8115,1001.4895,1984.7042,921.4724,1968.5769,863.8318,1965.8867,824.3861,1970.7848,803.68646,1981.2158,1470.4438,2101.8364,1463.0404,2153.6829,1446.8826,2186.863,1403.8922,2203.0042,1336.2325,2200.822,1262.1166,2182.6392,1139.3276,2148.2449,1035.6106,2114.0034,944.6211,2076.0679,873.2039,2039.2827,803.68646,1981.2158,764.3671,1975.0472,824.25903,2047.8607,903.4354,2116.5825,1005.8528,2195.5845,1133.7012,2266.3567,1275.6008,2314.0378,1379.9469,2332.4277,1474.0804,2320.6423,1530.9487,2264.761,1536.6003,2182.8892,1504.3574,2102.0696
978,978,16300,764.67554,1975.0284,771.7348,1950.4188,807.61664,1929.3846,873.1071,1913.7029,974.51575,1913.9836,1081.3789,1944.6868,1189.7177,1941.205,1303.1925,1978.775,1390.8157,2016.3087,1456.0809,2056.9355,1504.5895,2102.3381,1470.6478,2102.0422,1418.5487,2067.2083,1351.31,2041.9945,1276.346,2023.9369,1190.4146,2012.1233,1093.408,2002.8074,1001.8856,1984.6678,921.9146,1968.5282,864.2497,1965.8457,824.8169,1970.7582,804.0216,1981.1836,1470.6478,2102.0422,1463.1533,2153.6858,1446.8873,2186.7944,1403.7975,2202.732,1336.0778,2200.3406,1261.9198,2182.0452,1139.2659,2147.564,1035.632,2113.386,944.71405,2075.6187,873.36334,2039.0264,804.0216,1981.1836,764.67554,1975.0284,824.44476,2047.7041,903.5535,2116.2825,1005.8925,2195.167,1133.616,2265.8938,1275.3502,2313.666,1379.714,2332.2334,1473.899,2320.5925,1530.8937,2264.7607,1536.7286,2182.95,1504.5895,2102.3381
979,979,16316,764.8408,1974.7715,771.86743,1950.2574,807.7175,1929.2555,873.1615,1913.6115,974.5265,1913.9526,1081.3744,1944.692,1189.6122,1941.2096,1302.9926,1978.8488,1390.5455,2016.4098,1455.7947,2057.0217,1504.3793,2102.3704,1470.4331,2102.0593,1418.264,2067.2668,1351.0869,2042.0625,1276.177,2023.979,1190.3334,2012.1298,1093.4017,2002.8105,1001.8962,1984.6365,921.98114,1968.4536,864.3672,1965.7329,825.012,1970.5946,804.1966,1980.8938,1470.4331,2102.0593,1463.0554,2153.5898,1446.8647,2186.49,1403.7299,2202.213,1335.9814,2199.6643,1261.7588,2181.2852,1139.179,2146.6426,1035.595,2112.3987,944.7261,2074.7073,873.4284,2038.3335,804.1966,1980.8938,764.8408,1974.7715,824.5382,2047.155,903.5842,2115.5217,1005.8515,2194.319,1133.4844,2265.137,1275.1179,2313.1003,1379.5247,2331.8665,1473.7163,2320.3901,1530.7505,2264.6614,1536.698,2182.9343,1504.3793,2102.3704
980,980,16333,764.85095,1974.1346,771.885,1949.6951,807.72455,1928.7593,873.15674,1913.264,974.49115,1913.8302,1081.2877,1944.67,1189.4579,1941.2148,1302.7781,1978.8611,1390.3213,2016.426,1455.5975,2057.0376,1504.2578,2102.3782,1470.2626,2102.0613,1418.0629,2067.2725,1350.8851,2042.0677,1275.9988,2023.9885,1190.208,2012.1353,1093.3303,2002.7804,1001.8763,1984.5002,921.9852,1968.1691,864.3799,1965.3108,825.02026,1970.0574,804.2236,1980.2137,1470.2626,2102.0613,1463.0299,2153.5684,1446.76,2186.4316,1403.5906,2202.081,1335.8329,2199.3958,1261.6124,2180.8691,1139.1127,2146.0222,1035.5778,2111.6526,944.7361,2073.9016,873.4437,2037.5173,804.2236,1980.2137,764.85095,1974.1346,824.5403,2046.4773,903.57745,2114.9187,1005.8079,2193.7979,1133.3904,2264.7825,1274.9736,2312.941,1379.3871,2331.8376,1473.5964,2320.3948,1530.6138,2264.6738,1536.5785,2182.9412,1504.2578,2102.3782
981,981,16350,764.85944,1973.7334,771.89105,1949.3314,807.7284,1928.4252,873.15875,1913.0118,974.4788,1913.7133,1081.2626,1944.6141,1189.4117,1941.1997,1302.6954,1978.8645,1390.2207,2016.4263,1455.4988,2057.0356,1504.1777,2102.3718,1470.1487,2102.0466,1417.9664,2067.2563,1350.7949,2042.0421,1275.9294,2023.9463,1190.1621,2012.0409,1093.3038,2002.6183,1001.8568,1984.2198,921.9785,1967.7874,864.3819,1964.8807,825.0286,1969.6195,804.23364,1979.7732,1470.1487,2102.0466,1462.959,2153.5295,1446.7244,2186.349,1403.5669,2201.8933,1335.7994,2199.0342,1261.5162,2180.3496,1139.0692,2145.4465,1035.5638,2111.11,944.72314,2073.4172,873.4399,2037.0547,804.23364,1979.7732,764.85944,1973.7334,824.521,2046.0459,903.5499,2114.446,1005.7889,2193.208,1133.3092,2264.1418,1274.819,2312.41,1379.2465,2331.54,1473.4391,2320.3167,1530.466,2264.6597,1536.4954,2182.9358,1504.1777,2102.3718
982,982,16366,764.7786,1973.296,771.84143,1948.8975,807.72266,1928.0242,873.16943,1912.719,974.48834,1913.5786,1081.2687,1944.5361,1189.4202,1941.1476,1302.6956,1978.813,1390.2144,2016.3632,1455.4838,2056.9731,1504.1522,2102.3184,1470.1136,2101.9824,1417.9537,2067.1404,1350.788,2041.8812,1275.9297,2023.7487,1190.1671,2011.7971,1093.3083,2002.329,1001.8606,1983.8079,921.9731,1967.2678,864.35706,1964.3301,824.9639,1969.0927,804.1621,1979.2998,1470.1136,2101.9824,1462.894,2153.4897,1446.6294,2186.32,1403.4626,2201.8428,1335.6947,2198.9084,1261.4281,2180.122,1139.0144,2145.1594,1035.5365,2110.7803,944.7004,2073.0498,873.37946,2036.6409,804.1621,1979.2998,764.7786,1973.296,824.45105,2045.6543,903.5336,2114.0813,1005.7551,2192.8215,1133.2574,2263.7715,1274.7538,2312.1501,1379.1771,2331.432,1473.3826,2320.312,1530.4014,2264.6597,1536.4113,2182.9246,1504.1522,2102.3184
983,983,16383,764.7901,1973.2125,771.87524,1948.8418,807.7695,1927.9756,873.21265,1912.6759,974.5017,1913.55,1081.2754,1944.5314,1189.416,1941.1477,1302.6516,1978.8185,1390.1031,2016.37,1455.2969,2056.981,1503.915,2102.3196,1469.9576,2101.9824,1417.8236,2067.1423,1350.7124,2041.8857,1275.8893,2023.7542,1190.1519,2011.791,1093.3081,2002.2983,1001.864,1983.7495,921.98114,1967.1984,864.3618,1964.2673,824.97076,1969.0286,804.1691,1979.2197,1469.9576,2101.9824,1462.6295,2153.4373,1446.2903,2186.182,1403.0337,2201.6218,1335.1943,2198.645,1260.9144,2179.8499,1138.6578,2144.8945,1035.294,2110.5244,944.56995,2072.8281,873.3389,2036.4723,804.1691,1979.2197,764.7901,1973.2125,824.4498,2045.4979,903.4872,2113.8667,1005.6079,2192.5537,1132.9434,2263.4517,1274.2115,2311.8135,1378.5461,2331.1455,1472.7678,2320.118,1529.8716,2264.5505,1536.0142,2182.8992,1503.915,2102.3196
984,984,16400,764.7547,1973.2466,771.84106,1948.8467,807.7508,1927.9271,873.21204,1912.5304,974.49695,1913.3638,1081.2153,1944.4022,1189.2925,1941.0857,1302.4778,1978.8237,1389.8452,2016.4155,1454.9149,2057.1267,1503.3815,2102.5356,1469.407,2102.133,1417.3496,2067.2522,1350.3823,2041.921,1275.6538,2023.7599,1189.9895,2011.7521,1093.2014,2002.1903,1001.8283,1983.6106,921.97375,1967.1018,864.35614,1964.241,824.96674,1969.0343,804.1328,1979.2351,1469.407,2102.133,1461.9106,2153.4448,1445.4227,2186.16,1402.005,2201.542,1333.9696,2198.5361,1259.4873,2179.7537,1137.4908,2144.8225,1034.4144,2110.4805,944.01385,2072.811,873.06915,2036.4761,804.1328,1979.2351,764.7547,1973.2466,824.1542,2045.5042,902.83136,2113.8787,1004.62775,2192.564,1131.71,2263.4297,1272.7563,2311.7686,1377.301,2331.1145,1471.7986,2320.112,1529.1134,2264.556,1535.3838,2182.965,1503.3815,2102.5356
985,985,16416,764.7115,1973.259,771.82227,1948.8508,807.74915,1927.9235,873.21924,1912.5049,974.4983,1913.3138,1081.1757,1944.3613,1189.2094,1941.0718,1302.3462,1978.8284,1389.6433,2016.4479,1454.6227,2057.186,1503.0261,2102.5955,1469.0671,2102.1753,1417.045,2067.2883,1350.1737,2041.9347,1275.5076,2023.7645,1189.8914,2011.7296,1093.133,2002.1304,1001.8024,1983.5426,921.9669,1967.0638,864.344,1964.2336,824.94464,1969.0396,804.07153,1979.2415,1469.0671,2102.1753,1461.4396,2153.4412,1444.8477,2186.1099,1401.3396,2201.4485,1333.192,2198.4387,1258.5609,2179.681,1136.7346,2144.77,1033.8378,2110.442,943.62836,2072.7913,872.85144,2036.4766,804.07153,1979.2415,764.7115,1973.259,823.99036,2045.511,902.5164,2113.8691,1004.14764,2192.5178,1131.0189,2263.3267,1271.8323,2311.6284,1376.432,2330.9705,1471.0043,2320.003,1528.4069,2264.5117,1534.8257,2182.9653,1503.0261,2102.5955
986,986,16433,764.57635,1973.267,771.7294,1948.8547,807.70624,1927.9086,873.2149,1912.464,974.50214,1913.2587,1081.1715,1944.3271,1189.2035,1941.0521,1302.33,1978.8328,1389.5939,2016.4534,1454.4923,2057.204,1502.7941,2102.6084,1468.8456,2102.18,1416.8953,2067.3032,1350.1045,2041.9443,1275.4711,2023.7693,1189.8665,2011.7295,1093.108,2002.1178,1001.78827,1983.522,921.9496,1967.0482,864.2981,1964.2305,824.862,1969.044,803.9103,1979.2509,1468.8456,2102.18,1461.1064,2153.3965,1444.4346,2185.9624,1400.8645,2201.2131,1332.6217,2198.1838,1257.912,2179.4585,1136.1682,2144.5913,1033.3303,2110.3071,943.2144,2072.7124,872.5433,2036.4491,803.9103,1979.2509,764.57635,1973.267,823.7194,2045.5154,902.11285,2113.863,1003.63873,2192.4858,1130.4683,2263.2456,1271.2277,2311.5154,1375.885,2330.8584,1470.54,2319.9148,1527.9885,2264.4646,1534.4724,2182.9592,1502.7941,2102.6084
987,987,16450,764.54675,1973.319,771.7292,1948.883,807.7106,1927.9154,873.24426,1912.4623,974.5486,1913.2338,1081.1985,1944.2935,1189.2312,1941.0118,1302.3405,1978.8182,1389.5883,2016.4531,1454.4688,2057.206,1502.7095,2102.6091,1468.7996,2102.1804,1416.887,2067.2983,1350.0963,2041.927,1275.4744,2023.7246,1189.8763,2011.6647,1093.1154,2002.0519,1001.794,1983.4738,921.95306,1967.0295,864.2962,1964.2317,824.83185,1969.054,803.84735,1979.2905,1468.7996,2102.1804,1461.042,2153.3853,1444.3524,2185.9377,1400.7646,2201.1846,1332.4883,2198.1624,1257.7292,2179.451,1136.0364,2144.5989,1033.2172,2110.3176,943.1134,2072.7188,872.4594,2036.4635,803.84735,1979.2905,764.54675,1973.319,823.6876,2045.5332,902.07733,2113.8706,1003.5858,2192.4744,1130.357,2263.1763,1271.0149,2311.388,1375.6649,2330.7026,1470.2998,2319.7778,1527.7328,2264.3796,1534.2782,2182.941,1502.7095,2102.6091
988,988,16466,764.47504,1973.375,771.67865,1948.9133,807.69977,1927.9204,873.2514,1912.4612,974.5627,1913.2291,1081.2155,1944.2919,1189.2543,1941.0111,1302.3627,1978.8221,1389.5924,2016.4788,1454.4531,2057.2751,1502.6926,2102.7124,1468.7583,2102.2524,1416.8765,2067.3586,1350.0903,2041.9587,1275.4738,2023.7347,1189.8815,2011.6665,1093.1223,2002.0521,1001.7991,1983.4724,921.95575,1967.0299,864.2982,1964.239,824.81946,1969.0754,803.80743,1979.3235,1468.7583,2102.2524,1460.9578,2153.4062,1444.2313,2185.9395,1400.6198,2201.1772,1332.3411,2198.1304,1257.6055,2179.4001,1135.9496,2144.5662,1033.1516,2110.3098,943.0546,2072.7258,872.4059,2036.4684,803.80743,1979.3235,764.47504,1973.375,823.579,2045.5803,901.9681,2113.9004,1003.49164,2192.48,1130.2639,2263.1746,1270.9138,2311.3801,1375.5819,2330.7026,1470.2468,2319.8005,1527.7087,2264.4429,1534.2644,2183.0286,1502.6926,2102.7124
989,989,16483,764.4761,1974.0667,771.70197,1949.5562,807.75226,1928.4639,873.2992,1912.8643,974.56836,1913.4551,1081.1925,1944.4883,1189.1791,1941.2999,1302.1533,1979.3528,1389.1897,2017.1558,1453.8816,2057.9922,1502.0286,2103.3457,1468.3303,2102.8508,1416.5492,2067.8765,1349.8617,2042.3678,1275.3157,2024.0029,1189.7672,2011.8196,1093.0419,2002.145,1001.7728,1983.5842,921.95197,1967.2279,864.2897,1964.575,824.7994,1969.5732,803.76404,1980.0137,1468.3303,2102.8508,1460.29,2153.715,1443.335,2186.0645,1399.4655,2201.2185,1330.9982,2198.1565,1256.0813,2179.4436,1134.8839,2144.6826,1032.3984,2110.552,942.5725,2073.125,872.1749,2037.0028,803.76404,1980.0137,764.4761,1974.0667,823.5434,2045.9692,901.8097,2114.0193,1003.0858,2192.4866,1129.3077,2263.0479,1269.067,2311.0884,1373.447,2330.3718,1467.95,2319.593,1525.644,2264.4297,1532.8231,2183.2012,1502.0286,2103.3457
990,990,16500,764.3281,1975.2369,771.6071,1950.3834,807.72754,1928.9031,873.30524,1913.047,974.5731,1913.5195,1081.1917,1944.5945,1189.1726,1941.4814,1302.1392,1979.864,1389.1261,2018.0287,1453.728,2059.2397,1501.6566,2104.7456,1467.9371,2104.0342,1416.2606,2069.1226,1349.6906,2043.4188,1275.2238,2024.7585,1189.7091,2012.3044,1092.9976,2002.477,1001.7593,1983.8921,921.94916,1967.6464,864.2703,1965.1991,824.734,1970.4257,803.58105,1981.034,1467.9371,2104.0342,1459.361,2154.105,1441.8477,2186.1003,1397.3971,2201.1428,1328.5256,2197.9062,1253.4316,2179.1736,1132.9296,2144.5857,1030.9021,2110.5596,941.49316,2073.301,871.5336,2037.47,803.58105,1981.034,764.3281,1975.2369,822.93256,2046.8069,900.69543,2114.5044,1001.53375,2192.5525,1127.1893,2262.9663,1266.1852,2310.8118,1370.7017,2330.1533,1465.5961,2319.5647,1523.9777,2264.5547,1531.8746,2183.9,1501.6566,2104.7456
991,991,16516,764.83624,1978.3198,772.04767,1953.2179,808.0084,1931.1484,873.4233,1914.5409,974.5774,1914.313,1081.0685,1945.4684,1188.7499,1942.586,1301.4319,1982.0,1388.013,2020.9355,1452.2825,2062.5225,1500.0359,2107.8696,1466.4478,2106.9407,1414.5889,2072.3928,1348.4376,2046.4993,1274.361,2027.263,1189.2196,2014.1045,1092.8276,2003.839,1001.76025,1985.3451,922.08246,1969.5568,864.55054,1967.6451,825.19916,1973.2356,803.9138,1983.9786,1466.4478,2106.9407,1457.1125,2154.9736,1439.1569,2186.1655,1394.5012,2200.9878,1325.7495,2197.463,1251.0856,2178.7356,1131.6566,2144.4001,1030.3215,2110.5667,941.36444,2073.6772,871.5421,2038.6769,803.9138,1983.9786,764.83624,1978.3198,823.0492,2048.3708,900.67615,2114.978,1001.2008,2192.559,1126.0681,2262.5986,1263.7605,2310.0544,1367.4823,2329.455,1461.9143,2319.2996,1520.4884,2264.6086,1529.1078,2185.0771,1500.0359,2107.8696
992,992,16533,764.9197,1980.5303,772.13715,1955.2247,808.0549,1932.6617,873.42834,1915.4576,974.5323,1914.7281,1080.6508,1946.0078,1187.9525,1943.2578,1300.5896,1983.484,1386.954,2023.0332,1451.0576,2064.914,1498.6989,2110.0544,1465.373,2108.8518,1413.2465,2074.8828,1347.3193,2049.0952,1273.4097,2029.5559,1188.4808,2015.8452,1092.3751,2005.1287,1001.6975,1986.7156,922.0954,1971.2423,864.5885,1969.6553,825.2713,1975.3651,803.9143,1986.0398,1465.373,2108.8518,1454.8921,2155.1438,1435.9172,2185.8567,1390.1912,2199.2969,1320.7533,2194.9456,1245.9521,2176.2678,1127.9426,2142.775,1027.7047,2110.0623,939.8687,2073.6814,871.0306,2039.197,803.9143,1986.0398,764.9197,1980.5303,822.9595,2049.261,899.94806,2115.0457,999.47394,2192.086,1122.8396,2260.3914,1258.6324,2306.7324,1361.7131,2326.2476,1456.3667,2317.3206,1516.0557,2264.3687,1526.1757,2185.544,1498.6989,2110.0544
993,993,16550,764.9636,1983.2476,772.1463,1957.234,808.05896,1933.8258,873.424,1915.9193,974.5137,1914.7913,1080.5024,1946.0726,1187.7115,1943.3439,1300.4419,1983.899,1386.7278,2023.8647,1450.6832,2066.198,1498.0219,2111.5784,1464.7572,2110.192,1412.6721,2076.3525,1346.8893,2050.5117,1273.0895,2030.804,1188.2301,2016.8662,1092.204,2005.9829,1001.67566,1987.7373,922.1065,1972.6309,864.6183,1971.461,825.31714,1977.516,803.9151,1988.4812,1464.7572,2110.192,1453.6384,2155.4802,1434.0846,2185.813,1387.7526,2198.5945,1317.9403,2193.741,1243.0531,2175.0654,1125.7339,2142.1965,1026.0239,2110.0464,938.80835,2074.0823,870.6496,2040.4734,803.9151,1988.4812,764.9636,1983.2476,822.8285,2051.0693,899.3117,2115.7112,998.2859,2192.065,1120.8693,2259.4448,1255.8124,2305.036,1358.7435,2324.6006,1453.5692,2316.4097,1513.8619,2264.3428,1524.7424,2186.167,1498.0219,2111.5784
994,994,16566,765.0484,1987.9259,772.1685,1960.6201,808.0571,1935.8015,873.3488,1916.6158,974.334,1914.8322,1079.9307,1946.0985,1187.006,1943.4111,1300.0443,1984.5999,1386.2595,2025.5273,1450.1091,2068.8423,1497.02,2114.8547,1463.6772,2113.0886,1411.5016,2079.2275,1345.8318,2052.9526,1272.1876,2032.5822,1187.4122,2018.0679,1091.5245,2006.8718,1001.495,1988.9052,922.10944,1974.5048,864.6875,1974.296,825.4784,1981.1724,803.9414,1992.773,1463.6772,2113.0886,1450.6669,2156.3896,1429.3247,2185.8125,1381.0714,2197.8674,1310.0426,2192.2773,1234.5742,2173.454,1119.6938,2141.5059,1022.0509,2110.051,936.7103,2074.93,870.0949,2042.7104,803.9414,1992.773,765.0484,1987.9259,822.4058,2054.2898,897.3569,2117.3103,994.3647,2192.1003,1114.2313,2258.628,1246.4385,2303.2075,1349.7288,2322.864,1445.7131,2315.5933,1508.2428,2264.3638,1521.6976,2187.7607,1497.02,2114.8547
995,995,16583,765.13556,1997.2969,772.1787,1967.5701,808.0199,1940.1887,873.10706,1918.4526,973.7708,1915.0796,1078.3718,1946.2786,1184.9634,1943.7241,1298.5356,1986.3643,1384.582,2029.2803,1448.2573,2074.5437,1494.0865,2121.9917,1460.2356,2119.433,1407.7349,2085.255,1342.4355,2057.8584,1269.2671,2035.9291,1184.8724,2020.1597,1089.5304,2008.4266,1000.8095,1990.9952,922.09064,1978.0803,864.794,1979.9368,825.82227,1988.5961,804.01117,2001.4463,1460.2356,2119.433,1443.2709,2158.5818,1418.6339,2185.865,1367.3934,2196.931,1294.654,2190.183,1218.2377,2171.0977,1107.9806,2140.653,1014.49945,2110.1108,932.8457,2077.0288,869.1295,2047.3765,804.01117,2001.4463,765.13556,1997.2969,820.9764,2061.2139,892.3216,2121.7488,985.33844,2193.0198,1100.3904,2258.2917,1228.258,2301.48,1332.646,2321.1543,1430.6117,2314.9448,1496.6885,2264.71,1514.6603,2191.5479,1494.0865,2121.9917
996,996,16600,765.13446,2014.3386,772.0132,1981.2318,807.2271,1950.247,870.9615,1924.3234,969.5835,1917.5123,1071.0641,1948.7686,1176.6254,1946.8691,1292.1141,1993.44,1378.9646,2039.721,1443.8507,2087.2766,1489.5336,2135.8706,1454.4768,2132.3984,1399.6445,2099.0452,1333.799,2070.6882,1260.428,2046.4827,1176.1244,2028.0448,1081.811,2014.8246,997.2138,1998.2902,921.46655,1987.9136,864.80084,1992.7661,826.1808,2003.6904,804.0124,2017.777,1454.4768,2132.3984,1430.2882,2163.5679,1399.558,2186.3225,1342.9991,2196.2368,1266.8767,2188.643,1188.0082,2169.7664,1084.8071,2140.5784,998.66595,2111.4763,924.0978,2082.744,866.27985,2057.054,804.0124,2017.777,765.13446,2014.3386,816.633,2074.123,880.87573,2131.363,966.59467,2197.4304,1074.0691,2258.4253,1195.604,2300.9512,1302.274,2320.2666,1404.0485,2314.5986,1476.454,2265.9836,1502.4509,2199.1433,1489.5336,2135.8706
997,997,16616,764.33997,2036.4116,771.3274,2001.4183,806.0659,1968.1384,868.3902,1938.7076,964.6425,1927.8102,1063.0914,1959.3711,1167.3938,1957.0736,1284.242,2006.696,1371.8575,2054.5405,1438.2832,2102.0955,1484.5438,2149.4822,1448.6885,2145.378,1391.2999,2114.9868,1324.9569,2087.592,1251.1951,2062.895,1166.858,2043.2117,1073.5928,2029.362,993.0995,2013.9194,920.57056,2005.8647,864.78436,2012.9009,826.2313,2024.8645,803.089,2038.9714,1448.6885,2145.378,1415.834,2168.4333,1378.5342,2186.565,1316.6423,2195.034,1237.1533,2187.118,1155.7516,2169.0815,1058.66,2140.6897,978.81024,2114.9658,910.99615,2091.5996,859.93744,2070.5828,803.089,2038.9714,764.33997,2036.4116,808.6646,2091.7947,865.67523,2145.715,945.1111,2206.5396,1046.3623,2260.5483,1162.2352,2301.0603,1270.245,2319.8848,1374.9357,2314.254,1453.3026,2267.3008,1487.9805,2206.6404,1484.5438,2149.4822
998,998,16633,764.73816,2067.8772,772.1664,2032.128,806.5516,1997.2648,868.4669,1965.0884,964.1831,1949.9995,1061.1305,1979.5603,1163.1475,1974.2695,1277.252,2021.7178,1362.4901,2067.781,1427.134,2113.1418,1471.3228,2157.6455,1435.651,2153.6016,1378.2726,2126.8892,1314.5787,2101.7317,1243.3955,2078.5425,1161.5361,2060.5676,1070.8553,2049.143,992.46405,2036.2743,920.80865,2031.4194,866.6058,2041.0787,829.0346,2054.369,803.3214,2068.5906,1435.651,2153.6016,1396.7972,2171.0642,1357.1759,2186.5405,1295.6741,2192.8066,1218.0321,2185.2988,1138.5415,2168.7422,1046.5658,2141.8625,970.91296,2122.1494,906.76587,2105.6575,858.7806,2090.8823,803.3214,2068.5906,764.73816,2067.8772,807.1618,2116.848,861.0592,2164.4214,937.2709,2217.9722,1033.9263,2263.4902,1144.0476,2300.887,1248.8165,2317.7366,1350.1593,2311.6096,1428.0881,2267.3062,1466.4574,2210.2336,1471.3228,2157.6455
999,999,16650,766.25836,2094.286,776.41315,2059.0042,811.4525,2023.1846,871.7806,1988.4414,965.3287,1967.4,1062.077,1993.2859,1163.9664,1984.4016,1275.7415,2028.2625,1357.8563,2072.1694,1418.6843,2115.255,1458.8049,2156.8655,1423.8645,2153.2705,1367.4012,2130.4336,1307.9174,2108.323,1240.2256,2087.6487,1161.0153,2072.695,1071.774,2064.6528,993.1229,2055.412,924.9212,2054.2498,872.6642,2066.1921,834.9553,2080.0286,804.24066,2093.438,1423.8645,2153.2705,1379.2819,2170.6445,1337.4805,2180.9565,1277.0654,2183.161,1201.8778,2178.5066,1123.1298,2166.5344,1037.4517,2142.5527,965.957,2128.4734,904.9364,2117.792,858.7118,2108.2256,804.24066,2093.438,766.25836,2094.286,807.1516,2138.0908,859.25366,2180.4016,932.4794,2227.5327,1024.4,2265.0657,1127.84,2297.6694,1230.145,2307.2573,1326.3212,2296.306,1401.6387,2258.8074,1443.8706,2208.8027,1458.8049,2156.8655
1000,1000,16666,766.29645,2102.394,779.6757,2071.5327,816.94696,2039.1823,876.8663,2006.2908,968.32983,1982.6271,1062.311,2005.6107,1164.8448,1992.6992,1273.7933,2030.9805,1351.9491,2070.6238,1408.3375,2110.5254,1444.7338,2153.4011,1411.1921,2149.7786,1355.7195,2126.947,1300.9576,2109.8394,1236.8706,2094.5215,1160.5369,2084.915,1072.5712,2081.3472,994.21375,2074.6045,928.53125,2074.1606,876.4049,2083.879,837.2548,2093.7844,804.0267,2101.943,1411.1921,2149.7786,1359.7009,2157.7644,1314.1876,2160.2183,1253.2286,2161.6873,1179.123,2163.0623,1098.9393,2159.0325,1020.87177,2142.334,954.773,2130.0747,898.48004,2121.591,856.28656,2113.646,804.0267,2101.943,766.29645,2102.394,805.27563,2145.324,853.4892,2186.728,921.84216,2231.341,1007.2137,2265.0435,1102.8416,2287.9744,1203.7865,2286.7334,1295.1737,2266.6655,1368.6184,2230.7322,1416.6665,2193.4883,1444.7338,2153.4011
1001,1001,16683,765.932,2102.2979,781.9804,2075.3623,821.4491,2046.3124,881.4046,2015.3969,971.9044,1991.0269,1063.0858,2014.0693,1165.7778,1997.2122,1273.1172,2031.7365,1348.22,2068.0325,1401.336,2106.6868,1436.5396,2144.3564,1404.2758,2143.244,1348.6155,2123.094,1297.6172,2111.7827,1235.3292,2103.6685,1160.7284,2100.5015,1073.2079,2100.685,996.26855,2094.6858,932.2135,2091.923,879.0406,2096.7092,838.5004,2100.8054,802.11804,2102.9478,1404.2758,2143.244,1349.598,2135.9707,1302.0057,2133.4312,1240.3162,2133.6653,1166.3094,2138.5215,1085.7208,2140.9932,1011.1002,2134.095,946.79285,2129.7136,892.12537,2118.4229,852.1946,2111.2385,802.11804,2102.9478,765.932,2102.2979,802.16095,2144.412,847.6201,2186.229,913.936,2231.6433,997.1223,2264.6787,1089.8728,2278.478,1190.5825,2270.7827,1280.1669,2243.6555,1352.5792,2204.2678,1402.44,2170.4038,1436.5396,2144.3564
1002,1002,16700,765.27203,2101.3809,783.93,2077.0845,825.217,2050.6555,885.46985,2021.6204,975.6395,1997.5621,1065.2255,2020.2264,1166.3578,2000.736,1273.4967,2031.7922,1347.2805,2065.4124,1399.1091,2106.3086,1434.6757,2129.3508,1403.7146,2130.7908,1348.2527,2119.5864,1298.3279,2110.7842,1236.1398,2107.191,1161.6824,2108.1353,1073.3792,2110.617,998.69135,2105.08,934.9243,2100.7998,880.4713,2102.7327,838.9618,2103.5952,799.66046,2102.6873,1403.7146,2130.7908,1349.4801,2120.174,1301.8708,2117.8787,1240.0763,2118.7236,1165.8998,2124.9268,1085.0059,2129.5022,1009.8036,2126.4312,944.3806,2127.4873,888.73004,2115.728,848.8537,2109.1968,799.66046,2102.6873,765.27203,2101.3809,800.37396,2142.7668,845.7659,2184.2488,912.82544,2230.3865,996.7093,2263.1548,1089.4736,2270.6982,1189.7202,2260.3389,1278.4355,2230.26,1350.0679,2188.2468,1399.6991,2152.9077,1434.6757,2129.3508
1003,1003,16716,764.52295,2098.4238,785.2581,2076.0435,827.6155,2051.6675,888.01013,2024.4271,977.642,2001.3046,1066.0839,2023.5784,1166.971,2002.9591,1272.3829,2031.405,1344.609,2063.2488,1395.5973,2102.2913,1431.639,2114.8408,1401.7291,2117.8508,1346.6074,2117.8074,1297.5416,2108.1755,1235.734,2106.3955,1161.9475,2108.9597,1073.7594,2112.297,999.72156,2106.7686,935.9989,2101.86,880.89056,2102.685,838.95544,2102.3323,797.39923,2100.2,1401.7291,2117.8508,1347.5255,2109.3623,1299.7377,2108.5815,1237.816,2110.4717,1163.6486,2117.4202,1082.7356,2122.615,1007.61646,2120.6584,942.0139,2124.3835,885.95044,2113.5835,846.00244,2106.7646,797.39923,2100.2,764.52295,2098.4238,799.0116,2139.526,844.4754,2180.9402,911.6601,2228.3518,995.2441,2258.834,1087.2441,2262.1763,1186.6244,2250.6711,1274.5128,2219.664,1345.703,2176.895,1395.6022,2140.1833,1431.639,2114.8408
1004,1004,16733,764.28937,2095.4504,787.29407,2074.7297,830.4521,2052.1099,890.77435,2026.4525,979.63525,2004.08,1067.1307,2025.8096,1167.4852,2004.5714,1271.0659,2030.9075,1342.0729,2061.4998,1392.6268,2095.552,1429.3916,2102.3188,1400.3234,2106.3108,1345.586,2117.1597,1297.0245,2105.4917,1235.5403,2104.7825,1162.2682,2108.3696,1073.9397,2112.2986,1000.8063,2106.8718,937.0527,2101.7393,881.47314,2101.878,839.1416,2100.7148,796.194,2097.6528,1400.3234,2106.3108,1346.3855,2101.9075,1298.8109,2102.9355,1237.1848,2106.0159,1163.3972,2113.5703,1082.802,2118.8801,1007.34326,2116.905,941.4916,2121.4512,885.0066,2111.87,844.66974,2104.6748,796.194,2097.6528,764.28937,2095.4504,798.85297,2136.4243,844.9029,2177.8245,912.31476,2226.8462,995.7576,2253.7322,1087.4376,2255.4932,1185.72,2243.8118,1272.6423,2212.4895,1343.1538,2169.1553,1392.939,2130.9673,1429.3916,2102.3188
