,frame,timestamp,upper_x_0,upper_y_0,upper_x_1,upper_y_1,upper_x_2,upper_y_2,upper_x_3,upper_y_3,upper_x_4,upper_y_4,upper_x_5,upper_y_5,upper_x_6,upper_y_6,upper_x_7,upper_y_7,upper_x_8,upper_y_8,upper_x_9,upper_y_9,upper_x_10,upper_y_10,upper_x_11,upper_y_11,upper_x_12,upper_y_12,upper_x_13,upper_y_13,upper_x_14,upper_y_14,upper_x_15,upper_y_15,upper_x_16,upper_y_16,upper_x_17,upper_y_17,upper_x_18,upper_y_18,upper_x_19,upper_y_19,upper_x_20,upper_y_20,upper_x_21,upper_y_21,lower_x_0,lower_y_0,lower_x_1,lower_y_1,lower_x_2,lower_y_2,lower_x_3,lower_y_3,lower_x_4,lower_y_4,lower_x_5,lower_y_5,lower_x_6,lower_y_6,lower_x_7,lower_y_7,lower_x_8,lower_y_8,lower_x_9,lower_y_9,lower_x_10,lower_y_10,lower_x_11,lower_y_11,lower_x_12,lower_y_12,lower_x_13,lower_y_13,lower_x_14,lower_y_14,lower_x_15,lower_y_15,lower_x_16,lower_y_16,lower_x_17,lower_y_17,lower_x_18,lower_y_18,lower_x_19,lower_y_19,lower_x_20,lower_y_20,lower_x_21,lower_y_21
0,0,0,810.1809,2175.4172,834.4395,2147.579,871.8484,2118.237,924.7366,2085.1523,1005.0615,2056.0337,1081.6835,2074.903,1158.4858,2057.2856,1236.895,2088.8997,1290.6599,2122.1345,1326.9637,2151.8804,1350.5791,2177.998,1325.0764,2176.5474,1281.6252,2172.4785,1245.5258,2167.5176,1198.7705,2163.0872,1143.4159,2162.4211,1081.1133,2163.7114,1020.32745,2160.8286,965.2947,2160.5496,916.7662,2165.6675,879.1854,2169.6084,836.7788,2173.6675,1325.0764,2176.5474,1284.0995,2172.6343,1247.5123,2168.9988,1200.2483,2165.9019,1142.538,2167.5898,1078.8907,2169.2983,1017.0846,2166.3518,961.82806,2167.4583,913.636,2169.4978,877.8006,2172.0007,836.7788,2173.6675,810.1809,2175.4172,836.05505,2205.6367,873.26904,2235.9114,929.52795,2271.5415,1000.3816,2293.5286,1078.7826,2299.0415,1161.2024,2292.0068,1232.6727,2268.3318,1288.6837,2234.4114,1326.1201,2204.2634,1350.5791,2177.998
1,1,16,811.0673,2175.439,834.7008,2147.9233,871.81775,2118.767,924.4576,2085.9995,1004.4333,2056.9229,1080.8398,2075.7583,1157.8788,2058.2168,1236.8641,2089.953,1290.767,2123.2334,1327.0911,2153.1143,1350.8145,2178.8389,1325.3695,2177.3027,1281.8737,2173.391,1245.6798,2168.2668,1198.8396,2163.657,1143.4187,2162.97,1080.9338,2164.3213,1020.17065,2161.2046,965.1975,2160.7778,916.766,2165.87,879.3561,2169.8062,837.4395,2173.7217,1325.3695,2177.3027,1284.1603,2173.3066,1247.5112,2169.511,1200.2224,2166.295,1142.4763,2168.037,1078.8494,2169.688,1017.08813,2166.657,961.9232,2167.7307,913.92444,2169.7595,878.2503,2172.1792,837.4395,2173.7217,811.0673,2175.439,837.6837,2205.6748,875.0889,2235.9163,930.9561,2271.5012,1001.0404,2293.3726,1078.8546,2298.9163,1161.0896,2291.885,1232.3191,2268.2976,1288.3533,2234.4817,1326.063,2204.6978,1350.8145,2178.8389
2,2,33,811.58124,2175.438,834.9452,2147.987,871.831,2118.863,924.44904,2086.1426,1004.3592,2057.0103,1080.6307,2075.8174,1157.6244,2058.3066,1236.7968,2090.1147,1290.7667,2123.4001,1327.0901,2153.2832,1350.824,2178.9019,1325.389,2177.3481,1281.8804,2173.476,1245.6799,2168.3418,1198.839,2163.7058,1143.4165,2163.0095,1080.8888,2164.3708,1020.1515,2161.2249,965.1969,2160.7869,916.80383,2165.882,879.5489,2169.824,837.8956,2173.7224,1325.389,2177.3481,1284.1558,2173.3242,1247.4783,2169.513,1200.1897,2166.2925,1142.4583,2168.0369,1078.8478,2169.6877,1017.1099,2166.6558,962.0279,2167.7317,914.137,2169.7678,878.5591,2172.1838,837.8956,2173.7224,811.58124,2175.438,838.36646,2205.675,875.7432,2235.912,931.4908,2271.4795,1001.349,2293.3179,1078.9268,2298.8684,1161.0745,2291.8225,1232.2166,2268.2373,1288.2015,2234.47,1325.989,2204.7075,1350.824,2178.9019
3,3,50,811.6886,2175.4126,834.96027,2148.0098,871.76526,2118.9026,924.2616,2086.1912,1004.0236,2057.014,1080.1329,2075.8157,1157.1619,2058.3098,1236.6904,2090.1597,1290.7717,2123.462,1327.1302,2153.3665,1351.0143,2178.9265,1325.5916,2177.3723,1281.9591,2173.5378,1245.6893,2168.391,1198.8369,2163.7297,1143.3896,2163.0198,1080.7305,2164.379,1019.9966,2161.226,965.0989,2160.7878,916.78644,2165.8865,879.5586,2169.8306,837.96783,2173.7124,1325.5916,2177.3723,1284.1809,2173.343,1247.4741,2169.519,1200.1631,2166.293,1142.4131,2168.0383,1078.811,2169.6877,1017.0974,2166.6543,962.0326,2167.732,914.1724,2169.7695,878.6191,2172.184,837.96783,2173.7124,811.6886,2175.4126,838.6144,2205.651,876.0279,2235.837,931.7181,2271.2979,1001.46515,2293.0466,1078.9426,2298.635,1161.0435,2291.5835,1232.1378,2268.0574,1288.1456,2234.425,1325.9883,2204.708,1351.0143,2178.9265
4,4,66,812.1865,2174.8074,835.2977,2147.7637,871.85944,2118.7532,924.2855,2086.1125,1004.0212,2056.9097,1080.079,2075.6738,1157.0894,2058.203,1236.6874,2090.0847,1290.8165,2123.3716,1327.189,2153.2554,1351.1521,2178.6707,1325.753,2177.1199,1282.0656,2173.3865,1245.7483,2168.258,1198.8846,2163.5842,1143.4269,2162.8625,1080.7305,2164.2283,1020.0086,2161.0208,965.13965,2160.5415,916.91095,2165.62,879.822,2169.5342,838.39575,2173.2046,1325.753,2177.1199,1284.2325,2173.0874,1247.4878,2169.2393,1200.173,2165.9983,1142.4283,2167.7866,1078.8452,2169.4329,1017.2044,2166.3955,962.2529,2167.4849,914.493,2169.51,879.00757,2171.8335,838.39575,2173.2046,812.1865,2174.8074,839.3233,2205.1406,876.80365,2235.3142,932.45465,2270.6785,1001.98267,2292.3062,1079.1626,2297.9028,1161.0654,2290.8079,1232.1353,2267.3113,1288.136,2233.89,1325.9905,2204.3464,1351.1521,2178.6707
5,5,83,812.29724,2173.8447,835.3317,2147.1172,871.84564,2118.1736,924.21564,2085.6052,1003.85596,2056.347,1079.8079,2075.0881,1156.8564,2057.7852,1236.6577,2089.8643,1290.8434,2123.2212,1327.2743,2153.1572,1351.3695,2178.5452,1325.9663,2176.9675,1282.1517,2173.2427,1245.7609,2168.064,1198.8851,2163.2832,1143.416,2162.4187,1080.6376,2163.6672,1019.9425,2160.3467,965.1148,2159.8206,916.91266,2164.9172,879.85767,2168.843,838.483,2172.327,1325.9663,2176.9675,1284.2723,2172.8838,1247.4877,2168.9563,1200.16,2165.608,1142.4031,2167.329,1078.8219,2168.848,1017.2013,2165.742,962.2646,2166.8167,914.54126,2168.8428,879.08374,2171.0872,838.483,2172.327,812.29724,2173.8447,839.536,2204.176,877.05005,2234.1736,932.65686,2269.2678,1002.07983,2290.721,1079.1683,2296.4604,1161.0234,2289.4836,1232.0497,2266.2986,1288.0933,2233.3257,1325.9954,2204.0798,1351.3695,2178.5452
6,6,100,812.28564,2173.1064,835.2748,2146.6157,871.6313,2117.676,923.9195,2085.0613,1003.49286,2055.6084,1079.3131,2074.2715,1156.3978,2057.129,1236.4984,2089.4495,1290.8318,2122.9082,1327.2737,2152.9202,1351.3795,2178.2432,1325.9736,2176.653,1282.1472,2172.9988,1245.7157,2167.809,1198.8168,2162.9673,1143.3075,2162.0256,1080.3666,2163.2302,1019.6748,2159.8472,964.90753,2159.3186,916.808,2164.4448,879.80975,2168.3665,838.461,2171.6594,1325.9736,2176.653,1284.2457,2172.547,1247.3977,2168.59,1200.0344,2165.199,1142.255,2166.9097,1078.6719,2168.388,1017.09735,2165.2458,962.21985,2166.3337,914.5225,2168.3574,879.06805,2170.525,838.461,2171.6594,812.28564,2173.1064,839.5294,2203.5242,877.0434,2233.5015,932.65375,2268.484,1002.0773,2289.8445,1079.1313,2295.6333,1160.89,2288.6423,1231.8727,2265.529,1287.9448,2232.7634,1325.9459,2203.68,1351.3795,2178.2432
7,7,116,811.71674,2172.6619,834.349,2146.3164,870.111,2117.3582,922.0324,2084.684,1001.4374,2055.0693,1077.2048,2073.6611,1154.556,2056.637,1235.4775,2089.1575,1290.3867,2122.697,1327.0363,2152.775,1351.3052,2178.065,1325.8877,2176.4805,1281.8953,2172.8794,1245.187,2167.6785,1198.0548,2162.7969,1142.2339,2161.8022,1078.7362,2162.976,1017.9867,2159.5603,963.3867,2159.0403,915.66644,2164.1865,878.9719,2168.1033,837.8443,2171.2688,1325.8877,2176.4805,1283.8783,2172.3843,1246.7125,2168.4087,1199.0632,2164.9866,1141.0531,2166.691,1077.3622,2168.1328,1015.9065,2164.9744,961.2845,2166.0715,913.7952,2168.094,878.4391,2170.2163,837.8443,2171.2688,811.71674,2172.6619,839.12195,2203.1028,876.6367,2232.9678,932.132,2267.7327,1001.3644,2288.94,1078.126,2294.7793,1159.5936,2287.7993,1230.5726,2264.854,1286.9542,2232.3662,1325.4536,2203.45,1351.3052,2178.065
8,8,133,810.0651,2172.1357,832.55774,2146.0017,868.05286,2117.116,919.94604,2084.487,999.32666,2054.836,1075.0098,2073.4092,1152.434,2056.4634,1233.8679,2089.0532,1289.3591,2122.6116,1326.275,2152.7117,1350.8113,2177.9722,1325.3352,2176.3816,1281.0767,2172.8113,1244.0568,2167.5974,1196.7087,2162.6846,1140.6665,2161.645,1076.806,2162.7861,1015.959,2159.3147,961.369,2158.773,913.7811,2163.9023,877.24866,2167.7805,836.2117,2170.791,1325.3352,2176.3816,1282.8992,2172.2798,1245.3938,2168.288,1197.5164,2164.8398,1139.3658,2166.5317,1075.6432,2167.9285,1014.21576,2164.708,959.71564,2165.765,912.29266,2167.7512,876.913,2169.8137,836.2117,2170.791,810.0651,2172.1357,837.68646,2202.641,875.30316,2232.5334,930.828,2267.3013,1000.0485,2288.5432,1076.7286,2294.4617,1157.9641,2287.5146,1228.988,2264.623,1285.5898,2232.2131,1324.4813,2203.338,1350.8113,2177.9722
9,9,150,807.99506,2172.119,829.95734,2145.9817,864.8963,2117.058,916.4951,2084.3818,995.8199,2054.6345,1071.4785,2073.1707,1148.9972,2056.313,1231.202,2089.0046,1287.4753,2122.5974,1324.8344,2152.711,1349.7455,2177.977,1324.1038,2176.3826,1279.312,2172.8135,1241.8214,2167.5945,1194.172,2162.6575,1137.7982,2161.5732,1073.5378,2162.6858,1012.71124,2159.1948,958.3331,2158.6824,911.2002,2163.8555,875.05286,2167.7607,834.18933,2170.7666,1324.1038,2176.3826,1281.0092,2172.2722,1243.0378,2168.258,1194.8452,2164.773,1136.458,2166.4436,1072.6299,2167.8174,1011.3468,2164.5854,957.17224,2165.6619,910.08435,2167.6807,874.9028,2169.7612,834.18933,2170.7666,807.99506,2172.119,835.5304,2202.6182,872.9741,2232.494,928.3125,2267.2192,997.4477,2288.4236,1074.0511,2294.3528,1155.2345,2287.4065,1226.4745,2264.5625,1283.4655,2232.202,1322.8687,2203.3376,1349.7455,2177.977
10,10,166,805.6067,2172.112,827.3876,2145.983,862.0803,2117.058,913.5875,2084.3809,992.81995,2054.6284,1068.3938,2073.1643,1145.9327,2056.315,1228.4867,2089.0369,1285.2474,2122.66,1322.8663,2152.8152,1348.0753,2178.065,1322.315,2176.4502,1277.2306,2172.8877,1239.5073,2167.6355,1191.6624,2162.6672,1135.0875,2161.5728,1070.5657,2162.6804,1009.7649,2159.1772,955.46985,2158.6665,908.5117,2163.8496,872.5427,2167.7605,831.79193,2170.7593,1322.315,2176.4502,1278.8268,2172.2976,1240.5754,2168.262,1192.1927,2164.7695,1133.6497,2166.4324,1069.7524,2167.797,1008.6114,2164.5566,954.6162,2165.6375,907.6627,2167.6646,872.53595,2169.7483,831.79193,2170.7593,805.6067,2172.112,833.1765,2202.6106,870.5724,2232.4824,925.83746,2267.194,994.89124,2288.387,1071.3535,2294.3235,1152.4465,2287.3816,1223.7804,2264.5557,1280.9625,2232.2068,1320.692,2203.3745,1348.0753,2178.065
11,11,183,803.80646,2172.1174,825.3712,2145.9998,859.73047,2117.0674,910.9092,2084.3875,989.8538,2054.6362,1065.2172,2073.1855,1142.7532,2056.3682,1225.4371,2089.185,1282.3885,2122.8772,1320.0684,2153.09,1345.4052,2178.327,1319.664,2176.662,1274.6017,2173.0913,1236.7927,2167.8076,1188.8274,2162.791,1132.1809,2161.656,1067.597,2162.7341,1007.1048,2159.2031,953.00793,2158.6763,906.235,2163.859,870.457,2167.7732,829.89417,2170.7654,1319.664,2176.662,1276.1387,2172.4197,1237.749,2168.3306,1189.2587,2164.8005,1130.651,2166.4517,1066.742,2167.809,1005.96674,2164.5676,952.224,2165.6514,905.4435,2167.6807,870.42706,2169.7588,829.89417,2170.7654,803.80646,2172.1174,831.3108,2202.616,868.6346,2232.487,923.7541,2267.1985,992.5255,2288.3794,1068.5197,2294.3123,1149.3716,2287.3728,1220.5681,2264.5566,1277.7328,2232.2253,1317.6293,2203.49,1345.4052,2178.327
12,12,200,801.6398,2172.2217,823.16296,2146.1597,857.3873,2117.2363,908.4185,2084.5657,987.1628,2054.7988,1062.3765,2073.3293,1139.724,2056.5479,1222.0613,2089.3972,1278.9207,2123.0933,1316.4949,2153.322,1341.8141,2178.531,1316.1807,2176.8389,1271.2777,2173.2546,1233.5499,2167.9453,1185.7012,2162.902,1129.2235,2161.7495,1064.7876,2162.822,1004.42834,2159.2798,950.4234,2158.751,903.72644,2163.9478,868.0338,2167.8806,827.61865,2170.867,1316.1807,2176.8389,1272.7775,2172.5632,1234.4819,2168.437,1186.1279,2164.8733,1127.7017,2166.5142,1063.9882,2167.8633,1003.3577,2164.6208,949.6991,2165.721,902.97327,2167.7737,868.0066,2169.8613,827.61865,2170.867,801.6398,2172.2217,829.1285,2202.6858,866.4202,2232.5098,921.44293,2267.2058,990.0547,2288.3818,1065.7936,2294.311,1146.2682,2287.3726,1217.1516,2264.5603,1274.0724,2232.2534,1313.9069,2203.5986,1341.8141,2178.531
13,13,216,799.37775,2172.313,820.84296,2146.2937,854.9574,2117.3877,905.88495,2084.7407,984.5623,2054.995,1059.7983,2073.5535,1137.1213,2056.8054,1219.3295,2089.704,1276.1407,2123.3997,1313.6993,2153.6184,1339.0532,2178.7815,1313.4581,2177.0745,1268.558,2173.5044,1230.8177,2168.1938,1183.0015,2163.14,1126.57,2161.9673,1062.1675,2163.0237,1001.86145,2159.4448,947.90765,2158.8843,901.2522,2164.0688,865.6342,2167.9983,825.3185,2170.9666,1313.4581,2177.0745,1270.0234,2172.7786,1231.7427,2168.6309,1183.4338,2165.054,1125.0632,2166.7017,1061.375,2168.0432,1000.7936,2164.7927,947.1841,2165.8857,900.51764,2167.9277,865.6092,2169.99,825.3185,2170.9666,799.37775,2172.313,826.8014,2202.7764,864.02136,2232.582,918.9663,2267.2563,987.5139,2288.4165,1063.1976,2294.3484,1143.6165,2287.4097,1214.4143,2264.6086,1271.2356,2232.3516,1311.0424,2203.7786,1339.0532,2178.7815
14,14,233,796.4539,2172.668,818.0045,2146.6938,852.1395,2117.8171,903.0471,2085.252,981.66455,2055.5894,1056.9595,2074.198,1134.2783,2057.4377,1216.3207,2090.3118,1272.9794,2123.9443,1310.4882,2154.101,1335.847,2179.1921,1310.2833,2177.4539,1265.4626,2173.9019,1227.7538,2168.5925,1179.9644,2163.5408,1123.5754,2162.3699,1059.1995,2163.4336,998.958,2159.8184,944.9856,2159.2163,898.29626,2164.3926,862.67725,2168.346,822.4163,2171.3145,1310.2833,2177.4539,1266.91,2173.1328,1228.6418,2168.9583,1180.3829,2165.357,1122.092,2167.0122,1058.4594,2168.346,997.9289,2165.101,944.27545,2166.206,897.5671,2168.2756,862.65173,2170.342,822.4163,2171.3145,796.4539,2172.668,823.93646,2203.0967,861.22894,2232.8267,916.2449,2267.4092,984.76306,2288.4983,1060.2526,2294.4146,1140.4263,2287.4746,1211.0243,2264.7026,1267.7866,2232.5383,1307.6816,2204.0867,1335.847,2179.1921
15,15,250,793.95374,2173.2021,815.5452,2147.2478,849.6637,2118.3435,900.5855,2085.758,979.32355,2056.047,1054.7114,2074.6626,1132.065,2057.8489,1214.0652,2090.7434,1270.5791,2124.386,1307.8855,2154.5361,1333.1252,2179.5808,1307.626,2177.8499,1262.8945,2174.364,1225.3076,2169.1138,1177.5945,2164.121,1121.2574,2163.0122,1056.9209,2164.1118,996.638,2160.495,942.5869,2159.8464,895.8115,2164.9846,860.1701,2168.9133,819.89307,2171.8494,1307.626,2177.8499,1264.3457,2173.5452,1226.139,2169.3699,1177.9567,2165.7803,1119.7344,2167.4863,1056.1454,2168.855,995.58356,2165.6414,941.85846,2166.7664,895.0852,2168.853,860.1428,2170.9038,819.89307,2171.8494,793.95374,2173.2021,821.5717,2203.6016,858.9631,2233.2583,914.0537,2267.7715,982.5739,2288.8013,1058.039,2294.6902,1138.0851,2287.713,1208.5314,2264.9282,1265.1235,2232.8103,1304.931,2204.4326,1333.1252,2179.5808
16,16,266,791.4836,2174.1145,813.12494,2148.0728,847.3547,2119.0825,898.38916,2086.4453,977.3085,2056.6567,1052.7893,2075.1926,1130.1782,2058.3174,1212.1077,2091.1565,1268.5193,2124.7732,1305.6884,2154.9094,1330.7692,2179.9382,1305.2815,2178.2031,1260.6891,2174.7356,1223.2052,2169.4963,1175.5602,2164.5186,1119.2472,2163.446,1054.9034,2164.5906,994.5793,2161.044,940.4366,2160.4492,893.5495,2165.66,857.80554,2169.6726,817.4666,2172.708,1305.2815,2178.2031,1262.1549,2173.9055,1224.0398,2169.7327,1175.9218,2166.1494,1117.7155,2167.8948,1054.0864,2169.31,993.46985,2166.1946,939.60065,2167.429,892.6905,2169.623,857.7006,2171.7166,817.4666,2172.708,791.4836,2174.1145,819.04614,2204.4802,856.5465,2234.039,911.86334,2268.3838,980.5443,2289.2175,1055.9895,2294.9883,1135.9858,2287.9634,1206.3743,2265.1575,1262.9176,2233.081,1302.6555,2204.7593,1330.7692,2179.9382
17,17,283,789.88916,2175.0833,811.5069,2148.9563,845.7054,2119.8667,896.7021,2087.1506,975.5977,2057.296,1051.0339,2075.813,1128.4137,2058.926,1210.3228,2091.8284,1266.6766,2125.5112,1303.7449,2155.71,1328.7074,2180.7844,1303.2716,2179.0112,1258.7927,2175.4849,1221.3853,2170.206,1173.7699,2165.1897,1117.4806,2164.1077,1053.1904,2165.2488,992.94324,2161.7263,938.8175,2161.1448,891.9149,2166.4033,856.1765,2170.4868,815.8479,2173.6233,1303.2716,2179.0112,1260.2922,2174.642,1222.2383,2170.3894,1174.159,2166.736,1115.9738,2168.4673,1052.3704,2169.894,991.7873,2166.8108,937.9068,2168.1052,890.98114,2170.3865,855.98047,2172.5469,815.8479,2173.6233,789.88916,2175.0833,817.4304,2205.294,854.9413,2234.677,910.2664,2268.8726,978.94305,2289.5955,1054.3275,2295.3198,1134.285,2288.279,1204.6089,2265.499,1261.0431,2233.5503,1300.6715,2205.4275,1328.7074,2180.7844
18,18,300,788.10547,2175.863,809.76434,2149.6345,843.97266,2120.4707,895.0076,2087.7034,974.05133,2057.8306,1049.5919,2076.4036,1127.116,2059.49,1209.0887,2092.478,1265.334,2126.2488,1302.2814,2156.511,1327.0742,2181.6687,1301.6666,2179.879,1257.2488,2176.3264,1219.8766,2171.0686,1172.265,2166.078,1115.9456,2165.0112,1051.6542,2166.1184,991.42944,2162.6025,937.2412,2161.9653,890.25305,2167.1838,854.47125,2171.2593,814.0849,2174.4238,1301.6666,2179.879,1258.7927,2175.4946,1220.7412,2171.2224,1172.6296,2167.5378,1114.3922,2169.2517,1050.7562,2170.65,990.1287,2167.5774,936.1577,2168.8938,889.16,2171.2039,854.14496,2173.3608,814.0849,2174.4238,788.10547,2175.863,815.6449,2206.0544,853.1622,2235.3755,908.5253,2269.5298,977.2262,2290.211,1052.5975,2295.919,1132.5483,2288.8994,1202.9022,2266.1526,1259.4095,2234.2827,1299.0663,2206.2615,1327.0742,2181.6687
19,19,316,786.6406,2176.561,808.2856,2150.2822,842.52026,2121.075,893.59296,2088.2966,972.6741,2058.4404,1048.191,2077.0178,1125.7795,2060.142,1207.8157,2093.2073,1264.0864,2127.0632,1301.0345,2157.4338,1325.7816,2182.7036,1300.3474,2180.8762,1255.9396,2177.2637,1218.5664,2171.95,1170.9513,2166.9023,1114.5789,2165.782,1050.2236,2166.8418,989.96594,2163.3218,935.771,2162.6792,888.8084,2167.893,853.01917,2171.972,812.63947,2175.1313,1300.3474,2180.8762,1257.4891,2176.4724,1219.4504,2172.1702,1171.3071,2168.4233,1113.027,2170.0642,1049.3392,2171.3809,988.6741,2168.3037,934.68463,2169.633,887.6943,2171.954,852.69965,2174.106,812.63947,2175.1313,786.6406,2176.561,814.21704,2206.7246,851.7783,2235.9282,907.151,2269.9402,975.7932,2290.541,1051.061,2296.255,1130.9661,2289.2947,1201.3389,2266.6946,1257.9728,2235.0674,1297.7406,2207.229,1325.7816,2182.7036
20,20,333,785.63293,2177.176,807.24023,2150.809,841.4977,2121.4934,892.65015,2088.6194,971.8777,2058.7012,1047.42,2077.3145,1125.0863,2060.4607,1207.2444,2093.6704,1263.56,2127.681,1300.4814,2158.2031,1325.164,2183.5928,1299.6776,2181.7544,1255.2444,2178.1267,1217.8702,2172.7927,1170.2496,2167.7021,1113.8402,2166.5256,1049.4222,2167.5334,989.1473,2164.0022,934.9393,2163.3462,887.93634,2168.558,852.0834,2172.6309,811.6443,2175.766,1299.6776,2181.7544,1256.8085,2177.3027,1218.7546,2172.9631,1170.5796,2169.1667,1112.2506,2170.7646,1048.4791,2172.0476,987.8207,2168.9797,933.8286,2170.3286,886.7963,2172.66,851.7574,2174.7864,811.6443,2175.766,785.63293,2177.176,813.2049,2207.399,850.8129,2236.6252,906.24005,2270.6008,974.9033,2291.152,1050.1958,2296.8564,1130.2238,2289.9165,1200.6802,2267.3604,1257.3522,2235.8374,1297.1311,2208.083,1325.164,2183.5928
21,21,350,784.8431,2177.4082,806.54755,2151.0605,840.8842,2121.7646,892.12396,2088.9124,971.4269,2059.0015,1047.04,2077.6218,1124.7667,2060.772,1206.9373,2093.9875,1263.2716,2128.0012,1300.1769,2158.528,1324.8267,2183.923,1299.3369,2182.1062,1254.9281,2178.5037,1217.5828,2173.1938,1169.9568,2168.1267,1113.5133,2166.9714,1049.0188,2167.979,988.6384,2164.4302,934.3385,2163.7314,887.2615,2168.8984,851.3507,2172.9287,810.8447,2176.024,1299.3369,2182.1062,1256.4536,2177.6638,1218.3881,2173.3347,1170.2004,2169.534,1111.8411,2171.1309,1048.0093,2172.4116,987.28186,2169.3467,933.2188,2170.6929,886.11774,2173.008,851.0293,2175.0925,810.8447,2176.024,784.8431,2177.4082,812.395,2207.6887,850.0261,2236.9749,905.51495,2270.9866,974.28827,2291.5415,1049.7152,2297.243,1129.8344,2290.2817,1200.3403,2267.6968,1257.026,2236.173,1296.7991,2208.4207,1324.8267,2183.923
22,22,366,784.158,2177.4995,805.99023,2151.1685,840.47784,2121.8909,891.88007,2089.0503,971.3583,2059.1357,1047.09,2077.7778,1124.8545,2060.9224,1207.0194,2094.149,1263.3606,2128.1873,1300.2489,2158.735,1324.8479,2184.1438,1299.3431,2182.327,1254.9452,2178.7341,1217.6019,2173.4404,1169.9502,2168.389,1113.4858,2167.246,1048.978,2168.251,988.48126,2164.685,934.0499,2163.9546,886.82837,2169.0793,850.7957,2173.0684,810.1949,2176.1277,1299.3431,2182.327,1256.4666,2177.8865,1218.3829,2173.5596,1170.1747,2169.7568,1111.7863,2171.35,1047.9248,2172.621,987.0817,2169.5283,932.9052,2170.8484,885.68176,2173.1436,850.48016,2175.2122,810.1949,2176.1277,784.158,2177.4995,811.75995,2207.8105,849.4555,2237.1462,905.04095,2271.2297,973.96436,2291.8523,1049.5889,2297.5864,1129.8002,2290.6396,1200.3893,2268.0254,1257.0972,2236.4614,1296.8486,2208.6704,1324.8479,2184.1438
23,23,383,784.171,2177.5205,806.1434,2151.1873,840.7123,2121.92,892.148,2089.09,971.64825,2059.1902,1047.4358,2077.824,1125.1871,2060.9468,1207.2008,2094.1443,1263.3999,2128.18,1300.1445,2158.7085,1324.625,2184.0857,1299.2144,2182.2715,1254.9718,2178.69,1217.7277,2173.4238,1170.1262,2168.378,1113.7028,2167.241,1049.2511,2168.2622,988.7445,2164.7083,934.2614,2163.9712,886.9513,2169.0908,850.87476,2173.078,810.20996,2176.147,1299.2144,2182.2715,1256.5602,2177.845,1218.5775,2173.5361,1170.4183,2169.7454,1112.0426,2171.3442,1048.176,2172.6157,987.2902,2169.5288,933.0185,2170.8582,885.70306,2173.1604,850.46497,2175.2288,810.20996,2176.147,784.171,2177.5205,811.71436,2207.8484,849.41644,2237.2021,905.1083,2271.3093,974.138,2291.9211,1049.8273,2297.6216,1130.0436,2290.655,1200.6123,2268.0254,1257.2466,2236.442,1296.8345,2208.6267,1324.625,2184.0857
24,24,400,784.2174,2177.517,806.3362,2151.1829,841.0168,2121.9167,892.51373,2089.0876,972.03595,2059.1846,1047.8358,2077.8066,1125.5701,2060.9126,1207.4812,2094.0728,1263.5754,2128.0957,1300.2227,2158.6174,1324.6079,2184.0085,1299.2272,2182.1904,1255.0902,2178.5747,1217.9197,2173.294,1170.3744,2168.2534,1114.0009,2167.1448,1049.6132,2168.1902,989.089,2164.6633,934.55865,2163.9397,887.1744,2169.072,851.0444,2173.0698,810.31354,2176.1426,1299.2272,2182.1904,1256.7153,2177.7732,1218.8235,2173.4766,1170.7283,2169.6968,1112.3945,2171.307,1048.551,2172.5847,987.61163,2169.5032,933.26385,2170.8394,885.8688,2173.1514,850.5813,2175.2239,810.31354,2176.1426,784.2174,2177.517,811.7867,2207.8452,849.5404,2237.1924,905.3069,2271.301,974.4189,2291.9155,1050.1779,2297.6106,1130.3971,2290.6394,1200.9398,2267.9949,1257.4961,2236.3804,1296.9645,2208.5452,1324.6079,2184.0085
25,25,416,784.4887,2177.4136,806.6006,2151.046,841.262,2121.763,892.71326,2088.907,972.21686,2059.009,1048.0619,2077.6296,1125.8065,2060.7312,1207.6823,2093.8762,1263.7483,2127.8828,1300.414,2158.3638,1324.831,2183.7402,1299.4594,2181.925,1255.3064,2178.3066,1218.1162,2173.048,1170.5625,2168.0217,1114.1882,2166.9343,1049.8385,2167.9885,989.3249,2164.4814,934.80817,2163.757,887.438,2168.9033,851.33453,2172.9148,810.5969,2176.0308,1299.4594,2181.925,1256.9578,2177.5066,1219.0713,2173.232,1170.9725,2169.4834,1112.63,2171.1257,1048.7822,2172.426,987.82495,2169.3572,933.47974,2170.6968,886.1068,2173.0078,850.8457,2175.084,810.5969,2176.0308,784.4887,2177.4136,812.03156,2207.7278,849.7528,2237.05,905.5038,2271.1863,974.6251,2291.8228,1050.4052,2297.5115,1130.6378,2290.5176,1201.186,2267.8264,1257.7512,2236.1375,1297.2074,2208.28,1324.831,2183.7402
26,26,433,784.55865,2176.8477,806.7483,2150.4778,841.4841,2121.217,892.9935,2088.387,972.52765,2058.5107,1048.3927,2077.1375,1126.1261,2060.2195,1207.9677,2093.3333,1264.0204,2127.3474,1300.6945,2157.8477,1325.1234,2183.2607,1299.7494,2181.4478,1255.5928,2177.785,1218.4065,2172.47,1170.8584,2167.3833,1114.4927,2166.2676,1050.1552,2167.3154,989.6177,2163.8035,935.0666,2163.0906,887.6504,2168.2693,851.50635,2172.307,810.7155,2175.462,1299.7494,2181.4478,1257.2417,2177.015,1219.3623,2172.7495,1171.2745,2169.0222,1112.9451,2170.6812,1049.1012,2171.969,988.1104,2168.856,933.72125,2170.1306,886.30255,2172.3955,851.0071,2174.4673,810.7155,2175.462,784.55865,2176.8477,812.1165,2207.183,849.865,2236.5874,905.67255,2270.8738,974.8719,2291.6208,1050.7173,2297.3406,1130.9678,2290.3523,1201.5033,2267.6055,1258.054,2235.805,1297.5046,2207.8535,1325.1234,2183.2607
27,27,450,784.77277,2175.7954,806.98785,2149.4324,841.74524,2120.2056,893.268,2087.389,972.8054,2057.5242,1048.6658,2076.1294,1126.3679,2059.2078,1208.1779,2092.2725,1264.2267,2126.276,1300.9216,2156.7554,1325.3711,2182.1711,1299.9923,2180.389,1255.8221,2176.7417,1218.6366,2171.4368,1171.0922,2166.3481,1114.7383,2165.245,1050.4209,2166.2983,989.8839,2162.802,935.32935,2162.0881,887.90564,2167.2708,851.7505,2171.2922,810.9439,2174.4355,1299.9923,2180.389,1257.4669,2175.9812,1219.5853,2171.7915,1171.5035,2168.1394,1113.1903,2169.8386,1049.3641,2171.1238,988.3707,2167.9956,933.9729,2169.2214,886.54584,2171.4207,851.2451,2173.4414,810.9439,2174.4355,784.77277,2175.7954,812.3199,2206.2178,850.0647,2235.727,905.8846,2270.1826,975.10785,2291.0557,1050.9741,2296.799,1131.2281,2289.803,1201.755,2266.9602,1258.2963,2234.9841,1297.7507,2206.8833,1325.3711,2182.1711
28,28,466,784.944,2174.6135,807.1614,2148.1592,841.9316,2118.8647,893.4669,2085.963,973.01556,2056.076,1048.8876,2074.7014,1126.5886,2057.7808,1208.3829,2090.892,1264.425,2124.9517,1301.1201,2155.4678,1325.5591,2180.9434,1300.1788,2179.1328,1256.0114,2175.4238,1218.8282,2170.09,1171.2892,2164.9668,1114.9398,2163.8506,1050.6309,2164.9036,990.08746,2161.4204,935.5286,2160.717,888.0968,2165.9412,851.93616,2170.0022,811.122,2173.2244,1300.1788,2179.1328,1257.6661,2174.6562,1219.794,2170.453,1171.7178,2166.8044,1113.4053,2168.5208,1049.5746,2169.8257,988.5671,2166.7214,934.15924,2167.9573,886.7268,2170.156,851.4235,2172.1814,811.122,2173.2244,784.944,2174.6135,812.4813,2205.033,850.2253,2234.5432,906.0526,2269.066,975.2897,2289.983,1051.1782,2295.7136,1131.4535,2288.6838,1201.9945,2265.7625,1258.5327,2233.7114,1297.9667,2205.6282,1325.5591,2180.9434
29,29,483,785.05334,2172.7876,807.2926,2146.3413,842.0734,2117.0974,893.6169,2084.2278,973.1719,2054.3845,1049.0536,2073.0806,1126.7568,2056.1646,1208.5295,2089.315,1264.5538,2123.362,1301.2406,2153.8118,1325.6794,2179.2524,1300.3132,2177.4512,1256.1447,2173.7527,1218.965,2168.4749,1171.4274,2163.3982,1115.0802,2162.3013,1050.7775,2163.3381,990.2285,2159.8281,935.66486,2159.0696,888.2203,2164.231,852.05817,2168.2268,811.228,2171.4324,1300.3132,2177.4512,1257.813,2172.9565,1219.9521,2168.7424,1171.8776,2165.0894,1113.5593,2166.7996,1049.72,2168.099,988.6953,2164.9644,934.2768,2166.17,886.83704,2168.3535,851.53436,2170.3835,811.228,2171.4324,785.05334,2172.7876,812.59766,2203.2234,850.3395,2232.7468,906.16705,2267.4067,975.40967,2288.4795,1051.311,2294.2766,1131.5981,2287.2512,1202.1517,2264.2468,1258.6906,2232.083,1298.1061,2203.9702,1325.6794,2179.2524
30,30,500,785.0304,2170.9934,807.3314,2144.5388,842.1592,2115.3264,893.7338,2082.4592,973.30975,2052.655,1049.2037,2071.3909,1126.9102,2054.4573,1208.6503,2087.5908,1264.6273,2121.6387,1301.2692,2152.0693,1325.6715,2177.5237,1300.3402,2175.739,1256.1953,2172.0234,1219.0385,2166.7654,1171.5248,2161.7,1115.1934,2160.606,1050.9015,2161.6465,990.33466,2158.1458,935.7444,2157.3914,888.2581,2162.5383,852.06445,2166.4934,811.20514,2169.6855,1300.3402,2175.739,1257.8799,2171.274,1220.0527,2167.0972,1171.9976,2163.474,1113.6873,2165.1848,1049.8435,2166.4663,988.78973,2163.342,934.33545,2164.5437,886.8579,2166.7014,851.531,2168.701,811.20514,2169.6855,785.0304,2170.9934,812.6025,2201.4993,850.3633,2231.0557,906.218,2265.8035,975.4869,2286.9597,1051.4132,2292.7705,1131.7025,2285.7603,1202.2509,2262.699,1258.7684,2230.4446,1298.1375,2202.2915,1325.6715,2177.5237
31,31,516,785.0449,2169.602,807.3483,2143.0376,842.1863,2113.7397,893.7632,2080.7656,973.36005,2050.8572,1049.2734,2069.5635,1126.9875,2052.6313,1208.71,2085.864,1264.6664,2119.9807,1301.303,2150.4414,1325.7002,2175.9673,1300.381,2174.144,1256.2284,2170.371,1219.0674,2165.102,1171.5469,2160.033,1115.2196,2158.919,1050.9462,2159.9197,990.3729,2156.4944,935.77655,2155.8,888.27344,2160.9875,852.0779,2164.9807,811.2173,2168.2632,1300.381,2174.144,1257.922,2169.6355,1220.089,2165.3992,1172.0259,2161.7212,1113.713,2163.3945,1049.8761,2164.6614,988.80756,2161.5723,934.34924,2162.844,886.8685,2165.0928,851.53827,2167.1892,811.2173,2168.2632,785.0449,2169.602,812.6618,2199.8472,850.43317,2228.9932,906.2768,2263.404,975.5195,2284.4277,1051.4075,2290.2515,1131.6427,2283.2878,1202.1615,2260.41,1258.7051,2228.4302,1298.1166,2200.5676,1325.7002,2175.9673
32,32,533,784.8214,2168.1785,807.1786,2141.5896,842.0752,2112.2861,893.7079,2079.323,973.3573,2049.471,1049.3052,2068.232,1127.0558,2051.3323,1208.779,2084.5967,1264.7203,2118.7568,1301.3479,2149.2595,1325.7388,2174.8442,1300.4237,2173.0283,1256.2561,2169.2434,1219.0933,2163.9521,1171.5706,2158.8525,1115.2346,2157.6917,1050.9446,2158.6387,990.333,2155.1956,935.6939,2154.486,888.13837,2159.654,851.9104,2163.6292,811.00635,2166.8787,1300.4237,2173.0283,1257.958,2168.5217,1220.1282,2164.2761,1172.0582,2160.573,1113.735,2162.201,1049.875,2163.4067,988.76074,2160.2903,934.2562,2161.5337,886.7271,2163.7683,851.36505,2165.854,811.00635,2166.8787,784.8214,2168.1785,812.5115,2198.479,850.33673,2227.6438,906.2219,2262.0686,975.4775,2283.1118,1051.369,2288.974,1131.6013,2282.0593,1202.1322,2259.24,1258.7086,2227.3025,1298.1398,2199.4565,1325.7388,2174.8442
33,33,550,784.6051,2167.1572,806.9896,2140.496,841.91595,2111.1335,893.5665,2078.1025,973.2626,2048.2102,1049.2538,2066.9797,1127.0524,2050.089,1208.782,2083.412,1264.7114,2117.6328,1301.3445,2148.185,1325.7445,2173.8357,1300.4321,2172.0215,1256.2323,2168.1973,1219.048,2162.8657,1171.514,2157.725,1115.1544,2156.5264,1050.8438,2157.4465,990.2086,2154.0222,935.555,2153.3486,887.97766,2158.552,851.7321,2162.5645,810.791,2165.8625,1300.4321,2172.0215,1257.9362,2167.5,1220.0857,2163.2314,1171.9878,2159.4924,1113.6396,2161.085,1049.7572,2162.256,988.6254,2159.1714,934.10876,2160.453,886.56,2162.7266,851.18524,2164.8313,810.791,2165.8625,784.6051,2167.1572,812.3422,2197.475,850.19763,2226.6152,906.08997,2260.966,975.3199,2281.937,1051.1825,2287.7964,1131.3962,2280.8875,1201.9357,2258.142,1258.5833,2226.2756,1298.0885,2198.4612,1325.7445,2173.8357
34,34,566,784.5423,2166.5266,806.94794,2139.8438,841.90063,2110.472,893.5821,2077.4387,973.31006,2047.5424,1049.3163,2066.3452,1127.1238,2049.4387,1208.851,2082.7732,1264.7776,2117.0103,1301.4121,2147.583,1325.8142,2173.258,1300.5004,2171.468,1256.2943,2167.6775,1219.1072,2162.3801,1171.5721,2157.2769,1115.2107,2156.0935,1050.8977,2157.0012,990.2523,2153.5632,935.5825,2152.8562,887.9776,2158.0127,851.7097,2161.9846,810.7362,2165.248,1300.5004,2171.468,1258.0,2166.975,1220.148,2162.7085,1172.0485,2158.9683,1113.6979,2160.56,1049.809,2161.7292,988.66345,2158.6445,934.13135,2159.9177,886.55786,2162.1763,851.1618,2164.2593,810.7362,2165.248,784.5423,2166.5266,812.3088,2196.9006,850.19293,2226.1082,906.113,2260.4963,975.3578,2281.4717,1051.2345,2287.3264,1131.4592,2280.4124,1202.0071,2257.6582,1258.6584,2225.7761,1298.1619,2197.927,1325.8142,2173.258
35,35,583,784.4678,2165.8203,806.91986,2139.1628,841.90436,2109.834,893.6075,2076.8408,973.3545,2046.9894,1049.3756,2065.775,1127.1919,2048.91,1208.9144,2082.2134,1264.8386,2116.4167,1301.4728,2146.9534,1325.8734,2172.614,1300.5562,2170.838,1256.354,2167.0337,1219.1671,2161.7415,1171.6302,2156.6323,1115.2623,2155.4243,1050.9387,2156.2983,990.27435,2152.864,935.58746,2152.1663,887.956,2157.323,851.6687,2161.2917,810.664,2164.5603,1300.5562,2170.838,1258.0609,2166.371,1220.2115,2162.1157,1172.11,2158.3708,1113.7517,2159.9478,1049.846,2161.101,988.67993,2158.0403,934.12994,2159.3235,886.5333,2161.5667,851.1216,2163.6191,810.664,2164.5603,784.4678,2165.8203,812.2659,2196.2324,850.17114,2225.4568,906.1092,2259.8276,975.3588,2280.7532,1051.2363,2286.5881,1131.4775,2279.6655,1202.0427,2256.9543,1258.7198,2225.123,1298.231,2197.2925,1325.8734,2172.614
36,36,600,784.5164,2165.283,806.9636,2138.658,841.9462,2109.3677,893.6469,2076.403,973.382,2046.5819,1049.395,2065.336,1127.247,2048.5566,1208.9535,2081.872,1264.8638,2116.087,1301.5154,2146.6248,1325.9259,2172.2954,1300.6075,2170.5186,1256.4058,2166.6865,1219.218,2161.3772,1171.674,2156.2292,1115.3007,2154.9563,1050.9749,2155.7683,990.31604,2152.3271,935.6284,2151.6477,887.99725,2156.8115,851.7103,2160.779,810.7097,2164.0403,1300.6075,2170.5186,1258.1117,2166.0566,1220.2584,2161.8057,1172.1497,2158.0642,1113.785,2159.6218,1049.8777,2160.7397,988.72046,2157.6594,934.1718,2158.9102,886.5757,2161.112,851.16364,2163.1353,810.7097,2164.0403,784.5164,2165.283,812.3078,2195.7224,850.2107,2224.9707,906.14905,2259.393,975.403,2280.3782,1051.2845,2286.255,1131.533,2279.3508,1202.1027,2256.6604,1258.7778,2224.8325,1298.2856,2196.9956,1325.9259,2172.2954
37,37,616,784.5387,2164.748,806.99115,2138.207,841.9874,2108.9907,893.7069,2076.0781,973.4629,2046.2821,1049.4844,2065.024,1127.3489,2048.2673,1209.0248,2081.5503,1264.8914,2115.7476,1301.5435,2146.2676,1325.9692,2171.9238,1300.6459,2170.1628,1256.4357,2166.3157,1219.2389,2161.0017,1171.6953,2155.845,1115.333,2154.56,1051.0172,2155.3665,990.3454,2151.909,935.6462,2151.2292,888.01373,2156.3765,851.73315,2160.316,810.73553,2163.5398,1300.6459,2170.1628,1258.1362,2165.7495,1220.2776,2161.5269,1172.1885,2157.7983,1113.8379,2159.3435,1049.939,2160.4392,988.7593,2157.326,934.1968,2158.5393,886.58936,2160.7046,851.1843,2162.6963,810.73553,2163.5398,784.5387,2164.748,812.3282,2195.232,850.2451,2224.5466,906.18994,2259.0388,975.43396,2280.0894,1051.3062,2286.005,1131.5569,2279.12,1202.1351,2256.4353,1258.8127,2224.5781,1298.3251,2196.6858,1325.9692,2171.9238
38,38,633,784.5665,2164.4907,807.0114,2137.964,842.00555,2108.7542,893.7264,2075.8303,973.4827,2046.0532,1049.5317,2064.7888,1127.4331,2048.0452,1209.1034,2081.2969,1264.9467,2115.4697,1301.5923,2145.95,1326.0144,2171.5857,1300.6918,2169.8284,1256.4711,2165.9744,1219.2616,2160.6636,1171.723,2155.502,1115.3546,2154.2124,1051.0333,2155.0244,990.36664,2151.5693,935.6675,2150.9126,888.03326,2156.089,851.75336,2160.0488,810.7599,2163.282,1300.6918,2169.8284,1258.1868,2165.4458,1220.3412,2161.2578,1172.2488,2157.5535,1113.8868,2159.1057,1049.9744,2160.2031,988.77216,2157.087,934.2156,2158.2966,886.6126,2160.4558,851.20544,2162.4414,810.7599,2163.282,784.5665,2164.4907,812.35394,2195.0002,850.27216,2224.3389,906.2142,2258.861,975.45734,2279.9368,1051.3318,2285.8606,1131.5864,2278.9749,1202.1593,2256.28,1258.8444,2224.371,1298.3699,2196.4092,1326.0144,2171.5857
39,39,650,784.62885,2164.3398,807.12537,2137.8074,842.17035,2108.5923,893.9359,2075.6465,973.7393,2045.8271,1049.7881,2064.5095,1127.6844,2047.7573,1209.2882,2080.985,1265.0671,2115.1394,1301.668,2145.5928,1326.066,2171.217,1300.7606,2169.4702,1256.5493,2165.616,1219.351,2160.3206,1171.8451,2155.179,1115.5048,2153.909,1051.2203,2154.738,990.53766,2151.3247,935.82336,2150.7039,888.1581,2155.9006,851.8421,2159.871,810.81903,2163.1233,1300.7606,2169.4702,1258.2783,2165.1296,1220.4601,2160.9749,1172.39,2157.2878,1114.05,2158.842,1050.1589,2159.9448,988.9289,2156.8528,934.35046,2158.0938,886.71234,2160.2795,851.28436,2162.277,810.81903,2163.1233,784.62885,2164.3398,812.43964,2194.828,850.3841,2224.1294,906.3526,2258.601,975.59686,2279.639,1051.4581,2285.5427,1131.6722,2278.645,1202.2173,2255.953,1258.9004,2224.0378,1298.4241,2196.0574,1326.066,2171.217
40,40,666,784.99976,2164.075,807.4742,2137.5605,842.46735,2108.364,894.1507,2075.4248,973.9011,2045.641,1049.933,2064.3152,1127.8444,2047.5538,1209.3667,2080.7412,1265.0879,2114.8699,1301.7146,2145.281,1326.1038,2170.8848,1300.8046,2169.1138,1256.5886,2165.225,1219.3651,2159.941,1171.898,2154.8342,1115.5924,2153.6194,1051.3435,2154.4817,990.7163,2151.0742,936.0411,2150.4255,888.403,2155.608,852.1358,2159.5657,811.1818,2162.8381,1300.8046,2169.1138,1258.3186,2164.7388,1220.476,2160.5796,1172.435,2156.905,1114.1337,2158.4722,1050.2773,2159.5845,989.1051,2156.4944,934.56805,2157.7375,886.96313,2159.9219,851.58655,2161.946,811.1818,2162.8381,784.99976,2164.075,812.8257,2194.4866,850.73016,2223.6956,906.6351,2258.1477,975.7848,2279.192,1051.5326,2285.1091,1131.6858,2278.1907,1202.2588,2255.4785,1258.9503,2223.5535,1298.4697,2195.6494,1326.1038,2170.8848
41,41,683,785.2168,2163.8447,807.6797,2137.3225,842.6833,2108.1238,894.3638,2075.184,974.10846,2045.4497,1050.1349,2064.1504,1128.0623,2047.397,1209.5259,2080.569,1265.1923,2114.7058,1301.7782,2145.1238,1326.1322,2170.7393,1300.8427,2168.9453,1256.6508,2165.0276,1219.4404,2159.7368,1171.9948,2154.625,1115.7156,2153.4124,1051.5072,2154.2605,990.9165,2150.843,936.256,2150.1702,888.6072,2155.3408,852.34143,2159.2932,811.3966,2162.583,1300.8427,2168.9453,1258.3804,2164.517,1220.5521,2160.3247,1172.5223,2156.6128,1114.2383,2158.1511,1050.4088,2159.2544,989.26227,2156.1597,934.733,2157.416,887.13275,2159.6182,851.7663,2161.6587,811.3966,2162.583,785.2168,2163.8447,813.02686,2194.2078,850.91785,2223.3528,906.8071,2257.7588,975.92847,2278.7666,1051.6244,2284.6772,1131.7372,2277.7869,1202.2858,2255.13,1258.9762,2223.2676,1298.4946,2195.4363,1326.1322,2170.7393
42,42,700,785.2349,2163.8198,807.70264,2137.239,842.7058,2107.972,894.383,2074.9575,974.16534,2045.1963,1050.259,2063.8872,1128.2792,2047.1445,1209.814,2080.332,1265.4696,2114.5212,1302.0188,2144.9868,1326.2959,2170.651,1301.0017,2168.8406,1256.8135,2164.8823,1219.5989,2159.574,1172.1447,2154.4478,1115.8325,2153.2302,1051.598,2154.0708,990.9927,2150.6804,936.3118,2150.0286,888.6469,2155.23,852.3737,2159.2117,811.42444,2162.5444,1301.0017,2168.8406,1258.5409,2164.3716,1220.7051,2160.1484,1172.6471,2156.4087,1114.3353,2157.9277,1050.482,2159.0276,989.3276,2155.9653,934.77966,2157.269,887.164,2159.5125,851.7917,2161.5867,811.42444,2162.5444,785.2349,2163.8198,813.05914,2194.1584,850.9678,2223.25,906.8789,2257.5903,976.0016,2278.5293,1051.6641,2284.4036,1131.7666,2277.5095,1202.3126,2254.8865,1259.0416,2223.078,1298.6075,2195.3083,1326.2959,2170.651
43,43,716,785.34045,2163.691,807.7796,2137.0493,842.77563,2107.7148,894.4441,2074.641,974.24664,2044.8818,1050.3635,2063.594,1128.4106,2046.8728,1209.9458,2080.0862,1265.5725,2114.3223,1302.1007,2144.8313,1326.3522,2170.5369,1301.0499,2168.7034,1256.8616,2164.6965,1219.6499,2159.3433,1172.2126,2154.1648,1115.9081,2152.9092,1051.6846,2153.7356,991.08923,2150.3374,936.41565,2149.7034,888.7643,2154.9573,852.5053,2158.9963,811.55475,2162.3875,1301.0499,2168.7034,1258.6,2164.1814,1220.7893,2159.9365,1172.75,2156.1829,1114.447,2157.691,1050.594,2158.785,989.437,2155.7202,934.88275,2157.0298,887.2718,2159.2864,851.9111,2161.381,811.55475,2162.3875,785.34045,2163.691,813.12994,2194.0334,851.0244,2223.145,906.9452,2257.5186,976.0905,2278.4734,1051.7611,2284.345,1131.8853,2277.4548,1202.4415,2254.8174,1259.1699,2222.9773,1298.7004,2195.1892,1326.3522,2170.5369
44,44,733,785.35583,2163.5771,807.8086,2136.8708,842.80927,2107.471,894.47766,2074.3489,974.2741,2044.5708,1050.3911,2063.2905,1128.4279,2046.6038,1209.9808,2079.8616,1265.6243,2114.1392,1302.1586,2144.6926,1326.4059,2170.436,1301.1001,2168.583,1256.8984,2164.5469,1219.6705,2159.17,1172.2268,2153.9634,1115.9326,2152.6775,1051.713,2153.474,991.1132,2150.0764,936.4388,2149.459,888.78595,2154.7407,852.5213,2158.8154,811.56683,2162.2517,1301.1001,2168.583,1258.6324,2164.0237,1220.8075,2159.7395,1172.7683,2155.9385,1114.4717,2157.4065,1050.6218,2158.485,989.46027,2155.4404,934.905,2156.796,887.2935,2159.0981,851.93085,2161.22,811.56683,2162.2517,785.35583,2163.5771,813.1464,2193.8782,851.0392,2222.9207,906.957,2257.1907,976.1071,2278.0527,1051.7937,2283.885,1131.9226,2277.0188,1202.4794,2254.4543,1259.1962,2222.7297,1298.7218,2195.0305,1326.4059,2170.436
45,45,750,785.3894,2163.27,807.82544,2136.537,842.8227,2107.1094,894.49274,2073.9648,974.28973,2044.1831,1050.4187,2062.9478,1128.4592,2046.2863,1210.0137,2079.6064,1265.6624,2113.9263,1302.1981,2144.504,1326.4463,2170.2588,1301.1401,2168.3877,1256.9369,2164.3406,1219.7107,2158.9602,1172.2676,2153.746,1115.9722,2152.4443,1051.7484,2153.216,991.13837,2149.7944,936.4599,2149.1604,888.80505,2154.431,852.5384,2158.5027,811.5858,2161.9402,1301.1401,2168.3877,1258.6737,2163.7922,1220.853,2159.475,1172.8147,2155.6377,1114.5166,2157.0774,1050.663,2158.1423,989.49164,2155.0925,934.9309,2156.462,887.31604,2158.7808,851.9497,2160.909,811.5858,2161.9402,785.3894,2163.27,813.1817,2193.5261,851.07,2222.4958,906.974,2256.6758,976.13275,2277.4807,1051.8352,2283.3025,1131.9597,2276.4756,1202.5039,2253.977,1259.2253,2222.3716,1298.7606,2194.7808,1326.4463,2170.2588
46,46,766,785.42334,2162.544,807.8601,2135.811,842.8579,2106.3955,894.5279,2073.2983,974.32434,2043.5918,1050.4548,2062.4297,1128.4962,2045.7964,1210.0493,2079.1526,1265.6957,2113.497,1302.2284,2144.0986,1326.4744,2169.8616,1301.1691,2167.9895,1256.969,2163.954,1219.7466,2158.574,1172.3053,2153.353,1116.0098,2152.03,1051.7861,2152.7678,991.174,2149.2886,936.4955,2148.5942,888.8409,2153.8096,852.5742,2157.8425,811.6206,2161.2388,1301.1691,2167.9895,1258.7075,2163.399,1220.8907,2159.087,1172.8539,2155.2522,1114.5559,2156.6807,1050.7012,2157.7188,989.52826,2154.6138,934.96704,2155.9236,887.3526,2158.1863,851.98627,2160.2617,811.6206,2161.2388,785.42334,2162.544,813.21533,2192.8713,851.1022,2221.938,907.0063,2256.201,976.1657,2277.0671,1051.8689,2282.9294,1131.995,2276.1428,1202.5386,2253.6511,1259.2595,2222.0315,1298.7922,2194.4102,1326.4744,2169.8616
47,47,783,785.4504,2162.036,807.8816,2135.241,842.88525,2105.7483,894.5637,2072.6086,974.35693,2042.8245,1050.4861,2061.6646,1128.5289,2045.0145,1210.0625,2078.416,1265.7299,2112.8044,1302.276,2143.4822,1326.5215,2169.2874,1301.198,2167.3916,1256.9835,2163.3403,1219.7634,2157.9124,1172.3284,2152.647,1116.038,2151.3,1051.8188,2152.046,991.2081,2148.5422,936.53064,2147.871,888.87573,2153.1362,852.6072,2157.2378,811.6524,2160.6873,1301.198,2167.3916,1258.7196,2162.7727,1220.911,2158.417,1172.8788,2154.5444,1114.5839,2155.9631,1050.7319,2157.0122,989.56085,2153.91,935.0011,2155.2395,887.38696,2157.5378,852.0199,2159.653,811.6524,2160.6873,785.4504,2162.036,813.23834,2192.3494,851.1288,2221.4663,907.03687,2255.7314,976.1961,2276.574,1051.8954,2282.4053,1132.017,2275.6077,1202.5514,2253.1147,1259.2781,2221.5068,1298.8301,2193.8506,1326.5215,2169.2874
48,48,800,785.43414,2161.1135,807.8889,2134.3367,842.9107,2104.8687,894.59467,2071.7578,974.37286,2042.0283,1050.5269,2060.9058,1128.6207,2044.2554,1210.1788,2077.6257,1265.839,2112.0093,1302.3624,2142.7024,1326.5764,2168.5354,1301.2604,2166.626,1257.0625,2162.5698,1219.8448,2157.1465,1172.3994,2151.8855,1116.0815,2150.5505,1051.8379,2151.2915,991.23004,2147.7732,936.5616,2147.062,888.9027,2152.3005,852.62164,2156.368,811.6444,2159.7747,1301.2604,2166.626,1258.8058,2161.9824,1221.001,2157.6196,1172.9519,2153.7239,1114.6256,2155.1187,1050.7452,2156.1511,989.5857,2153.037,935.03174,2154.3508,887.40967,2156.6436,852.0275,2158.7432,811.6444,2159.7747,785.43414,2161.1135,813.2343,2191.483,851.1449,2220.6528,907.0642,2254.9656,976.2174,2275.8242,1051.9106,2281.6436,1132.0323,2274.8542,1202.5862,2252.362,1259.335,2220.737,1298.8909,2193.0837,1326.5764,2168.5354
49,49,816,785.44336,2160.4019,807.904,2133.6064,842.93677,2104.1436,894.62915,2071.0432,974.41437,2041.3174,1050.5907,2060.1313,1128.6919,2043.4204,1210.2416,2076.6328,1265.9008,2110.8926,1302.4281,2141.493,1326.6537,2167.2898,1301.343,2165.4182,1257.137,2161.416,1219.911,2156.0598,1172.456,2150.8857,1116.133,2149.6396,1051.9008,2150.4314,991.281,2146.979,936.6021,2146.299,888.93286,2151.551,852.6469,2155.6233,811.6542,2159.043,1301.343,2165.4182,1258.8917,2160.8306,1221.0814,2156.54,1173.0219,2152.7144,1114.6857,2154.164,1050.8063,2155.2307,989.6246,2152.1426,935.0592,2153.4856,887.4299,2155.8162,852.0424,2157.9446,811.6542,2159.043,785.44336,2160.4019,813.2456,2190.716,851.1638,2219.8477,907.0905,2254.1501,976.25226,2275.022,1051.9629,2280.8384,1132.0851,2274.0203,1202.6501,2251.4788,1259.4171,2219.7297,1298.9757,2191.9324,1326.6537,2167.2898
50,50,833,785.5927,2159.0854,808.0916,2132.282,843.1706,2102.8345,894.88464,2069.7668,974.6814,2040.096,1050.8978,2058.955,1129.0056,2042.1868,1210.4861,2075.3389,1266.0719,2109.5684,1302.5464,2140.164,1326.7335,2165.9575,1301.412,2164.0183,1257.2495,2159.9922,1220.0737,2154.602,1172.673,2149.411,1116.3922,2148.2083,1052.1927,2149.0671,991.57684,2145.5796,936.88025,2144.8572,889.1781,2150.1257,852.88245,2154.2214,811.8609,2157.6587,1301.412,2164.0183,1259.0267,2159.273,1221.2806,2154.918,1173.2761,2151.098,1114.9723,2152.5999,1051.0988,2153.7078,989.91266,2150.5828,935.3257,2151.8696,887.6754,2154.1785,852.2707,2156.375,811.8609,2157.6587,785.5927,2159.0854,813.3903,2189.3975,851.31793,2218.6528,907.2834,2253.179,976.5087,2274.213,1052.2802,2280.0557,1132.4624,2273.2063,1203.0558,2250.5408,1259.7518,2218.5652,1299.1766,2190.6235,1326.7335,2165.9575
51,51,850,785.60815,2158.0715,808.1317,2131.2495,843.23456,2101.794,894.9794,2068.7346,974.79565,2039.046,1051.0415,2057.8408,1129.1471,2040.9327,1210.6165,2073.851,1266.2062,2107.9185,1302.6833,2138.4,1326.892,2164.0845,1301.5713,2162.1738,1257.419,2158.2056,1220.2493,2152.853,1172.8337,2147.7444,1116.5408,2146.6777,1052.3427,2147.6624,991.6984,2144.2444,936.96924,2143.5796,889.2374,2148.9097,852.933,2153.0754,811.88654,2156.5918,1301.5713,2162.1738,1259.1973,2157.459,1221.4492,2153.1416,1173.43,2149.3657,1115.1083,2150.952,1051.2391,2152.1462,990.02814,2149.0847,935.40753,2150.4558,887.7279,2152.8777,852.30914,2155.1636,811.88654,2156.5918,785.60815,2158.0715,813.4058,2188.317,851.34973,2217.5728,907.3485,2252.0776,976.62036,2273.062,1052.4434,2278.8252,1132.6322,2271.9182,1203.2585,2249.1567,1259.9637,2217.0066,1299.3721,2188.8572,1326.892,2164.0845
52,52,866,785.88184,2156.6282,808.3673,2129.7178,843.4355,2100.144,895.1732,2066.9858,975.0133,2037.2252,1051.2969,2056.0159,1129.3824,2039.0426,1210.8335,2071.9067,1266.3774,2105.9924,1302.8044,2136.5293,1326.97,2162.2356,1301.6338,2160.237,1257.5233,2156.237,1220.3975,2150.858,1173.0269,2145.744,1116.7656,2144.7568,1052.6008,2145.8547,991.95404,2142.417,937.2211,2141.7554,889.49774,2147.1665,853.25214,2151.4316,812.23517,2155.0466,1301.6338,2160.237,1259.3131,2155.3508,1221.6146,2150.9053,1173.6412,2147.049,1115.3516,2148.6658,1051.5197,2149.9543,990.3238,2146.9207,935.70123,2148.381,888.0278,2150.9495,852.62366,2153.396,812.23517,2155.0466,785.88184,2156.6282,813.6119,2186.851,851.51825,2216.2246,907.53705,2250.8992,976.8726,2271.9705,1052.7734,2277.692,1132.991,2270.7244,1203.6388,2247.7874,1260.2786,2215.3635,1299.5659,2187.0376,1326.97,2162.2356
53,53,883,786.065,2155.1533,808.57855,2128.2266,843.6872,2098.6382,895.4814,2065.4634,975.3644,2035.6334,1051.639,2054.3853,1129.714,2037.3722,1211.1797,2070.236,1266.7343,2104.372,1303.1477,2134.9941,1327.2987,2160.7734,1301.935,2158.7844,1257.8224,2154.7664,1220.7124,2149.326,1173.352,2144.1587,1117.1003,2143.1091,1052.9419,2144.1826,992.2611,2140.7878,937.51324,2140.2078,889.77094,2145.6614,853.5053,2149.9546,812.4502,2153.5693,1301.935,2158.7844,1259.6019,2153.9338,1221.9187,2149.5017,1173.965,2145.6438,1115.6841,2147.2258,1051.8641,2148.46,990.62427,2145.3892,935.9861,2146.8372,888.2929,2149.4224,852.86487,2151.8953,812.4502,2153.5693,786.065,2155.1533,813.7928,2185.3516,851.7251,2214.6846,907.77606,2249.2827,977.147,2270.3489,1053.1158,2276.1138,1133.3542,2269.198,1204.0355,2246.324,1260.6791,2213.9597,1299.9407,2185.617,1327.2987,2160.7734
54,54,900,786.4489,2153.8064,808.98193,2126.8828,844.1208,2097.3064,895.9569,2064.1558,975.8431,2034.313,1052.0873,2053.0676,1130.102,2036.041,1211.5508,2068.8496,1267.128,2102.902,1303.5758,2133.4524,1327.747,2159.1487,1302.3708,2157.15,1258.2445,2153.1663,1221.114,2147.7507,1173.7382,2142.6128,1117.4865,2141.5757,1053.3486,2142.6782,992.697,2139.277,937.96277,2138.7207,890.209,2144.1936,853.9326,2148.5254,812.8577,2152.1787,1302.3708,2157.15,1260.0247,2152.3098,1222.3242,2147.8555,1174.3665,2143.9832,1116.0852,2145.5852,1052.2772,2146.8792,991.06476,2143.8438,936.4382,2145.3362,888.73505,2147.9707,853.2858,2150.4739,812.8577,2152.1787,786.4489,2153.8064,814.1329,2183.983,852.0569,2213.3252,908.12476,2247.8728,977.52246,2268.8667,1053.5104,2274.5579,1133.757,2267.5676,1204.4569,2244.6296,1261.1139,2212.2764,1300.394,2183.9563,1327.747,2159.1487
55,55,916,786.5909,2152.1084,809.1396,2125.2148,844.30066,2095.6675,896.1791,2062.5825,976.0769,2032.7797,1052.3048,2051.5637,1130.3132,2034.5479,1211.7775,2067.3447,1267.3889,2101.3867,1303.8423,2131.9448,1328.007,2157.6294,1302.6127,2155.6365,1258.4922,2151.641,1221.371,2146.1924,1173.9873,2141.0176,1117.7194,2139.9397,1053.543,2141.0334,992.8854,2137.6008,938.1465,2137.0518,890.38684,2142.5322,854.10455,2146.884,813.0177,2150.5137,1302.6127,2155.6365,1260.2646,2150.7876,1222.5659,2146.2974,1174.6051,2142.3816,1116.3103,2143.9492,1052.4788,2145.2356,991.2686,2142.1958,936.63934,2143.6963,888.92413,2146.346,853.46014,2148.8457,813.0177,2150.5137,786.5909,2152.1084,814.2533,2182.341,852.18317,2211.7793,908.27374,2246.327,977.6922,2267.28,1053.7,2272.9546,1133.9785,2265.9602,1204.7106,2243.0369,1261.3807,2210.7341,1300.6631,2182.437,1328.007,2157.6294
56,56,933,786.7275,2150.2478,809.2556,2123.2947,844.4267,2093.6633,896.33655,2060.5193,976.2742,2030.6838,1052.5072,2049.555,1130.5295,2032.5575,1212.1012,2065.5056,1267.835,2099.6924,1304.3959,2130.3826,1328.5885,2156.1567,1303.1014,2154.0635,1258.9305,2149.9753,1221.7626,2144.3997,1174.305,2139.0918,1117.9846,2137.9285,1053.7734,2138.9937,993.1131,2135.485,938.3586,2134.9202,890.58813,2140.4595,854.3039,2144.886,813.2047,2148.5776,1303.1014,2154.0635,1260.6838,2149.0522,1222.9517,2144.429,1174.9386,2140.4023,1116.591,2141.9045,1052.7274,2143.1616,991.5181,2140.0554,936.88153,2141.5315,889.1534,2144.2139,853.67456,2146.788,813.2047,2148.5776,786.7275,2150.2478,814.3607,2180.5317,852.2857,2210.1033,908.39905,2244.8018,977.8744,2265.8525,1053.9482,2271.5625,1134.337,2264.6296,1205.2042,2241.6958,1261.9695,2209.3213,1301.2709,2180.9607,1328.5885,2156.1567
57,57,950,786.9487,2148.2976,809.5138,2121.2893,844.76135,2091.5957,896.75696,2058.3855,976.7533,2028.467,1052.979,2047.3315,1130.945,2030.3091,1212.4968,2063.268,1268.266,2097.473,1304.8821,2128.187,1329.1244,2153.969,1303.57,2151.768,1259.3444,2147.5789,1222.1735,2141.8474,1174.7063,2136.3833,1118.3915,2135.1401,1054.2064,2136.23,993.53796,2132.7378,938.7584,2132.2888,890.94806,2138.022,854.64667,2142.6396,813.49475,2146.5022,1303.57,2151.768,1261.0931,2146.5022,1223.3633,2141.701,1175.3593,2137.543,1117.0249,2139.009,1053.1835,2140.3057,991.9826,2137.2432,937.3292,2138.8267,889.55865,2141.6733,854.0328,2144.4336,813.49475,2146.5022,786.9487,2148.2976,814.54926,2178.485,852.49664,2208.0288,908.6775,2242.676,978.24365,2263.618,1054.3772,2269.2344,1134.8104,2262.3008,1205.7412,2239.3743,1262.5381,2207.001,1301.8364,2178.664,1329.1244,2153.969
58,58,966,786.9815,2145.9346,809.58844,2119.0403,844.90076,2089.4377,896.987,2056.307,977.09485,2026.398,1053.4315,2045.2578,1131.4742,2028.0663,1213.1884,2060.7795,1269.1345,2094.7512,1305.9025,2125.2388,1330.2894,2150.7722,1304.6709,2148.64,1260.2886,2144.673,1223.0144,2139.1394,1175.3738,2133.8894,1118.9312,2132.8538,1054.6647,2134.064,993.89386,2130.6274,939.01575,2130.1672,891.1105,2135.8406,854.7615,2140.382,813.5536,2144.1565,1304.6709,2148.64,1262.0114,2143.4268,1224.1584,2138.6814,1176.0112,2134.654,1117.5538,2136.3083,1053.6295,2137.7766,992.3347,2134.741,937.5869,2136.3347,889.73254,2139.2144,854.14825,2142.0337,813.5536,2144.1565,786.9815,2145.9346,814.6065,2176.1255,852.59393,2205.7275,908.85547,2240.5054,978.5539,2261.5222,1054.8441,2267.0823,1135.4196,2260.0352,1206.5065,2236.858,1263.443,2204.1511,1302.855,2175.5674,1330.2894,2150.7722
59,59,983,786.90826,2142.5427,809.59924,2116.0151,844.9186,2086.759,897.13916,2053.983,977.47784,2024.2864,1054.1431,2043.2449,1132.5343,2025.848,1214.6979,2058.1936,1271.1182,2091.7185,1308.3212,2121.7554,1333.2063,2146.7898,1307.4069,2144.873,1262.5067,2141.4602,1224.9191,2136.3179,1176.8472,2131.4106,1120.0232,2130.617,1055.3541,2131.954,994.25366,2128.4888,939.1704,2127.9075,891.1401,2133.3523,854.7778,2137.6096,813.5279,2140.9485,1307.4069,2144.873,1264.1243,2139.9026,1225.9015,2135.3643,1177.3807,2131.6367,1118.559,2133.591,1054.2795,2135.251,992.6929,2132.1506,937.758,2133.5735,889.7847,2136.2727,854.1615,2138.965,813.5279,2140.9485,786.90826,2142.5427,814.6051,2173.0784,852.61346,2203.1523,908.90564,2238.4385,978.8137,2259.7927,1055.522,2265.3972,1136.616,2258.204,1208.2217,2234.5845,1265.5739,2201.2363,1305.3375,2172.0405,1333.2063,2146.7898
60,60,1000,785.8536,2137.6086,809.24,2111.9126,844.905,2083.5396,897.2103,2051.6296,977.85077,2022.639,1055.0952,2041.7223,1134.1582,2024.2955,1216.9728,2055.977,1274.1917,2088.5952,1312.38,2117.6685,1338.426,2141.7954,1312.3317,2140.2764,1266.4363,2137.6387,1228.1143,2133.1028,1179.2208,2128.7065,1121.6256,2128.2026,1056.2106,2129.6345,994.53186,2126.0605,939.19147,2125.2114,891.1008,2130.2058,854.4956,2133.9158,812.72516,2136.4673,1312.3317,2140.2764,1268.0205,2135.9382,1229.1421,2131.9485,1179.8043,2128.772,1120.1517,2131.081,1055.0902,2132.8508,992.9466,2129.5908,937.77136,2130.678,889.7447,2132.9036,853.91016,2135.1182,812.72516,2136.4673,785.8536,2137.6086,813.9411,2169.0857,852.3114,2200.1313,908.89655,2236.2642,978.9402,2258.1372,1056.303,2263.8818,1138.4131,2256.5962,1211.1466,2232.4983,1269.517,2198.2395,1309.9916,2167.9683,1338.426,2141.7954
61,61,1016,782.8421,2132.611,807.8302,2108.0024,844.5299,2080.728,897.22577,2049.836,978.10565,2021.5968,1056.1144,2040.8116,1136.1217,2023.2113,1219.8074,2053.9932,1278.0638,2085.42,1317.4601,2113.22,1344.9258,2136.1157,1318.589,2135.2197,1271.5408,2133.7146,1232.2856,2130.0894,1182.2632,2126.4866,1123.5812,2126.4783,1057.0968,2128.1042,994.6596,2124.4736,939.1558,2123.3057,890.5284,2127.6836,853.09357,2130.6372,810.0901,2132.1243,1318.589,2135.2197,1273.0358,2131.895,1233.2482,2128.6921,1182.7751,2126.3079,1121.9939,2129.1467,1055.8866,2131.1375,993.0471,2127.7783,937.71387,2128.5046,889.1455,2130.1406,852.58,2131.714,810.0901,2132.1243,782.8421,2132.611,811.9391,2165.175,851.22974,2197.2478,908.655,2234.1958,978.9771,2256.5532,1057.0757,2262.3606,1140.3113,2254.8882,1214.2959,2230.154,1273.915,2194.8596,1315.4698,2163.3823,1344.9258,2136.1157
62,62,1033,779.0822,2126.7007,805.79736,2103.3047,843.81525,2077.3193,897.2038,2047.641,978.2946,2020.244,1057.082,2039.5571,1137.9698,2021.7062,1222.4036,2051.3652,1281.5786,2081.3955,1321.9493,2107.796,1350.5212,2129.3877,1324.124,2129.2708,1276.1907,2129.1409,1236.0981,2126.6533,1185.1185,2124.0745,1125.465,2124.699,1057.9249,2126.5815,994.71094,2122.8745,938.9634,2121.2905,889.47235,2124.8547,850.9077,2126.8025,806.5886,2127.005,1324.124,2129.2708,1277.6399,2127.3218,1237.1078,2125.1592,1185.6302,2123.781,1123.7892,2127.2722,1056.6177,2129.5293,993.0695,2126.0486,937.44135,2126.3071,887.9582,2127.1738,850.4459,2127.849,806.5886,2127.005,779.0822,2126.7007,809.2674,2160.526,849.6809,2193.7776,908.21185,2231.5713,978.98517,2254.4426,1057.8444,2260.336,1142.1498,2252.628,1217.1838,2227.1875,1277.8298,2190.818,1320.2764,2157.9993,1350.5212,2129.3877
63,63,1050,775.43787,2120.7588,803.7415,2098.761,842.9897,2074.2688,897.1305,2045.9797,978.37616,2019.5432,1057.8395,2038.9414,1139.567,2020.9474,1224.607,2049.573,1284.5758,2078.1492,1325.9283,2103.0017,1355.8911,2123.1338,1329.4797,2123.7314,1280.7235,2124.8362,1239.8651,2123.3801,1187.9064,2121.7727,1127.2661,2122.996,1058.6207,2125.1006,994.7191,2121.277,938.57904,2119.2112,888.11316,2121.8801,848.51556,2122.8076,803.1119,2121.7703,1329.4797,2123.7314,1282.1715,2123.0325,1240.9326,2121.807,1188.4669,2121.313,1125.5657,2125.3838,1057.2938,2127.8474,993.07904,2124.1995,937.0354,2123.9414,886.5797,2123.9985,848.19293,2123.8071,803.1119,2121.7703,775.43787,2120.7588,806.7398,2155.5613,848.21045,2189.7295,907.7586,2228.2104,978.99255,2251.5566,1058.5785,2257.5903,1143.8577,2249.712,1219.8334,2223.7356,1281.4229,2186.5789,1324.7617,2152.7585,1355.8911,2123.1338
64,64,1066,772.1357,2115.965,801.65466,2094.9072,842.02,2071.4565,896.9871,2044.179,978.45874,2018.541,1058.6915,2037.9282,1141.2817,2019.6653,1226.8074,2047.083,1287.2819,2074.2786,1329.1865,2097.7766,1359.8116,2116.713,1333.4221,2117.847,1284.3337,2120.0073,1243.0402,2119.5461,1190.4235,2118.946,1128.9714,2120.935,1059.3494,2123.4043,994.72644,2119.5796,938.1149,2117.1475,886.6581,2119.145,846.1539,2119.31,799.99744,2117.414,1333.4221,2117.847,1285.831,2118.1333,1244.2131,2117.795,1191.0623,2118.2754,1127.2831,2123.0667,1057.9949,2125.8967,993.0892,2122.193,936.52826,2121.5613,885.0816,2120.9836,845.9309,2120.1738,799.99744,2117.414,772.1357,2115.965,804.2349,2151.314,846.55084,2186.0864,907.13184,2225.189,979.0067,2248.9592,1059.2682,2254.9927,1145.4435,2246.822,1222.2297,2220.109,1284.4666,2181.9473,1328.2858,2147.162,1359.8116,2116.713
65,65,1083,768.93176,2110.1465,799.6036,2090.2683,841.01447,2068.0867,896.796,2042.0288,978.52203,2017.3457,1059.5208,2036.7634,1143.021,2018.3146,1228.9902,2044.6475,1289.8629,2070.5994,1332.1587,2092.8806,1363.281,2110.7544,1336.8501,2112.4565,1287.6223,2115.6238,1246.0314,2116.1096,1192.8722,2116.4785,1130.6915,2119.169,1060.0938,2121.908,994.73663,2117.978,937.5547,2114.9724,885.0691,2116.0542,843.70435,2115.2012,796.94476,2112.1882,1336.8501,2112.4565,1289.1278,2113.6582,1247.2366,2114.1638,1193.5311,2115.5437,1129.0175,2120.969,1058.7255,2124.0625,993.10046,2120.1614,935.932,2118.9438,883.4707,2117.4846,843.5903,2115.8645,796.94476,2112.1882,768.93176,2110.1465,801.89825,2146.1924,845.0767,2181.7183,906.60266,2221.6772,979.0151,2246.0923,1060.0374,2252.3574,1147.0475,2243.8975,1224.4371,2216.507,1287.1503,2177.4443,1331.351,2141.887,1363.281,2110.7544
66,66,1100,766.6815,2106.1538,798.09125,2086.9253,840.2854,2065.4558,896.7168,2040.1423,978.7326,2016.0734,1060.6267,2035.4908,1144.8124,2016.8175,1231.0673,2042.2639,1292.2218,2067.3289,1334.8048,2088.8696,1366.368,2106.1094,1339.948,2108.2358,1290.4434,2112.1091,1248.6321,2113.2314,1195.1433,2114.266,1132.4875,2117.445,1061.0946,2120.4153,994.7899,2116.4414,937.2025,2113.1306,883.955,2113.6711,841.977,2112.2373,794.74274,2108.5637,1339.948,2108.2358,1291.9474,2110.1482,1249.8821,2111.2517,1195.8442,2113.2666,1130.8293,2119.167,1059.7092,2122.4893,993.1409,2118.4932,935.5562,2116.949,882.33356,2115.014,841.92706,2112.903,794.74274,2108.5637,766.6815,2106.1538,800.16473,2142.7842,843.96454,2178.8997,906.2408,2219.3662,979.0846,2244.1328,1061.08,2250.4639,1148.8293,2241.8115,1226.6932,2213.939,1289.7275,2174.2073,1334.158,2137.9094,1366.368,2106.1094
67,67,1116,765.0474,2102.8474,796.8647,2084.0032,839.58075,2062.979,896.5911,2038.2063,978.85474,2014.6752,1061.453,2034.1285,1146.2441,2015.313,1232.8207,2040.1305,1294.2454,2064.631,1337.1101,2085.7031,1369.0557,2102.533,1342.6683,2104.8577,1292.9116,2109.0903,1250.8739,2110.5576,1197.0536,2111.9978,1133.9207,2115.5164,1061.8373,2118.6394,994.8103,2114.5828,936.79254,2110.9868,882.9165,2111.1467,840.55804,2109.3875,793.0965,2105.4146,1342.6683,2104.8577,1294.3585,2107.1467,1252.0778,2108.5603,1197.7026,2110.9304,1132.2242,2117.1467,1060.4381,2120.6543,993.15875,2116.6348,935.1591,2114.8906,881.3219,2112.6353,840.5798,2110.1829,793.0965,2105.4146,765.0474,2102.8474,798.80963,2139.8164,842.99713,2176.2776,905.8655,2217.0103,979.12225,2241.892,1061.8134,2248.1653,1150.1222,2239.3625,1228.374,2211.1775,1291.7457,2171.14,1336.4862,2134.5728,1369.0557,2102.533
68,68,1133,761.9969,2099.9265,794.5413,2081.347,838.13544,2060.6504,896.1153,2036.2291,978.86237,2013.0222,1061.9359,2032.4707,1147.2014,2013.4401,1234.0486,2037.7284,1295.676,2061.8232,1338.6738,2082.566,1370.6769,2099.1328,1344.2952,2101.6204,1294.4999,2106.0972,1252.3224,2107.8667,1198.2501,2109.6663,1134.7842,2113.5288,1062.2203,2116.8218,994.802,2112.78,935.88983,2108.997,881.0525,2108.874,837.99243,2106.8435,790.0978,2102.6375,1344.2952,2101.6204,1295.9337,2104.1714,1253.5165,2105.8562,1198.8813,2108.5405,1133.0713,2115.0305,1060.7985,2118.6973,993.13275,2114.705,934.17847,2112.8386,879.36145,2110.3503,838.0405,2107.658,790.0978,2102.6375,761.9969,2099.9265,796.27185,2137.0796,841.15674,2173.6929,904.97833,2214.5007,979.1248,2239.3337,1062.1439,2245.4988,1150.7852,2236.5562,1229.2488,2208.1538,1292.836,2167.9702,1337.8278,2131.2974,1370.6769,2099.1328
69,69,1150,758.46564,2097.2793,791.7675,2079.1204,836.2605,2058.8298,895.31104,2034.7896,978.8535,2011.8624,1062.1522,2031.2853,1147.7256,2012.0778,1234.8063,2035.9202,1296.7338,2059.5974,1340.0491,2079.9792,1372.4296,2096.162,1346.0658,2098.907,1296.0667,2103.7593,1253.595,2105.805,1199.1461,2107.8992,1135.335,2112.0154,1062.3983,2115.4285,994.65857,2111.3909,934.56793,2107.4548,878.7484,2107.0408,834.9453,2104.7073,786.55066,2100.1746,1346.0658,2098.907,1297.4781,2101.9346,1254.7566,2103.923,1199.7583,2106.8394,1133.6012,2113.487,1060.966,2117.2207,992.95703,2113.1997,932.81305,2111.2075,876.99396,2108.517,835.0413,2105.5742,786.55066,2100.1746,758.46564,2097.2793,793.32104,2134.6892,838.95953,2171.437,903.7425,2212.1543,979.0219,2236.8467,1062.3014,2242.9478,1151.1718,2234.0146,1229.8585,2205.6648,1293.7627,2165.5178,1339.1472,2128.6406,1372.4296,2096.162
70,70,1166,755.6472,2095.946,789.26337,2077.7058,834.33655,2057.4033,894.2909,2033.4386,978.7586,2010.6262,1062.2231,2029.9761,1147.9828,2010.5891,1235.2428,2034.0669,1297.362,2057.5647,1340.804,2077.902,1373.2295,2094.0676,1346.8538,2096.8396,1296.8204,2101.7146,1254.228,2103.7888,1199.584,2105.9739,1135.5781,2110.2417,1062.4492,2113.791,994.38904,2109.8303,933.2057,2105.9163,876.65533,2105.4983,832.41425,2103.1997,783.7804,2098.779,1346.8538,2096.8396,1298.2354,2099.913,1255.3497,2101.9497,1200.1575,2104.9265,1133.8105,2111.6743,1061.0015,2115.5227,992.6356,2111.5815,931.3855,2109.6538,874.83026,2107.0183,832.4865,2104.111,783.7804,2098.779,755.6472,2095.946,790.71576,2133.2722,836.80444,2169.9324,902.35504,2210.4282,978.77216,2234.8687,1062.3341,2240.802,1151.3068,2231.8196,1230.1141,2203.4653,1294.189,2163.3784,1339.77,2126.5222,1373.2295,2094.0676
71,71,1183,753.0141,2094.6577,787.01794,2076.4768,832.65375,2056.257,893.3839,2032.3904,978.6723,2009.6505,1062.295,2028.9171,1148.2535,2009.4528,1235.6527,2032.7367,1297.932,2056.1382,1341.497,2076.438,1373.9557,2092.5996,1347.627,2095.3594,1297.5862,2100.1887,1254.8644,2102.2656,1200.0192,2104.501,1135.8105,2108.8503,1062.4869,2112.4631,994.0975,2108.5803,931.919,2104.6865,874.7275,2104.248,830.0487,2101.9395,781.16034,2097.5034,1347.627,2095.3594,1299.0217,2098.473,1255.999,2100.5579,1200.6045,2103.5566,1134.0338,2110.312,1061.0271,2114.169,992.2741,2110.2651,929.98364,2108.373,872.7751,2105.752,830.0503,2102.8374,781.16034,2097.5034,753.0141,2094.6577,788.3248,2131.9163,834.8559,2168.4336,901.0867,2208.6716,978.50806,2232.8572,1062.3524,2238.6755,1151.4165,2229.723,1230.3531,2201.4954,1294.6049,2161.619,1340.37,2124.9329,1373.9557,2092.5996
72,72,1200,750.8322,2092.9763,785.1499,2074.9375,831.19604,2054.8677,892.5413,2031.1599,978.572,2008.5219,1062.3718,2027.7477,1148.5806,2008.1516,1236.2572,2031.1997,1298.8799,2054.411,1342.794,2074.5242,1375.5013,2090.4944,1349.1422,2093.3376,1298.9684,2098.3296,1255.941,2100.5168,1200.7205,2102.8745,1136.1664,2107.3708,1062.5491,2111.084,993.83234,2107.23,930.7855,2103.3096,873.0914,2102.8137,828.1112,2100.4429,779.04706,2095.8938,1349.1422,2093.3376,1300.4236,2096.6465,1257.1343,2098.8926,1201.3447,2102.0354,1134.3903,2108.8733,1061.0723,2112.7795,991.9369,2108.9011,928.7535,2106.9937,871.0477,2104.3,828.0738,2101.3027,779.04706,2095.8938,750.8322,2092.9763,786.30225,2130.3801,833.1243,2167.0242,899.9109,2207.3582,978.25574,2231.5557,1062.3999,2237.3242,1151.7096,2228.3655,1231.0114,2200.0906,1295.6765,2160.0422,1341.7501,2123.099,1375.5013,2090.4944
73,73,1216,748.5732,2090.3945,783.4489,2072.6946,830.1063,2052.9607,892.0766,2029.6122,978.57153,2007.2014,1062.6718,2026.4749,1149.3036,2006.8064,1237.3192,2029.6776,1300.3722,2052.7656,1344.7411,2072.8416,1377.8666,2088.7974,1351.3629,2091.698,1300.8503,2096.701,1257.4595,2098.855,1201.8005,2101.2217,1136.8282,2105.7422,1062.763,2109.4463,993.72156,2105.5354,930.0096,2101.5059,871.7944,2100.8347,826.3316,2098.299,776.93207,2093.479,1351.3629,2091.698,1302.3715,2095.0884,1258.771,2097.3757,1202.5319,2100.523,1135.1108,2107.313,1061.2914,2111.131,991.7905,2107.1824,927.89185,2105.1582,869.63855,2102.2988,826.2739,2099.1274,776.93207,2093.479,748.5732,2090.3945,784.27905,2128.0525,831.55634,2164.9744,898.9787,2205.4316,978.1303,2229.6426,1062.6122,2235.4265,1152.3933,2226.622,1232.2644,2198.5217,1297.4849,2158.5583,1343.9404,2121.5117,1377.8666,2088.7974
74,74,1233,746.0878,2087.5977,781.41974,2070.0923,828.65686,2050.5981,891.33606,2027.5072,978.5495,2005.278,1062.9556,2024.6599,1150.1251,2004.9873,1238.7627,2027.8491,1302.3512,2050.8926,1347.1656,2070.921,1380.6478,2086.8127,1353.9706,2089.783,1303.0488,2094.899,1259.2788,2097.1697,1203.0826,2099.6145,1137.5618,2104.1335,1062.9609,2107.7573,993.5651,2103.7942,929.11414,2099.6233,870.32007,2098.711,824.41077,2095.9192,774.6006,2090.8318,1353.9706,2089.783,1304.5802,2093.2556,1260.543,2095.5498,1203.7567,2098.6677,1135.7839,2105.4216,1061.446,2109.1992,991.5774,2105.2393,926.9534,2103.1577,868.16003,2100.1638,824.3773,2096.8035,774.6006,2090.8318,746.0878,2087.5977,782.2021,2125.6206,829.9957,2162.8726,898.0296,2203.5234,977.9565,2227.781,1062.7571,2233.5618,1152.9723,2224.7974,1233.3917,2196.7183,1299.2247,2156.7483,1346.2261,2119.627,1380.6478,2086.8127
75,75,1250,745.72534,2084.4404,781.10944,2067.3262,828.4348,2048.2463,891.2666,2025.5786,978.6319,2003.6497,1063.548,2023.068,1151.0497,2003.3674,1239.7994,2025.9553,1303.5203,2048.6423,1348.408,2068.3223,1381.9816,2083.8594,1355.3141,2087.0303,1304.3401,2092.4568,1260.521,2094.9402,1204.2201,2097.5586,1138.4814,2102.1567,1063.4368,2105.7976,993.5674,2101.7927,928.9204,2097.4998,870.0249,2096.352,824.03467,2093.2903,774.2069,2087.87,1355.3141,2087.0303,1305.8402,2090.8267,1261.7449,2093.3428,1204.8699,2096.6401,1136.6755,2103.474,1061.8792,2107.2556,991.57104,2103.2532,926.72705,2101.0444,867.84033,2097.8323,824.00543,2094.2063,774.2069,2087.87,745.72534,2084.4404,781.8507,2122.7551,829.7024,2160.2595,897.8328,2200.981,977.95953,2225.235,1063.204,2231.0164,1153.8029,2222.2239,1234.4478,2194.1072,1300.3737,2154.1284,1347.4584,2116.863,1381.9816,2083.8594
76,76,1266,744.8096,2080.6897,780.49023,2064.0122,828.1079,2045.4037,891.197,2023.2335,978.7577,2001.7637,1064.3131,2021.2767,1152.3007,2001.5675,1241.2543,2023.8224,1305.136,2046.1533,1350.1023,2065.5022,1383.7308,2080.7085,1357.0704,2084.017,1306.0867,2089.7131,1262.1677,2092.4412,1205.671,2095.2712,1139.6117,2100.0042,1064.0303,2103.6702,993.5702,2099.548,928.7106,2094.9993,869.56525,2093.5151,823.3049,2090.1042,773.3092,2084.298,1357.0704,2084.017,1307.4945,2088.1392,1263.2941,2090.867,1206.222,2094.3267,1137.7021,2101.2185,1062.3925,2104.9895,991.5715,2100.9119,926.48224,2098.5203,867.3477,2095.0117,823.29553,2091.0596,773.3092,2084.298,744.8096,2080.6897,781.118,2119.376,829.2048,2157.2139,897.5929,2198.126,977.96313,2222.445,1063.6796,2228.243,1154.715,2219.482,1235.6964,2191.3613,1301.8362,2151.3394,1349.0526,2113.944,1383.7308,2080.7085
77,77,1283,743.94244,2077.2793,779.98175,2060.938,827.88885,2042.7056,891.1717,2020.8827,978.95654,1999.7542,1065.0742,2019.3567,1153.4105,1999.6927,1242.3308,2021.7828,1306.0634,2043.9022,1350.8287,2062.9639,1384.1768,2077.9014,1357.6888,2081.2466,1306.9486,2086.99,1263.129,2089.8975,1206.6438,2092.9106,1140.4586,2097.7751,1064.5403,2101.4553,993.5728,2097.242,928.4937,2092.4758,869.0564,2090.7449,822.54,2087.09,772.404,2081.0635,1357.6888,2081.2466,1308.3368,2085.4973,1264.2417,2088.3416,1207.178,2091.8818,1138.5187,2098.7937,1062.8807,2102.5244,991.5743,2098.2905,926.2637,2095.729,866.8639,2092.0688,822.56305,2088.0059,772.404,2081.0635,743.94244,2077.2793,780.63135,2115.873,828.9632,2153.5806,897.4903,2194.5862,977.9704,2219.1204,1064.0581,2225.0881,1155.2295,2216.4114,1236.2346,2188.3032,1302.3169,2148.285,1349.4797,2111.0393,1384.1768,2077.9014
78,78,1300,743.69293,2074.2783,779.67773,2057.939,827.6316,2039.7938,891.08594,2018.1418,979.0309,1997.3484,1065.5277,2017.1056,1154.1316,1997.5454,1243.2123,2019.5791,1307.0247,2041.5468,1351.8386,2060.411,1385.1686,2075.1975,1358.7385,2078.6074,1308.0131,2084.4673,1264.1145,2087.5625,1207.4958,2090.7456,1141.1167,2095.7053,1064.8905,2099.3542,993.57574,2095.013,928.2975,2090.0142,868.72876,2088.0837,822.1883,2084.292,772.10315,2078.1838,1358.7385,2078.6074,1309.3949,2082.9673,1265.2253,2085.91,1208.0125,2089.5242,1139.133,2096.4995,1063.1875,2100.274,991.5669,2096.006,926.0186,2093.364,866.49225,2089.5847,822.1708,2085.352,772.10315,2078.1838,743.69293,2074.2783,780.3262,2113.0244,828.66486,2150.8818,897.2937,2192.0754,977.9713,2216.7078,1064.3029,2222.6868,1155.6775,2213.998,1236.8562,2185.7793,1303.0944,2145.649,1350.375,2108.3743,1385.1686,2075.1975
79,79,1316,743.6979,2071.9465,779.6364,2055.6045,827.5912,2037.4752,891.0857,2015.8513,979.2123,1995.1957,1066.0753,2015.0356,1154.9114,1995.5974,1244.096,2017.7378,1307.9015,2039.7972,1352.6525,2058.7268,1385.7896,2073.6077,1359.3998,2076.9722,1308.8379,2082.7507,1264.9434,2085.8208,1208.304,2088.9797,1141.817,2093.906,1065.3407,2097.4849,993.60767,2093.0571,928.2568,2087.921,868.6514,2085.905,822.11194,2082.0483,772.108,2075.8953,1359.3998,2076.9722,1310.1462,2081.3027,1266.0239,2084.2437,1208.7721,2087.856,1139.7712,2094.7795,1063.5873,2098.4739,991.57587,2094.095,925.9512,2091.3325,866.38983,2087.428,822.07965,2083.1292,772.108,2075.8953,743.6979,2071.9465,780.33246,2110.6921,828.65594,2148.522,897.2784,2189.828,977.99963,2214.6206,1064.6395,2220.7297,1156.1637,2212.1316,1237.4349,2183.9324,1303.7324,2143.844,1351.0085,2106.709,1385.7896,2073.6077
80,80,1333,742.4439,2069.643,778.6394,2053.5964,826.86334,2035.7625,890.6592,2014.4355,979.1406,1994.0944,1066.0566,2014.1116,1154.8545,1994.8943,1244.0621,2017.2343,1307.9585,2039.2483,1352.9166,2058.006,1386.2827,2072.6514,1359.8523,2076.027,1309.2192,2081.899,1265.1467,2084.986,1208.3844,2088.078,1141.8223,2092.8623,1065.3329,2096.2986,993.3503,2091.6475,927.5094,2086.2852,867.643,2084.0852,820.9269,2080.0725,770.88464,2073.6975,1359.8523,2076.027,1310.4229,2080.342,1266.1763,2083.2615,1208.8201,2086.8428,1139.7649,2093.7275,1063.5826,2097.3623,991.2538,2092.8347,925.15125,2089.865,865.3709,2085.7043,820.9299,2081.1829,770.88464,2073.6975,742.4439,2069.643,779.24316,2108.6653,827.7391,2146.7673,896.5814,2188.3374,977.75256,2213.3096,1064.6335,2219.5442,1156.1375,2210.9902,1237.4358,2182.765,1303.8279,2142.7422,1351.258,2105.7234,1386.2827,2072.6514
81,81,1350,741.508,2068.4365,777.81726,2052.3872,826.1766,2034.5968,890.18585,2013.3501,979.01166,1993.1318,1066.0442,2013.2346,1154.7466,1994.0966,1243.9547,2016.4977,1307.9238,2038.4104,1353.0463,2057.0347,1386.6223,2071.548,1360.1891,2074.9773,1309.4534,2080.9521,1265.2285,2084.14,1208.3599,2087.3025,1141.764,2092.0957,1065.3197,2095.486,993.06586,2090.7495,926.8461,2085.2715,866.8192,2082.9836,820.00354,2078.9167,769.92413,2072.528,1360.1891,2074.9773,1310.6592,2079.3677,1266.2784,2082.3296,1208.8038,2085.9182,1139.709,2092.8079,1063.5625,2096.457,990.9008,2091.9255,924.4248,2088.9404,864.49493,2084.7441,819.9772,2080.121,769.92413,2072.528,741.508,2068.4365,778.31744,2107.5603,826.8825,2145.7495,895.8649,2187.351,977.4242,2212.2803,1064.5938,2218.4915,1156.073,2209.9546,1237.3796,2181.7397,1303.8701,2141.734,1351.4447,2104.686,1386.6223,2071.548
82,82,1366,741.4416,2067.5955,777.69965,2051.5703,826.0439,2033.8317,890.1006,2012.6237,979.01465,1992.4899,1066.1029,2012.6738,1154.8931,1993.6508,1244.1508,2016.1508,1308.1605,2038.0703,1353.372,2056.6667,1387.0249,2071.1619,1360.5828,2074.565,1309.7875,2080.5486,1265.4987,2083.7092,1208.5754,2086.8096,1141.8939,2091.5156,1065.3514,2094.8196,993.0263,2090.0093,926.66907,2084.477,866.6438,2082.1646,819.8773,2078.0793,769.85815,2071.6758,1360.5828,2074.565,1310.9515,2078.8916,1266.5337,2081.8462,1209.003,2085.448,1139.831,2092.3276,1063.5907,2095.9395,990.84045,2091.3232,924.23444,2088.2273,864.32025,2083.925,819.84717,2079.2566,769.85815,2071.6758,741.4416,2067.5955,778.167,2106.738,826.67365,2144.9722,895.6448,2186.6846,977.3559,2211.7188,1064.5978,2217.9983,1156.1213,2209.4976,1237.4934,2181.2576,1304.0696,2141.2466,1351.7443,2104.2551,1387.0249,2071.1619
83,83,1383,741.0664,2067.4314,777.37885,2051.3538,825.7918,2033.5751,889.9587,2012.3291,979.01447,1992.114,1066.1338,2012.2948,1154.983,1993.2979,1244.3088,2015.8335,1308.4211,2037.7284,1353.7815,2056.3335,1387.6271,2070.837,1361.1768,2074.2751,1310.2432,2080.2737,1265.8245,2083.4216,1208.7933,2086.5056,1142.0052,2091.1917,1065.3715,2094.4678,992.9536,2089.654,926.4103,2084.1448,866.3302,2081.85,819.517,2077.8079,769.476,2071.4744,1361.1768,2074.2751,1311.3947,2078.693,1266.8492,2081.6592,1209.214,2085.2383,1139.9479,2092.0964,1063.6156,2095.7024,990.75775,2091.1216,923.9843,2088.0608,864.0089,2083.7869,819.4908,2079.0994,769.476,2071.4744,741.0664,2067.4314,777.75305,2106.5862,826.29016,2144.824,895.3391,2186.425,977.26385,2211.3281,1064.6096,2217.523,1156.2009,2208.998,1237.6587,2180.8035,1304.347,2140.907,1352.1841,2103.9456,1387.6271,2070.837
84,84,1400,741.4814,2068.0151,777.5918,2051.6577,825.8665,2033.605,889.96655,2012.1196,979.09766,1991.7659,1066.343,2011.92,1155.3021,1992.9515,1244.7095,2015.598,1308.85,2037.6445,1354.2179,2056.4236,1387.9772,2071.1162,1361.4963,2074.4558,1310.6132,2080.323,1266.1995,2083.34,1209.1652,2086.293,1142.316,2090.8938,1065.5529,2094.1487,992.9753,2089.3718,926.4434,2083.9756,866.47797,2081.867,819.8024,2078.0237,769.8869,2071.9128,1361.4963,2074.4558,1311.7526,2078.695,1267.2211,2081.5508,1209.579,2085.052,1140.2544,2091.8835,1063.7943,2095.4993,990.77136,2090.9795,924.0226,2088.003,864.168,2083.841,819.7729,2079.3035,769.8869,2071.9128,741.4814,2068.0151,778.0347,2107.018,826.4373,2145.1018,895.3736,2186.596,977.2829,2211.411,1064.7614,2217.553,1156.4513,2208.9883,1237.971,2180.7969,1304.7042,2140.961,1352.557,2104.1226,1387.9772,2071.1162
85,85,1416,741.68506,2068.2097,777.7037,2051.7922,825.9112,2033.6753,889.9719,2012.116,979.15857,1991.714,1066.5167,2011.8656,1155.5619,1992.9524,1245.0142,2015.6715,1309.2223,2037.7904,1354.6842,2056.6477,1388.4888,2071.4248,1361.9572,2074.7004,1311.0459,2080.4622,1266.5675,2083.3716,1209.4867,2086.2195,1142.5684,2090.7302,1065.6976,2093.9392,992.98413,2089.1482,926.4563,2083.8047,866.55707,2081.8018,819.9531,2078.0632,770.106,2072.0454,1361.9572,2074.7004,1312.1901,2078.8396,1267.6396,2081.6418,1209.9437,2085.092,1140.5396,2091.8657,1063.9567,2095.442,990.7777,2090.9163,924.04004,2087.9546,864.25336,2083.8232,819.9243,2079.3315,770.106,2072.0454,741.68506,2068.2097,778.1591,2107.1455,826.49744,2145.152,895.38007,2186.6035,977.2884,2211.3994,1064.8787,2217.5552,1156.6721,2209.0369,1238.3011,2180.9336,1305.1571,2141.1692,1353.0714,2104.392,1388.4888,2071.4248
86,86,1433,741.89453,2068.62,777.82904,2052.144,825.96356,2033.9272,889.9785,2012.2568,979.2278,1991.752,1066.65,2011.8821,1155.7363,1992.9888,1245.1854,2015.79,1309.3672,2037.9808,1354.8016,2056.8853,1388.5592,2071.6775,1362.0411,2074.9333,1311.1672,2080.667,1266.6993,2083.5469,1209.6371,2086.3567,1142.7122,2090.8376,1065.795,2094.0374,992.99023,2089.2585,926.4697,2083.968,866.63135,2082.0398,820.08716,2078.3684,770.3071,2072.4087,1362.0411,2074.9333,1312.3112,2079.03,1267.7833,2081.8005,1210.0992,2085.2144,1140.6959,2091.9592,1064.0634,2095.5312,990.7817,2091.0334,924.0576,2088.1262,864.33344,2084.0518,820.065,2079.6172,770.3071,2072.4087,741.89453,2068.62,778.312,2107.454,826.58136,2145.356,895.3962,2186.7324,977.2924,2211.4905,1064.9484,2217.6436,1156.7662,2209.1206,1238.3895,2181.0505,1305.2378,2141.3386,1353.1516,2104.6116,1388.5592,2071.6775
87,87,1450,742.1349,2069.0022,777.96826,2052.4092,826.01843,2034.0477,889.98376,2012.2332,979.3084,1991.6189,1066.7908,2011.7439,1155.9236,1992.8567,1245.4044,2015.7681,1309.5432,2038.09,1354.9011,2057.1345,1388.5481,2072.049,1362.0227,2075.2468,1311.205,2080.89,1266.794,2083.6897,1209.7814,2086.424,1142.8693,2090.8594,1065.9137,2094.046,993.01733,2089.2861,926.49384,2084.0488,866.72986,2082.2056,820.26276,2078.615,770.54236,2072.7375,1362.0227,2075.2468,1312.3615,2079.223,1267.8718,2081.9111,1210.2257,2085.251,1140.8369,2091.952,1064.1759,2095.512,990.80145,2091.05,924.08685,2088.2046,864.4387,2084.2063,820.2354,2079.843,770.54236,2072.7375,742.1349,2069.0022,778.4926,2107.7583,826.6878,2145.5789,895.42285,2186.8733,977.3161,2211.5698,1065.0359,2217.6973,1156.8652,2209.1792,1238.4738,2181.1533,1305.2954,2141.5203,1353.1798,2104.8894,1388.5481,2072.049
88,88,1466,742.2329,2069.1892,778.03503,2052.5835,826.0478,2034.1898,889.98846,2012.3337,979.3606,1991.6538,1066.8998,2011.7688,1156.0753,1992.8789,1245.6034,2015.8372,1309.7573,2038.1859,1355.1285,2057.2651,1388.8029,2072.1897,1362.264,2075.3977,1311.4108,2081.0547,1266.9957,2083.838,1209.9757,2086.5525,1143.037,2090.974,1066.0149,2094.1626,993.02924,2089.4163,926.5096,2084.2063,866.7908,2082.3855,820.36017,2078.8042,770.6478,2072.923,1362.264,2075.3977,1312.5582,2079.378,1268.0464,2082.056,1210.3873,2085.3765,1140.9738,2092.0696,1064.2612,2095.631,990.80634,2091.1934,924.10345,2088.3728,864.5004,2084.3953,820.32935,2080.0342,770.6478,2072.923,742.2329,2069.1892,778.5698,2107.9944,826.73627,2145.8506,895.4339,2187.1428,977.3211,2211.8096,1065.1127,2217.9092,1156.9939,2209.3733,1238.6298,2181.336,1305.4669,2141.7012,1353.3839,2105.054,1388.8029,2072.1897
89,89,1483,742.4362,2068.9153,778.1292,2052.3855,826.1291,2034.0559,890.17975,2012.238,979.7396,1991.5853,1067.3848,2011.7196,1156.6385,1992.7928,1246.1208,2015.6912,1310.2047,2038.0238,1355.4937,2057.0955,1389.0618,2072.017,1362.5255,2075.2192,1311.7454,2080.8777,1267.3904,2083.6687,1210.42,2086.4043,1143.4965,2090.8591,1066.4325,2094.0693,993.2594,2089.3147,926.6117,2084.0781,866.82874,2082.2356,820.4942,2078.6245,770.8419,2072.685,1362.5255,2075.2192,1312.9231,2079.1548,1268.4792,2081.8562,1210.854,2085.223,1141.435,2091.938,1064.6549,2095.4998,990.985,2091.0562,924.1652,2088.1992,864.56396,2084.1619,820.4644,2079.7725,770.8419,2072.685,742.4362,2068.9153,778.71515,2107.7698,826.81433,2145.7249,895.45984,2187.1243,977.4614,2211.8213,1065.4563,2217.91,1157.4536,2209.3665,1239.1558,2181.2927,1305.9698,2141.5764,1353.7852,2104.8792,1389.0618,2072.017
90,90,1500,742.605,2068.9768,778.1811,2052.4355,826.22815,2034.0889,890.3226,2012.2192,979.9903,1991.4865,1067.6486,2011.5697,1156.8666,1992.626,1246.2582,2015.5117,1310.2645,2037.7834,1355.497,2056.7393,1389.0436,2071.5276,1362.5349,2074.781,1311.7817,2080.5493,1267.4825,2083.43,1210.5775,2086.2341,1143.7167,2090.7312,1066.6763,2093.9734,993.414,2089.267,926.7059,2084.0767,866.85254,2082.263,820.5899,2078.6572,771.0004,2072.729,1362.5349,2074.781,1312.9606,2078.815,1268.5651,2081.6038,1210.9998,2085.0574,1141.6366,2091.8298,1064.8757,2095.4285,991.1047,2091.0269,924.2345,2088.2026,864.5958,2084.174,820.55884,2079.791,771.0004,2072.729,742.605,2068.9768,778.8198,2107.808,826.8404,2145.7368,895.5389,2187.1208,977.5944,2211.7964,1065.6635,2217.8682,1157.633,2209.2668,1239.282,2181.1196,1306.0378,2141.3008,1353.8054,2104.499,1389.0436,2071.5276
91,91,1516,742.64844,2068.4338,778.35443,2052.018,826.5382,2033.8042,890.70795,2012.0518,980.50397,1991.4174,1068.2024,2011.537,1157.4021,1992.615,1246.7292,2015.4775,1310.7417,2037.7135,1356.0216,2056.6338,1389.6305,2071.4004,1363.1489,2074.6477,1312.381,2080.3894,1268.0321,2083.2522,1211.1013,2086.0332,1144.236,2090.501,1067.1874,2093.7139,993.7686,2088.947,926.9506,2083.7014,867.0212,2081.8506,820.66376,2078.2185,771.03284,2072.2322,1363.1489,2074.6477,1313.5687,2078.686,1269.175,2081.4844,1211.5848,2084.9363,1142.1919,2091.6794,1065.4094,2095.2322,991.44183,2090.779,924.46606,2087.8877,864.74084,2083.7834,820.6291,2079.341,771.03284,2072.2322,742.64844,2068.4338,778.8726,2107.3193,826.9656,2145.334,895.7459,2186.8271,977.90656,2211.5806,1066.135,2217.6953,1158.1686,2209.163,1239.9004,2181.0583,1306.711,2141.2346,1354.4578,2104.3972,1389.6305,2071.4004
92,92,1533,742.7874,2068.2983,778.3778,2051.903,826.67267,2033.7075,890.8913,2011.9467,980.8062,1991.2621,1068.5333,2011.3545,1157.7639,1992.4109,1247.1064,2015.2764,1311.131,2037.4692,1356.4236,2056.308,1390.0608,2070.9768,1363.5812,2074.2793,1312.8008,2080.1184,1268.4556,2083.066,1211.511,2085.9136,1144.6289,2090.4204,1067.5338,2093.653,994.01434,2088.9197,927.111,2083.6865,867.0934,2081.8186,820.7306,2078.1426,771.16223,2072.1145,1363.5812,2074.2793,1313.9818,2078.3828,1269.5762,2081.2324,1211.9686,2084.74,1142.561,2091.528,1065.7362,2095.1106,991.64557,2090.686,924.5941,2087.8088,864.77875,2083.6956,820.6995,2079.2363,771.16223,2072.1145,742.7874,2068.2983,778.94086,2107.1858,827.04425,2145.19,895.9361,2186.6692,978.1764,2211.3955,1066.4891,2217.493,1158.5275,2208.9082,1240.2346,2180.7458,1307.0391,2140.8708,1354.8221,2104.009,1390.0608,2070.9768
93,93,1550,742.9135,2068.3125,778.42365,2051.8704,826.7778,2033.629,891.0973,2011.8228,981.22656,1991.1101,1069.0593,2011.2415,1158.3735,1992.2921,1247.8499,2015.2029,1311.95,2037.4681,1357.274,2056.3938,1390.8938,2071.1558,1364.382,2074.4248,1313.5267,2080.2168,1269.1306,2083.131,1212.1167,2085.9507,1145.1694,2090.437,1068.0184,2093.6526,994.3389,2088.9116,927.3074,2083.6758,867.1784,2081.8108,820.78986,2078.137,771.2809,2072.1177,1364.382,2074.4248,1314.74,2078.4639,1270.2592,2081.2773,1212.5724,2084.7515,1143.0782,2091.5156,1066.1959,2095.084,991.92847,2090.654,924.7628,2087.7756,864.83923,2083.6682,820.7641,2079.2126,771.2809,2072.1177,742.9135,2068.3125,779.0244,2107.1963,827.08185,2145.1982,896.0855,2186.6687,978.44604,2211.388,1066.9194,2217.48,1159.0277,2208.9211,1240.8394,2180.7913,1307.7522,2140.9624,1355.6206,2104.143,1390.8938,2071.1558
94,94,1566,743.0163,2067.8083,778.4535,2051.502,826.93225,2033.3956,891.3117,2011.6855,981.54376,1991.0319,1069.4116,2011.2046,1158.7625,1992.2736,1248.1846,2015.2015,1312.2369,2037.4666,1357.5371,2056.3762,1391.1575,2071.1123,1364.6588,2074.384,1313.7854,2080.192,1269.4017,2083.1091,1212.4124,2085.9312,1145.4843,2090.405,1068.3186,2093.5977,994.5568,2088.8188,927.4491,2083.5273,867.242,2081.5828,820.8445,2077.8145,771.3803,2071.6785,1364.6588,2074.384,1314.99,2078.414,1270.5205,2081.2354,1212.8535,2084.7244,1143.3767,2091.491,1066.4818,2095.0408,992.11975,2090.57,924.88794,2087.623,864.88916,2083.4177,820.81506,2078.8723,771.3803,2071.6785,743.0163,2067.8083,779.0882,2106.8013,827.12225,2144.9119,896.19867,2186.495,978.61444,2211.2874,1067.1565,2217.4312,1159.2727,2208.8826,1241.0737,2180.7476,1307.9839,2140.9114,1355.8639,2104.0955,1391.1575,2071.1123
95,95,1583,743.0737,2067.3801,778.54956,2051.2046,827.126,2033.196,891.5981,2011.5844,981.97546,1990.9724,1069.9177,2011.1744,1159.2858,1992.2388,1248.7571,2015.1448,1312.9081,2037.3949,1358.2993,2056.3242,1392.04,2071.0686,1365.4731,2074.364,1314.4467,2080.2073,1269.9912,2083.124,1212.9602,2085.9397,1146.0026,2090.4001,1068.8005,2093.5764,994.86835,2088.764,927.66907,2083.4412,867.40826,2081.438,820.9092,2077.59,771.42456,2071.308,1365.4731,2074.364,1315.6602,2078.4326,1271.1178,2081.2695,1213.4236,2084.7656,1143.9233,2091.522,1067.0107,2095.0457,992.4507,2090.5342,925.1318,2087.5232,865.0617,2083.2344,820.8993,2078.605,771.42456,2071.308,743.0737,2067.3801,779.11346,2106.4937,827.2253,2144.746,896.371,2186.4114,978.8956,2211.263,1067.6832,2217.44,1159.9099,2208.925,1241.8203,2180.8184,1308.7972,2140.9932,1356.7296,2104.1223,1392.04,2071.0686
96,96,1600,743.34625,2066.989,779.0392,2050.839,827.7785,2032.8722,892.32513,2011.3066,982.8458,1990.773,1070.8362,2010.9954,1160.2313,1992.0863,1249.5583,2015.0084,1313.5413,2037.2877,1358.7936,2056.229,1392.4004,2070.99,1365.8276,2074.2734,1314.8989,2080.0957,1270.5233,2082.9924,1213.6023,2085.7727,1146.7584,2090.193,1069.6312,2093.3347,995.6234,2088.513,928.3371,2083.1736,867.9938,2081.1482,821.3282,2077.2617,771.75256,2070.9312,1365.8276,2074.2734,1316.1118,2078.3118,1271.6616,2081.1387,1214.0569,2084.6333,1144.6543,2091.368,1067.8002,2094.8455,993.14264,2090.3013,925.7451,2087.239,865.60144,2082.8867,821.32587,2078.2388,771.75256,2070.9312,743.34625,2066.989,779.51556,2106.1355,827.7593,2144.4197,896.98035,2186.1672,979.5626,2211.0881,1068.4071,2217.3237,1160.5923,2208.83,1242.4424,2180.7437,1309.3362,2140.9146,1357.1681,2104.0488,1392.4004,2070.99
97,97,1616,743.95825,2066.1902,779.8623,2050.16,828.64484,2032.3276,893.2256,2010.8865,983.8502,1990.4674,1071.8398,2010.7627,1161.1798,1991.8824,1250.3837,2014.7843,1314.2665,2037.0204,1359.4531,2055.904,1393.0472,2070.608,1366.5334,2073.9302,1315.597,2079.7964,1271.2445,2082.7375,1214.3716,2085.5461,1147.6019,2089.965,1070.5564,2093.0698,996.4601,2088.178,929.1038,2082.7424,868.7418,2080.6108,822.007,2076.6262,772.3201,2070.2046,1366.5334,2073.9302,1316.8455,2078.0242,1272.4365,2080.9,1214.8867,2084.4233,1145.5205,2091.1653,1068.7168,2094.6228,993.93475,2090.0212,926.48126,2086.8687,866.31494,2082.4138,821.97644,2077.65,772.3201,2070.2046,743.95825,2066.1902,780.16296,2105.4858,828.4315,2143.9478,897.6381,2185.871,980.28394,2210.9028,1069.2758,2217.1812,1161.4651,2208.717,1243.326,2180.618,1310.155,2140.7214,1357.8967,2103.7524,1393.0472,2070.608
98,98,1633,744.3752,2065.436,780.5028,2049.4192,829.43304,2031.6124,894.1277,2010.1946,984.9424,1989.815,1072.9122,2010.174,1162.1909,1991.3315,1251.2186,2014.2789,1314.9233,2036.5526,1359.9603,2055.4478,1393.439,2070.146,1366.9427,2073.468,1316.0623,2079.3218,1271.8,2082.2412,1215.0457,2085.006,1148.4034,2089.3687,1071.4651,2092.422,997.3167,2087.4941,929.88324,2082.0417,869.4447,2079.897,822.56995,2075.9033,772.76404,2069.47,1366.9427,2073.468,1317.3223,2077.55,1273.0178,2080.4153,1215.5847,2083.93,1146.3289,2090.651,1069.6218,2094.0703,994.767,2089.4248,927.2371,2086.2166,866.99066,2081.7158,822.54175,2076.9382,772.76404,2069.47,744.3752,2065.436,780.67737,2104.8062,829.05615,2143.3333,898.3379,2185.363,981.0476,2210.4788,1070.0793,2216.8042,1162.1875,2208.36,1243.963,2180.2468,1310.7025,2140.313,1358.3513,2103.3208,1393.439,2070.146
99,99,1650,745.5511,2063.995,782.0418,2048.2124,831.036,2030.649,895.6439,2009.4072,986.30066,1989.1234,1074.054,2009.548,1163.1122,1990.7815,1251.811,2013.7628,1315.3313,2036.0076,1360.2653,2054.8333,1393.7054,2069.483,1367.2649,2072.807,1316.4625,2078.639,1272.278,2081.5486,1215.6461,2084.2976,1149.1907,2088.6077,1072.4939,2091.5789,998.43646,2086.5784,931.079,2081.052,870.6975,2078.808,823.79016,2074.6975,773.9141,2068.1152,1367.2649,2072.807,1317.7317,2076.891,1273.5438,2079.7769,1216.2603,2083.317,1147.191,2090.0017,1070.7128,2093.3108,995.88696,2088.4897,928.4325,2085.0796,868.25543,2080.4194,823.77563,2075.5996,773.9141,2068.1152,745.5511,2063.995,782.03174,2103.296,830.43787,2141.786,899.5406,2184.0327,982.092,2209.4736,1071.0392,2216.0374,1162.9539,2207.691,1244.57,2179.6033,1311.1577,2139.6357,1358.6904,2102.6465,1393.7054,2069.483
100,100,1666,746.8141,2063.0886,783.4143,2047.31,832.3316,2029.7615,896.85254,2008.5228,987.47705,1988.2164,1075.0269,2008.6567,1163.8473,1989.9766,1252.2935,2013.0594,1315.6172,2035.386,1360.3884,2054.2625,1393.7333,2068.9607,1367.3303,2072.2732,1316.6003,2078.0356,1272.5363,2080.8916,1216.076,2083.565,1149.8225,2087.7937,1073.3732,2090.6953,999.406,2085.6663,932.1479,2080.152,871.88544,2077.9167,825.036,2073.807,775.13354,2067.2275,1367.3303,2072.2732,1317.8905,2076.3225,1273.8226,2079.1729,1216.7172,2082.6597,1147.8578,2089.2727,1071.6262,2092.5078,996.8647,2087.6099,929.5107,2084.1558,869.444,2079.5034,824.98926,2074.7063,775.13354,2067.2275,746.8141,2063.0886,783.3497,2102.2935,831.73553,2140.695,900.6805,2182.942,983.059,2208.4946,1071.8954,2215.1746,1163.5559,2206.9324,1244.9685,2178.929,1311.3931,2139.0134,1358.7968,2102.0742,1393.7333,2068.9607
101,101,1683,747.06604,2062.4583,783.7579,2046.6064,832.71533,2028.9761,897.255,2007.6345,987.96765,1987.189,1075.5083,2007.634,1164.295,1988.957,1252.7616,2012.154,1316.0806,2034.5665,1360.8503,2053.503,1394.2063,2068.2507,1367.7976,2071.575,1317.0084,2077.3342,1272.9349,2080.188,1216.4857,2082.846,1150.2612,2087.0515,1073.853,2089.9353,999.8597,2084.9185,932.58984,2079.4385,872.3103,2077.2312,825.3982,2073.139,775.40466,2066.584,1367.7976,2071.575,1318.3177,2075.6392,1274.2462,2078.4883,1217.1472,2081.9612,1148.3167,2088.5598,1072.1293,2091.7812,997.3365,2086.8962,929.9773,2083.4653,869.8804,2078.8457,825.364,2074.0627,775.40466,2066.584,747.06604,2062.4583,783.6676,2101.7063,832.1331,2140.1401,901.1259,2182.3872,983.5301,2207.937,1072.4235,2214.6245,1164.0427,2206.3848,1245.4387,2178.3848,1311.8733,2138.4424,1359.2778,2101.4392,1394.2063,2068.2507
102,102,1700,747.0789,2061.988,783.79315,2046.0482,832.75006,2028.3206,897.2809,2006.8506,988.02606,1986.2455,1075.5685,2006.6578,1164.3391,1988.0247,1252.8383,2011.3662,1316.173,2033.9209,1360.9429,2052.9722,1394.28,2067.8179,1367.8713,2071.1216,1317.068,2076.8186,1272.9833,2079.6174,1216.5297,2082.2195,1150.3103,2086.3772,1073.9261,2089.2227,999.9227,2084.2214,932.6498,2078.787,872.3696,2076.6328,825.43896,2072.5852,775.4213,2066.0923,1367.8713,2071.1216,1318.3867,2075.143,1274.301,2077.9492,1217.1919,2081.3672,1148.3655,2087.9167,1072.1956,2091.1116,997.3918,2086.2256,930.0347,2082.8313,869.9324,2078.2722,825.39886,2073.5322,775.4213,2066.0923,747.0789,2061.988,783.706,2101.1777,832.19916,2139.5283,901.1994,2181.7043,983.6021,2207.24,1072.5022,2213.9558,1164.0876,2205.751,1245.4714,2177.815,1311.9175,2137.9312,1359.3414,2100.9734,1394.28,2067.8179
103,103,1716,747.08606,2061.1982,783.79706,2045.2153,832.7483,2027.4526,897.26794,2005.9037,988.0274,1985.2052,1075.5688,2005.6558,1164.3373,1987.0342,1252.838,2010.5088,1316.1464,2033.2141,1360.891,2052.3782,1394.2094,2067.343,1367.8007,2070.634,1317.0077,2076.2766,1272.934,2079.0645,1216.4946,2081.677,1150.2919,2085.8308,1073.9281,2088.6426,999.92914,2083.638,932.6557,2078.172,872.3727,2075.9702,825.4508,2071.8694,775.4341,2065.3406,1367.8007,2070.634,1318.3263,2074.6228,1274.249,2077.3967,1217.1528,2080.776,1148.3462,2087.2751,1072.1967,2090.4268,997.39545,2085.4993,930.0394,2082.0928,869.93665,2077.5386,825.409,2072.811,775.4341,2065.3406,747.08606,2061.1982,783.7148,2100.397,832.2022,2138.7502,901.20544,2180.9888,983.6068,2206.608,1072.5038,2213.4,1164.0707,2205.2222,1245.4363,2177.304,1311.869,2137.4192,1359.2814,2100.4785,1394.2094,2067.343
104,104,1733,747.0256,2060.4158,783.76184,2044.387,832.73206,2026.5875,897.2554,2005.0221,988.0038,1984.3809,1075.5344,2004.8451,1164.2931,1986.2441,1252.792,2009.7384,1316.1031,2032.4906,1360.8511,2051.6877,1394.1849,2066.697,1367.7686,2069.958,1316.9882,2075.5706,1272.9093,2078.3071,1216.4622,2080.8604,1150.2615,2084.965,1073.9092,2087.7744,999.92194,2082.7695,932.64294,2077.3176,872.35675,2075.1533,825.423,2071.0818,775.4112,2064.5415,1367.7686,2069.958,1318.3081,2073.8374,1274.2185,2076.584,1217.1171,2079.9814,1148.3138,2086.4854,1072.1781,2089.6257,997.38806,2084.6729,930.0197,2081.229,869.9171,2076.6257,825.3857,2071.9229,775.4112,2064.5415,747.0256,2060.4158,783.6624,2099.585,832.1572,2137.894,901.1681,2180.1604,983.5843,2205.8584,1072.4943,2212.7217,1164.0492,2204.5024,1245.4039,2176.5366,1311.8325,2136.6445,1359.247,2099.776,1394.1849,2066.697
105,105,1750,746.38934,2059.7869,783.19086,2043.6475,832.24493,2025.7384,896.8428,2004.0768,987.70044,1983.3989,1075.2701,2003.8728,1164.07,1985.3085,1252.5503,2008.8872,1315.8483,2031.7639,1360.5953,2051.0962,1393.8921,2066.2488,1367.3995,2069.456,1316.6042,2074.9846,1272.5154,2077.619,1216.0969,2080.066,1149.9248,2084.0776,1073.5889,2086.8435,999.57465,2081.8516,932.2722,2076.4492,871.9605,2074.358,824.95,2070.3506,774.89557,2063.8623,1367.3995,2069.456,1317.9266,2073.2139,1273.8467,2075.8767,1216.7714,2079.2075,1148.0084,2085.6562,1071.8749,2088.755,997.042,2083.7825,929.6365,2080.349,869.5112,2075.7778,824.9227,2071.1428,774.89557,2063.8623,746.38934,2059.7869,783.02344,2098.934,831.5633,2137.2134,900.6428,2179.4626,983.1461,2205.1738,1072.1439,2212.0842,1163.7491,2203.8767,1245.1311,2175.9534,1311.5835,2136.1086,1358.9946,2099.2856,1393.8921,2066.2488
106,106,1766,745.8077,2059.311,782.6086,2043.1547,831.59753,2025.225,896.1556,2003.5494,987.00555,1982.8591,1074.5503,2003.323,1163.3159,1984.7234,1251.7941,2008.2717,1315.0924,2031.138,1359.8428,2050.4636,1393.1625,2065.6191,1366.6711,2068.837,1315.8699,2074.3657,1271.7821,2077.007,1215.3628,2079.465,1149.2013,2083.4963,1072.8962,2086.279,998.89246,2081.3,931.61346,2075.9155,871.3483,2073.8389,824.3661,2069.8494,774.30597,2063.3835,1366.6711,2068.837,1317.2135,2072.5876,1273.1167,2075.2249,1216.0247,2078.5283,1147.2664,2084.9624,1071.143,2088.0686,996.31274,2083.1218,928.94196,2079.7417,868.8705,2075.2354,824.30786,2070.6401,774.30597,2063.3835,745.8077,2059.311,782.445,2098.3977,830.94806,2136.6365,899.95044,2178.831,982.4091,2204.4995,1071.4135,2211.3723,1163.0198,2203.1653,1244.4034,2175.2546,1310.8552,2135.4294,1358.2648,2098.6208,1393.1625,2065.6191
107,107,1783,744.32135,2058.9636,781.0727,2042.6873,830.05383,2024.629,894.5976,2002.8468,985.51013,1982.117,1073.075,2002.5743,1161.9071,1983.9912,1250.4551,2007.6191,1313.7954,2030.5769,1358.5634,2049.9883,1391.8271,2065.2144,1365.284,2068.396,1314.5214,2073.8723,1270.413,2076.4426,1213.9794,2078.8223,1147.7843,2082.805,1071.4459,2085.5737,997.4617,2080.6196,930.18964,2075.2847,869.9582,2073.2815,822.9267,2069.3718,772.87506,2062.9888,1365.284,2068.396,1315.8707,2072.0774,1271.764,2074.6626,1214.6323,2077.913,1145.8442,2084.297,1069.6663,2087.3765,994.84406,2082.4636,927.4807,2079.1501,867.4316,2074.7065,822.8613,2070.1682,772.87506,2062.9888,744.32135,2058.9636,780.94885,2097.9875,829.46857,2136.1365,898.47186,2178.2036,980.9187,2203.7683,1069.9026,2210.6133,1161.545,2202.4304,1242.9701,2174.6062,1309.486,2134.8877,1356.9337,2098.16,1391.8271,2065.2144
108,108,1800,743.0708,2058.6147,779.6418,2042.1998,828.4365,2023.9929,892.8561,2002.0742,983.7774,1981.2838,1071.362,2001.7728,1160.2764,1983.2292,1249.0734,2006.9817,1312.5643,2030.0514,1357.4382,2049.555,1390.7386,2064.8694,1364.1407,2068.0283,1313.2632,2073.4546,1269.045,2075.9954,1212.4813,2078.3433,1146.1663,2082.2947,1069.801,2085.0151,995.8815,2080.07,928.7079,2074.7524,868.6076,2072.7795,821.6774,2068.9167,771.65344,2062.6057,1364.1407,2068.0283,1314.6406,2071.6582,1270.4187,2074.1904,1213.1449,2077.3782,1144.2524,2083.7087,1068.0449,2086.7605,993.2821,2081.8542,926.01184,2078.5862,866.08246,2074.2065,821.5878,2069.7246,771.65344,2062.6057,743.0708,2058.6147,779.6255,2097.5767,828.0397,2135.6636,896.90436,2177.6926,979.27435,2203.2512,1068.2396,2210.1062,1159.9473,2201.9668,1241.5071,2174.1863,1308.1979,2134.4958,1355.7771,2097.7927,1390.7386,2064.8694
109,109,1816,741.6631,2058.4324,778.001,2041.8779,826.6165,2023.5121,890.88495,2001.4717,981.7501,1980.6492,1069.3345,2001.1265,1158.3793,1982.621,1247.5062,2006.4448,1311.2733,2029.5854,1356.3856,2049.1606,1389.7988,2064.5498,1363.1051,2067.687,1312.0918,2073.0332,1267.6759,2075.5037,1210.9221,2077.771,1144.4038,2081.6697,1067.8835,2084.3667,994.06244,2079.4487,927.01544,2074.193,867.07556,2072.3193,820.2397,2068.5698,770.3142,2062.3792,1363.1051,2067.687,1313.4647,2071.2407,1269.072,2073.6975,1211.5878,2076.7993,1142.527,2083.0847,1066.1671,2086.148,991.4742,2081.3115,924.30725,2078.1387,864.51245,2073.8496,820.12537,2069.4277,770.3142,2062.3792,741.6631,2058.4324,778.0297,2097.344,826.2908,2135.3796,895.04913,2177.313,977.39435,2202.7488,1066.3713,2209.5435,1158.2762,2201.3845,1240.0143,2173.6553,1306.9412,2134.0476,1354.7231,2097.4136,1389.7988,2064.5498
110,110,1833,740.3259,2058.1067,776.5847,2041.4719,825.12305,2023.0507,889.2902,2001.0068,980.0951,1980.2485,1067.6978,2000.7202,1156.802,1982.2151,1246.0685,2005.9868,1309.9781,2029.0908,1355.2316,2048.6497,1388.7439,2064.0571,1361.9802,2067.197,1310.9076,2072.5159,1266.4067,2074.9736,1209.5836,2077.2307,1142.9772,2081.1438,1066.372,2083.8647,992.59674,2078.9502,925.5985,2073.6936,865.7369,2071.848,818.9307,2068.1538,769.0095,2062.0295,1361.9802,2067.197,1312.2902,2070.722,1267.8389,2073.1643,1210.2795,2076.2544,1141.1508,2082.5483,1064.7007,2085.6404,990.0421,2080.8447,922.89264,2077.71,863.1421,2073.4534,818.78827,2069.0452,769.0095,2062.0295,740.3259,2058.1067,776.5677,2097.0369,824.78876,2135.1038,893.57135,2177.0164,975.97974,2202.3704,1064.9866,2209.105,1157.0111,2200.9036,1238.8251,2173.1602,1305.8286,2133.5479,1353.6707,2096.9053,1388.7439,2064.0571
111,111,1850,739.1667,2057.995,775.3498,2041.2806,823.807,2022.7745,887.9288,2000.66,978.7532,1979.8519,1066.3265,2000.2852,1155.3956,1981.7759,1244.72,2005.554,1308.6654,2028.6974,1353.9164,2048.3257,1387.3624,2063.8066,1360.5685,2066.931,1309.5273,2072.191,1265.0333,2074.596,1208.2366,2076.8037,1141.6375,2080.6948,1065.0519,2083.4268,991.31805,2078.5393,924.35785,2073.334,864.5652,2071.5588,817.7925,2067.9343,767.86285,2061.8872,1360.5685,2066.931,1310.926,2070.4163,1266.4808,2072.8237,1208.9296,2075.8638,1139.8073,2082.122,1063.3774,2085.2156,988.7596,2080.4673,921.64374,2077.4019,861.9381,2073.2197,817.61945,2068.8516,767.86285,2061.8872,739.1667,2057.995,775.3258,2096.9014,823.5077,2134.945,892.2791,2176.7795,974.68256,2202.029,1063.6733,2208.7012,1155.6783,2200.4924,1237.4799,2172.7913,1304.5,2133.236,1352.3419,2096.6235,1387.3624,2063.8066
112,112,1866,738.04083,2057.8928,774.05865,2041.1146,822.3698,2022.5344,886.419,2000.36,977.24896,1979.5004,1064.7871,1999.8889,1153.8099,1981.3943,1243.2756,2005.187,1307.3542,2028.3749,1352.684,2048.0728,1386.1427,2063.6062,1359.346,2066.7212,1308.2603,2071.961,1263.6921,2074.3325,1206.838,2076.5044,1140.1962,2080.3733,1063.6147,2083.1023,989.89764,2078.227,923.008,2073.0596,863.34204,2071.327,816.6496,2067.7524,766.71545,2061.7588,1359.346,2066.7212,1309.6409,2070.2158,1265.1138,2072.6138,1207.477,2075.6174,1138.2864,2081.8477,1061.8619,2084.9456,987.28204,2080.238,920.2506,2077.2273,860.6542,2073.0918,816.4242,2068.7258,766.71545,2061.7588,738.04083,2057.8928,774.0198,2096.8225,822.0642,2134.895,890.7385,2176.7007,973.14197,2201.889,1062.1936,2208.508,1154.2417,2200.3022,1236.11,2172.6294,1303.2281,2133.092,1351.1289,2096.4458,1386.1427,2063.6062
113,113,1883,737.27734,2057.9062,773.2854,2041.096,821.58746,2022.4812,885.59296,2000.2812,976.37427,1979.4104,1063.8358,1999.7566,1152.8004,1981.2661,1242.1511,2005.0507,1306.1508,2028.2426,1351.4242,2047.9536,1384.8406,2063.499,1358.0225,2066.613,1307.0134,2071.8398,1262.5128,2074.1826,1205.7699,2076.3174,1139.2092,2080.1675,1062.6647,2082.912,989.007,2078.0679,922.1768,2072.944,862.5761,2071.2542,815.88666,2067.7173,765.9741,2061.7573,1358.0225,2066.613,1308.3938,2070.1028,1263.9572,2072.5027,1206.4119,2075.504,1137.3094,2081.7334,1060.9098,2084.839,986.38745,2080.1646,919.3952,2077.184,859.8458,2073.0674,815.6534,2068.71,765.9741,2061.7573,737.27734,2057.9062,773.17676,2096.842,821.1853,2134.9167,889.85864,2176.6963,972.2441,2201.84,1061.2391,2208.4321,1153.2454,2200.1985,1235.0262,2172.5234,1302.0754,2132.9949,1349.9114,2096.3467,1384.8406,2063.499
114,114,1900,735.91125,2057.9036,771.8821,2041.078,820.16113,2022.4556,884.17474,2000.2524,975.07806,1979.3804,1062.6334,1999.7228,1151.6805,1981.236,1241.1544,2005.0239,1305.2317,2028.2069,1350.5746,2047.909,1384.0665,2063.4443,1357.2625,2066.573,1306.1617,2071.8179,1261.5853,2074.1775,1204.7482,2076.3247,1138.0989,2080.1824,1061.4581,2082.9282,987.7193,2078.09,920.8416,2072.966,861.2299,2071.267,814.5319,2067.72,764.59546,2061.761,1357.2625,2066.573,1307.54,2070.083,1263.013,2072.4927,1205.3561,2075.5017,1136.1509,2081.7405,1059.6523,2084.8562,985.05554,2080.1907,918.0216,2077.2163,858.46265,2073.1003,814.26917,2068.7334,764.59546,2061.761,735.91125,2057.9036,771.7868,2096.8594,819.7963,2134.9456,888.4696,2176.722,970.891,2201.8555,1059.9426,2208.4377,1152.0161,2200.1963,1233.8704,2172.5085,1301.0322,2132.972,1349.0052,2096.31,1384.0665,2063.4443
115,115,1916,735.36975,2057.9504,771.33673,2041.124,819.6244,2022.5024,883.661,2000.3022,974.53125,1979.4316,1062.0178,1999.7654,1150.9508,1981.276,1240.2332,2005.0459,1304.1995,2028.2146,1349.4396,2047.9099,1382.8497,2063.4417,1356.1107,2066.57,1305.1216,2071.8118,1260.6157,2074.1667,1203.8712,2076.3098,1137.3207,2080.1716,1060.7867,2082.9255,987.0498,2078.096,920.1806,2072.9846,860.58057,2071.2954,813.89044,2067.7566,764.00525,2061.8047,1356.1107,2066.57,1306.5037,2070.086,1262.0616,2072.5,1204.5007,2075.5112,1135.3783,2081.7524,1058.9612,2084.8728,984.3593,2080.216,917.3312,2077.2515,857.7879,2073.1423,813.6107,2068.7769,764.00525,2061.8047,735.36975,2057.9504,771.20795,2096.9016,819.1912,2134.9753,887.83624,2176.715,970.21124,2201.8035,1059.2017,2208.3586,1151.1544,2200.123,1232.915,2172.459,1299.982,2132.9514,1347.8676,2096.3027,1382.8497,2063.4417
116,116,1933,734.8913,2057.9963,770.81506,2041.1675,819.04553,2022.5425,883.01666,2000.3391,973.8135,1979.4653,1061.2003,1999.7856,1150.0173,1981.2964,1239.083,2005.0582,1302.848,2028.2234,1347.8682,2047.9177,1381.0922,2063.449,1354.4133,2066.5774,1303.5968,2071.8193,1259.2714,2074.1772,1202.7081,2076.3237,1136.3193,2080.1926,1059.9109,2082.9536,986.2638,2078.129,919.4847,2073.0212,859.9668,2071.3342,813.33325,2067.7976,763.50366,2061.8486,1354.4133,2066.5774,1304.9626,2070.0972,1260.6831,2072.5186,1203.3159,2075.537,1134.3531,2081.7854,1058.0526,2084.9111,983.5357,2080.2566,916.59485,2077.2935,857.1452,2073.1858,813.031,2068.8208,763.50366,2061.8486,734.8913,2057.9963,770.63104,2096.9453,818.5139,2135.0146,887.0488,2176.749,969.33575,2201.8347,1058.2505,2208.3896,1150.1033,2200.1553,1231.7091,2172.489,1298.5664,2132.9736,1346.2649,2096.3162,1381.0922,2063.449
117,117,1950,733.392,2058.0356,769.30304,2041.2085,817.53516,2022.5853,881.50885,2000.383,972.24976,1979.5049,1059.593,1999.8248,1148.4104,1981.3257,1237.4078,2005.0758,1301.1259,2028.2375,1346.071,2047.9447,1379.2141,2063.4858,1352.5261,2066.61,1301.8113,2071.8367,1257.5592,2074.1936,1201.0653,2076.3523,1134.7062,2080.2266,1058.2782,2082.99,984.643,2078.166,917.9017,2073.0586,858.4255,2071.3716,811.791,2067.8352,762.00116,2061.8867,1352.5261,2066.61,1303.1821,2070.1235,1258.9912,2072.5408,1201.6976,2075.5508,1132.7612,2081.7996,1056.4374,2084.9287,981.92773,2080.2742,915.0,2077.3127,855.58093,2073.212,811.4985,2068.854,762.00116,2061.8867,733.392,2058.0356,769.06177,2096.9775,816.903,2135.0342,885.41565,2176.7644,967.70447,2201.8528,1056.6138,2208.4077,1148.4696,2200.1702,1230.0361,2172.4993,1296.8192,2132.9932,1344.4432,2096.3467,1379.2141,2063.4858
118,118,1966,732.2059,2058.0588,768.00165,2041.2385,816.1448,2022.6194,880.0871,2000.4202,970.81384,1979.5409,1058.1554,1999.8589,1146.992,1981.3529,1236.0242,2005.0917,1299.7645,2028.2524,1344.726,2047.9751,1377.8722,2063.5325,1351.1567,2066.653,1300.4142,2071.8723,1256.146,2074.2178,1199.6406,2076.362,1133.2682,2080.247,1056.8116,2083.0159,983.1818,2078.1936,916.5009,2073.0857,857.11694,2071.397,810.57135,2067.8586,760.83606,2061.9092,1351.1567,2066.653,1301.7805,2070.1653,1257.602,2072.5867,1200.3181,2075.596,1131.3525,2081.8406,1054.9948,2084.965,980.4904,2080.308,913.62134,2077.3428,854.3021,2073.233,810.2973,2068.867,760.83606,2061.9092,732.2059,2058.0588,767.7473,2097.0056,815.4557,2135.114,883.86224,2176.8845,966.1481,2201.9946,1055.114,2208.55,1147.0819,2200.3174,1228.735,2172.6184,1295.5321,2133.0857,1343.1274,2096.414,1377.8722,2063.5325
119,119,1983,730.87,2058.0828,766.61505,2041.2504,814.68494,2022.635,878.5234,2000.4355,969.16174,1979.5708,1056.4904,1999.8907,1145.4069,1981.411,1234.4171,2005.1697,1298.0958,2028.3461,1342.9973,2048.076,1376.1215,2063.6375,1349.3718,2066.7537,1298.6794,2071.9636,1254.4808,2074.295,1198.0177,2076.417,1131.658,2080.2854,1055.1716,2083.0444,981.624,2078.217,915.01605,2073.1045,855.70593,2071.4146,809.19653,2067.8782,759.5101,2061.9326,1349.3718,2066.7537,1300.023,2070.2473,1255.899,2072.6672,1198.6665,2075.675,1129.7268,2081.9172,1053.3247,2085.038,978.9011,2080.3784,912.0975,2077.4048,852.85736,2073.278,808.91754,2068.898,759.5101,2061.9326,730.87,2058.0828,766.31775,2097.06,813.9313,2135.2053,882.25977,2177.0022,964.49475,2202.1206,1053.3998,2208.6848,1145.4382,2200.445,1227.105,2172.727,1293.8561,2133.1853,1341.3921,2096.5164,1376.1215,2063.6375
120,120,2000,729.95245,2058.1553,765.7098,2041.3314,813.73785,2022.7268,877.5221,2000.5479,968.0286,1979.7261,1055.2332,2000.0425,1144.0134,1981.5873,1232.8844,2005.3411,1296.5283,2028.5117,1341.4285,2048.2385,1374.6238,2063.7954,1347.9325,2066.911,1297.2507,2072.108,1253.0563,2074.4177,1196.6183,2076.5105,1130.3197,2080.3564,1053.9319,2083.108,980.4528,2078.2769,913.9296,2073.1687,854.6757,2071.481,808.2096,2067.9482,758.55414,2062.0037,1347.9325,2066.911,1298.6005,2070.4043,1254.4905,2072.817,1197.304,2075.8135,1128.4253,2082.0496,1052.1056,2085.1672,977.74225,2080.5012,911.00665,2077.5195,851.8284,2073.3816,807.9177,2068.9888,758.55414,2062.0037,729.95245,2058.1553,765.37585,2097.1445,812.9234,2135.3042,881.16614,2177.0977,963.3162,2202.2104,1052.1564,2208.7737,1144.1157,2200.5398,1225.7041,2172.8257,1292.3717,2133.3052,1339.873,2096.6577,1374.6238,2063.7954
121,121,2016,729.26685,2058.2246,765.04736,2041.3937,813.0575,2022.786,876.7891,2000.615,967.15656,1979.8135,1054.2314,2000.139,1142.8918,1981.7003,1231.6389,2005.4768,1295.2312,2028.6571,1340.1218,2048.3916,1373.3759,2063.961,1346.6766,2067.0696,1296.027,2072.2534,1251.8755,2074.537,1195.4899,2076.5996,1129.269,2080.4226,1052.9574,2083.1665,979.55237,2078.3289,913.1114,2073.2231,853.9173,2071.5403,807.48895,2068.0146,757.87805,2062.0723,1346.6766,2067.0696,1297.3807,2070.5383,1253.3093,2072.928,1196.1864,2075.9001,1127.3909,2082.1204,1051.1559,2085.2302,976.8628,2080.5674,910.1989,2077.59,851.0811,2073.454,807.2049,2069.06,757.87805,2062.0723,729.26685,2058.2246,764.6405,2097.232,812.12225,2135.4165,880.31647,2177.2153,962.42535,2202.3213,1051.2188,2208.8806,1143.1093,2200.6516,1224.6229,2172.9434,1291.2291,2133.4424,1338.6715,2096.8113,1373.3759,2063.961
122,122,2033,728.615,2058.3987,764.44653,2041.5415,812.4819,2022.9136,876.16516,2000.7283,966.4851,1979.935,1053.5227,2000.2604,1142.1934,1981.8326,1230.8536,2005.6437,1294.3281,2028.8518,1339.15,2048.5952,1372.366,2064.173,1345.6775,2067.271,1295.1051,2072.4377,1251.0281,2074.7075,1194.7047,2076.7559,1128.527,2080.5732,1052.2491,2083.3196,978.90063,2078.4902,912.4679,2073.3823,853.2585,2071.7004,806.8172,2068.1753,757.2478,2062.2415,1345.6775,2067.271,1296.4354,2070.6987,1252.4231,2073.0674,1195.3627,2076.0378,1126.6558,2082.2546,1050.4755,2085.3567,976.2383,2080.6924,909.5813,2077.7144,850.44904,2073.5737,806.5598,2069.1987,757.2478,2062.2415,728.615,2058.3987,764.06866,2097.379,811.5878,2135.534,879.7802,2177.3406,961.8388,2202.4697,1050.52,2209.0557,1142.339,2200.817,1223.742,2173.081,1290.2555,2133.5742,1337.655,2096.9834,1372.366,2064.173
123,123,2050,728.00793,2058.503,763.86664,2041.655,811.90765,2023.044,875.55475,2000.8882,965.7666,1980.1478,1052.7153,2000.4984,1141.3671,1982.1426,1229.9829,2006.0276,1293.4961,2029.2714,1338.3916,2049.0305,1371.6998,2064.6182,1344.9802,2067.6907,1294.351,2072.8135,1250.2325,2075.023,1193.8903,2076.999,1127.7186,2080.756,1051.4551,2083.4675,978.1677,2078.6082,911.8026,2073.4893,852.63855,2071.8047,806.21893,2068.2822,756.66455,2062.3457,1344.9802,2067.6907,1295.6792,2071.0635,1251.6484,2073.3923,1194.5813,2076.324,1125.8877,2082.5046,1049.7114,2085.5715,975.5111,2080.8796,908.91626,2077.8782,849.8308,2073.7114,805.97327,2069.3184,756.66455,2062.3457,728.00793,2058.503,763.40826,2097.5105,810.88477,2135.692,879.0322,2177.524,961.05273,2202.6821,1049.7272,2209.3154,1141.571,2201.1033,1222.9972,2173.394,1289.5449,2133.9333,1336.9711,2097.3909,1371.6998,2064.6182
124,124,2066,727.7147,2058.6328,763.5472,2041.8068,811.5777,2023.2189,875.2492,2001.0964,965.519,1980.4106,1052.5442,2000.7595,1141.2211,1982.4241,1229.8605,2006.2764,1293.391,2029.518,1338.2949,2049.2856,1371.6057,2064.8855,1344.8738,2067.9563,1294.2184,2073.0776,1250.0809,2075.2734,1193.724,2077.2358,1127.548,2080.9854,1051.2959,2083.6887,977.93317,2078.8079,911.52905,2073.669,852.3595,2071.9688,805.94165,2068.4324,756.37573,2062.4775,1344.8738,2067.9563,1295.5244,2071.3552,1251.4849,2073.7,1194.4097,2076.6392,1125.7156,2082.8174,1049.5665,2085.8674,975.3092,2081.1467,908.68396,2078.1138,849.5821,2073.914,805.7156,2069.4924,756.37573,2062.4775,727.7147,2058.6328,763.13464,2097.7007,810.634,2135.9573,878.8061,2177.8647,960.86365,2203.0842,1049.5967,2209.756,1141.4164,2201.5793,1222.8615,2173.867,1289.4384,2134.3542,1336.8735,2097.7297,1371.6057,2064.8855
125,125,2083,727.4907,2058.8962,763.3635,2042.0989,811.4142,2023.5265,875.0791,2001.4006,965.33386,1980.7029,1052.3647,2001.0336,1141.0514,1982.7129,1229.6604,2006.5806,1293.1758,2029.8567,1338.0732,2049.6416,1371.375,2065.2573,1344.6316,2068.3235,1293.9606,2073.4268,1249.8237,2075.5898,1193.4872,2077.5137,1127.3381,2081.2368,1051.1127,2083.934,977.72906,2079.0503,911.328,2073.926,852.1685,2072.2473,805.74475,2068.717,756.17084,2062.746,1344.6316,2068.3235,1295.2571,2071.7148,1251.2339,2074.0679,1194.1892,2077.0193,1125.537,2083.1985,1049.4176,2086.2314,975.1337,2081.4717,908.50604,2078.4019,849.4097,2074.1716,805.5398,2069.7495,756.17084,2062.746,727.4907,2058.8962,762.9578,2097.961,810.4796,2136.2126,878.64856,2178.1543,960.7016,2203.4373,1049.44,2210.1775,1141.2262,2202.008,1222.6447,2174.2932,1289.2085,2134.7615,1336.6406,2098.1233,1371.375,2065.2573
126,126,2100,727.45233,2059.0671,763.34235,2042.3074,811.3985,2023.7648,875.0779,2001.6666,965.338,1981.0034,1052.3694,2001.3475,1141.0251,1983.0197,1229.6287,2006.8412,1293.15,2030.1128,1338.0541,2049.9,1371.3662,2065.5183,1344.6216,2068.5847,1293.9265,2073.678,1249.7827,2075.8235,1193.447,2077.7256,1127.3156,2081.4314,1051.1282,2084.1206,977.72046,2079.2212,911.31177,2074.1018,852.1513,2072.43,805.7254,2068.9019,756.1281,2062.9207,1344.6216,2068.5847,1295.2302,2071.9817,1251.2095,2074.332,1194.1714,2077.2698,1125.5353,2083.4346,1049.449,2086.4543,975.1412,2081.665,908.50336,2078.5818,849.397,2074.3542,805.51575,2069.9336,756.1281,2062.9207,727.45233,2059.0671,762.941,2098.1404,810.4824,2136.4124,878.6695,2178.3677,960.734,2203.6704,1049.4957,2210.4285,1141.2517,2202.2983,1222.6598,2174.6167,1289.2223,2135.087,1336.6455,2098.4067,1371.3662,2065.5183
127,127,2116,727.4966,2059.081,763.41315,2042.3778,811.4812,2023.9176,875.17145,2001.9269,965.435,1981.3602,1052.4674,2001.7026,1141.1154,1983.4131,1229.6794,2007.1443,1293.1715,2030.3307,1338.0629,2050.0532,1371.3784,2065.6194,1344.6616,2068.6978,1293.9686,2073.8118,1249.8218,2075.967,1193.4983,2077.875,1127.3765,2081.5781,1051.2024,2084.2598,977.76263,2079.33,911.3378,2074.1921,852.17346,2072.4998,805.749,2068.9526,756.1538,2062.9448,1344.6616,2068.6978,1295.2603,2072.1328,1251.2451,2074.517,1194.2235,2077.4756,1125.6005,2083.6414,1049.5337,2086.6416,975.201,2081.8123,908.55176,2078.6914,849.4379,2074.4329,805.552,2069.9854,756.1538,2062.9448,727.4966,2059.081,763.00305,2098.1665,810.5494,2136.455,878.7262,2178.4348,960.78467,2203.775,1049.5557,2210.5671,1141.273,2202.4634,1222.6616,2174.792,1289.2137,2135.253,1336.6405,2098.54,1371.3784,2065.6194
128,128,2133,727.5808,2059.1526,763.4965,2042.4941,811.55566,2024.084,875.2337,2002.1494,965.47437,1981.6445,1052.4888,2001.998,1141.1205,1983.7633,1229.66,2007.4865,1293.1381,2030.6339,1338.0454,2050.313,1371.3965,2065.8357,1344.6931,2068.9026,1293.9746,2074.0107,1249.8127,2076.1519,1193.4878,2078.0369,1127.3671,2081.712,1051.2092,2084.373,977.77356,2079.4185,911.3687,2074.2742,852.2288,2072.579,805.823,2069.029,756.2306,2063.011,1344.6931,2068.9026,1295.256,2072.3376,1251.2288,2074.7217,1194.2076,2077.6687,1125.5922,2083.8174,1049.5525,2086.7927,975.23346,2081.938,908.6093,2078.8,849.51355,2074.5266,805.6345,2070.0664,756.2306,2063.011,727.5808,2059.1526,763.09894,2098.2375,810.6464,2136.525,878.80084,2178.5076,960.8204,2203.866,1049.5546,2210.6873,1141.2295,2202.6182,1222.6074,2174.9814,1289.1708,2135.4683,1336.6235,2098.758,1371.3965,2065.8357
129,129,2150,727.5792,2059.2773,763.5078,2042.6427,811.5724,2024.2592,875.2532,2002.3551,965.501,1981.8776,1052.5292,2002.2446,1141.1624,1984.0276,1229.7139,2007.7467,1293.2067,2030.8813,1338.1309,2050.5554,1371.4911,2066.076,1344.7902,2069.1348,1294.06,2074.2393,1249.8828,2076.3738,1193.5376,2078.254,1127.403,2081.9207,1051.2478,2084.5703,977.7973,2079.5938,911.3805,2074.432,852.23706,2072.7246,805.82996,2069.1653,756.2189,2063.1355,1344.7902,2069.1348,1295.3441,2072.5684,1251.3024,2074.947,1194.2632,2077.8757,1125.6332,2084.0027,1049.5999,2086.9565,975.2726,2082.0935,908.6437,2078.9534,849.53973,2074.6794,805.65186,2070.2075,756.2189,2063.1355,727.5792,2059.2773,763.11536,2098.3757,810.6784,2136.674,878.8343,2178.6523,960.8545,2204.0066,1049.5969,2210.841,1141.2681,2202.806,1222.6597,2175.2168,1289.2435,2135.729,1336.7106,2099.0051,1371.4911,2066.076
130,130,2166,727.64246,2059.5288,763.57275,2042.9459,811.6378,2024.6066,875.31995,2002.752,965.572,1982.2902,1052.603,2002.6511,1141.231,1984.4524,1229.7753,2008.1456,1293.2592,2031.2397,1338.1722,2050.878,1371.5254,2066.3567,1344.841,2069.4219,1294.1146,2074.5413,1249.9407,2076.6892,1193.5974,2078.5747,1127.466,2082.2434,1051.3159,2084.8938,977.8599,2079.9011,911.44,2074.734,852.2968,2073.0193,805.8919,2069.4485,756.27924,2063.3972,1344.841,2069.4219,1295.4012,2072.8835,1251.3627,2075.2769,1194.327,2078.2063,1125.6993,2084.3296,1049.6721,2087.2766,975.34216,2082.402,908.712,2079.2502,849.60596,2074.9749,805.7159,2070.4932,756.27924,2063.3972,727.64246,2059.5288,763.1848,2098.614,810.7539,2136.8826,878.91296,2178.8335,960.9305,2204.187,1049.6675,2211.028,1141.3207,2203.0193,1222.6997,2175.4597,1289.275,2135.9988,1336.7374,2099.2852,1371.5254,2066.3567
131,131,2183,727.7017,2059.9412,763.5961,2043.3383,811.6963,2024.9895,875.3729,2003.1233,965.5831,1982.6503,1052.5486,2003.0227,1141.1083,1984.8738,1229.5657,2008.6498,1292.9653,2031.733,1337.8035,2051.3223,1371.1294,2066.755,1344.5199,2069.8352,1293.8463,2074.9854,1249.7374,2077.1912,1193.4473,2079.1284,1127.3657,2082.8186,1051.2601,2085.4575,977.8705,2080.4597,911.48755,2075.2524,852.3559,2073.4941,805.9361,2069.8892,756.3054,2063.8286,1344.5199,2069.8352,1295.1135,2073.2917,1251.1171,2075.6855,1194.1494,2078.6272,1125.5853,2084.7673,1049.6155,2087.7307,975.3559,2082.8655,908.7659,2079.7114,849.66754,2075.4268,805.7598,2070.934,756.3054,2063.8286,727.7017,2059.9412,763.2043,2098.9846,810.81476,2137.2002,878.9808,2179.1448,960.948,2204.517,1049.5876,2211.3696,1141.1669,2203.3335,1222.4376,2175.714,1288.8978,2136.2476,1336.3038,2099.6072,1371.1294,2066.755
132,132,2200,727.7593,2060.6177,763.6553,2044.0157,811.7458,2025.6582,875.4058,2003.7838,965.6085,1983.2972,1052.5759,2003.6805,1141.1443,1985.4998,1229.6106,2009.2715,1293.0115,2032.3052,1337.853,2051.8298,1371.1849,2067.1936,1344.5793,2070.2925,1293.9021,2075.5017,1249.7914,2077.781,1193.4968,2079.8098,1127.4066,2083.5889,1051.2917,2086.2788,977.9046,2081.2817,911.52203,2076.028,852.39716,2074.2249,805.98804,2070.588,756.3616,2064.518,1344.5793,2070.2925,1295.1678,2073.796,1251.1661,2076.2173,1194.1927,2079.204,1125.6232,2085.4016,1049.6515,2088.4167,975.3965,2083.5916,908.8105,2080.4568,849.7171,2076.1697,805.8144,2071.6602,756.3616,2064.518,727.7593,2060.6177,763.2689,2099.665,810.8804,2137.868,879.03796,2179.812,960.99347,2205.1636,1049.6201,2211.9827,1141.1952,2203.8901,1222.4618,2176.193,1288.9229,2136.678,1336.3422,2100.0442,1371.1849,2067.1936
133,133,2216,727.7859,2061.13,763.6878,2044.6394,811.76685,2026.4109,875.42267,2004.6284,965.64105,1984.1542,1052.6196,2004.5233,1141.1909,1986.3453,1229.657,2010.124,1293.0485,2033.1251,1337.8762,2052.584,1371.1998,2067.8818,1344.6119,2071.0054,1293.94,2076.2456,1249.8354,2078.5742,1193.5426,2080.6567,1127.4526,2084.4656,1051.3356,2087.1528,977.94305,2082.138,911.5566,2076.8398,852.42816,2074.951,806.0132,2071.2148,756.37646,2065.073,1344.6119,2071.0054,1295.2085,2074.6038,1251.2106,2077.0974,1194.2391,2080.1577,1125.6681,2086.388,1049.6912,2089.3862,975.43243,2084.476,908.8394,2081.2383,849.7382,2076.854,805.8307,2072.2834,756.37646,2065.073,727.7859,2061.13,763.3423,2100.1304,810.951,2138.2837,879.06116,2180.2722,961.02686,2205.7456,1049.665,2212.668,1141.2397,2204.6123,1222.4954,2176.9126,1288.9404,2137.372,1336.3513,2100.7397,1371.1998,2067.8818
134,134,2233,727.8722,2061.723,763.78,2045.298,811.8429,2027.1462,875.4797,2005.4171,965.6859,1984.9569,1052.6442,2005.3562,1141.2094,1987.1945,1229.6847,2011.0157,1293.0922,2034.0404,1337.9221,2053.5078,1371.241,2068.8103,1344.6575,2071.933,1293.9851,2077.1675,1249.8793,2079.5208,1193.5789,2081.6406,1127.4773,2085.464,1051.3496,2088.1367,977.96674,2083.074,911.59283,2077.7144,852.4725,2075.7285,806.0768,2071.9075,756.4478,2065.7026,1344.6575,2071.933,1295.2548,2075.5361,1251.2548,2078.0403,1194.2759,2081.1265,1125.6942,2087.3792,1049.7075,2090.3755,975.4511,2085.4019,908.87555,2082.0884,849.79285,2077.6233,805.898,2072.9895,756.4478,2065.7026,727.8722,2061.723,763.44324,2100.7686,811.0323,2138.9885,879.10095,2181.1057,961.0419,2206.7327,1049.6895,2213.7378,1141.2727,2205.6855,1222.5354,2177.9167,1288.9839,2138.3066,1336.3931,2101.6567,1371.241,2068.8103
135,135,2250,728.1248,2062.1824,764.11554,2045.8729,812.2176,2027.8505,875.89307,2006.2283,966.1209,1985.8306,1053.0714,2006.2489,1141.605,1988.0613,1229.9517,2011.8002,1293.251,2034.7676,1337.9912,2054.1704,1371.2622,2069.421,1344.7046,2072.5737,1294.074,2077.8438,1250.03,2080.2798,1193.793,2082.506,1127.7667,2086.4119,1051.6957,2089.117,978.2979,2084.0215,911.8882,2078.582,852.7192,2076.4758,806.30444,2072.5356,756.669,2066.2278,1344.7046,2072.5737,1295.3506,2076.256,1251.4004,2078.84,1194.4912,2082.021,1125.9805,2088.3389,1050.0457,2091.3525,975.76526,2086.303,909.165,2082.887,850.0535,2078.3198,806.1347,2073.6118,756.669,2066.2278,728.1248,2062.1824,763.76825,2101.2708,811.36926,2139.5598,879.41235,2181.8235,961.3325,2207.6228,1049.976,2214.719,1141.5034,2206.6467,1222.7,2178.7698,1289.0728,2139.0232,1336.4343,2102.3027,1371.2622,2069.421
136,136,2266,728.1674,2062.9111,764.13434,2046.6552,812.26355,2028.6724,875.9863,2007.0604,966.2802,1986.6407,1053.2635,2007.095,1141.8441,1988.9434,1230.1609,2012.7819,1293.3955,2035.7863,1338.074,2055.1736,1371.3125,2070.3801,1344.7642,2073.5574,1294.1433,2078.886,1250.1302,2081.3809,1193.9269,2083.6357,1127.9182,2087.5251,1051.8269,2090.1982,978.3979,2085.0813,911.94556,2079.5984,852.73505,2077.4258,806.3348,2073.4048,756.71027,2067.0142,1344.7642,2073.5574,1295.4221,2077.2644,1251.4939,2079.8738,1194.6228,2083.0764,1126.1353,2089.4077,1050.1844,2092.4246,975.8692,2087.3572,909.22705,2083.9053,850.07556,2079.282,806.16125,2074.5037,756.71027,2067.0142,728.1674,2062.9111,763.79736,2102.1094,811.393,2140.4866,879.47125,2182.8308,961.4216,2208.6858,1050.0876,2215.8105,1141.6171,2207.6946,1222.7863,2179.7485,1289.1278,2139.967,1336.475,2103.2666,1371.3125,2070.3801
137,137,2283,728.2063,2063.1992,764.1592,2047.0854,812.34717,2029.2927,876.13214,2007.8984,966.4682,1987.7131,1053.4739,2008.2781,1142.083,1990.1804,1230.3037,2013.9512,1293.4674,2036.8059,1338.1029,2056.0251,1371.3373,2071.0796,1344.8192,2074.2993,1294.218,2079.6995,1250.2306,2082.2854,1194.0597,2084.624,1128.0677,2088.5493,1051.9658,2091.2017,978.4922,2085.9834,911.99194,2080.3481,852.752,2078.0122,806.3711,2073.8618,756.7516,2067.3633,1344.8192,2074.2993,1295.4994,2078.1272,1251.6013,2080.8123,1194.7637,2084.0703,1126.2961,2090.415,1050.3429,2093.4006,975.9821,2088.2551,909.2934,2084.686,850.09247,2079.9282,806.1925,2075.0203,756.7516,2067.3633,728.2063,2063.1992,763.8207,2102.4998,811.4303,2140.9675,879.54224,2183.3938,961.51404,2209.3147,1050.2002,2216.5007,1141.7179,2208.4192,1222.8634,2180.4905,1289.1732,2140.7139,1336.4991,2104.0088,1371.3373,2071.0796
138,138,2300,728.23926,2063.7021,764.18677,2047.7657,812.4297,2030.1808,876.2899,2008.9913,966.6654,1988.9209,1053.6704,2009.5189,1142.2451,1991.4138,1230.4115,2015.0493,1293.5575,2037.7504,1338.1919,2056.851,1371.4697,2071.788,1344.9966,2075.0828,1294.3591,2080.6062,1250.3607,2083.294,1194.195,2085.7324,1128.2164,2089.7139,1052.1255,2092.3694,978.5929,2087.0786,912.0482,2081.3547,852.76855,2078.8633,806.3998,2074.5708,756.78876,2067.934,1344.9966,2075.0828,1295.6356,2079.1128,1251.7261,2081.9133,1194.9021,2085.2417,1126.4493,2091.6106,1050.524,2094.5852,976.09796,2089.386,909.3606,2085.7407,850.1119,2080.8772,806.22064,2075.8076,756.78876,2067.934,728.23926,2063.7021,763.8451,2103.1519,811.4609,2141.7905,879.6027,2184.3032,961.6125,2210.2817,1050.373,2217.4795,1141.8585,2209.4424,1222.984,2181.5283,1289.2734,2141.7148,1336.6042,2104.8594,1371.4697,2071.788
139,139,2316,728.3379,2064.573,764.3313,2048.6848,812.60596,2031.1514,876.5138,2009.9806,966.9421,1989.8994,1053.961,2010.4934,1142.504,1992.388,1230.6068,2015.9849,1293.698,2038.6238,1338.2947,2057.6487,1371.5726,2072.5066,1345.1375,2075.825,1294.4923,2081.3733,1250.518,2084.099,1194.373,2086.5696,1128.4164,2090.57,1052.3584,2093.2256,978.79224,2087.9343,912.20886,2082.2168,852.8832,2079.714,806.4904,2075.4075,756.8593,2068.7925,1345.1375,2075.825,1295.7826,2079.934,1251.8915,2082.7637,1195.1047,2086.1094,1126.6798,2092.496,1050.803,2095.4868,976.3404,2090.2925,909.5687,2086.6577,850.2675,2081.8042,806.3335,2076.717,756.8593,2068.7925,728.3379,2064.573,764.0159,2103.985,811.6931,2142.5598,879.85785,2185.0164,961.86194,2210.9724,1050.6178,2218.1584,1142.0303,2210.1345,1223.1056,2182.2341,1289.3615,2142.4373,1336.6838,2105.5889,1371.5726,2072.5066
140,140,2333,728.79004,2065.096,764.8412,2049.218,813.14484,2031.6836,877.10004,2010.4873,967.6202,1990.3698,1054.6375,2011.0112,1143.1425,1992.9393,1231.1794,2016.6313,1294.1608,2039.3602,1338.6467,2058.4487,1371.8444,2073.356,1345.4489,2076.6626,1294.8243,2082.1753,1250.9105,2084.8848,1194.824,2087.338,1128.9232,2091.3096,1052.9453,2093.9138,979.37146,2088.5918,912.7359,2082.838,853.3477,2080.3042,806.9237,2075.9746,757.2726,2069.3423,1345.4489,2076.6626,1296.1146,2080.755,1252.285,2083.555,1195.5664,2086.8684,1127.2017,2093.2183,1051.3961,2096.1687,976.92163,2090.9387,910.1134,2087.278,850.75793,2082.4104,806.7855,2077.3083,757.2726,2069.3423,728.79004,2065.096,764.52435,2104.5562,812.2417,2143.1882,880.4204,2185.7485,962.4282,2211.8037,1051.161,2219.0354,1142.5073,2211.055,1223.5146,2183.1243,1289.7075,2143.2761,1336.975,2106.4219,1371.8444,2073.356
141,141,2350,729.41595,2065.6843,765.5263,2049.769,813.875,2032.1953,877.8439,2010.9506,968.314,1990.8105,1055.2197,2011.4641,1143.6602,1993.4242,1231.5608,2017.2002,1294.4386,2040.0011,1338.8434,2059.1333,1371.9796,2074.0825,1345.6156,2077.3472,1295.0654,2082.7786,1251.2229,2085.4329,1195.2013,2087.8435,1129.365,2091.7913,1053.4607,2094.3813,979.964,2089.0674,913.3463,2083.315,853.92255,2080.8064,807.4873,2076.51,757.89197,2069.9211,1345.6156,2077.3472,1296.3368,2081.3691,1252.5693,2084.1191,1195.925,2087.3975,1127.6448,2093.7156,1051.9132,2096.6443,977.5143,2091.4194,910.733,2087.7751,851.36273,2082.9207,807.37024,2077.853,757.89197,2069.9211,729.41595,2065.6843,765.19025,2105.1035,812.94653,2143.6628,881.11884,2186.187,963.0563,2212.2207,1051.638,2219.4543,1142.8811,2211.4797,1223.7819,2183.558,1289.8933,2143.7666,1337.122,2107.0354,1371.9796,2074.0825
142,142,2366,729.84717,2065.9617,765.9777,2050.0906,814.3059,2032.5554,878.2781,2011.343,968.7495,1991.242,1055.6442,2011.9333,1144.047,1993.9283,1231.9012,2017.7266,1294.7302,2040.5193,1339.0966,2059.631,1372.2316,2074.552,1345.9222,2077.8132,1295.3741,2083.258,1251.5493,2085.9534,1195.5359,2088.4026,1129.7179,2092.3657,1053.8602,2094.926,980.36554,2089.5728,913.7312,2083.7622,854.2843,2081.1929,807.8509,2076.8408,758.2682,2070.215,1345.9222,2077.8132,1296.6503,2081.8389,1252.8878,2084.5913,1196.2614,2087.873,1127.9987,2094.1833,1052.316,2097.0925,977.9232,2091.8342,911.1509,2088.161,851.77026,2083.2769,807.7588,2078.1838,758.2682,2070.215,729.84717,2065.9617,765.72925,2105.3623,813.5224,2143.8938,881.6443,2186.418,963.5052,2212.4846,1052.026,2219.7527,1143.1835,2211.8193,1224.0356,2183.9321,1290.1135,2144.1707,1337.3394,2107.4714,1372.2316,2074.552
143,143,2383,730.109,2066.4922,766.2167,2050.5305,814.54205,2032.9161,878.52856,2011.6411,969.0589,1991.5107,1056.0072,2012.1946,1144.4296,1994.176,1232.304,2017.982,1295.1246,2040.8043,1339.4701,2059.9578,1372.5725,2074.932,1346.2467,2078.1802,1295.6859,2083.6052,1251.8822,2086.2908,1195.8694,2088.743,1130.0558,2092.7205,1054.2238,2095.2864,980.7116,2089.9568,914.0519,2084.1597,854.5778,2081.6084,808.1316,2077.286,758.53906,2070.7122,1346.2467,2078.1802,1296.9755,2082.1685,1253.2175,2084.903,1196.5989,2088.1763,1128.344,2094.4854,1052.683,2097.4019,978.2751,2092.169,911.4838,2088.5286,852.0763,2083.678,808.046,2078.6204,758.53906,2070.7122,730.109,2066.4922,766.0006,2105.8486,813.81494,2144.3337,881.9578,2186.8262,963.8426,2212.8733,1052.3966,2220.1338,1143.5458,2212.1946,1224.4027,2184.313,1290.4828,2144.5415,1337.6984,2107.838,1372.5725,2074.932
144,144,2400,730.5089,2066.9414,766.6299,2050.9468,814.9428,2033.2908,878.9244,2011.9697,969.47784,1991.7711,1056.4337,2012.4254,1144.8313,1994.3724,1232.7158,2018.1694,1295.5193,2041.0073,1339.8236,2060.1863,1372.8846,2075.1865,1346.5778,2078.4417,1296.0271,2083.8652,1252.2502,2086.5544,1196.2465,2089.024,1130.4542,2093.034,1054.6677,2095.6257,981.15234,2090.328,914.4699,2084.556,854.9812,2082.0264,808.5364,2077.7205,758.9278,2071.1628,1346.5778,2078.4417,1297.3707,2082.4355,1253.6353,2085.1772,1197.0238,2088.448,1128.7787,2094.7576,1053.1516,2097.685,978.72986,2092.4912,911.9196,2088.897,852.4833,2084.0857,808.44116,2079.0452,758.9278,2071.1628,730.5089,2066.9414,766.41925,2106.2617,814.25323,2144.7246,882.42725,2187.1797,964.33746,2213.1755,1052.9132,2220.3984,1144.0095,2212.4556,1224.8381,2184.5942,1290.8986,2144.8235,1338.076,2108.0986,1372.8846,2075.1865
145,145,2416,730.6734,2067.2073,766.80695,2051.1868,815.1322,2033.5073,879.1016,2012.1656,969.64514,1991.9497,1056.6042,2012.5918,1145.0088,1994.5308,1232.8693,2018.3407,1295.6544,2041.1965,1339.9426,2060.3965,1372.9965,2075.4143,1346.6877,2078.6655,1296.1437,2084.07,1252.3958,2086.7397,1196.4038,2089.1978,1130.6271,2093.211,1054.8586,2095.8083,981.359,2090.5276,914.67004,2084.7625,855.16113,2082.2449,808.7127,2077.955,759.1057,2071.4172,1346.6877,2078.6655,1297.5067,2082.6243,1253.7822,2085.341,1197.1838,2088.5989,1128.958,2094.9077,1053.3438,2097.84,978.9329,2092.6675,912.1214,2089.093,852.6721,2084.2908,808.61694,2079.2708,759.1057,2071.4172,730.6734,2067.2073,766.5882,2106.5093,814.44116,2144.9531,882.6415,2187.3943,964.56683,2213.3582,1053.1335,2220.5647,1144.212,2212.5984,1225.0037,2184.73,1291.0406,2144.9707,1338.2069,2108.2842,1372.9965,2075.4143
146,146,2433,731.075,2067.3848,767.2414,2051.365,815.5882,2033.686,879.5681,2012.3398,970.09924,1992.1083,1057.0474,2012.7424,1145.3809,1994.6775,1233.167,2018.4854,1295.9227,2041.343,1340.1819,2060.542,1373.225,2075.56,1346.9363,2078.8179,1296.4154,2084.2302,1252.6963,2086.9102,1196.7319,2089.3782,1131.0079,2093.3967,1055.316,2095.9917,981.8232,2090.7212,915.1168,2084.9573,855.56885,2082.4336,809.08575,2078.139,759.4784,2071.5994,1346.9363,2078.8179,1297.812,2082.7805,1254.1194,2085.501,1197.5527,2088.7625,1129.367,2095.0708,1053.8043,2098.0068,979.3844,2092.855,912.55505,2089.295,853.0697,2084.4934,808.98676,2079.4636,759.4784,2071.5994,731.075,2067.3848,766.9973,2106.6948,814.8612,2145.142,883.09,2187.5813,965.0401,2213.5298,1053.6246,2220.7185,1144.6615,2212.742,1225.401,2184.8708,1291.3848,2145.1084,1338.4868,2108.4255,1373.225,2075.56
147,147,2450,731.86694,2067.4263,768.049,2051.413,816.38965,2033.7375,880.3622,2012.3904,970.82916,1992.1536,1057.7053,2012.7937,1145.9279,1994.7283,1233.5948,2018.5513,1296.2712,2041.4316,1340.4612,2060.657,1373.4519,2075.7007,1347.2,2078.9565,1296.7242,2084.3472,1253.0658,2087.0127,1197.1654,2089.4707,1131.546,2093.4827,1055.9723,2096.0688,982.52374,2090.7935,915.83813,2085.0208,856.27423,2082.4915,809.7935,2078.1924,760.22504,2071.6487,1347.2,2078.9565,1298.1381,2082.9036,1254.5038,2085.6016,1198.0056,2088.8423,1129.9082,2095.1343,1054.4583,2098.061,980.0843,2092.9087,913.28516,2089.3474,853.7986,2084.5476,809.70184,2079.5195,760.22504,2071.6487,731.86694,2067.4263,767.8202,2106.7344,815.677,2145.1833,883.8708,2187.6335,965.7683,2213.5908,1054.2959,2220.7822,1145.2354,2212.8137,1225.8778,2184.9531,1291.7604,2145.1995,1338.7701,2108.5388,1373.4519,2075.7007
148,148,2466,732.197,2067.637,768.4029,2051.5798,816.7847,2033.8607,880.8325,2012.4657,971.38116,1992.1804,1058.2341,2012.8191,1146.3937,1994.7386,1234.0732,2018.5753,1296.7856,2041.4727,1341.0018,2060.721,1374.0331,2075.7869,1347.7631,2079.0469,1297.208,2084.4524,1253.5574,2087.123,1197.6461,2089.5833,1132.0524,2093.5955,1056.5208,2096.1858,983.0678,2090.9314,916.3599,2085.1833,856.7386,2082.6702,810.213,2078.3828,760.5623,2071.8506,1347.7631,2079.0469,1298.6416,2082.977,1254.9656,2085.6582,1198.4639,2088.8872,1130.3734,2095.1843,1054.9366,2098.133,980.5613,2093.0076,913.754,2089.48,854.2335,2084.7192,810.0831,2079.7083,760.5623,2071.8506,732.197,2067.637,768.12634,2106.9817,815.9971,2145.493,884.24194,2187.962,966.2211,2213.8718,1054.8369,2220.9924,1145.8192,2212.9849,1226.4701,2185.0771,1292.3367,2145.2944,1339.3379,2108.6191,1374.0331,2075.7869
149,149,2483,733.38367,2067.8372,769.67523,2051.7874,818.0713,2034.072,882.0852,2012.654,972.58545,1992.3157,1059.3722,2012.9517,1147.415,1994.84,1234.9779,2018.6818,1297.6033,2041.5721,1341.744,2060.807,1374.7471,2075.863,1348.5175,2079.1345,1298.0122,2084.5645,1254.4302,2087.2686,1198.5955,2089.7686,1133.1094,2093.81,1057.69,2096.4143,984.31537,2091.1963,917.6202,2085.4583,857.96185,2082.9348,811.38934,2078.6238,761.7151,2072.067,1348.5175,2079.1345,1299.4523,2083.0764,1255.8502,2085.771,1199.4435,2089.0276,1131.4644,2095.351,1056.1375,2098.3198,981.8198,2093.2117,915.03894,2089.6897,855.49036,2084.9297,811.2855,2079.924,761.7151,2072.067,733.38367,2067.8372,769.4671,2107.1655,817.43823,2145.6465,885.7114,2188.1118,967.62634,2214.0261,1056.1278,2221.137,1146.965,2213.1057,1227.4708,2185.163,1293.196,2145.3604,1340.0856,2108.6902,1374.7471,2075.863
150,150,2500,734.21027,2068.0308,770.5816,2051.9612,819.03284,2034.2223,883.10443,2012.7701,973.61285,1992.385,1060.343,2013.0217,1148.2819,1994.8931,1235.755,2018.7524,1298.3439,2041.6519,1342.4539,2060.8933,1375.4553,2075.9558,1349.2056,2079.2344,1298.7034,2084.694,1255.1738,2087.419,1199.4027,2089.9329,1133.9966,2093.9807,1058.6462,2096.5938,985.28375,2091.389,918.5974,2085.6643,858.92004,2083.1494,812.2903,2078.8328,762.5447,2072.2603,1349.2056,2079.2344,1300.1532,2083.1697,1256.5873,2085.8677,1200.2566,2089.1362,1132.3473,2095.4785,1057.06,2098.4683,982.7522,2093.37,915.9833,2089.852,856.4318,2085.0989,812.1864,2080.0977,762.5447,2072.2603,734.21027,2068.0308,770.29565,2107.371,818.2715,2145.883,886.5582,2188.3743,968.51666,2214.3003,1057.0969,2221.3906,1147.9662,2213.3337,1228.4541,2185.342,1294.0864,2145.4966,1340.8695,2108.7966,1375.4553,2075.9558
151,151,2516,735.13947,2068.261,771.4166,2052.1501,819.75415,2034.3727,883.7464,2012.8848,974.2247,1992.475,1060.9857,2013.1277,1148.9382,1994.9796,1236.4839,2018.8613,1299.0818,2041.7887,1343.1672,2061.0696,1376.146,2076.183,1349.8865,2079.4512,1299.3921,2084.9038,1255.8916,2087.6367,1200.1211,2090.1685,1134.7257,2094.231,1059.3824,2096.8438,986.0389,2091.6338,919.38696,2085.8945,859.75726,2083.3687,813.1919,2079.0464,763.457,2072.4785,1349.8865,2079.4512,1300.8435,2083.3652,1257.277,2086.0457,1200.9451,2089.3025,1133.0442,2095.6414,1057.7833,2098.627,983.5156,2093.531,916.8033,2090.0186,857.3125,2085.2795,813.0981,2080.2944,763.457,2072.4785,735.13947,2068.261,771.24695,2107.5894,819.1953,2146.098,887.4175,2188.5996,969.3244,2214.5522,1057.8951,2221.6494,1148.763,2213.5974,1229.2527,2185.5935,1294.8606,2145.726,1341.5988,2109.021,1376.146,2076.183
152,152,2533,735.5922,2068.5933,771.72986,2052.4448,819.9549,2034.6167,883.8915,2013.1144,974.32074,1992.6973,1061.0831,2013.3641,1149.03,1995.1838,1236.626,2019.0645,1299.2932,2042.0115,1343.4331,2061.3594,1376.4827,2076.5334,1350.1809,2079.7954,1299.6389,2085.255,1256.1154,2087.9556,1200.3173,2090.4626,1134.901,2094.5134,1059.5352,2097.1284,986.20184,2091.9,919.6026,2086.1636,860.06525,2083.6458,813.5839,2079.342,763.8995,2072.7795,1350.1809,2079.7954,1301.0762,2083.7014,1257.4683,2086.3489,1201.1144,2089.5828,1133.1959,2095.921,1057.9308,2098.9138,983.68256,2093.8242,917.02905,2090.3145,857.62836,2085.5837,813.4923,2080.5967,763.8995,2072.7795,735.5922,2068.5933,771.6051,2107.962,819.4666,2146.5496,887.6136,2189.0671,969.50244,2215.0146,1058.1215,2222.0857,1149.0378,2214.0293,1229.569,2186.0261,1295.1896,2146.16,1341.9341,2109.4033,1376.4827,2076.5334
153,153,2550,736.0912,2068.871,772.20233,2052.7617,820.3531,2034.9717,884.21735,2013.5175,974.5736,1993.1648,1061.3141,2013.8109,1149.229,1995.5846,1236.7958,2019.359,1299.4454,2042.2402,1343.5544,2061.5396,1376.5808,2076.6738,1350.2999,2079.9531,1299.8073,2085.4392,1256.3156,2088.1577,1200.557,2090.6794,1135.1694,2094.7505,1059.8135,2097.3987,986.50714,2092.171,919.9354,2086.4373,860.4405,2083.925,813.9873,2079.6243,764.34,2073.0576,1350.2999,2079.9531,1301.254,2083.886,1257.6879,2086.565,1201.3655,2089.8264,1133.4651,2096.1843,1058.2089,2099.1973,983.98303,2094.1206,917.3464,2090.6177,857.98315,2085.881,813.8917,2080.8787,764.34,2073.0576,736.0912,2068.871,772.0868,2108.242,819.904,2146.838,888.0141,2189.3445,969.8621,2215.2693,1058.4456,2222.3154,1149.319,2214.242,1229.8118,2186.2346,1295.3865,2146.3525,1342.0791,2109.569,1376.5808,2076.6738
154,154,2566,736.37427,2068.951,772.5165,2052.9001,820.61884,2035.1958,884.3989,2013.8329,974.6584,1993.5739,1061.3549,2014.2415,1149.2556,1996.0045,1236.8015,2019.7166,1299.448,2042.5026,1343.5575,2061.7021,1376.5857,2076.7668,1350.3054,2080.07,1299.8186,2085.6033,1256.3329,2088.38,1200.5869,2090.964,1135.215,2095.0706,1059.8634,2097.7336,986.5923,2092.4883,920.0657,2086.7134,860.61346,2084.1406,814.1915,2079.7856,764.5763,2073.1653,1350.3054,2080.07,1301.2659,2084.055,1257.7108,2086.784,1201.402,2090.101,1133.5173,2096.4927,1058.2698,2099.514,984.0754,2094.414,917.4821,2090.871,858.1642,2086.0796,814.10693,2081.0332,764.5763,2073.1653,736.37427,2068.951,772.39124,2108.3364,820.17523,2146.9365,888.2185,2189.4636,969.98444,2215.4238,1058.5044,2222.5022,1149.3517,2214.4143,1229.8258,2186.3835,1295.3917,2146.4788,1342.0823,2109.684,1376.5857,2076.7668
155,155,2583,736.40674,2069.1243,772.5472,2053.0894,820.6385,2035.4116,884.4084,2014.072,974.66284,1993.8334,1061.3613,2014.511,1149.2682,1996.2653,1236.8181,2019.9523,1299.4688,2042.693,1343.586,2061.849,1376.6299,2076.8833,1350.3572,2080.1946,1299.866,2085.7478,1256.3762,2088.5554,1200.6227,2091.1765,1135.2407,2095.311,1059.8763,2097.9868,986.60474,2092.7295,920.08,2086.932,860.6331,2084.336,814.2187,2079.9673,764.6048,2073.34,1350.3572,2080.1946,1301.3138,2084.1973,1257.7549,2086.9397,1201.4398,2090.2676,1133.5461,2096.6687,1058.287,2099.7026,984.0925,2094.6042,917.5027,2091.0623,858.18994,2086.268,814.13776,2081.214,764.6048,2073.34,736.40674,2069.1243,772.42865,2108.51,820.21185,2147.106,888.24866,2189.6296,970.0079,2215.5923,1058.5226,2222.6677,1149.374,2214.5725,1229.855,2186.5303,1295.4266,2146.6135,1342.122,2109.8103,1376.6299,2076.8833
156,156,2600,736.39136,2069.2925,772.5303,2053.3032,820.6131,2035.678,884.37415,2014.3938,974.62714,1994.1852,1061.3323,2014.8481,1149.25,1996.5912,1236.8156,2020.2324,1299.4717,2042.907,1343.5944,2062.008,1376.6611,2076.9944,1350.3948,2080.3308,1299.8804,2085.9338,1256.3802,2088.7869,1200.6241,2091.4543,1135.2346,2095.6235,1059.8575,2098.3152,986.57697,2093.048,920.05225,2087.2307,860.61176,2084.5925,814.2035,2080.1858,764.5856,2073.522,1350.3948,2080.3308,1301.3264,2084.3884,1257.7583,2087.1714,1201.4407,2090.5369,1133.5398,2096.9766,1058.2726,2100.0342,984.07166,2094.9326,917.48346,2091.3635,858.1743,2086.533,814.126,2081.44,764.5856,2073.522,736.39136,2069.2925,772.4173,2108.7231,820.2013,2147.379,888.23444,2189.961,969.9917,2215.966,1058.5114,2223.0515,1149.365,2214.9329,1229.8511,2186.842,1295.4283,2146.8535,1342.1332,2109.9775,1376.6611,2076.9944
157,157,2616,736.4258,2069.3242,772.5672,2053.3806,820.62573,2035.8188,884.37305,2014.6025,974.6245,1994.4436,1061.33,2015.1228,1149.2493,1996.8267,1236.8177,2020.4084,1299.4744,2043.0309,1343.5983,2062.0876,1376.6658,2077.0398,1350.4124,2080.395,1299.8989,2086.0242,1256.3988,2088.9133,1200.6382,2091.6353,1135.2423,2095.8586,1059.8595,2098.5762,986.5774,2093.2913,920.0528,2087.4268,860.619,2084.7317,814.22174,2080.2786,764.6049,2073.575,1350.4124,2080.395,1301.3463,2084.5068,1257.7786,2087.3335,1201.4542,2090.7434,1133.5464,2097.2144,1058.2771,2100.2812,984.07324,2095.1433,917.4864,2091.523,858.1832,2086.6477,814.1439,2081.5269,764.6049,2073.575,736.4258,2069.3242,772.481,2108.7603,820.2633,2147.426,888.27313,2190.0435,970.0117,2216.0972,1058.5242,2223.2102,1149.3695,2215.103,1229.854,2187.0051,1295.4323,2146.9749,1342.1368,2110.0544,1376.6658,2077.0398
158,158,2633,736.4243,2069.3967,772.5667,2053.5012,820.624,2036.0051,884.3636,2014.8625,974.6059,1994.7617,1061.3167,2015.4851,1149.2412,1997.1687,1236.8163,2020.702,1299.4768,2043.2643,1343.6018,2062.2656,1376.6882,2077.1702,1350.4382,2080.5527,1299.9072,2086.2236,1256.4026,2089.1519,1200.64,2091.9192,1135.2415,2096.171,1059.8551,2098.8887,986.5681,2093.564,920.04407,2087.6543,860.6155,2084.9055,814.22095,2080.4104,764.60364,2073.667,1350.4382,2080.5527,1301.3524,2084.71,1257.7814,2087.568,1201.4558,2091.0156,1133.545,2097.5234,1058.274,2100.5942,984.06616,2095.415,917.482,2091.7334,858.1819,2086.8064,814.14386,2081.6514,764.60364,2073.667,736.4243,2069.3967,772.4816,2108.8528,820.2625,2147.5554,888.2714,2190.256,970.0081,2216.4087,1058.5226,2223.5757,1149.369,2215.4753,1229.8552,2187.3386,1295.4375,2147.226,1342.1475,2110.2344,1376.6882,2077.1702
159,159,2650,736.42804,2069.5447,772.57367,2053.7092,820.6238,2036.2751,884.3603,2015.1832,974.5932,1995.0815,1061.3005,2015.7893,1149.2161,1997.4104,1236.7838,2020.8755,1299.4432,2043.3843,1343.5686,2062.3435,1376.6743,2077.212,1350.4359,2080.6162,1299.9022,2086.3208,1256.3975,2089.2786,1200.634,2092.0881,1135.2355,2096.387,1059.8495,2099.1433,986.56024,2093.8225,920.0376,2087.9084,860.61414,2085.132,814.2214,2080.6074,764.6036,2073.8313,1350.4359,2080.6162,1301.3451,2084.831,1257.7733,2087.7302,1201.4463,2091.2234,1133.5364,2097.7722,1058.269,2100.8706,984.059,2095.683,917.4777,2091.9788,858.18066,2087.0264,814.14453,2081.8484,764.6036,2073.8313,736.42804,2069.5447,772.4924,2109.0059,820.27014,2147.7205,888.27124,2190.4524,970.0064,2216.6443,1058.5211,2223.8164,1149.3608,2215.6956,1229.8373,2187.5232,1295.4132,2147.3586,1342.1255,2110.3132,1376.6743,2077.212
160,160,2666,736.4334,2069.6333,772.5772,2053.8306,820.62195,2036.4402,884.34106,2015.3927,974.55804,1995.3398,1061.2737,2016.0707,1149.1946,1997.6827,1236.7625,2021.1132,1299.4148,2043.5679,1343.5403,2062.473,1376.6624,2077.2979,1350.4325,2080.7202,1299.8949,2086.4514,1256.3887,2089.4424,1200.6238,2092.291,1135.2201,2096.621,1059.8318,2099.3848,986.5428,2094.0466,920.0229,2088.0967,860.609,2085.285,814.2215,2080.7327,764.6063,2073.9346,1350.4325,2080.7202,1301.3364,2084.9539,1257.7634,2087.8691,1201.432,2091.3914,1133.519,2097.9683,1058.2532,2101.0718,984.0448,2095.8616,917.4701,2092.1265,858.17926,2087.146,814.1456,2081.9568,764.6063,2073.9346,736.4334,2069.6333,772.50903,2109.079,820.2811,2147.7869,888.2708,2190.549,970.0002,2216.7908,1058.5024,2223.9985,1149.329,2215.8762,1229.7977,2187.6772,1295.3766,2147.4724,1342.0981,2110.4092,1376.6624,2077.2979
161,161,2683,736.436,2069.8525,772.58026,2054.0762,820.61993,2036.6963,884.32446,2015.6499,974.5048,1995.58,1061.2009,2016.3075,1149.0876,1997.8759,1236.6381,2021.2699,1299.299,2043.7037,1343.4355,2062.5938,1376.5966,2077.4001,1350.3827,2080.8394,1299.8397,2086.589,1256.3329,2089.6006,1200.5619,2092.4802,1135.1628,2096.8423,1059.7888,2099.6277,986.51166,2094.2966,920.00476,2088.345,860.6027,2085.5242,814.2209,2080.9673,764.606,2074.1602,1350.3827,2080.8394,1301.2837,2085.0842,1257.703,2087.9985,1201.366,2091.5212,1133.4604,2098.1084,1058.2115,2101.2278,984.0132,2096.0232,917.4535,2092.298,858.1731,2087.337,814.1446,2082.1628,764.606,2074.1602,736.436,2069.8525,772.51355,2109.25,820.2816,2147.922,888.26636,2190.6577,969.98206,2216.8904,1058.4757,2224.0928,1149.2836,2215.965,1229.7356,2187.7688,1295.3049,2147.5679,1342.0254,2110.5042,1376.5966,2077.4001
162,162,2700,736.42706,2070.0105,772.5698,2054.2546,820.60333,2036.8911,884.3019,2015.8656,974.47015,1995.8206,1061.1572,2016.5719,1149.0322,1998.1373,1236.5787,2021.531,1299.2432,2043.9614,1343.3923,2062.8523,1376.5767,2077.6482,1350.3607,2081.0996,1299.8076,2086.8745,1256.302,2089.8806,1200.5306,2092.7485,1135.1349,2097.09,1059.7604,2099.862,986.4849,2094.5115,919.9828,2088.549,860.5882,2085.7148,814.213,2081.1482,764.59705,2074.3203,1350.3607,2081.0996,1301.2498,2085.339,1257.6643,2088.2456,1201.3259,2091.7566,1133.4214,2098.3364,1058.1731,2101.4504,983.9795,2096.2378,917.4274,2092.5027,858.15533,2087.5308,814.13367,2082.3396,764.59705,2074.3203,736.42706,2070.0105,772.4949,2109.4395,820.25116,2148.1702,888.22516,2190.9343,969.94415,2217.1672,1058.4518,2224.3552,1149.2671,2216.2358,1229.7219,2188.0405,1295.2887,2147.8357,1342.0066,2110.752,1376.5767,2077.6482
163,163,2716,736.39606,2070.6045,772.5111,2054.7659,820.5403,2037.2914,884.257,2016.1826,974.43964,1996.0463,1061.127,2016.7964,1148.9972,1998.309,1236.5709,2021.7197,1299.2455,2044.2114,1343.4055,2063.2092,1376.6042,2078.0862,1350.3682,2081.5525,1299.8094,2087.3596,1256.3024,2090.327,1200.5271,2093.1587,1135.1294,2097.4756,1059.7515,2100.246,986.47394,2094.9275,919.97156,2089.0227,860.57623,2086.2336,814.1994,2081.705,764.5773,2074.879,1350.3682,2081.5525,1301.251,2085.7637,1257.6602,2088.6238,1201.3186,2092.1013,1133.4133,2098.678,1058.1649,2101.8098,983.97003,2096.6245,917.4172,2092.928,858.1432,2088.0037,814.1183,2082.848,764.5773,2074.879,736.39606,2070.6045,772.4435,2110.025,820.2006,2148.803,888.1875,2191.5222,969.93317,2217.6777,1058.4523,2224.793,1149.2822,2216.6543,1229.7478,2188.4526,1295.3119,2148.2751,1342.0317,2111.1753,1376.6042,2078.0862
164,164,2733,736.4091,2070.8757,772.53595,2055.0708,820.5682,2037.6262,884.28015,2016.5249,974.45544,1996.388,1061.1335,2017.1294,1148.9987,1998.6312,1236.5696,2022.031,1299.2343,2044.5175,1343.3732,2063.4863,1376.541,2078.3308,1350.317,2081.8125,1299.7871,2087.6501,1256.295,2090.6614,1200.5261,2093.529,1135.1315,2097.8733,1059.7605,2100.6587,986.4949,2095.356,919.9964,2089.4348,860.5973,2086.6174,814.2177,2082.0383,764.5905,2075.1677,1350.317,2081.8125,1301.2312,2086.0376,1257.6537,2088.9282,1201.3176,2092.4487,1133.4148,2099.0488,1058.171,2102.1892,983.9845,2096.9893,917.4352,2093.2625,858.1611,2088.301,814.1347,2083.1316,764.5905,2075.1677,736.4091,2070.8757,772.4694,2110.293,820.23236,2149.0908,888.2157,2191.884,969.95306,2218.108,1058.462,2225.246,1149.2858,2217.085,1229.7473,2188.8196,1295.3011,2148.5608,1341.9963,2111.4314,1376.541,2078.3308
165,165,2750,736.43195,2071.318,772.5559,2055.513,820.5798,2038.0671,884.2869,2016.9539,974.46423,1996.7745,1061.1478,2017.4807,1149.0142,1998.9388,1236.5946,2022.2911,1299.2678,2044.7472,1343.4103,2063.71,1376.58,2078.5613,1350.347,2082.0679,1299.8152,2087.9592,1256.329,2091.0305,1200.5609,2093.9692,1135.1674,2098.3777,1059.7948,2101.202,986.5234,2095.937,920.0257,2090.0156,860.63135,2087.1704,814.2648,2082.5505,764.62244,2075.6294,1350.347,2082.0679,1301.2628,2086.3455,1257.6853,2089.2832,1201.3516,2092.8445,1133.4464,2099.4841,1058.2,2102.6543,984.00934,2097.4868,917.46265,2093.7751,858.1937,2088.8179,814.1702,2083.622,764.62244,2075.6294,736.43195,2071.318,772.4888,2110.7837,820.2535,2149.6255,888.2406,2192.4177,969.9887,2218.6108,1058.5222,2225.7002,1149.3616,2217.4983,1229.8306,2189.1904,1295.3761,2148.8877,1342.0586,2111.7024,1376.58,2078.5613
166,166,2766,736.36084,2071.8967,772.49347,2056.0828,820.51697,2038.6165,884.2336,2017.4822,974.43066,1997.2618,1061.1346,2017.9486,1149.0089,1999.3428,1236.5964,2022.6372,1299.2842,2045.0594,1343.4554,2064.0093,1376.6686,2078.8525,1350.4192,2082.3872,1299.8501,2088.3425,1256.3466,2091.4678,1200.5658,2094.4602,1135.1674,2098.9084,1059.7892,2101.7622,986.5046,2096.529,919.99725,2090.631,860.59576,2087.7886,814.22986,2083.1614,764.5642,2076.216,1350.4192,2082.3872,1301.2966,2086.7017,1257.6973,2089.6675,1201.3534,2093.2654,1133.4448,2099.9502,1058.1926,2103.1616,983.9907,2098.029,917.43585,2094.3389,858.162,2089.3967,814.1316,2084.201,764.5642,2076.216,736.36084,2071.8967,772.4277,2111.4114,820.19855,2150.3083,888.19727,2193.1277,969.96747,2219.3147,1058.5211,2226.3574,1149.3667,2218.0972,1229.8535,2189.721,1295.4213,2149.339,1342.1296,2112.0635,1376.6686,2078.8525
167,167,2783,736.2353,2073.053,772.3987,2057.2222,820.4591,2039.7489,884.2094,2018.6635,974.41675,1998.4495,1061.1255,2019.075,1148.9989,2000.4194,1236.5898,2023.5619,1299.2853,2045.902,1343.4746,2064.8618,1376.7267,2079.7188,1350.4468,2083.261,1299.8528,2089.2498,1256.347,2092.3064,1200.5641,2095.2256,1135.1641,2099.611,1059.7808,2102.4714,986.47687,2097.266,919.96185,2091.4934,860.5555,2088.774,814.1825,2084.2534,764.48627,2077.334,1350.4468,2083.261,1301.2983,2087.573,1257.6965,2090.5344,1201.3508,2094.148,1133.4413,2100.84,1058.1862,2104.0452,983.96844,2098.9287,917.4052,2095.2725,858.1245,2090.3757,814.0845,2085.2346,764.48627,2077.334,736.2353,2073.053,772.29865,2112.569,820.0941,2151.4712,888.12933,2194.1704,969.93726,2220.2537,1058.5194,2227.2505,1149.3707,2218.9858,1229.8676,2190.6519,1295.448,2150.329,1342.178,2112.9927,1376.7267,2079.7188
168,168,2800,736.23364,2073.965,772.39746,2058.1584,820.45605,2040.7292,884.19867,2019.6716,974.3903,1999.4994,1061.087,2020.1132,1148.9446,2001.4934,1236.5106,2024.6022,1299.1998,2046.8838,1343.398,2065.772,1376.6606,2080.5718,1350.3958,2084.1147,1299.796,2090.1099,1256.2935,2093.1726,1200.519,2096.0942,1135.1277,2100.469,1059.7505,2103.321,986.45197,2098.1106,919.9444,2092.3394,860.5468,2089.6353,814.18024,2085.123,764.48285,2078.2344,1350.3958,2084.1147,1301.2458,2088.418,1257.6471,2091.3735,1201.3069,2094.9763,1133.4015,2101.653,1058.1501,2104.8567,983.93805,2099.7268,917.3836,2096.076,858.1133,2091.2014,814.0804,2086.09,764.48285,2078.2344,736.23364,2073.965,772.2974,2113.378,820.0908,2152.17,888.118,2194.8142,969.9142,2220.883,1058.4844,2227.8833,1149.3221,2219.629,1229.8033,2191.315,1295.3759,2151.038,1342.107,2113.7861,1376.6606,2080.5718
169,169,2816,736.2007,2074.7527,772.35376,2058.9365,820.39526,2041.4884,884.1272,2020.4423,974.28534,2000.257,1060.9576,2020.8153,1148.7903,2002.1686,1236.3679,2025.2137,1299.0927,2047.4785,1343.3104,2066.3818,1376.5906,2081.191,1350.3076,2084.756,1299.6794,2090.7795,1256.177,2093.8323,1200.4103,2096.7449,1135.0302,2101.1135,1059.6521,2103.982,986.3659,2098.7932,919.88226,2093.0637,860.5086,2090.3987,814.155,2085.9187,764.45654,2079.0286,1350.3076,2084.756,1301.1271,2089.0732,1257.5189,2092.049,1201.1912,2095.6768,1133.2983,2102.384,1058.0521,2105.613,983.8491,2100.507,917.31995,2096.8696,858.0734,2092.0005,814.05347,2086.881,764.45654,2079.0286,736.2007,2074.7527,772.2512,2114.1746,820.03204,2152.9944,888.04706,2195.5923,969.8409,2221.585,1058.426,2228.543,1149.279,2220.256,1229.7548,2191.946,1295.3171,2151.6946,1342.0458,2114.419,1376.5906,2081.191
170,170,2833,736.16235,2075.4087,772.3103,2059.581,820.3417,2042.0916,884.07007,2021.0374,974.19995,2000.8397,1060.8503,2021.3899,1148.6619,2002.6504,1236.2722,2025.6178,1299.035,2047.8635,1343.2645,2066.7815,1376.557,2081.5786,1350.2627,2085.1702,1299.626,2091.2551,1256.1263,2094.3315,1200.3583,2097.2732,1134.9774,2101.693,1059.5906,2104.624,986.30786,2099.442,919.835,2093.7156,860.472,2091.0566,814.11993,2086.5886,764.41626,2079.6838,1350.2627,2085.1702,1301.0743,2089.5342,1257.4623,2092.5493,1201.1365,2096.213,1133.2455,2102.9587,1057.9982,2106.2383,983.80084,2101.1743,917.276,2097.5647,858.035,2092.6978,814.0195,2087.5522,764.41626,2079.6838,736.16235,2075.4087,772.1838,2114.9304,819.9549,2153.9248,887.98126,2196.587,969.8017,2222.5122,1058.4117,2229.3662,1149.2755,2221.0076,1229.7523,2192.6208,1295.3096,2152.2822,1342.0309,2114.8828,1376.557,2081.5786
171,171,2850,736.1471,2075.885,772.29333,2059.9958,820.32385,2042.4395,884.0548,2021.3369,974.187,2001.1097,1060.8427,2021.6368,1148.6567,2002.8563,1236.2725,2025.786,1299.0463,2048.02,1343.2853,2066.9385,1376.5854,2081.7317,1350.2855,2085.3418,1299.6447,2091.4482,1256.1382,2094.5347,1200.3649,2097.4893,1134.9785,2101.9348,1059.5878,2104.9011,986.30505,2099.7417,919.8307,2094.0396,860.4673,2091.4194,814.1113,2086.9985,764.40234,2080.1477,1350.2855,2085.3418,1301.0942,2089.7588,1257.4802,2092.811,1201.1481,2096.4958,1133.249,2103.2642,1057.9965,2106.5818,983.79755,2101.5776,917.27277,2098.0217,858.0278,2093.1875,814.0109,2088.0334,764.40234,2080.1477,736.1471,2075.885,772.1554,2115.491,819.9297,2154.5896,887.9727,2197.275,969.79895,2223.1143,1058.4221,2229.8718,1149.3108,2221.4565,1229.8085,2193.0278,1295.3722,2152.6108,1342.0815,2115.1096,1376.5854,2081.7317
172,172,2866,736.2307,2075.967,772.40955,2060.0898,820.4428,2042.5475,884.15027,2021.4354,974.2528,2001.1903,1060.8912,2021.7009,1148.6902,2002.9185,1236.2861,2025.8413,1299.0491,2048.0654,1343.2847,2066.9646,1376.578,2081.7473,1350.2843,2085.363,1299.6467,2091.4722,1256.1439,2094.5732,1200.3821,2097.5444,1135.0111,2102.0051,1059.6371,2104.9822,986.36755,2099.838,919.90344,2094.1392,860.5486,2091.5208,814.1879,2087.0942,764.47595,2080.2454,1350.2843,2085.363,1301.0973,2089.8008,1257.4941,2092.8813,1201.1741,2096.59,1133.2892,2103.3682,1058.05,2106.6902,983.8637,2101.697,917.34534,2098.1477,858.10486,2093.3098,814.09235,2088.1465,764.47595,2080.2454,736.2307,2075.967,772.24335,2115.5842,820.01404,2154.6738,888.053,2197.3738,969.8685,2223.2227,1058.4731,2229.983,1149.3477,2221.5503,1229.8276,2193.1038,1295.3799,2152.6548,1342.0824,2115.1392,1376.578,2081.7473
173,173,2883,736.2916,2076.2202,772.45447,2060.3105,820.4665,2042.7388,884.1617,2021.5806,974.262,2001.2874,1060.9047,2021.7883,1148.7019,2002.9939,1236.3046,2025.9281,1299.073,2048.1594,1343.3124,2067.065,1376.6064,2081.863,1350.3063,2085.4895,1299.6617,2091.613,1256.1571,2094.744,1200.3976,2097.7495,1135.0311,2102.2322,1059.6625,2105.2207,986.39667,2100.0955,919.9431,2094.4045,860.6037,2091.7856,814.2647,2087.35,764.54926,2080.5042,1350.3063,2085.4895,1301.1168,2089.9365,1257.5095,2093.0364,1201.1891,2096.7607,1133.3055,2103.5515,1058.0684,2106.8862,983.88605,2101.9114,917.38257,2098.3833,858.16077,2093.5613,814.16113,2088.3962,764.54926,2080.5042,736.2916,2076.2202,772.29333,2115.8354,820.052,2154.9097,888.07996,2197.6023,969.89105,2223.4473,1058.5044,2230.2002,1149.3881,2221.749,1229.8661,2193.2825,1295.4176,2152.8066,1342.119,2115.2715,1376.6064,2081.863
174,174,2900,736.28326,2076.3442,772.4347,2060.42,820.4344,2042.8405,884.12646,2021.6794,974.2318,2001.4003,1060.8899,2021.9138,1148.6948,2003.131,1236.302,2026.0753,1299.0731,2048.3198,1343.3153,2067.247,1376.6165,2082.0715,1350.3088,2085.693,1299.6599,2091.81,1256.1527,2094.92,1200.3918,2097.8997,1135.0234,2102.3535,1059.6525,2105.3225,986.3809,2100.1873,919.92926,2094.499,860.5957,2091.8855,814.2628,2087.4553,764.5463,2080.6162,1350.3088,2085.693,1301.1146,2090.1125,1257.5033,2093.2014,1201.1814,2096.924,1133.2955,2103.7148,1058.0546,2107.0364,983.8632,2102.0347,917.364,2098.4841,858.1518,2093.6477,814.1572,2088.4863,764.5463,2080.6162,736.28326,2076.3442,772.27844,2115.9436,820.0268,2155.0095,888.0452,2197.7156,969.8626,2223.5947,1058.4962,2230.383,1149.3878,2221.954,1229.8685,2193.4944,1295.4227,2153.0156,1342.1267,2115.4792,1376.6165,2082.0715
175,175,2916,736.1813,2076.4788,772.30707,2060.5305,820.29114,2042.9391,883.99347,2021.758,974.12836,2001.4775,1060.804,2021.9966,1148.624,2003.2299,1236.2299,2026.1892,1298.9861,2048.4421,1343.2152,2067.3691,1376.501,2082.1995,1350.1952,2085.8245,1299.5238,2091.9475,1256.0232,2095.0703,1200.2797,2098.0544,1134.9163,2102.5015,1059.5472,2105.456,986.2712,2100.318,919.824,2094.6257,860.496,2092.011,814.1796,2087.5771,764.44995,2080.7488,1350.1952,2085.8245,1300.9817,2090.2344,1257.367,2093.3303,1201.0515,2097.0635,1133.164,2103.8662,1057.9181,2107.196,983.7232,2102.1924,917.2367,2098.6355,858.0423,2093.7886,814.0601,2088.6167,764.44995,2080.7488,736.1813,2076.4788,772.1509,2116.0884,819.8731,2155.1658,887.87225,2197.9043,969.69073,2223.8125,1058.3483,2230.61,1149.2595,2222.1726,1229.748,2193.6758,1295.3027,2153.1606,1342.0106,2115.6157,1376.501,2082.1995
176,176,2933,736.0279,2076.6873,772.185,2060.7085,820.197,2043.0974,883.91754,2021.8835,974.07654,2001.5863,1060.7716,2022.098,1148.6019,2003.3359,1236.1979,2026.3081,1298.9357,2048.582,1343.1448,2067.5225,1376.3956,2082.3826,1350.076,2085.999,1299.42,2092.1157,1255.9368,2095.2424,1200.2131,2098.2292,1134.8606,2102.6724,1059.5007,2105.6204,986.2151,2100.4983,919.75275,2094.8123,860.4049,2092.208,814.0789,2087.7783,764.32764,2080.9568,1350.076,2085.999,1300.8798,2090.3865,1257.2804,2093.4814,1200.9788,2097.2258,1133.1025,2104.0322,1057.8575,2107.3577,983.65076,2102.3525,917.15204,2098.7954,857.9437,2093.9468,813.94604,2088.7917,764.32764,2080.9568,736.0279,2076.6873,772.0218,2116.267,819.76263,2155.287,887.77966,2198.0051,969.60724,2223.9187,1058.2631,2230.7327,1149.1791,2222.2876,1229.6604,2193.7893,1295.2151,2153.281,1341.9188,2115.777,1376.3956,2082.3826
177,177,2950,735.87134,2077.194,772.0409,2061.1313,820.06555,2043.4667,883.78784,2022.1971,973.979,2001.8801,1060.7124,2022.364,1148.5533,2003.5664,1236.1292,2026.4894,1298.8362,2048.7385,1343.0239,2067.6602,1376.2546,2082.5273,1349.9247,2086.1394,1299.2805,2092.2542,1255.8257,2095.394,1200.1267,2098.4062,1134.7856,2102.886,1059.4371,2105.868,986.13416,2100.7917,919.6529,2095.1355,860.2902,2092.5671,813.9669,2088.175,764.19934,2081.4229,1349.9247,2086.1394,1300.7458,2090.507,1257.1597,2093.6033,1200.8752,2097.3657,1133.0178,2104.195,1057.7806,2107.5432,983.5623,2102.5703,917.05066,2099.0513,857.83203,2094.2424,813.82404,2089.1526,764.19934,2081.4229,735.87134,2077.194,771.89655,2116.665,819.6626,2155.5432,887.7035,2198.169,969.537,2224.0366,1058.1846,2230.8347,1149.0818,2222.3677,1229.5352,2193.868,1295.0825,2153.3665,1341.7856,2115.8948,1376.2546,2082.5273
178,178,2966,735.79205,2077.7122,771.96063,2061.6008,819.9833,2043.8866,883.7109,2022.5599,973.9124,2002.1571,1060.6425,2022.6165,1148.4498,2003.7637,1236.0132,2026.6633,1298.7263,2048.906,1342.9175,2067.84,1376.15,2082.7283,1349.8065,2086.3489,1299.1503,2092.4827,1255.7024,2095.6401,1200.0177,2098.681,1134.6998,2103.1943,1059.3827,2106.2122,986.0741,2101.1726,919.59033,2095.5574,860.22864,2093.0176,813.9096,2088.6482,764.1298,2081.9226,1349.8065,2086.3489,1300.6328,2090.7207,1257.0452,2093.8262,1200.7738,2097.5947,1132.9381,2104.4387,1057.726,2107.811,983.50085,2102.8762,916.99036,2099.4065,857.77203,2094.6545,813.7593,2089.598,764.1298,2081.9226,735.79205,2077.7122,771.8071,2117.1353,819.57074,2155.9702,887.62244,2198.5227,969.4753,2224.3313,1058.1522,2231.0916,1149.0457,2222.6055,1229.4897,2194.1162,1295.0282,2153.6086,1341.7142,2116.108,1376.15,2082.7283
179,179,2983,735.7568,2078.432,771.91345,2062.2625,819.9252,2044.4792,883.6395,2023.041,973.8522,2002.5157,1060.5807,2022.949,1148.3652,2004.0671,1235.9247,2026.9988,1298.6178,2049.2783,1342.7771,2068.2363,1375.9728,2083.1484,1349.6384,2086.7822,1298.9922,2092.9521,1255.5697,2096.1604,1199.9087,2099.2466,1134.6158,2103.794,1059.3313,2106.823,986.0332,2101.8352,919.555,2096.2507,860.19617,2093.718,813.87866,2089.3374,764.09064,2082.6255,1349.6384,2086.7822,1300.484,2091.159,1256.9197,2094.281,1200.6702,2098.0784,1132.8531,2104.9536,1057.66,2108.3643,983.44403,2103.471,916.9405,2100.0393,857.729,2095.314,813.7205,2090.2717,764.09064,2082.6255,735.7568,2078.432,771.7578,2117.8523,819.5092,2156.6978,887.5537,2199.3127,969.4141,2225.1567,1058.101,2231.8677,1148.9963,2223.3174,1229.4288,2194.7097,1294.9365,2154.0823,1341.58,2116.54,1375.9728,2083.1484
180,180,3000,735.5857,2079.0012,771.79517,2062.863,819.8351,2045.118,883.5609,2023.6757,973.80194,2003.093,1060.552,2023.5063,1148.3519,2004.572,1235.922,2027.468,1298.6168,2049.6885,1342.7825,2068.5789,1375.9868,2083.4468,1349.6499,2087.1235,1298.9961,2093.3855,1255.5687,2096.7168,1199.9064,2099.935,1134.607,2104.583,1059.311,2107.6616,985.99615,2102.7139,919.4985,2097.1096,860.11487,2094.5088,813.7699,2090.044,763.93066,2083.252,1349.6499,2087.1235,1300.4894,2091.586,1256.9204,2094.7952,1200.6682,2098.6755,1132.8448,2105.6123,1057.6368,2109.0737,983.4003,2104.2312,916.8717,2100.8352,857.6289,2096.0989,813.59467,2090.9893,763.93066,2083.252,735.5857,2079.0012,771.6071,2118.509,819.39374,2157.407,887.48145,2200.0244,969.37354,2225.8389,1058.0825,2232.5056,1148.9917,2223.9048,1229.4277,2195.235,1294.9409,2154.5293,1341.5916,2116.9126,1375.9868,2083.4468
181,181,3016,735.2768,2079.7773,771.4537,2063.6116,819.49475,2045.8202,883.27277,2024.3544,973.59155,2003.7181,1060.4083,2024.0891,1148.2498,2005.093,1235.8787,2027.931,1298.6058,2050.1287,1342.7806,2069.0376,1375.9882,2083.9143,1349.6469,2087.6272,1298.9753,2093.976,1255.5355,2097.3599,1199.8552,2100.6362,1134.5314,2105.3333,1059.1948,2108.4448,985.82385,2103.531,919.29535,2097.9526,859.89484,2095.3394,813.5288,2090.8604,763.6467,2084.0312,1349.6469,2087.6272,1300.469,2092.1562,1256.8811,2095.402,1200.6147,2099.3252,1132.7727,2106.3142,1057.53,2109.8408,983.2422,2105.0544,916.6761,2101.71,857.4047,2096.9863,813.3465,2091.839,763.6467,2084.0312,735.2768,2079.7773,771.26166,2119.3577,819.07196,2158.3298,887.23126,2200.883,969.22253,2226.5928,1058.0234,2233.1633,1148.973,2224.4968,1229.4219,2195.7874,1294.9387,2155.0813,1341.5916,2117.4175,1375.9882,2083.9143
182,182,3033,734.7358,2080.4673,770.91943,2064.301,818.9834,2046.5122,882.79395,2025.0579,973.19183,2004.4618,1060.0977,2024.8135,1147.997,2005.8181,1235.692,2028.5795,1298.4644,2050.716,1342.6652,2069.5774,1375.8738,2084.4204,1349.5251,2088.1511,1298.8472,2094.5378,1255.3762,2097.9714,1199.6644,2101.2915,1134.29,2106.0222,1058.899,2109.1511,985.46155,2104.2444,918.87213,2098.6538,859.4248,2096.0293,813.01526,2091.538,763.10944,2084.7148,1349.5251,2088.1511,1300.3396,2092.7207,1256.7267,2096.0066,1200.4188,2099.9585,1132.5216,2106.965,1057.2239,2110.5112,982.8749,2105.7432,916.24225,2102.4116,856.9151,2097.6892,812.8211,2092.5283,763.10944,2084.7148,734.7358,2080.4673,770.73126,2120.0618,818.57605,2159.0369,886.8104,2201.5872,968.878,2227.2808,1057.7449,2233.831,1148.7328,2225.1372,1229.2247,2196.395,1294.78,2155.65,1341.4625,2117.9614,1375.8738,2084.4204
183,183,3050,734.6411,2081.1384,770.7775,2064.8816,818.8046,2046.9878,882.6128,2025.4182,973.0674,2004.7195,1060.0112,2025.0432,1147.9111,2006.002,1235.6238,2028.7639,1298.3936,2050.9365,1342.5729,2069.8462,1375.7411,2084.7446,1349.3817,2088.466,1298.7101,2094.8552,1255.2596,2098.303,1199.5624,2101.655,1134.2012,2106.4314,1058.8308,2109.595,985.3763,2104.736,918.7728,2099.1824,859.32465,2096.5935,812.92346,2092.1326,763.01996,2085.3552,1349.3817,2088.466,1300.2026,2093.046,1256.5947,2096.3372,1200.3002,2100.2917,1132.4181,2107.3098,1057.1455,2110.8784,982.7833,2106.1504,916.1424,2102.88,856.8124,2098.233,812.71844,2093.1267,763.01996,2085.3552,734.6411,2081.1384,770.6273,2120.6753,818.46814,2159.563,886.7099,2202.0305,968.79333,2227.6797,1057.6838,2234.1929,1148.6599,2225.4966,1229.1434,2196.7605,1294.6901,2156.0115,1341.359,2118.3035,1375.7411,2084.7446
184,184,3066,734.622,2081.6948,770.7569,2065.417,818.7785,2047.4971,882.57513,2025.8708,973.03436,2005.0985,1059.984,2025.3722,1147.8741,2006.2673,1235.58,2028.9818,1298.3317,2051.1338,1342.4851,2070.0247,1375.6237,2084.9148,1349.2821,2088.6448,1298.6383,2095.0413,1255.207,2098.5159,1199.5225,2101.913,1134.173,2106.751,1058.815,2109.9695,985.3592,2105.1692,918.7532,2099.6465,859.3027,2097.0828,812.9031,2092.6404,762.9994,2085.9036,1349.2821,2088.6448,1300.1367,2093.2534,1256.5471,2096.5703,1200.2631,2100.5576,1132.39,2107.6113,1057.128,2111.2131,982.7636,2106.528,916.11945,2103.3027,856.787,2098.7014,812.6933,2093.6343,762.9994,2085.9036,734.622,2081.6948,770.6132,2121.1885,818.4561,2160.017,886.7008,2202.4604,968.7859,2228.0918,1057.6754,2234.573,1148.6426,2225.8354,1229.1136,2197.0547,1294.6412,2156.2397,1341.2792,2118.4949,1375.6237,2084.9148
185,185,3083,734.6047,2082.4077,770.7159,2066.1277,818.72864,2048.1394,882.5264,2026.4667,972.9756,2005.6188,1059.9098,2025.8391,1147.7603,2006.6641,1235.495,2029.3268,1298.299,2051.491,1342.4689,2070.462,1375.6194,2085.387,1349.2601,2089.1318,1298.6028,2095.5808,1255.1708,2099.0278,1199.4867,2102.412,1134.1464,2107.2615,1058.7955,2110.5244,985.33124,2105.753,918.73126,2100.2896,859.29047,2097.765,812.8903,2093.3474,762.9866,2086.5706,1349.2601,2089.1318,1300.0939,2093.7705,1256.4977,2097.0872,1200.223,2101.064,1132.3672,2108.113,1057.1187,2111.7297,982.75323,2107.09,916.11334,2103.913,856.78357,2099.3396,812.6896,2094.2856,762.9866,2086.5706,734.6047,2082.4077,770.5667,2121.9417,818.39685,2160.8687,886.64606,2203.2822,968.7687,2228.838,1057.6764,2235.246,1148.6613,2226.4658,1229.1354,2197.6812,1294.6494,2156.8682,1341.2794,2119.0232,1375.6194,2085.387
186,186,3100,734.6219,2082.8884,770.7224,2066.5913,818.7278,2048.5586,882.5221,2026.8684,972.9692,2006.0044,1059.9031,2026.2009,1147.7563,2006.9814,1235.4906,2029.625,1298.2958,2051.821,1342.4607,2070.8362,1375.599,2085.7734,1349.2325,2089.5327,1298.5835,2095.9954,1255.1659,2099.4097,1199.4829,2102.7517,1134.1449,2107.587,1058.7948,2110.8752,985.3327,2106.116,918.7366,2100.6892,859.30676,2098.2073,812.9094,2093.8274,763.0048,2087.0525,1349.2325,2089.5327,1300.0756,2094.1733,1256.4893,2097.4956,1200.219,2101.492,1132.3643,2108.5728,1057.1184,2112.2195,982.75507,2107.5935,916.118,2104.4043,856.79535,2099.8132,812.7079,2094.758,763.0048,2087.0525,734.6219,2082.8884,770.5758,2122.46,818.40234,2161.4958,886.6515,2203.996,968.78046,2229.5671,1057.713,2235.9377,1148.7076,2227.1167,1229.169,2198.2778,1294.6571,2157.395,1341.2777,2119.4546,1375.599,2085.7734
187,187,3116,734.872,2083.0989,770.9935,2066.8425,818.9745,2048.844,882.7264,2027.1602,973.1089,2006.2764,1059.9954,2026.4827,1147.8008,2007.2393,1235.5107,2029.8958,1298.3071,2052.0889,1342.4658,2071.0813,1375.6067,2085.9897,1349.2527,2089.769,1298.616,2096.2278,1255.2067,2099.6497,1199.538,2102.991,1134.2279,2107.8252,1058.9141,2111.1191,985.47974,2106.3591,918.91296,2100.9312,859.50446,2098.4465,813.11316,2094.0637,763.21747,2087.284,1349.2527,2089.769,1300.1144,2094.4507,1256.5432,2097.786,1200.2893,2101.7805,1132.4596,2108.8562,1057.2465,2112.4985,982.9058,2107.8757,916.2929,2104.6838,856.9874,2100.0903,812.9116,2095.0266,763.21747,2087.284,734.872,2083.0989,770.83484,2122.684,818.65015,2161.7244,886.8719,2204.2412,968.9732,2229.8245,1057.8994,2236.193,1148.8667,2227.3699,1229.279,2198.5283,1294.7173,2157.6316,1341.3014,2119.6826,1375.6067,2085.9897
188,188,3133,734.9908,2083.3801,771.0923,2067.1519,819.04816,2049.1902,882.7725,2027.5264,973.13257,2006.6329,1060.0104,2026.8483,1147.8009,2007.5869,1235.5079,2030.248,1298.3049,2052.435,1342.464,2071.4211,1375.6057,2086.3281,1349.2524,2090.1204,1298.6156,2096.5884,1255.2076,2100.0295,1199.5427,2103.3872,1134.2435,2108.2292,1058.9497,2111.5225,985.5268,2106.7583,918.977,2101.3125,859.5901,2098.7935,813.2095,2094.373,763.3179,2087.5703,1349.2524,2090.1204,1300.1143,2094.848,1256.5448,2098.217,1200.2969,2102.2327,1132.4792,2109.3062,1057.2877,2112.9253,982.9567,2108.2822,916.36523,2105.0637,857.08,2100.4412,813.0132,2095.3516,763.3179,2087.5703,734.9908,2083.3801,770.95703,2122.9841,818.7684,2162.0205,886.9677,2204.54,969.0507,2230.1484,1057.9834,2236.548,1148.9337,2227.7378,1229.3193,2198.9167,1294.7334,2158.0195,1341.3044,2120.052,1375.6057,2086.3281
189,189,3150,735.0739,2083.8079,771.12274,2067.504,819.05664,2049.4817,882.77277,2027.7814,973.1292,2006.8826,1060.0065,2027.1128,1147.7957,2007.9071,1235.503,2030.6736,1298.2998,2052.9766,1342.4586,2072.0955,1375.6011,2087.1328,1349.2429,2090.8684,1298.5994,2097.2012,1255.1915,2100.5117,1199.5328,2103.745,1134.2407,2108.4905,1058.9481,2111.7302,985.5306,2106.9453,918.99286,2101.5137,859.62787,2099.0342,813.269,2094.673,763.4027,2087.952,1349.2429,2090.8684,1300.0985,2095.5005,1256.5298,2098.7769,1200.2883,2102.6914,1132.4769,2109.685,1057.288,2113.2466,982.9632,2108.5845,916.38525,2105.3628,857.1203,2100.7593,813.075,2095.6987,763.4027,2087.952,735.0739,2083.8079,771.00555,2123.364,818.79834,2162.3574,886.98224,2204.842,969.05884,2230.4395,1057.9956,2236.867,1148.9423,2228.113,1229.3229,2199.3977,1294.7338,2158.63,1341.3033,2120.7693,1375.6011,2087.1328
190,190,3166,735.193,2084.0493,771.1934,2067.6782,819.09424,2049.5994,882.7901,2027.8624,973.1301,2006.952,1060.003,2027.1989,1147.7913,2008.03,1235.5001,2030.9028,1298.3,2053.3254,1342.4668,2072.5754,1375.62,2087.7566,1349.2537,2091.4314,1298.6003,2097.62,1255.1901,2100.8066,1199.5306,2103.9246,1134.2389,2108.5884,1058.9504,2111.7854,985.5494,2106.9893,919.0406,2101.569,859.71045,2099.1243,813.3797,2094.813,763.52905,2088.1592,1349.2537,2091.4314,1300.1017,2095.9421,1256.5293,2099.1094,1200.2867,2102.9197,1132.4767,2109.84,1057.2919,2113.3604,982.9781,2108.6882,916.42316,2105.4658,857.1906,2100.8813,813.17303,2095.8567,763.52905,2088.1592,735.193,2084.0493,771.08,2123.5708,818.8464,2162.552,887.01025,2205.0325,969.07587,2230.6335,1058.0171,2237.0874,1148.9705,2228.387,1229.3561,2199.7744,1294.7705,2159.1108,1341.3368,2121.3203,1375.62,2087.7566
191,191,3183,735.5755,2084.5188,771.35455,2067.9255,819.14594,2049.6775,882.7972,2027.8601,973.1272,2006.9375,1059.9897,2027.1748,1147.7567,2008.0277,1235.4955,2030.9797,1298.301,2053.607,1342.4885,2073.1365,1375.6606,2088.6543,1349.2732,2092.1758,1298.601,2098.0708,1255.1874,2101.05,1199.5197,2104.0107,1134.2296,2108.5967,1058.9502,2111.777,985.5831,2106.98,919.15466,2101.575,859.9322,2099.1895,813.7084,2094.9812,763.9354,2088.5107,1349.2732,2092.1758,1300.1078,2096.421,1256.5281,2099.3892,1200.2843,2103.0342,1132.4746,2109.871,1057.2948,2113.364,983.0092,2108.694,916.5234,2105.4956,857.393,2100.9763,813.4646,2096.0544,763.9354,2088.5107,735.5755,2084.5188,771.3539,2123.8848,819.04254,2162.7185,887.13184,2205.102,969.1318,2230.667,1058.0428,2237.1333,1148.9877,2228.4863,1229.377,2200.0256,1294.8125,2159.5864,1341.3914,2122.019,1375.6606,2088.6543
192,192,3200,737.7827,2086.5073,772.5963,2069.1113,819.8169,2050.0928,883.10095,2027.885,973.1644,2006.8856,1059.9716,2027.0785,1147.6248,2008.0128,1235.3936,2031.1473,1298.275,2054.4443,1342.4877,2075.0881,1375.6671,2091.834,1349.2605,2094.7305,1298.5444,2099.5747,1255.1136,2101.6858,1199.4569,2104.1191,1134.2122,2108.5903,1058.9749,2111.7024,985.8157,2106.9338,919.8439,2101.572,861.2398,2099.406,815.5237,2095.6936,766.1374,2089.9258,1349.2605,2094.7305,1300.0533,2097.9624,1256.44,2100.1729,1200.2244,2103.2524,1132.4689,2109.8801,1057.3589,2113.3557,983.3467,2108.6865,917.3793,2105.522,858.87683,2101.2305,815.33594,2096.7603,766.1374,2089.9258,737.7827,2086.5073,772.903,2125.1438,820.07446,2163.3022,887.66473,2205.1987,969.37604,2230.6562,1058.1836,2237.1248,1149.0898,2228.515,1229.4457,2200.4028,1294.8671,2160.8594,1341.4283,2124.2615,1375.6671,2091.834
193,193,3216,743.4815,2089.9883,776.5422,2071.2766,822.44763,2051.01,884.7364,2028.0162,973.8282,2006.881,1060.1113,2027.0652,1147.6157,2008.0175,1235.273,2031.6552,1298.0227,2056.2454,1342.1174,2078.5752,1375.072,2097.0742,1348.5988,2098.999,1298.0344,2102.0752,1254.8115,2102.822,1199.3514,2104.3376,1134.2123,2108.5867,1059.3081,2111.6274,986.9144,2106.8906,921.9669,2101.5898,864.49695,2099.8298,819.7527,2096.9495,771.4926,2092.5347,1348.5988,2098.999,1299.5623,2100.7622,1256.0996,2101.8137,1200.1191,2103.931,1132.4739,2110.0688,1057.7513,2113.3962,984.5525,2108.7605,919.6314,2105.799,862.3152,2102.0354,819.60095,2098.3782,771.4926,2092.5347,743.4815,2089.9883,777.5166,2127.442,823.6978,2164.4512,890.08484,2205.5188,970.673,2230.7126,1058.6862,2237.1763,1149.1715,2228.7488,1229.4435,2201.3335,1294.7822,2163.1372,1341.1642,2128.097,1375.072,2097.0742
194,194,3233,752.37494,2095.2634,782.71313,2074.595,826.4863,2052.3716,887.2095,2028.1102,974.93304,2006.6313,1060.2562,2026.5472,1147.3926,2007.8483,1234.2426,2031.8887,1296.1655,2057.8293,1339.4109,2081.9624,1371.1273,2102.3716,1344.6104,2103.2048,1294.59,2104.5571,1252.4219,2103.9463,1198.1423,2104.5344,1134.0175,2108.5515,1059.5782,2111.4397,988.27484,2106.7888,924.97253,2101.638,869.4951,2100.631,826.6535,2099.0183,779.9822,2096.4749,1344.6104,2103.2048,1296.1777,2103.6785,1253.6666,2103.5833,1198.9417,2104.6592,1132.2747,2110.2078,1058.0072,2113.406,986.0031,2108.809,922.77985,2106.1465,867.6651,2103.2236,826.69495,2100.754,779.9822,2096.4749,752.37494,2095.2634,784.75104,2131.019,828.9651,2166.4001,893.08813,2206.1611,971.95795,2230.9153,1058.9525,2237.3765,1149.1171,2229.2502,1228.9174,2202.8398,1293.4719,2166.1797,1338.7546,2132.4622,1371.1273,2102.3716
195,195,3250,759.8302,2098.3252,788.36346,2076.4185,830.58386,2052.9517,890.0151,2028.1036,976.4128,2006.0282,1060.5428,2025.8533,1147.2,2007.602,1233.0754,2032.1453,1294.0404,2059.5542,1336.2272,2085.4983,1366.4056,2107.581,1339.7899,2107.3147,1290.6404,2106.9253,1249.7952,2104.8835,1196.7966,2104.59,1133.8048,2108.2847,1059.954,2110.7659,989.9081,2106.1104,928.03546,2101.4983,874.0201,2100.7566,832.63196,2099.9067,787.14185,2098.6428,1339.7899,2107.3147,1292.35,2106.1292,1251.0146,2104.7742,1197.7245,2104.9282,1132.0912,2110.1995,1058.3794,2113.2412,987.6939,2108.667,925.92017,2106.1414,872.45496,2103.4397,832.718,2101.6733,787.14185,2098.6428,759.8302,2098.3252,790.7993,2132.8381,833.47174,2167.2534,895.8876,2206.4219,973.3479,2231.0164,1059.3107,2237.519,1149.0894,2229.7478,1228.4578,2204.2402,1292.1161,2168.7854,1335.945,2136.376,1366.4056,2107.581
196,196,3266,764.08936,2101.3538,791.51794,2078.2815,832.64044,2053.5676,891.1627,2028.0876,976.8618,2005.2369,1060.5425,2024.8917,1146.5139,2007.0405,1231.5228,2032.2057,1291.6924,2060.6497,1332.9437,2087.9263,1361.9094,2111.2217,1335.2781,2110.2856,1286.8248,2108.6475,1247.0032,2105.5574,1195.0258,2104.6108,1133.1947,2107.9966,1059.9988,2110.1758,990.6253,2105.5925,929.6209,2101.4275,876.5366,2100.9873,836.1185,2100.98,791.2247,2100.9421,1335.2781,2110.2856,1288.6008,2107.9573,1248.0603,2105.6301,1195.9414,2105.0693,1131.4706,2110.1545,1058.4117,2113.0078,988.39355,2108.4785,927.52783,2106.137,875.0958,2103.7056,836.11365,2102.7498,791.2247,2100.9421,764.08936,2101.3538,794.469,2134.6135,836.2121,2167.986,897.47205,2206.5745,973.9632,2231.0393,1059.3547,2237.5542,1148.8063,2229.974,1227.4246,2205.0696,1290.0564,2170.4692,1332.6538,2139.0352,1361.9094,2111.2217
197,197,3283,767.9671,2104.0566,794.42065,2079.933,834.58575,2054.0742,892.25574,2028.0128,977.346,2004.2631,1060.5548,2023.9451,1146.0148,2006.3557,1230.3912,2032.2612,1289.7637,2061.8667,1330.0432,2090.5576,1357.8986,2115.0405,1331.3025,2113.545,1283.7194,2110.5312,1244.6697,2106.2449,1193.5573,2104.6104,1132.7123,2107.4517,1060.0809,2109.2627,991.5051,2104.787,931.33704,2101.2212,879.01227,2101.1328,839.31134,2101.952,795.138,2103.1252,1331.3025,2113.545,1285.4861,2109.9468,1245.5597,2106.581,1194.383,2105.2224,1130.9714,2110.1035,1058.4995,2112.7415,989.35474,2108.2605,929.44543,2106.1267,877.812,2103.9736,839.2773,2103.8203,795.138,2103.1252,767.9671,2104.0566,797.9948,2136.229,839.1271,2168.639,899.4065,2206.6843,974.84937,2231.038,1059.4408,2237.555,1148.4998,2230.1052,1226.1693,2205.716,1287.5905,2171.9329,1329.1976,2141.6624,1357.8986,2115.0405
198,198,3300,770.4385,2105.6436,796.4348,2080.7776,836.0972,2054.192,893.2145,2027.5939,977.8584,2002.6494,1060.5801,2022.4535,1145.6273,2005.1683,1229.5632,2032.2549,1288.2814,2062.5027,1327.8323,2092.0637,1354.8241,2117.152,1328.2905,2115.2747,1281.353,2111.4775,1242.7175,2106.4797,1192.2688,2104.4585,1132.2002,2106.3254,1060.1274,2107.6948,992.27325,2103.3704,932.75977,2100.5679,880.90204,2101.1284,841.49176,2102.411,797.69916,2104.3982,1328.2905,2115.2747,1283.0837,2110.8188,1243.5203,2106.8464,1192.9806,2105.211,1130.4395,2109.627,1058.5524,2111.863,990.21735,2107.5706,931.0255,2105.9414,879.7702,2104.0327,841.4065,2104.3784,797.69916,2104.3982,770.4385,2105.6436,800.13947,2137.3213,840.99066,2169.11,900.8631,2206.7397,975.5875,2231.004,1059.469,2237.48,1148.06,2230.1016,1224.7723,2205.8877,1285.304,2172.5256,1326.3657,2142.9543,1354.8241,2117.152
199,199,3316,773.92566,2107.1084,799.12866,2081.6384,838.00964,2054.3433,894.3823,2027.2476,978.45087,2001.221,1060.6036,2021.0312,1145.205,2003.9528,1228.7764,2032.217,1286.9806,2062.9053,1325.914,2093.0405,1352.2249,2118.4412,1325.7834,2116.386,1279.4178,2112.1929,1241.0978,2106.6997,1191.1964,2104.3486,1131.7992,2105.498,1060.2102,2106.5845,993.253,2102.4124,934.5358,2100.1687,883.3347,2101.1536,844.42413,2102.978,801.2066,2105.6094,1325.7834,2116.386,1281.1218,2111.4116,1241.8677,2107.0298,1191.8882,2105.1921,1130.0887,2109.2249,1058.6917,2111.1873,991.3797,2107.0505,933.02783,2105.8125,882.3202,2104.1206,844.2893,2104.9429,801.2066,2105.6094,773.92566,2107.1084,803.31647,2138.298,843.72003,2169.5327,902.9522,2206.7874,976.7687,2230.9592,1059.6344,2237.382,1147.874,2230.089,1223.8146,2205.94,1283.4763,2172.8157,1323.9889,2143.6938,1352.2249,2118.4412
200,200,3333,776.0608,2107.6396,800.9578,2081.9128,839.4488,2054.337,895.40643,2026.566,979.11115,1999.4575,1060.6735,2019.258,1144.9812,2002.3998,1228.3634,2032.015,1286.2362,2063.006,1324.7585,2093.4016,1350.6416,2118.92,1324.2454,2116.7888,1278.2109,2112.4446,1240.0642,2106.732,1190.5095,2104.026,1131.5582,2104.3472,1060.3496,2105.158,994.20197,2101.089,935.9876,2099.4053,885.1062,2101.1306,846.4347,2103.1462,803.4382,2106.0596,1324.2454,2116.7888,1279.9059,2111.5603,1240.8265,2107.0173,1191.2006,2104.9941,1129.9053,2108.3975,1058.9385,2110.0164,992.57214,2106.049,934.7397,2105.3635,884.24036,2104.11,846.2925,2105.089,803.4382,2106.0596,776.0608,2107.6396,805.40967,2138.673,845.6926,2169.6765,904.6906,2206.7842,977.93384,2230.8052,1059.8973,2237.1582,1147.7832,2230.0073,1223.1862,2205.9177,1282.2859,2172.8625,1322.4939,2143.9333,1350.6416,2118.92
201,201,3350,777.42175,2108.2947,802.102,2082.2158,840.33496,2054.3281,896.02185,2025.8027,979.5354,1997.5734,1060.6859,2017.3235,1144.6143,2000.4973,1227.7388,2031.5261,1285.1074,2062.9631,1322.944,2093.4246,1348.0509,2119.0002,1321.7627,2116.8608,1276.2554,2112.4883,1238.466,2106.7212,1189.4596,2103.6458,1131.1123,2103.3352,1060.3907,2104.0205,994.83484,2100.112,936.987,2098.872,886.3083,2101.1265,847.7344,2103.3896,804.8357,2106.6233,1321.7627,2116.8608,1277.9691,2111.5364,1239.2695,2106.9712,1190.1667,2104.7249,1129.5332,2107.5957,1059.0298,2109.0217,993.3244,2105.2605,935.81775,2105.0557,885.4232,2104.1116,847.52966,2105.3245,804.8357,2106.6233,777.42175,2108.2947,806.629,2139.1992,846.777,2169.9573,905.6837,2206.826,978.621,2230.7607,1059.9929,2237.0437,1147.539,2229.955,1222.211,2205.8901,1280.5631,2172.8083,1320.2318,2143.9294,1348.0509,2119.0002
202,202,3366,778.22266,2109.0515,802.6199,2082.534,840.6708,2054.3142,896.20605,2024.9027,979.6401,1995.4857,1060.6425,2015.0505,1143.9457,1998.1364,1227.0162,2030.5217,1284.259,2062.9343,1321.9526,2093.1604,1346.9355,2118.688,1320.626,2116.6182,1275.1116,2112.3774,1237.3237,2106.7117,1188.5134,2103.0999,1130.5651,2102.263,1060.391,2102.9067,995.1323,2099.2136,937.5343,2098.4163,887.0284,2101.122,848.5361,2103.6885,805.6788,2107.2473,1320.626,2116.6182,1276.772,2111.373,1238.086,2106.955,1189.1711,2104.2524,1129.0239,2106.6616,1059.0358,2107.996,993.6573,2104.4785,936.3659,2104.7485,886.0783,2104.1155,848.29083,2105.578,805.6788,2107.2473,778.22266,2109.0515,807.3048,2139.7278,847.3273,2170.2102,906.175,2206.8428,978.9618,2230.6462,1060.0164,2236.8035,1147.2693,2229.7612,1221.4056,2205.8582,1279.4037,2172.6558,1319.0072,2143.6675,1346.9355,2118.688
203,203,3383,778.2419,2109.1565,802.5306,2082.51,840.6189,2054.2253,896.1912,2023.705,979.6496,1993.555,1060.5105,2013.0657,1143.1669,1996.1934,1226.314,2029.5533,1283.617,2062.9058,1321.3513,2092.9536,1346.3112,2118.548,1319.9181,2116.454,1274.3486,2112.261,1236.4387,2106.652,1187.6699,2102.3438,1129.9618,2100.9172,1060.3638,2101.4548,995.23755,2097.8665,937.7044,2097.4946,887.22766,2100.9954,848.69617,2103.702,805.80096,2107.3184,1319.9181,2116.454,1275.974,2111.2058,1237.2322,2106.876,1188.355,2103.5676,1128.5056,2105.431,1059.0334,2106.6008,993.8078,2103.2373,936.56793,2103.9985,886.26514,2104.0264,848.4747,2105.5476,805.80096,2107.3184,778.2419,2109.1565,807.24054,2139.81,847.26154,2170.2505,906.2112,2206.8347,979.0647,2230.4238,1060.0181,2236.4827,1147.0038,2229.5352,1220.8517,2205.8306,1278.7557,2172.5322,1318.376,2143.4993,1346.3112,2118.548
204,204,3400,778.95355,2108.9783,802.9249,2082.37,840.82733,2053.9426,896.2966,2022.2891,979.7388,1991.589,1060.4854,2011.0824,1142.7966,1994.2479,1225.9792,2028.3815,1283.2224,2062.7385,1320.8248,2092.7178,1345.5186,2118.3806,1319.1373,2116.2344,1273.694,2112.1162,1235.8146,2106.4302,1187.1276,2101.33,1129.5875,2099.388,1060.3633,2099.8213,995.4525,2096.3057,938.042,2096.269,887.67426,2100.6282,849.27045,2103.654,806.53174,2107.1743,1319.1373,2116.2344,1275.3174,2111.0425,1236.6188,2106.6392,1187.79,2102.664,1128.1506,2104.0205,1059.0392,2105.0195,994.0601,2101.7668,936.93604,2102.9634,886.7057,2103.7468,849.01526,2105.489,806.53174,2107.1743,778.95355,2108.9783,807.832,2139.675,847.7366,2170.222,906.60645,2206.5996,979.33014,2229.7112,1060.0294,2235.6167,1146.7272,2228.8484,1220.2439,2205.5344,1278.0209,2172.4202,1317.6147,2143.2585,1345.5186,2118.3806
205,205,3416,779.71747,2108.8062,803.45905,2082.2542,841.1245,2053.7195,896.38995,2021.3374,979.73883,1990.3954,1060.2959,2009.7993,1141.9987,1992.9927,1225.0269,2027.4509,1282.1831,2062.4424,1319.735,2092.4797,1344.487,2117.922,1318.0641,2115.8894,1272.5732,2112.0269,1234.692,2106.0896,1186.21,2100.3623,1128.9448,2098.0789,1060.2844,2098.5142,995.48486,2095.0432,938.21796,2095.2756,888.11084,2100.2996,849.90674,2103.6155,807.29285,2107.0322,1318.0641,2115.8894,1274.1427,2110.9639,1235.5332,2106.3008,1186.8914,2101.9177,1127.5673,2103.067,1059.0033,2104.046,994.11475,2100.874,937.13464,2102.2917,887.13696,2103.5378,849.68335,2105.4434,807.29285,2107.0322,779.71747,2108.8062,808.24805,2139.583,847.87933,2170.1912,906.627,2206.492,979.3443,2229.3103,1060.0043,2235.1284,1146.3368,2228.3718,1219.5349,2205.2405,1277.1427,2172.3816,1316.6543,2142.9817,1344.487,2117.922
206,206,3433,779.9961,2108.7178,803.61743,2082.1543,841.1742,2053.4888,896.3738,2020.4336,979.7266,1989.2432,1060.0984,2008.5508,1141.3824,1991.7753,1224.4719,2026.552,1281.674,2062.1653,1319.2407,2092.2703,1344.0076,2117.6772,1317.5721,2115.6616,1272.0278,2111.9165,1234.097,2105.8672,1185.6403,2099.6875,1128.4655,2097.1985,1060.2114,2097.6409,995.49664,2094.1936,938.2816,2094.583,888.28534,2100.074,850.16296,2103.5764,807.5541,2106.952,1317.5721,2115.6616,1273.563,2110.8406,1234.9436,2106.1233,1186.304,2101.4302,1127.1039,2102.4053,1058.9641,2103.3516,994.138,2100.2126,937.2133,2101.7983,887.3148,2103.4006,849.95447,2105.3933,807.5541,2106.952,779.9961,2108.7178,808.40955,2139.537,847.9154,2170.169,906.60565,2206.444,979.3406,2229.0952,1059.974,2234.8757,1146.0116,2228.1516,1219.0541,2205.1455,1276.6576,2172.2761,1316.1869,2142.7937,1344.0076,2117.6772
207,207,3450,780.6529,2108.5994,804.1065,2082.0623,841.44556,2053.2798,896.4474,2019.7804,979.7215,1988.5369,1059.9391,2007.765,1140.8385,1990.9774,1223.8668,2025.7853,1281.0756,2061.7756,1318.6855,2092.1118,1343.565,2117.3298,1317.1187,2115.4019,1271.5223,2111.8748,1233.5555,2105.4087,1185.1462,2098.7744,1128.0618,2096.1326,1060.1544,2096.6365,995.5238,2093.1946,938.41595,2093.738,888.63055,2099.723,850.70605,2103.555,808.21075,2106.8394,1317.1187,2115.4019,1273.0548,2110.7964,1234.4657,2105.7466,1185.8582,2100.8008,1126.7621,2101.6836,1058.9446,2102.6511,994.19543,2099.5376,937.38965,2101.2363,887.68585,2103.1711,850.51666,2105.369,808.21075,2106.8394,780.6529,2108.5994,808.82874,2139.4695,848.1173,2170.144,906.6703,2206.3706,979.36835,2228.8315,1059.9619,2234.555,1145.7764,2227.8271,1218.688,2204.931,1276.2777,2172.2502,1315.8046,2142.5913,1343.565,2117.3298
208,208,3466,781.14325,2108.6711,804.4733,2082.0085,841.66974,2053.124,896.5375,2019.2361,979.7511,1987.8903,1059.8928,2007.1017,1140.6011,1990.2104,1223.6304,2025.0911,1280.7832,2061.4148,1318.3107,2091.9856,1343.0769,2117.0706,1316.6394,2115.196,1271.1138,2111.8474,1233.1978,2105.1018,1184.8364,2098.2244,1127.8138,2095.5632,1060.1377,2096.1282,995.6258,2092.7253,938.6463,2093.3213,888.9843,2099.5688,851.161,2103.5247,808.73303,2106.8555,1316.6394,2115.196,1272.6558,2110.7402,1234.1217,2105.4001,1185.5527,2100.2615,1126.5365,2101.099,1058.9408,2102.1086,994.3204,2099.0903,937.6237,2100.9165,888.01654,2103.089,850.9507,2105.329,808.73303,2106.8555,781.14325,2108.6711,809.2466,2139.5046,848.44855,2170.1426,906.9208,2206.3438,979.50073,2228.6272,1059.9618,2234.2415,1145.5797,2227.48,1218.3221,2204.6519,1275.8417,2172.175,1315.3462,2142.43,1343.0769,2117.0706
209,209,3483,781.74097,2108.5352,804.8886,2081.9514,841.95264,2052.7375,896.6583,2018.5005,979.76874,1987.2007,1059.7947,2006.3779,1140.2517,1989.5717,1223.237,2024.5022,1280.3423,2061.0784,1317.8572,2091.8638,1342.5795,2116.8726,1316.0637,2115.0188,1270.5325,2111.8184,1232.5897,2104.798,1184.3447,2097.6128,1127.4453,2094.776,1060.0808,2095.2803,995.6887,2091.8965,938.88403,2092.6,889.4481,2099.2024,851.7393,2103.4944,809.43915,2106.755,1316.0637,2115.0188,1272.1193,2110.6936,1233.6753,2105.2441,1185.194,2100.0493,1126.2865,2100.8936,1058.9292,2101.8906,994.4047,2098.8733,937.8383,2100.69,888.40643,2102.973,851.51434,2105.312,809.43915,2106.755,781.74097,2108.5352,809.62555,2139.4456,848.6781,2170.1243,907.048,2206.304,979.5545,2228.4753,1059.9506,2234.0671,1145.3524,2227.313,1217.9624,2204.5454,1275.4562,2172.1125,1314.9438,2142.2847,1342.5795,2116.8726
210,210,3500,781.845,2108.528,804.9897,2081.8872,842.04706,2052.5566,896.70184,2018.1074,979.77496,1986.8589,1059.7118,2006.052,1140.0121,1989.2646,1223.0387,2024.1888,1280.1793,2060.9092,1317.7594,2091.7354,1342.5671,2116.7576,1316.0261,2114.8923,1270.424,2111.7424,1232.4152,2104.684,1184.1292,2097.3997,1127.2164,2094.5579,1060.0366,2095.0625,995.728,2091.6653,938.98694,2092.3499,889.5803,2099.0774,851.8507,2103.465,809.53284,2106.7336,1316.0261,2114.8923,1272.0284,2110.6162,1233.525,2105.1301,1184.9847,2099.8467,1126.0803,2100.6655,1058.9092,2101.6587,994.44934,2098.6687,937.9193,2100.5295,888.49084,2102.9304,851.5927,2105.2754,809.53284,2106.7336,781.845,2108.528,809.7194,2139.4434,848.78516,2170.1123,907.14734,2206.2502,979.6054,2228.24,1059.9354,2233.773,1145.1356,2227.013,1217.6526,2204.335,1275.2083,2172.087,1314.8223,2142.1648,1342.5671,2116.7576
211,211,3516,782.0824,2108.547,805.2266,2081.834,842.2254,2052.3853,896.78534,2017.7035,979.82733,1986.4293,1059.7094,2005.6501,1139.9805,1988.8687,1223.0184,2023.8488,1280.123,2060.7158,1317.6553,2091.6396,1342.3962,2116.6487,1315.8899,2114.7832,1270.3112,2111.699,1232.3213,2104.5686,1184.038,2097.234,1127.1187,2094.4263,1060.0352,2094.934,995.85486,2091.5437,939.1984,2092.1948,889.82275,2098.9937,852.10785,2103.44,809.75354,2106.742,1315.8899,2114.7832,1271.9592,2110.5588,1233.4816,2105.032,1184.9204,2099.6992,1126.0114,2100.519,1058.9136,2101.5154,994.5782,2098.5366,938.0881,2100.4214,888.66626,2102.9067,851.7857,2105.247,809.75354,2106.742,782.0824,2108.547,810.0012,2139.4568,849.048,2170.103,907.36334,2206.2295,979.72473,2228.1497,1059.9346,2233.6694,1144.9851,2226.9048,1217.4097,2204.2412,1274.985,2172.0605,1314.625,2142.0657,1342.3962,2116.6487
212,212,3533,782.3192,2108.506,805.4837,2081.7847,842.45776,2052.2324,896.93134,2017.4181,979.9142,1986.191,1059.7069,2005.4283,1139.9528,1988.6586,1222.9736,2023.629,1280.017,2060.5984,1317.4825,2091.5369,1342.118,2116.617,1315.6661,2114.7253,1270.1456,2111.6208,1232.1682,2104.5212,1183.9128,2097.1565,1127.0128,2094.3806,1060.0345,2094.8816,995.98804,2091.4834,939.411,2092.0828,890.0606,2098.918,852.3326,2103.417,809.95,2106.7156,1315.6661,2114.7253,1271.8468,2110.4653,1233.4021,2105.0205,1184.8358,2099.6665,1125.9385,2100.4924,1058.9207,2101.4763,994.6953,2098.476,938.23706,2100.3442,888.8179,2102.88,851.9491,2105.2185,809.95,2106.7156,782.3192,2108.506,810.2907,2139.4297,849.333,2170.0942,907.58026,2206.1616,979.83905,2228.0193,1059.9342,2233.5596,1144.8224,2226.8162,1217.1383,2204.1907,1274.7091,2171.9934,1314.3665,2141.9993,1342.118,2116.617
213,213,3550,782.32733,2108.668,805.5101,2081.7766,842.50214,2052.1924,896.97205,2017.2549,979.97784,1985.9402,1059.7069,2005.1846,1139.95,1988.3739,1222.9971,2023.4227,1280.0903,2060.5317,1317.621,2091.4617,1342.3047,2116.7698,1315.8711,2114.823,1270.2896,2111.5667,1232.2446,2104.5159,1183.9204,2097.1687,1126.979,2094.4465,1060.0414,2094.9702,996.11194,2091.554,939.5524,2092.099,890.1597,2098.9263,852.35114,2103.4653,809.9099,2106.8667,1315.8711,2114.823,1271.9989,2110.4285,1233.489,2105.0142,1184.8473,2099.6804,1125.912,2100.5156,1058.9374,2101.512,994.8002,2098.4966,938.33795,2100.3455,888.8675,2102.8967,851.9379,2105.2825,809.9099,2106.8667,782.32733,2108.668,810.44995,2139.5256,849.58545,2170.0942,907.8206,2206.1316,979.98737,2227.9116,1059.9452,2233.4646,1144.7565,2226.7463,1217.0432,2204.1768,1274.682,2171.918,1314.4476,2142.0537,1342.3047,2116.7698
214,214,3566,782.7238,2108.7397,805.9187,2081.7617,842.9108,2052.165,897.33295,2017.1725,980.3377,1985.8894,1059.8934,2005.1506,1140.0667,1988.3455,1223.0895,2023.3767,1280.128,2060.5083,1317.7546,2091.4316,1342.5157,2116.9424,1316.0942,2114.9275,1270.4606,2111.5183,1232.3569,2104.5056,1183.9537,2097.1687,1127.0049,2094.4697,1060.2045,2094.9854,996.49115,2091.5635,939.97003,2092.077,890.5567,2098.9158,852.7073,2103.4604,810.27136,2106.929,1316.0942,2114.9275,1272.1711,2110.394,1233.5929,2104.9995,1184.8636,2099.6824,1125.9598,2100.5322,1059.1533,2101.526,995.16815,2098.4954,938.7015,2100.333,889.20514,2102.8904,852.25397,2105.2903,810.27136,2106.929,782.7238,2108.7397,810.9444,2139.5532,850.1273,2170.0845,908.335,2206.0796,980.39185,2227.7947,1060.0999,2233.3645,1144.7593,2226.679,1217.0626,2204.164,1274.7625,2171.8557,1314.5955,2142.111,1342.5157,2116.9424
215,215,3583,783.02673,2108.8613,806.24243,2081.751,843.26154,2052.1108,897.69543,2017.0114,980.7898,1985.6975,1060.2258,2004.9738,1140.4054,1988.1624,1223.541,2023.249,1280.4723,2060.484,1317.8816,2091.4036,1342.6956,2117.143,1316.2628,2115.0742,1270.5137,2111.492,1232.4396,2104.4983,1184.1456,2097.1729,1127.2065,2094.4941,1060.5406,2095.0024,997.0231,2091.581,940.4757,2092.0693,890.99146,2098.912,853.0534,2103.4773,810.5513,2107.0427,1316.2628,2115.0742,1272.1964,2110.3916,1233.7238,2105.0017,1185.0872,2099.6936,1126.1945,2100.551,1059.562,2101.5503,995.7048,2098.509,939.1777,2100.3333,889.5937,2102.8982,852.5773,2105.334,810.5513,2107.0427,783.02673,2108.8613,811.3863,2139.637,850.69116,2170.0928,908.9816,2206.0713,981.0077,2227.7446,1060.4612,2233.318,1144.8842,2226.6477,1217.1426,2204.1465,1274.7837,2171.8066,1314.6877,2142.2078,1342.6956,2117.143
216,216,3600,784.1501,2108.8337,807.2738,2081.7244,844.1376,2052.031,898.39514,2016.8706,981.4206,1985.5575,1060.6586,2004.8364,1140.7992,1988.0461,1223.9143,2023.164,1280.6771,2060.4521,1317.9211,2091.3538,1342.8925,2117.1582,1316.4539,2115.0789,1270.6056,2111.4458,1232.4965,2104.4895,1184.3451,2097.1807,1127.4648,2094.532,1060.9943,2095.046,997.7685,2091.6165,941.3251,2092.0698,891.90497,2098.9043,854.0216,2103.4658,811.57336,2107.0337,1316.4539,2115.0789,1272.2822,2110.3474,1233.8004,2104.9856,1185.2814,2099.6958,1126.4397,2100.5674,1060.0161,2101.5667,996.3756,2098.5137,939.9304,2100.3245,890.4292,2102.8926,853.50714,2105.3247,811.57336,2107.0337,784.1501,2108.8337,812.5335,2139.6243,851.7434,2170.088,909.8683,2206.0342,981.6958,2227.6968,1060.8297,2233.2922,1145.0109,2226.6274,1217.201,2204.1365,1274.8356,2171.7585,1314.8202,2142.2007,1342.8925,2117.1582
217,217,3616,785.38745,2108.7952,808.39844,2081.7058,845.1027,2051.9531,899.1647,2016.7852,982.0013,1985.5159,1060.999,2004.7925,1141.0586,1988.0127,1224.1472,2023.1072,1280.8298,2060.4126,1317.9579,2091.3105,1343.0258,2117.1565,1316.5845,2115.069,1270.6715,2111.4067,1232.5422,2104.4846,1184.507,2097.1772,1127.6896,2094.5452,1061.3872,2095.0542,998.4324,2091.6135,942.165,2092.0366,892.9288,2098.8687,855.1891,2103.458,812.8032,2107.0103,1316.5845,2115.069,1272.3395,2110.3071,1233.884,2104.971,1185.4752,2099.6978,1126.6901,2100.5808,1060.4579,2101.5796,997.019,2098.5125,940.7193,2100.3027,891.3976,2102.8784,854.6454,2105.3147,812.8032,2107.0103,785.38745,2108.7952,813.59296,2139.6072,852.6237,2170.0818,910.5746,2206.0212,982.27325,2227.683,1061.2191,2233.2898,1145.2122,2226.6235,1217.3673,2204.1172,1274.9292,2171.717,1314.8615,2142.1997,1343.0258,2117.1565
218,218,3633,786.627,2108.7786,809.5789,2081.683,846.15436,2051.8975,900.04706,2016.7021,982.8351,1985.4506,1061.7227,2004.6923,1141.7625,1987.8932,1224.8899,2022.9247,1281.4387,2060.2021,1318.3724,2091.2444,1343.1663,2117.112,1316.7509,2115.0488,1271.0089,2111.3362,1232.9988,2104.4048,1185.0874,2097.1326,1128.2965,2094.5393,1062.177,2095.058,999.4281,2091.626,943.22595,2092.028,894.0568,2098.8567,856.39795,2103.4473,814.0487,2107.0024,1316.7509,2115.0488,1272.6957,2110.2646,1234.3796,2104.9211,1186.0557,2099.669,1127.2831,2100.5684,1061.2708,2101.5686,997.9989,2098.503,941.7531,2100.2883,892.5105,2102.874,855.83984,2105.304,814.0487,2107.0024,786.627,2108.7786,814.83716,2139.6016,853.8113,2170.0747,911.69617,2205.998,983.29974,2227.6375,1062.0109,2233.247,1145.6819,2226.5706,1217.7799,2204.0603,1275.2933,2171.6765,1315.1292,2142.1797,1343.1663,2117.112
219,219,3650,787.19635,2108.761,810.1905,2081.6633,846.78827,2051.83,900.6819,2016.6163,983.4772,1985.3776,1062.2708,2004.6084,1142.3068,1987.779,1225.4979,2022.7817,1282.004,2060.0764,1318.8065,2091.2173,1343.3456,2117.074,1316.9471,2115.014,1271.3402,2111.3225,1233.4087,2104.3513,1185.5684,2097.0767,1128.7631,2094.5002,1062.7452,2095.0208,1000.09546,2091.594,943.86304,2091.9817,894.65906,2098.817,856.968,2103.4397,814.61334,2106.9907,1316.9471,2115.014,1273.0315,2110.2363,1234.794,2104.9011,1186.5165,2099.6467,1127.735,2100.5488,1061.878,2101.5405,998.6769,2098.4678,942.3966,2100.2456,893.1201,2102.856,856.4264,2105.2937,814.61334,2106.9907,787.19635,2108.761,815.4893,2139.5876,854.52527,2170.0532,912.4248,2205.9124,984.0153,2227.5051,1062.6217,2233.1287,1146.0605,2226.4646,1218.1292,2203.9854,1275.6041,2171.665,1315.3888,2142.15,1343.3456,2117.074
220,220,3666,787.4394,2108.736,810.4919,2081.654,847.13635,2051.7441,901.0575,2016.5266,983.84674,1985.3064,1062.5786,2004.5435,1142.6117,1987.7019,1225.8721,2022.6915,1282.4352,2059.9897,1319.262,2091.1907,1343.7167,2117.042,1317.3021,2114.9849,1271.6962,2111.304,1233.7388,2104.3105,1185.8909,2097.0251,1129.0461,2094.4424,1063.0616,2094.951,1000.4554,2091.5225,944.20447,2091.9065,894.97656,2098.7551,857.2547,2103.427,814.8706,2106.9744,1317.3021,2114.9849,1273.3914,2110.215,1235.1416,2104.872,1186.8435,2099.6135,1128.0193,2100.5154,1062.2263,2101.497,999.0472,2098.4158,942.7472,2100.1846,893.4506,2102.82,856.7357,2105.2844,814.8706,2106.9744,787.4394,2108.736,815.7613,2139.575,854.8324,2170.0344,912.764,2205.8467,984.3822,2227.4053,1062.9617,2233.0427,1146.3079,2226.3872,1218.4141,2203.9292,1275.9332,2171.6492,1315.7611,2142.1252,1343.7167,2117.042
221,221,3683,787.86084,2108.7107,810.95953,2081.6448,847.60645,2051.6606,901.4774,2016.4479,984.1843,1985.2672,1062.8175,2004.5103,1142.7957,1987.6522,1226.0093,2022.595,1282.5295,2059.86,1319.3009,2091.154,1343.7933,2117.0105,1317.371,2114.9746,1271.7288,2111.2117,1233.8221,2104.1694,1186.0289,2096.8813,1129.2013,2094.309,1063.3004,2094.8235,1000.77924,2091.3901,944.5534,2091.7637,895.3435,2098.633,857.66125,2103.3823,815.291,2106.9585,1317.371,2114.9746,1273.416,2110.1265,1235.2212,2104.7285,1186.9635,2099.4656,1128.157,2100.362,1062.4723,2101.3362,999.38544,2098.2622,943.1138,2100.0415,893.8463,2102.7307,857.1621,2105.2485,815.291,2106.9585,787.86084,2108.7107,816.1725,2139.5642,855.2274,2169.9976,913.1412,2205.744,984.71643,2227.2346,1063.1768,2232.8662,1146.3862,2226.2122,1218.4651,2203.7712,1275.9587,2171.5493,1315.7994,2142.1084,1343.7933,2117.0105
222,222,3700,787.961,2108.687,811.1236,2081.6228,847.83203,2051.546,901.7497,2016.3195,984.4526,1985.122,1062.997,2004.3578,1142.9298,1987.456,1226.1401,2022.3868,1282.6555,2059.6453,1319.3905,2091.0881,1343.8193,2116.9824,1317.3942,2114.9612,1271.795,2111.1396,1233.9209,2104.0505,1186.1545,2096.759,1129.3322,2094.1929,1063.4916,2094.7122,1001.0129,2091.2869,944.76465,2091.664,895.51764,2098.545,857.7864,2103.3489,815.3822,2106.9446,1317.3942,2114.9612,1273.467,2110.0737,1235.3009,2104.6404,1187.0679,2099.3772,1128.2693,2100.2678,1062.6613,2101.227,999.60547,2098.146,943.3172,2099.9246,894.01483,2102.656,857.2986,2105.2195,815.3822,2106.9446,787.961,2108.687,816.3023,2139.558,855.39703,2169.9465,913.34485,2205.619,984.9334,2227.061,1063.3564,2232.708,1146.4768,2226.0652,1218.5441,2203.6418,1276.0181,2171.475,1315.8395,2142.0964,1343.8193,2116.9824
223,223,3716,787.8978,2108.678,811.12976,2081.5513,847.8899,2051.3599,901.8431,2016.0731,984.6232,1984.7987,1063.1787,2004.0415,1143.131,1987.1292,1226.3716,2022.147,1282.8429,2059.4392,1319.514,2091.0208,1343.8401,2116.9578,1317.4271,2114.9475,1271.87,2111.0957,1234.0396,2103.9941,1186.3069,2096.7166,1129.4731,2094.1636,1063.6737,2094.6833,1001.1865,2091.2615,944.8823,2091.6248,895.5787,2098.4932,857.7926,2103.3125,815.32306,2106.9307,1317.4271,2114.9475,1273.5336,2110.026,1235.3992,2104.579,1187.1805,2099.3264,1128.374,2100.2163,1062.8085,2101.1604,999.7505,2098.0686,943.42334,2099.8362,894.07324,2102.5837,857.30695,2105.1733,815.32306,2106.9307,787.8978,2108.678,816.3054,2139.5396,855.45874,2169.8948,913.4599,2205.5483,985.0749,2226.9968,1063.4792,2232.6707,1146.5376,2226.031,1218.595,2203.6033,1276.0613,2171.44,1315.8738,2142.0847,1343.8401,2116.9578
224,224,3733,787.9868,2108.6575,811.239,2081.5188,848.0452,2051.214,902.05255,2015.8779,984.9458,1984.5868,1063.5449,2003.8362,1143.5698,1986.9575,1226.8949,2022.0308,1283.3849,2059.3696,1320.0365,2090.987,1344.2308,2116.966,1317.793,2114.9397,1272.264,2111.063,1234.4294,2103.9792,1186.7008,2096.6802,1129.811,2094.1042,1064.0176,2094.594,1001.5098,2091.1768,945.14606,2091.54,895.8064,2098.4277,857.9673,2103.2927,815.43896,2106.9165,1317.793,2114.9397,1273.9458,2109.9917,1235.8176,2104.5632,1187.5721,2099.3262,1128.7134,2100.2163,1063.168,2101.1506,1000.0851,2098.056,943.7072,2099.8186,894.3032,2102.5728,857.4872,2105.1658,815.43896,2106.9165,787.9868,2108.6575,816.4512,2139.5278,855.693,2169.8816,913.7776,2205.4885,985.4213,2226.8953,1063.7787,2232.587,1146.752,2225.9653,1218.8226,2203.5757,1276.365,2171.406,1316.2411,2142.0771,1344.2308,2116.966
225,225,3750,788.0557,2108.6604,811.35724,2081.4995,848.2153,2051.1973,902.28174,2015.8468,985.2868,1984.5437,1063.8938,2003.8008,1143.9337,1986.9028,1227.2814,2021.9799,1283.7502,2059.3264,1320.3619,2090.9604,1344.47,2116.9487,1318.0525,2114.9204,1272.5398,2111.0312,1234.7255,2103.9717,1186.9982,2096.7021,1130.0872,2094.1406,1064.3319,2094.6309,1001.8091,2091.218,945.3869,2091.5698,895.98413,2098.4314,858.0923,2103.292,815.5042,2106.923,1318.0525,2114.9204,1274.2114,2109.9622,1236.0751,2104.5488,1187.8036,2099.3276,1128.9146,2100.219,1063.3999,2101.1543,1000.3092,2098.058,943.8861,2099.8186,894.43744,2102.5693,857.5864,2105.1628,815.5042,2106.923,788.0557,2108.6604,816.5395,2139.538,855.8195,2169.8796,913.9522,2205.479,985.6242,2226.8865,1063.9684,2232.5828,1146.8815,2225.9597,1218.9573,2203.5557,1276.5392,2171.3713,1316.4589,2142.0647,1344.47,2116.9487
226,226,3766,788.3304,2108.6575,811.6712,2081.4832,848.5863,2051.1787,902.7132,2015.817,985.81146,1984.511,1064.4095,2003.7778,1144.4207,1986.8779,1227.7129,2021.9591,1284.1191,2059.311,1320.667,2090.9324,1344.6631,2116.9753,1318.2783,2114.9307,1272.8252,2111.008,1235.0468,2103.9675,1187.3495,2096.713,1130.4512,2094.15,1064.7817,2094.637,1002.24524,2091.2227,945.768,2091.5728,896.31036,2098.4258,858.3728,2103.285,815.7673,2106.9224,1318.2783,2114.9307,1274.4977,2109.9395,1236.3925,2104.5388,1188.124,2099.333,1129.2268,2100.2214,1063.7848,2101.1575,1000.6865,2098.058,944.22125,2099.8162,894.7325,2102.5632,857.8561,2105.1558,815.7673,2106.9224,788.3304,2108.6575,816.84985,2139.5354,856.16046,2169.873,914.3197,2205.4663,985.9946,2226.8704,1064.2894,2232.5752,1147.0951,2225.9546,1219.1545,2203.5386,1276.7476,2171.343,1316.6646,2142.0771,1344.6631,2116.9753
227,227,3783,788.7393,2108.6448,812.0381,2081.469,848.9519,2051.1099,903.0952,2015.7354,986.2662,1984.4458,1064.8871,2003.7122,1144.9624,1986.8395,1228.2134,2021.9268,1284.5209,2059.2988,1320.9501,2090.905,1344.7762,2117.0068,1318.4443,2114.939,1273.0957,2110.9832,1235.3776,2103.9597,1187.7279,2096.7134,1130.8154,2094.157,1065.1945,2094.643,1002.6584,2091.2258,946.1448,2091.561,896.6707,2098.4053,858.7299,2103.2751,816.13403,2106.9133,1318.4443,2114.939,1274.7842,2109.9165,1236.7456,2104.5278,1188.4967,2099.334,1129.5757,2100.2222,1064.173,2101.148,1001.0711,2098.0415,944.5649,2099.7969,895.054,2102.5525,858.1748,2105.1504,816.13403,2106.9133,788.7393,2108.6448,817.23114,2139.528,856.54266,2169.8445,914.7152,2205.3906,986.38116,2226.7634,1064.5848,2232.492,1147.292,2225.8943,1219.3247,2203.51,1276.9178,2171.321,1316.8152,2142.0784,1344.7762,2117.0068
228,228,3800,789.1242,2108.755,812.456,2081.4995,849.3957,2051.1042,903.5513,2015.739,986.78876,1984.4536,1065.3853,2003.7172,1145.4492,1986.8383,1228.6434,2021.9225,1284.8374,2059.2732,1321.16,2090.885,1344.8705,2117.0374,1318.6046,2114.9614,1273.3304,2110.9722,1235.6692,2103.9783,1188.0781,2096.776,1131.1942,2094.247,1065.6444,2094.736,1003.1292,2091.34,946.5757,2091.6658,897.068,2098.476,859.08997,2103.348,816.46783,2107.0234,1318.6046,2114.9614,1275.0214,2109.913,1237.0219,2104.5405,1188.8037,2099.3704,1129.9027,2100.254,1064.5789,2101.1724,1001.49756,2098.075,944.9625,2099.844,895.4169,2102.6191,858.50684,2105.234,816.46783,2107.0234,789.1242,2108.755,817.67615,2139.6091,857.0335,2169.862,915.2217,2205.3809,986.8519,2226.753,1064.9545,2232.477,1147.5104,2225.8782,1219.4685,2203.502,1277.0177,2171.2954,1316.9028,2142.0906,1344.8705,2117.0374
229,229,3816,789.5014,2108.85,812.7959,2081.5103,849.7467,2051.0916,903.9447,2015.7356,987.2534,1984.4541,1065.8334,2003.7195,1145.9282,1986.8461,1229.1222,2021.9291,1285.2849,2059.2593,1321.5629,2090.9585,1345.1782,2117.2734,1318.9441,2115.1416,1273.7574,2111.026,1236.1133,2104.0159,1188.5282,2096.8057,1131.6138,2094.2598,1066.0695,2094.7434,1003.5651,2091.345,946.9609,2091.6704,897.43713,2098.4785,859.43945,2103.37,816.8424,2107.0981,1318.9441,2115.1416,1275.4547,2110.0005,1237.4719,2104.6167,1189.2682,2099.4436,1130.3536,2100.2917,1065.0647,2101.183,1001.9865,2098.0862,945.404,2099.8577,895.8095,2102.6418,858.8581,2105.2742,816.8424,2107.0981,789.5014,2108.85,818.10596,2139.6523,857.5457,2169.8562,915.79266,2205.3108,987.41626,2226.5708,1065.4006,2232.2869,1147.8203,2225.7405,1219.7302,2203.4539,1277.273,2171.2751,1317.1808,2142.1987,1345.1782,2117.2734
230,230,3833,789.6759,2108.938,812.9479,2081.542,849.90857,2051.094,904.1376,2015.7665,987.4687,1984.487,1066.026,2003.7598,1146.1288,1986.8889,1229.3254,2021.99,1285.4839,2059.2732,1321.7487,2091.0457,1345.3138,2117.4724,1319.1154,2115.313,1273.973,2111.1223,1236.3302,2104.1304,1188.7432,2096.959,1131.8042,2094.4282,1066.2432,2094.9038,1003.73065,2091.491,947.10187,2091.7795,897.56903,2098.5442,859.5552,2103.4392,816.99194,2107.1875,1319.1154,2115.313,1275.6782,2110.1294,1237.6987,2104.7637,1189.4988,2099.6226,1130.5682,2100.4517,1065.2847,2101.3083,1002.1929,2098.2,945.58154,2099.9607,895.963,2102.7385,858.991,2105.3667,816.99194,2107.1875,789.6759,2108.938,818.2974,2139.7266,857.7699,2169.881,916.03925,2205.3015,987.66327,2226.5603,1065.6226,2232.2786,1147.9783,2225.7354,1219.8569,2203.4377,1277.3798,2171.2915,1317.3027,2142.3423,1345.3138,2117.4724
231,231,3850,790.14197,2109.2368,813.38,2081.6838,850.334,2051.1406,904.56,2015.8074,987.9107,1984.5049,1066.4576,2003.7657,1146.5968,1986.8971,1229.8203,2022.0127,1285.9832,2059.2744,1322.241,2091.1223,1345.7323,2117.684,1319.5453,2115.4834,1274.468,2111.1873,1236.8342,2104.1812,1189.2437,2097.0085,1132.2687,2094.471,1066.7052,2094.9426,1004.2046,2091.5464,947.5597,2091.8494,898.0348,2098.626,860.0233,2103.583,817.47784,2107.4424,1319.5453,2115.4834,1276.19,2110.2297,1238.2266,2104.864,1190.0137,2099.7322,1131.0526,2100.5396,1065.7878,2101.3752,1002.69745,2098.2874,946.0581,2100.0742,896.4222,2102.8884,859.4544,2105.5542,817.47784,2107.4424,790.14197,2109.2368,818.7342,2139.9487,858.22516,2169.977,916.54614,2205.3074,988.203,2226.5515,1066.1278,2232.2744,1148.3896,2225.7297,1220.2621,2203.4236,1277.8226,2171.3064,1317.7623,2142.4802,1345.7323,2117.684
232,232,3866,790.32294,2109.3037,813.60187,2081.7275,850.6076,2051.1692,904.87195,2015.8715,988.2419,1984.5818,1066.7887,2003.8427,1146.9366,1986.9792,1230.1027,2022.0934,1286.214,2059.2993,1322.457,2091.1821,1345.9296,2117.784,1319.772,2115.5767,1274.723,2111.2393,1237.0914,2104.2422,1189.5217,2097.086,1132.5433,2094.5515,1066.993,2095.0178,1004.47345,2091.624,947.795,2091.918,898.24994,2098.6785,860.2103,2103.6436,817.6635,2107.5168,1319.772,2115.5767,1276.4554,2110.3042,1238.524,2104.973,1190.3302,2099.901,1131.3707,2100.719,1066.1287,2101.5256,1003.0006,2098.43,946.32043,2100.193,896.6508,2102.9812,859.6607,2105.6318,817.6635,2107.5168,790.32294,2109.3037,818.96484,2140.0103,858.5015,2170.005,916.8594,2205.3064,988.532,2226.5437,1066.4421,2232.2695,1148.6272,2225.7266,1220.4614,2203.419,1278.0063,2171.3228,1317.9473,2142.5635,1345.9296,2117.784
233,233,3883,790.81506,2109.403,814.10565,2081.7998,851.09766,2051.2322,905.3057,2015.98,988.653,1984.7249,1067.2222,2003.9763,1147.4326,1987.137,1230.5448,2022.239,1286.5963,2059.3616,1322.8308,2091.259,1346.287,2117.894,1320.2108,2115.6797,1275.2263,2111.2905,1237.5963,2104.3193,1190.0093,2097.203,1132.9827,2094.6895,1067.418,2095.147,1004.9034,2091.7666,948.2127,2092.0356,898.66504,2098.761,860.6333,2103.7222,818.10535,2107.6206,1320.2108,2115.6797,1276.9734,2110.3828,1239.0547,2105.0728,1190.8346,2100.0315,1131.834,2100.8406,1066.5881,2101.6204,1003.461,2098.5286,946.77673,2100.2893,897.0964,2103.0774,860.09595,2105.7297,818.10535,2107.6206,790.81506,2109.403,819.5351,2140.074,859.1187,2170.0076,917.4661,2205.2876,989.06573,2226.484,1066.8452,2232.216,1148.928,2225.6807,1220.7084,2203.4036,1278.2712,2171.3123,1318.2491,2142.6223,1346.287,2117.894
234,234,3900,791.2156,2109.4338,814.5544,2081.8232,851.59644,2051.2478,905.86804,2016.0182,989.2799,1984.766,1067.8759,2004.0134,1148.0837,1987.1796,1231.1531,2022.2777,1287.1906,2059.3667,1323.4476,2091.2854,1346.9084,2117.9453,1320.8868,2115.729,1275.9205,2111.311,1238.2468,2104.3489,1190.6168,2097.2463,1133.5543,2094.736,1068.0143,2095.1863,1005.44464,2091.81,948.6849,2092.0737,899.0883,2098.7864,861.0182,2103.7507,818.49243,2107.6592,1320.8868,2115.729,1277.6628,2110.4321,1239.7246,2105.1467,1191.4486,2100.1443,1132.407,2100.955,1067.187,2101.718,1003.9956,2098.6274,947.2442,2100.378,897.515,2103.1497,860.49194,2105.7874,818.49243,2107.6592,791.2156,2109.4338,820.0094,2140.0994,859.65924,2170.0076,918.04803,2205.2742,989.6529,2226.4448,1067.406,2232.177,1149.3591,2225.652,1221.1014,2203.3977,1278.7151,2171.3044,1318.7795,2142.66,1346.9084,2117.9453
235,235,3916,791.9641,2109.434,815.3434,2081.8215,852.42145,2051.2456,906.6886,2016.0326,990.06635,1984.8015,1068.6278,2004.0645,1148.8278,1987.2633,1231.8165,2022.3862,1287.801,2059.4387,1324.0508,2091.3953,1347.511,2118.1047,1321.547,2115.8823,1276.6302,2111.402,1238.9445,2104.4412,1191.312,2097.3408,1134.2451,2094.81,1068.7352,2095.232,1006.1857,2091.8464,949.40924,2092.0955,899.80286,2098.794,861.69604,2103.7566,819.1971,2107.6648,1321.547,2115.8823,1278.4036,2110.5674,1240.4998,2105.3105,1192.2229,2100.341,1133.1665,2101.126,1067.9708,2101.8335,1004.7733,2098.714,948.00586,2100.4314,898.2539,2103.1785,861.1991,2105.803,819.1971,2107.6648,791.9641,2109.434,820.8353,2140.0999,860.5447,2169.9988,918.9331,2205.2341,990.4844,2226.3901,1068.143,2232.147,1150.0023,2225.6428,1221.6937,2203.388,1279.3069,2171.3286,1319.3685,2142.7766,1347.511,2118.1047
236,236,3933,792.7179,2109.4375,816.1328,2081.8218,853.2299,2051.2446,907.5214,2016.0503,990.8464,1984.84,1069.3507,2004.1074,1149.5042,1987.3002,1232.4061,2022.4026,1288.3889,2059.4316,1324.6749,2091.3909,1348.19,2118.1025,1322.2788,2115.8804,1277.4095,2111.3984,1239.721,2104.4426,1192.0624,2097.3555,1134.9855,2094.8376,1069.4608,2095.2668,1006.9226,2091.8796,950.13934,2092.116,900.5192,2098.8015,862.409,2103.7622,819.9282,2107.671,1322.2788,2115.8804,1279.2085,2110.564,1241.3073,2105.3105,1193.0043,2100.3474,1133.9146,2101.132,1068.7122,2101.8381,1005.5286,2098.7212,948.74207,2100.44,898.9786,2103.1865,861.91583,2105.8096,819.9282,2107.671,792.7179,2109.4375,821.5721,2140.1072,861.27924,2169.9983,919.68396,2205.229,991.2413,2226.368,1068.8907,2232.1208,1150.7383,2225.6191,1222.4481,2203.3733,1280.0641,2171.324,1320.0957,2142.7754,1348.19,2118.1025
237,237,3950,793.2547,2109.4438,816.6442,2081.8218,853.73083,2051.2417,908.0199,2016.0532,991.3524,1984.8494,1069.8503,2004.1177,1150.0068,1987.3066,1232.8788,2022.4138,1288.8202,2059.4277,1325.0916,2091.3967,1348.5924,2118.1199,1322.7378,2115.8926,1277.9027,2111.3975,1240.2297,2104.4478,1192.5621,2097.3682,1135.4677,2094.8533,1069.9526,2095.2788,1007.4121,2091.8909,950.6118,2092.1223,900.98395,2098.8032,862.87573,2103.7642,820.42456,2107.6775,1322.7378,2115.8926,1279.7146,2110.5679,1241.8268,2105.3186,1193.5088,2100.362,1134.3899,2101.1436,1069.1938,2101.8442,1006.00494,2098.7268,949.20074,2100.445,899.4362,2103.1914,862.3845,2105.8154,820.42456,2107.6775,793.2547,2109.4438,822.12805,2140.1082,861.82446,2169.9814,920.20935,2205.1638,991.7442,2226.272,1069.3448,2232.035,1151.1327,2225.5483,1222.82,2203.3284,1280.4404,2171.314,1320.4773,2142.7805,1348.5924,2118.1199
238,238,3966,793.48035,2109.4983,816.81226,2081.8643,853.9008,2051.2732,908.2102,2016.1184,991.5455,1984.9349,1070.0535,2004.1746,1150.2092,1987.3677,1233.1189,2022.4496,1289.1597,2059.431,1325.5414,2091.4138,1349.1217,2118.1492,1323.2139,2115.9253,1278.3337,2111.4146,1240.5854,2104.4636,1192.8789,2097.384,1135.7478,2094.865,1070.1881,2095.2913,1007.6067,2091.9087,950.7997,2092.1506,901.20483,2098.836,863.09174,2103.813,820.6855,2107.7341,1323.2139,2115.9253,1280.1412,2110.6223,1242.2168,2105.425,1193.8693,2100.5483,1134.7228,2101.361,1069.5063,2102.0488,1006.2679,2098.9229,949.4635,2100.6067,899.7087,2103.3035,862.65576,2105.8918,820.6855,2107.7341,793.48035,2109.4983,822.3494,2140.1497,862.06995,2169.9937,920.4712,2205.1594,992.04504,2226.2434,1069.7205,2232.009,1151.5187,2225.5298,1223.2372,2203.3193,1280.8928,2171.3176,1320.991,2142.8171,1349.1217,2118.1492
239,239,3983,793.85474,2109.4597,817.21796,2081.8293,854.2823,2051.2498,908.54553,2016.1189,991.8391,1984.947,1070.3217,2004.1871,1150.4785,1987.3792,1233.3578,2022.4452,1289.364,2059.394,1325.698,2091.3757,1349.2373,2118.1194,1323.3668,2115.892,1278.5532,2111.3677,1240.862,2104.44,1193.1632,2097.386,1136.0242,2094.8745,1070.4697,2095.2986,1007.8971,2091.9167,951.0878,2092.1543,901.49585,2098.8198,863.4143,2103.7812,821.01044,2107.6995,1323.3668,2115.892,1280.3483,2110.5872,1242.4358,2105.3972,1194.0844,2100.5303,1134.9312,2101.3464,1069.7284,2102.0334,1006.5099,2098.9028,949.7127,2100.58,899.9746,2103.2761,862.9474,2105.8628,821.01044,2107.6995,793.85474,2109.4597,822.68207,2140.101,862.3554,2169.9045,920.7189,2205.0269,992.26733,2226.0972,1069.9185,2231.8787,1151.6837,2225.3955,1223.3872,2203.1863,1281.0397,2171.2197,1321.1245,2142.7756,1349.2373,2118.1194
240,240,4000,794.0498,2109.4304,817.3783,2081.7927,854.41504,2051.2114,908.6554,2016.1073,991.9188,1984.9564,1070.3965,2004.1987,1150.5675,1987.3896,1233.4525,2022.4482,1289.4645,2059.3882,1325.8186,2091.372,1349.3687,2118.118,1323.4867,2115.8892,1278.6613,2111.3628,1240.968,2104.4385,1193.2633,2097.3901,1136.11,2094.8828,1070.5475,2095.3079,1007.9839,2091.9268,951.1965,2092.154,901.6356,2098.804,863.60736,2103.759,821.23114,2107.6743,1323.4867,2115.8892,1280.4498,2110.5757,1242.5349,2105.3901,1194.1705,2100.5325,1134.9991,2101.3508,1069.7843,2102.0376,1006.577,2098.9065,949.8064,2100.5774,900.1174,2103.263,863.13995,2105.8413,821.23114,2107.6743,794.0498,2109.4304,822.8142,2140.085,862.42804,2169.8943,920.75696,2205.02,992.3022,2226.0867,1069.9653,2231.873,1151.7622,2225.3904,1223.5006,2203.1755,1281.1737,2171.2144,1321.2628,2142.7747,1349.3687,2118.118
241,241,4016,794.02264,2109.3552,817.358,2081.7139,854.4011,2051.141,908.6468,2016.0784,991.9115,1984.9553,1070.3901,2004.2045,1150.5651,1987.3967,1233.4565,2022.4482,1289.4716,2059.3723,1325.8308,2091.36,1349.3811,2118.111,1323.4984,2115.8816,1278.6685,2111.3516,1240.974,2104.433,1193.2677,2097.3933,1136.1085,2094.8918,1070.5419,2095.318,1007.9738,2091.9333,951.18286,2092.1462,901.6193,2098.7732,863.59106,2103.7139,821.20953,2107.6157,1323.4984,2115.8816,1280.4594,2110.5625,1242.5436,2105.383,1194.174,2100.5337,1134.9963,2101.3547,1069.7784,2102.0408,1006.56573,2098.9055,949.79034,2100.5667,900.09894,2103.2375,863.1222,2105.799,821.20953,2107.6157,794.02264,2109.3552,822.78265,2140.0337,862.39734,2169.854,920.7344,2204.983,992.2922,2226.053,1069.9587,2231.8496,1151.7609,2225.3745,1223.5037,2203.1597,1281.1805,2171.2014,1321.2751,2142.769,1349.3811,2118.111
242,242,4033,794.0691,2109.2417,817.3913,2081.5854,854.427,2051.0261,908.66284,2016.0325,991.9107,1984.9578,1070.3881,2004.2104,1150.5681,1987.4048,1233.4612,2022.4388,1289.479,2059.3157,1325.8448,2091.2942,1349.401,2118.0488,1323.5225,2115.8142,1278.696,2111.2478,1240.9954,2104.3196,1193.2848,2097.2866,1136.1151,2094.79,1070.5403,2095.2122,1007.9716,2091.8096,951.184,2091.9968,901.6333,2098.6099,863.6204,2103.5757,821.2598,2107.505,1323.5225,2115.8142,1280.4838,2110.4863,1242.5681,2105.3254,1194.1914,2100.5024,1135.0044,2101.3315,1069.78,2102.0088,1006.56683,2098.8623,949.7978,2100.498,900.12024,2103.142,863.1627,2105.6895,821.2598,2107.505,794.0691,2109.2417,822.816,2139.9065,862.4118,2169.6777,920.7344,2204.738,992.28754,2225.769,1069.9568,2231.5977,1151.7616,2225.1494,1223.5071,2202.9746,1281.188,2171.0728,1321.2849,2142.6965,1349.401,2118.0488
243,243,4050,794.252,2109.1787,817.5408,2081.5042,854.5416,2050.9382,908.7431,2015.9836,991.9479,1984.9415,1070.407,2004.1995,1150.5797,1987.3876,1233.4711,2022.3915,1289.4939,2059.2065,1325.8707,2091.1787,1349.4491,2117.9329,1323.5883,2115.7021,1278.7546,2111.1255,1241.0488,2104.2275,1193.3268,2097.2393,1136.1487,2094.7703,1070.5679,2095.2017,1008.01245,2091.7917,951.2433,2091.957,901.7196,2098.5388,863.73895,2103.5027,821.4136,2107.4443,1323.5883,2115.7021,1280.5502,2110.3813,1242.632,2105.2385,1194.2424,2100.4414,1135.0448,2101.2827,1069.817,2101.9636,1006.6184,2098.8147,949.8643,2100.447,900.20795,2103.0898,863.28217,2105.636,821.4136,2107.4443,794.252,2109.1787,822.9601,2139.8374,862.5171,2169.5796,920.8105,2204.5842,992.34503,2225.5764,1070.0046,2231.402,1151.8075,2224.9531,1223.5549,2202.7788,1281.2384,2170.9143,1321.3362,2142.5842,1349.4491,2117.9329
244,244,4066,794.4151,2109.1675,817.67993,2081.4756,854.66766,2050.8945,908.8553,2015.9598,992.0428,1984.9375,1070.4961,2004.1935,1150.6854,1987.3802,1233.5956,2022.3643,1289.6481,2059.143,1326.0571,2091.127,1349.656,2117.895,1323.8077,2115.6567,1278.9865,2111.0413,1241.269,2104.1255,1193.5082,2097.139,1136.286,2094.6775,1070.6674,2095.116,1008.1153,2091.712,951.3458,2091.8748,901.83484,2098.4604,863.8705,2103.4558,821.5718,2107.4282,1323.8077,2115.6567,1280.7802,2110.3225,1242.8417,2105.1804,1194.4167,2100.3938,1135.1865,2101.2405,1069.9348,2101.9236,1006.7438,2098.7817,949.99255,2100.416,900.3385,2103.0627,863.42334,2105.6143,821.5718,2107.4282,794.4151,2109.1675,823.12354,2139.81,862.68884,2169.5,920.98517,2204.3875,992.5089,2225.2454,1070.1272,2231.024,1151.9144,2224.5703,1223.6599,2202.455,1281.3651,2170.727,1321.5012,2142.5085,1349.656,2117.895
245,245,4083,794.6119,2109.1646,817.8908,2081.4692,854.8832,2050.8826,909.0808,2015.9562,992.2499,1984.9391,1070.6676,2004.1929,1150.835,1987.3752,1233.7216,2022.3439,1289.7704,2059.0918,1326.1855,2091.0825,1349.8127,2117.8542,1323.9591,2115.6199,1279.1266,2110.9998,1241.4164,2104.0906,1193.6658,2097.1174,1136.4534,2094.665,1070.8324,2095.1084,1008.2893,2091.707,951.5273,2091.8691,902.0267,2098.4517,864.0705,2103.4514,821.77576,2107.4263,1323.9591,2115.6199,1280.9207,2110.2812,1242.9789,2105.1436,1194.5612,2100.3694,1135.3438,2101.2224,1070.1003,2101.9072,1006.9204,2098.7698,950.1783,2100.407,900.5298,2103.0571,863.6229,2105.611,821.77576,2107.4263,794.6119,2109.1646,823.31195,2139.8044,862.8632,2169.4792,921.15393,2204.3223,992.67706,2225.1333,1070.2957,2230.895,1152.0734,2224.431,1223.8058,2202.3174,1281.4993,2170.6345,1321.6407,2142.4583,1349.8127,2117.8542
246,246,4100,794.9405,2109.1619,818.2173,2081.4585,855.19556,2050.851,909.38416,2015.9198,992.5746,1984.8837,1070.9685,2004.1328,1151.1444,1987.2965,1234.0707,2022.2722,1290.123,2059.0164,1326.5164,2091.0444,1350.1259,2117.8381,1324.2949,2115.6016,1279.4718,2110.9639,1241.7792,2104.056,1194.0104,2097.095,1136.7775,2094.6533,1071.1353,2095.101,1008.59186,2091.703,951.82513,2091.8623,902.32404,2098.4395,864.36584,2103.443,822.0708,2107.4243,1324.2949,2115.6016,1281.2572,2110.255,1243.2983,2105.1094,1194.866,2100.3315,1135.6471,2101.1775,1070.4215,2101.854,1007.2579,2098.72,950.51385,2100.3665,900.8492,2103.0356,863.9272,2105.6033,822.0708,2107.4243,794.9405,2109.1619,823.67444,2139.7947,863.2406,2169.4304,921.52277,2204.2021,993.01355,2224.9646,1070.5924,2230.7214,1152.3385,2224.2651,1224.0519,2202.175,1281.7507,2170.553,1321.911,2142.43,1350.1259,2117.8381
247,247,4116,795.2946,2109.0393,818.60474,2081.3472,855.6036,2050.7595,909.8036,2015.8779,992.9653,1984.8635,1071.3162,2004.1176,1151.4783,1987.2821,1234.3945,2022.2482,1290.4602,2058.9724,1326.87,2091.0122,1350.4912,2117.816,1324.6451,2115.5771,1279.8035,2110.9292,1242.1088,2104.0276,1194.3295,2097.079,1137.0995,2094.6433,1071.4531,2095.0898,1008.9164,2091.6843,952.1679,2091.8267,902.67554,2098.3708,864.72473,2103.3528,822.43475,2107.32,1324.6451,2115.5771,1281.5782,2110.2295,1243.6107,2105.0845,1195.1647,2100.3115,1135.9437,2101.154,1070.7216,2101.8208,1007.5705,2098.6685,950.8456,2100.2937,901.2,2102.951,864.2905,2105.5144,822.43475,2107.32,795.2946,2109.0393,824.00555,2139.6765,863.5393,2169.3005,921.7851,2204.06,993.26227,2224.834,1070.8424,2230.6177,1152.6115,2224.1785,1224.3496,2202.0974,1282.0743,2170.5002,1322.2584,2142.404,1350.4912,2117.816
248,248,4133,796.0416,2108.9905,819.36194,2081.2727,856.32477,2050.6665,910.4745,2015.7969,993.603,1984.7916,1071.9281,2004.0488,1152.0768,1987.21,1234.9196,2022.1635,1290.9037,2058.8655,1327.2407,2090.925,1350.815,2117.7507,1325.0111,2115.5056,1280.2367,2110.8218,1242.5977,2103.933,1194.8496,2097.0115,1137.6443,2094.596,1072.0188,2095.0476,1009.5232,2091.6423,952.79865,2091.7698,903.32544,2098.2942,865.3984,2103.2805,823.13245,2107.2698,1325.0111,2115.5056,1282.0239,2110.1438,1244.0863,2104.9858,1195.6588,2100.196,1136.4598,2101.0122,1071.2837,2101.6646,1008.1952,2098.524,951.48584,2100.1763,901.845,2102.8696,864.9432,2105.455,823.13245,2107.2698,796.0416,2108.9905,824.6908,2139.6118,864.16974,2169.1865,922.37396,2203.8652,993.80743,2224.5679,1071.3158,2230.327,1153.028,2223.9019,1224.741,2201.8574,1282.4552,2170.332,1322.6138,2142.3164,1350.815,2117.7507
249,249,4150,796.83984,2108.7603,820.177,2081.0452,857.11,2050.4692,911.1912,2015.6687,994.2187,1984.7275,1072.471,2003.9999,1152.583,1987.1807,1235.3087,2022.1294,1291.2108,2058.8071,1327.5018,2090.8655,1351.0406,2117.7026,1325.2717,2115.453,1280.5579,2110.7224,1242.954,2103.8271,1195.2489,2096.9092,1138.0858,2094.487,1072.5095,2094.9177,1010.087,2091.4944,953.42316,2091.5874,903.99817,2098.0713,866.1121,2103.0576,823.902,2107.0676,1325.2717,2115.453,1282.3445,2110.096,1244.4564,2104.9543,1196.0668,2100.1785,1136.907,2100.993,1071.7831,2101.631,1008.76013,2098.4724,952.11395,2100.0942,902.5194,2102.7505,865.6586,2105.301,823.902,2107.0676,796.83984,2108.7603,825.46796,2139.3804,864.89764,2168.9058,923.0082,2203.5522,994.32367,2224.274,1071.713,2230.0845,1153.3497,2223.698,1225.0216,2201.6895,1282.7181,2170.2078,1322.8566,2142.25,1351.0406,2117.7026
250,250,4166,797.4489,2108.6904,820.7275,2080.956,857.63226,2050.3691,911.71094,2015.6038,994.6795,1984.6902,1072.8645,2003.9622,1152.9376,1987.138,1235.6522,2022.0564,1291.5852,2058.6853,1327.8995,2090.751,1351.455,2117.597,1325.6731,2115.3516,1280.9688,2110.601,1243.3655,2103.7014,1195.6582,2096.7925,1138.4971,2094.3787,1072.9103,2094.8184,1010.52094,2091.396,953.90216,2091.4895,904.53217,2097.969,866.68036,2102.975,824.5258,2107.0005,1325.6731,2115.3516,1282.7479,2110.011,1244.8536,2104.895,1196.4769,2100.147,1137.333,2100.9714,1072.222,2101.6072,1009.2271,2098.4407,952.6325,2100.0466,903.0823,2102.688,866.25397,2105.2322,824.5258,2107.0005,797.4489,2108.6904,826.02686,2139.3008,865.4162,2168.814,923.48444,2203.43,994.77386,2224.14,1072.1659,2229.964,1153.8145,2223.5793,1225.4954,2201.5737,1283.1718,2170.1042,1323.2971,2142.152,1351.455,2117.597
251,251,4183,798.0966,2108.442,821.4636,2080.6863,858.4391,2050.0884,912.5901,2015.3726,995.6377,1984.4851,1073.8151,2003.7726,1153.8558,1986.937,1236.5431,2021.8341,1292.4581,2058.4268,1328.7258,2090.5327,1352.2577,2117.4226,1326.4595,2115.1646,1281.7814,2110.3862,1244.2426,2103.5015,1196.537,2096.6282,1139.387,2094.2402,1073.8085,2094.6873,1011.38727,2091.2512,954.72327,2091.3088,905.29315,2097.7395,867.39105,2102.726,825.17285,2106.7505,1326.4595,2115.1646,1283.5333,2109.7998,1245.6158,2104.6619,1197.2435,2099.8884,1138.1167,2100.6787,1073.0531,2101.2942,1010.06793,2098.1157,953.4392,2099.7253,903.83655,2102.3992,866.9456,2104.9722,825.17285,2106.7505,798.0966,2108.442,826.675,2139.0605,866.10065,2168.5815,924.2122,2203.1816,995.5374,2223.8818,1072.9686,2229.7144,1154.5989,2223.3408,1226.2942,2201.3423,1283.9801,2169.8994,1324.1073,2141.9785,1352.2577,2117.4226
252,252,4200,799.06335,2108.2676,822.4727,2080.5066,859.39417,2049.8987,913.457,2015.1984,996.45593,1984.3113,1074.6058,2003.597,1154.6326,1986.7552,1237.2963,2021.6389,1293.1627,2058.1946,1329.3711,2090.304,1352.8855,2117.1929,1327.1356,2114.93,1282.5135,2110.145,1245.0239,2103.2954,1197.3208,2096.4663,1140.1688,2094.1177,1074.6263,2094.5806,1012.23364,2091.143,955.5872,2091.179,906.1812,2097.5781,868.3238,2102.5493,826.10406,2106.574,1327.1356,2114.93,1284.2711,2109.5488,1246.3641,2104.4128,1197.9911,2099.649,1138.8578,2100.4404,1073.8251,2101.057,1010.8815,2097.868,954.2852,2099.4712,904.70874,2102.1624,867.84906,2104.7651,826.10406,2106.574,799.06335,2108.2676,827.6227,2138.8667,866.9872,2168.3577,925.04266,2202.9624,996.32654,2223.6912,1073.7249,2229.5415,1155.3168,2223.1658,1227.0005,2201.1365,1284.6837,2169.6584,1324.773,2141.749,1352.8855,2117.1929
253,253,4216,799.8278,2108.053,823.24115,2080.294,860.1765,2049.6873,914.2636,2015.0192,997.2451,1984.1592,1075.3252,2003.4673,1155.2843,1986.6222,1237.866,2021.493,1293.6815,2058.0288,1329.8616,2090.1619,1353.3517,2117.0654,1327.6239,2114.789,1283.0188,2109.9768,1245.5422,2103.128,1197.8639,2096.3147,1140.7542,2093.983,1075.2828,2094.4514,1012.9167,2090.995,956.2785,2091.001,906.87244,2097.3694,869.03424,2102.3328,826.8575,2106.362,1327.6239,2114.789,1284.7859,2109.3857,1246.9083,2104.2397,1198.5691,2099.479,1139.4836,2100.2627,1074.5275,2100.8657,1011.6112,2097.6497,955.0136,2099.234,905.43036,2101.924,868.57635,2104.5405,826.8575,2106.362,799.8278,2108.053,828.37726,2138.637,867.7241,2168.107,925.75995,2202.7083,997.02844,2223.4568,1074.3934,2229.3318,1155.9128,2222.9834,1227.562,2200.9612,1285.2125,2169.4954,1325.2743,2141.6118,1353.3517,2117.0654
254,254,4233,800.1585,2107.974,823.5639,2080.2285,860.541,2049.6304,914.694,2014.9935,997.69354,1984.1503,1075.792,2003.4524,1155.7937,1986.6078,1238.4568,2021.447,1294.4417,2057.9358,1330.7867,2090.0728,1354.4243,2116.9731,1328.6082,2114.7014,1283.8989,2109.8882,1246.3147,2103.0222,1198.5491,2096.2014,1141.3583,2093.867,1075.7906,2094.342,1013.3366,2090.8892,956.6641,2090.9097,907.2585,2097.2888,869.4004,2102.266,827.2315,2106.2888,1328.6082,2114.7014,1285.6141,2109.316,1247.6522,2104.194,1199.245,2099.4595,1140.0969,2100.253,1075.0837,2100.8574,1012.08936,2097.6377,955.4683,2099.2104,905.8713,2101.8804,868.99225,2104.4797,827.2315,2106.2888,800.1585,2107.974,828.7169,2138.558,868.08966,2168.0251,926.1574,2202.5945,997.50604,2223.3252,1074.9948,2229.2036,1156.5958,2222.8582,1228.3413,2200.85,1286.0817,2169.4116,1326.2592,2141.5308,1354.4243,2116.9731
255,255,4250,800.7168,2107.876,824.12616,2080.1523,861.09454,2049.5598,915.2528,2014.9402,998.2626,1984.089,1076.314,2003.3909,1156.256,1986.5374,1238.9393,2021.3665,1294.9744,2057.828,1331.3353,2089.9724,1355.0223,2116.866,1329.2142,2114.601,1284.5,2109.81,1246.9282,2102.9731,1199.1421,2096.1802,1141.9667,2093.8584,1076.3933,2094.3372,1013.9158,2090.8823,957.2173,2090.895,907.7957,2097.2542,869.9143,2102.2073,827.7388,2106.198,1329.2142,2114.601,1286.1912,2109.2275,1248.2179,2104.1074,1199.8093,2099.3755,1140.6705,2100.1667,1075.6718,2100.777,1012.67474,2097.5537,956.03516,2099.1284,906.41595,2101.8047,869.5137,2104.4065,827.7388,2106.198,800.7168,2107.876,829.30145,2138.4658,868.7074,2167.924,926.8036,2202.454,998.1845,2223.1614,1075.703,2229.0312,1157.2975,2222.6877,1229.0223,2200.6775,1286.7101,2169.2742,1326.8519,2141.4224,1355.0223,2116.866
256,256,4266,800.94403,2107.7727,824.3986,2080.061,861.3918,2049.4912,915.55133,2014.9141,998.56024,1984.0862,1076.6637,2003.3906,1156.6508,1986.5371,1239.3322,2021.3624,1295.3638,2057.8088,1331.748,2089.9424,1355.4868,2116.8281,1329.6901,2114.5713,1284.9608,2109.7783,1247.3768,2102.9421,1199.5658,2096.1528,1142.3501,2093.832,1076.7239,2094.3062,1014.21436,2090.8438,957.47815,2090.8406,908.03986,2097.1792,870.1462,2102.1292,827.9621,2106.1162,1329.6901,2114.5713,1286.6539,2109.2046,1248.6626,2104.0928,1200.2261,2099.3682,1141.0502,2100.1614,1076.0027,2100.769,1012.97046,2097.5415,956.29755,2099.105,906.6573,2101.7646,869.74664,2104.3496,827.9621,2106.1162,800.94403,2107.7727,829.57666,2138.3735,869.0183,2167.8223,927.1442,2202.3198,998.525,2222.9993,1076.0227,2228.8696,1157.5999,2222.542,1229.3203,2200.5566,1287.0449,2169.1953,1327.2385,2141.377,1355.4868,2116.8281
257,257,4283,801.36957,2107.7222,824.78986,2080.0203,861.7764,2049.4614,915.9546,2014.908,998.93097,1984.088,1077.023,2003.3949,1157.0254,1986.5437,1239.7177,2021.3606,1295.7654,2057.8003,1332.1683,2089.936,1355.9116,2116.8206,1330.0974,2114.5615,1285.3759,2109.7678,1247.7826,2102.931,1199.9634,2096.1436,1142.7421,2093.824,1077.0876,2094.297,1014.5887,2090.8281,957.85876,2090.814,908.4263,2097.1406,870.5401,2102.0896,828.4039,2106.0713,1330.0974,2114.5615,1287.0605,2109.194,1249.0724,2104.084,1200.6389,2099.3635,1141.458,2100.158,1076.3964,2100.7637,1013.37396,2097.5325,956.7027,2099.088,907.064,2101.7366,870.1625,2104.313,828.4039,2106.0713,801.36957,2107.7222,830.0143,2138.3157,869.46826,2167.7478,927.6022,2202.2122,998.9816,2222.87,1076.4679,2228.7422,1158.045,2222.4348,1229.7748,2200.4763,1287.4849,2169.1545,1327.669,2141.3599,1355.9116,2116.8206
258,258,4300,801.4498,2107.7158,824.8594,2080.0122,861.86237,2049.4526,916.0598,2014.909,999.0378,1984.1112,1077.1442,2003.4244,1157.1675,1986.5709,1239.906,2021.3672,1296.0262,2057.79,1332.5138,2089.9272,1356.3176,2116.813,1330.4448,2114.5542,1285.6682,2109.7588,1248.0282,2102.9253,1200.1683,2096.1396,1142.9092,2093.8188,1077.2148,2094.2927,1014.70166,2090.821,957.9635,2090.8071,908.53467,2097.1365,870.64264,2102.0833,828.50854,2106.0654,1330.4448,2114.5542,1287.3241,2109.1858,1249.2838,2104.078,1200.8125,2099.3618,1141.605,2100.159,1076.5221,2100.765,1013.4953,2097.5342,956.82306,2099.0867,907.1888,2101.7322,870.28455,2104.3074,828.50854,2106.0654,801.4498,2107.7158,830.0825,2138.31,869.5403,2167.7407,927.68695,2202.2031,999.09094,2222.854,1076.6002,2228.7144,1158.2057,2222.406,1229.9681,2200.458,1287.7395,2169.146,1328.0035,2141.3525,1356.3176,2116.813
259,259,4316,801.5073,2107.6777,824.92847,2079.994,861.93494,2049.4475,916.1397,2014.9077,999.12415,1984.127,1077.249,2003.4574,1157.2904,1986.5984,1240.0475,2021.3811,1296.1686,2057.785,1332.6573,2089.9211,1356.47,2116.8066,1330.6107,2114.548,1285.8179,2109.7524,1248.1648,2102.9277,1200.2848,2096.1604,1143.0099,2093.8564,1077.3079,2094.331,1014.78595,2090.8423,958.0361,2090.8088,908.5938,2097.1316,870.6937,2102.071,828.55396,2106.0378,1330.6107,2114.548,1287.476,2109.179,1249.4183,2104.0735,1200.925,2099.3616,1141.6981,2100.16,1076.6089,2100.765,1013.57324,2097.5325,956.8867,2099.0823,907.2422,2101.7227,870.33356,2104.293,828.55396,2106.0378,801.5073,2107.6777,830.1513,2138.2798,869.61255,2167.7178,927.7594,2202.1892,999.1661,2222.8474,1076.6823,2228.708,1158.2936,2222.3972,1230.0715,2200.4473,1287.8584,2169.1355,1328.1354,2141.3462,1356.47,2116.8066
260,260,4333,801.4873,2107.6975,824.91235,2080.009,861.92316,2049.4658,916.1277,2014.9734,999.117,1984.2783,1077.2421,2003.6135,1157.2821,1986.7579,1240.0447,2021.4692,1296.1812,2057.8108,1332.706,2089.9392,1356.5575,2116.8215,1330.6827,2114.5642,1285.8607,2109.7615,1248.1787,2102.933,1200.2844,2096.1655,1143.0021,2093.8613,1077.3021,2094.3357,1014.77734,2090.8445,958.0299,2090.8098,908.583,2097.1316,870.679,2102.0796,828.5362,2106.0576,1330.6827,2114.5642,1287.5155,2109.203,1249.4354,2104.1172,1200.9272,2099.439,1141.692,2100.2556,1076.5992,2100.8547,1013.56177,2097.6108,956.87335,2099.1382,907.2273,2101.7559,870.31775,2104.3147,828.5362,2106.0576,801.4873,2107.6975,830.13196,2138.292,869.59454,2167.7205,927.7434,2202.1804,999.1533,2222.8372,1076.6735,2228.6987,1158.2881,2222.3887,1230.0697,2200.442,1287.8717,2169.143,1328.1865,2141.3665,1356.5575,2116.8215
261,261,4350,801.5768,2107.693,824.9873,2080.003,861.9698,2049.462,916.15265,2014.9904,999.1217,1984.3169,1077.2407,2003.6648,1157.2808,1986.8076,1240.0417,2021.5098,1296.1782,2057.8281,1332.701,2089.9565,1356.5487,2116.84,1330.6786,2114.5798,1285.8593,2109.7717,1248.1761,2102.9512,1200.2815,2096.199,1143.0002,2093.9072,1077.303,2094.383,1014.7838,2090.8774,958.0468,2090.823,908.61383,2097.13,870.7331,2102.075,828.61414,2106.053,1330.6786,2114.5798,1287.5143,2109.2156,1249.4344,2104.1326,1200.9276,2099.461,1141.695,2100.2769,1076.6079,2100.8696,1013.57666,2097.6167,956.89764,2099.1377,907.2687,2101.7524,870.3777,2104.3103,828.61414,2106.053,801.5768,2107.693,830.22314,2138.2883,869.66675,2167.7148,927.78577,2202.1736,999.17316,2222.8276,1076.6827,2228.6926,1158.2911,2222.3875,1230.071,2200.4412,1287.8712,2169.1462,1328.1835,2141.383,1356.5487,2116.84
262,262,4366,801.5653,2107.7217,824.97327,2080.0269,861.95734,2049.4824,916.1419,2015.0393,999.1119,1984.4102,1077.2336,2003.7794,1157.2854,1986.9235,1240.0931,2021.6094,1296.3011,2057.8958,1332.9069,2090.0322,1356.833,2116.9211,1330.9326,2114.6516,1286.0472,2109.8381,1248.3071,2103.0198,1200.348,2096.2744,1143.0238,2093.9856,1077.302,2094.458,1014.77765,2090.9355,958.0387,2090.8625,908.605,2097.1543,870.7241,2102.0989,828.60486,2106.0781,1330.9326,2114.6516,1287.6992,2109.2659,1249.5576,2104.1704,1200.993,2099.4934,1141.7197,2100.3057,1076.6111,2100.897,1013.57556,2097.6416,956.89417,2099.1587,907.26434,2101.7727,870.37177,2104.3328,828.60486,2106.0781,801.5653,2107.7217,830.2137,2138.3103,869.66113,2167.725,927.785,2202.1697,999.1799,2222.8198,1076.697,2228.6855,1158.332,2222.3813,1230.1554,2200.4385,1288.0168,2169.1648,1328.3981,2141.4407,1356.833,2116.9211
263,263,4383,801.7143,2107.8455,825.0855,2080.1138,862.0419,2049.5344,916.2095,2015.0817,999.1971,1984.435,1077.3488,2003.803,1157.4214,1986.9376,1240.298,2021.6299,1296.5358,2057.9214,1333.1328,2090.0889,1357.0314,2117.0127,1331.1176,2114.7356,1286.2327,2109.9043,1248.4923,2103.0796,1200.5239,2096.333,1143.1875,2094.0432,1077.4436,2094.5203,1014.91,2091.007,958.1729,2090.944,908.75824,2097.2424,870.8929,2102.2024,828.7767,2106.1975,1331.1176,2114.7356,1287.8848,2109.3394,1249.7385,2104.2415,1201.1687,2099.5732,1141.883,2100.3887,1076.7615,2100.9756,1013.7176,2097.7185,957.0446,2099.2349,907.4316,2101.856,870.54816,2104.4326,828.7767,2106.1975,801.7143,2107.8455,830.3857,2138.413,869.83936,2167.792,927.96045,2202.2087,999.3516,2222.8555,1076.8745,2228.7246,1158.5261,2222.4226,1230.3663,2200.482,1288.233,2169.2275,1328.6091,2141.5308,1357.0314,2117.0127
264,264,4400,801.8771,2107.8743,825.2331,2080.1284,862.17804,2049.539,916.3487,2015.0876,999.35535,1984.4364,1077.5237,2003.8044,1157.6085,1986.9358,1240.5305,2021.6245,1296.7959,2057.9126,1333.3912,2090.0847,1357.2632,2117.0105,1331.3513,2114.7327,1286.4672,2109.9001,1248.7288,2103.078,1200.7427,2096.3333,1143.3928,2094.0486,1077.6393,2094.5325,1015.10175,2091.0232,958.3623,2090.9595,908.94507,2097.2546,871.0847,2102.2166,828.95624,2106.2188,1331.3513,2114.7327,1288.128,2109.332,1249.9686,2104.23,1201.3862,2099.5615,1142.0859,2100.3772,1076.9553,2100.9666,1013.911,2097.7114,957.23553,2099.232,907.6205,2101.855,870.7308,2104.4375,828.95624,2106.2188,801.8771,2107.8743,830.5548,2138.4258,870.0167,2167.7944,928.14764,2202.2046,999.5538,2222.85,1077.085,2228.7195,1158.7612,2222.4175,1230.6276,2200.4766,1288.5063,2169.2239,1328.8746,2141.5288,1357.2632,2117.0105
265,265,4416,802.09644,2107.8818,825.4676,2080.1355,862.4216,2049.5476,916.59894,2015.1047,999.64136,1984.4602,1077.8726,2003.833,1158.021,1986.9575,1240.9674,2021.638,1297.2107,2057.9175,1333.7908,2090.0918,1357.6459,2117.022,1331.7704,2114.7441,1286.8806,2109.9062,1249.1364,2103.0916,1201.1201,2096.3635,1143.7458,2094.098,1077.9818,2094.5852,1015.4159,2091.0745,958.6438,2090.992,909.1893,2097.2695,871.3188,2102.2246,829.1742,2106.2283,1331.7704,2114.7441,1288.5714,2109.3398,1250.4056,2104.238,1201.7936,2099.5723,1142.4586,2100.3887,1077.3065,2100.9766,1014.22485,2097.718,957.5102,2099.2366,907.8589,2101.8604,870.9433,2104.4448,829.1742,2106.2283,802.09644,2107.8818,830.81287,2138.4268,870.3099,2167.7913,928.4669,2202.2012,999.8943,2222.8462,1077.4293,2228.716,1159.1068,2222.4138,1230.9854,2200.4722,1288.8794,2169.2195,1329.2539,2141.532,1357.6459,2117.022
266,266,4433,802.46606,2107.8926,825.8199,2080.151,862.7133,2049.5732,916.8453,2015.1539,999.8637,1984.5348,1078.1367,2003.9198,1158.3375,1987.0342,1241.3076,2021.6938,1297.5356,2057.9443,1334.1095,2090.1106,1357.9747,2117.0386,1332.1594,2114.7615,1287.2566,2109.9214,1249.4989,2103.1272,1201.4413,2096.4392,1144.0221,2094.2146,1078.2397,2094.7112,1015.673,2091.1897,958.904,2091.0664,909.4515,2097.3057,871.6269,2102.2424,829.49994,2106.2434,1332.1594,2114.7615,1288.9863,2109.3552,1250.7908,2104.255,1202.1318,2099.5938,1142.7452,2100.4138,1077.5753,2101.0034,1014.4888,2097.7385,957.77625,2099.2532,908.1335,2101.877,871.2277,2104.4622,829.49994,2106.2434,802.46606,2107.8926,831.22015,2138.4285,870.7084,2167.7883,928.82104,2202.1975,1000.19855,2222.8413,1077.6897,2228.7112,1159.3473,2222.4092,1231.2344,2200.4668,1289.1567,2169.2153,1329.5583,2141.538,1357.9747,2117.0386
267,267,4450,802.9493,2107.9016,826.25946,2080.1567,863.11554,2049.578,917.24835,2015.1649,1000.2592,1984.5536,1078.5675,2003.9365,1158.7896,1987.054,1241.691,2021.7046,1297.8535,2057.9456,1334.3772,2090.1125,1358.1981,2117.0417,1332.4065,2114.762,1287.5382,2109.9197,1249.8097,2103.1262,1201.7928,2096.4395,1144.3936,2094.2158,1078.6208,2094.7126,1016.03784,2091.1907,959.2747,2091.0664,909.8378,2097.305,872.0552,2102.2424,829.9785,2106.2483,1332.4065,2114.762,1289.2607,2109.3535,1251.0933,2104.254,1202.4766,2099.5938,1143.1173,2100.4143,1077.9675,2101.004,1014.8758,2097.7385,958.1714,2099.2527,908.5515,2101.8765,871.6673,2104.463,829.9785,2106.2483,802.9493,2107.9016,831.6902,2138.4287,871.15753,2167.7854,929.2406,2202.1877,1000.5961,2222.8286,1078.057,2228.6985,1159.6732,2222.3962,1231.5278,2200.453,1289.4125,2169.2068,1329.7972,2141.5369,1358.1981,2117.0417
268,268,4466,803.5042,2108.002,826.7572,2080.2212,863.58026,2049.6091,917.7253,2015.1771,1000.8048,1984.5557,1079.2068,2003.9337,1159.4323,1987.0475,1242.3262,2021.6965,1298.483,2057.9353,1334.9755,2090.107,1358.7566,2117.0388,1333.0037,2114.756,1288.1707,2109.9092,1250.4772,2103.1167,1202.4584,2096.4353,1145.0503,2094.2163,1079.2891,2094.7148,1016.63434,2091.1985,959.8216,2091.0784,910.34827,2097.3245,872.5718,2102.2732,830.5157,2106.3147,1333.0037,2114.756,1289.8663,2109.3396,1251.6943,2104.2314,1203.0941,2099.569,1143.7429,2100.393,1078.6123,2100.991,1015.4723,2097.7292,958.73486,2099.2502,909.0934,2101.8794,872.1872,2104.4866,830.5157,2106.3147,803.5042,2108.002,832.2913,2138.4644,871.7912,2167.784,929.9018,2202.1816,1001.2936,2222.8152,1078.7632,2228.6777,1160.3477,2222.3699,1232.1672,2200.4104,1289.9971,2169.1636,1330.3562,2141.523,1358.7566,2117.0388
269,269,4483,804.12585,2107.994,827.381,2080.2056,864.2275,2049.583,918.4285,2015.1382,1001.6236,1984.4944,1080.1023,2003.8289,1160.3237,1986.94,1243.1267,2021.566,1299.1947,2057.7869,1335.5842,2089.9692,1359.2633,2116.913,1333.5463,2114.6257,1288.7776,2109.767,1251.1571,2102.979,1203.2048,2096.3137,1145.8463,2094.1191,1080.1388,2094.6375,1017.41113,2091.1443,960.5392,2091.0322,911.01306,2097.2864,873.2056,2102.2412,831.1337,2106.2993,1333.5463,2114.6257,1290.4822,2109.2017,1252.3629,2104.1016,1203.8323,2099.459,1144.529,2100.297,1079.445,2100.9084,1016.2262,2097.6492,959.43024,2099.1772,909.7386,2101.8225,872.7935,2104.4504,831.1337,2106.2993,804.12585,2107.994,832.92285,2138.437,872.4547,2167.7124,930.61304,2202.0771,1002.0522,2222.7031,1079.5474,2228.5605,1161.0784,2222.2434,1232.8455,2200.253,1290.615,2168.9873,1330.9202,2141.3828,1359.2633,2116.913
270,270,4500,804.5525,2107.8867,827.8658,2080.1155,864.76294,2049.5115,919.0244,2015.0876,1002.2448,1984.4485,1080.7572,2003.7723,1160.9286,1986.877,1243.6552,2021.4677,1299.7316,2057.6438,1336.1215,2089.8076,1359.7954,2116.74,1334.1093,2114.4453,1289.408,2109.5728,1251.8094,2102.807,1203.8405,2096.181,1146.4906,2094.0215,1080.8086,2094.5615,1018.0058,2091.0698,961.0612,2090.9395,911.4588,2097.1716,873.606,2102.1133,831.5361,2106.1846,1334.1093,2114.4453,1291.1091,2109.0105,1252.98,2103.8962,1204.4401,2099.236,1145.1433,2100.059,1080.0807,2100.6758,1016.7992,2097.418,959.93176,2098.9734,910.1704,2101.6606,873.1709,2104.3196,831.5361,2106.1846,804.5525,2107.8867,833.3738,2138.2861,872.95447,2167.475,931.18317,2201.749,1002.6846,2222.324,1080.2162,2228.16,1161.6954,2221.857,1233.4315,2199.891,1291.1858,2168.683,1331.4792,2141.1658,1359.7954,2116.74
271,271,4516,804.7358,2107.8289,828.0617,2080.0337,864.978,2049.4,919.2762,2014.9381,1002.5848,1984.2405,1081.1864,2003.5128,1161.3916,1986.5854,1244.1488,2021.1449,1300.2272,2057.2996,1336.591,2089.4685,1360.2123,2116.4185,1334.5604,2114.1174,1289.8917,2109.24,1252.3099,2102.5203,1204.318,2095.9587,1146.9386,2093.8591,1081.2399,2094.4343,1018.3583,2090.9734,961.35266,2090.8467,911.6867,2097.0784,873.8009,2102.0183,831.70917,2106.1155,1334.5604,2114.1174,1291.5789,2108.6785,1253.4331,2103.559,1204.8606,2098.9036,1145.5309,2099.7415,1080.4503,2100.3904,1017.11615,2097.168,960.19324,2098.778,910.38293,2101.524,873.35144,2104.2246,831.70917,2106.1155,804.7358,2107.8289,833.60565,2138.1948,873.2372,2167.2979,931.52167,2201.4885,1003.0551,2222.005,1080.5892,2227.7935,1162.0432,2221.4658,1233.7719,2199.4727,1291.5417,2168.2678,1331.8638,2140.817,1360.2123,2116.4185
272,272,4533,804.7794,2107.6191,828.0869,2079.8843,864.9949,2049.3105,919.2818,2014.9109,1002.5743,1984.2378,1081.1737,2003.5133,1161.3595,1986.5858,1244.1041,2021.1381,1300.2124,2057.2617,1336.5873,2089.4043,1360.2285,2116.3223,1334.5663,2114.0188,1289.887,2109.1653,1252.3038,2102.461,1204.3096,2095.9167,1146.9296,2093.8252,1081.2303,2094.4028,1018.3513,2090.9148,961.3458,2090.7522,911.6914,2096.9438,873.82275,2101.8503,831.7537,2105.9058,1334.5663,2114.0188,1291.574,2108.5757,1253.427,2103.457,1204.8462,2098.814,1145.5117,2099.666,1080.4316,2100.3208,1017.1109,2097.0742,960.1866,2098.6484,910.394,2101.3594,873.3844,2104.036,831.7537,2105.9058,804.7794,2107.6191,833.6087,2138.0173,873.2263,2167.1855,931.51135,2201.4175,1003.0305,2221.9531,1080.5669,2227.7532,1162.038,2221.4246,1233.7675,2199.417,1291.5419,2168.1987,1331.8723,2140.7334,1360.2285,2116.3223
273,273,4550,805.1323,2107.7974,828.5633,2080.254,865.56506,2049.9875,919.775,2016.102,1002.734,1985.8438,1081.1854,2005.1763,1161.3456,1988.1367,1243.895,2022.2592,1299.9664,2057.901,1336.4199,2089.7847,1360.1506,2116.5342,1334.4629,2114.2627,1289.7953,2109.5164,1252.2155,2102.875,1204.28,2096.406,1146.9209,2094.3762,1081.2457,2095.0898,1018.41925,2091.482,961.53754,2091.2507,912.01697,2097.3616,874.1879,2102.1907,832.172,2106.1157,1334.4629,2114.2627,1291.4895,2109.034,1253.3959,2104.1917,1204.839,2099.87,1145.5312,2100.9385,1080.4934,2101.6226,1017.2231,2098.213,960.4259,2099.5083,910.7809,2101.9243,873.85175,2104.3975,832.172,2106.1157,805.1323,2107.7974,833.8148,2138.464,873.3353,2168.114,931.5529,2202.8076,1003.0534,2223.7285,1080.6202,2229.7407,1162.1255,2223.325,1233.8391,2201.0452,1291.564,2169.3408,1331.8706,2141.3025,1360.1506,2116.5342
274,274,4566,807.3356,2110.3972,830.67487,2083.5476,867.55725,2054.1873,921.1785,2021.6458,1003.0292,1992.4983,1081.18,2011.6273,1161.0597,1994.7556,1242.6157,2027.6809,1298.5481,2061.917,1335.3695,2093.0342,1359.5156,2119.222,1333.6901,2117.0447,1289.1831,2112.2073,1251.565,2105.1309,1203.9738,2098.3323,1146.8914,2096.081,1081.2722,2096.9717,1018.60364,2093.1533,962.2201,2093.1072,913.44147,2099.5757,876.0001,2104.7612,834.6652,2108.718,1333.6901,2117.0447,1290.7545,2113.2378,1252.99,2109.945,1204.7292,2107.3323,1145.5255,2109.4497,1080.5872,2110.2107,1017.4517,2106.1191,961.19617,2106.0723,912.3436,2106.8376,876.08307,2108.0337,834.6652,2108.718,807.3356,2110.3972,835.20844,2142.049,874.069,2173.0273,931.7862,2208.9314,1003.1385,2231.0034,1080.7771,2237.8452,1162.2993,2231.3364,1233.9539,2208.709,1291.5691,2175.6624,1331.7671,2145.5674,1359.5156,2119.222
275,275,4583,813.9403,2119.194,834.34033,2090.092,869.5941,2058.9707,922.051,2025.4395,1003.0534,1995.7821,1080.8856,2014.6765,1159.549,1998.0835,1239.5543,2031.5071,1294.6244,2066.3342,1330.6091,2098.773,1352.9988,2126.703,1325.6454,2124.2432,1282.5729,2118.288,1245.994,2109.6497,1200.9454,2101.476,1145.7279,2098.334,1081.0703,2099.3489,1018.6662,2095.4827,963.49146,2096.3237,917.3447,2104.4167,881.7364,2111.4966,842.7298,2117.0173,1325.6454,2124.2432,1283.4391,2122.775,1247.8376,2122.1465,1202.2113,2122.4285,1144.7225,2126.4497,1080.4878,2127.9487,1017.5447,2123.2559,962.68097,2121.38,916.6524,2119.4517,882.8333,2118.2617,842.7298,2117.0173,813.9403,2119.194,837.9202,2154.1084,874.5049,2189.8638,931.6838,2230.8638,1002.7673,2256.7222,1080.714,2264.747,1162.3226,2257.0066,1233.959,2230.8875,1291.1432,2192.554,1329.3378,2156.9578,1352.9988,2126.703
276,276,4600,821.3358,2128.0256,838.2969,2093.5813,871.7736,2059.5703,922.929,2025.1012,1003.1765,1995.5836,1080.7439,2014.1359,1158.3265,1997.8093,1236.3071,2031.1826,1289.0895,2067.0833,1322.0573,2103.0798,1338.9762,2137.3354,1310.1273,2134.45,1272.2701,2122.0996,1237.4636,2110.134,1196.3688,2101.3594,1144.1066,2097.0505,1080.945,2097.923,1018.93604,2094.365,965.39636,2096.2405,922.05164,2104.8374,887.37756,2114.6765,851.74475,2125.5317,1310.1273,2134.45,1271.8112,2142.361,1240.1698,2148.8027,1198.4948,2154.9363,1143.8048,2161.714,1080.4652,2163.213,1017.8299,2156.9316,964.8474,2151.134,921.5506,2143.0398,890.0425,2135.3286,851.74475,2125.5317,821.3358,2128.0256,841.3689,2169.259,875.30035,2212.202,931.60693,2260.4104,1002.30725,2291.6907,1080.6599,2302.0479,1162.3759,2294.0186,1233.9321,2264.4885,1289.3461,2219.1182,1322.7129,2175.2827,1338.9762,2137.3354
277,277,4616,830.0496,2134.1863,842.3042,2095.802,873.1225,2059.4622,923.1644,2024.3308,1003.1644,1992.2612,1080.0398,2009.8718,1156.4694,1994.7207,1232.8394,2030.6355,1283.2861,2067.1309,1312.3835,2105.8596,1323.605,2144.2568,1291.9568,2141.1233,1257.6805,2125.3079,1225.8507,2110.6157,1189.413,2101.113,1140.9968,2095.2583,1080.2062,2095.6575,1019.01465,2092.4834,967.4624,2095.8684,927.80853,2105.1326,895.70026,2117.2854,863.09845,2131.3918,1291.9568,2141.1233,1255.4681,2151.9175,1226.8763,2160.207,1190.0364,2167.802,1139.8555,2175.3213,1079.1545,2177.1433,1017.80444,2170.3154,966.4379,2163.599,926.9404,2153.906,898.5928,2144.1636,863.09845,2131.3918,830.0496,2134.1863,844.76227,2178.1174,875.43085,2224.2944,929.9085,2276.007,999.21124,2309.8125,1078.981,2321.2153,1161.9744,2312.459,1233.0667,2280.4956,1284.9628,2231.8503,1312.9438,2184.9963,1323.605,2144.2568
278,278,4633,836.8937,2135.9316,846.01996,2096.0115,874.56305,2059.3665,923.4564,2021.7428,1003.16077,1987.0956,1079.3251,2004.0166,1154.652,1990.3499,1229.74,2029.2874,1278.2295,2067.0107,1304.3796,2107.6848,1312.0941,2148.5571,1279.7009,2145.1274,1246.9893,2127.543,1217.0918,2111.0498,1183.4628,2100.8606,1137.888,2093.5183,1079.3705,2093.2056,1019.1593,2090.276,969.65955,2094.9575,932.67303,2105.0183,902.2659,2117.8755,871.0203,2133.01,1279.7009,2145.1274,1244.7755,2156.2961,1217.9026,2164.4468,1183.8499,2171.5786,1136.606,2178.5254,1077.9973,2179.9136,1017.79987,2172.7131,968.20575,2165.8252,931.5547,2156.1057,904.9096,2146.265,871.0203,2133.01,836.8937,2135.9316,848.503,2179.9084,876.0051,2225.9084,929.0918,2277.468,997.1988,2311.3591,1077.4586,2323.078,1161.3193,2314.739,1231.6162,2283.3452,1280.096,2235.5208,1304.2992,2189.3086,1312.0941,2148.5571
279,279,4650,843.78296,2135.0017,851.3379,2095.505,877.531,2058.6814,924.43604,2018.4661,1003.204,1981.772,1078.8168,1998.1727,1152.8538,1985.2085,1226.594,2026.596,1273.4713,2066.8774,1298.2052,2107.201,1305.4525,2147.4246,1273.4885,2144.0498,1240.368,2127.3098,1211.2593,2110.974,1178.8132,2100.4607,1135.2008,2092.2954,1078.7966,2091.6472,1019.58923,2088.9338,972.4726,2094.211,937.58307,2104.9106,908.5339,2117.534,877.668,2132.1213,1273.4885,2144.0498,1239.0549,2153.3333,1212.6213,2160.0083,1179.6185,2165.9827,1134.0867,2172.5405,1077.1776,2174.0984,1017.8531,2167.1694,970.3686,2160.956,935.9236,2152.425,910.527,2143.887,877.668,2132.1213,843.78296,2135.0017,853.60693,2177.63,877.8532,2222.2373,929.0033,2273.048,996.3187,2306.832,1076.4696,2318.4036,1160.5175,2309.8052,1229.7106,2278.1694,1275.5334,2230.97,1298.0662,2186.443,1305.4525,2147.4246
280,280,4666,848.2047,2134.2092,855.13385,2095.1306,879.9221,2058.2996,925.5107,2016.642,1003.38806,1978.9375,1078.6345,1994.9432,1151.985,1982.1412,1225.288,2024.4614,1271.7773,2066.4248,1296.2925,2106.6553,1304.0127,2145.918,1272.9376,2142.685,1239.3297,2126.8455,1210.2212,2110.8777,1177.5399,2100.2148,1134.2247,2091.7922,1078.6285,2091.0957,1020.10315,2088.499,974.43524,2093.9934,940.3477,2104.8132,911.94714,2117.316,881.2374,2131.4033,1272.9376,2142.685,1238.2482,2150.946,1211.518,2156.8955,1178.2819,2162.3909,1133.0486,2168.8264,1076.9131,2170.538,1018.0541,2163.7551,972.1638,2157.9766,938.667,2150.141,913.71155,2142.356,881.2374,2131.4033,848.2047,2134.2092,857.9781,2176.01,880.34436,2219.6282,929.08026,2269.7817,996.1864,2303.2766,1076.1669,2314.7002,1160.1252,2305.9656,1228.6555,2274.2808,1273.3484,2227.4727,1295.8088,2183.899,1304.0127,2145.918
281,281,4683,853.6119,2133.0938,859.97253,2094.8792,883.5632,2056.316,927.90735,2013.2014,1004.5924,1974.7216,1078.7476,1990.399,1151.9988,1977.8359,1225.3851,2020.9065,1271.7823,2064.7153,1295.8545,2106.6094,1303.0929,2144.4578,1272.397,2141.325,1239.0642,2126.4407,1210.4847,2110.7158,1177.6842,2099.4468,1134.2465,2090.8635,1078.7333,2090.0867,1021.83704,2087.543,977.74097,2093.098,944.3356,2104.5042,916.5278,2117.1118,886.09393,2130.403,1272.397,2141.325,1238.1736,2148.1638,1211.567,2153.024,1178.2953,2157.596,1133.0236,2163.5378,1076.9703,2165.1692,1019.395,2158.6392,975.55536,2153.513,942.8874,2146.708,918.2704,2140.03,886.09393,2130.403,853.6119,2133.0938,863.5254,2173.7444,884.6019,2215.9807,930.2142,2265.0903,996.3301,2298.0732,1076.1968,2309.2573,1160.1229,2300.6,1228.3556,2269.2297,1272.3485,2223.2842,1294.6538,2181.0815,1303.0929,2144.4578
282,282,4700,857.03046,2133.03,863.58966,2093.3784,886.8562,2053.5764,930.4819,2009.9723,1006.1604,1971.5758,1079.2164,1986.7937,1152.0466,1974.5095,1225.666,2017.3977,1272.1676,2062.0627,1296.3624,2105.262,1304.0216,2143.8804,1274.0164,2140.681,1240.9584,2125.429,1211.9906,2108.8464,1178.5411,2096.4004,1134.4346,2087.6611,1079.2118,2086.7754,1023.5867,2084.4758,980.04645,2090.1914,946.56946,2102.5928,918.5855,2115.966,888.8742,2130.259,1274.0164,2140.681,1240.2487,2146.4324,1213.4988,2151.7852,1179.3972,2157.2324,1133.1458,2163.6055,1078.1958,2165.1218,1021.9917,2158.3171,979.1592,2152.6187,946.2116,2145.1697,921.2706,2138.4136,888.8742,2130.259,857.03046,2133.03,868.3001,2172.1296,889.7649,2213.3918,933.3037,2262.0596,998.0089,2295.1028,1077.3483,2306.535,1160.646,2297.9773,1228.3776,2266.6865,1272.5427,2220.7627,1295.2037,2179.0344,1304.0216,2143.8804
283,283,4716,858.44104,2132.6394,865.55493,2092.0684,888.8719,2051.6006,932.18945,2007.854,1007.21686,1969.4304,1079.4357,1984.4008,1152.0978,1972.1589,1225.5872,2014.8756,1271.7673,2059.858,1295.5787,2103.6714,1303.1118,2143.5256,1273.66,2140.4927,1240.9694,2124.2625,1212.169,2107.5366,1178.7788,2094.7915,1134.5703,2086.2583,1079.4136,2085.4255,1024.6364,2083.2332,981.4028,2088.87,947.67725,2101.5354,919.4955,2115.085,889.6708,2130.008,1273.66,2140.4927,1240.2535,2145.0413,1213.8221,2150.3677,1179.8483,2156.0547,1133.3333,2162.6213,1078.5415,2164.2163,1023.07385,2157.3303,980.6683,2151.4888,947.4069,2143.8914,922.2291,2137.224,889.6708,2130.008,858.44104,2132.6394,870.5359,2171.0366,892.39386,2211.5452,934.86914,2259.8875,998.68054,2292.9915,1077.6464,2304.5503,1160.6941,2295.8662,1228.2428,2264.47,1271.8395,2218.7068,1294.2769,2177.6143,1303.1118,2143.5256
284,284,4733,860.0054,2131.057,867.5082,2090.1755,890.84406,2049.5808,933.87054,2006.1145,1008.18506,1967.9663,1079.5881,1982.9025,1152.0829,1970.665,1225.0844,2013.1155,1270.6884,2058.011,1293.9663,2101.9106,1301.3481,2142.45,1272.6703,2139.6702,1240.4679,2122.811,1211.9929,2106.2734,1178.8055,2093.5215,1134.6646,2085.2869,1079.5737,2084.4875,1025.5238,2082.3025,982.4793,2087.6487,948.5385,2100.2383,920.3115,2113.581,890.5398,2128.6973,1272.6703,2139.6702,1239.9385,2143.9011,1213.9403,2148.9946,1180.202,2154.5635,1133.495,2161.0125,1078.964,2162.5203,1024.1404,2155.615,981.9502,2149.8813,948.4058,2142.5317,923.05304,2136.322,890.5398,2128.6973,860.0054,2131.057,872.7674,2170.8481,895.0096,2210.1204,936.7247,2257.6687,999.62537,2290.5305,1078.0426,2302.1633,1160.732,2293.5447,1228.0143,2262.2917,1270.8605,2216.9194,1292.7893,2176.6611,1301.3481,2142.45
285,285,4750,861.99615,2128.3477,869.7671,2087.6248,893.0876,2047.2253,935.78876,2004.147,1009.4489,1966.2953,1080.0438,1981.1305,1152.1246,1968.9818,1224.964,2011.2112,1270.2012,2056.023,1293.2688,2099.8406,1300.6685,2140.806,1272.1984,2138.228,1240.2106,2120.8367,1211.8645,2104.4531,1178.9116,2091.562,1134.7821,2083.4802,1080.037,2082.6667,1026.8756,2080.5127,984.1001,2085.6316,950.24677,2098.1838,922.0234,2111.2673,892.4134,2126.2786,1272.1984,2138.228,1239.9983,2143.0554,1214.3737,2147.9736,1180.7018,2153.6926,1133.7507,2160.1794,1080.1249,2161.5674,1025.9333,2154.4846,983.9999,2148.6248,950.3641,2141.4492,925.0073,2136.0068,892.4134,2126.2786,861.99615,2128.3477,875.2663,2169.625,897.8263,2209.438,939.0531,2255.9573,1001.2107,2288.747,1079.1637,2300.651,1161.1736,2292.0923,1228.0328,2260.8394,1270.6963,2215.5762,1292.405,2176.1582,1300.6685,2140.806
286,286,4766,863.6551,2126.1462,871.3599,2085.6458,894.64386,2045.3771,937.3107,2002.5442,1010.6373,1964.8611,1080.5491,1979.5841,1152.1489,1967.7241,1225.021,2009.9404,1270.1777,2054.7483,1293.1628,2098.5757,1300.5209,2139.9346,1272.1493,2137.5442,1240.3889,2119.5588,1212.0491,2103.1006,1179.1511,2089.9324,1134.8517,2081.7632,1080.5372,2080.7568,1027.9543,2078.6138,985.2611,2083.6682,951.4125,2096.3586,923.2544,2109.4001,894.03937,2124.414,1272.1493,2137.5442,1240.2653,2142.4075,1214.8785,2147.885,1181.1255,2154.2493,1134.295,2160.9802,1081.4736,2162.2388,1027.6339,2154.7844,985.7781,2148.4072,952.04224,2140.7659,926.6316,2135.491,894.03937,2124.414,863.6551,2126.1462,877.35846,2168.7205,900.2071,2208.7778,941.1962,2254.816,1002.90234,2287.9731,1080.4888,2300.3147,1161.8365,2291.8367,1228.0723,2260.41,1270.7758,2214.7932,1292.3962,2175.4438,1300.5209,2139.9346
287,287,4783,864.5951,2124.7703,872.1199,2083.888,895.4458,2043.451,938.1623,2000.7412,1011.3187,1963.2793,1080.8977,1977.7203,1152.1611,1966.1494,1225.0604,2008.1619,1270.2179,2052.9688,1293.2932,2097.007,1300.7556,2139.152,1272.5698,2136.8777,1241.0878,2117.372,1212.5344,2100.0505,1179.4647,2085.9167,1134.883,2077.3228,1080.9402,2076.0493,1028.5798,2074.1448,985.69,2079.5955,951.6605,2093.1692,923.4502,2107.0505,894.888,2123.1719,1272.5698,2136.8777,1240.9747,2142.2773,1215.5854,2149.3174,1181.4159,2157.0425,1135.1539,2164.3599,1082.7645,2165.5422,1028.8573,2157.7551,986.775,2150.46,952.7676,2141.342,927.3052,2134.8726,894.888,2123.1719,864.5951,2124.7703,878.6155,2168.5925,901.8789,2207.8682,943.00793,2254.3137,1004.55383,2288.0781,1081.8969,2300.7751,1162.6512,2292.359,1228.2136,2260.7874,1270.9902,2214.579,1292.7009,2174.6865,1300.7556,2139.152
288,288,4800,865.3093,2122.1926,872.98474,2081.616,896.2941,2041.4934,938.9359,1999.1139,1011.8951,1961.8632,1081.2087,1976.217,1152.1738,1964.8093,1225.0483,2006.7281,1270.0464,2051.3452,1293.0845,2095.0776,1300.6659,2137.1672,1272.6456,2135.0967,1241.2881,2115.1284,1212.6562,2097.834,1179.629,2083.5632,1134.9531,2074.9998,1081.2495,2073.6414,1029.16,2071.7761,986.17584,2077.1128,952.0707,2090.7,923.8452,2104.5605,895.4951,2120.8362,1272.6456,2135.0967,1241.3386,2141.8083,1216.0732,2149.1262,1181.6702,2157.2588,1135.9182,2164.8245,1083.7914,2166.053,1029.8744,2158.1587,987.6159,2150.5269,953.41815,2140.9482,927.9041,2134.5535,895.4951,2120.8362,865.3093,2122.1926,879.6387,2167.1133,903.1475,2207.5964,944.3718,2253.5989,1005.8085,2287.6309,1082.9805,2300.5117,1163.3141,2292.0007,1228.3112,2260.2507,1271.0858,2213.944,1292.7057,2174.6228,1300.6659,2137.1672
289,289,4816,866.12836,2120.4788,873.5902,2080.1306,896.8085,2040.1973,939.4834,1998.0922,1012.3532,1961.0769,1081.4967,1975.2445,1152.2378,1963.9646,1225.1163,2005.5735,1270.1228,2049.8987,1293.1218,2093.3547,1300.6428,2135.3481,1272.7089,2133.5493,1241.6304,2113.1606,1212.9336,2095.7803,1179.8435,2081.3843,1135.0137,2072.8567,1081.5685,2071.4902,1029.5481,2069.6724,986.44745,2075.0518,952.3143,2088.8188,924.1617,2102.8337,896.2626,2119.3518,1272.7089,2133.5493,1241.5679,2141.5308,1216.4291,2149.749,1181.8623,2158.7952,1136.5798,2166.8782,1084.6047,2168.227,1030.5793,2160.1006,988.2054,2151.8757,953.9622,2141.3071,928.5048,2134.1064,896.2626,2119.3518,866.12836,2120.4788,880.54376,2166.4707,904.1469,2207.0496,945.4035,2253.3167,1006.8077,2287.8823,1083.9045,2301.062,1163.9504,2292.4377,1228.4614,2260.363,1271.205,2213.602,1292.7823,2174.4204,1300.6428,2135.3481
290,290,4833,866.51843,2118.6965,873.97217,2078.5813,897.1309,2038.6128,939.8527,1996.2739,1012.87286,1958.8531,1081.8966,1973.0046,1152.3595,1961.7792,1225.2213,2003.7587,1270.2662,2048.2705,1293.184,2091.5803,1300.5938,2133.2131,1272.8027,2131.581,1241.7107,2111.7163,1213.0773,2094.8613,1180.0138,2080.759,1135.0728,2072.4668,1081.9684,2071.1016,1030.1179,2069.2766,986.93695,2074.4326,952.7492,2087.9395,924.56824,2101.5825,896.4404,2117.7004,1272.8027,2131.581,1241.6503,2141.4863,1216.6055,2149.1533,1182.118,2157.6897,1136.907,2165.4856,1085.0773,2166.8506,1031.1016,2158.947,988.6202,2151.0908,954.25757,2140.8938,928.7353,2133.9133,896.4404,2117.7004,866.51843,2118.6965,881.0797,2164.9373,904.80707,2206.7415,946.1498,2252.821,1007.5215,2287.2227,1084.4733,2300.274,1164.2421,2291.6094,1228.4706,2259.6472,1271.1376,2213.317,1292.6112,2173.4546,1300.5938,2133.2131
291,291,4850,866.484,2116.2073,873.8834,2076.2976,897.08026,2036.3439,939.90204,1993.9814,1013.0692,1956.5627,1082.1078,1970.6094,1152.4283,1959.4915,1225.2969,2001.5105,1270.3146,2046.1473,1293.0698,2089.4363,1300.1443,2130.9185,1272.2778,2129.3396,1241.4323,2109.6018,1212.9633,2092.8625,1180.0895,2078.7202,1135.1193,2070.4302,1082.1763,2069.003,1030.374,2067.2368,987.08093,2072.3574,952.84,2085.8472,924.6561,2099.387,896.5328,2115.298,1272.2778,2129.3396,1241.4012,2141.3545,1216.6248,2148.681,1182.342,2157.0864,1137.2029,2164.8796,1085.4349,2166.2607,1031.386,2158.3704,988.7883,2150.5596,954.3649,2140.5698,928.8358,2133.2559,896.5328,2115.298,866.484,2116.2073,881.0384,2162.6821,904.876,2205.9253,946.39307,2252.4321,1007.88586,2286.7622,1084.8706,2299.8423,1164.5364,2291.1455,1228.5121,2259.1335,1271.1206,2213.0789,1292.3981,2172.2937,1300.1443,2130.9185
292,292,4866,866.57135,2115.1626,873.969,2075.5137,897.1601,2035.7664,939.98175,1993.616,1013.1476,1956.3778,1082.1722,1970.4519,1152.4642,1959.1885,1225.2361,2000.9347,1270.1663,2045.2855,1292.9146,2088.2224,1300.0643,2129.2903,1272.2238,2127.7976,1241.377,2108.3376,1212.8846,2091.8152,1180.1022,2077.784,1135.1882,2069.6382,1082.2714,2068.3074,1030.5149,2066.567,987.1574,2071.6382,952.88715,2085.0688,924.7088,2098.4966,896.6289,2114.253,1272.2238,2127.7976,1241.4226,2141.2866,1216.7299,2148.3691,1182.5128,2156.866,1137.4662,2164.776,1085.6978,2166.2148,1031.5757,2158.311,988.8788,2150.4058,954.40454,2140.3052,928.8871,2133.166,896.6289,2114.253,866.57135,2115.1626,881.1393,2161.643,905.0468,2205.6453,946.6812,2252.1028,1008.2397,2286.4602,1085.2168,2299.572,1164.7865,2290.8228,1228.5527,2258.7668,1271.1418,2212.84,1292.3794,2171.461,1300.0643,2129.2903
293,293,4883,867.16296,2112.4568,874.3133,2073.5154,897.3278,2034.0415,940.1595,1992.022,1013.4049,1954.8899,1082.3729,1969.1926,1152.5352,1958.0159,1225.3005,1999.9891,1270.2678,2044.4021,1292.9551,2087.2063,1300.0168,2127.8374,1272.1022,2126.3572,1241.2626,2107.5784,1212.877,2091.436,1180.1771,2077.614,1135.2262,2069.568,1082.4989,2068.1963,1030.8188,2066.2766,987.4739,2071.0234,953.2935,2084.0447,925.3197,2096.891,897.32794,2111.671,1272.1022,2126.3572,1241.3585,2140.702,1216.811,2148.2153,1182.649,2156.3162,1137.8387,2164.0227,1086.1741,2165.4546,1032.0563,2157.78,989.37616,2150.333,955.00085,2139.4414,929.53644,2131.0454,897.32794,2111.671,867.16296,2112.4568,881.6316,2158.6814,905.425,2203.7402,947.0325,2251.9902,1008.6758,2286.0571,1085.7222,2299.2053,1165.2666,2290.5085,1228.8223,2258.4226,1271.2445,2212.7332,1292.4761,2170.4346,1300.0168,2127.8374
294,294,4900,867.3037,2111.7998,874.71954,2073.3132,897.77545,2034.1707,940.52856,1992.4496,1013.6008,1955.5492,1082.4911,1969.9961,1152.5581,1958.6174,1225.2314,2000.2933,1270.0538,2044.3755,1292.6826,2086.792,1299.8809,2126.8792,1272.1204,2125.4636,1241.3466,2107.0637,1212.9518,2091.201,1180.252,2077.5872,1135.258,2069.7434,1082.6566,2068.4785,1030.9916,2066.4922,987.5846,2071.0798,953.33636,2083.9006,925.3096,2096.522,897.3099,2111.0195,1272.1204,2125.4636,1241.3923,2140.5796,1216.8906,2147.975,1182.786,2156.2205,1138.0554,2164.038,1086.35,2165.4922,1032.191,2157.7024,989.42456,2150.0999,954.98566,2139.2441,929.5005,2130.9285,897.3099,2111.0195,867.3037,2111.7998,881.8916,2157.971,905.7505,2203.478,947.37354,2251.7195,1008.9917,2285.8225,1085.928,2298.9958,1165.3887,2290.2744,1228.8357,2258.1655,1271.169,2212.5166,1292.2933,2169.9077,1299.8809,2126.8792
295,295,4916,868.70764,2110.8184,875.8277,2072.8708,898.5423,2034.0221,941.0889,1992.5679,1013.9468,1955.8987,1082.6802,1970.4283,1152.6179,1958.9463,1225.2682,2000.4119,1270.0864,2044.2744,1292.6427,2086.4282,1299.8269,2126.041,1272.0573,2124.7034,1241.3574,2106.7893,1213.0319,2091.1792,1180.3292,2077.729,1135.3965,2070.012,1082.9224,2068.8,1031.3624,2066.741,988.08264,2071.1833,954.063,2083.8032,926.3709,2096.1367,898.7157,2110.11,1272.0573,2124.7034,1241.3934,2140.428,1216.9674,2147.7493,1182.8577,2155.8953,1138.404,2163.6675,1086.7606,2165.111,1032.7238,2157.2947,990.1351,2149.7905,955.96826,2139.1697,930.705,2130.2378,898.7157,2110.11,868.70764,2110.8184,883.2074,2156.8557,906.8,2202.8396,948.13226,2251.5356,1009.59143,2285.6755,1086.4005,2298.963,1165.775,2290.233,1229.0212,2258.014,1271.2319,2212.3376,1292.3146,2169.3643,1299.8269,2126.041
296,296,4933,869.00446,2110.679,876.3819,2072.9426,899.1241,2034.2379,941.5023,1992.9009,1014.133,1956.3258,1082.7747,1970.9688,1152.6459,1959.3569,1225.1971,2000.6907,1269.9176,2044.3982,1292.5072,2086.3425,1299.8994,2125.6575,1272.2422,2124.345,1241.4785,2106.6697,1213.115,2091.2278,1180.3939,2077.8945,1135.4484,2070.284,1083.084,2069.1294,1031.6068,2067.0337,988.3272,2071.397,954.3028,2083.9182,926.5775,2096.1353,898.84894,2109.9504,1272.2422,2124.345,1241.5372,2140.2715,1217.0793,2147.585,1182.9181,2155.819,1138.6783,2163.6443,1087.0118,2165.099,1033.0165,2157.2244,990.4115,2149.6174,956.19403,2139.0078,930.89404,2130.1846,898.84894,2109.9504,869.00446,2110.679,883.6817,2156.576,907.378,2202.795,948.7269,2251.313,1010.08466,2285.5754,1086.728,2298.89,1165.9663,2290.1296,1229.0547,2257.8818,1271.2385,2212.1243,1292.2982,2169.127,1299.8994,2125.6575
297,297,4950,870.34314,2110.4597,877.25995,2072.9458,899.65063,2034.3376,941.8635,1993.1033,1014.3356,1956.6456,1082.8595,1971.3359,1152.6562,1959.6779,1225.1875,2000.9109,1269.8041,2044.5287,1292.1323,2086.3818,1299.2042,2125.565,1271.2269,2124.254,1240.7656,2106.7224,1212.7391,2091.36,1180.3414,2078.0872,1135.4868,2070.5332,1083.1896,2069.4033,1031.8578,2067.2693,988.8231,2071.5784,955.2118,2084.0344,927.9491,2096.156,900.57654,2109.7122,1271.2269,2124.254,1240.8335,2140.1038,1216.7604,2147.4336,1183.0463,2155.6782,1138.8059,2163.4827,1087.24,2164.9204,1033.4668,2156.9854,991.2036,2149.3809,957.4332,2138.9321,932.4557,2129.8994,900.57654,2109.7122,870.34314,2110.4597,884.6545,2156.1858,907.97003,2202.6677,949.05695,2251.1257,1010.3366,2285.6667,1086.921,2299.1272,1166.1584,2290.3535,1229.1284,2257.943,1271.2161,2211.9045,1291.9877,2169.0535,1299.2042,2125.565
298,298,4966,870.2073,2110.4553,877.35205,2073.0056,899.8479,2034.4618,942.04126,1993.2925,1014.49585,1956.8947,1083.0325,1971.6188,1152.7502,1959.896,1225.214,2001.043,1269.8566,2044.5824,1292.2786,2086.346,1299.5165,2125.4304,1271.576,2124.1116,1240.9626,2106.6604,1212.8542,2091.361,1180.3848,2078.1226,1135.6039,2070.6123,1083.3903,2069.5115,1032.0792,2067.3735,988.97986,2071.6545,955.2818,2084.079,927.9003,2096.1682,900.3644,2109.6846,1271.576,2124.1116,1241.041,2139.9272,1216.8512,2147.4146,1183.172,2155.827,1139.1589,2163.7275,1087.4911,2165.1846,1033.6661,2157.2007,991.2955,2149.4446,957.3877,2138.8657,932.3119,2129.771,900.3644,2109.6846,870.2073,2110.4553,884.6338,2156.1218,908.07794,2202.4802,949.2836,2251.026,1010.6094,2285.823,1087.1766,2299.3254,1166.3583,2290.498,1229.2275,2257.9893,1271.2587,2211.728,1292.1278,2169.0112,1299.5165,2125.4304
299,299,4983,870.307,2110.4397,877.63306,2073.0886,900.25543,2034.5906,942.4754,1993.463,1014.8908,1957.1111,1083.3148,1971.8715,1152.9211,1960.081,1225.2347,2001.1366,1269.9077,2044.6223,1292.3569,2086.3586,1299.6614,2125.4272,1271.7646,2124.1018,1241.0831,2106.6917,1212.9467,2091.4502,1180.4255,2078.2737,1135.7888,2070.7786,1083.6605,2069.6633,1032.4282,2067.4812,989.31573,2071.6838,955.5538,2084.1497,928.0931,2096.239,900.4078,2109.6545,1271.7646,2124.1018,1241.1818,2139.756,1216.943,2147.3298,1183.27,2155.7083,1139.537,2163.5503,1087.8761,2164.986,1034.0936,2156.9958,991.6675,2149.2786,957.64417,2138.7876,932.4575,2129.6985,900.4078,2109.6545,870.307,2110.4397,884.82294,2155.9727,908.3406,2202.4312,949.61163,2250.8984,1010.99677,2285.8843,1087.5198,2299.4683,1166.6709,2290.6638,1229.4202,2258.0916,1271.2968,2211.585,1292.2198,2168.8381,1299.6614,2125.4272
300,300,5000,870.1853,2110.6045,877.6373,2073.2239,900.34625,2034.7313,942.57336,1993.6116,1014.97675,1957.2476,1083.4362,1971.9368,1153.025,1960.1108,1225.2455,2001.1947,1269.9653,2044.6763,1292.5006,2086.379,1299.9293,2125.432,1271.9822,2124.0984,1241.1091,2106.7278,1212.9816,2091.5427,1180.5492,2078.4053,1136.0542,2070.947,1083.8694,2069.8462,1032.5833,2067.6357,989.3685,2071.7954,955.50555,2084.2058,927.92914,2096.288,900.16626,2109.8184,1271.9822,2124.0984,1241.2079,2139.8416,1217.1443,2148.1758,1183.783,2157.0383,1140.1708,2165.0994,1088.3005,2166.5576,1034.3759,2158.5347,991.7885,2150.5342,957.60345,2139.589,932.3123,2129.8716,900.16626,2109.8184,870.1853,2110.6045,884.9248,2156.078,908.682,2202.2808,950.15,2251.2231,1011.59174,2286.4634,1088.0636,2300.0713,1167.0948,2291.2046,1229.709,2258.594,1271.3741,2211.7083,1292.3145,2168.6492,1299.9293,2125.432
301,301,5016,870.81305,2110.8958,877.9683,2073.4749,900.5504,2034.8538,942.8063,1993.6675,1015.34106,1957.4071,1083.8677,1972.1672,1153.55,1960.2937,1225.6188,2001.3231,1270.1774,2044.7378,1292.577,2086.4248,1300.1464,2125.479,1272.2085,2124.1538,1241.2322,2106.8665,1213.0103,2091.6406,1180.8009,2078.4539,1136.5999,2070.9795,1084.3231,2069.892,1032.9496,2067.6948,989.71265,2071.9521,955.93005,2084.4673,928.4464,2096.6216,900.86005,2110.1165,1272.2085,2124.1538,1241.345,2139.9106,1217.1991,2148.6262,1184.2345,2157.6382,1140.9108,2165.7356,1089.0244,2167.203,1035.0923,2159.165,992.5087,2151.1,958.3429,2140.0232,933.0664,2130.0066,900.86005,2110.1165,870.81305,2110.8958,885.61005,2156.2585,909.3719,2202.2258,950.85675,2251.6055,1012.3355,2287.112,1088.7876,2300.7336,1167.7472,2291.8062,1230.2089,2259.0808,1271.516,2211.8577,1292.4065,2168.5244,1300.1464,2125.479
302,302,5033,871.4764,2111.017,878.547,2073.6055,901.0811,2034.9149,943.3301,1993.7542,1015.9526,1957.579,1084.5028,1972.3752,1154.1769,1960.4661,1226.0914,2001.4215,1270.5018,2044.774,1292.684,2086.5435,1300.2992,2125.56,1272.349,2124.214,1241.3055,2107.0625,1213.2216,2091.847,1181.2163,2078.6118,1137.3356,2071.0881,1085.0493,2069.977,1033.6775,2067.8132,990.3928,2072.1086,956.63367,2084.6653,929.15045,2096.808,901.5097,2110.2224,1272.349,2124.214,1241.4681,2139.8218,1217.5748,2148.5955,1185.0522,2157.524,1141.9375,2165.5432,1090.0065,2166.9885,1036.0415,2158.9688,993.37994,2150.9468,959.1306,2139.928,933.79895,2129.9058,901.5097,2110.2224,871.4764,2111.017,886.37213,2156.2385,910.2184,2202.065,951.816,2251.5464,1013.39984,2287.1191,1089.8507,2300.7317,1168.7114,2291.848,1231.054,2259.1724,1271.9835,2211.8367,1292.5533,2168.3901,1300.2992,2125.56
303,303,5050,872.03046,2111.2908,878.9824,2073.7507,901.4903,2034.9442,943.75244,1993.8569,1016.4298,1957.7286,1085.0693,1972.5632,1154.8385,1960.6086,1226.6337,2001.508,1270.9917,2044.815,1293.036,2086.7168,1300.414,2125.823,1272.4286,2124.4656,1241.656,2107.1875,1213.6127,2091.9097,1181.7668,2078.7107,1138.1056,2071.1594,1085.676,2070.0266,1034.2059,2067.8882,990.85254,2072.2183,957.12885,2084.749,929.64703,2096.8862,902.17773,2110.492,1272.4286,2124.4656,1241.8612,2140.4016,1218.2776,2149.8867,1186.2517,2159.2104,1143.2823,2167.3208,1091.1442,2168.6638,1036.9578,2160.517,994.1804,2152.2012,959.8635,2140.765,934.50073,2130.234,902.17773,2110.492,872.03046,2111.2908,886.92194,2156.4612,910.80896,2202.1594,952.5179,2252.167,1014.304,2288.1035,1090.974,2301.856,1169.9406,2293.0308,1232.3138,2260.318,1272.9113,2212.5325,1293.085,2168.5618,1300.414,2125.823
304,304,5066,871.9553,2111.3127,879.07965,2073.809,901.70557,2035.0363,944.02936,1993.9794,1016.78265,1957.8704,1085.5111,1972.717,1155.3075,1960.74,1226.9323,2001.6005,1271.1736,2044.8625,1293.1368,2086.7324,1300.4696,2125.8374,1272.49,2124.47,1241.8042,2107.1997,1213.7946,2091.961,1182.0311,2078.7942,1138.5133,2071.2705,1086.0762,2070.1516,1034.5537,2068.0063,991.0857,2072.3186,957.2506,2084.8267,929.65234,2096.9382,902.04755,2110.5034,1272.49,2124.47,1242.0848,2140.3335,1218.6245,2149.8801,1186.7877,2159.1628,1143.8146,2167.2202,1091.5074,2168.5352,1037.2109,2160.391,994.3013,2152.0894,959.85815,2140.6863,934.4248,2130.169,902.04755,2110.5034,871.9553,2111.3127,886.8964,2156.4492,910.8581,2202.073,952.68225,2252.1077,1014.5564,2288.076,1091.2794,2301.823,1170.2535,2293.015,1232.6282,2260.3274,1273.139,2212.4824,1293.2128,2168.467,1300.4696,2125.8374
305,305,5083,872.21045,2111.3274,879.2346,2073.8425,901.8341,2035.064,944.18475,1993.9414,1017.0443,1957.733,1085.837,1972.5094,1155.714,1960.6321,1227.2487,2001.5928,1271.3763,2044.9177,1293.1588,2086.7668,1300.6343,2125.8372,1272.671,2124.466,1241.8875,2107.2332,1213.8215,2092.0132,1182.1808,2078.821,1138.826,2071.262,1086.3566,2070.1052,1034.8167,2067.9775,991.3395,2072.3164,957.51807,2084.8503,929.9428,2096.9697,902.3871,2110.5103,1272.671,2124.466,1242.174,2140.321,1218.6766,2150.0647,1187.0134,2159.4768,1144.0992,2167.6172,1091.7006,2168.953,1037.3586,2160.7031,994.4433,2152.2554,960.0335,2140.723,934.6588,2130.1,902.3871,2110.5103,872.21045,2111.3274,886.99,2156.4316,910.8643,2201.9617,952.68536,2252.3037,1014.62274,2288.6099,1091.4227,2302.5068,1170.5027,2293.6597,1232.9331,2260.7566,1273.3055,2212.5723,1293.2383,2168.3809,1300.6343,2125.8372
306,306,5100,872.49133,2111.267,879.4041,2073.846,901.9539,2035.0886,944.34753,1993.9537,1017.358,1957.717,1086.2792,1972.4576,1156.3007,1960.6235,1227.7733,2001.5874,1271.7379,2044.9402,1293.2336,2086.7708,1300.7815,2125.7673,1272.8256,2124.3953,1241.9823,2107.2617,1213.881,2092.07,1182.4319,2078.8901,1139.2819,2071.3472,1086.7706,2070.1995,1035.1771,2068.0664,991.67456,2072.3914,957.8789,2084.9075,930.3343,2097.0,902.75714,2110.447,1272.8256,2124.3953,1242.2797,2140.287,1218.7073,2150.0098,1187.1372,2159.3562,1144.2974,2167.4553,1091.8821,2168.7896,1037.549,2160.5679,994.65027,2152.1711,960.29193,2140.7043,934.96857,2129.9868,902.75714,2110.447,872.49133,2111.267,887.1686,2156.288,910.97455,2201.8765,952.7732,2252.254,1014.7413,2288.5388,1091.5809,2302.4116,1170.6761,2293.5713,1233.1157,2260.6917,1273.3867,2212.5264,1293.2936,2168.3137,1300.7815,2125.7673
307,307,5116,872.8686,2111.27,879.61395,2073.865,902.09204,2035.0878,944.5081,1993.8801,1017.6678,1957.5437,1086.7346,1972.1338,1156.868,1960.3899,1228.2504,2001.3663,1272.043,2044.793,1293.2736,2086.6455,1300.8943,2125.5608,1272.9016,2124.1711,1242.0795,2107.1826,1213.9044,2092.0083,1182.6232,2078.814,1139.689,2071.2683,1087.1825,2070.116,1035.5586,2068.0244,992.0752,2072.3896,958.3527,2084.932,930.8738,2097.0242,903.3299,2110.437,1272.9016,2124.1711,1242.3529,2140.1174,1218.7521,2149.9666,1187.1785,2159.2761,1144.4178,2167.3257,1092.0139,2168.6519,1037.7114,2160.445,994.87573,2152.0796,960.63104,2140.658,935.40985,2129.959,903.3299,2110.437,872.8686,2111.27,887.36127,2156.2522,911.06287,2201.8284,952.8292,2252.2104,1014.825,2288.503,1091.696,2302.3496,1170.8069,2293.5015,1233.2495,2260.636,1273.4347,2212.4922,1293.358,2168.0957,1300.8943,2125.5608
308,308,5133,873.6584,2111.2783,880.0507,2073.876,902.3543,2035.071,944.7215,1993.8015,1017.9732,1957.4132,1087.1798,1971.8179,1157.4369,1960.2024,1228.7257,2001.1531,1272.3761,2044.6486,1293.3589,2086.5566,1300.9988,2125.4807,1272.9666,2124.1055,1242.1606,2107.1143,1213.9369,2091.8481,1182.8636,2078.5264,1140.1415,2070.8877,1087.6249,2069.6938,1035.9501,2067.707,992.515,2072.2153,958.9719,2084.8818,931.6311,2097.0347,904.412,2110.4417,1272.9666,2124.1055,1242.4326,2140.074,1218.7639,2150.1667,1187.4087,2159.7793,1144.8204,2167.9927,1092.4685,2169.315,1038.173,2161.0757,995.4543,2152.5498,961.3933,2140.852,936.32556,2129.9236,904.412,2110.4417,873.6584,2111.2783,887.9639,2156.2324,911.5343,2201.7417,953.2054,2252.3105,1015.1948,2288.7256,1092.1265,2302.6206,1171.2129,2293.7495,1233.5967,2260.8208,1273.6095,2212.4998,1293.3762,2168.0396,1300.9988,2125.4807
309,309,5150,873.60205,2111.289,880.08014,2073.9028,902.4126,2035.1017,944.7748,1993.7812,1018.0903,1957.246,1087.4023,1971.5195,1157.6868,1959.8741,1228.9147,2000.8552,1272.4802,2044.4309,1293.3915,2086.3323,1301.0911,2125.155,1273.0574,2123.7583,1242.2406,2106.9453,1213.9838,2091.725,1182.9315,2078.4006,1140.3066,2070.7878,1087.8396,2069.625,1036.1462,2067.6992,992.6683,2072.2373,959.09985,2084.9126,931.69794,2097.059,904.3407,2110.4434,1273.0574,2123.7583,1242.5012,2139.5857,1218.7971,2149.7917,1187.4568,2159.4612,1144.9056,2167.7104,1092.5334,2169.0483,1038.2314,2160.8774,995.4852,2152.3984,961.38794,2140.7249,936.2927,2129.7952,904.3407,2110.4434,873.60205,2111.289,887.9443,2156.1396,911.54407,2201.5317,953.25745,2252.1487,1015.2635,2288.55,1092.1974,2302.413,1171.2521,2293.4844,1233.6216,2260.5186,1273.6217,2212.079,1293.4397,2167.471,1301.0911,2125.155
310,310,5166,873.83936,2111.1184,880.22394,2073.785,902.4926,2034.9633,944.849,1993.605,1018.18567,1957.053,1087.4918,1971.2968,1157.7971,1959.7057,1229.0112,2000.7106,1272.544,2044.3124,1293.4633,2086.2034,1301.1482,2124.9172,1273.0754,2123.5254,1242.3008,2106.8748,1214.0441,2091.6943,1182.9556,2078.3845,1140.4045,2070.7776,1087.9249,2069.6067,1036.2573,2067.676,992.82367,2072.2046,959.3103,2084.8694,931.98944,2096.9912,904.6471,2110.2673,1273.0754,2123.5254,1242.5433,2139.346,1218.8341,2149.617,1187.4882,2159.3245,1144.9891,2167.5952,1092.6338,2168.9404,1038.3864,2160.7258,995.6995,2152.1975,961.666,2140.4727,936.60504,2129.468,904.6471,2110.2673,873.83936,2111.1184,888.1626,2155.8394,911.70874,2201.228,953.37225,2252.0415,1015.3712,2288.5269,1092.3018,2302.3713,1171.3589,2293.4546,1233.7281,2260.482,1273.6554,2211.9492,1293.4973,2167.1812,1301.1482,2124.9172
311,311,5183,873.7368,2110.3696,880.1539,2073.3867,902.45557,2034.7352,944.8321,1993.4578,1018.193,1956.9371,1087.5127,1971.2303,1157.8185,1959.6117,1229.0239,2000.6038,1272.5708,2044.1576,1293.5541,2085.8936,1301.1941,2124.2039,1273.1353,2122.7688,1242.3562,2106.6924,1214.1033,2091.6997,1182.9763,2078.4087,1140.418,2070.8215,1087.9392,2069.6667,1036.2549,2067.7024,992.7928,2072.2373,959.246,2084.842,931.9019,2096.7375,904.5747,2109.4922,1273.1353,2122.7688,1242.5778,2137.755,1218.8436,2147.5486,1187.4968,2156.6318,1144.9419,2164.507,1092.5874,2165.764,1038.365,2157.6177,995.6838,2149.4346,961.6363,2138.2551,936.55286,2127.673,904.5747,2109.4922,873.7368,2110.3696,888.0804,2154.471,911.65796,2199.427,953.3513,2250.3782,1015.35236,2286.8374,1092.2528,2300.6443,1171.2551,2291.8044,1233.6394,2258.9854,1273.606,2210.5525,1293.5203,2165.8909,1301.1941,2124.2039
312,312,5200,873.60974,2109.785,880.0925,2072.8853,902.4251,2034.3755,944.81714,1993.204,1018.18243,1956.7762,1087.5122,1971.0399,1157.8221,1959.4556,1229.0005,2000.3608,1272.5288,2043.8134,1293.5847,2085.3914,1301.1615,2123.5361,1273.1261,2122.0767,1242.3804,2105.9636,1214.1405,2090.9373,1182.9885,2077.6086,1140.4296,2070.0315,1087.9364,2068.8938,1036.248,2066.944,992.77216,2071.445,959.18835,2084.0474,931.80884,2096.0054,904.4177,2108.8757,1273.1261,2122.0767,1242.6113,2137.357,1218.8728,2147.409,1187.5128,2156.6028,1144.9716,2164.4902,1092.5828,2165.7532,1038.3394,2157.595,995.6319,2149.3486,961.5503,2138.0198,936.43054,2127.167,904.4177,2108.8757,873.60974,2109.785,887.9845,2153.771,911.59357,2198.7473,953.3171,2249.9824,1015.33606,2286.5525,1092.2432,2300.4297,1171.2496,2291.5754,1233.6385,2258.7434,1273.6116,2210.1497,1293.545,2165.2087,1301.1615,2123.5361
313,313,5216,873.5132,2109.7402,880.0365,2072.7712,902.3961,2034.1919,944.80524,1992.9691,1018.1755,1956.5334,1087.5112,1970.7283,1157.8262,1959.1427,1229.0045,1999.9896,1272.5392,2043.46,1293.6163,2085.075,1301.199,2123.2593,1273.1655,2121.8218,1242.4055,2105.542,1214.1562,2090.2805,1183.0063,2076.745,1140.4486,2069.0635,1087.9375,2067.9158,1036.2399,2066.0742,992.7499,2070.745,959.13586,2083.5913,931.7292,2095.7915,904.2996,2108.8213,1273.1655,2121.8218,1242.6492,2137.3357,1218.97,2147.4202,1187.678,2156.7134,1145.1183,2164.6897,1092.6578,2165.9702,1038.3607,2157.8035,995.6092,2149.4783,961.4841,2138.053,936.336,2127.157,904.2996,2108.8213,873.5132,2109.7402,887.9219,2153.7163,911.57007,2198.7075,953.33887,2249.9746,1015.4024,2286.5376,1092.3387,2300.4067,1171.3733,2291.5527,1233.7712,2258.7285,1273.7092,2210.1113,1293.5881,2165.021,1301.199,2123.2593
314,314,5233,873.4408,2109.2742,880.0232,2072.4297,902.4026,2033.9727,944.8144,1992.8438,1018.1817,1956.4838,1087.5247,1970.704,1157.8435,1959.131,1229.0098,1999.9642,1272.5552,2043.4031,1293.6559,2084.9534,1301.2239,2123.036,1273.181,2121.6062,1242.4353,2105.4165,1214.1871,2090.207,1183.0365,2076.705,1140.48,2069.0386,1087.9489,2067.8787,1036.2395,2065.999,992.72876,2070.5898,959.0874,2083.3428,931.65753,2095.459,904.1918,2108.3838,1273.181,2121.6062,1242.7179,2137.1357,1219.0762,2147.2898,1187.8179,2156.608,1145.214,2164.5847,1092.6967,2165.8423,1038.3738,2157.6396,995.586,2149.2468,961.42346,2137.7256,936.2506,2126.6824,904.1918,2108.3838,873.4408,2109.2742,887.89264,2153.1343,911.5724,2198.0918,953.3665,2249.5667,1015.43933,2286.2302,1092.3707,2300.1626,1171.4023,2291.3345,1233.8143,2258.5276,1273.7526,2209.8704,1293.6132,2164.7136,1301.2239,2123.036
315,315,5250,873.42413,2108.7249,880.07086,2071.9263,902.46356,2033.5776,944.84796,1992.5487,1018.20123,1956.2706,1087.5663,1970.4675,1157.8918,1958.9504,1229.0153,1999.7257,1272.5762,2043.0906,1293.7151,2084.537,1301.2655,2122.5273,1273.2223,2121.1306,1242.4788,2104.904,1214.2332,2089.657,1183.0544,2076.1223,1140.4949,2068.4202,1087.9681,2067.2278,1036.2545,2065.3423,992.7312,2069.929,959.079,2082.6948,931.63324,2094.8784,904.1668,2107.8826,1273.2223,2121.1306,1242.7493,2136.9636,1219.0952,2147.284,1187.8998,2156.6294,1145.3041,2164.6936,1092.7284,2165.9834,1038.378,2157.7463,995.5709,2149.2637,961.39,2137.7036,936.21655,2126.4497,904.1668,2107.8826,873.42413,2108.7249,887.8784,2152.6794,911.5557,2197.8176,953.3573,2249.5156,1015.44037,2286.2175,1092.3937,2300.142,1171.4454,2291.3147,1233.856,2258.4912,1273.769,2209.686,1293.6459,2164.2769,1301.2655,2122.5273
316,316,5266,873.4378,2108.5127,880.1634,2071.7935,902.5625,2033.519,944.8999,1992.5254,1018.2385,1956.2491,1087.6244,1970.4401,1157.9504,1958.9344,1229.0217,1999.7024,1272.592,2043.0366,1293.766,2084.4114,1301.2839,2122.3037,1273.245,2120.9236,1242.5066,2104.7888,1214.2681,2089.615,1183.072,2076.1228,1140.5063,2068.4407,1088.0016,2067.2502,1036.3015,2065.3623,992.77716,2069.9258,959.1224,2082.6406,931.6653,2094.7593,904.16425,2107.6936,1273.245,2120.9236,1242.7825,2136.8796,1219.1136,2147.2734,1187.956,2156.661,1145.3868,2164.8025,1092.7655,2166.1255,1038.3939,2157.8594,995.5711,2149.2957,961.38135,2137.6985,936.2149,2126.348,904.16425,2107.6936,873.4378,2108.5127,887.8899,2152.475,911.553,2197.693,953.3532,2249.511,1015.44385,2286.2205,1092.41,2300.1543,1171.4706,2291.3037,1233.8672,2258.4846,1273.7819,2209.582,1293.6782,2164.0396,1301.2839,2122.3037
317,317,5283,873.46497,2108.4587,880.3116,2071.7966,902.76697,2033.5298,945.08777,1992.5684,1018.3857,1956.3389,1087.7876,1970.5449,1158.1095,1959.0449,1229.0721,1999.7783,1272.6101,2043.0618,1293.7814,2084.418,1301.2999,2122.2666,1273.2653,2120.9016,1242.5326,2104.7969,1214.2928,2089.6355,1183.0986,2076.1702,1140.598,2068.4946,1088.1134,2067.3005,1036.4291,2065.4026,992.91205,2069.9463,959.2529,2082.656,931.7761,2094.7715,904.22107,2107.661,1273.2653,2120.9016,1242.8104,2136.8665,1219.2086,2147.3032,1188.1893,2156.8262,1145.669,2165.0994,1092.9971,2166.4656,1038.5669,2158.1177,995.71594,2149.4043,961.5042,2137.7007,936.32184,2126.3252,904.22107,2107.661,873.46497,2108.4587,887.9319,2152.4236,911.58966,2197.6804,953.39496,2249.59,1015.52924,2286.512,1092.5957,2300.5515,1171.7183,2291.6182,1234.1149,2258.6155,1273.9438,2209.5781,1293.7599,2164.0173,1301.2999,2122.2666
318,318,5300,873.5105,2108.5833,880.3839,2071.9346,902.83685,2033.6852,945.14404,1992.7395,1018.4311,1956.516,1087.8398,1970.6875,1158.1749,1959.2089,1229.1147,1999.9266,1272.6458,2043.1797,1293.8025,2084.5059,1301.3124,2122.3228,1273.2759,2120.9895,1242.5829,2104.9084,1214.3499,2089.756,1183.1799,2076.309,1140.7094,2068.6292,1088.1803,2067.431,1036.4741,2065.5444,992.94775,2070.1013,959.2874,2082.8127,931.8027,2094.9304,904.253,2107.8293,1273.2759,2120.9895,1242.8384,2137.2212,1219.2792,2148.0664,1188.339,2158.0022,1145.831,2166.541,1093.1317,2167.9949,1038.6694,2159.5469,995.80756,2150.5742,961.5916,2138.468,936.39294,2126.7158,904.253,2107.8293,873.5105,2108.5833,888.0278,2152.6472,911.70685,2198.008,953.49994,2250.2578,1015.64703,2287.4578,1092.7369,2301.6147,1171.871,2292.5935,1234.2551,2259.3577,1274.028,2210.0012,1293.8007,2164.1611,1301.3124,2122.3228
319,319,5316,873.5637,2109.0059,880.49054,2072.4219,902.96387,2034.2905,945.26697,1993.4752,1018.5497,1957.365,1087.9844,1971.6124,1158.35,1960.0724,1229.2773,2000.7136,1272.8274,2043.8651,1294.0398,2085.0872,1301.5636,2122.8171,1273.625,2121.5508,1242.9557,2105.5676,1214.6804,2090.5273,1183.4545,2077.2285,1140.9626,2069.6582,1088.3517,2068.5005,1036.599,2066.5513,993.0309,2070.9656,959.34204,2083.5137,931.8298,2095.5042,904.2593,2108.3289,1273.625,2121.5508,1243.2162,2138.1118,1219.691,2149.3406,1188.7788,2159.5654,1146.1819,2168.2463,1093.389,2169.707,1038.8418,2161.1309,995.92096,2151.933,961.6595,2139.5144,936.4308,2127.428,904.2593,2108.3289,873.5637,2109.0059,888.14307,2153.2017,911.8661,2198.7158,953.68054,2251.3738,1015.8647,2288.9023,1093.0007,2303.2163,1172.167,2294.1875,1234.5785,2260.7703,1274.3408,2211.0674,1294.1022,2164.8308,1301.5636,2122.8171
320,320,5333,874.6331,2109.983,881.34644,2073.257,903.6649,2034.9753,945.8944,1994.0162,1019.22125,1957.7888,1088.7493,1971.9868,1159.1836,1960.4148,1230.1333,2001.0488,1273.7471,2044.2144,1294.9713,2085.4663,1302.3038,2123.215,1274.2643,2121.9868,1243.6826,2106.0632,1215.4498,2091.0352,1184.2708,2077.7673,1141.8693,2070.2173,1089.1963,2069.0867,1037.4056,2067.2068,993.8725,2071.703,960.31244,2084.3489,932.9143,2096.4292,905.44244,2109.3074,1274.2643,2121.9868,1243.9413,2138.696,1220.5043,2150.1248,1189.7703,2160.5046,1147.2026,2169.2825,1094.4255,2170.817,1039.8341,2162.2932,996.96295,2153.114,962.7853,2140.6084,937.60425,2128.3784,905.44244,2109.3074,874.6331,2109.983,889.1721,2154.1653,912.8123,2199.6826,954.56744,2252.5674,1016.8324,2290.211,1094.1416,2304.4973,1173.3694,2295.367,1235.8103,2261.7734,1275.4778,2211.8206,1295.1055,2165.3135,1302.3038,2123.215
321,321,5350,875.66974,2110.658,882.14105,2073.9177,904.2615,2035.5922,946.4095,1994.6218,1019.66644,1958.4087,1089.1925,1972.5675,1159.7043,1960.9905,1230.6124,2001.5261,1274.2147,2044.626,1295.332,2085.8542,1302.4933,2123.5642,1274.3748,2122.4133,1243.8945,2106.592,1215.7625,2091.5852,1184.6825,2078.3694,1142.3854,2070.8364,1089.6459,2069.7146,1037.8942,2067.8518,994.4919,2072.4001,961.10846,2085.0793,933.922,2097.1992,906.6392,2110.0554,1274.3748,2122.4133,1244.0935,2139.4084,1220.7302,2151.1462,1190.1489,2161.8699,1147.6387,2170.9365,1094.8553,2172.68,1040.3209,2164.1023,997.60767,2154.7593,963.6621,2141.939,938.6521,2129.3643,906.6392,2110.0554,875.66974,2110.658,889.97296,2155.0266,913.34845,2200.799,954.9044,2254.19,1017.1587,2292.163,1094.5739,2306.4924,1173.9633,2297.1526,1236.4706,2263.105,1275.9934,2212.691,1295.4525,2165.8176,1302.4933,2123.5642
322,322,5366,876.0425,2110.7244,882.6786,2074.0269,904.85736,2035.8048,946.9639,1994.9689,1020.13873,1958.8795,1089.695,1973.1272,1160.1711,1961.4933,1230.9656,2001.8911,1274.5453,2044.8481,1295.7407,2085.9612,1302.9409,2123.606,1274.9573,2122.4697,1244.455,2106.7334,1216.3066,2091.8682,1185.1711,2078.8474,1142.8921,2071.4724,1090.1321,2070.389,1038.3518,2068.4414,994.9015,2072.8242,961.4486,2085.3303,934.19934,2097.3342,906.8512,2110.145,1274.9573,2122.4697,1244.5518,2139.5254,1221.0968,2151.3447,1190.4407,2162.1462,1147.8285,2171.3035,1094.9576,2173.111,1040.4008,2164.541,997.6737,2155.1458,963.7408,2142.2244,938.77747,2129.529,906.8512,2110.145,876.0425,2110.7244,890.25964,2155.1343,913.5417,2200.975,955.02386,2254.5393,1017.25006,2292.609,1094.678,2306.929,1174.0839,2297.525,1236.6285,2263.3552,1276.2115,2212.8335,1295.7852,2165.8806,1302.9409,2123.606
323,323,5383,876.2572,2110.8286,883.0736,2074.3452,905.29224,2036.4192,947.3382,1995.8647,1020.40717,1959.9955,1089.9183,1974.4354,1160.3368,1962.7162,1231.0709,2003.0159,1274.6552,2045.7102,1295.9517,2086.4783,1303.2979,2123.8262,1275.3947,2122.6965,1244.7659,2107.3127,1216.5609,2092.849,1185.3608,2080.2166,1143.0994,2073.0908,1090.3473,2072.0793,1038.599,2069.9565,995.1521,2073.9983,961.68146,2086.0981,934.4194,2097.7395,906.98303,2110.271,1275.3947,2122.6965,1244.9253,2139.613,1221.4279,2151.3833,1190.7327,2162.1238,1148.0531,2171.233,1095.1638,2173.0188,1040.6024,2164.4534,997.8518,2155.084,963.90027,2142.196,938.9288,2129.5325,906.98303,2110.271,876.2572,2110.8286,890.53827,2155.1758,913.7948,2200.9814,955.2235,2254.5635,1017.4227,2292.6565,1094.854,2307.0127,1174.2268,2297.6448,1236.7933,2263.5232,1276.4326,2213.0063,1296.0852,2166.0347,1303.2979,2123.8262
324,324,5400,876.4118,2110.8213,883.36176,2074.4172,905.5987,2036.6829,947.603,1996.3542,1020.54443,1960.6965,1089.9661,1975.2853,1160.3469,1963.644,1231.057,2003.9248,1274.6206,2046.4021,1295.949,2086.862,1303.3047,2123.922,1275.4,2122.7805,1244.7616,2107.6843,1216.5677,2093.5117,1185.3622,2081.1033,1143.1023,2074.0684,1090.3647,2073.0308,1038.6484,2070.7224,995.2459,2074.5396,961.8027,2086.3955,934.5657,2097.8345,907.0878,2110.2644,1275.4,2122.7805,1244.927,2139.6008,1221.4283,2151.3118,1190.7369,2161.906,1148.0526,2170.8706,1095.1716,2172.5774,1040.6482,2163.9197,997.9299,2154.587,963.997,2141.8474,939.0379,2129.352,907.0878,2110.2644,876.4118,2110.8213,890.6925,2155.0803,913.8933,2200.8,955.2619,2254.3835,1017.43054,2292.5151,1094.8484,2306.9316,1174.206,2297.6104,1236.7625,2263.5068,1276.4069,2212.9866,1296.0823,2166.0315,1303.3047,2123.922
325,325,5416,876.3913,2110.904,883.355,2074.7053,905.61835,2037.2126,947.60803,1997.0132,1020.5446,1961.4067,1089.968,1976.1187,1160.3469,1964.463,1230.9976,2004.7991,1274.4585,2047.1519,1295.8203,2087.3015,1303.2037,2124.0588,1275.3448,2122.8906,1244.6089,2108.132,1216.4708,2094.3726,1185.2798,2082.295,1143.0627,2075.4822,1090.3551,2074.515,1038.6458,2072.1052,995.23895,2075.6226,961.7849,2087.097,934.53815,2098.1738,907.05945,2110.34,1275.3448,2122.8906,1244.8363,2139.568,1221.3208,2151.1443,1190.6315,2161.5723,1147.9219,2170.4482,1095.03,2172.159,1040.5645,2163.5247,997.8606,2154.2842,963.9458,2141.6897,939.0087,2129.3132,907.05945,2110.34,876.3913,2110.904,890.67096,2155.0745,913.81366,2200.7896,955.12714,2254.3582,1017.2477,2292.4666,1094.604,2306.873,1173.901,2297.572,1236.4271,2263.4834,1276.1232,2212.957,1295.8923,2166.023,1303.2037,2124.0588
326,326,5433,876.3289,2111.2654,883.33704,2075.2595,905.6118,2037.8927,947.6104,1997.71,1020.559,1961.9696,1089.9824,1976.7805,1160.3529,1964.9977,1230.9911,2005.4155,1274.437,2047.7443,1295.8188,2087.7483,1303.1986,2124.292,1275.3519,2123.1292,1244.5874,2108.7307,1216.4602,2095.3462,1185.2589,2083.5908,1143.0575,2077.0056,1090.3544,2076.1511,1038.6461,2073.7217,995.23157,2077.0576,961.7709,2088.2104,934.52875,2098.918,906.9432,2110.7153,1275.3519,2123.1292,1244.8348,2139.5767,1221.306,2151.1174,1190.611,2161.5366,1147.8818,2170.3975,1094.9758,2172.0913,1040.514,2163.4666,997.79364,2154.2393,963.85583,2141.6753,938.90753,2129.3691,906.9432,2110.7153,876.3289,2111.2654,890.6156,2155.234,913.7376,2200.8552,955.0379,2254.4365,1017.16235,2292.5425,1094.5182,2306.9211,1173.8114,2297.5933,1236.3242,2263.4822,1276.0292,2212.9658,1295.8464,2166.0823,1303.1986,2124.292
327,327,5450,876.2783,2111.3347,883.3223,2075.6106,905.63855,2038.5652,947.63995,1998.5886,1020.5852,1962.8519,1089.9949,1977.8069,1160.354,1965.908,1230.9294,2006.3729,1274.2761,2048.5286,1295.67,2088.193,1303.0674,2124.3984,1275.3054,2123.2212,1244.4512,2109.2644,1216.3813,2096.4631,1185.1886,2085.2373,1143.0347,2079.0254,1090.3535,2078.3372,1038.6504,2075.7803,995.2292,2078.7073,961.7548,2089.2805,934.50995,2099.406,906.8091,2110.788,1275.3054,2123.2212,1244.7816,2139.4902,1221.2542,2150.7825,1190.5686,2160.8955,1147.8278,2169.5881,1094.9244,2171.2937,1040.4768,2162.6548,997.73724,2153.595,963.7714,2141.3342,938.8019,2129.2766,906.8091,2110.788,876.2783,2111.3347,890.5863,2155.2268,913.6927,2200.7756,954.9782,2254.3508,1017.0972,2292.4883,1094.4244,2306.8774,1173.6703,2297.5344,1236.1357,2263.3845,1275.8127,2212.8865,1295.655,2166.078,1303.0674,2124.3984
328,328,5466,876.10986,2111.5886,883.30896,2076.4136,905.69147,2039.8737,947.7168,2000.1201,1020.662,1964.3049,1090.017,1979.7288,1160.3527,1967.571,1230.8525,2008.445,1274.0863,2050.512,1295.5227,2089.6162,1303.014,2125.0422,1275.3107,2123.8027,1244.394,2111.1003,1216.3584,2099.704,1185.1548,2089.644,1143.028,2084.1306,1090.3566,2083.63,1038.6687,2080.6675,995.2305,2082.6235,961.74347,2091.898,934.4622,2100.6926,906.3248,2111.0623,1275.3107,2123.8027,1244.7762,2139.4355,1221.2258,2150.0808,1190.512,2159.117,1147.7327,2166.9932,1094.8564,2168.4875,1040.4404,2159.9146,997.6492,2151.575,963.5773,2140.4043,938.486,2129.102,906.3248,2111.0623,876.10986,2111.5886,890.53894,2155.2224,913.66797,2200.6284,954.95856,2254.071,1017.0631,2292.1853,1094.3093,2306.579,1173.4203,2297.3257,1235.8163,2263.262,1275.5298,2212.8677,1295.4613,2166.1426,1303.014,2125.0422
329,329,5483,875.7023,2111.7305,883.273,2076.9817,905.68695,2040.8397,947.72186,2001.2277,1020.687,1965.3433,1090.0334,1981.0464,1160.3542,1968.7495,1230.8281,2009.8597,1274.0078,2051.8716,1295.4904,2090.59,1303.0195,2125.4656,1275.4052,2124.177,1244.393,2112.3052,1216.3625,2101.7515,1185.1448,2092.3054,1143.0239,2087.142,1090.3574,2086.703,1038.6685,2083.5728,995.21936,2085.0537,961.6335,2093.6194,934.2688,2101.565,905.5438,2111.219,1275.4052,2124.177,1244.7927,2139.2932,1221.2295,2149.22,1190.5011,2157.2676,1147.6785,2164.426,1094.8073,2165.6875,1040.387,2157.216,997.4904,2149.499,963.22577,2139.3103,937.9545,2128.801,905.5438,2111.219,875.7023,2111.7305,890.35425,2155.1968,913.56195,2200.3213,954.89777,2253.5718,1017.00806,2291.6172,1094.1984,2305.9993,1173.1815,2296.883,1235.5537,2262.9817,1275.3671,2212.769,1295.4015,2166.1536,1303.0195,2125.4656
330,330,5500,875.52325,2112.34,883.23596,2077.789,905.67993,2041.7333,947.71436,2002.1024,1020.68353,1966.1931,1090.0319,1981.959,1160.3473,1969.6843,1230.7716,2010.9181,1273.9202,2052.9988,1295.4573,2091.7007,1303.0172,2126.4348,1275.41,2125.106,1244.3588,2113.4446,1216.3223,2102.8713,1185.0874,2093.2632,1142.9878,2087.9185,1090.3425,2087.391,1038.6603,2084.3352,995.19977,2085.9414,961.57635,2094.5981,934.1875,2102.483,905.3026,2111.849,1275.41,2125.106,1244.7982,2139.562,1221.2327,2149.336,1190.5039,2157.3337,1147.6781,2164.4612,1094.8029,2165.7063,1040.3785,2157.229,997.47723,2149.5247,963.1599,2139.3604,937.8174,2128.9304,905.3026,2111.849,875.52325,2112.34,890.28015,2155.4685,913.53125,2200.4126,954.88904,2253.644,1017.0031,2291.689,1094.192,2306.0835,1173.1691,2297.0024,1235.5293,2263.163,1275.3478,2213.0435,1295.3903,2166.6858,1303.0172,2126.4348
331,331,5516,875.18054,2112.7708,883.17847,2078.6777,905.67426,2042.9308,947.7124,2003.3912,1020.6866,1967.3623,1090.0316,1983.2677,1160.3234,1970.858,1230.6603,2012.1677,1273.7095,2054.135,1295.2592,2092.532,1302.9142,2126.8245,1275.4136,2125.5085,1244.2761,2114.573,1216.2805,2104.7278,1185.0299,2095.7517,1142.9585,2090.8435,1090.3344,2090.4595,1038.6514,2087.2988,995.163,2088.5164,961.4244,2096.5696,933.9432,2103.7144,904.6419,2112.3162,1275.4136,2125.5085,1244.7567,2139.5562,1221.1283,2149.0435,1190.3296,2156.579,1147.4484,2163.406,1094.6162,2164.6086,1040.2349,2156.2642,997.2458,2148.9094,962.76715,2139.1611,937.27734,2128.9192,904.6419,2112.3162,875.18054,2112.7708,890.10205,2155.5447,913.4152,2200.4023,954.8018,2253.5637,1016.8905,2291.5242,1093.959,2305.8574,1172.732,2296.7976,1234.9778,2263.0227,1274.8519,2213.0186,1295.0675,2166.735,1302.9142,2126.8245
332,332,5533,874.5382,2113.3662,882.9145,2079.6453,905.55585,2044.0807,947.6381,2004.5594,1020.65106,1968.4,1089.9691,1984.4016,1160.1642,1971.8877,1230.3221,2013.2932,1273.234,2055.2302,1294.7997,2093.4412,1302.5453,2127.3535,1275.2585,2126.0278,1243.8698,2115.7732,1215.9948,2106.4622,1184.7483,2097.8735,1142.7642,2093.199,1090.2322,2092.8928,1038.568,2089.7122,995.0282,2090.7495,961.12885,2098.4314,933.552,2105.0132,903.7533,2112.9216,1275.2585,2126.0278,1244.45,2139.5488,1220.6991,2148.7136,1189.8105,2155.7407,1146.8845,2162.2227,1094.1743,2163.347,1039.8644,2155.1384,996.7616,2148.1719,962.11,2138.9114,936.47064,2128.9082,903.7533,2112.9216,874.5382,2113.3662,889.5786,2155.654,912.9631,2200.3948,954.4296,2253.429,1016.5182,2291.2476,1093.4469,2305.5054,1171.9744,2296.5112,1234.113,2262.8674,1274.0831,2213.0056,1294.4613,2166.827,1302.5453,2127.3535
333,333,5550,873.4333,2113.3662,882.336,2079.7368,905.2116,2044.2872,947.35535,2004.8408,1020.39014,1968.7303,1089.5961,1984.858,1159.6115,1972.3473,1229.4414,2013.8549,1272.0978,2055.8147,1293.6711,2093.933,1301.5476,2127.6106,1274.5825,2126.2273,1242.8207,2116.2996,1215.135,2107.1758,1183.8945,2098.652,1142.0748,2093.9724,1089.7316,2093.6265,1038.1456,2090.309,994.5368,2091.201,960.4017,2098.7449,932.7409,2105.1533,902.41644,2112.9207,1274.5825,2126.2273,1243.6079,2139.3179,1219.7572,2147.7312,1188.7625,2153.9487,1145.7716,2159.903,1093.2052,2160.8254,1039.0276,2152.577,995.80396,2145.9497,960.9714,2137.4294,935.19055,2128.2683,902.41644,2112.9207,873.4333,2113.3662,888.52423,2155.4734,911.92993,2199.8435,953.4545,2252.678,1015.5349,2290.394,1092.2517,2304.6353,1170.568,2295.8186,1232.693,2262.399,1272.7747,2212.811,1293.2667,2166.825,1301.5476,2127.6106
334,334,5566,872.9275,2113.396,882.05115,2079.9155,904.9683,2044.5536,947.0595,2005.1223,1019.9986,1969.021,1088.9973,1985.2462,1158.7749,1972.7231,1228.2875,2014.3586,1270.6945,2056.389,1292.1923,2094.4436,1300.1731,2127.8884,1273.5447,2126.4478,1241.468,2116.8494,1214.0856,2107.9019,1182.8927,2099.4468,1141.2532,2094.7935,1089.1028,2094.4575,1037.7152,2091.0403,994.1411,2091.7922,959.9297,2099.1863,932.35144,2105.3982,901.749,2112.9424,1273.5447,2126.4478,1242.511,2138.9922,1218.64,2146.463,1187.6239,2151.7185,1144.646,2157.082,1092.2928,2157.8455,1038.3904,2149.6394,995.16864,2143.492,960.29596,2135.846,934.4832,2127.6414,901.749,2112.9424,872.9275,2113.396,887.9974,2155.336,911.33093,2199.2964,952.8272,2251.897,1014.82983,2289.4585,1091.2766,2303.623,1169.3931,2294.9573,1231.4447,2261.7534,1271.4758,2212.4893,1291.8702,2166.8206,1300.1731,2127.8884
335,335,5583,872.0796,2113.4666,881.6099,2080.3206,904.6378,2045.298,946.68756,2006.1412,1019.41754,1970.2302,1088.066,1986.742,1157.4415,1974.1545,1226.429,2015.8903,1268.5935,2057.7485,1290.1605,2095.458,1298.5718,2128.4138,1272.5461,2126.9407,1240.1204,2117.9294,1212.9441,2109.5154,1181.6924,2101.5317,1140.1597,2097.1692,1088.1414,2096.9116,1036.9407,2093.2266,993.3531,2093.4827,958.9529,2100.286,931.44354,2105.9382,900.4452,2113.0222,1272.5461,2126.9407,1241.4764,2138.8853,1217.5719,2145.6638,1186.5103,2150.0933,1143.4955,2154.8843,1091.3242,2155.4263,1037.6136,2147.1763,994.2836,2141.416,959.2382,2134.5554,933.23584,2127.1924,900.4452,2113.0222,872.0796,2113.4666,887.364,2155.2183,910.77966,2198.6482,952.2979,2250.8093,1014.1784,2288.155,1090.2739,2302.3303,1168.0103,2293.9055,1229.8652,2261.0867,1269.8038,2212.2695,1290.1282,2166.8425,1298.5718,2128.4138
336,336,5600,871.3945,2113.4895,881.18835,2080.4583,904.34326,2045.5057,946.4512,2006.4341,1019.06537,1970.595,1087.4521,1987.2123,1156.524,1974.5469,1225.2577,2016.2635,1267.4376,2058.0671,1289.042,2095.7224,1297.5829,2128.5354,1271.7964,2127.043,1239.2705,2118.1917,1212.2223,2109.8196,1180.92,2101.845,1139.4497,2097.4993,1087.4668,2097.2942,1036.3914,2093.5618,992.80493,2093.787,958.25604,2100.5432,930.7562,2106.1084,899.59,2113.0413,1271.7964,2127.043,1240.6989,2138.668,1216.7635,2144.9583,1185.6919,2149.1067,1142.6382,2153.8877,1090.5184,2154.503,1036.9583,2146.2007,993.5868,2140.4458,958.46204,2133.791,932.368,2126.8445,899.59,2113.0413,871.3945,2113.4895,886.7341,2155.1465,910.1648,2198.3994,951.6949,2250.4905,1013.5502,2287.8147,1089.5116,2301.9736,1167.2292,2293.5737,1229.095,2260.7786,1268.9274,2212.0916,1289.1455,2166.8394,1297.5829,2128.5354
337,337,5616,870.7722,2113.524,880.69336,2080.573,903.92847,2045.6506,946.0703,2006.638,1018.5288,1970.8628,1086.6537,1987.5162,1155.5098,1974.852,1224.1366,2016.5602,1266.4546,2058.3132,1288.1788,2095.9446,1296.8815,2128.6675,1271.2465,2127.1594,1238.7009,2118.3477,1211.642,2109.8953,1180.2261,2101.8198,1138.7192,2097.3936,1086.6608,2097.1714,1035.6759,2093.4465,992.1023,2093.7476,957.45795,2100.5928,929.96497,2106.198,898.8113,2113.071,1271.2465,2127.1594,1240.0948,2138.625,1216.083,2144.7407,1184.9296,2148.841,1141.776,2153.6824,1089.65,2154.3435,1036.2123,2146.022,992.83545,2140.2131,957.6801,2133.5552,931.53796,2126.7385,898.8113,2113.071,870.7722,2113.524,886.1673,2155.1233,909.6303,2198.2646,951.1456,2250.2576,1012.9386,2287.5112,1088.7206,2301.6428,1166.4312,2293.2732,1228.3334,2260.5515,1268.1475,2212.0115,1288.3889,2166.8447,1296.8815,2128.6675
338,338,5633,869.92413,2113.5244,880.0006,2080.593,903.33734,2045.674,945.5468,2006.6698,1017.95404,1970.901,1085.9434,1987.5538,1154.7004,1974.8918,1223.338,2016.592,1265.7728,2058.3364,1287.6187,2095.976,1296.4615,2128.68,1270.8706,2127.1724,1238.2015,2118.3838,1211.1019,2109.872,1179.5719,2101.71,1138.0083,2097.2095,1085.9243,2096.959,1034.9689,2093.2646,991.3779,2093.6494,956.63184,2100.5754,929.14124,2106.219,897.91705,2113.0706,1270.8706,2127.1724,1239.6279,2138.3955,1215.5054,2144.2507,1184.2458,2148.2944,1140.9717,2153.201,1088.7672,2153.922,1035.3721,2145.6062,991.96655,2139.7627,956.78033,2133.1035,930.60376,2126.449,897.91705,2113.0706,869.92413,2113.5244,885.2782,2155.0251,908.72485,2198.07,950.25903,2250.0425,1012.0802,2287.2808,1087.8583,2301.3774,1165.6791,2292.9988,1227.7072,2260.2617,1267.598,2211.801,1287.9078,2166.8098,1296.4615,2128.68
339,339,5650,869.5441,2113.4966,879.75494,2080.6067,903.13385,2045.7346,945.3333,2006.7936,1017.56445,1971.0839,1085.2448,1987.8431,1153.6852,1975.1848,1222.0865,2016.9708,1264.5117,2058.7012,1286.4727,2096.2715,1295.5413,2128.8218,1270.0853,2127.2903,1237.2074,2118.7217,1210.1426,2110.345,1178.575,2102.2637,1137.1262,2097.7524,1085.1991,2097.452,1034.4329,2093.6245,990.9397,2093.889,956.1771,2100.7,928.7452,2106.2534,897.449,2113.0388,1270.0853,2127.2903,1238.7994,2138.0588,1214.5809,2143.2285,1183.2847,2146.6218,1140.0544,2151.0417,1088.0554,2151.5442,1034.8589,2143.1716,991.5159,2137.6033,956.3328,2131.4932,930.1153,2125.5393,897.449,2113.0388,869.5441,2113.4966,884.93195,2154.5747,908.36597,2197.071,949.8556,2248.6516,1011.54456,2285.6873,1087.0985,2299.778,1164.7078,2291.6416,1226.6741,2259.3162,1266.5875,2211.3684,1286.9288,2166.7876,1295.5413,2128.8218
340,340,5666,869.2117,2113.4753,879.3717,2080.604,902.7397,2045.7191,944.9144,2006.7695,1016.90424,1971.0731,1084.301,1987.8157,1152.5997,1975.1963,1220.9573,2016.9985,1263.5375,2058.7593,1285.6129,2096.383,1294.7067,2128.9316,1268.9918,2127.3901,1236.1626,2118.7908,1209.0828,2110.2546,1177.5415,2102.0215,1136.1902,2097.4282,1084.2821,2097.1155,1033.6979,2093.3606,990.38934,2093.719,955.7567,2100.6228,928.3998,2106.2393,897.2217,2113.0132,1268.9918,2127.3901,1237.6488,2138.029,1213.4574,2143.1514,1182.2756,2146.6467,1139.1742,2151.193,1087.2979,2151.7278,1034.284,2143.32,991.12115,2137.5818,956.06,2131.265,929.8917,2125.28,897.2217,2113.0132,869.2117,2113.4753,884.5419,2154.4265,907.9033,2196.8616,949.2674,2248.4617,1010.85504,2285.522,1086.3234,2299.6423,1163.9911,2291.5305,1226.0079,2259.2375,1265.87,2211.3408,1286.1631,2166.794,1294.7067,2128.9316
341,341,5683,868.5794,2113.4656,878.7615,2080.601,902.11957,2045.703,944.2163,2006.7415,1015.99677,1971.0425,1083.2001,1987.759,1151.3864,1975.1509,1219.7344,2016.94,1262.4169,2058.7131,1284.6458,2096.3655,1293.9153,2128.9282,1268.1989,2127.3853,1235.2933,2118.7573,1208.1328,2110.1365,1176.5256,2101.8074,1135.1521,2097.1526,1083.2421,2096.8213,1032.7717,2093.1133,989.57336,2093.5564,955.0063,2100.5522,927.71655,2106.2285,896.6032,2112.9946,1268.1989,2127.3853,1236.787,2137.8071,1212.5261,2142.8518,1181.3129,2146.4473,1138.1693,2151.1218,1086.2417,2151.7104,1033.3196,2143.311,990.2809,2137.488,955.3361,2131.0579,929.23517,2125.0732,896.6032,2112.9946,868.5794,2113.4656,883.8973,2154.2898,907.22076,2196.604,948.4929,2248.133,1009.96136,2285.1409,1085.3185,2299.2427,1163.0413,2291.1025,1225.0963,2258.815,1264.9691,2211.025,1285.3123,2166.6982,1293.9153,2128.9282
342,342,5700,868.4245,2113.2693,878.5335,2080.4485,901.8383,2045.5588,943.8917,2006.6359,1015.5361,1970.9683,1082.6537,1987.6632,1150.8281,1975.1017,1219.2015,2016.8983,1261.9878,2058.6318,1284.2463,2096.252,1293.5015,2128.7944,1267.6212,2127.2776,1234.8339,2118.6147,1207.6226,2109.955,1176.0071,2101.6106,1134.6505,2096.91,1082.7126,2096.5364,1032.2938,2092.7854,989.201,2093.2454,954.7241,2100.284,927.487,2106.0325,896.51685,2112.817,1267.6212,2127.2776,1236.2166,2137.665,1211.9603,2142.803,1180.7837,2146.538,1137.6698,2151.285,1085.7345,2151.8745,1032.8705,2143.4905,989.9669,2137.6213,955.13824,2131.062,929.10724,2124.9312,896.51685,2112.817,868.4245,2113.2693,883.66895,2154.076,906.90546,2196.4758,948.0565,2248.098,1009.4798,2285.1362,1084.8743,2299.2417,1162.7096,2291.0857,1224.8191,2258.7395,1264.6517,2210.8699,1284.9602,2166.557,1293.5015,2128.7944
343,343,5716,868.1494,2113.2542,878.14856,2080.4136,901.3958,2045.5044,943.388,2006.5947,1014.894,1970.9413,1082.0122,1987.5774,1150.2329,1975.0724,1218.6208,2016.8505,1261.4951,2058.5356,1283.8302,2096.1494,1293.1034,2128.7266,1267.164,2127.2217,1234.5206,2118.37,1207.2057,2109.4656,1175.5437,2100.9,1134.12,2096.0205,1082.0963,2095.576,1031.6279,2091.8909,988.57947,2092.576,954.17926,2099.8835,926.97955,2105.8787,896.2882,2112.7986,1267.164,2127.2217,1235.7891,2137.6558,1211.5365,2142.906,1180.3558,2146.92,1137.2079,2151.9565,1085.1592,2152.6772,1032.211,2144.2644,989.3823,2138.1694,954.6776,2131.2905,928.7725,2124.962,896.2882,2112.7986,868.1494,2113.2542,883.3351,2154.0693,906.51044,2196.4739,947.5612,2248.1055,1008.9221,2285.1533,1084.3512,2299.2634,1162.268,2291.0889,1224.409,2258.733,1264.2305,2210.8435,1284.5695,2166.5273,1293.1034,2128.7266
344,344,5733,867.7261,2113.3281,877.669,2080.4414,900.9277,2045.4924,942.92523,2006.5702,1014.42883,1970.9299,1081.5895,1987.4966,1149.8678,1975.0148,1218.3479,2016.7925,1261.2922,2058.4707,1283.658,2096.0974,1292.9083,2128.7002,1266.9226,2127.201,1234.3239,2118.262,1206.9565,2109.2444,1175.2655,2100.5784,1133.786,2095.6362,1081.7036,2095.1975,1031.1873,2091.621,988.13153,2092.4563,953.73456,2099.8655,926.50854,2105.8655,895.9273,2112.8564,1266.9226,2127.201,1235.515,2137.6504,1211.2296,2142.9202,1180.0209,2146.9995,1136.8258,2152.1416,1084.6881,2152.9485,1031.6759,2144.596,988.8664,2138.4922,954.2111,2131.515,928.3585,2125.0625,895.9273,2112.8564,867.7261,2113.3281,882.9072,2154.1038,906.1055,2196.4985,947.1675,2248.1199,1008.52124,2285.1555,1083.9678,2299.2644,1161.9287,2291.0706,1224.1031,2258.6873,1263.9501,2210.7864,1284.3427,2166.4966,1292.9083,2128.7002
345,345,5750,867.5286,2113.4946,877.36273,2080.489,900.61566,2045.4833,942.60944,2006.5474,1014.08246,1970.9033,1081.3546,1987.4644,1149.7416,1974.9834,1218.3313,2016.7474,1261.3518,2058.3826,1283.7349,2096.0442,1292.9581,2128.6953,1266.9274,2127.1992,1234.3647,2118.1182,1206.9556,2108.741,1175.2303,2099.6694,1133.6804,2094.4485,1081.5159,2093.96,1030.9208,2090.5596,987.8554,2091.8235,953.51324,2099.6658,926.2546,2105.854,895.83075,2112.9846,1266.9274,2127.1992,1235.5188,2137.7283,1211.2128,2143.3748,1179.9686,2148.0923,1136.7179,2153.7834,1084.4784,2154.789,1031.372,2146.4854,988.60144,2140.0112,954.0121,2132.403,928.2259,2125.4478,895.83075,2112.9846,867.5286,2113.4946,882.67145,2154.2893,905.8741,2196.7178,946.93195,2248.3108,1008.29956,2285.2856,1083.8058,2299.365,1161.8525,2291.1223,1224.09,2258.7173,1263.9835,2210.7974,1284.3999,2166.5046,1292.9581,2128.6953
346,346,5766,867.4611,2113.5884,877.26685,2080.538,900.51434,2045.4939,942.4952,2006.5427,1013.9412,1970.8937,1081.2633,1987.4197,1149.6998,1974.9481,1218.367,2016.7147,1261.4213,2058.3523,1283.7827,2096.0002,1293.0026,2128.676,1266.9402,2127.1904,1234.3822,2118.0498,1206.9893,2108.5837,1175.2463,2099.4353,1133.6598,2094.1592,1081.462,2093.664,1030.8333,2090.3223,987.766,2091.7144,953.44354,2099.6484,926.155,2105.8494,895.7983,2113.0713,1266.9402,2127.1904,1235.5472,2137.7576,1211.2523,2143.631,1179.998,2148.7346,1136.7185,2154.754,1084.4305,2155.8967,1031.2653,2147.6343,988.5038,2140.9568,953.939,2132.9773,928.1827,2125.7007,895.7983,2113.0713,867.4611,2113.5884,882.59955,2154.406,905.7988,2196.8826,946.8499,2248.4922,1008.232,2285.458,1083.7931,2299.5232,1161.8696,2291.213,1224.1272,2258.7622,1264.024,2210.8062,1284.4149,2166.5046,1293.0026,2128.676
347,347,5783,867.42267,2113.6704,877.2013,2080.57,900.4531,2045.4934,942.44635,2006.5336,1013.9049,1970.8914,1081.2656,1987.3796,1149.7369,1974.923,1218.4257,2016.6653,1261.4617,2058.3154,1283.8176,2095.9824,1293.0874,2128.6936,1266.9924,2127.2217,1234.4624,2118.0315,1207.0063,2108.5012,1175.2709,2099.236,1133.6857,2093.861,1081.4722,2093.327,1030.8164,2090.0217,987.72784,2091.537,953.4036,2099.6023,926.08795,2105.8408,895.7873,2113.1562,1266.9924,2127.2217,1235.594,2137.9802,1211.2808,2144.2703,1180.0117,2149.891,1136.7446,2156.255,1084.4543,2157.4707,1031.2637,2149.1636,988.4898,2142.18,953.92163,2133.7236,928.17175,2126.031,895.7873,2113.1562,867.42267,2113.6704,882.56244,2154.5435,905.77515,2197.1096,946.8413,2248.7866,1008.2395,2285.7822,1083.8136,2299.8682,1161.8832,2291.4888,1224.1628,2258.975,1264.0908,2210.9485,1284.5133,2166.5974,1293.0874,2128.6936
348,348,5800,867.3925,2113.9587,877.0637,2080.6296,900.2677,2045.4858,942.25195,2006.4983,1013.7623,1970.8237,1081.2195,1987.189,1149.7561,1974.7872,1218.4789,2016.4788,1261.5182,2058.168,1283.8701,2095.9453,1293.131,2128.7104,1267.0084,2127.2446,1234.501,2117.8867,1207.0352,2107.888,1175.2955,2098.105,1133.6885,2092.3865,1081.4392,2091.7898,1030.74,2088.7085,987.6296,2090.7134,953.33575,2099.3188,926.0083,2105.8323,895.79224,2113.4014,1267.0084,2127.2446,1235.6289,2138.4294,1211.3131,2145.5027,1180.0316,2152.082,1136.7596,2159.11,1084.4755,2160.5396,1031.2599,2152.208,988.47687,2144.719,953.9135,2135.4006,928.1736,2126.908,895.79224,2113.4014,867.3925,2113.9587,882.5211,2155.0254,905.74536,2197.8257,946.8276,2249.7075,1008.2464,2286.7979,1083.8218,2300.8838,1161.936,2292.2878,1224.2274,2259.529,1264.1221,2211.2676,1284.5382,2166.7583,1293.131,2128.7104
349,349,5816,867.3521,2114.321,876.9786,2080.8125,900.1679,2045.5319,942.1374,2006.4869,1013.6764,1970.8134,1081.1868,1987.1207,1149.7604,1974.697,1218.5192,2016.3694,1261.5712,2058.0776,1283.9183,2095.907,1293.1576,2128.7102,1267.0336,2127.2483,1234.5356,2117.84,1207.0522,2107.7258,1175.3016,2097.839,1133.6748,2092.0671,1081.4191,2091.4941,1030.6964,2088.513,987.5767,2090.6565,953.2959,2099.274,925.94556,2105.9,895.7818,2113.7192,1267.0336,2127.2483,1235.658,2138.5186,1211.3457,2145.8027,1180.0659,2152.6323,1136.7892,2159.8242,1084.4905,2161.3333,1031.245,2153.0735,988.4563,2145.5566,953.8944,2136.0864,928.1618,2127.3823,895.7818,2113.7192,867.3521,2114.321,882.4781,2155.426,905.71265,2198.278,946.8067,2250.1814,1008.24304,2287.2537,1083.8411,2301.2837,1161.9551,2292.5642,1224.2461,2259.698,1264.1471,2211.3486,1284.5613,2166.7947,1293.1576,2128.7102
350,350,5833,867.3492,2114.419,876.96985,2080.8984,900.15393,2045.5795,942.1242,2006.4963,1013.65076,1970.7964,1081.1614,1987.0889,1149.7462,1974.686,1218.5405,2016.3438,1261.6183,2058.0237,1283.9672,2095.8567,1293.1981,2128.6895,1267.0857,2127.2422,1234.548,2117.8286,1207.075,2107.6865,1175.323,2097.7756,1133.6877,2092.0007,1081.4287,2091.4265,1030.6992,2088.4456,987.5771,2090.59,953.2943,2099.2412,925.93976,2105.9475,895.78345,2113.8157,1267.0857,2127.2422,1235.669,2138.5164,1211.3701,2145.8162,1180.0963,2152.6545,1136.8168,2159.8474,1084.5073,2161.3623,1031.2472,2153.1157,988.4532,2145.6282,953.89166,2136.1868,928.1601,2127.478,895.78345,2113.8157,867.3492,2114.419,882.47766,2155.5115,905.71423,2198.3667,946.80975,2250.2732,1008.249,2287.3464,1083.8834,2301.3687,1162.0226,2292.613,1224.3296,2259.7156,1264.2067,2211.3496,1284.6165,2166.7947,1293.1981,2128.6895
351,351,5850,867.35095,2114.9553,876.8959,2081.1382,900.01154,2045.6221,942.02673,2006.4854,1013.5811,1970.7615,1081.1284,1986.9777,1149.761,1974.5732,1218.5681,2016.2052,1261.635,2057.9585,1284.0022,2095.84,1293.2341,2128.8445,1267.0706,2127.473,1234.5704,2117.8286,1207.0839,2107.641,1175.3417,2097.7266,1133.7015,2091.8667,1081.4344,2091.2769,1030.6771,2088.3508,987.5575,2090.5518,953.29126,2099.213,925.9374,2106.1445,895.81586,2114.3547,1267.0706,2127.473,1235.6158,2139.261,1211.3358,2147.1702,1180.099,2154.6548,1136.8293,2162.264,1084.5079,2163.9526,1031.213,2155.77,988.4419,2148.0386,953.89404,2138.0576,928.175,2128.6848,895.81586,2114.3547,867.35095,2114.9553,882.4584,2156.5867,905.67316,2199.9875,946.75653,2252.2231,1008.2238,2289.402,1083.896,2303.3499,1162.1014,2294.365,1224.4801,2261.1086,1264.2861,2212.3816,1284.6318,2167.4004,1293.2341,2128.8445
352,352,5866,867.93774,2115.2664,876.91016,2081.183,899.92883,2045.5691,941.89087,2006.1683,1013.42456,1970.248,1081.0183,1986.0927,1149.6937,1973.7943,1218.5433,2015.2666,1261.6218,2057.258,1283.9025,2095.568,1292.7888,2128.8364,1266.2317,2127.47,1234.0623,2117.584,1206.752,2106.9292,1175.1925,2096.5518,1133.641,2090.3567,1081.4199,2089.6958,1030.6567,2086.9824,987.55853,2089.6838,953.3576,2098.9111,926.236,2106.1387,896.7862,2114.5571,1266.2317,2127.47,1235.0066,2139.3655,1210.9854,2147.5103,1179.9736,2155.3467,1136.8113,2163.185,1084.5156,2165.0398,1031.211,2156.9219,988.4591,2149.0857,954.093,2138.8364,928.65607,2129.1677,896.7862,2114.5571,867.93774,2115.2664,882.64325,2157.043,905.7094,2200.6519,946.7581,2253.0154,1008.22766,2290.2175,1083.936,2304.0642,1162.1779,2294.9336,1224.566,2261.4946,1264.3204,2212.5981,1284.6165,2167.4724,1292.7888,2128.8364
353,353,5883,868.3633,2115.5283,876.9552,2081.2236,899.9266,2045.503,941.88965,2005.8048,1013.42596,1969.6226,1081.0245,1985.1134,1149.7086,1972.9193,1218.5573,2014.3485,1261.6086,2056.6223,1283.7465,2095.3066,1292.1971,2128.811,1265.3798,2127.4473,1233.6483,2117.3354,1206.5671,2106.3076,1175.1571,2095.5356,1133.6495,2089.0442,1081.4382,2088.2913,1030.6659,2085.7224,987.58563,2088.8445,953.44006,2098.5706,926.422,2106.1182,897.37195,2114.6926,1265.3798,2127.4473,1234.3135,2139.3933,1210.5236,2147.6284,1179.7657,2155.5845,1136.762,2163.4482,1084.5251,2165.3438,1031.2167,2157.3416,988.51184,2149.587,954.2934,2139.2786,929.01373,2129.4612,897.37195,2114.6926,868.3633,2115.5283,882.8688,2157.4185,905.8374,2201.153,946.8174,2253.4453,1008.2438,2290.4866,1083.9501,2304.2166,1162.2074,2295.0413,1224.592,2261.584,1264.2668,2212.677,1284.3792,2167.5015,1292.1971,2128.811
354,354,5900,868.49567,2115.59,876.9539,2081.2253,899.8845,2045.4119,941.8652,2005.5114,1013.4145,1969.1489,1081.0255,1984.4338,1149.7136,1972.2332,1218.5573,2013.604,1261.6016,2056.022,1283.6774,2094.951,1291.9503,2128.679,1265.1401,2127.3318,1233.5554,2117.085,1206.5297,2105.9578,1175.1526,2095.1326,1133.6561,2088.6062,1081.4446,2087.8303,1030.668,2085.3188,987.58704,2088.535,953.44214,2098.3936,926.4406,2106.0762,897.5127,2114.713,1265.1401,2127.3318,1234.1445,2139.3901,1210.4202,2147.6404,1179.705,2155.6194,1136.7284,2163.4614,1084.5225,2165.344,1031.2052,2157.3665,988.5077,2149.6653,954.2986,2139.3777,929.0475,2129.5288,897.5127,2114.713,868.49567,2115.59,882.935,2157.493,905.87897,2201.2236,946.8443,2253.471,1008.24915,2290.4792,1083.9625,2304.2053,1162.2329,2295.0317,1224.619,2261.5786,1264.2797,2212.6782,1284.3219,2167.4978,1291.9503,2128.679
355,355,5916,868.59393,2115.624,876.9804,2081.237,899.88544,2045.395,941.88184,2005.418,1013.4501,1968.937,1081.0521,1984.1746,1149.7213,1971.9292,1218.5742,2013.3082,1261.6199,2055.751,1283.6846,2094.7258,1291.949,2128.5012,1265.1665,2127.1543,1233.5763,2116.9485,1206.5398,2105.9094,1175.1626,2095.1187,1133.6716,2088.6016,1081.4883,2087.8325,1030.6882,2085.313,987.5982,2088.5088,953.4438,2098.3694,926.44946,2106.0725,897.54224,2114.7192,1265.1665,2127.1543,1234.1646,2139.122,1210.429,2147.187,1179.7117,2154.8936,1136.7339,2162.4458,1084.5715,2164.2588,1031.2509,2156.4592,988.52875,2149.1267,954.31476,2139.18,929.0601,2129.4893,897.54224,2114.7192,868.59393,2115.624,883.0724,2157.4888,906.0599,2201.1704,947.0554,2253.2402,1008.40436,2290.0195,1084.0801,2303.6313,1162.2494,2294.5166,1224.6321,2261.2244,1264.3016,2212.5032,1284.3463,2167.3774,1291.949,2128.5012
356,356,5933,868.7157,2115.507,877.0424,2081.1982,899.8941,2045.3687,941.8807,2005.4119,1013.4171,1968.9336,1081.0099,1984.1766,1149.6279,1971.923,1218.3665,2013.2787,1261.384,2055.6292,1283.4443,2094.4846,1291.8135,2128.115,1265.1161,2126.7744,1233.5039,2116.6785,1206.5096,2105.794,1175.1359,2095.1023,1133.6531,2088.5962,1081.4866,2087.8503,1030.6833,2085.3088,987.5995,2088.4927,953.44617,2098.3042,926.48334,2105.9363,897.59015,2114.5474,1265.1161,2126.7744,1234.14,2138.2083,1210.4156,2145.7776,1179.6958,2152.921,1136.712,2160.0234,1084.5703,2161.7234,1031.2511,2154.065,988.53076,2147.1968,954.3187,2137.91,929.0722,2128.7866,897.59015,2114.5474,868.7157,2115.507,883.15546,2157.092,906.1348,2200.4463,947.12396,2252.0562,1008.43744,2288.3936,1084.0919,2301.7715,1162.2706,2292.7996,1224.6477,2259.85,1264.2979,2211.5623,1284.2881,2166.802,1291.8135,2128.115
357,357,5950,868.70184,2115.4429,877.07294,2081.199,899.9383,2045.4176,941.89484,2005.5416,1013.4143,1969.1884,1081.0128,1984.6239,1149.5848,1972.1981,1218.1786,2013.3927,1261.0756,2055.6292,1283.2821,2094.46,1291.8296,2127.9895,1265.2227,2126.6462,1233.5173,2116.656,1206.5074,2105.807,1175.1066,2095.3745,1133.6089,2089.2507,1081.4879,2088.7085,1030.6765,2085.9766,987.5784,2088.7375,953.38293,2098.3096,926.43286,2105.921,897.3888,2114.4683,1265.2227,2126.6462,1234.1691,2137.2532,1210.428,2144.0298,1179.6846,2150.2195,1136.6289,2156.6584,1084.4802,2158.0776,1031.1282,2150.6694,988.34485,2144.4941,954.0821,2136.25,928.81793,2127.9746,897.3888,2114.4683,868.70184,2115.4429,883.13525,2156.7188,906.11755,2199.6375,947.1159,2250.757,1008.40765,2286.679,1084.0314,2299.7783,1162.0801,2290.885,1224.4402,2258.2988,1264.1902,2210.5054,1284.26,2166.3389,1291.8296,2127.9895
358,358,5966,868.75775,2115.3613,877.229,2081.175,900.12714,2045.4133,942.07104,2005.5398,1013.4932,1969.2231,1081.0583,1984.7205,1149.5897,1972.2441,1218.1781,2013.3982,1261.0511,2055.6174,1283.2635,2094.4348,1291.8452,2127.9263,1265.2563,2126.5835,1233.5292,2116.625,1206.5131,2105.7854,1175.1145,2095.406,1133.6259,2089.3896,1081.5387,2088.9058,1030.7433,2086.104,987.64624,2088.7458,953.42725,2098.29,926.4653,2105.8843,897.3907,2114.391,1265.2563,2126.5835,1234.1792,2136.915,1210.4384,2143.457,1179.6935,2149.3613,1136.6348,2155.6458,1084.4858,2157.004,1031.1326,2149.5981,988.35095,2143.554,954.08624,2135.5981,928.82043,2127.607,897.3907,2114.391,868.75775,2115.3613,883.1688,2156.521,906.14526,2199.3403,947.1411,2250.362,1008.423,2286.184,1084.0405,2299.2148,1162.0941,2290.3484,1224.457,2257.8262,1264.2056,2210.157,1284.2728,2166.166,1291.8452,2127.9263
359,359,5983,868.7563,2115.0847,877.34094,2081.077,900.3694,2045.4006,942.3638,2005.5529,1013.6875,1969.3386,1081.2286,1984.9156,1149.6763,1972.3318,1218.195,2013.393,1261.0626,2055.5496,1283.2756,2094.1643,1291.9584,2127.467,1265.6127,2126.1694,1233.767,2116.3308,1206.7148,2105.711,1175.2739,2095.3936,1133.7623,2089.4563,1081.707,2089.047,1030.8966,2086.2048,987.7387,2088.7432,953.4478,2098.2773,926.46045,2105.777,897.3154,2114.1672,1265.6127,2126.1694,1234.5043,2136.283,1210.6626,2142.794,1179.8125,2148.6348,1136.6951,2154.909,1084.5182,2156.261,1031.1571,2148.894,988.355,2142.8984,954.0783,2135.0562,928.7731,2127.1802,897.3154,2114.1672,868.7563,2115.0847,883.17694,2156.1228,906.19226,2198.8254,947.241,2249.644,1008.5086,2285.2542,1084.0956,2298.1746,1162.1278,2289.2861,1224.4727,2256.8772,1264.2253,2209.3745,1284.3231,2165.5735,1291.9584,2127.467
360,360,6000,868.74286,2115.0408,877.3582,2081.0608,900.4508,2045.3964,942.5249,2005.5537,1013.8331,1969.382,1081.3315,1984.998,1149.7505,1972.3901,1218.2695,2013.4073,1261.1475,2055.5374,1283.3738,2094.1582,1292.1019,2127.4531,1265.8885,2126.154,1234.0514,2116.3086,1206.9558,2105.6929,1175.4586,2095.3916,1133.904,2089.5002,1081.8124,2089.1067,1031.0004,2086.2412,987.806,2088.7341,953.4606,2098.2607,926.44257,2105.762,897.2447,2114.1406,1265.8885,2126.154,1234.7363,2136.2783,1210.8114,2142.8135,1179.8796,2148.6836,1136.7133,2154.9785,1084.524,2156.3328,1031.1598,2148.9438,988.35425,2142.9224,954.0593,2135.0605,928.7208,2127.1733,897.2447,2114.1406,868.74286,2115.0408,883.17316,2156.097,906.19495,2198.8079,947.2547,2249.6196,1008.52374,2285.2207,1084.1045,2298.1372,1162.1499,2289.2434,1224.5101,2256.8225,1264.2712,2209.3342,1284.3997,2165.556,1292.1019,2127.4531
361,361,6016,868.7451,2115.0176,877.3922,2081.0454,900.5409,2045.371,942.70154,2005.5288,1014.1298,1969.3535,1081.6799,1984.9857,1150.1477,1972.351,1218.8324,2013.3579,1261.7421,2055.4695,1283.9154,2094.0745,1292.5518,2127.374,1266.3403,2126.0796,1234.4569,2116.2734,1207.3676,2105.6748,1175.8586,2095.4072,1134.2816,2089.583,1082.1454,2089.223,1031.332,2086.3499,988.07715,2088.7822,953.6337,2098.2551,926.49744,2105.7573,897.2461,2114.1255,1266.3403,2126.0796,1235.1356,2136.1685,1211.1343,2142.7407,1180.146,2148.6458,1136.9233,2154.9792,1084.6512,2156.3506,1031.2831,2148.9465,988.4565,2142.8962,954.12067,2135.0156,928.74536,2127.1284,897.2461,2114.1255,868.7451,2115.0176,883.18195,2156.0715,906.22266,2198.7957,947.31555,2249.6182,1008.6249,2285.2312,1084.2716,2298.1584,1162.4626,2289.2559,1224.8872,2256.7935,1264.645,2209.2585,1284.7899,2165.468,1292.5518,2127.374
362,362,6033,868.744,2115.0322,877.4338,2081.0583,900.69324,2045.3671,943.0538,2005.5244,1014.72943,1969.3477,1082.3297,1984.9832,1150.8362,1972.3174,1219.6959,2013.2911,1262.648,2055.3726,1284.696,2093.9617,1293.2162,2127.258,1267.1097,2125.9707,1235.2257,2116.2253,1208.1884,2105.6567,1176.6301,2095.464,1135.0001,2089.7937,1082.7717,2089.5276,1031.851,2086.6672,988.438,2089.002,953.8032,2098.3586,926.5314,2105.8206,897.2366,2114.1453,1267.1097,2125.9707,1235.8344,2135.9834,1211.699,2142.5232,1180.5878,2148.3774,1137.2798,2154.7136,1084.9352,2156.126,1031.5444,2148.7622,988.6259,2142.781,954.18256,2134.9744,928.7527,2127.1235,897.2366,2114.1453,868.744,2115.0322,883.19727,2156.074,906.3128,2198.7932,947.54474,2249.6023,1008.9651,2285.1821,1084.6495,2298.073,1162.8971,2289.1348,1225.3386,2256.6384,1265.1168,2209.0999,1285.3285,2165.3354,1293.2162,2127.258
363,363,6050,868.93744,2115.0007,877.66113,2081.0435,900.9742,2045.3293,943.5059,2005.4883,1015.3697,1969.3153,1082.9502,1984.9679,1151.5138,1972.2952,1220.5387,2013.2653,1263.5099,2055.3477,1285.3313,2093.9429,1293.624,2127.234,1267.4341,2125.9458,1235.6036,2116.2078,1208.6738,2105.6562,1177.1813,2095.5496,1135.6016,2089.9622,1083.3234,2089.712,1032.4022,2086.8054,988.9852,2089.0732,954.2749,2098.3706,926.89496,2105.8225,897.46924,2114.1257,1267.4341,2125.9458,1236.1339,2135.9167,1211.9823,2142.4456,1180.8873,2148.2915,1137.5831,2154.639,1085.2283,2156.0725,1031.8981,2148.6707,989.00586,2142.6733,954.5472,2134.8794,929.0604,2127.057,897.46924,2114.1257,868.93744,2115.0007,883.3666,2156.0525,906.47687,2198.7827,947.72614,2249.6006,1009.2055,2285.19,1084.968,2298.0898,1163.372,2289.149,1225.909,2256.6365,1265.6454,2209.08,1285.779,2165.3127,1293.624,2127.234
364,364,6066,868.98785,2115.0024,877.83765,2081.0635,901.2788,2045.346,943.91583,2005.5192,1015.83575,1969.3499,1083.3331,1985.0239,1151.8246,1972.3103,1220.8364,2013.2645,1263.8114,2055.3364,1285.6416,2093.93,1293.9806,2127.1926,1267.9025,2125.896,1236.0198,2116.201,1209.0875,2105.6558,1177.5515,2095.6643,1135.9719,2090.228,1083.7062,2090.0664,1032.8037,2087.1287,989.334,2089.279,954.5015,2098.4521,927.01154,2105.8545,897.48816,2114.1267,1267.9025,2125.896,1236.6031,2135.753,1212.4028,2142.1836,1181.246,2147.8958,1137.9037,2154.1663,1085.5338,2155.609,1032.2191,2148.2195,989.26227,2142.326,954.69763,2134.6897,929.1327,2126.9924,897.48816,2114.1267,868.98785,2115.0024,883.4811,2156.038,906.6925,2198.7278,948.0562,2249.4946,1009.5873,2285.0427,1085.3252,2297.9238,1163.7314,2288.9692,1226.2328,2256.458,1265.9498,2208.9275,1286.088,2165.219,1293.9806,2127.1926
365,365,6083,869.49225,2114.918,878.34344,2080.987,901.78046,2045.2139,944.43195,2005.3622,1016.40326,1969.1738,1083.8966,1984.8693,1152.389,1972.1249,1221.5114,2013.0897,1264.5394,2055.1746,1286.333,2093.79,1294.5846,2127.0813,1268.3677,2125.785,1236.489,2116.1172,1209.5675,2105.6106,1178.0635,2095.6484,1136.551,2090.2217,1084.333,2090.0618,1033.4841,2087.1206,990.0753,2089.264,955.2994,2098.4233,927.74426,2105.8193,898.0911,2114.046,1268.3677,2125.785,1237.0599,2135.6135,1212.8707,2142.0698,1181.754,2147.806,1138.4681,2154.0967,1086.152,2155.5413,1032.8881,2148.1016,990.0092,2142.1494,955.479,2134.4827,929.8851,2126.8147,898.0911,2114.046,869.49225,2114.918,883.99994,2155.9324,907.20764,2198.642,948.55615,2249.4668,1010.1382,2285.048,1086.0062,2297.9333,1164.5465,2288.9778,1227.1058,2256.462,1266.7632,2208.8958,1286.7891,2165.1375,1294.5846,2127.0813
366,366,6100,869.8162,2114.818,878.7127,2080.9043,902.1681,2045.0715,944.85956,2005.171,1016.9584,1968.9237,1084.4523,1984.6731,1152.9951,1971.8667,1222.3304,2012.8994,1265.4545,2055.038,1287.2412,2093.6914,1295.4481,2127.004,1269.1995,2125.7004,1237.1832,2116.095,1210.2498,2105.5986,1178.7026,2095.6685,1137.171,2090.2727,1084.9369,2090.1155,1034.1249,2087.1636,990.7034,2089.277,955.8961,2098.4146,928.2771,2105.8074,898.42114,2113.954,1269.1995,2125.7004,1237.8228,2135.3345,1213.5732,2141.6516,1182.4088,2147.221,1139.1023,2153.3943,1086.8131,2154.793,1033.5823,2147.3171,990.6766,2141.431,956.0798,2133.9312,930.38837,2126.465,898.42114,2113.954,869.8162,2114.818,884.40173,2155.74,907.6765,2198.3904,949.09955,2249.2385,1010.7615,2284.8813,1086.6987,2297.8035,1165.2902,2288.8635,1227.8986,2256.333,1267.6001,2208.7441,1287.6326,2165.0093,1295.4481,2127.004
367,367,6116,870.0245,2114.541,878.85974,2080.6006,902.2958,2044.6042,945.02545,2004.5479,1017.2955,1968.1606,1084.8562,1984.0262,1153.5183,1971.1711,1223.2391,2012.4233,1266.5638,2054.7278,1288.4038,2093.5068,1296.5549,2126.899,1270.1744,2125.5803,1237.974,2116.0337,1210.9653,2105.578,1179.3293,2095.6633,1137.7139,2090.2698,1085.4087,2090.1077,1034.5829,2087.1492,991.1228,2089.2424,956.3075,2098.339,928.6829,2105.6785,898.6946,2113.6812,1270.1744,2125.5803,1238.6819,2134.9666,1214.3573,2141.0925,1183.1306,2146.423,1139.7693,2152.4006,1087.4897,2153.6829,1034.2347,2146.1235,991.28674,2140.2913,956.6242,2132.9912,930.82935,2125.7913,898.6946,2113.6812,870.0245,2114.541,884.70087,2155.292,908.0601,2197.8333,949.56836,2248.7102,1011.34045,2284.4636,1087.4064,2297.4824,1166.0934,2288.6155,1228.8083,2256.1204,1268.6221,2208.5298,1288.7015,2164.8325,1296.5549,2126.899
368,368,6133,870.2695,2114.3652,879.10455,2080.4443,902.55963,2044.3584,945.37476,2004.1914,1017.84875,1967.6663,1085.4087,1983.6375,1154.11,1970.7234,1224.1548,2012.1549,1267.6903,2054.5645,1289.642,2093.41,1297.8481,2126.8335,1271.3715,2125.5024,1238.9203,2116.0232,1211.8151,2105.5754,1180.0784,2095.7134,1138.4022,2090.3435,1086.0448,2090.1682,1035.2213,2087.1914,991.71686,2089.2546,956.8477,2098.3303,929.15796,2105.651,898.9792,2113.51,1271.3715,2125.5024,1239.753,2134.581,1215.3306,2140.4375,1184.0387,2145.4192,1140.631,2151.1013,1088.4083,2152.2373,1035.1357,2144.6453,992.1093,2138.9902,957.3063,2132.026,931.3265,2125.1736,898.9792,2113.51,870.2695,2114.3652,885.1203,2154.9255,908.66156,2197.2793,950.32965,2248.0562,1012.2245,2283.8506,1088.3813,2296.9473,1167.0773,2288.198,1229.8658,2255.8108,1269.7812,2208.2932,1289.9285,2164.6782,1297.8481,2126.8335
369,369,6150,870.2681,2113.8027,879.11993,2079.8198,902.61774,2043.6083,945.49176,2003.334,1018.13837,1966.6448,1085.8536,1982.6028,1154.7072,1969.617,1225.0021,2011.1515,1268.653,2053.6846,1290.7274,2092.6807,1298.9761,2126.3113,1272.4738,2124.9849,1239.8685,2115.4473,1212.5714,2105.0283,1180.739,2095.201,1138.9524,2089.8308,1086.4845,2089.6206,1035.5367,2086.6868,991.91254,2088.775,956.9662,2097.845,929.19244,2105.1895,898.9794,2113.0117,1272.4738,2124.9849,1240.6836,2134.1497,1216.1648,2140.1475,1184.7579,2145.252,1141.2283,2151.0076,1088.8496,2152.1519,1035.4205,2144.5469,992.2854,2138.815,957.39557,2131.724,931.37146,2124.7449,898.9794,2113.0117,870.2681,2113.8027,885.148,2154.4324,908.7614,2196.8872,950.5336,2247.7944,1012.5354,2283.6973,1088.8567,2296.841,1167.6382,2288.0796,1230.4896,2255.632,1270.5286,2207.9893,1290.8573,2164.249,1298.9761,2126.3113
370,370,6166,870.20105,2113.1428,879.1042,2079.1567,902.61523,2042.8594,945.4942,2002.4119,1018.2187,1965.4055,1086.0425,1981.3047,1154.9933,1968.2126,1225.4766,2009.8977,1269.1672,2052.5823,1291.3143,2091.6804,1299.6118,2125.4504,1273.2178,2124.1138,1240.4188,2114.654,1212.9819,2104.4297,1181.0515,2094.7544,1139.1693,2089.4705,1086.6556,2089.264,1035.6191,2086.3765,991.9321,2088.4473,956.96606,2097.4407,929.17664,2104.6914,898.8879,2112.3884,1273.2178,2124.1138,1241.3074,2133.1333,1216.6766,2139.138,1185.1205,2144.2485,1141.4714,2150.004,1088.9915,2151.131,1035.4722,2143.5823,992.28973,2137.9182,957.3876,2130.8804,931.34357,2123.9465,898.8879,2112.3884,870.20105,2113.1428,885.14233,2153.6477,908.76636,2196.0063,950.56824,2246.9307,1012.6012,2282.914,1088.9746,2296.0847,1167.773,2287.3013,1230.6561,2254.797,1270.805,2207.0608,1291.2993,2163.3262,1299.6118,2125.4504
371,371,6183,869.8374,2112.2947,878.8766,2078.3323,902.48395,2041.9846,945.4372,2001.4597,1018.22003,1964.3257,1086.095,1980.2156,1155.1405,1967.1565,1225.8191,2009.0055,1269.6324,2051.8127,1291.9398,2091.0273,1300.321,2124.9548,1273.9021,2123.5923,1240.9403,2114.0737,1213.29,2103.8596,1181.2473,2094.1743,1139.2662,2088.8535,1086.6918,2088.5664,1035.6178,2085.703,991.90515,2087.7756,956.8837,2096.7537,928.9736,2103.9966,898.5429,2111.6138,1273.9021,2123.5923,1241.8334,2132.64,1217.0895,2138.737,1185.3873,2143.9138,1141.6228,2149.6816,1089.0536,2150.764,1035.4738,2143.2083,992.272,2137.4844,957.2985,2130.326,931.17816,2123.2449,898.5429,2111.6138,869.8374,2112.2947,884.97784,2152.8652,908.71405,2195.2637,950.5637,2246.218,1012.6059,2282.2505,1089.008,2295.4849,1167.8264,2286.7566,1230.7645,2254.3176,1271.071,2206.6055,1291.792,2162.8618,1300.321,2124.9548
372,372,6200,869.7151,2111.6501,878.77295,2077.707,902.41656,2041.3289,945.4202,2000.8461,1018.2326,1963.7755,1086.1809,1979.5592,1155.346,1966.5498,1226.2194,2008.2119,1270.2231,2050.9282,1292.651,2090.1912,1301.09,2124.2505,1274.5441,2122.9114,1241.648,2113.188,1213.8188,2102.793,1181.6683,2092.9868,1139.525,2087.603,1086.7955,2087.2756,1035.6224,2084.449,991.89386,2086.6765,956.84784,2095.8447,928.87787,2103.299,898.4582,2111.006,1274.5441,2122.9114,1242.3281,2132.341,1217.5145,2138.6438,1185.7183,2143.9358,1141.8545,2149.7375,1089.1931,2150.8284,1035.5072,2143.2656,992.27313,2137.5078,957.2926,2130.2368,931.1584,2122.958,898.4582,2111.006,869.7151,2111.6501,884.9494,2152.4285,908.7152,2194.91,950.59564,2245.8818,1012.6925,2281.9373,1089.1509,2295.1968,1167.991,2286.477,1231.0024,2254.0493,1271.4622,2206.3096,1292.3833,2162.4404,1301.09,2124.2505
373,373,6216,869.59766,2110.6328,878.6952,2076.535,902.3872,2039.9739,945.4193,1999.3809,1018.29285,1962.2623,1086.3412,1977.8982,1155.6445,1965.0996,1226.7264,2006.8116,1270.8647,2049.6604,1293.3455,2089.1355,1301.7605,2123.4727,1275.0782,2122.137,1242.248,2112.0247,1214.3007,2101.2642,1182.0732,2091.0935,1139.8086,2085.3757,1086.9501,2084.7979,1035.6659,2082.0835,991.8949,2084.6116,956.8407,2094.1758,928.8196,2102.0505,898.38605,2110.049,1275.0782,2122.137,1242.8035,2131.9067,1217.9432,2138.4312,1186.0713,2143.888,1142.1213,2149.76,1089.3438,2150.8618,1035.5563,2143.29,992.2827,2137.4583,957.2907,2129.9873,931.14355,2122.4224,898.38605,2110.049,869.59766,2110.6328,884.91736,2151.6245,908.7158,2194.2568,950.6218,2245.332,1012.7652,2281.4565,1089.275,2294.7524,1168.167,2286.0227,1231.2444,2253.5486,1271.8206,2205.745,1292.8958,2161.7983,1301.7605,2123.4727
374,374,6233,869.3411,2110.2773,878.4303,2075.9219,902.2076,2039.0717,945.3301,1998.2904,1018.29016,1961.0894,1086.3715,1976.5638,1155.7749,1963.9,1227.0017,2005.6364,1271.2112,2048.6946,1293.6758,2088.479,1301.9589,2123.145,1275.1377,2121.7976,1242.3674,2111.2874,1214.3955,2100.0544,1182.1715,2089.4126,1139.8744,2083.313,1086.9724,2082.5432,1035.6648,2079.987,991.877,2082.9202,956.8073,2092.9753,928.715,2101.3462,898.2727,2109.6912,1275.1377,2121.7976,1242.8586,2131.8064,1217.993,2138.4375,1186.116,2143.9326,1142.1522,2149.918,1089.345,2151.0544,1035.5416,2143.4768,992.2534,2137.5256,957.24744,2129.9956,931.0896,2122.3157,898.2727,2109.6912,869.3411,2110.2773,884.6771,2151.4114,908.5507,2194.154,950.5259,2245.2886,1012.7318,2281.4324,1089.273,2294.7312,1168.1843,2285.9792,1231.2936,2253.4587,1271.923,2205.5894,1293.0608,2161.5679,1301.9589,2123.145
375,375,6250,869.30566,2110.24,878.3942,2075.8303,902.1906,2038.9241,945.3288,1998.1322,1018.32916,1960.9298,1086.5034,1976.2949,1156.0096,1963.6631,1227.3649,2005.2693,1271.684,2048.2583,1294.1768,2088.0852,1302.4277,2122.885,1275.4977,2121.59,1242.8462,2110.887,1214.7914,2099.482,1182.5369,2088.737,1140.147,2082.5898,1087.1185,2081.8052,1035.699,2079.3545,991.87787,2082.4602,956.80536,2092.6853,928.69104,2101.2236,898.2631,2109.6653,1275.4977,2121.59,1243.1915,2131.8096,1218.3118,2138.597,1186.4182,2144.506,1142.4084,2150.867,1089.4943,2152.1257,1035.5836,2144.543,992.266,2138.296,957.2486,2130.3247,931.0886,2122.3767,898.2631,2109.6653,869.30566,2110.24,884.6734,2151.414,908.5614,2194.164,950.5713,2245.3064,1012.8266,2281.4543,1089.4431,2294.7554,1168.4016,2285.9888,1231.5449,2253.463,1272.2395,2205.5784,1293.4578,2161.4912,1302.4277,2122.885
376,376,6266,869.11365,2110.1995,878.0448,2075.5852,901.8328,2038.4077,945.0571,1997.4086,1018.25464,1960.0928,1086.5021,1975.2439,1156.0441,1962.7231,1227.4949,2004.3256,1271.8771,2047.49,1294.3511,2087.6208,1302.4839,2122.7483,1275.4874,2121.4707,1242.8735,2110.3643,1214.803,2098.4707,1182.5555,2087.287,1140.1533,2080.8271,1087.1144,2079.921,1035.6534,2077.6953,991.7876,2081.2322,956.72546,2091.9417,928.5724,2100.9385,898.2208,2109.6348,1275.4874,2121.4707,1243.2166,2131.8838,1218.3756,2139.1646,1186.5303,2145.9197,1142.5236,2152.93,1089.534,2154.3672,1035.5825,2146.673,992.25665,2139.8235,957.23553,2131.0127,931.07434,2122.5303,898.2208,2109.6348,869.11365,2110.1995,884.49036,2151.422,908.42926,2194.2798,950.5,2245.6272,1012.81744,2281.9895,1089.4795,2295.3828,1168.553,2286.5066,1231.778,2253.7568,1272.4739,2205.654,1293.6232,2161.4888,1302.4839,2122.7483
377,377,6283,868.91833,2110.0305,877.8201,2075.1519,901.6679,2037.6924,944.9734,1996.4921,1018.2492,1959.0569,1086.5216,1974.0391,1156.1304,1961.6803,1227.6534,2003.33,1272.0721,2046.6969,1294.5168,2087.119,1302.5485,2122.5652,1275.4854,2121.283,1242.9185,2109.7188,1214.8398,2097.2915,1182.6075,2085.6113,1140.1901,2078.7861,1087.1226,2077.7156,1035.6423,2075.6204,991.74426,2079.5583,956.6674,2090.8079,928.44403,2100.3723,898.1424,2109.4739,1275.4854,2121.283,1243.2292,2131.887,1218.3999,2139.3296,1186.5677,2146.4395,1142.5618,2153.7366,1089.5391,2155.2598,1035.5671,2147.544,992.22345,2140.4277,957.19244,2131.228,931.0293,2122.5398,898.1424,2109.4739,868.91833,2110.0305,884.297,2151.395,908.28687,2194.2844,950.41394,2245.6858,1012.7891,2282.095,1089.481,2295.4937,1168.5828,2286.5781,1231.8318,2253.7761,1272.5447,2205.6526,1293.7037,2161.4336,1302.5485,2122.5652
378,378,6300,868.3179,2110.0427,877.16785,2075.1257,901.1217,2037.5406,944.57947,1996.1943,1018.1151,1958.6208,1086.4958,1973.5157,1156.1329,1961.1085,1227.7032,2002.7762,1272.1534,2046.2705,1294.589,2086.867,1302.5608,2122.4873,1275.4749,2121.1975,1242.923,2109.4585,1214.8412,2096.8774,1182.6094,2085.1128,1140.1879,2078.2896,1087.0961,2077.263,1035.5354,2075.2412,991.5372,2079.2676,956.4039,2090.6384,928.03436,2100.3306,897.71497,2109.4805,1275.4749,2121.1975,1243.2246,2131.8904,1218.3977,2139.3887,1186.5638,2146.6187,1142.5513,2153.999,1089.4913,2155.555,1035.4279,2147.8838,992.01373,2140.7449,956.9179,2131.4336,930.7147,2122.6262,897.71497,2109.4805,868.3179,2110.0427,883.76184,2151.4329,907.89557,2194.344,950.16003,2245.745,1012.64777,2282.1338,1089.4222,2295.5176,1168.5627,2286.587,1231.8252,2253.7798,1272.5438,2205.65,1293.7145,2161.4045,1302.5608,2122.4873
379,379,6316,867.9715,2110.0168,876.8477,2075.0398,900.85455,2037.4376,944.35675,1996.1268,1017.9429,1958.6119,1086.3909,1973.4948,1156.0753,1961.0742,1227.648,2002.6182,1272.1145,2046.0278,1294.5519,2086.6228,1302.4764,2122.3398,1275.3644,2121.0537,1242.9023,2109.1096,1214.8037,2096.4187,1182.5695,2084.6663,1140.1188,2077.9277,1086.9684,2076.9739,1035.3059,2074.941,991.2291,2078.951,956.0712,2090.3557,927.5929,2100.1726,897.4008,2109.4556,1275.3644,2121.0537,1243.1403,2131.91,1218.3099,2139.626,1186.4567,2147.1636,1142.4175,2154.7327,1089.2759,2156.3381,1035.1312,2148.6846,991.6776,2141.412,956.56024,2131.802,930.3863,2122.7222,897.4008,2109.4556,867.9715,2110.0168,883.38806,2151.4373,907.5487,2194.3828,949.8472,2245.792,1012.3554,2282.1611,1089.1543,2295.5344,1168.3273,2286.5935,1231.6127,2253.7827,1272.387,2205.6501,1293.616,2161.3745,1302.4764,2122.3398
380,380,6333,867.61597,2110.0642,876.5444,2075.046,900.6254,2037.4321,944.1581,1996.1143,1017.80524,1958.6062,1086.3215,1973.4663,1156.0394,1960.9941,1227.629,2002.4462,1272.1049,2045.8275,1294.5349,2086.4458,1302.4642,2122.2456,1275.3562,2120.928,1242.8982,2108.8088,1214.8002,2096.033,1182.5599,2084.279,1140.0853,2077.6292,1086.9048,2076.7651,1035.1807,2074.7788,991.0326,2078.8074,955.8171,2090.262,927.2126,2100.1528,897.0313,2109.4785,1275.3562,2120.928,1243.1366,2131.8833,1218.2936,2139.632,1186.4037,2147.166,1142.3228,2154.736,1089.1089,2156.342,1034.9066,2148.7102,991.3883,2141.4749,956.1958,2131.8826,930.0159,2122.7832,897.0313,2109.4785,867.61597,2110.0642,883.0715,2151.4702,907.32996,2194.3867,949.70844,2245.7568,1012.22906,2281.968,1088.9868,2295.2122,1168.1278,2286.2322,1231.4086,2253.5127,1272.2738,2205.487,1293.5886,2161.263,1302.4642,2122.2456
381,381,6350,867.0377,2110.0964,876.0303,2075.051,900.2221,2037.4294,943.8709,1996.119,1017.6454,1958.6337,1086.2501,1973.4995,1156.0166,1961.0243,1227.6218,2002.4495,1272.0914,2045.8141,1294.5193,2086.4412,1302.4518,2122.258,1275.346,2120.9365,1242.8967,2108.7878,1214.797,2095.996,1182.5491,2084.2659,1140.0408,2077.65,1086.7959,2076.7966,1034.9421,2074.7876,990.66437,2078.778,955.33075,2090.2188,926.565,2100.142,896.42596,2109.5078,1275.346,2120.9365,1243.1295,2132.0952,1218.2682,2140.0857,1186.3398,2147.8022,1142.1975,2155.456,1088.8822,2157.0918,1034.5669,2149.5134,990.93555,2142.2568,955.6486,2132.4866,929.43463,2123.106,896.42596,2109.5078,867.0377,2110.0964,882.50525,2151.627,906.8757,2194.6306,949.37164,2245.9658,1011.9541,2282.0923,1088.7255,2295.2937,1167.8824,2286.2961,1231.204,2253.5796,1272.1605,2205.5671,1293.5593,2161.3235,1302.4518,2122.258
382,382,6366,866.77356,2110.1165,875.80975,2075.0557,900.05035,2037.4375,943.76276,1996.1343,1017.6026,1958.6531,1086.2375,1973.522,1156.0165,1961.036,1227.6227,2002.4602,1272.0939,2045.8358,1294.5272,2086.4841,1302.4537,2122.346,1275.3463,2121.0234,1242.917,2108.8362,1214.8011,2096.0222,1182.5502,2084.3,1140.0372,2077.7192,1086.7645,2076.886,1034.8513,2074.863,990.51447,2078.819,955.13715,2090.2307,926.3073,2100.15,896.1724,2109.5352,1275.3463,2121.0234,1243.1274,2132.3484,1218.2653,2140.478,1186.3331,2148.251,1142.1737,2155.8862,1088.8281,2157.488,1034.4747,2149.8933,990.80426,2142.6162,955.4795,2132.777,929.23584,2123.2717,896.1724,2109.5352,866.77356,2110.1165,882.2966,2151.7212,906.72925,2194.7861,949.2679,2246.1174,1011.865,2282.2212,1088.6412,2295.4207,1167.8097,2286.4358,1231.1556,2253.7502,1272.1451,2205.765,1293.5525,2161.4878,1302.4537,2122.346
383,383,6383,866.27155,2110.121,875.3864,2075.0579,899.7132,2037.4397,943.52277,1996.1481,1017.4676,1958.6833,1086.1494,1973.5662,1155.9747,1961.0747,1227.6093,2002.4904,1272.0875,2045.8491,1294.5197,2086.494,1302.4435,2122.3708,1275.3273,2121.043,1242.8976,2108.8582,1214.7704,2096.0466,1182.5066,2084.3188,1139.9568,2077.761,1086.6288,2076.945,1034.6373,2074.9167,990.2365,2078.8518,954.79004,2090.2434,925.8744,2100.1526,895.66266,2109.5386,1275.3273,2121.043,1243.0748,2132.383,1218.1761,2140.5217,1186.1937,2148.2864,1141.9637,2155.9097,1088.5371,2157.508,1034.1577,2149.916,990.45056,2142.6497,955.0847,2132.814,928.80975,2123.2917,895.66266,2109.5386,866.27155,2110.121,881.7895,2151.7473,906.26587,2194.8538,948.8608,2246.1987,1011.49927,2282.29,1088.2776,2295.4727,1167.5226,2286.487,1230.9448,2253.7903,1272.018,2205.803,1293.5004,2161.521,1302.4435,2122.3708
384,384,6400,865.9131,2110.0935,875.09753,2075.038,899.4805,2037.4347,943.33167,1996.1636,1017.278,1958.7012,1085.9603,1973.6112,1155.8035,1961.133,1227.4739,2002.5667,1272.0321,2045.92,1294.5082,2086.552,1302.4634,2122.4207,1275.3479,2121.0613,1242.8982,2108.8794,1214.7638,2096.0625,1182.4537,2084.3616,1139.8212,2077.837,1086.4049,2077.0383,1034.3634,2074.9976,989.92865,2078.8855,954.4331,2090.2275,925.5143,2100.112,895.2717,2109.493,1275.3479,2121.0613,1243.0724,2132.3567,1218.168,2140.3896,1186.135,2147.9211,1141.8279,2155.2944,1088.3593,2156.7607,1033.9825,2149.1829,990.23474,2142.0857,954.8107,2132.48,928.48303,2123.118,895.2717,2109.493,865.9131,2110.0935,881.47705,2151.6814,906.0338,2194.7212,948.6957,2245.9236,1011.3386,2281.85,1088.0464,2294.975,1167.2677,2286.132,1230.7773,2253.63,1271.9747,2205.7742,1293.4938,2161.524,1302.4634,2122.4207
385,385,6416,865.0805,2110.0317,874.6063,2075.0217,899.1693,2037.4407,943.0858,1996.17,1017.08136,1958.7114,1085.7485,1973.6838,1155.5864,1961.1577,1227.2725,2002.6243,1271.8678,2045.9667,1294.4586,2086.5596,1302.4559,2122.4126,1275.3743,2121.028,1242.8955,2108.8828,1214.7407,2096.1458,1182.3486,2084.5725,1139.6135,2078.178,1086.1499,2077.4258,1034.0756,2075.2979,989.5271,2079.0208,953.8308,2090.246,924.7894,2100.0994,894.17523,2109.407,1275.3743,2121.028,1243.0701,2131.8503,1218.1501,2139.2583,1186.023,2145.963,1141.5862,2152.7266,1088.043,2154.0208,1033.6672,2146.6492,989.76013,2140.1624,954.0998,2131.3442,927.58514,2122.571,894.17523,2109.407,865.0805,2110.0317,880.83954,2151.4287,905.5886,2194.202,948.4141,2245.053,1011.087,2280.6055,1087.6427,2293.4924,1166.7585,2284.8008,1230.3134,2252.606,1271.7203,2205.1663,1293.4248,2161.3066,1302.4559,2122.4126
386,386,6433,862.8674,2110.0322,873.3092,2075.1458,898.3298,2037.8328,942.48047,1996.8237,1016.48175,1959.4839,1084.8567,1974.95,1154.5162,1961.9485,1226.3158,2003.3945,1271.2356,2046.45,1294.2505,2086.6892,1302.472,2122.4011,1275.6531,2120.9868,1242.9005,2109.0847,1214.7244,2097.2493,1182.0688,2086.8945,1138.981,2081.5903,1085.2678,2081.3108,1033.0608,2078.712,988.21204,2081.3408,951.8767,2091.344,922.5593,2100.3464,890.9438,2109.398,1275.6531,2120.9868,1243.149,2130.4404,1218.147,2135.8591,1185.798,2140.0007,1140.9799,2144.9424,1087.375,2145.8125,1033.0305,2138.961,988.7025,2134.4043,952.2903,2128.2083,925.03564,2121.3938,890.9438,2109.398,862.8674,2110.0322,879.4179,2151.0642,904.77856,2192.89,948.02515,2242.3052,1010.73145,2276.5083,1086.8622,2288.758,1165.5824,2280.619,1229.2698,2249.6345,1271.2234,2203.61,1293.3226,2160.8088,1302.472,2122.4011
387,387,6450,856.6178,2110.246,869.32776,2075.8196,895.8607,2039.2072,940.75775,1998.954,1015.0254,1962.1799,1083.4298,1978.7214,1153.2673,1964.7972,1225.5469,2005.9397,1271.0289,2048.2468,1294.3265,2087.6077,1303.8328,2122.679,1277.8752,2121.1848,1243.676,2110.0293,1214.9156,2099.405,1181.9707,2090.2576,1138.2762,2085.8608,1083.8787,2085.9265,1031.1877,2082.8818,985.46204,2084.5093,947.64606,2093.2068,917.1447,2101.1394,883.4958,2109.5823,1277.8752,2121.1848,1244.3142,2130.2048,1218.4503,2134.8086,1185.746,2137.9216,1140.2874,2142.3188,1085.9772,2143.1948,1031.1809,2136.604,985.67804,2132.7175,947.6137,2127.4272,918.9081,2121.243,883.4958,2109.5823,856.6178,2110.246,874.67426,2151.067,901.703,2192.649,946.39124,2241.2488,1009.64386,2274.42,1085.4835,2286.131,1164.2019,2278.2263,1228.3794,2248.035,1271.1143,2203.0461,1293.5154,2160.7898,1303.8328,2122.679
388,388,6466,846.89105,2110.2983,863.4062,2076.58,892.7913,2041.3644,939.23645,2002.9589,1014.18036,1968.1172,1083.0659,1986.0308,1153.2146,1970.7328,1225.6267,2010.0039,1271.9478,2050.593,1297.8165,2088.522,1311.6957,2122.7776,1287.0978,2121.2703,1249.6766,2110.913,1218.5413,2101.5408,1182.8746,2093.701,1138.2793,2090.4077,1083.4664,2090.884,1029.8494,2087.3333,982.41144,2087.8179,941.92334,2095.0762,909.0609,2101.8508,872.6579,2109.6423,1287.0978,2121.2703,1250.9646,2129.7327,1222.166,2133.2947,1186.5446,2135.2854,1140.2657,2139.1409,1085.302,2139.9568,1029.5675,2133.7747,982.0124,2130.592,941.0614,2126.2712,910.0173,2120.8848,872.6579,2109.6423,846.89105,2110.2983,867.5953,2150.999,897.706,2191.9136,944.9245,2238.7175,1009.0728,2269.6777,1084.8185,2280.2812,1163.6128,2272.847,1228.2864,2244.424,1271.822,2201.612,1297.2502,2160.5894,1311.6957,2122.7776
389,389,6483,831.3286,2110.4917,851.97284,2077.529,885.61334,2043.4515,935.11847,2006.549,1011.8698,1973.2732,1082.2692,1991.5127,1153.1974,1975.0901,1226.2148,2012.0968,1274.8992,2051.1758,1304.969,2088.5217,1323.5612,2122.1716,1299.0698,2120.6409,1258.4814,2110.8735,1224.339,2101.5872,1184.8289,2093.9397,1138.3047,2090.9802,1082.5476,2091.769,1026.8629,2088.3042,976.5289,2088.7607,932.44147,2095.8396,896.5146,2102.3354,857.19275,2109.7803,1299.0698,2120.6409,1259.7681,2127.27,1227.3939,2129.6443,1187.841,2131.063,1140.1705,2135.1648,1083.3767,2136.5596,1025.4712,2131.3923,974.642,2129.0286,930.17096,2125.4563,896.6994,2120.637,857.19275,2109.7803,831.3286,2110.4917,854.3034,2150.9966,888.31213,2191.3735,940.035,2235.9724,1006.7724,2263.6829,1083.1179,2272.147,1162.681,2264.2485,1228.2618,2237.211,1273.7981,2197.1497,1304.1985,2158.4255,1323.5612,2122.1716
390,390,6500,821.67474,2110.5735,844.0384,2078.363,879.9422,2045.1497,931.80414,2009.0468,1010.59564,1976.284,1082.1815,1994.853,1153.6156,1977.6663,1229.0168,2013.5771,1281.1061,2051.6829,1314.8032,2088.521,1336.5094,2121.3918,1311.1984,2119.8384,1267.9247,2110.873,1231.85,2101.9285,1188.7483,2094.8167,1139.1154,2092.4272,1082.4537,2093.5696,1025.4542,2090.173,973.11456,2090.5037,926.833,2097.1677,889.5355,2103.049,848.2916,2109.8218,1311.1984,2119.8384,1269.4325,2123.1917,1234.2648,2123.1646,1190.9036,2122.715,1140.3949,2126.0286,1082.9622,2127.5273,1023.7791,2123.5413,970.98254,2122.9275,924.4746,2121.6904,889.4768,2119.0527,848.2916,2109.8218,821.67474,2110.5735,846.5445,2150.6096,882.88,2189.042,937.45087,2230.2913,1005.9552,2255.1226,1082.8348,2262.1643,1162.6869,2254.3738,1228.9618,2228.7305,1278.5525,2191.3293,1313.4806,2155.3867,1336.5094,2121.3918
391,391,6516,812.70624,2110.5317,836.79443,2078.6138,874.8193,2046.0914,928.7495,2010.8507,1009.33044,1979.008,1082.1262,1997.7915,1154.3014,1980.228,1231.7623,2014.8805,1286.1398,2052.0042,1322.0569,2088.4497,1345.445,2120.172,1319.2776,2118.612,1274.7748,2110.7341,1237.3296,2101.9297,1192.0033,2094.8867,1139.9176,2092.575,1082.3477,2093.7598,1023.913,2090.3958,969.6013,2090.7693,921.3964,2097.396,882.6509,2103.1377,840.17255,2109.746,1319.2776,2118.612,1276.1494,2119.6523,1239.3639,2118.676,1193.5087,2117.8103,1140.6401,2121.0132,1082.4819,2122.4854,1021.82806,2118.9834,967.09076,2118.9153,918.75256,2118.5098,882.4735,2117.0615,840.17255,2109.746,812.70624,2110.5317,838.72235,2149.733,876.89703,2186.5063,934.07495,2225.4783,1004.6177,2248.5366,1082.364,2254.8877,1162.6625,2247.209,1229.6172,2222.417,1282.4414,2186.556,1320.3218,2152.3499,1345.445,2120.172
392,392,6533,806.94476,2109.7874,831.74084,2078.559,870.9752,2046.0985,926.4004,2011.074,1008.511,1979.621,1082.1349,1998.5369,1155.8188,1980.9728,1235.6935,2015.1821,1291.8461,2052.0032,1328.9523,2087.9993,1352.8214,2118.3074,1325.7977,2116.8203,1280.6271,2110.2627,1242.4215,2101.87,1195.6742,2094.82,1141.3378,2092.4307,1082.3506,2093.5615,1022.9893,2090.217,967.36584,2090.6592,918.05457,2097.3596,878.44147,2103.0522,835.25385,2109.009,1325.7977,2116.8203,1281.8997,2116.4163,1244.3376,2115.392,1196.817,2114.9312,1141.4105,2118.486,1082.3214,2120.033,1020.56903,2116.4932,964.5441,2116.169,915.2111,2115.5928,878.28107,2114.484,835.25385,2109.009,806.94476,2109.7874,833.25543,2148.2058,872.2655,2184.3997,931.1048,2223.1465,1003.49805,2246.4272,1082.2083,2252.8936,1162.8075,2245.1155,1231.6049,2219.798,1287.5522,2183.545,1327.0087,2149.5283,1352.8214,2118.3074
393,393,6550,802.8216,2108.0474,828.7126,2078.1814,868.8586,2046.0383,925.2079,2011.2941,1008.1608,1980.3232,1082.2772,1999.2693,1157.6882,1981.4886,1239.3059,2015.1536,1296.6147,2051.7505,1334.6464,2086.0198,1359.5222,2113.8542,1332.4363,2112.6912,1286.5856,2108.222,1247.6552,2101.031,1199.5651,2094.5938,1143.2449,2092.2913,1082.4144,2093.3416,1022.5091,2090.0273,965.879,2090.5615,915.52234,2097.2173,875.1335,2102.5146,831.2,2107.3547,1332.4363,2112.6912,1287.8812,2111.1904,1249.4475,2110.075,1200.465,2109.7737,1142.7058,2113.622,1082.3292,2115.447,1019.9171,2112.1865,962.8781,2112.0315,912.52515,2111.6743,874.8617,2111.024,831.2,2107.3547,802.8216,2108.0474,829.92377,2145.4277,869.7189,2180.8289,929.6254,2218.9092,1003.0809,2241.5674,1082.2249,2247.5635,1163.2395,2239.5613,1233.8531,2214.0774,1292.0514,2177.8088,1332.6903,2144.1033,1359.5222,2113.8542
394,394,6566,801.32574,2104.0828,828.226,2076.6555,868.5363,2045.9553,924.9929,2011.2864,1008.10547,1980.7677,1082.5957,1999.9281,1159.3981,1981.9166,1241.6274,2015.1097,1298.9858,2051.259,1337.1101,2083.3167,1362.7948,2108.513,1336.1276,2107.865,1289.8013,2105.5986,1250.8271,2100.005,1202.221,2094.4316,1144.8972,2092.1663,1082.598,2093.2273,1022.3774,2089.9043,965.3102,2090.4958,914.4408,2096.7117,873.9502,2100.9512,829.4704,2103.8083,1336.1276,2107.865,1291.3569,2105.3826,1252.6682,2103.8406,1203.1478,2103.2654,1144.0068,2107.1074,1082.3395,2109.0803,1019.7336,2105.744,962.2612,2105.673,911.4737,2105.7002,873.4767,2105.6804,829.4704,2103.8083,801.32574,2104.0828,829.19086,2140.1785,869.16113,2174.8142,929.2174,2212.911,1002.9877,2235.808,1082.2527,2241.8887,1163.8082,2233.8257,1235.6589,2207.9185,1294.7472,2171.2898,1335.4923,2137.907,1362.7948,2108.513
395,395,6583,799.0339,2098.8662,827.0485,2073.8408,867.82324,2045.2085,924.62463,2011.0771,1008.01587,1980.7205,1082.966,1999.9816,1161.2252,1981.9016,1244.0165,2015.0233,1301.6167,2049.9558,1340.0302,2079.4607,1366.5636,2102.36,1340.478,2102.0417,1293.7966,2101.3862,1254.6228,2097.5264,1205.1573,2093.325,1146.7136,2091.944,1082.8517,2093.1978,1022.22095,2089.7937,964.4682,2089.8296,912.662,2094.906,871.744,2097.7666,826.6408,2098.8823,1340.478,2102.0417,1295.455,2098.6875,1256.2124,2096.3323,1205.917,2094.9744,1145.43,2098.4265,1082.3806,2100.4253,1019.5537,2097.2087,961.42456,2097.5679,909.7618,2098.3982,871.0815,2099.2498,826.6408,2098.8823,799.0339,2098.8662,828.2029,2133.2058,868.8093,2166.1196,929.13,2203.1975,1003.0035,2225.4072,1082.324,2231.2107,1164.3285,2223.2913,1237.0706,2197.896,1296.8541,2162.1907,1338.0673,2130.2864,1366.5636,2102.36
396,396,6600,798.6473,2093.8137,826.8351,2070.4692,867.54675,2043.7521,924.3896,2011.0084,1007.9356,1980.4518,1083.3414,1999.7474,1162.7783,1981.7056,1245.9774,2014.8855,1303.7661,2048.1826,1342.466,2075.6658,1369.6075,2097.2095,1343.7817,2097.116,1296.8834,2097.339,1257.5773,2094.7197,1207.5676,2091.758,1148.3485,2091.3555,1083.1691,2092.8616,1022.1533,2089.2676,964.00757,2088.513,911.81866,2092.3738,870.9702,2094.0823,825.91,2094.0615,1343.7817,2097.116,1298.5955,2093.6658,1258.9991,2091.1174,1208.212,2089.6003,1146.7937,2093.0403,1082.4774,2095.095,1019.50165,2091.7275,961.0671,2092.001,909.1327,2092.9043,870.3305,2093.943,825.91,2094.0615,798.6473,2093.8137,828.43494,2127.1826,869.1903,2159.3125,929.34216,2196.1968,1003.0428,2218.4612,1082.479,2224.4282,1164.899,2216.5132,1238.3181,2191.2651,1298.5859,2155.8118,1340.2518,2124.511,1369.6075,2097.2095
397,397,6616,797.77124,2089.9766,826.3514,2067.5613,867.2071,2042.1819,924.12665,2010.8452,1007.8137,1980.1934,1083.6047,1999.4531,1163.9047,1981.4667,1247.1925,2014.3718,1304.9447,2045.8665,1343.7059,2071.6418,1371.1365,2092.1245,1345.3682,2092.2542,1298.5524,2093.0894,1259.2664,2091.4194,1209.1245,2089.532,1149.5051,2090.1545,1083.3678,2092.0225,1022.0353,2088.309,963.5197,2086.8772,911.0009,2089.8804,870.0743,2090.9153,824.9621,2090.3464,1345.3682,2092.2542,1300.2549,2088.9973,1260.6132,2086.607,1209.6818,2085.3113,1147.7899,2088.9917,1082.53,2091.2815,1019.41034,2088.0632,960.6552,2088.3914,908.4051,2089.2236,869.4443,2090.1814,824.9621,2090.3464,797.77124,2089.9766,828.0137,2123.0579,869.1207,2155.0085,929.43024,2191.8354,1003.0771,2213.897,1082.5884,2219.6887,1165.3447,2211.4497,1239.1951,2186.0386,1299.6414,2150.5146,1341.4642,2119.3079,1371.1365,2092.1245
398,398,6633,797.32806,2086.5452,826.0377,2064.7468,866.9256,2040.3591,923.9334,2010.4207,1007.7364,1979.9171,1083.9769,1999.0989,1165.0887,1981.2261,1248.6051,2013.2792,1306.6879,2042.8489,1345.9625,2067.236,1374.1136,2086.8716,1348.4514,2087.1548,1301.2681,2088.3792,1261.6224,2087.307,1211.0106,2086.2356,1150.844,2087.8623,1083.6849,2090.199,1021.96783,2086.4026,963.1459,2084.4336,910.4164,2086.9272,869.55505,2087.677,824.45917,2086.9277,1348.4514,2087.1548,1302.9155,2084.2449,1262.8926,2082.0366,1211.5248,2081.004,1149.0248,2085.0137,1082.6907,2087.6248,1019.39703,2084.5786,960.42,2085.0059,907.98126,2085.8806,868.98206,2086.8,824.45917,2086.9277,797.32806,2086.5452,827.82025,2119.4727,869.1,2151.4148,929.5324,2188.23,1003.09375,2210.0789,1082.8446,2215.5532,1166.0817,2207.0942,1240.5354,2181.4514,1301.4418,2145.6528,1343.7981,2114.1882,1374.1136,2086.8716
399,399,6650,796.532,2083.4402,825.5007,2062.0488,866.51337,2038.3839,923.6678,2009.6809,1007.6235,1979.6947,1084.2308,1998.7617,1165.8687,1981.0842,1249.4384,2012.033,1307.6132,2040.3296,1346.9978,2064.1252,1375.2957,2083.5898,1349.6581,2083.9417,1302.4424,2085.1577,1262.7266,2084.2441,1212.0336,2083.5203,1151.7089,2085.714,1083.9067,2088.3423,1021.8402,2084.4585,962.6723,2082.1091,909.72363,2084.2556,868.8365,2084.816,823.6733,2083.9119,1349.6581,2083.9417,1304.0751,2081.472,1264.0356,2079.5183,1212.611,2078.7014,1149.8783,2082.8335,1082.8109,2085.4753,1019.32025,2082.3186,960.05383,2082.59,907.4005,2083.2878,868.31024,2084.0322,823.6733,2083.9119,796.532,2083.4402,827.31683,2116.4294,868.8281,2148.5605,929.5006,2185.7273,1003.1255,2207.9387,1083.0261,2213.594,1166.6188,2205.1948,1241.4686,2179.4148,1302.5366,2143.225,1344.955,2111.2974,1375.2957,2083.5898
400,400,6666,795.8915,2081.069,825.0998,2059.7622,866.2561,2036.4487,923.4727,2008.646,1007.51996,1979.6217,1084.4003,1998.5282,1166.3792,1981.0464,1249.8137,2010.9417,1307.7966,2038.6201,1347.0104,2062.3516,1375.1273,2082.026,1349.4241,2082.2954,1302.435,2083.2349,1262.8992,2082.1626,1212.4037,2081.4124,1152.1733,2083.783,1084.0289,2086.5103,1021.72015,2082.542,962.32983,2079.9219,909.2426,2081.899,868.2883,2082.4268,823.11554,2081.5386,1349.4241,2082.2954,1304.0863,2079.9062,1264.2646,2077.9707,1213.0565,2077.1729,1150.3839,2081.2454,1082.8772,2083.7734,1019.2561,2080.4827,959.80383,2080.5823,907.0113,2081.0889,867.8231,2081.754,823.11554,2081.5386,795.8915,2081.069,826.92487,2114.0571,868.644,2146.1902,929.49274,2183.474,1003.1529,2205.8323,1083.1122,2211.6807,1166.9036,2203.3433,1241.8744,2177.6687,1302.7906,2141.5674,1344.9874,2109.743,1375.1273,2082.026
401,401,6683,795.8957,2080.4673,824.81433,2058.4885,865.9162,2034.7242,923.1985,2007.0397,1007.4004,1978.8975,1084.4913,1998.0819,1166.6299,1980.2415,1249.9656,2009.3474,1307.7125,2037.0875,1346.5507,2061.4097,1374.06,2081.8557,1348.3103,2081.8992,1301.665,2082.2625,1262.4437,2080.7642,1212.3258,2079.6765,1152.3461,2081.9402,1084.078,2084.63,1021.58777,2080.6868,962.08734,2078.0906,909.0363,2080.2996,868.1924,2081.1746,823.1532,2080.7664,1348.3103,2081.8992,1303.3073,2079.3718,1263.7983,2077.2288,1212.979,2076.126,1150.5568,2079.939,1082.8918,2082.352,1019.1542,2079.1868,959.6206,2079.5034,906.8571,2080.2283,867.7221,2080.9856,823.1532,2080.7664,795.8957,2080.4673,826.8003,2113.4524,868.5439,2145.4988,929.4798,2182.5288,1003.177,2204.5776,1083.1228,2210.2942,1166.9781,2202.008,1241.9008,2176.5828,1302.4637,2140.8943,1344.2898,2109.413,1374.06,2081.8557
402,402,6700,796.1211,2080.3481,824.5827,2057.8123,865.4642,2033.5673,922.6934,2005.76,1006.99805,1978.1456,1084.4666,1997.5138,1166.5203,1979.4243,1249.5701,2008.1436,1306.9188,2036.1401,1345.2468,2061.0212,1372.0806,2082.0554,1346.3058,2081.873,1300.1171,2081.7427,1261.269,2079.8362,1211.7135,2078.3735,1152.2092,2080.4275,1084.0369,2083.0479,1021.1912,2079.1438,961.6372,2076.6692,908.7348,2079.1746,868.10474,2080.41,823.35126,2080.45,1346.3058,2081.873,1301.718,2079.1667,1262.657,2076.825,1212.4407,2075.4517,1150.4858,2079.0476,1082.8169,2081.378,1018.78595,2078.2754,959.2025,2078.762,906.5783,2079.6855,867.62286,2080.5652,823.35126,2080.45,796.1211,2080.3481,826.75775,2113.176,868.3531,2145.0083,929.2781,2181.8032,1003.0764,2203.7036,1083.0491,2209.3901,1166.9166,2201.1672,1241.799,2175.908,1301.746,2140.5435,1342.9044,2109.4026,1372.0806,2082.0554
403,403,6716,796.5265,2080.5754,824.382,2057.465,864.8602,2032.6128,921.8915,2004.3842,1006.212,1976.952,1084.1716,1996.4122,1166.436,1978.0771,1249.2294,2006.6625,1306.1915,2035.1211,1344.0905,2060.6265,1370.399,2082.237,1344.6172,2081.8306,1298.7806,2081.2393,1260.2211,2078.8796,1211.1654,2076.9626,1152.1652,2078.7397,1083.7976,2081.2864,1020.5801,2077.4885,961.0591,2075.2822,908.4298,2078.232,868.14124,2079.9253,823.7219,2080.4524,1344.6172,2081.8306,1300.3289,2078.8352,1261.6394,2076.1946,1211.995,2074.4536,1150.3873,2077.8147,1082.5251,2080.107,1018.2381,2077.1526,958.7054,2077.9336,906.34326,2079.21,867.6596,2080.3394,823.7219,2080.4524,796.5265,2080.5754,826.83154,2113.2087,868.17316,2144.745,928.99536,2181.1448,1002.8454,2202.7104,1082.7944,2208.2253,1166.6517,2200.0764,1241.6392,2175.0762,1301.2136,2140.1208,1341.7365,2109.3389,1370.399,2082.237
404,404,6733,796.8743,2080.9673,824.2035,2057.3079,864.316,2031.8105,921.1054,2002.9713,1005.45905,1975.4185,1083.8593,1994.8948,1166.3136,1976.3938,1248.9303,2005.178,1305.5762,2034.2915,1343.1307,2060.4756,1369.0127,2082.6758,1343.203,2082.0742,1297.6494,2081.0215,1259.3315,2078.219,1210.6987,2075.8347,1152.1196,2077.2886,1083.546,2079.724,1020.0514,2076.0642,960.61273,2074.158,908.256,2077.557,868.25055,2079.6716,824.097,2080.6528,1343.203,2082.0742,1299.164,2078.8323,1260.78,2075.9214,1211.6337,2073.8591,1150.2322,2076.9849,1082.2233,2079.184,1017.76166,2076.3428,958.32825,2077.3628,906.2263,2078.9387,867.7757,2080.3242,824.097,2080.6528,796.8743,2080.9673,826.95776,2113.4292,868.09375,2144.66,928.78925,2180.7454,1002.64716,2202.1091,1082.5459,2207.545,1166.3707,2199.4631,1241.3967,2174.6758,1300.7985,2140.0525,1340.7578,2109.586,1369.0127,2082.6758
405,405,6750,797.0118,2081.1833,823.9083,2057.0657,863.7072,2030.9946,920.22266,2001.5337,1004.5937,1973.7407,1083.3873,1993.238,1166.0599,1974.6782,1248.7145,2003.9076,1305.078,2033.7242,1342.335,2060.5215,1367.8408,2083.2385,1342.0,2082.4963,1296.6968,2081.0784,1258.5964,2077.9333,1210.3888,2075.186,1151.884,2076.355,1083.138,2078.6572,1019.4444,2075.0894,960.1377,2073.3738,908.01855,2077.0625,868.215,2079.448,824.271,2080.7332,1342.0,2082.4963,1298.186,2079.125,1260.1055,2076.083,1211.4766,2073.859,1149.8828,2076.8035,1081.7571,2078.8328,1017.2033,2075.9539,957.9177,2077.0046,906.0451,2078.68,867.7714,2080.2195,824.271,2080.7332,797.0118,2081.1833,826.9564,2113.5054,867.9477,2144.5322,928.5151,2180.5278,1002.32825,2201.9482,1082.1069,2207.529,1165.9015,2199.53,1240.9034,2174.8623,1300.628,2140.3792,1339.9897,2110.0796,1367.8408,2083.2385
406,406,6766,797.58154,2081.5881,824.081,2057.1426,863.52374,2030.6642,919.6952,2000.7742,1003.89,1972.8356,1082.8987,1992.3748,1165.634,1973.7754,1248.6484,2003.2759,1304.7845,2033.5134,1341.734,2060.678,1366.923,2083.6882,1341.0607,2082.8455,1295.9856,2081.2102,1258.0771,2077.8477,1210.269,2074.8572,1151.5426,2075.8252,1082.7445,2078.0554,1019.0139,2074.5342,959.93225,2072.9656,908.1155,2076.893,868.57336,2079.5122,824.8762,2081.0474,1341.0607,2082.8455,1297.4521,2079.3232,1259.6664,2076.1401,1211.364,2073.8186,1149.4642,2076.7368,1081.328,2078.7903,1016.82556,2075.949,957.7728,2077.0579,906.19775,2078.8118,868.15894,2080.4436,824.8762,2081.0474,797.58154,2081.5881,827.2972,2113.8965,868.05035,2144.8936,928.41534,2180.9255,1002.12885,2202.401,1081.7584,2207.9846,1165.484,2199.9229,1240.3815,2175.165,1300.4915,2140.6616,1339.4736,2110.4585,1366.923,2083.6882
407,407,6783,797.7796,2081.9622,823.9492,2057.2258,863.137,2030.349,919.12866,1999.9983,1003.2642,1971.8049,1082.4598,1991.2798,1165.242,1972.6742,1248.5818,2002.4647,1304.4413,2033.1613,1341.2078,2060.7273,1366.2253,2084.038,1340.3522,2083.0852,1295.3739,2081.2102,1257.5856,2077.5999,1210.1034,2074.3416,1151.2382,2075.1082,1082.3942,2077.2612,1018.5797,2073.8271,959.63025,2072.464,907.9876,2076.6765,868.6241,2079.5518,825.0632,2081.3352,1340.3522,2083.0852,1296.8309,2079.3762,1259.2134,2075.9863,1211.3198,2073.4377,1149.0885,2076.2183,1080.951,2078.2659,1016.4422,2075.5305,957.5284,2076.8384,906.1161,2078.826,868.1958,2080.619,825.0632,2081.3352,797.7796,2081.9622,827.35236,2114.2026,867.9711,2145.0637,928.2226,2180.9036,1001.8891,2202.1592,1081.419,2207.5886,1165.0781,2199.5625,1239.9318,2174.9443,1300.4287,2140.645,1338.9567,2110.6484,1366.2253,2084.038
408,408,6800,798.1612,2082.2515,824.0112,2057.2456,862.8842,2029.9834,918.6544,1999.1611,1002.7323,1970.657,1082.0308,1990.099,1164.7645,1971.5557,1248.4827,2001.73,1304.2059,2032.8735,1340.7834,2060.8047,1365.638,2084.3757,1339.7567,2083.372,1294.8875,2081.344,1257.2352,2077.5894,1210.0337,2074.168,1150.8323,2074.7769,1082.0378,2076.8325,1018.1948,2073.4368,959.4098,2072.1958,907.9902,2076.571,868.81836,2079.6047,825.4154,2081.5667,1339.7567,2083.372,1296.3313,2079.6616,1258.9258,2076.2493,1211.0726,2073.6482,1148.6266,2076.3774,1080.5857,2078.376,1016.10547,2075.6392,957.3619,2076.9858,906.14954,2079.031,868.38214,2080.8438,825.4154,2081.5667,798.1612,2082.2515,827.5805,2114.4614,868.03046,2145.2686,928.1109,2181.0369,1001.6667,2202.261,1081.0773,2207.6938,1164.5961,2199.7546,1239.3251,2175.2117,1300.1414,2140.9841,1338.6011,2110.9922,1365.638,2084.3757
409,409,6816,798.3503,2082.503,823.9345,2057.3186,862.5482,2029.8159,918.0653,1998.7155,1002.0109,1970.0807,1081.4286,1989.5132,1164.1649,1971.0537,1248.2362,2001.4851,1304.0779,2032.8855,1340.4603,2061.0222,1365.1849,2084.757,1339.2943,2083.7273,1294.5204,2081.584,1256.9856,2077.7178,1209.8715,2074.1606,1150.3668,2074.6309,1081.5845,2076.6077,1017.7401,2073.224,959.12195,2072.0588,907.9067,2076.5515,868.8944,2079.694,825.60486,2081.778,1339.2943,2083.7273,1295.9506,2080.041,1258.7277,2076.6377,1210.7817,2074.0217,1148.1554,2076.7056,1080.1403,2078.6482,1015.6931,2075.866,957.11945,2077.178,906.0952,2079.2112,868.4547,2081.0317,825.60486,2081.778,798.3503,2082.503,827.6715,2114.6965,868.00464,2145.4531,927.9437,2181.1929,1001.4003,2202.4614,1080.6993,2207.9521,1164.1792,2200.0864,1238.8386,2175.5918,1299.9055,2141.4043,1338.3179,2111.4207,1365.1849,2084.757
410,410,6833,798.44086,2082.736,823.784,2057.3938,862.16907,2029.6501,917.4854,1998.2167,1001.3758,1969.3369,1080.8623,1988.7323,1163.5385,1970.3132,1247.9093,2001.0684,1304.0188,2032.8094,1340.2701,2061.1858,1364.8479,2085.0854,1338.944,2084.0288,1294.3198,2081.7793,1256.9181,2077.817,1209.4875,2074.15,1149.7816,2074.514,1081.1183,2076.4316,1017.3098,2073.0813,958.8383,2071.9883,907.77765,2076.5732,868.882,2079.7966,825.6733,2081.981,1338.944,2084.0288,1295.7292,2080.3687,1258.6008,2076.9653,1210.1964,2074.3132,1147.5145,2076.9392,1079.638,2078.8264,1015.2654,2076.0405,956.85425,2077.3652,905.9783,2079.4126,868.4256,2081.236,825.6733,2081.981,798.44086,2082.736,827.71875,2114.915,867.975,2145.592,927.78735,2181.2195,1001.1129,2202.4116,1080.2329,2207.9011,1163.555,2200.1133,1238.0034,2175.7522,1299.1517,2141.6965,1338.1929,2111.7703,1364.8479,2085.0854
411,411,6850,798.47876,2082.9417,823.60126,2057.4841,861.77405,2029.5509,916.88654,1997.852,1000.7044,1968.7743,1080.2534,1988.1416,1162.8884,1969.7628,1247.5493,2000.7848,1303.9263,2032.7767,1340.1079,2061.333,1364.5579,2085.3604,1338.6486,2084.284,1294.1531,2081.9612,1256.8817,2077.9336,1209.0975,2074.1924,1149.2123,2074.4822,1080.6202,2076.362,1016.8555,2073.0342,958.5309,2071.989,907.6219,2076.6382,868.8395,2079.9204,825.6974,2082.1743,1338.6486,2084.284,1295.5466,2080.628,1258.4404,2077.2136,1209.6178,2074.535,1146.9019,2077.1355,1079.124,2079.011,1014.8418,2076.2356,956.5881,2077.579,905.84753,2079.6345,868.3745,2081.452,825.6974,2082.1743,798.47876,2082.9417,827.7275,2115.1472,867.9249,2145.8064,927.6293,2181.394,1000.82794,2202.5645,1079.7806,2208.0547,1162.9918,2200.2432,1237.2523,2175.8943,1298.4532,2141.9058,1338.0573,2112.0469,1364.5579,2085.3604
412,412,6866,798.601,2083.1055,823.5943,2057.5408,861.6575,2029.4199,916.6668,1997.452,1000.4802,1968.1523,1080.0881,1987.4904,1162.7429,1969.1204,1247.4598,2000.408,1303.7299,2032.675,1339.875,2061.4163,1364.2866,2085.564,1338.3705,2084.4617,1293.9098,2082.0645,1256.6674,2077.9744,1209.0582,2074.1643,1149.0468,2074.3953,1080.4836,2076.2466,1016.73737,2072.949,958.486,2071.948,907.64526,2076.6614,868.9043,2080.001,825.8131,2082.3223,1338.3705,2084.4617,1295.2952,2080.7627,1258.2754,2077.2964,1209.4926,2074.5767,1146.717,2077.1543,1078.9851,2079.0137,1014.7376,2076.2415,956.55896,2077.6028,905.88135,2079.7,868.4413,2081.5715,825.8131,2082.3223,798.601,2083.1055,827.8442,2115.2878,867.99756,2145.839,927.6338,2181.3628,1000.7856,2202.5486,1079.6738,2208.067,1162.8328,2200.232,1236.981,2175.8762,1298.1948,2141.94,1337.9457,2112.1985,1364.2866,2085.564
413,413,6883,798.7231,2083.2454,823.6415,2057.5635,861.6447,2029.2556,916.6003,1997.029,1000.40356,1967.4971,1080.0383,1986.7762,1162.6996,1968.3608,1247.3062,1999.8512,1303.5027,2032.4092,1339.6458,2061.372,1364.0275,2085.6719,1338.1096,2084.5186,1293.644,2082.0356,1256.4027,2077.8699,1208.9071,2073.9915,1149.0006,2074.1785,1080.4517,2076.0183,1016.7142,2072.7698,958.51746,2071.8325,907.7291,2076.6267,869.01605,2080.0352,825.94696,2082.432,1338.1096,2084.5186,1295.0315,2080.6995,1258.0237,2077.132,1209.4185,2074.333,1146.643,2076.8699,1078.9495,2078.7273,1014.717,2075.982,956.5948,2077.4146,905.9672,2079.6157,868.5502,2081.5938,825.94696,2082.432,798.7231,2083.2454,827.95557,2115.3604,868.0685,2145.7815,927.6478,2181.212,1000.7742,2202.3667,1079.6493,2207.868,1162.7833,2200.037,1236.8866,2175.7146,1298.1246,2141.8306,1337.6859,2112.2002,1364.0275,2085.6719
414,414,6900,798.9225,2083.3699,823.78125,2057.5999,861.7274,2029.132,916.62256,1996.6726,1000.3796,1966.9215,1080.002,1986.1171,1162.6447,1967.6946,1247.1937,1999.3718,1303.3188,2032.1656,1339.4523,2061.3135,1363.8103,2085.741,1337.8905,2084.539,1293.4248,2081.985,1256.1886,2077.7566,1208.7859,2073.8103,1148.9604,2073.9438,1080.4324,2075.773,1016.7202,2072.5803,958.58325,2071.7224,907.8603,2076.604,869.17975,2080.0767,826.1557,2082.536,1337.8905,2084.539,1294.8153,2080.6084,1257.8372,2076.963,1209.3785,2074.1074,1146.5787,2076.6243,1078.9281,2078.4976,1014.72675,2075.788,956.66595,2077.2861,906.1026,2079.5703,868.7296,2081.6306,826.1557,2082.536,798.9225,2083.3699,828.0933,2115.4531,868.1405,2145.8003,927.6662,2181.16,1000.77655,2202.2607,1079.6362,2207.7231,1162.7456,2199.8557,1236.7914,2175.53,1298.0857,2141.6975,1337.478,2112.1667,1363.8103,2085.741
415,415,6916,799.05853,2083.467,823.8988,2057.6501,861.8175,2029.0713,916.6817,1996.4371,1000.402,1966.4939,1080.0063,1985.606,1162.6185,1967.1672,1247.0577,1998.9839,1303.1538,2031.9653,1339.2977,2061.2603,1363.6381,2085.7842,1337.7152,2084.5266,1293.2377,2081.8928,1255.9875,2077.5781,1208.6104,2073.5396,1148.9164,2073.626,1080.441,2075.4758,1016.7302,2072.333,958.62006,2071.5688,907.94586,2076.5605,869.2762,2080.1099,826.28577,2082.6277,1337.7152,2084.5266,1294.6323,2080.4387,1257.6287,2076.674,1209.232,2073.7434,1146.5607,2076.2449,1078.9376,2078.1538,1014.74243,2075.463,956.6963,2077.021,906.1773,2079.4204,868.8402,2081.622,826.28577,2082.6277,799.05853,2083.467,828.14355,2115.529,868.1957,2145.7808,927.7473,2181.1055,1000.8375,2202.2234,1079.6638,2207.677,1162.7557,2199.7798,1236.7699,2175.4067,1297.9333,2141.551,1337.2648,2112.1,1363.6381,2085.7842
416,416,6933,799.20013,2083.5596,823.99524,2057.66,861.8748,2028.9457,916.70447,1996.1332,1000.4126,1966.0173,1080.0105,1985.0798,1162.5883,1966.6216,1246.9247,1998.5758,1303.0168,2031.7369,1339.2,2061.1748,1363.536,2085.7964,1337.6084,2084.5024,1293.0828,2081.8152,1255.8049,2077.4556,1208.4208,2073.38,1148.8698,2073.4514,1080.4468,2075.3096,1016.7454,2072.195,958.6767,2071.4717,908.0477,2076.5225,869.4019,2080.1206,826.438,2082.6929,1337.6084,2084.5024,1294.4924,2080.3518,1257.4122,2076.5544,1209.0598,2073.614,1146.5427,2076.1145,1078.9426,2078.0278,1014.7601,2075.344,956.7576,2076.9219,906.2854,2079.3625,868.9749,2081.6216,826.438,2082.6929,799.20013,2083.5596,828.25836,2115.5764,868.25287,2145.7932,927.76666,2181.131,1000.8636,2202.2625,1079.6805,2207.706,1162.7661,2199.8003,1236.7463,2175.3967,1297.7368,2141.498,1337.038,2112.0562,1363.536,2085.7964
417,417,6950,799.2506,2083.6172,823.9925,2057.6194,861.8348,2028.7657,916.6654,1995.781,1000.39984,1965.4827,1080.006,1984.4948,1162.5756,1966.0542,1246.8114,1998.1426,1302.9014,2031.472,1339.1381,2061.0608,1363.4939,2085.7854,1337.5657,2084.4805,1292.9585,2081.7708,1255.6473,2077.3867,1208.2819,2073.2837,1148.8513,2073.3264,1080.4429,2075.1658,1016.7409,2072.0674,958.6965,2071.3826,908.0889,2076.4763,869.45917,2080.1082,826.4852,2082.7224,1337.5657,2084.4805,1294.3816,2080.3323,1257.2319,2076.5564,1208.9486,2073.6338,1146.5208,2076.1445,1078.9385,2078.0513,1014.756,2075.3638,956.78326,2076.9377,906.32996,2079.3755,869.02185,2081.6272,826.4852,2082.7224,799.2506,2083.6172,828.32135,2115.596,868.3006,2145.8225,927.77594,2181.1978,1000.8524,2202.3596,1079.6725,2207.8064,1162.7485,2199.9084,1236.7186,2175.482,1297.602,2141.5347,1336.8451,2112.0442,1363.4939,2085.7854
418,418,6966,799.32526,2083.6824,824.0055,2057.6343,861.79236,2028.6815,916.59705,1995.5715,1000.3393,1965.1671,1079.9597,1984.1384,1162.4933,1965.701,1246.7694,1997.8486,1302.8087,2031.2661,1339.048,2060.9504,1363.4072,2085.7407,1337.4799,2084.4248,1292.8448,2081.6987,1255.5371,2077.2908,1208.2288,2073.1594,1148.7896,2073.1775,1080.4102,2075.0173,1016.7071,2071.9414,958.69586,2071.3022,908.12146,2076.4495,869.5161,2080.1238,826.558,2082.776,1337.4799,2084.4248,1294.2725,2080.277,1257.1136,2076.5193,1208.9148,2073.6162,1146.465,2076.1482,1078.9154,2078.073,1014.73676,2075.4102,956.7968,2076.9958,906.37085,2079.434,869.0792,2081.6763,826.558,2082.776,799.32526,2083.6824,828.38855,2115.658,868.347,2145.8936,927.7877,2181.2656,1000.8448,2202.397,1079.6616,2207.8032,1162.7223,2199.8906,1236.6621,2175.4573,1297.5586,2141.505,1336.7096,2111.9958,1363.4072,2085.7407
419,419,6983,799.3929,2083.7146,824.0393,2057.583,861.7944,2028.5319,916.568,1995.3225,1000.2915,1964.8394,1079.9098,1983.7788,1162.3848,1965.3541,1246.6931,1997.5426,1302.7858,2031.0304,1338.9861,2060.798,1363.3212,2085.6597,1337.3925,2084.3293,1292.7769,2081.5718,1255.5027,2077.127,1208.138,2072.9612,1148.6838,2072.9448,1080.371,2074.7815,1016.67804,2071.7227,958.7041,2071.1338,908.16327,2076.3381,869.5795,2080.0623,826.63025,2082.7727,1337.3925,2084.3293,1294.2035,2080.1572,1257.0829,2076.4,1208.7983,2073.4988,1146.3722,2076.0269,1078.8796,2077.9434,1014.7111,2075.2793,956.8098,2076.88,906.4142,2079.3452,869.1409,2081.613,826.63025,2082.7727,799.3929,2083.7146,828.4458,2115.6433,868.383,2145.8687,927.78516,2181.2456,1000.8156,2202.3862,1079.6323,2207.796,1162.6763,2199.8904,1236.574,2175.4482,1297.4714,2141.4607,1336.643,2111.9124,1363.3212,2085.6597
420,420,7000,799.4325,2083.7478,824.0233,2057.5437,861.7168,2028.4048,916.4321,1995.1162,1000.1123,1964.5857,1079.7072,1983.5135,1162.0535,1965.0795,1246.4066,1997.2822,1302.6312,2030.8052,1338.9342,2060.623,1363.2794,2085.5244,1337.3445,2084.1753,1292.7352,2081.4045,1255.3953,2076.9336,1207.8833,2072.7417,1148.4229,2072.7095,1080.2153,2074.5598,1016.55066,2071.5127,958.63055,2070.9656,908.13904,2076.224,869.5999,2080.0032,826.6652,2082.7722,1337.3445,2084.1753,1294.1559,2079.9526,1256.9193,2076.17,1208.4816,2073.2515,1146.1311,2075.7947,1078.73,2077.7473,1014.59784,2075.1035,956.7539,2076.738,906.4013,2079.2468,869.1555,2081.5508,826.6652,2082.7722,799.4325,2083.7478,828.46716,2115.631,868.3756,2145.8464,927.72595,2181.2322,1000.7147,2202.3674,1079.5065,2207.7468,1162.5214,2199.8247,1236.3503,2175.3416,1297.1986,2141.315,1336.5382,2111.7446,1363.2794,2085.5244
421,421,7016,799.37537,2083.7458,823.9146,2057.4731,861.5733,2028.26,916.27893,1994.916,999.9436,1964.3456,1079.5059,1983.2566,1161.7158,1964.8219,1246.0884,1997.0518,1302.4451,2030.63,1338.8483,2060.5215,1363.2505,2085.473,1337.3254,2084.1143,1292.6544,2081.3264,1255.2367,2076.821,1207.5836,2072.5955,1148.1475,2072.5374,1080.0483,2074.3853,1016.3846,2071.3376,958.49756,2070.8167,908.0363,2076.105,869.5213,2079.921,826.5935,2082.735,1337.3254,2084.1143,1294.062,2079.8833,1256.6964,2076.0906,1208.1202,2073.151,1145.8766,2075.6753,1078.5824,2077.6147,1014.4643,2074.9658,956.659,2076.6064,906.3246,2079.1335,869.08746,2081.4592,826.5935,2082.735,799.37537,2083.7458,828.42236,2115.5728,868.33014,2145.7747,927.64514,2181.1543,1000.5982,2202.2883,1079.3855,2207.673,1162.35,2199.772,1236.0967,2175.308,1296.8627,2141.2856,1336.3746,2111.6948,1363.2505,2085.473
422,422,7033,799.39276,2083.7822,823.87195,2057.4736,861.4596,2028.2034,916.1049,1994.7855,999.7452,1964.1421,1079.2794,1983.032,1161.3489,1964.593,1245.7332,1996.863,1302.1859,2030.4812,1338.6725,2060.4104,1363.129,2085.387,1337.2242,2084.0254,1292.4747,2081.2505,1254.9967,2076.753,1207.2234,2072.533,1147.8431,2072.4756,1079.8724,2074.3271,1016.24567,2071.2937,958.41125,2070.791,907.9941,2076.096,869.5148,2079.9265,826.60004,2082.7605,1337.2242,2084.0254,1293.8771,2079.7856,1256.3751,2075.9963,1207.6802,2073.0684,1145.5719,2075.6182,1078.3927,2077.5867,1014.318,2074.9573,956.5772,2076.609,906.2862,2079.1426,869.076,2081.4702,826.60004,2082.7605,799.39276,2083.7822,828.4382,2115.5889,868.3288,2145.7717,927.59753,2181.1396,1000.4939,2202.265,1079.2391,2207.6294,1162.128,2199.704,1235.7362,2175.2122,1296.3438,2141.177,1336.0476,2111.5867,1363.129,2085.387
423,423,7050,799.4266,2083.8083,823.876,2057.4844,861.4275,2028.1735,916.02594,1994.6981,999.6222,1964.0052,1079.1238,1982.891,1161.1041,1964.4614,1245.4921,1996.7855,1302.0106,2030.4435,1338.5725,2060.4023,1363.074,2085.4045,1337.1635,2084.0347,1292.3464,2081.2424,1254.8235,2076.7292,1206.9618,2072.4917,1147.634,2072.416,1079.7617,2074.2627,1016.18713,2071.238,958.3965,2070.754,908.00635,2076.0828,869.5461,2079.9343,826.63654,2082.7866,1337.1635,2084.0347,1293.761,2079.7732,1256.1644,2075.9712,1207.3976,2073.031,1145.3917,2075.5767,1078.2831,2077.5542,1014.25275,2074.9258,956.5603,2076.5862,906.3002,2079.1353,869.10394,2081.479,826.63654,2082.7866,799.4266,2083.8083,828.4623,2115.6155,868.3356,2145.7913,927.56775,2181.1663,1000.43005,2202.303,1079.1632,2207.6716,1162.048,2199.731,1235.6056,2175.2192,1296.1306,2141.1704,1335.9092,2111.5854,1363.074,2085.4045
424,424,7066,799.425,2083.831,823.82635,2057.4924,861.3302,2028.1345,915.8734,1994.5873,999.44867,1963.8256,1078.9437,1982.7073,1160.8356,1964.2739,1245.2366,1996.6649,1301.8135,2030.381,1338.431,2060.3813,1362.9662,2085.4106,1337.0464,2084.027,1292.1779,2081.2087,1254.6266,2076.6667,1206.6877,2072.3972,1147.4097,2072.3047,1079.6346,2074.1594,1016.09485,2071.1387,958.3397,2070.6797,907.9804,2076.0452,869.5486,2079.9294,826.64246,2082.8086,1337.0464,2084.027,1293.6033,2079.7305,1255.9407,2075.8982,1207.1248,2072.929,1145.2098,2075.471,1078.1671,2077.4717,1014.16473,2074.8389,956.51086,2076.5122,906.2821,2079.0928,869.10095,2081.4695,826.64246,2082.8086,799.425,2083.831,828.4529,2115.6382,868.3093,2145.816,927.50665,2181.2122,1000.3549,2202.3728,1079.1028,2207.7473,1161.9923,2199.798,1235.5187,2175.2573,1295.9568,2141.1719,1335.7496,2111.5762,1362.9662,2085.4106
425,425,7083,799.3903,2083.8574,823.7572,2057.471,861.23773,2028.0377,915.7646,1994.3978,999.3246,1963.5354,1078.7909,1982.3921,1160.584,1963.97,1244.9591,1996.4504,1301.5853,2030.2611,1338.2361,2060.3347,1362.754,2085.4097,1336.8376,2084.0044,1291.9603,2081.1287,1254.402,2076.513,1206.3993,2072.1594,1147.1893,2072.0073,1079.5193,2073.8503,1016.0018,2070.8533,958.2706,2070.466,907.9272,2075.9165,869.51776,2079.8684,826.6147,2082.808,1336.8376,2084.0044,1293.3964,2079.6458,1255.6859,2075.7449,1206.8381,2072.6936,1145.0267,2075.171,1078.0638,2077.1506,1014.0815,2074.5103,956.45483,2076.2344,906.2429,2078.9072,869.06665,2081.3755,826.6147,2082.808,799.3903,2083.8574,828.4291,2115.6003,868.2789,2145.7085,927.44885,2181.076,1000.2789,2202.24,1079.0309,2207.6184,1161.9073,2199.7,1235.3905,2175.182,1295.7103,2141.1064,1335.496,2111.536,1362.754,2085.4097
426,426,7100,799.39154,2083.8188,823.7046,2057.3188,861.121,2027.7434,915.56476,1993.9517,999.0725,1962.9922,1078.4788,1981.8627,1160.1882,1963.5103,1244.5461,1996.1687,1301.1595,2030.1173,1337.788,2060.2786,1362.2317,2085.408,1336.312,2083.9922,1291.4003,2081.0889,1253.8518,2076.4546,1205.8467,2072.0757,1146.7805,2071.8945,1079.2465,2073.7122,1015.8238,2070.7114,958.1762,2070.324,907.88696,2075.7864,869.5103,2079.7542,826.6159,2082.736,1336.312,2083.9922,1292.8557,2079.6118,1255.0892,2075.6965,1206.2383,2072.6182,1144.6292,2075.065,1077.7701,2077.0203,1013.8888,2074.3784,956.3502,2076.1086,906.19684,2078.7886,869.0508,2081.2627,826.6159,2082.736,799.39154,2083.8188,828.4067,2115.535,868.22626,2145.6567,927.33453,2181.0483,1000.0813,2202.2268,1078.7693,2207.6182,1161.6284,2199.6978,1235.0005,2175.1726,1295.083,2141.092,1334.8971,2111.5244,1362.2317,2085.408
427,427,7116,799.40216,2083.7996,823.68146,2057.2236,861.05365,2027.5671,915.4372,1993.7112,998.8786,1962.7272,1078.2307,1981.6051,1159.8405,1963.2871,1244.187,1996.0139,1300.8715,2030.0093,1337.589,2060.2107,1362.0872,2085.3757,1336.1675,2083.946,1291.2112,2081.016,1253.608,2076.3618,1205.5236,2071.9614,1146.5011,2071.757,1079.051,2073.5613,1015.68945,2070.556,958.10443,2070.1697,907.8595,2075.6514,869.5112,2079.6511,826.6235,2082.6843,1336.1675,2083.946,1292.6669,2079.5483,1254.8215,2075.618,1205.906,2072.5127,1144.3794,2074.936,1077.5837,2076.8838,1013.7662,2074.2515,956.28613,2076.0012,906.1715,2078.6987,869.04504,2081.1807,826.6235,2082.6843,799.40216,2083.7996,828.39923,2115.493,868.1949,2145.622,927.2546,2181.0183,999.9519,2202.1895,1078.6089,2207.5725,1161.4672,2199.6533,1234.7974,2175.1294,1294.7917,2141.0486,1334.6732,2111.4795,1362.0872,2085.3757
428,428,7133,799.41504,2083.8054,823.6939,2057.1904,861.0507,2027.4863,915.3858,1993.5764,998.7544,1962.5215,1078.0314,1981.3889,1159.5094,1963.0758,1243.7743,1995.8705,1300.4553,2029.8973,1337.2219,2060.118,1361.7678,2085.2969,1335.8508,2083.853,1290.8525,2080.9233,1253.2224,2076.2744,1205.1259,2071.8804,1146.2258,2071.6768,1078.9015,2073.492,1015.616,2070.491,958.08923,2070.1123,907.87,2075.6025,869.52356,2079.6125,826.6372,2082.6682,1335.8508,2083.853,1292.3177,2079.4478,1254.4218,2075.5242,1205.5143,2072.4282,1144.1436,2074.8638,1077.4453,2076.827,1013.696,2074.1995,956.2728,2075.952,906.18274,2078.6506,869.0599,2081.1365,826.6372,2082.6682,799.41504,2083.8054,828.41223,2115.4783,868.20166,2145.612,927.23016,2181.0261,999.88007,2202.2156,1078.5051,2207.604,1161.3344,2199.6711,1234.5779,2175.1184,1294.4008,2141.0,1334.302,2111.4014,1361.7678,2085.2969
429,429,7150,799.4328,2083.8062,823.6997,2057.1277,861.02795,2027.3375,915.3182,1993.3434,998.63214,1962.2108,1077.8429,1981.0924,1159.185,1962.8085,1243.4008,1995.7018,1300.1245,2029.7905,1336.9773,2060.0618,1361.6042,2085.2764,1335.6659,2083.8167,1290.6072,2080.863,1252.927,2076.1807,1204.7936,2071.7466,1145.9795,2071.4988,1078.7621,2073.298,1015.53406,2070.2952,958.0618,2069.946,907.87506,2075.483,869.5383,2079.5405,826.65466,2082.6406,1335.6659,2083.8167,1292.0826,2079.3845,1254.1284,2075.4363,1205.2014,2072.3079,1143.9409,2074.7156,1077.3262,2076.6604,1013.62866,2074.0378,956.25543,2075.8147,906.1905,2078.5466,869.07526,2081.0608,826.65466,2082.6406,799.4328,2083.8062,828.4248,2115.4543,868.2003,2145.5845,927.19403,2180.999,999.8005,2202.1912,1078.4033,2207.583,1161.2256,2199.6604,1234.4308,2175.1138,1294.1702,2140.9905,1334.0956,2111.3796,1361.6042,2085.2764
430,430,7166,799.44635,2083.7466,823.7035,2057.004,861.0139,2027.1433,915.2752,1993.0874,998.5467,1961.8824,1077.677,1980.7942,1158.8828,1962.5203,1243.0063,1995.5166,1299.704,2029.6678,1336.5616,2059.9824,1361.2356,2085.2236,1335.3123,2083.7415,1290.2201,2080.7705,1252.544,2076.0735,1204.4133,2071.6248,1145.7234,2071.3596,1078.6266,2073.153,1015.4698,2070.1426,958.0413,2069.795,907.87524,2075.342,869.5509,2079.4177,826.66907,2082.5461,1335.3123,2083.7415,1291.7178,2079.2622,1253.7312,2075.2668,1204.8259,2072.0835,1143.7089,2074.4631,1077.1974,2076.4077,1013.5706,2073.799,956.2403,2075.6099,906.1939,2078.382,869.0861,2080.9216,826.66907,2082.5461,799.44635,2083.7466,828.4334,2115.3638,868.19977,2145.5068,927.17065,2180.9333,999.73706,2202.1248,1078.301,2207.5134,1161.0862,2199.5847,1234.1997,2175.029,1293.7557,2140.9028,1333.6687,2111.2979,1361.2356,2085.2236
431,431,7183,799.66534,2083.4749,823.8986,2056.6929,861.1295,2026.8138,915.3124,1992.7542,998.5387,1961.4857,1077.55,1980.4182,1158.4508,1962.1438,1242.241,1995.22,1298.791,2029.3914,1335.5836,2059.7095,1360.3002,2084.9385,1334.3712,2083.4236,1289.2943,2080.4656,1251.752,2075.7615,1203.7876,2071.3032,1145.4087,2071.02,1078.5339,2072.8257,1015.46313,2069.7786,958.06964,2069.417,907.9794,2074.9604,869.75214,2079.0542,826.88544,2082.2124,1334.3712,2083.4236,1290.8259,2078.888,1252.9203,2074.8691,1204.248,2071.6985,1143.453,2074.1262,1077.1171,2076.1118,1013.5642,2073.4697,956.2703,2075.2407,906.3073,2077.9878,869.26324,2080.5251,826.88544,2082.2124,799.66534,2083.4749,828.5801,2115.0586,868.2777,2145.3076,927.1812,2180.8503,999.7281,2202.1091,1078.2671,2207.5142,1161.0115,2199.5632,1233.9932,2174.9321,1293.1746,2140.696,1332.8572,2111.0,1360.3002,2084.9385
432,432,7200,799.77686,2083.2578,823.9648,2056.3987,861.14465,2026.4747,915.3115,1992.3752,998.4655,1961.0177,1077.271,1979.9843,1157.8301,1961.7203,1241.3093,1994.9478,1297.6566,2029.2112,1334.2275,2059.5945,1358.7343,2084.8667,1332.829,2083.3237,1287.9296,2080.3457,1250.6179,2075.6204,1202.9032,2071.1404,1144.8986,2070.8318,1078.3021,2072.6428,1015.4039,2069.564,958.0724,2069.1785,908.01196,2074.695,869.84985,2078.7805,827.00006,2081.955,1332.829,2083.3237,1289.514,2078.7495,1251.7646,2074.7114,1203.3873,2071.522,1142.9883,2073.945,1076.894,2075.9346,1013.501,2073.2515,956.27344,2074.9883,906.3393,2077.7107,869.333,2080.2324,827.00006,2081.955,799.77686,2083.2578,828.6281,2114.8374,868.2879,2145.1887,927.17053,2180.8242,999.6458,2202.1267,1078.1174,2207.5417,1160.7749,2199.5874,1233.5353,2174.9338,1292.2085,2140.6519,1331.5568,2110.916,1358.7343,2084.8667
433,433,7216,800.12787,2082.9285,824.2102,2055.9912,861.2752,2026.0453,915.3529,1991.9591,998.4549,1960.5856,1077.0804,1979.6111,1157.2766,1961.3756,1240.4265,1994.7136,1296.6664,2029.0435,1333.1729,2059.489,1357.6304,2084.8096,1331.7195,2083.2449,1286.8895,2080.2478,1249.687,2075.4978,1202.1482,2070.9934,1144.4772,2070.6443,1078.1448,2072.4414,1015.3874,2069.3032,958.1031,2068.876,908.15314,2074.3416,870.13477,2078.406,827.35815,2081.5872,1331.7195,2083.2449,1288.5087,2078.652,1250.8353,2074.6035,1202.6729,2071.396,1142.6116,2073.7996,1076.7476,2075.7708,1013.4837,2073.0198,956.3034,2074.7007,906.4876,2077.3752,869.5826,2079.8606,827.35815,2081.5872,800.12787,2082.9285,828.8051,2114.5383,868.35846,2145.0388,927.172,2180.791,999.6045,2202.1438,1078.0199,2207.5632,1160.5996,2199.6077,1233.203,2174.951,1291.5287,2140.648,1330.667,2110.8713,1357.6304,2084.8096
434,434,7233,800.9194,2082.5066,824.7165,2055.4756,861.562,2025.4243,915.47504,1991.2717,998.45435,1959.8042,1076.8867,1978.8752,1156.6472,1960.773,1239.448,1994.3655,1295.6617,2028.8564,1332.1163,2059.437,1356.5109,2084.8088,1330.5641,2083.23,1285.8201,2080.2097,1248.7118,2075.3992,1201.4084,2070.8044,1144.0958,2070.334,1078.024,2072.0867,1015.3812,2068.8325,958.19104,2068.3806,908.49963,2073.849,870.7104,2077.9226,828.10187,2081.0857,1330.5641,2083.23,1287.4119,2078.6277,1249.8524,2074.5664,1201.9581,2071.3264,1142.2633,2073.6792,1076.6469,2075.5981,1013.48236,2072.7312,956.42737,2074.3132,906.8908,2076.9075,870.175,2079.3525,828.10187,2081.0857,800.9194,2082.5066,829.21564,2114.167,868.52234,2144.8384,927.1787,2180.7192,999.5672,2202.1548,1077.9531,2207.5806,1160.5065,2199.6196,1233.0089,2174.968,1291.0259,2140.6587,1329.8859,2110.877,1356.5109,2084.8088
435,435,7250,802.8143,2081.4197,826.0299,2054.1797,862.3589,2023.9236,915.88275,1989.6272,998.5193,1958.0577,1076.8148,1977.2252,1156.1705,1959.4082,1238.5316,1993.5292,1294.4465,2028.3815,1330.645,2059.243,1354.7748,2084.7632,1328.822,2083.1472,1284.2251,2080.059,1247.3547,2075.149,1200.498,2070.413,1143.7037,2069.7422,1077.9628,2071.3867,1015.40784,2067.943,958.55927,2067.3994,909.44806,2072.799,872.1529,2076.8281,829.9467,2079.9607,1328.822,2083.1472,1285.8181,2078.556,1248.573,2074.4841,1201.1267,2071.2021,1141.9297,2073.4766,1076.6078,2075.2969,1013.5375,2072.252,956.89185,2073.6675,907.9675,2076.0947,871.7078,2078.4133,829.9467,2079.9607,802.8143,2081.4197,830.41864,2113.4167,869.13745,2144.5403,927.3067,2180.697,999.5636,2202.1995,1077.905,2207.7776,1160.3953,2199.8901,1232.7429,2175.1758,1290.324,2140.7344,1328.7295,2110.8818,1354.7748,2084.7632
436,436,7266,804.8672,2080.038,827.4413,2052.5005,863.2886,2022.052,916.38,1987.7323,998.5976,1956.3156,1076.7544,1975.5112,1155.7709,1958.0869,1237.6305,1992.6423,1293.1978,2027.8395,1329.1864,2059.0188,1352.9857,2084.7283,1326.963,2083.0642,1282.6528,2079.768,1245.971,2074.4958,1199.6045,2069.2412,1143.3229,2067.9863,1077.9045,2069.3525,1015.4545,2065.6763,959.02167,2065.211,910.6043,2070.831,873.81055,2075.1406,832.1636,2078.5176,1326.963,2083.0642,1284.3024,2078.5322,1247.5267,2074.4893,1200.563,2071.2139,1141.7682,2073.4915,1076.6051,2075.2874,1013.65894,2072.141,957.49963,2073.337,909.2538,2075.3906,873.5275,2077.3547,832.1636,2078.5176,804.8672,2080.038,831.7549,2112.4702,869.8778,2144.13,927.5153,2180.6465,999.5674,2202.238,1077.889,2208.0059,1160.3492,2200.247,1232.5955,2175.5168,1289.8064,2140.8997,1327.6991,2110.89,1352.9857,2084.7283
437,437,7283,807.16693,2078.3938,828.93616,2050.4585,864.112,2019.7117,916.67474,1985.1995,998.60516,1953.7976,1076.5403,1973.071,1155.1033,1956.0911,1236.5687,1991.3374,1291.824,2027.0485,1327.6204,2058.6685,1351.083,2084.6765,1325.1829,2082.9626,1281.0797,2079.4612,1244.47,2074.0042,1198.4543,2068.5415,1142.6667,2067.0015,1077.6986,2068.1448,1015.4606,2064.3154,959.38336,2063.6946,911.64777,2069.148,875.4309,2073.3845,834.344,2076.8596,1325.1829,2082.9626,1282.9009,2078.4978,1246.4242,2074.4744,1199.7972,2071.179,1141.4193,2073.3496,1076.551,2074.9468,1013.73334,2071.5977,958.0416,2072.5955,910.43823,2074.4014,875.2303,2076.0952,834.344,2076.8596,807.16693,2078.3938,833.4274,2111.1787,870.89795,2143.2307,927.82764,2180.1477,999.5662,2202.1006,1077.7703,2208.0115,1160.0728,2200.2637,1232.0536,2175.5547,1288.851,2140.9377,1326.3541,2110.8948,1351.083,2084.6765
438,438,7300,809.0922,2075.8616,830.08716,2047.0242,864.78876,2015.36,916.99243,1980.0486,998.685,1948.0996,1076.4686,1967.3414,1154.6925,1950.8727,1235.9696,1987.4019,1291.0021,2024.4697,1326.531,2057.4297,1349.357,2084.404,1323.4731,2082.474,1279.6841,2078.2559,1243.2288,2072.12,1197.5962,2065.9585,1142.2461,2063.7595,1077.6315,2064.5308,1015.5233,2060.5857,959.8784,2060.0237,912.7746,2065.6614,876.9699,2070.1802,836.32886,2074.1282,1323.4731,2082.474,1281.5846,2078.0833,1245.4742,2074.002,1199.2249,2070.4177,1141.2385,2072.0237,1076.5496,2072.995,1013.9832,2069.252,958.8426,2070.107,911.8032,2071.875,876.9361,2073.5461,836.32886,2074.1282,809.0922,2075.8616,834.94965,2108.8352,872.0017,2141.0989,928.335,2178.2964,999.6321,2200.809,1077.7566,2207.2302,1159.9529,2199.8647,1231.7366,2175.4492,1288.1976,2140.909,1325.2906,2110.7935,1349.357,2084.404
439,439,7316,811.5598,2073.764,831.48193,2043.7725,865.575,2010.9453,917.402,1974.6416,998.8578,1942.0049,1076.461,1960.7004,1154.5175,1944.7988,1235.7014,1982.3005,1290.5823,2020.7402,1325.7882,2055.3308,1347.6826,2083.7356,1321.8271,2081.5308,1278.5715,2076.2742,1242.3094,2069.191,1197.0863,2062.1023,1142.05,2059.1582,1077.6261,2059.5828,1015.6774,2055.8228,960.5503,2055.7085,914.19257,2061.9714,878.8229,2067.1306,838.8113,2071.8638,1321.8271,2081.5308,1280.4783,2077.5315,1244.7611,2073.6084,1198.865,2069.9756,1141.1663,2071.3037,1076.5748,2071.9075,1014.3118,2068.027,959.7393,2068.812,913.3297,2070.4197,878.9253,2071.8132,838.8113,2071.8638,811.5598,2073.764,836.8826,2106.9973,873.4966,2139.2998,929.171,2176.3628,999.8454,2199.0767,1077.7528,2205.868,1159.8602,2198.9133,1231.4099,2175.0095,1287.5575,2140.7048,1324.319,2110.4753,1347.6826,2083.7356
440,440,7333,813.3763,2070.881,832.16547,2039.0486,865.8925,2004.3397,917.6094,1966.357,999.04224,1932.5736,1076.461,1950.2836,1154.453,1935.431,1235.5645,1974.3086,1290.2706,2014.8024,1324.9414,2052.013,1345.2329,2082.8008,1319.2711,2080.291,1277.2555,2072.845,1241.259,2063.44,1196.7081,2054.0237,1141.9854,2049.295,1077.6345,2049.001,1015.8202,2045.7505,961.0502,2047.0354,915.2965,2055.2517,880.01263,2062.271,840.8577,2068.832,1319.2711,2080.291,1278.9474,2077.3743,1244.0952,2073.6309,1198.7396,2070.161,1141.1844,2071.4082,1076.9429,2071.959,1014.90405,2068.075,960.7848,2068.7356,914.82855,2069.8933,880.6705,2070.4775,840.8577,2068.832,813.3763,2070.881,838.44385,2105.058,874.95325,2137.716,930.2122,2174.8281,1000.39105,2197.9326,1078.0452,2205.2236,1159.9205,2198.6235,1231.4036,2174.9934,1287.2585,2140.7124,1323.3309,2110.3286,1345.2329,2082.8008
441,441,7350,815.18475,2066.458,832.7781,2030.9669,866.2012,1993.0275,917.86127,1952.4489,999.44354,1916.9663,1076.6628,1933.3644,1154.537,1919.424,1235.6172,1959.6847,1290.2822,2003.1246,1324.6584,2044.3989,1343.3512,2079.828,1316.9675,2076.6921,1276.4133,2064.1257,1240.5966,2049.8193,1196.6055,2036.0049,1141.9872,2028.425,1077.828,2027.1567,1016.24896,2025.0435,961.8233,2029.1361,916.71796,2041.4777,881.3493,2052.8733,843.3255,2064.0078,1316.9675,2076.6921,1277.5715,2076.7988,1243.5951,2073.6816,1198.7157,2071.011,1141.3677,2072.6255,1077.5796,2072.7454,1015.65894,2068.552,961.9482,2068.7703,916.47864,2069.63,882.73065,2068.8328,843.3255,2064.0078,815.18475,2066.458,839.79364,2102.488,876.15393,2136.263,931.1189,2173.9805,1000.9819,2197.5142,1078.5603,2205.0745,1160.206,2198.5923,1231.4545,2175.0034,1287.1749,2140.6853,1322.7292,2109.513,1343.3512,2079.828
442,442,7366,817.11536,2061.744,833.10754,2022.2683,866.2138,1980.6212,917.86194,1936.5425,999.58,1898.2496,1076.7754,1913.6511,1154.6411,1900.461,1235.9153,1943.348,1290.3317,1990.4629,1324.442,2035.9513,1341.105,2076.2185,1314.1891,2072.4758,1275.0931,2055.4592,1239.6559,2037.6812,1196.421,2021.0295,1141.9828,2011.6636,1077.9506,2009.6089,1016.57965,2008.4331,962.4582,2014.3352,918.02386,2029.4176,882.8428,2043.9414,845.9969,2058.9333,1314.1891,2072.4758,1275.9994,2075.6216,1243.0513,2073.6675,1198.7097,2071.3933,1141.67,2073.3174,1078.3456,2073.191,1016.44855,2068.7708,963.1233,2068.834,918.19653,2068.9636,884.91425,2066.597,845.9969,2058.9333,817.11536,2061.744,841.0914,2099.4033,877.1112,2134.4795,931.7846,2173.2332,1001.5034,2197.3503,1079.2799,2205.0813,1160.8671,2198.6082,1231.7603,2175.012,1287.1671,2140.4934,1322.1166,2108.0598,1341.105,2076.2185
443,443,7383,818.7995,2057.2317,833.1315,2013.8436,865.9702,1968.8491,917.41974,1921.9661,999.5046,1881.898,1076.7155,1896.5931,1154.6052,1883.6548,1235.9554,1928.0365,1290.3397,1977.8184,1323.7274,2026.8796,1337.637,2071.8276,1310.2798,2067.504,1273.0688,2045.9768,1238.0548,2024.951,1195.8438,2005.8898,1141.7893,1995.2559,1077.936,1992.8613,1016.5901,1992.4617,962.5616,1999.888,918.58295,2017.4401,883.71954,2035.0237,848.345,2053.9358,1310.2798,2067.504,1273.834,2074.1807,1242.2048,2073.661,1198.6738,2072.0083,1141.9054,2074.3193,1078.9412,2073.8718,1016.9574,2069.1484,963.89124,2068.8943,919.4306,2068.2935,886.59143,2064.3467,848.345,2053.9358,818.7995,2057.2317,841.9972,2096.3567,877.5914,2132.7007,932.0474,2172.5806,1001.7397,2197.2932,1079.8562,2205.106,1161.5737,2198.6685,1232.1747,2175.0535,1287.1559,2140.2888,1321.1005,2106.1992,1337.637,2071.8276
444,444,7400,821.2951,2050.272,833.5805,2004.7637,865.9504,1958.6154,917.1721,1911.1058,999.32074,1870.8413,1076.4008,1884.839,1154.2205,1872.3177,1235.6376,1916.794,1289.352,1967.0901,1320.6687,2017.264,1331.5,2064.6875,1303.8595,2059.8308,1268.7496,2035.1598,1234.7194,2012.3048,1194.1165,1992.0726,1140.9474,1980.9563,1077.696,1978.5414,1016.5767,1978.4264,962.66296,1986.5505,919.333,2005.3481,885.09937,2024.7664,851.28284,2046.4419,1303.8595,2059.8308,1269.5353,2069.578,1239.7563,2071.8472,1197.9941,2071.6152,1141.899,2074.1504,1079.0315,2073.6062,1017.1224,2068.676,964.4284,2067.4456,920.6581,2064.7017,888.5484,2058.8982,851.28284,2046.4419,821.2951,2050.272,843.3298,2090.092,878.0984,2127.5547,932.1358,2168.9885,1001.7449,2195.0369,1079.9054,2203.7021,1161.641,2197.4756,1232.1702,2173.662,1286.3071,2137.3494,1317.8945,2100.8738,1331.5,2064.6875
445,445,7416,825.2027,2045.5193,835.2351,2000.4346,866.17615,1955.0137,917.1614,1907.8163,999.2828,1867.3722,1076.2118,1881.5012,1153.7869,1868.8568,1235.027,1913.2683,1287.7076,1963.125,1317.0195,2012.5964,1325.7349,2059.8347,1298.0623,2055.1191,1264.0514,2031.733,1230.8925,2010.8043,1191.9226,1992.4944,1140.0052,1982.6487,1077.5717,1980.6738,1016.6269,1980.2407,963.28613,1987.1971,921.2481,2004.1459,887.97107,2021.6151,855.41693,2041.7766,1298.0623,2055.1191,1264.8699,2066.022,1236.5096,2070.1409,1196.6598,2071.0513,1141.7843,2073.7666,1079.1228,2073.0266,1017.5329,2067.773,965.66296,2065.612,923.057,2061.4202,891.8608,2054.6567,855.41693,2041.7766,825.2027,2045.5193,845.90405,2085.8325,879.3101,2124.1177,932.41327,2166.8516,1001.75934,2194.1086,1079.9257,2203.3552,1161.6407,2197.1787,1232.0088,2173.103,1284.7599,2135.5571,1314.1118,2097.286,1325.7349,2059.8347
446,446,7433,839.553,2041.6396,842.7789,1995.6621,868.6037,1949.155,917.50397,1901.3673,999.24493,1861.4075,1075.6675,1875.5347,1152.6011,1864.2542,1232.2701,1908.9863,1281.9653,1959.3633,1306.4949,2009.4161,1309.8147,2057.129,1276.471,2052.5212,1244.9806,2029.9065,1215.9999,2008.1216,1183.0378,1988.4304,1136.3359,1976.5508,1076.8784,1973.657,1016.9223,1972.783,967.2623,1980.9396,931.4249,1999.2339,903.3776,2017.9156,874.9115,2037.7473,1276.471,2052.5212,1244.573,2063.4436,1219.8083,2069.174,1187.0662,2071.0557,1138.5938,2074.2231,1078.6273,2073.669,1017.78577,2067.8628,969.7252,2065.3083,933.75146,2059.056,907.53064,2050.5942,874.9115,2037.7473,839.553,2041.6396,852.1858,2083.0264,880.1037,2123.8018,931.6389,2167.103,999.6275,2197.9324,1078.8773,2209.2734,1161.4867,2202.148,1231.4015,2174.7812,1280.3645,2135.5063,1303.9302,2095.4233,1309.8147,2057.129
447,447,7450,849.4866,2042.5706,848.3594,1994.9791,870.6499,1946.3685,917.856,1896.2875,999.2696,1854.6647,1075.6683,1867.8568,1152.5798,1856.7002,1231.9963,1901.8981,1280.7163,1954.2091,1303.3087,2006.3285,1303.8485,2055.9924,1268.0288,2051.6453,1237.6458,2027.9308,1209.9432,2004.196,1179.4326,1982.7136,1135.1506,1969.471,1076.8772,1966.3392,1018.2794,1966.3542,972.102,1976.3878,939.9874,1996.8496,914.2353,2017.5549,887.89685,2038.6686,1268.0288,2051.6453,1236.8943,2063.5713,1213.3284,2069.7173,1183.382,2075.095,1137.8761,2081.2898,1078.6663,2081.7808,1019.01935,2074.7651,974.54913,2068.7468,942.4174,2059.145,918.4455,2051.7195,887.89685,2038.6686,849.4866,2042.5706,857.3646,2084.3093,881.14044,2124.463,931.28455,2174.7764,998.8621,2211.0977,1078.8756,2223.943,1162.1449,2215.0093,1231.6461,2182.4497,1279.6385,2136.714,1300.7218,2095.4705,1303.8485,2055.9924
448,448,7466,852.0753,2042.1201,850.042,1992.6105,871.12244,1942.6824,917.84485,1891.3892,999.0069,1848.8384,1075.3627,1861.4779,1152.2229,1850.8604,1231.0947,1896.8901,1278.6888,1950.4946,1299.9935,2003.9772,1299.2811,2055.314,1262.2122,2051.3433,1232.1002,2026.1787,1204.5411,2000.8092,1175.2976,1978.0277,1132.8794,1963.6638,1076.4083,1960.0422,1018.42847,1960.5173,973.5709,1971.6154,942.6321,1993.3092,917.3507,2015.6101,891.5299,2038.4708,1262.2122,2051.3433,1231.6147,2063.8962,1208.5989,2072.4177,1180.0559,2082.2678,1136.7125,2091.1345,1078.5833,2092.3745,1019.2585,2084.3018,976.2253,2075.0164,945.2473,2061.0352,921.7727,2052.6853,891.5299,2038.4708,852.0753,2042.1201,858.40784,2085.2112,881.0744,2126.4978,929.49426,2183.8352,996.7286,2224.3135,1078.531,2238.3523,1162.3208,2228.3784,1231.7145,2192.0488,1278.7823,2139.8372,1298.0061,2095.831,1299.2811,2055.314
449,449,7483,854.463,2040.9618,851.0874,1989.811,871.21716,1938.8196,917.55835,1886.6818,998.21356,1843.7765,1074.6635,1856.2684,1151.6276,1846.0063,1230.0424,1892.5764,1276.6868,1947.0946,1296.8635,2001.6621,1294.802,2054.427,1256.413,2050.7383,1226.6959,2024.4559,1199.4844,1998.1648,1171.2009,1974.8632,1130.2286,1960.0557,1075.5305,1956.2052,1018.4457,1956.7385,974.539,1968.0625,944.64685,1990.1598,920.1722,2013.3184,895.1694,2037.4844,1256.413,2050.7383,1226.3857,2064.1829,1203.9126,2074.9182,1176.5602,2087.7578,1135.1157,2098.1663,1078.2971,2099.8987,1019.3336,2091.1365,977.4155,2079.8638,947.54865,2062.7144,924.7424,2053.406,895.1694,2037.4844,854.463,2040.9618,859.14233,2085.7388,881.0269,2128.63,927.02783,2191.2288,994.0477,2234.2148,1077.9272,2249.004,1162.4532,2238.4143,1231.7915,2199.821,1277.8993,2143.0405,1295.3555,2096.1428,1294.802,2054.427
450,450,7500,856.8352,2038.5671,852.74274,1986.7433,871.80206,1935.8389,917.559,1884.2275,998.04504,1841.9172,1074.4509,1854.1942,1151.4468,1844.1941,1229.4004,1890.1863,1275.4078,1944.3567,1294.7155,1999.0356,1291.8029,2052.5703,1252.6299,2049.2363,1223.8816,2022.0042,1197.2186,1995.0282,1169.4122,1971.4869,1129.1449,1956.5264,1075.241,1952.6893,1018.6279,1953.0662,975.8942,1964.4619,946.8493,1986.6896,922.7629,2010.3312,898.40125,2035.3611,1252.6299,2049.2363,1223.067,2064.445,1200.999,2077.23,1174.3899,2092.3176,1134.1266,2103.744,1078.165,2105.787,1019.52716,2096.5852,978.8497,2083.969,949.94666,2064.3313,927.60486,2053.844,898.40125,2035.3611,856.8352,2038.5671,860.3474,2085.6365,880.9775,2129.959,925.64514,2195.4016,992.4491,2239.3347,1077.5935,2254.4812,1162.7142,2243.6333,1231.9146,2204.1125,1277.0961,2145.1067,1293.2393,2096.2542,1291.8029,2052.5703
451,451,7516,858.3583,2037.1575,854.06635,1984.8337,872.4695,1933.5741,917.623,1881.6353,998.0395,1839.048,1074.4407,1851.2405,1151.4506,1841.5228,1229.3751,1887.862,1275.34,1942.4185,1294.5566,1997.5514,1291.6736,2051.6624,1252.2944,2048.4854,1223.8364,2020.4576,1197.2805,1992.7029,1169.2826,1968.5695,1128.9401,1953.1504,1075.206,1949.1208,1019.0077,1949.4886,977.1824,1961.2704,948.5062,1984.1013,924.5089,2008.4431,900.3051,2034.1344,1252.2944,2048.4854,1222.898,2064.634,1200.76,2078.9468,1174.0061,2094.9353,1133.906,2106.4792,1078.1627,2108.4795,1019.96436,2099.1597,980.29596,2086.235,951.7948,2065.4956,929.48444,2054.1553,900.3051,2034.1344,858.3583,2037.1575,861.3644,2085.554,881.00006,2131.0012,924.97327,2197.7786,991.74774,2241.8113,1077.5466,2257.0735,1163.4407,2246.3672,1232.571,2206.8242,1277.1044,2146.8394,1293.1742,2096.4048,1291.6736,2051.6624
452,452,7533,861.76276,2035.2512,856.4223,1981.9823,873.7523,1929.8696,917.9151,1877.0773,998.0778,1833.943,1074.4658,1845.9259,1151.5024,1836.82,1229.4065,1883.9932,1275.2804,1939.5238,1294.1238,1995.5393,1290.5852,2050.5803,1250.5995,2047.4419,1222.7817,2018.1835,1196.6562,1989.2677,1169.005,1964.1208,1128.838,1947.8368,1075.2108,1943.332,1019.80566,1943.7754,979.1908,1956.1464,951.31024,1979.9084,927.87085,2005.3938,904.483,2032.2869,1250.5995,2047.4419,1221.8181,2064.8457,1200.0762,2080.0713,1173.6729,2096.431,1133.8391,2107.8801,1078.2623,2109.775,1020.94556,2100.4226,982.6516,2087.447,954.9858,2066.1208,933.13904,2054.1274,904.483,2032.2869,861.76276,2035.2512,863.67316,2084.8875,881.5423,2131.3408,924.8477,2198.5654,991.55444,2242.3672,1077.5509,2257.65,1164.3834,2247.0588,1233.2802,2207.747,1277.0817,2147.681,1292.7322,2096.3762,1290.5852,2050.5803
453,453,7550,864.26074,2033.8398,858.336,1980.1014,874.944,1927.4034,918.2651,1873.9554,998.14636,1830.2577,1074.5038,1841.9933,1151.5488,1833.1913,1229.4042,1880.893,1274.9863,1937.1016,1293.0896,1993.735,1288.5255,2049.374,1247.8358,2046.1968,1220.7051,2016.343,1195.2959,1986.8772,1168.3655,1961.2548,1128.649,1944.5348,1075.213,1939.7953,1020.54785,1940.3556,980.9215,1953.1288,953.6112,1977.3937,930.54407,2003.4144,907.4848,2030.8123,1247.8358,2046.1968,1219.4984,2064.8499,1198.2037,2080.1396,1172.5066,2095.998,1133.4155,2107.0183,1078.2603,2108.8528,1021.4764,2099.785,984.1024,2087.334,957.01404,2066.1487,935.58856,2053.6426,907.4848,2030.8123,864.26074,2033.8398,865.2482,2084.055,881.8496,2131.37,924.5407,2198.491,991.08276,2241.671,1077.4711,2256.655,1164.6852,2246.091,1233.4491,2207.1785,1276.6746,2147.7498,1291.4545,2095.9495,1288.5255,2049.374
454,454,7566,864.86053,2031.8447,859.45874,1978.0801,876.0829,1925.4916,918.89856,1872.1982,998.4806,1828.446,1074.7783,1840.1716,1151.829,1831.2882,1229.4236,1878.829,1275.137,1934.9375,1293.3574,1991.5974,1289.0736,2047.5094,1248.6545,2044.4021,1221.4592,2014.1814,1195.927,1984.606,1168.7354,1959.0355,1128.7728,1942.4058,1075.3732,1937.733,1021.48,1938.2831,982.25854,1951.0521,954.7557,1975.294,931.31915,2001.3323,907.8797,2028.8921,1248.6545,2044.4021,1220.0154,2064.5964,1198.4965,2080.102,1172.5378,2095.5723,1133.3933,2106.3467,1078.352,2108.1135,1022.13727,2099.1743,985.1436,2087.0598,957.89276,2066.2368,936.23944,2052.824,907.8797,2028.8921,864.86053,2031.8447,866.1068,2082.774,882.2159,2131.506,924.4967,2197.918,991.03033,2240.4973,1077.4792,2255.3247,1165.2754,2244.8438,1233.89,2206.3542,1276.6782,2147.665,1291.5726,2095.1035,1289.0736,2047.5094
455,455,7583,865.9145,2028.1813,860.42236,1974.1967,876.87476,1921.4708,919.2995,1868.1152,998.70386,1824.4194,1075.014,1836.1833,1152.0981,1827.2654,1229.4707,1874.732,1275.3303,1930.9298,1293.7196,1987.8333,1289.6686,2044.1547,1249.4403,2041.1256,1222.1248,2010.6162,1196.4581,1981.0725,1169.0673,1955.6925,1128.8893,1939.2341,1075.5309,1934.5836,1022.2476,1935.0936,983.25543,1947.6476,955.6199,1971.6515,932.1589,1997.5698,908.894,2025.2937,1249.4403,2041.1256,1220.6847,2063.4138,1199.017,2079.978,1172.8114,2094.898,1133.4327,2105.501,1078.5621,2107.2937,1022.875,2098.421,986.15906,2086.651,958.88715,2066.0825,937.2209,2050.883,908.894,2025.2937,865.9145,2028.1813,867.23926,2080.1663,882.77435,2131.2598,924.5092,2197.1936,991.0602,2239.3833,1077.5621,2254.2126,1166.1095,2243.659,1234.574,2205.3296,1276.7352,2147.4417,1291.8479,2093.0664,1289.6686,2044.1547
456,456,7600,865.66736,2025.4983,860.45404,1971.7467,877.0972,1919.1693,919.4371,1865.9828,998.8013,1822.4414,1075.1309,1834.3186,1152.2544,1825.156,1229.5254,1872.324,1275.5159,1928.2219,1294.2235,1984.9397,1290.5956,2041.0945,1250.3822,2038.1239,1222.6823,2008.1399,1196.8857,1979.1074,1169.3231,1954.1617,1128.9845,1938.0123,1075.6263,1933.5166,1022.72217,1933.9961,983.72833,1946.307,955.7869,1969.9521,932.2007,1995.4115,908.61115,2022.6018,1250.3822,2038.1239,1221.2802,2061.2168,1199.4019,2078.7314,1172.9904,2094.6604,1133.4596,2104.5063,1078.6877,2106.183,1023.3533,2097.6553,986.64197,2086.326,959.1059,2065.0564,937.20636,2048.377,908.61115,2022.6018,865.66736,2025.4983,867.36786,2077.7383,882.927,2130.62,924.4608,2196.631,991.062,2237.9941,1077.6312,2252.5823,1166.7809,2242.0964,1235.2499,2204.3755,1276.7693,2146.5212,1292.3279,2090.5676,1290.5956,2041.0945
457,457,7616,865.3598,2023.5562,860.5434,1970.1317,877.4189,1917.9019,919.664,1865.0751,998.9468,1821.7753,1075.2849,1833.7129,1152.3953,1824.2988,1229.5374,1871.1462,1275.6505,1926.7317,1294.5713,1983.167,1291.297,2039.049,1251.3062,2036.0284,1223.3077,2006.2715,1197.3137,1977.4949,1169.5583,1952.7312,1129.0664,1936.7695,1075.7554,1932.409,1023.1609,1932.8872,984.06055,1945.0326,955.79926,1968.4714,931.968,1993.6592,908.04895,2020.5686,1251.3062,2036.0284,1222.1372,2059.2979,1200.0961,2077.277,1173.3397,2094.1824,1133.495,2104.0981,1079.0522,2105.6702,1024.0315,2097.5898,987.19073,2085.2153,959.2696,2063.6167,937.0461,2046.075,908.04895,2020.5686,865.3598,2023.5562,867.57904,2075.5103,883.2688,2129.3955,924.4722,2196.3284,991.1099,2236.818,1077.9058,2251.0295,1167.5045,2240.7476,1235.8933,2203.9119,1276.8075,2145.2292,1292.7479,2088.4712,1291.297,2039.049
458,458,7633,864.5684,2021.4141,860.39856,1968.3699,877.6549,1916.5665,919.9366,1864.1074,999.18915,1820.9746,1075.5483,1832.944,1152.6489,1823.3223,1229.6371,1869.7908,1275.7777,1924.9482,1295.0219,1980.9929,1292.2734,2036.5476,1252.6469,2033.6162,1224.3087,2004.1649,1198.0232,1975.7627,1169.9021,1951.3634,1129.1104,1935.666,1075.9749,1931.4391,1023.57544,1931.9323,984.2255,1943.9419,955.49524,1967.1002,931.25226,1991.9371,906.88055,2018.5044,1252.6469,2033.6162,1223.2462,2057.2224,1200.9141,2075.5798,1173.6935,2093.3005,1133.6072,2104.018,1079.4288,2105.4548,1024.5441,2097.2292,987.3955,2083.921,958.95245,2062.1853,936.30994,2044.0107,906.88055,2018.5044,864.5684,2021.4141,867.43884,2073.3,883.45325,2127.8713,924.48645,2195.331,991.1482,2236.0671,1078.1866,2249.8389,1168.146,2239.7925,1236.5181,2203.5913,1276.9473,2143.3674,1293.2091,2086.0698,1292.2734,2036.5476
459,459,7650,863.8953,2018.727,860.2696,1966.411,877.84717,1915.3373,920.1641,1863.4265,999.3441,1820.6006,1075.6575,1832.8241,1152.7207,1823.1917,1229.6613,1869.633,1275.8866,1924.3375,1295.3262,1979.7148,1292.9926,2034.5778,1253.7284,2031.7532,1225.0303,2003.0397,1198.472,1975.3928,1170.1223,1951.5518,1129.1825,1936.1233,1076.057,1931.8733,1023.79785,1932.1891,984.23444,1943.7426,955.11,1966.2174,930.5327,1990.2565,905.79926,2016.0111,1253.7284,2031.7532,1224.0925,2055.2793,1201.5554,2073.7146,1173.9866,2091.8406,1133.701,2103.227,1079.7083,2104.7249,1024.9103,2095.9165,987.47504,2081.8196,958.5994,2060.1453,935.6201,2041.4829,905.79926,2016.0111,863.8953,2018.727,867.376,2070.456,883.69135,2125.4243,924.52277,2192.92,991.1711,2235.5645,1078.3947,2249.4263,1168.5457,2239.6611,1236.8717,2202.26,1276.9924,2141.1492,1293.5586,2083.8599,1292.9926,2034.5778
460,460,7666,863.5922,2016.7974,860.2645,1965.5287,878.0075,1915.4272,920.2838,1864.3822,999.35144,1822.1976,1075.6532,1834.4795,1152.6799,1824.7495,1229.4935,1870.659,1275.5686,1924.5287,1295.0371,1978.9187,1292.8872,2032.7666,1253.7992,2030.07,1224.9694,2002.269,1198.2739,1975.3967,1169.9584,1952.1418,1129.1328,1937.1311,1076.0504,1933.0831,1023.81665,1933.2595,984.10004,1944.3734,954.75964,1966.1927,930.0855,1989.4487,905.27423,2014.1915,1253.7992,2030.07,1224.2979,2053.1245,1201.8315,2071.3643,1174.1989,2089.3042,1133.7621,2100.851,1080.0095,2102.1875,1025.3539,2092.8728,987.7277,2078.5422,958.59503,2057.4692,935.3822,2038.8746,905.27423,2014.1915,863.5922,2016.7974,867.55457,2067.7908,884.1216,2122.4233,924.69855,2189.0374,991.27155,2232.911,1078.606,2247.682,1168.7515,2237.7793,1236.9686,2199.611,1277.034,2138.5312,1293.5869,2081.6116,1292.8872,2032.7666
461,461,7683,863.04865,2016.3077,860.05817,1965.5187,877.99854,1915.7423,920.286,1864.747,999.31903,1822.3383,1075.5779,1834.4097,1152.5187,1824.3798,1229.2224,1870.0829,1275.1461,1923.7319,1294.6399,1977.7156,1292.5935,2031.0347,1253.7257,2028.4016,1224.6915,2001.3501,1197.8873,1975.0834,1169.6106,1952.2545,1128.9243,1937.6095,1075.992,1933.7931,1023.8073,1934.2069,983.91675,1945.2676,954.33026,1966.8088,929.5409,1989.5712,904.4861,2013.6504,1253.7257,2028.4016,1224.4014,2050.479,1202.0033,2068.1787,1174.3549,2085.4534,1133.7787,2096.9055,1080.1616,2098.1833,1025.5664,2088.8118,987.695,2074.9207,958.25525,2054.9758,934.8238,2036.9819,904.4861,2013.6504,863.04865,2016.3077,867.46454,2066.2917,884.331,2120.0608,924.8242,2185.1992,991.3475,2229.2307,1078.7228,2244.4055,1168.7928,2234.2397,1236.965,2195.7295,1277.0143,2135.2798,1293.458,2079.1157,1292.5935,2031.0347
462,462,7700,862.90765,2016.2512,859.9992,1965.9657,878.0488,1916.4183,920.33777,1865.5173,999.33154,1823.0566,1075.5808,1835.1956,1152.5171,1824.8214,1229.2423,1870.2747,1275.216,1923.647,1294.8649,1977.3088,1293.1322,2030.0475,1254.4174,2027.4999,1225.1134,2001.3998,1198.168,1975.7252,1169.7266,1953.3406,1128.9666,1939.0391,1076.0206,1935.4113,1023.9045,1935.8104,983.91815,1946.6934,954.2441,1967.9347,929.4871,1990.2162,904.31604,2013.5612,1254.4174,2027.4999,1224.9104,2048.6006,1202.3733,2065.5972,1174.5128,2082.1223,1133.942,2093.4263,1080.5637,2094.731,1026.028,2085.2915,987.9699,2071.879,958.37573,2052.992,934.80273,2035.6926,904.31604,2013.5612,862.90765,2016.2512,867.57684,2065.6077,884.6771,2118.8875,925.09,2183.148,991.63934,2227.3398,1079.1588,2242.7693,1169.2513,2232.4731,1237.383,2193.617,1277.1979,2133.4763,1293.6748,2077.7063,1293.1322,2030.0475
463,463,7716,863.1597,2015.4406,860.21277,1965.605,878.25116,1916.3318,920.4904,1865.6909,999.3651,1823.4756,1075.5836,1835.6725,1152.515,1825.3396,1229.2338,1870.6088,1275.2023,1923.6864,1294.8673,1977.0378,1293.2048,2029.3234,1254.4524,2026.8264,1225.1527,2001.2018,1198.246,1975.8213,1169.7747,1953.6791,1128.9982,1939.524,1076.0352,1935.9443,1024.0005,1936.2245,984.0008,1946.9296,954.3629,1967.943,929.7529,1989.9314,904.65344,2012.7942,1254.4524,2026.8264,1225.026,2047.4604,1202.5381,2064.0476,1174.6512,2080.0789,1134.0,2091.268,1080.762,2092.5854,1026.326,2082.9666,988.21594,2069.741,958.63153,2051.4006,935.0698,2034.4032,904.65344,2012.7942,863.1597,2015.4406,867.8449,2064.5425,885.0188,2117.6694,925.2793,2181.3967,991.7784,2225.7341,1079.3468,2241.4556,1169.4806,2231.0977,1237.589,2192.0127,1277.2264,2132.1548,1293.8081,2076.7126,1293.2048,2029.3234
464,464,7733,863.13855,2015.3116,860.25305,1965.7262,878.3614,1916.5621,920.61865,1866.014,999.4309,1823.817,1075.6066,1836.0449,1152.5239,1825.7618,1229.2493,1871.0345,1275.26,1924.0203,1295.0144,1977.2509,1293.4711,2029.2708,1254.7023,2026.7738,1225.327,2001.5452,1198.4167,1976.4192,1169.8752,1954.4722,1129.0308,1940.4283,1076.0741,1936.8611,1024.1188,1937.0696,984.08575,1947.6656,954.43463,1968.5021,929.8562,1990.2434,904.68555,2012.7086,1254.7023,2026.7738,1225.2246,2046.9333,1202.716,2063.111,1174.7781,2078.649,1134.0555,2089.6692,1080.9012,2090.9902,1026.5283,2081.3481,988.3394,2068.4146,958.7276,2050.6028,935.13135,2033.901,904.68555,2012.7086,863.13855,2015.3116,867.9094,2064.2295,885.20087,2117.119,925.3834,2180.2458,991.85913,2224.4958,1079.4734,2240.3516,1169.6619,2229.954,1237.786,2190.811,1277.3064,2131.4001,1293.9646,2076.3704,1293.4711,2029.2708
465,465,7750,863.9786,2015.9596,860.93866,1966.3589,879.026,1917.0897,921.2476,1866.3715,999.9179,1823.9044,1075.97,1835.9469,1152.7823,1825.5056,1229.4364,1870.714,1275.3246,1923.7454,1295.1543,1977.006,1293.7538,2028.986,1255.0332,2026.4575,1225.6139,2001.3368,1198.6655,1976.2935,1169.9534,1954.4254,1129.219,1940.4882,1076.5007,1937.038,1024.8181,1937.4156,984.8395,1948.1495,955.301,1969.0566,930.83716,1990.8116,905.66364,2013.2852,1255.0332,2026.4575,1225.5146,2046.3041,1202.9377,2062.167,1174.8068,2077.3105,1134.3805,2088.2542,1081.4106,2089.7056,1027.1997,2080.2832,988.99414,2067.7737,959.4677,2050.4768,935.96906,2034.0992,905.66364,2013.2852,863.9786,2015.9596,868.6568,2064.5469,886.0036,2117.0305,926.1007,2179.454,992.5268,2223.271,1080.0254,2238.935,1170.1055,2228.3398,1238.1013,2189.1853,1277.4589,2130.3071,1294.0919,2075.7407,1293.7538,2028.986
466,466,7766,865.4387,2016.2876,862.2198,1966.6862,880.2173,1917.3263,922.3203,1866.3956,1000.7665,1823.5835,1076.5648,1835.499,1153.1449,1824.9364,1229.6914,1870.2858,1275.426,1923.4435,1295.2543,1976.7229,1294.0018,2028.625,1255.3541,2026.0897,1225.8629,2001.1843,1198.8668,1976.3248,1169.9836,1954.5784,1129.5144,1940.7129,1077.1619,1937.316,1025.9094,1937.8068,986.0831,1948.5947,956.71246,1969.4923,932.3611,1991.1763,907.1561,2013.5635,1255.3541,2026.0897,1225.7815,2045.6234,1203.0981,2061.2131,1175.0028,2076.016,1134.9882,2086.889,1082.3225,2088.453,1028.3815,2079.2144,990.2316,2067.0415,960.81647,2050.1543,937.4079,2034.0383,907.1561,2013.5635,865.4387,2016.2876,870.1141,2064.5962,887.54785,2116.7808,927.54047,2178.6821,993.81964,2222.177,1081.0433,2237.6973,1170.8689,2226.9326,1238.6172,2187.784,1277.7292,2129.316,1294.162,2075.0938,1294.0018,2028.625
467,467,7783,866.73224,2016.3485,863.50397,1966.7965,881.5062,1917.4464,923.5206,1866.4332,1001.74786,1823.3895,1077.2712,1835.2008,1153.58,1824.5242,1230.0393,1869.9126,1275.6407,1923.0453,1295.3196,1976.1948,1294.2084,2027.914,1255.6617,2025.4049,1226.0779,2000.8188,1198.983,1976.2333,1170.1572,1954.6566,1129.977,1940.8871,1077.9796,1937.5442,1027.0643,1938.1462,987.2513,1948.9604,957.9097,1969.8021,933.5931,1991.3502,908.30176,2013.5792,1255.6617,2025.4049,1225.9285,2044.5983,1203.2355,2059.947,1175.5677,2074.4255,1135.9147,2085.208,1083.458,2086.8438,1029.6283,2077.794,991.3722,2065.956,961.92596,2049.4822,938.5554,2033.6465,908.30176,2013.5792,866.73224,2016.3485,871.6113,2064.32,889.2611,2116.1206,929.3087,2177.4167,995.45825,2220.486,1082.343,2235.8127,1171.7928,2224.9253,1239.2946,2185.9429,1278.2214,2127.9727,1294.3192,2074.0981,1294.2084,2027.914
468,468,7800,867.7804,2016.5538,864.4645,1966.9746,882.4908,1917.4762,924.51715,1866.1986,1002.7217,1822.7788,1078.089,1834.4734,1154.1971,1823.6837,1230.6627,1869.1918,1276.1422,1922.4547,1295.5803,1975.6517,1294.33,2027.2799,1255.914,2024.7903,1226.2457,2000.5544,1199.0159,1976.1998,1170.4716,1954.7744,1130.6113,1941.0997,1078.925,1937.8167,1028.2449,1938.4952,988.4422,1949.3348,959.11786,1970.1499,934.77637,1991.6151,909.3311,2013.7356,1255.914,2024.7903,1226.0825,2043.5695,1203.2965,2058.5894,1175.9697,2072.7192,1136.6176,2083.438,1084.3524,2085.2285,1030.6893,2076.4485,992.4046,2065.016,962.97485,2048.971,939.6065,2033.432,909.3311,2013.7356,867.7804,2016.5538,872.70496,2064.3364,890.52625,2115.9119,930.6594,2176.7776,996.79987,2219.436,1083.4374,2234.4905,1172.6815,2223.4224,1239.9966,2184.4727,1278.747,2126.839,1294.5558,2073.2246,1294.33,2027.2799
469,469,7816,868.37823,2016.5895,865.1849,1966.9729,883.39044,1917.3699,925.59045,1865.9781,1003.8973,1822.3984,1079.21,1834.0469,1155.1735,1823.1714,1231.6825,1868.6274,1277.058,1921.8752,1296.251,1975.0953,1294.6038,2026.6793,1256.0714,2024.1823,1226.5051,2000.1462,1199.5033,1975.939,1171.2789,1954.6239,1131.6324,1941.042,1080.1096,1937.8167,1029.4503,1938.5468,989.4508,1949.4115,959.9474,1970.2224,935.42206,1991.6423,909.7856,2013.715,1256.0714,2024.1823,1226.3395,2042.7782,1203.7491,2057.6057,1176.7218,2071.5288,1137.518,2082.255,1085.2792,2084.1882,1031.6014,2075.6028,993.1245,2064.4275,963.568,2048.6414,940.1307,2033.2549,909.7856,2013.715,868.37823,2016.5895,873.4158,2064.3118,891.4743,2115.7793,931.80786,2176.356,998.038,2218.688,1084.5184,2233.5032,1173.5967,2222.2917,1240.7954,2183.3567,1279.4706,2125.9658,1295.0931,2072.5186,1294.6038,2026.6793
470,470,7833,869.26697,2016.398,866.1538,1966.8175,884.4489,1917.2275,926.6814,1865.8682,1004.85815,1822.32,1080.0345,1833.9894,1155.9045,1823.0509,1232.4094,1868.4357,1277.7327,1921.5692,1296.8103,1974.6522,1294.9056,2026.0787,1256.2224,2023.5906,1226.7749,1999.6923,1199.9526,1975.5725,1171.9672,1954.3153,1132.4795,1940.7927,1081.0286,1937.6443,1030.464,1938.3909,990.4117,1949.2751,960.8902,1970.0878,936.3237,1991.4828,910.6581,2013.4829,1256.2224,2023.5906,1226.6432,2042.0739,1204.2915,2056.795,1177.578,2070.5583,1138.5431,2081.2424,1086.3302,2083.2515,1032.7063,2074.7659,994.1432,2063.751,964.5405,2048.1345,941.0852,2032.8525,910.6581,2013.4829,869.26697,2016.398,874.392,2064.0562,892.5887,2115.4695,933.0432,2175.8513,999.3398,2217.9602,1085.6859,2232.633,1174.695,2221.35,1241.7977,2182.449,1280.3654,2125.2236,1295.7268,2071.854,1294.9056,2026.0787
471,471,7850,869.82715,2016.4733,867.10864,1966.9661,885.645,1917.4669,927.86615,1866.1648,1005.8649,1822.6263,1080.9614,1834.2938,1156.6903,1823.2689,1233.0654,1868.5435,1278.2961,1921.5004,1297.4498,1974.3281,1295.6166,2025.5079,1257.0461,2023.0442,1227.4832,1999.2632,1200.6799,1975.313,1172.7638,1954.1764,1133.2981,1940.7595,1081.9628,1937.6869,1031.47,1938.5026,991.27423,1949.407,961.58936,1970.2009,936.8755,1991.5461,910.98035,2013.5186,1257.0461,2023.0442,1227.5994,2041.238,1205.3689,2055.7336,1178.711,2069.2515,1139.6157,2079.879,1087.3048,2082.0178,1033.602,2073.754,994.79553,2063.03,964.9856,2047.7056,941.47394,2032.6266,910.98035,2013.5186,869.82715,2016.4733,875.11707,2063.9436,893.49225,2115.158,934.16437,2175.2107,1000.5326,2216.8845,1086.6901,2231.2688,1175.4967,2219.8228,1242.5077,2181.04,1281.1675,2124.065,1296.5382,2070.981,1295.6166,2025.5079
472,472,7866,871.9094,2016.6252,868.99774,1967.1769,887.4498,1917.6727,929.6861,1866.3417,1007.633,1822.7764,1082.581,1834.5149,1158.1355,1823.3997,1234.4797,1868.6631,1279.5936,1921.6116,1298.5332,1974.405,1296.3898,2025.423,1257.567,2022.9343,1228.0309,1999.4573,1201.5328,1975.6274,1173.9219,1954.5474,1134.7496,1941.1523,1083.651,1938.0714,1033.3894,1938.8505,993.353,1949.7164,963.7765,1970.4796,939.1999,1991.7808,913.1951,2013.6342,1257.567,2022.9343,1228.085,2040.5862,1205.9443,2054.6377,1179.4766,2067.7854,1140.5319,2078.319,1088.408,2080.5815,1034.9727,2072.4255,996.3494,2061.9712,966.778,2047.0278,943.4679,2032.3215,913.1951,2013.6342,871.9094,2016.6252,876.90204,2063.9434,895.0976,2115.0369,935.64197,2174.9192,1001.95294,2216.406,1087.9386,2230.647,1176.674,2219.1414,1243.6453,2180.3728,1282.2316,2123.5562,1297.4927,2070.6582,1296.3898,2025.423
473,473,7883,872.61584,2016.8351,869.89795,1967.4305,888.59515,1917.9722,931.1236,1866.6841,1009.3101,1823.1267,1084.2454,1834.9065,1159.6895,1823.6761,1236.14,1868.8761,1281.2565,1921.7675,1300.1395,1974.4888,1297.7827,2025.3495,1258.9575,2022.8245,1229.2776,1999.6445,1202.9867,1975.9371,1175.4554,1954.8745,1136.3022,1941.4325,1085.2792,1938.2797,1034.9803,1938.9745,994.73553,1949.8187,964.8856,1970.6223,940.09955,1991.9858,913.797,2013.8386,1258.9575,2022.8245,1229.2859,2039.944,1207.125,2053.5615,1180.6561,2066.3333,1141.6384,2076.7656,1089.5087,2079.1506,1036.0773,2071.2217,997.2786,2061.1216,967.55707,2046.6106,944.16473,2032.2505,913.797,2013.8386,872.61584,2016.8351,877.74866,2064.065,896.14746,2114.9873,936.9286,2174.5723,1003.3424,2215.6885,1089.144,2229.6345,1177.7092,2218.0476,1244.6578,2179.3787,1283.3794,2122.8687,1298.7766,2070.2927,1297.7827,2025.3495
474,474,7900,873.1235,2017.0059,870.7309,1967.6213,889.7495,1918.2059,932.55444,1866.9828,1010.87494,1823.4955,1085.8267,1835.316,1161.175,1824.0363,1237.6097,1869.1711,1282.7233,1922.0011,1301.6549,1974.6556,1299.3298,2025.4104,1260.7975,2022.8602,1230.9781,1999.8134,1204.7522,1976.1932,1177.1394,1955.1494,1137.8762,1941.6661,1086.811,1938.4327,1036.3613,1939.0464,995.79974,1949.8802,965.62366,1970.7225,940.59576,1992.1462,914.08673,2014.0184,1260.7975,2022.8602,1231.1155,2039.7306,1209.0135,2053.1262,1182.4949,2065.6812,1143.3157,2076.015,1091.1063,2078.4216,1037.4951,2070.5774,998.3196,2060.6692,968.25446,2046.4316,944.65094,2032.2959,914.08673,2014.0184,873.1235,2017.0059,878.64575,2064.1992,897.4397,2114.9863,938.6123,2174.3357,1005.21124,2215.182,1090.8816,2228.941,1179.2128,2217.3442,1246.0605,2178.8171,1284.8138,2122.534,1300.2518,2070.1782,1299.3298,2025.4104
475,475,7916,873.31866,2017.3219,871.14026,1967.8083,890.40063,1918.2451,933.4239,1867.1729,1011.92786,1823.7871,1087.0372,1835.6196,1162.4601,1824.254,1239.0164,1869.2786,1284.2343,1922.0791,1303.2546,1974.7433,1300.8698,2025.4983,1262.4703,2022.9268,1232.6675,1999.8953,1206.4634,1976.3115,1178.7427,1955.324,1139.3025,1941.9141,1088.061,1938.7072,1037.3502,1939.2732,996.5018,1949.9995,966.079,1970.7762,940.8555,1992.2646,914.20306,2014.1941,1262.4703,2022.9268,1232.5573,2039.7389,1210.3174,2053.057,1183.6198,2065.522,1144.2628,2075.8257,1091.9352,2078.2827,1038.173,2070.5662,998.7521,2060.7734,968.50714,2046.5735,944.8231,2032.3838,914.20306,2014.1941,873.31866,2017.3219,879.0002,2064.3394,898.0119,2115.0193,939.46405,2174.3672,1006.23413,2214.9934,1091.8318,2228.4973,1179.9938,2216.8364,1246.8073,2178.4456,1285.7565,2122.3845,1301.4814,2070.1848,1300.8698,2025.4983
476,476,7933,873.5235,2017.9601,871.5884,1968.3707,891.0833,1918.637,934.3347,1867.3583,1012.98254,1823.915,1088.1531,1835.8374,1163.6449,1824.5356,1240.3427,1869.5519,1285.7169,1922.3192,1304.8894,1974.9552,1302.6348,2025.678,1264.3297,2023.0936,1234.4893,2000.0688,1208.3107,1976.4954,1180.4335,1955.5133,1140.7697,1942.0773,1089.2695,1938.7864,1038.3308,1939.3898,997.2139,1950.2756,966.5557,1971.1915,941.1628,1992.7263,914.33966,2014.6663,1264.3297,2023.0936,1234.136,2039.8506,1211.7213,2053.081,1184.8171,2065.4485,1145.2408,2075.7227,1092.75,2078.2239,1038.8563,2070.6052,999.2107,2060.8894,968.78796,2046.6674,945.01685,2032.4877,914.33966,2014.6663,873.5235,2017.9601,879.34937,2064.7307,898.5718,2115.181,940.2952,2174.396,1007.2442,2214.914,1092.7664,2228.2214,1180.8315,2216.518,1247.6637,2178.2349,1286.8312,2122.36,1302.878,2070.2957,1302.6348,2025.678
477,477,7950,874.171,2018.5244,872.2576,1968.8368,891.8212,1918.9044,935.16943,1867.4086,1013.9314,1824.1074,1089.1646,1836.0746,1164.7316,1824.779,1241.6295,1869.7747,1287.1904,1922.5248,1306.4995,1975.1467,1304.3142,2025.8519,1265.9486,2023.2628,1236.1024,2000.2188,1209.8763,1976.6484,1181.8861,1955.6807,1142.0802,1942.2549,1090.4244,1938.9341,1039.3292,1939.4634,998.083,1950.4017,967.35065,1971.4833,941.8937,1993.1147,915.04596,2015.1039,1265.9486,2023.2628,1235.6595,2040.0348,1213.2032,2053.2607,1186.197,2065.5994,1146.4879,2075.8298,1093.934,2078.291,1039.9009,2070.6313,1000.1387,2060.9526,969.6207,2046.8115,945.78735,2032.7527,915.04596,2015.1039,874.171,2018.5244,880.0878,2065.2441,899.4552,2115.6157,941.3282,2174.6877,1008.414,2215.0693,1094.0513,2228.3018,1182.193,2216.5752,1249.1344,2178.2559,1288.4482,2122.458,1304.5824,2070.4517,1304.3142,2025.8519
478,478,7966,874.34186,2018.8474,872.5996,1969.3184,892.3267,1919.4382,935.8291,1867.9408,1014.6359,1824.5298,1089.7975,1836.5092,1165.3745,1825.0513,1242.3282,1869.9568,1287.9753,1922.6516,1307.321,1975.24,1305.1559,2025.8844,1266.8062,2023.3065,1236.9896,2000.4261,1210.8253,1977.0518,1182.7595,1956.2888,1142.849,1943.08,1091.078,1939.9541,1039.927,1940.5217,998.56995,1951.3877,967.7112,1972.3156,942.15295,1993.691,915.1777,2015.3771,1266.8062,2023.3065,1236.4337,2040.1737,1213.9183,2053.4116,1186.8075,2065.7307,1146.951,2075.9336,1094.3109,2078.3765,1040.2454,2070.7148,1000.4111,2061.0474,969.82886,2046.9054,945.9438,2032.7786,915.1777,2015.3771,874.34186,2018.8474,880.3397,2065.446,899.7934,2115.7192,941.7216,2174.7244,1008.83734,2215.0806,1094.4376,2228.307,1182.6371,2216.5957,1249.6815,2178.3105,1289.1218,2122.5396,1305.3444,2070.5298,1305.1559,2025.8844
479,479,7983,874.8505,2019.2104,873.1018,1969.6593,892.8188,1919.6703,936.3384,1868.034,1015.2021,1824.6318,1090.3801,1836.6427,1166.0044,1825.23,1243.0416,1870.1404,1288.7839,1922.8225,1308.1876,1975.3977,1306.0524,2026.033,1267.6674,2023.4489,1237.8511,2000.5392,1211.6693,1977.1415,1183.566,1956.3512,1143.5953,1943.109,1091.741,1940.0695,1040.5396,1940.7181,999.16156,1951.6812,968.3032,1972.6873,942.75854,1994.0559,915.7417,2015.6809,1267.6674,2023.4489,1237.183,2040.3163,1214.5927,2053.5464,1187.3893,2065.85,1147.4375,2076.031,1094.7292,2078.4539,1040.6383,2070.7795,1000.8217,2061.096,970.27826,2046.94,946.4483,2032.9152,915.7417,2015.6809,874.8505,2019.2104,880.85376,2065.7295,900.29944,2115.9175,942.19147,2174.8154,1009.2836,2215.1143,1094.8827,2228.3174,1183.1296,2216.6152,1250.2333,2178.372,1289.7844,2122.6462,1306.1298,2070.667,1306.0524,2026.033
480,480,8000,874.87823,2019.2649,873.3901,1969.7896,893.33044,1919.9087,936.9271,1868.3436,1015.79596,1824.8584,1090.9685,1836.8439,1166.5858,1825.2627,1243.552,1870.2273,1289.2817,1922.9396,1308.8207,1975.5293,1306.9216,2026.1606,1268.7507,2023.5713,1238.7572,2000.6334,1212.4305,1977.1697,1184.2498,1956.4545,1144.1849,1943.3389,1092.293,1940.4298,1041.0421,1941.1901,999.5357,1952.1504,968.55206,1973.052,942.85846,1994.2576,915.69995,2015.7351,1268.7507,2023.5713,1238.3511,2040.4368,1215.8308,2053.6628,1188.6049,2065.9534,1148.5326,2076.1138,1095.6298,2078.5217,1041.3572,2070.838,1001.3125,2061.1572,970.56335,2047.0038,946.61096,2032.9648,915.69995,2015.7351,874.87823,2019.2649,881.1195,2065.784,900.7973,2115.9463,942.9263,2174.836,1010.1538,2215.12,1095.8107,2228.3105,1184.0452,2216.624,1251.0654,2178.4268,1290.6116,2122.7454,1306.9567,2070.7866,1306.9216,2026.1606
481,481,8016,875.1663,2019.2892,873.6983,1969.868,893.6134,1919.9816,937.1458,1868.3817,1015.95197,1824.942,1091.0676,1836.9379,1166.6483,1825.3975,1243.6503,1870.3585,1289.4421,1923.0636,1309.059,1975.6453,1307.284,2026.2458,1269.1592,2023.6466,1239.0706,2000.728,1212.6932,1977.2139,1184.4531,1956.5321,1144.3534,1943.5171,1092.4436,1940.7017,1041.2483,1941.5178,999.7946,1952.4669,968.85077,1973.2993,943.1604,1994.3832,915.9225,2015.774,1269.1592,2023.6466,1238.6812,2040.4319,1216.1102,2053.5752,1188.8236,2065.7827,1148.7114,2075.906,1095.8154,2078.3215,1041.6249,2070.7249,1001.6153,2061.1467,970.88385,2047.0859,946.9388,2033.076,915.9225,2015.774,875.1663,2019.2892,881.5587,2065.844,901.33875,2116.0164,943.46606,2174.7722,1010.58655,2214.8245,1096.075,2227.886,1184.1998,2216.2334,1251.1632,2178.1968,1290.7496,2122.6953,1307.1876,2070.8254,1307.284,2026.2458
482,482,8033,875.72504,2019.6444,874.1471,1970.2384,893.9888,1920.2064,937.49115,1868.4672,1016.3096,1825.0415,1091.3998,1837.0607,1167.0038,1825.5454,1244.1344,1870.4928,1289.9935,1923.1816,1309.573,1975.7512,1307.7395,2026.3246,1269.4729,2023.7141,1239.3977,2000.817,1213.0925,1977.294,1184.8811,1956.5913,1144.7917,1943.5485,1092.8289,1940.8278,1041.6866,1941.7007,1000.3327,1952.7477,969.4946,1973.6698,943.8998,1994.7706,916.6265,2016.0365,1269.4729,2023.7141,1238.924,2040.3981,1216.3252,2053.4382,1189.0294,2065.5652,1148.9117,2075.6768,1096.0319,2078.144,1041.9598,2070.6394,1002.0794,2061.167,971.4831,2047.1722,947.6481,2033.1162,916.6265,2016.0365,875.72504,2019.6444,882.033,2066.0715,901.7424,2116.1238,943.8216,2174.7876,1010.92114,2214.8044,1096.373,2227.7935,1184.5482,2216.1367,1251.5247,2178.142,1291.1359,2122.708,1307.6069,2070.8733,1307.7395,2026.3246
483,483,8050,875.7054,2019.7072,874.1921,1970.3022,894.0623,1920.2417,937.5436,1868.5502,1016.3366,1825.1877,1091.4193,1837.2125,1167.0177,1825.6671,1244.1614,1870.5753,1290.0354,1923.2258,1309.6854,1975.7347,1307.9587,2026.2062,1269.7562,2023.5791,1239.6094,2000.8044,1213.25,1977.3701,1184.9941,1956.7048,1144.8541,1943.6782,1092.8739,1940.9386,1041.7393,1941.7563,1000.3653,1952.7937,969.51215,1973.7474,943.88763,1994.8336,916.57117,2016.0621,1269.7562,2023.5791,1239.2018,2040.0905,1216.5922,2053.0354,1189.2476,2065.0813,1149.0819,2075.147,1096.1785,2077.629,1042.0969,2070.2893,1002.1667,2061.021,971.50793,2047.2018,947.6482,2033.2198,916.57117,2016.0621,875.7054,2019.7072,882.1195,2066.1367,901.92633,2116.1702,944.09015,2174.585,1011.19385,2214.2234,1096.5648,2226.9734,1184.6461,2215.3354,1251.5856,2177.5156,1291.234,2122.3042,1307.7653,2070.619,1307.9587,2026.2062
484,484,8066,875.7232,2019.7499,874.20435,1970.4009,894.0424,1920.3745,937.50415,1868.7031,1016.2673,1825.3213,1091.3462,1837.3337,1166.9608,1825.7738,1244.1041,1870.6617,1289.9866,1923.2769,1309.6542,1975.719,1307.9447,2025.9835,1269.7452,2023.2944,1239.5962,2000.7882,1213.2306,1977.4412,1184.9565,1956.7976,1144.796,1943.7692,1092.7924,1941.0085,1041.6567,1941.8447,1000.29553,1952.8915,969.46466,1973.845,943.89435,1994.9265,916.5841,2016.0942,1269.7452,2023.2944,1239.1929,2039.2336,1216.5717,2051.6675,1189.2239,2063.267,1149.069,2073.0776,1096.1317,2075.5352,1042.0232,2068.2942,1002.09375,2059.4119,971.4557,2046.2023,947.62384,2032.8191,916.5841,2016.0942,875.7232,2019.7499,882.1235,2065.992,901.896,2115.6821,944.02625,2173.5183,1011.11285,2212.615,1096.486,2225.182,1184.5889,2213.718,1251.5464,2176.2446,1291.2102,2121.4485,1307.7462,2070.0981,1307.9447,2025.9835
485,485,8083,875.6883,2019.589,874.19995,1970.4373,894.02637,1920.4905,937.4622,1868.8506,1016.195,1825.4412,1091.2957,1837.4359,1166.9216,1825.8662,1244.0172,1870.7446,1289.8842,1923.3242,1309.5706,1975.6469,1307.9167,2025.5724,1269.6938,2022.8181,1239.5167,2000.7001,1213.1793,1977.4904,1184.9254,1956.885,1144.7684,1943.8717,1092.7281,1941.1082,1041.5673,1941.9617,1000.20856,1953.011,969.3999,1973.9442,943.8663,1994.9647,916.54645,2015.912,1269.6938,2022.8181,1239.1072,2038.0337,1216.4807,2049.997,1189.1481,2061.3115,1149.0195,2071.0413,1096.1,2073.5227,1041.955,2066.3054,1002.02716,2057.5784,971.41205,2044.7783,947.60077,2031.9846,916.54645,2015.912,875.6883,2019.589,882.1021,2065.4875,901.85474,2114.82,943.95496,2172.253,1011.03766,2211.0916,1096.4448,2223.5862,1184.5503,2212.1924,1251.4706,2174.8347,1291.1143,2120.287,1307.6747,2069.2778,1307.9167,2025.5724
486,486,8100,875.6666,2019.5375,874.18005,1970.5055,894.00665,1920.5944,937.4481,1868.9592,1016.1714,1825.5267,1091.202,1837.4946,1166.8151,1825.9445,1243.9763,1870.8157,1289.8713,1923.3394,1309.5522,1975.5479,1307.908,2025.1742,1269.6846,2022.3931,1239.51,2000.6559,1213.1619,1977.5511,1184.9033,1956.9204,1144.7539,1943.9696,1092.6691,1941.2968,1041.5271,1942.1086,1000.18915,1953.0771,969.3805,1973.9897,943.835,1995.0359,916.5051,2015.8555,1269.6846,2022.3931,1239.0394,2037.2628,1216.3485,2048.9688,1188.9403,2060.1318,1148.7405,2069.8342,1095.8141,2072.3713,1041.7859,2065.2317,1001.91,2056.6702,971.3406,2044.1439,947.5658,2031.6506,916.5051,2015.8555,875.6666,2019.5375,882.06854,2065.329,901.8279,2114.481,943.93036,2171.5388,1010.9568,2209.986,1096.2028,2222.313,1184.2303,2210.9497,1251.1326,2173.7493,1290.854,2119.4832,1307.5557,2068.6963,1307.908,2025.1742
487,487,8116,875.5996,2019.345,874.1237,1970.5104,893.95703,1920.6765,937.39984,1869.0615,1016.11285,1825.5876,1091.1726,1837.5271,1166.7766,1825.9707,1243.935,1870.8317,1289.8394,1923.3822,1309.5339,1975.5754,1307.8949,2025.0706,1269.6744,2022.2592,1239.4985,2000.6774,1213.1428,1977.5933,1184.8741,1956.9413,1144.7157,1944.0404,1092.6259,1941.3964,1041.4623,1942.1299,1000.1125,1953.1512,969.29755,1974.069,943.7513,1995.0565,916.43555,2015.6632,1269.6744,2022.2592,1239.034,2036.8568,1216.3354,2048.3867,1188.9141,2059.411,1148.6948,2069.0288,1095.781,2071.5195,1041.7512,2064.311,1001.8587,2055.741,971.2767,2043.3522,947.4927,2031.1165,916.43555,2015.6632,875.5996,2019.345,882.00726,2064.9758,901.7698,2114.0146,943.87427,2170.9756,1010.9117,2209.4092,1096.1873,2221.7798,1184.1997,2210.5078,1251.1088,2173.375,1290.8345,2119.1733,1307.5474,2068.4697,1307.8949,2025.0706
488,488,8133,875.5453,2019.3849,874.0717,1970.5325,893.9187,1920.7332,937.3673,1869.1918,1016.0573,1825.7373,1091.1309,1837.6844,1166.7505,1826.0801,1243.8629,1870.866,1289.7277,1923.4233,1309.35,1975.5958,1307.7056,2024.948,1269.523,2022.1195,1239.4023,2000.6862,1213.1112,1977.6389,1184.8608,1956.9642,1144.6814,1944.144,1092.5831,1941.5732,1041.3978,1942.2876,1000.03784,1953.2689,969.22046,1974.1304,943.6802,1995.086,916.3997,2015.7069,1269.523,2022.1195,1238.788,2036.5775,1216.0337,2048.0261,1188.5719,2059.0044,1148.3276,2068.6292,1095.4326,2071.1714,1041.5646,2064.0168,1001.7487,2055.5308,971.22205,2043.2417,947.4716,2031.0992,916.3997,2015.7069,875.5453,2019.3849,881.9585,2064.9783,901.7324,2113.913,943.85315,2170.637,1010.80566,2208.805,1095.8624,2221.0623,1183.7274,2209.7573,1250.5323,2172.6987,1290.273,2118.707,1307.1412,2068.2012,1307.7056,2024.948
489,489,8150,875.5311,2019.4194,874.134,1970.5685,894.0203,1920.886,937.4674,1869.5209,1016.0637,1826.2139,1091.0779,1838.2377,1166.6978,1826.6158,1243.8347,1871.282,1289.7153,1923.6184,1309.3314,1975.6284,1307.6958,2024.9681,1269.5076,2022.1316,1239.3853,2000.7131,1213.0928,1977.8002,1184.8276,1957.2542,1144.6351,1944.51,1092.5236,1941.9896,1041.3597,1942.6365,1000.0323,1953.5342,969.2302,1974.2974,943.7005,1995.1309,916.3717,2015.7435,1269.5076,2022.1316,1238.746,2036.399,1215.993,2047.6847,1188.5529,2058.5103,1148.3025,2068.0332,1095.3848,2070.5332,1041.5211,2063.3816,1001.7282,2054.9753,971.22046,2042.8615,947.4672,2030.942,916.3717,2015.7435,875.5311,2019.4194,881.958,2064.9392,901.72516,2113.7458,943.81836,2170.2732,1010.74927,2208.2825,1095.7992,2220.522,1183.6815,2209.2874,1250.5078,2172.3464,1290.2565,2118.505,1307.1234,2068.1272,1307.6958,2024.9681
490,490,8166,875.4839,2019.5881,874.1047,1970.8003,894.00433,1921.1104,937.4603,1869.7427,1016.041,1826.3833,1091.0355,1838.382,1166.652,1826.6992,1243.7866,1871.304,1289.6737,1923.6454,1309.3037,1975.6578,1307.6841,2024.983,1269.4979,2022.1451,1239.3768,2000.7396,1213.0948,1977.8391,1184.8212,1957.3027,1144.6112,1944.5535,1092.4763,1942.0098,1041.3119,1942.674,999.9818,1953.6205,969.17413,1974.4363,943.64343,1995.2961,916.3161,2015.8824,1269.4979,2022.1451,1238.7319,2036.4491,1215.9679,2047.7772,1188.5189,2058.639,1148.2682,2068.1636,1095.3567,2070.6355,1041.499,2063.4546,1001.69305,2055.0107,971.17426,2042.904,947.4122,2031.0338,916.3161,2015.8824,875.4839,2019.5881,881.91675,2065.0813,901.68445,2113.8315,943.77295,2170.2883,1010.7035,2208.329,1095.77,2220.5833,1183.666,2209.3496,1250.468,2172.3967,1290.2092,2118.541,1307.1039,2068.1519,1307.6841,2024.983
491,491,8183,875.4706,2019.6011,874.0709,1970.8274,893.98145,1921.2917,937.44006,1870.1035,1016.0062,1826.8735,1091.0073,1839.0332,1166.6256,1827.2595,1243.7378,1871.7987,1289.6163,1923.9315,1309.2588,1975.7295,1307.6758,2024.9971,1269.4901,2022.1543,1239.352,2000.8455,1213.0807,1978.2845,1184.8031,1958.1068,1144.5985,1945.6102,1092.4545,1943.1692,1041.2709,1943.7012,999.93414,1954.3492,969.12555,1974.8351,943.59973,1995.3923,916.2714,2015.9028,1269.4901,2022.1543,1238.7145,2036.2397,1215.9403,2047.3823,1188.4799,2058.1204,1148.2141,2067.6277,1095.3127,2070.1262,1041.4753,2062.9282,1001.6603,2054.508,971.14,2042.5206,947.3844,2030.8452,916.2714,2015.9028,875.4706,2019.6011,881.88226,2064.9927,901.6465,2113.633,943.731,2169.988,1010.6678,2207.9863,1095.7253,2220.2356,1183.5743,2209.013,1250.3628,2172.073,1290.1161,2118.31,1307.0529,2068.056,1307.6758,2024.9971
492,492,8200,875.2436,2020.1022,874.06036,1971.8215,893.957,1922.705,937.42645,1871.9904,1015.9782,1828.9686,1090.9706,1841.0112,1166.502,1828.9572,1243.4746,1872.9034,1289.321,1924.4618,1308.9797,1975.8762,1307.5613,2025.0131,1269.4648,2022.1719,1239.3389,2000.9368,1213.0697,1978.6086,1184.7942,1958.7257,1144.574,1946.5608,1092.3916,1944.392,1041.1937,1944.9633,999.83496,1955.5394,968.9215,1975.8518,943.2565,1996.1737,915.7608,2016.3663,1269.4648,2022.1719,1238.609,2036.2639,1215.7227,2047.4205,1188.1031,2058.1904,1147.6803,2067.7385,1094.6846,2070.241,1040.9672,2063.0107,1001.1486,2054.5464,970.6001,2042.6818,946.8613,2031.1356,915.7608,2016.3663,875.2436,2020.1022,881.7376,2065.3284,901.5416,2113.7625,943.62695,2170.0232,1010.4686,2207.881,1095.195,2219.9634,1182.7957,2208.6313,1249.4624,2171.7498,1289.3379,2118.166,1306.6086,2068.029,1307.5613,2025.0131
493,493,8216,875.20917,2020.3047,874.0366,1972.2759,893.95294,1923.3634,937.42456,1872.8092,1015.9525,1829.8798,1090.9346,1842.1195,1166.4822,1829.8936,1243.4468,1873.7797,1289.2872,1925.1439,1308.9701,1976.3201,1307.6763,2025.1797,1269.6278,2022.3188,1239.3922,2001.4391,1213.0869,1979.497,1184.7749,1959.9387,1144.5403,1948.0083,1092.3488,1945.9397,1041.153,1946.4141,999.79333,1956.725,968.8789,1976.7434,943.21674,1996.728,915.74475,2016.5596,1269.6278,2022.3188,1238.6934,2036.2983,1215.764,2047.4733,1188.0989,2058.2437,1147.6514,2067.7942,1094.6504,2070.301,1040.9325,2063.0767,1001.11316,2054.6162,970.56464,2042.7422,946.8266,2031.1638,915.74475,2016.5596,875.20917,2020.3047,881.70685,2065.3975,901.5197,2113.7725,943.6011,2170.0498,1010.43506,2207.9138,1095.151,2220.0063,1182.7583,2208.68,1249.4453,2171.7935,1289.3517,2118.1882,1306.653,2068.071,1307.6763,2025.1797
494,494,8233,875.1823,2021.1202,874.0368,1973.4867,894.0051,1924.9352,937.4454,1874.7219,1015.93195,1831.9125,1090.8698,1844.1403,1166.2964,1831.6022,1243.1387,1875.0394,1289.0034,1925.9478,1308.8167,1976.7451,1307.671,2025.2925,1269.6434,2022.4496,1239.3915,2001.7786,1213.0765,1980.0641,1184.7587,1960.7421,1144.5269,1949.0745,1092.3232,1947.2108,1041.1396,1947.7526,999.77936,1958.0166,968.85254,1977.9282,943.1554,1997.7356,915.6202,2017.3501,1269.6434,2022.4496,1238.6841,2036.3933,1215.7456,2047.5374,1188.016,2058.2932,1147.4999,2067.8718,1094.4889,2070.4197,1040.8264,2063.2747,1001.0053,2054.9287,970.4429,2043.1915,946.7171,2031.7573,915.6202,2017.3501,875.1823,2021.1202,881.68,2066.0063,901.512,2114.0928,943.585,2170.0986,1010.39624,2207.941,1095.0679,2220.0142,1182.5095,2208.6902,1249.0927,2171.832,1289.0663,2118.215,1306.5238,2068.1226,1307.671,2025.2925
495,495,8250,875.1468,2021.4578,874.05994,1974.1505,894.098,1925.9802,937.5212,1876.2089,1015.90826,1833.8011,1090.8495,1846.1527,1166.2073,1833.5417,1242.9108,1876.6101,1288.7794,1927.0626,1308.6885,1977.424,1307.6644,2025.58,1269.6392,2022.7439,1239.384,2002.2599,1213.0659,1980.6741,1184.7483,1961.4507,1144.5164,1949.8658,1092.2993,1948.0593,1041.124,1948.5352,999.7571,1958.7184,968.83527,1978.5472,943.13855,1998.2653,915.6014,2017.7078,1269.6392,2022.7439,1238.6754,2036.6152,1215.735,2047.7323,1188.0046,2058.4817,1147.4716,2068.0823,1094.4514,2070.6526,1040.815,2063.5203,1000.99457,2055.1826,970.4289,2043.4534,946.704,2032.0475,915.6014,2017.7078,875.1468,2021.4578,881.6534,2066.3037,901.4878,2114.338,943.55597,2170.2573,1010.3661,2208.0154,1095.033,2220.056,1182.4475,2208.741,1249.018,2171.9097,1289.0045,2118.3477,1306.482,2068.3235,1307.6644,2025.58
496,496,8266,875.13135,2022.4119,874.0993,1975.6741,894.2562,1927.9751,937.6703,1878.5973,1015.8996,1836.2596,1090.8295,1848.5372,1166.0503,1835.7208,1242.5109,1878.4214,1288.3353,1928.3396,1308.3593,1978.1389,1307.5621,2025.7764,1269.595,2022.9458,1239.3226,2002.8358,1213.012,1981.5612,1184.6818,1962.5927,1144.4697,1951.2289,1092.2726,1949.6306,1041.0978,1950.1401,999.72375,1960.3303,968.8032,1980.0817,943.12164,1999.5975,915.5357,2018.6345,1269.595,2022.9458,1238.5848,2036.643,1215.6119,2047.7778,1187.8427,2058.5508,1147.2954,2068.1567,1094.3013,2070.7139,1040.7465,2063.549,1000.9468,2055.2664,970.3826,2043.6797,946.66174,2032.4958,915.5357,2018.6345,875.13135,2022.4119,881.6323,2066.8977,901.4676,2114.66,943.53503,2170.3433,1010.34863,2208.0403,1094.892,2220.0793,1182.2108,2208.7625,1248.7102,2171.9414,1288.6913,2118.3738,1306.2468,2068.376,1307.5621,2025.7764
497,497,8283,875.06433,2022.6848,874.0847,1976.1266,894.2645,1928.6204,937.68335,1879.4825,1015.8872,1837.3735,1090.7568,1849.785,1165.9008,1836.9454,1242.2703,1879.4779,1288.1584,1929.1433,1308.2913,1978.7114,1307.5552,2026.0913,1269.6173,2023.2731,1239.3315,2003.2842,1213.0034,1982.0759,1184.669,1963.1742,1144.4486,1951.8572,1092.2087,1950.2966,1041.0334,1950.7157,999.6484,1960.8304,968.6874,1980.5184,942.9739,1999.9844,915.3812,2018.9363,1269.6173,2023.2731,1238.5793,2037.1113,1215.5994,2048.3508,1187.8298,2059.2754,1147.245,2069.022,1094.2085,2071.6406,1040.6533,2064.4177,1000.83795,2056.0151,970.2524,2044.2703,946.5286,2032.9637,915.3812,2018.9363,875.06433,2022.6848,881.6015,2067.3127,901.44415,2115.2131,943.5084,2170.957,1010.30853,2208.6328,1094.8217,2220.6726,1182.1654,2209.3765,1248.6857,2172.5483,1288.6793,2118.9197,1306.2357,2068.801,1307.5552,2026.0913
498,498,8300,874.9893,2023.1122,874.069,1976.7689,894.2569,1929.3475,937.6713,1880.2108,1015.8231,1838.0352,1090.5619,1850.557,1165.6062,1837.7413,1241.9862,1880.4716,1287.9242,1930.1409,1308.1299,1979.5516,1307.5148,2026.5907,1269.5782,2023.7698,1239.2118,2004.3075,1212.8717,1983.518,1184.486,1964.9053,1144.2578,1953.6873,1092.0322,1952.0991,1040.9458,1952.4154,999.6039,1962.335,968.6472,1981.7324,942.93823,2000.8518,915.27765,2019.3716,1269.5782,2023.7698,1238.4799,2037.2747,1215.4587,2048.3955,1187.6498,2059.3057,1147.0316,2069.0603,1094.0093,2071.6714,1040.5387,2064.4539,1000.7628,2056.0383,970.195,2044.3231,946.4678,2033.1221,915.27765,2019.3716,874.9893,2023.1122,881.55524,2067.6252,901.3925,2115.4695,943.435,2171.1787,1010.20044,2208.8345,1094.6525,2220.8682,1182.0266,2209.5793,1248.5848,2172.7485,1288.5908,2119.1592,1306.1599,2069.1267,1307.5148,2026.5907
499,499,8316,874.83527,2023.2893,874.0383,1977.0612,894.25073,1929.7385,937.66534,1880.68,1015.76196,1838.5365,1090.3444,1851.0671,1165.2638,1838.3423,1241.4799,1881.1299,1287.3662,1930.764,1307.5758,1980.0634,1307.114,2026.9032,1269.2944,2024.0881,1238.9542,2004.7509,1212.6268,1984.0171,1184.2302,1965.4104,1144.0098,1954.1625,1091.7782,1952.5369,1040.7549,1952.8164,999.4348,1962.7036,968.45166,1982.0608,942.69305,2001.1277,915.00336,2019.5701,1269.2944,2024.0881,1238.146,2037.5892,1215.1167,2048.729,1187.2849,2059.6838,1146.6501,2069.49,1093.6234,2072.1245,1040.23,2064.8928,1000.48065,2056.4333,969.9212,2044.6401,946.2116,2033.3771,915.00336,2019.5701,874.83527,2023.2893,881.4398,2067.8328,901.28107,2115.6924,943.2865,2171.3796,1009.964,2208.999,1094.248,2221.0305,1181.553,2209.7449,1248.0553,2172.9246,1288.0266,2119.3765,1305.625,2069.3953,1307.114,2026.9032
500,500,8333,874.35754,2023.9849,873.66254,1977.8153,893.9004,1930.4469,937.295,1881.2552,1015.3762,1838.938,1089.9044,1851.4847,1164.8557,1838.7616,1241.222,1881.7426,1287.1892,1931.4525,1307.4991,1980.7036,1307.1093,2027.3542,1269.2896,2024.5372,1238.9088,2005.5638,1212.5266,1985.1295,1184.0249,1966.7214,1143.6802,1955.5818,1091.3821,1953.9569,1040.3954,1954.2762,999.05835,1964.0874,968.0435,1983.281,942.2692,2002.1166,914.41705,2020.2596,1269.2896,2024.5372,1238.1143,2037.7308,1215.0303,2048.7566,1187.1002,2059.7246,1146.3486,2069.5347,1093.2716,2072.1682,1039.9031,2064.9294,1000.0979,2056.4775,969.47284,2044.8,945.723,2033.6982,914.41705,2020.2596,874.35754,2023.9849,881.0705,2068.3435,900.97156,2116.0505,943.0348,2171.5903,1009.7225,2209.0923,1093.9462,2221.082,1181.2194,2209.7961,1247.8019,2173.0015,1287.8854,2119.5261,1305.568,2069.6667,1307.1093,2027.3542
501,501,8350,874.0801,2024.2134,873.5391,1978.1504,893.8241,1930.8226,937.2181,1881.5858,1015.22485,1839.1512,1089.5874,1851.6688,1164.3854,1839.0001,1240.6125,1882.1285,1286.485,1931.8918,1306.7919,1981.0793,1306.5641,2027.5588,1268.8207,2024.7411,1238.3098,2005.9987,1211.964,1985.7286,1183.4756,1967.412,1143.2039,1956.2766,1091.0371,1954.6108,1040.1566,1954.9501,998.86694,1964.756,967.8434,1983.8722,942.03357,2002.5675,914.04956,2020.5107,1268.8207,2024.7411,1237.5533,2037.7499,1214.4388,2048.794,1186.5018,2059.7534,1145.8009,2069.5498,1092.8635,2072.1833,1039.5958,2064.962,999.82794,2056.5242,969.1944,2044.824,945.427,2033.759,914.04956,2020.5107,874.0801,2024.2134,880.85004,2068.453,900.7553,2116.0989,942.7872,2171.6045,1009.4042,2209.1077,1093.5106,2221.1016,1180.6257,2209.815,1247.1636,2173.0112,1287.2303,2119.5598,1304.9326,2069.7554,1306.5641,2027.5588
502,502,8366,873.6334,2024.2776,873.27673,1978.3138,893.6083,1931.0818,936.98364,1881.9197,1014.80426,1839.5,1088.963,1851.9633,1163.6204,1839.3059,1239.6729,1882.393,1285.5416,1932.0747,1305.9332,1981.1643,1305.9644,2027.566,1268.326,2024.7462,1237.7639,2006.0538,1211.4124,1985.8306,1182.8501,1967.5582,1142.5559,1956.461,1090.4094,1954.8278,1039.563,1955.1796,998.3238,1964.9929,967.296,1984.0844,941.4991,2002.7273,913.4942,2020.5881,1268.326,2024.7462,1237.0162,2037.7734,1213.8918,2048.8254,1185.93,2059.7854,1145.2277,2069.581,1092.3845,2072.215,1039.1556,2064.9983,999.40497,2056.5623,968.7556,2044.8481,944.9676,2033.7849,913.4942,2020.5881,873.6334,2024.2776,880.54846,2068.4792,900.4738,2116.109,942.4509,2171.6223,1008.99036,2209.1243,1093.0033,2221.118,1180.0192,2209.8276,1246.5562,2173.0198,1286.598,2119.5718,1304.2797,2069.7678,1305.9644,2027.566
503,503,8383,873.5776,2024.271,873.2222,1978.3125,893.5129,1931.0717,936.802,1881.8912,1014.41815,1839.4587,1088.2866,1851.9147,1162.6808,1839.2643,1238.4517,1882.3909,1284.039,1932.1163,1304.1696,1981.2087,1304.1432,2027.5718,1266.5072,2024.7546,1236.0122,2006.0771,1209.8618,1985.862,1181.5127,1967.5807,1141.5223,1956.4609,1089.6978,1954.811,1039.1404,1955.1643,998.0884,1964.984,967.1523,1984.0814,941.4011,2002.7268,913.4252,2020.584,1266.5072,2024.7546,1235.3362,2037.7874,1212.4166,2048.825,1184.7054,2059.7754,1144.2606,2069.5742,1091.6786,2072.2166,1038.6797,2064.9895,999.1077,2056.5498,968.5788,2044.8282,944.8605,2033.7739,913.4252,2020.584,873.5776,2024.271,880.46594,2068.4539,900.3042,2116.09,942.09564,2171.6316,1008.4333,2209.1416,1092.2837,2221.131,1179.1732,2209.8435,1245.5453,2173.0447,1285.27,2119.5918,1302.6316,2069.7834,1304.1432,2027.5718
504,504,8400,873.22687,2024.3578,872.8963,1978.4109,893.161,1931.1425,936.3548,1881.9263,1013.7579,1839.4541,1087.4114,1851.8812,1161.6818,1839.2408,1237.297,1882.3743,1282.7296,1932.1138,1302.6096,1981.2098,1302.3762,2027.5662,1264.6792,2024.7439,1234.4238,2006.068,1208.5071,1985.8541,1180.3231,1967.5701,1140.5153,1956.4377,1088.8256,1954.7793,1038.4813,1955.1389,997.59753,1964.9773,966.7455,1984.1034,941.0303,2002.777,913.09186,2020.6528,1264.6792,2024.7439,1233.5521,2037.7943,1210.7356,2048.8389,1183.2085,2059.7988,1142.9591,2069.5962,1090.516,2072.2358,1037.7311,2065.0254,998.3549,2056.6018,968.00726,2044.8876,944.4184,2033.8453,913.09186,2020.6528,873.22687,2024.3578,880.03436,2068.5195,899.75604,2116.1416,941.37,2171.6616,1007.5491,2209.149,1091.188,2221.1477,1177.9641,2209.8657,1244.1196,2173.053,1283.5852,2119.5833,1300.8223,2069.7727,1302.3762,2027.5662
505,505,8416,873.17004,2024.366,872.8619,1978.4333,893.116,1931.1619,936.2692,1881.9279,1013.5796,1839.4321,1087.1306,1851.8497,1161.273,1839.2225,1236.7358,1882.3705,1282.0696,1932.1205,1301.8954,1981.2131,1301.7109,2027.5635,1264.0337,2024.7386,1233.7942,2006.0664,1207.916,1985.85,1179.7908,1967.5593,1140.097,1956.4194,1088.5293,1954.7568,1038.2727,1955.1222,997.4581,1964.9717,966.64636,1984.11,940.9451,2002.7896,913.0184,2020.6599,1264.0337,2024.7386,1232.8927,2037.7897,1210.0934,2048.8328,1182.6188,2059.796,1142.4718,2069.6023,1090.1522,2072.251,1037.4481,2065.0461,998.1567,2056.6292,967.86346,2044.9111,944.31696,2033.8607,913.0184,2020.6599,873.17004,2024.366,879.97534,2068.5266,899.6594,2116.1533,941.1816,2171.6763,1007.2559,2209.163,1090.818,2221.165,1177.489,2209.8848,1243.5405,2173.0693,1282.9161,2119.5886,1300.1199,2069.769,1301.7109,2027.5635
506,506,8433,872.1029,2024.391,872.2235,1978.487,892.6891,1931.2527,935.876,1882.0588,1013.0737,1839.5598,1086.4886,1851.9513,1160.5034,1839.3265,1235.7335,1882.4347,1280.9894,1932.153,1300.8357,1981.222,1300.835,2027.5645,1263.3789,2024.741,1233.2009,2006.06,1207.2887,1985.8457,1179.1198,1967.5472,1139.4226,1956.4003,1087.8359,1954.7397,1037.5394,1955.1125,996.6422,1964.9739,965.66797,1984.1224,939.7506,2002.8086,911.73444,2020.692,1263.3789,2024.741,1232.2701,2037.825,1209.4904,2048.9302,1181.9869,2059.9812,1141.8165,2069.8743,1089.4303,2072.5825,1036.6328,2065.3684,997.23413,2056.9172,966.7855,2045.1329,943.1424,2034.012,911.73444,2020.692,872.1029,2024.391,879.1659,2068.5725,898.9997,2116.202,940.5535,2171.7085,1006.5869,2209.1875,1090.0701,2221.1958,1176.6792,2209.9038,1242.6111,2173.0808,1281.904,2119.596,1299.1094,2069.779,1300.835,2027.5645
507,507,8450,871.4886,2024.8396,871.7448,1978.8721,892.28625,1931.6078,935.4412,1882.4114,1012.5261,1839.8695,1085.8616,1852.2045,1159.8713,1839.5278,1235.0314,1882.5531,1280.282,1932.2317,1300.1238,1981.2856,1300.1561,2027.609,1262.7438,2024.7986,1232.6353,2006.0936,1206.742,1985.8562,1178.5754,1967.5465,1138.8717,1956.3972,1087.2103,1954.7524,1036.9122,1955.1552,996.02405,1965.0835,965.0358,1984.3206,939.10016,2003.1163,911.10004,2021.153,1262.7438,2024.7986,1231.6238,2038.0458,1208.8528,2049.3015,1181.3575,2060.5476,1141.1809,2070.6355,1088.6995,2073.4802,1035.8729,2066.3408,996.4927,2057.8901,966.07996,2046.0012,942.4818,2034.7336,911.10004,2021.153,871.4886,2024.8396,878.5111,2069.1396,898.30554,2116.8267,939.8257,2172.2988,1005.84216,2209.6982,1089.3007,2221.6575,1176.0098,2210.2693,1241.9078,2173.3262,1281.1759,2119.764,1298.3817,2069.8843,1300.1561,2027.609
508,508,8466,871.0535,2025.3665,871.4967,1979.4072,892.14856,1932.1569,935.3303,1882.9877,1012.3643,1840.4109,1085.6389,1852.6708,1159.5935,1839.9641,1234.6586,1882.8733,1279.8955,1932.477,1299.7451,1981.4841,1299.822,2027.7487,1262.5066,2024.9254,1232.4501,2006.1713,1206.5635,1985.9026,1178.3711,1967.5829,1138.6566,1956.4414,1086.9805,1954.8253,1036.6564,1955.2617,995.72174,1965.2561,964.64526,1984.5784,938.61646,2003.4736,910.5584,2021.6512,1262.5066,2024.9254,1231.4172,2038.2319,1208.638,2049.4927,1181.1025,2060.7336,1140.8925,2070.8245,1088.3889,2073.6936,1035.5227,2066.6038,996.07086,2058.2456,965.5642,2046.4537,941.92847,2035.2532,910.5584,2021.6512,871.0535,2025.3665,878.1423,2069.5754,897.9993,2117.1187,939.5746,2172.4282,1005.5981,2209.7324,1089.0061,2221.671,1175.6467,2210.2805,1241.5039,2173.3594,1280.7877,2119.8406,1298.0146,2070.0012,1299.822,2027.7487
509,509,8483,871.0805,2025.8389,871.5366,1979.8292,892.20294,1932.527,935.37976,1883.3147,1012.3822,1840.6953,1085.644,1852.9076,1159.5936,1840.2122,1234.6439,1883.0846,1279.8616,1932.672,1299.6852,1981.6761,1299.7288,2027.9146,1262.3945,2025.0782,1232.3733,2006.2783,1206.5161,1985.9629,1178.3506,1967.6168,1138.6532,1956.4623,1086.9797,1954.8539,1036.6606,1955.3169,995.7371,1965.3798,964.67096,1984.8005,938.6526,2003.8121,910.60693,2022.1077,1262.3945,2025.0782,1231.3514,2038.434,1208.5995,2049.7378,1181.0907,2061.034,1140.8923,2071.175,1088.3905,2074.0894,1035.5271,2067.0444,996.08435,2058.733,965.58954,2046.9512,941.96173,2035.7402,910.60693,2022.1077,871.0805,2025.8389,878.15106,2070.0112,897.99854,2117.5503,939.5704,2172.8328,1005.5947,2210.0984,1089.0055,2222.0073,1175.6483,2210.5938,1241.5098,2173.6199,1280.7872,2120.0479,1297.9797,2070.1738,1299.7288,2027.9146
510,510,8500,871.123,2027.3987,871.5549,1981.1112,892.2132,1933.4807,935.3883,1883.9705,1012.39343,1841.094,1085.6465,1853.188,1159.5964,1840.4727,1234.6501,1883.366,1279.8687,1933.0437,1299.6373,1982.14,1299.5319,2028.3875,1262.1825,2025.5323,1232.2437,2006.7211,1206.4647,1986.378,1178.334,1968.0272,1138.6504,1956.909,1086.9786,1955.3567,1036.6686,1955.9739,995.75916,1966.2405,964.7039,1985.8657,938.6997,2005.0695,910.6611,2023.5686,1262.1825,2025.5323,1231.1896,2038.8982,1208.47,2050.1838,1181.0029,2061.4937,1140.841,2071.7036,1088.3607,2074.7354,1035.5226,2067.8616,996.08307,2059.773,965.5955,2048.172,941.9844,2037.093,910.6611,2023.5686,871.123,2027.3987,878.16187,2071.4297,897.9965,2118.7852,939.5661,2173.8127,1005.5907,2210.803,1088.9767,2222.539,1175.5968,2211.012,1241.423,2173.958,1280.6558,2120.3953,1297.8121,2070.5781,1299.5319,2028.3875
511,511,8516,871.21204,2028.0746,871.6948,1981.7681,892.3941,1934.1106,935.5743,1884.5348,1012.5569,1841.5475,1085.7693,1853.5857,1159.6672,1840.8215,1234.6943,1883.7013,1279.894,1933.3541,1299.6492,1982.4003,1299.5444,2028.5662,1262.2112,2025.7146,1232.2659,2006.9662,1206.5,1986.6808,1178.3771,1968.3898,1138.7146,1957.3384,1087.0945,1955.8491,1036.8131,1956.5557,995.9088,1966.8904,964.8269,1986.5541,938.7992,2005.7472,910.7298,2024.2412,1262.2112,2025.7146,1231.2131,2039.0623,1208.491,2050.3481,1181.0253,2061.685,1140.8711,2071.9592,1088.4037,2075.064,1035.5775,2068.2676,996.1446,2060.2422,965.6565,2048.697,942.04895,2037.6816,910.7298,2024.2412,871.21204,2028.0746,878.2628,2072.0122,898.1042,2119.2932,939.67664,2174.246,1005.67706,2211.1633,1089.0302,2222.8445,1175.6188,2211.2507,1241.4276,2174.1357,1280.6674,2120.544,1297.8246,2070.73,1299.5444,2028.5662
512,512,8533,871.5102,2028.5033,872.0825,1982.2316,892.8207,1934.5804,935.9701,1884.9869,1012.86005,1841.9495,1085.9874,1853.932,1159.8296,1841.216,1234.8054,1884.132,1279.9662,1933.7596,1299.6979,1982.7329,1299.6122,2028.7804,1262.2947,2025.9084,1232.3271,2007.1885,1206.5815,1986.9141,1178.4752,1968.6124,1138.8406,1957.5408,1087.274,1956.0452,1037.0508,1956.7812,996.1933,1967.175,965.11914,1986.8953,939.0815,2006.1302,910.9776,2024.6455,1262.2947,2025.9084,1231.313,2039.1902,1208.6075,2050.4329,1181.1643,2061.7576,1141.0221,2072.0525,1088.5685,2075.2,1035.7754,2068.4397,996.36865,2060.4556,965.8978,2048.958,942.3096,2038.0076,910.9776,2024.6455,871.5102,2028.5033,878.5861,2072.3179,898.4262,2119.4998,939.9842,2174.3684,1005.93317,2211.2227,1089.2109,2222.878,1175.7317,2211.2678,1241.505,2174.1514,1280.7242,2120.5847,1297.8763,2070.8372,1299.6122,2028.7804
513,513,8550,871.8632,2029.271,872.4866,1983.112,893.2593,1935.5203,936.4122,1886.0104,1013.2216,1843.027,1086.2499,1854.9899,1160.0411,1842.163,1234.9924,1884.8826,1280.1525,1934.3356,1299.8723,1983.1636,1299.8046,2029.0183,1262.5546,2026.1437,1232.588,2007.5876,1206.8778,1987.4495,1178.755,1969.297,1139.1102,1958.3938,1087.5356,1957.032,1037.3634,1957.7977,996.51587,1968.1737,965.4185,1987.8328,939.38855,2006.9851,911.26306,2025.3785,1262.5546,2026.1437,1231.5197,2039.3278,1208.7755,2050.498,1181.2997,2061.7861,1141.1459,2072.082,1088.7095,2075.2605,1036.0063,2068.5632,996.6242,2060.6968,966.15826,2049.3474,942.5837,2038.5438,911.26306,2025.3785,871.8632,2029.271,878.9752,2072.9275,898.8367,2119.9092,940.4094,2174.5225,1006.28094,2211.2332,1089.3767,2222.883,1175.8134,2211.2683,1241.5483,2174.1648,1280.7714,2120.6138,1297.9685,2070.9656,1299.8046,2029.0183
514,514,8566,872.81683,2030.1906,873.4594,1984.1421,894.2144,1936.547,937.3123,1886.9628,1014.1117,1843.7732,1087.0258,1855.6421,1160.7102,1842.7192,1235.6509,1885.4209,1280.7267,1934.824,1300.3389,1983.5643,1300.1953,2029.2421,1263.0748,2026.371,1233.1068,2008.0444,1207.4813,1988.1315,1179.4138,1970.1863,1139.8203,1959.4716,1088.3114,1958.2476,1038.2245,1959.1262,997.4008,1969.5421,966.2987,1989.1166,940.27765,2008.0891,912.0729,2026.2642,1263.0748,2026.371,1231.9912,2039.4496,1209.2417,2050.5586,1181.7701,2061.8218,1141.6277,2072.1316,1089.2412,2075.352,1036.6365,2068.7236,997.2776,2060.969,966.8569,2049.7717,943.3661,2039.1483,912.0729,2026.2642,872.81683,2030.1906,880.0371,2073.612,899.9065,2120.3274,941.44214,2174.7126,1007.1665,2211.291,1089.9916,2222.896,1176.1957,2211.278,1241.7987,2174.176,1280.9854,2120.6477,1298.2288,2071.089,1300.1953,2029.2421
515,515,8583,874.4018,2031.1866,875.20496,1985.3169,896.04095,1937.7722,939.1704,1888.0912,1016.0411,1844.6002,1088.8494,1856.2842,1162.2941,1843.2329,1236.9888,1885.8438,1281.7827,1935.1646,1301.1201,1983.7893,1300.7882,2029.3129,1263.7854,2026.4653,1233.8322,2008.4386,1208.4084,1988.8914,1180.529,1971.337,1141.1799,1960.9581,1090.0055,1959.9183,1040.0126,1961.0062,999.21405,1971.4463,968.02704,1990.7957,941.9317,2009.4148,913.49786,2027.2332,1263.7854,2026.4653,1232.5876,2039.4557,1209.8021,2050.5698,1182.3711,2061.8137,1142.3523,2072.1277,1090.2073,2075.3594,1037.7764,2068.7556,998.4672,2061.111,968.09814,2050.1006,944.69855,2039.7094,913.49786,2027.2332,874.4018,2031.1866,881.61084,2074.3027,901.4093,2120.7285,942.8952,2174.8872,1008.5018,2211.3303,1091.0466,2222.9045,1176.847,2211.2708,1242.2145,2174.1523,1281.3196,2120.652,1298.6342,2071.0964,1300.7882,2029.3129
516,516,8600,875.1472,2032.3156,876.0846,1986.5348,896.9746,1938.9851,940.1287,1889.2009,1017.0791,1845.4661,1089.8329,1857.0117,1163.2251,1843.8674,1237.9479,1886.4523,1282.7052,1935.7327,1301.9753,1984.2815,1301.6122,2029.6406,1264.8658,2026.8295,1234.8964,2009.0542,1209.4805,1989.7355,1181.5587,1972.3802,1142.1565,1962.1733,1090.984,1961.2223,1040.9291,1962.4595,1000.02045,1972.9536,968.743,1992.244,942.58655,2010.7118,914.05585,2028.3579,1264.8658,2026.8295,1233.5264,2039.666,1210.614,2050.6775,1183.0881,2061.8567,1143.0458,2072.1572,1090.9775,2075.4116,1038.5742,2068.8965,999.18317,2061.4363,968.7258,2050.6787,945.29175,2040.5223,914.05585,2028.3579,875.1472,2032.3156,882.5947,2075.1235,902.5386,2121.15,944.09094,2174.9949,1009.5871,2211.3374,1091.8431,2222.8884,1177.2837,2211.2322,1242.4902,2174.1492,1281.6283,2120.6724,1299.1284,2071.2622,1301.6122,2029.6406
517,517,8616,875.2099,2032.6403,876.3518,1987.1265,897.45013,1939.8475,940.76544,1890.3088,1017.73553,1846.6752,1090.4012,1858.2625,1163.7241,1844.9792,1238.4072,1887.4088,1283.177,1936.4065,1302.5319,1984.6632,1302.4274,2029.7466,1266.0747,2026.9602,1235.9111,2009.5046,1210.3937,1990.5464,1182.2916,1973.5304,1142.7513,1963.5859,1091.4943,1962.73,1041.3348,1963.9412,1000.2744,1974.2445,968.8546,1993.2513,942.6152,2011.3994,914.0463,2028.7196,1266.0747,2026.9602,1234.4976,2039.6764,1211.3683,2050.6545,1183.6095,2061.713,1143.4216,2071.9395,1091.3163,2075.2158,1038.8773,2068.794,999.3616,2061.421,968.7918,2050.6987,945.304,2040.648,914.0463,2028.7196,875.2099,2032.6403,882.85266,2075.2556,902.9894,2121.153,944.68427,2174.872,1010.12354,2210.8958,1092.168,2222.2537,1177.4274,2210.5872,1242.5812,2173.7617,1281.7906,2120.5974,1299.506,2071.27,1302.4274,2029.7466
518,518,8633,875.4607,2032.8435,876.6554,1987.4252,897.7811,1940.1816,941.1499,1890.6444,1018.20416,1847.0068,1090.8568,1858.6786,1164.1344,1845.3694,1238.8265,1887.8633,1283.5674,1936.8507,1302.9099,1985.0294,1302.834,2029.9299,1266.5354,2027.1489,1236.2363,2010.074,1210.7157,1991.4658,1182.5992,1974.7142,1143.073,1964.8876,1091.8729,1964.0128,1041.7188,1965.1512,1000.63007,1975.2825,969.1627,1994.052,942.9118,2011.9197,914.23224,2028.9425,1266.5354,2027.1489,1234.8325,2039.6882,1211.621,2050.5703,1183.8119,2061.4307,1143.6147,2071.5312,1091.578,2074.8103,1039.1857,2068.4624,999.6523,2061.2415,969.049,2050.6682,945.51855,2040.6605,914.23224,2028.9425,875.4607,2032.8435,883.18176,2075.3132,903.33673,2121.1528,945.0288,2174.8145,1010.4333,2210.7388,1092.4142,2222.04,1177.5698,2210.3928,1242.6967,2173.6572,1281.9448,2120.5935,1299.7549,2071.3003,1302.834,2029.9299
519,519,8650,874.9501,2032.8868,876.46063,1987.6183,897.7153,1940.5308,941.1362,1891.1298,1018.1738,1847.5664,1090.8428,1859.4474,1164.1027,1846.0739,1238.8186,1888.6854,1283.5681,1937.5518,1302.942,1985.503,1303.0126,2030.0997,1266.8864,2027.3207,1236.3882,2010.6699,1210.7904,1992.513,1182.6023,1976.1241,1143.0645,1966.5269,1091.8408,1965.6825,1041.6548,1966.6338,1000.47705,1976.4086,968.83136,1994.7897,942.40985,2012.2792,913.3658,2029.0103,1266.8864,2027.3207,1234.9756,2039.6882,1211.6516,2050.3625,1183.7999,2060.8596,1143.514,2070.7354,1091.4082,2073.9954,1038.9983,2067.7517,999.3394,2060.783,968.5398,2050.5093,944.83777,2040.6505,913.3658,2029.0103,874.9501,2032.8868,882.92676,2075.3105,903.2132,2121.1096,944.9691,2174.5884,1010.3505,2210.2883,1092.2183,2221.4944,1177.2821,2209.892,1242.4548,2173.3486,1281.8763,2120.5315,1299.765,2071.3103,1303.0126,2030.0997
520,520,8666,874.8986,2032.8838,876.43787,1987.7056,897.70197,1940.7566,941.12726,1891.5015,1018.14996,1848.0576,1090.8193,1860.0184,1164.0916,1846.682,1238.7903,1889.3369,1283.5458,1938.051,1302.9436,1985.7856,1303.0778,2030.1699,1267.0776,2027.4012,1236.5065,2010.9276,1210.8481,1992.967,1182.6085,1976.7208,1143.053,1967.2009,1091.8223,1966.3417,1041.6366,1967.2148,1000.45874,1976.8336,968.7643,1995.051,942.28033,2012.394,913.1599,2029.0237,1267.0776,2027.4012,1235.1064,2039.6953,1211.7258,2050.35,1183.8151,2060.7937,1143.5131,2070.6458,1091.4043,2073.9082,1038.9933,2067.6768,999.3151,2060.7312,968.46466,2050.4946,944.71466,2040.6487,913.1599,2029.0237,874.8986,2032.8838,882.9074,2075.305,903.2284,2121.0574,945.00305,2174.396,1010.35657,2209.9758,1092.213,2221.16,1177.2218,2209.573,1242.3623,2173.1418,1281.8264,2120.4834,1299.7727,2071.3174,1303.0778,2030.1699
521,521,8683,874.7661,2032.9329,876.4295,1987.8843,897.6751,1941.0645,941.10223,1891.8778,1018.1254,1848.4324,1090.7964,1860.4498,1164.075,1847.148,1238.7595,1889.9393,1283.5195,1938.6179,1302.9438,1986.205,1303.135,2030.3597,1267.2395,2027.6027,1236.5719,2011.382,1210.8693,1993.6324,1182.6047,1977.4983,1143.0436,1968.0011,1091.8055,1967.1,1041.627,1967.919,1000.41296,1977.4203,968.6474,1995.485,942.0851,2012.6427,912.84875,2029.0974,1267.2395,2027.6027,1235.204,2039.7117,1211.7745,2050.3364,1183.8225,2060.6926,1143.5112,2070.4753,1091.4006,2073.7156,1038.988,2067.4978,999.2825,2060.612,968.35754,2050.4617,944.5238,2040.6482,912.84875,2029.0974,874.7661,2032.9329,882.8901,2075.3047,903.21747,2121.0176,945.0077,2174.2437,1010.35046,2209.754,1092.2081,2220.938,1177.1543,2209.3872,1242.2614,2173.0466,1281.7697,2120.4778,1299.7781,2071.363,1303.135,2030.3597
522,522,8700,874.756,2033.018,876.41284,1988.0027,897.6584,1941.2062,941.0861,1892.047,1018.1118,1848.6737,1090.7751,1860.7349,1164.0386,1847.5426,1238.7313,1890.4243,1283.5059,1939.1371,1302.945,1986.717,1303.1559,2030.7848,1267.301,2028.0203,1236.6151,2011.8379,1210.887,1994.0673,1182.6018,1977.8728,1143.0365,1968.2917,1091.7936,1967.3064,1041.6016,1968.0846,1000.3645,1977.5615,968.5777,1995.627,942.0164,2012.7805,912.7873,2029.2112,1267.301,2028.0203,1235.2499,2039.9343,1211.7915,2050.4277,1183.8219,2060.721,1143.4895,2070.4812,1091.3628,2073.7212,1038.942,2067.5015,999.21387,2060.621,968.266,2050.492,944.43286,2040.7185,912.7873,2029.2112,874.756,2033.018,882.8708,2075.3486,903.19904,2121.02,944.9871,2174.2317,1010.33716,2209.7263,1092.1718,2220.9172,1177.053,2209.3813,1242.1588,2173.05,1281.7185,2120.5352,1299.779,2071.6094,1303.1559,2030.7848
523,523,8716,874.74414,2033.2983,876.39575,1988.2876,897.6407,1941.4913,941.0672,1892.3639,1018.09985,1849.1171,1090.7625,1861.1584,1164.0162,1848.0514,1238.684,1890.8462,1283.4609,1939.4877,1302.9178,1987.0116,1303.1527,2031.0011,1267.2943,2028.2368,1236.6115,2012.0623,1210.8796,1994.2335,1182.59,1977.971,1143.0201,1968.3323,1091.7701,1967.3239,1041.5686,1968.105,1000.3323,1977.6288,968.55115,1995.7787,942.0038,2013.0262,912.7839,2029.5049,1267.2943,2028.2368,1235.2451,2040.0508,1211.7804,2050.4707,1183.797,2060.7327,1143.4552,2070.4858,1091.3342,2073.725,1038.9218,2067.519,999.19543,2060.6792,968.249,2050.6172,944.41833,2040.9244,912.7839,2029.5049,874.74414,2033.2983,882.85455,2075.5437,903.18225,2121.1118,944.97107,2174.2466,1010.32886,2209.7246,1092.1372,2220.9043,1176.9841,2209.3713,1242.0835,2173.0527,1281.6599,2120.565,1299.7546,2071.7378,1303.1527,2031.0011
524,524,8733,874.687,2033.584,876.37616,1988.8278,897.6238,1942.212,941.0522,1893.128,1018.0796,1849.7899,1090.7542,1861.9395,1163.9197,1848.8467,1238.5122,1891.8844,1283.2191,1940.5598,1302.6643,1987.9337,1303.0222,2031.608,1267.2865,2028.8499,1236.5841,2013.0446,1210.8494,1995.6688,1182.5352,1979.8235,1142.9619,1970.4565,1091.7439,1969.463,1041.5547,1970.1256,1000.2989,1979.2979,968.4535,1996.9856,941.8402,2013.7584,912.4969,2029.8607,1267.2865,2028.8499,1235.2327,2040.3042,1211.749,2050.5203,1183.7065,2060.7341,1143.3033,2070.4502,1091.2059,2073.6714,1038.8103,2067.467,999.0422,2060.6682,968.0153,2050.6406,944.13336,2041.0753,912.4969,2029.8607,874.687,2033.584,882.8399,2075.655,903.1907,2121.1125,944.97046,2174.179,1010.31946,2209.5867,1091.9922,2220.7788,1176.5552,2209.2761,1241.4807,2173.0303,1281.0881,2120.5977,1299.3806,2072.034,1303.0222,2031.608
525,525,8750,874.1871,2033.5782,876.1015,1988.827,897.4185,1942.2572,940.8863,1893.2295,1017.90265,1849.9574,1090.4875,1862.1837,1163.5726,1849.1104,1238.1423,1892.1929,1282.8511,1940.8308,1302.3589,1988.1292,1302.8759,2031.6818,1267.235,2028.9153,1236.4923,2013.2163,1210.7261,1995.9231,1182.3309,1980.1284,1142.6796,1970.788,1091.4207,1969.7843,1041.1786,1970.362,999.84393,1979.435,967.8698,1997.0505,941.1823,2013.766,911.73706,2029.8525,1267.235,2028.9153,1235.1034,2040.3134,1211.5144,2050.4631,1183.2822,2060.557,1142.7007,2070.2124,1090.5448,2073.431,1038.1561,2067.2158,998.3374,2060.4592,967.24713,2050.5264,943.3541,2041.038,911.73706,2029.8525,874.1871,2033.5782,882.51733,2075.6282,902.9108,2121.0425,944.6313,2174.0771,1009.81464,2209.4888,1091.2634,2220.6995,1175.6439,2209.2048,1240.5933,2172.9773,1280.3712,2120.5928,1298.9578,2072.0496,1302.8759,2031.6818
526,526,8766,874.13116,2033.584,876.0869,1988.966,897.40106,1942.5596,940.86884,1893.6516,1017.8893,1850.4467,1090.4043,1862.8157,1163.3634,1849.8243,1237.8295,1893.1143,1282.458,1941.717,1301.9724,1988.8145,1302.656,2032.0519,1267.1503,2029.2852,1236.3405,2013.943,1210.5687,1996.9872,1182.1443,1981.425,1142.508,1972.1605,1091.293,1971.089,1041.0939,1971.495,999.7706,1980.2955,967.7673,1997.6082,941.05774,2014.0215,911.54297,2029.8813,1267.1503,2029.2852,1234.9814,2040.3811,1211.3502,2050.4631,1183.0487,2060.4587,1142.4232,2070.018,1090.3083,2073.2007,1037.9896,2066.9692,998.19116,2060.2686,967.0875,2050.4492,943.17706,2041.0316,911.54297,2029.8813,874.13116,2033.584,882.5058,2075.6226,902.8986,2120.9758,944.6244,2173.9255,1009.71875,2209.3193,1090.9818,2220.5684,1175.1694,2209.0974,1240.021,2172.9316,1279.8008,2120.5957,1298.5195,2072.1926,1302.656,2032.0519
527,527,8783,873.9972,2033.6472,876.0779,1989.1953,897.38495,1942.941,940.8568,1894.0627,1017.85956,1850.7871,1090.2526,1863.2081,1162.9979,1850.2802,1237.2506,1893.8403,1281.6863,1942.5251,1301.173,1989.4929,1302.118,2032.4684,1266.993,2029.7012,1236.1012,2014.6058,1210.3112,1997.9707,1181.8333,1982.6589,1142.2158,1973.5165,1091.1052,1972.4019,1040.9469,1972.7458,999.5999,1981.2964,967.5184,1998.2893,940.7237,2014.365,911.0523,2029.988,1266.993,2029.7012,1234.8522,2040.4839,1211.1993,2050.465,1182.8157,2060.3325,1142.1415,2069.726,1090.1002,2072.813,1037.8011,2066.5698,997.9485,2059.9983,966.7297,2050.3743,942.7367,2041.032,911.0523,2029.988,873.9972,2033.6472,882.4935,2075.6145,902.9078,2120.7517,944.6188,2173.3977,1009.68317,2208.7249,1090.7306,2220.079,1174.4967,2208.6995,1239.0702,2172.7356,1278.7952,2120.5906,1297.6753,2072.322,1302.118,2032.4684
528,528,8800,873.62964,2033.5994,875.9754,1989.1969,897.3045,1943.0074,940.7298,1894.125,1017.6456,1850.7902,1089.7769,1863.242,1162.1888,1850.3387,1236.2991,1894.1376,1280.5956,1942.9138,1300.1748,1989.7593,1301.5111,2032.5374,1266.7869,2029.7637,1235.7001,2014.8892,1209.815,1998.6061,1181.1842,1983.5857,1141.5397,1974.586,1090.5858,1973.4365,1040.5406,1973.6902,999.18286,1981.9608,966.9962,1998.6229,940.11957,2014.4202,910.1952,2029.9681,1266.7869,2029.7637,1234.5889,2040.4209,1210.8256,2050.0107,1182.2334,2059.3118,1141.4196,2068.3198,1089.4744,2071.2605,1037.244,2064.9814,997.3239,2058.6873,965.97864,2049.593,941.9006,2040.7251,910.1952,2029.9681,873.62964,2033.5994,882.4202,2075.271,902.8893,2119.9136,944.5609,2172.237,1009.40765,2207.594,1090.0352,2219.0825,1173.2557,2207.8215,1237.588,2172.0793,1277.3644,2120.3083,1296.5889,2072.32,1301.5111,2032.5374
529,529,8816,873.0425,2033.5936,875.5573,1989.2076,896.8608,1943.0132,940.24133,1894.101,1017.18445,1850.7416,1089.128,1863.2015,1161.3861,1850.2819,1235.6473,1894.1023,1279.9775,1942.8942,1299.6473,1989.7545,1301.1971,2032.4806,1266.663,2029.7001,1235.3921,2014.89,1209.4459,1998.6907,1180.6536,1983.7743,1140.8896,1974.8757,1089.9714,1973.7698,1039.9918,1974.0807,998.5875,1982.2961,966.30145,1998.8402,939.4022,2014.4803,909.2497,2029.9637,1266.663,2029.7001,1234.3445,2039.8151,1210.4056,2048.6174,1181.5493,2057.1262,1140.5479,2065.7598,1088.6338,2068.711,1036.4985,2062.6672,996.5141,2056.926,965.05634,2048.5889,940.9284,2040.3542,909.2497,2029.9637,873.0425,2033.5936,882.13403,2075.0454,902.71094,2119.1785,944.3504,2170.9485,1008.97296,2205.925,1089.1793,2217.2703,1172.0111,2205.977,1236.2446,2170.4673,1276.2257,2119.2822,1295.8616,2071.948,1301.1971,2032.4806
530,530,8833,872.6509,2033.4009,875.1829,1989.1283,896.43304,1942.9698,939.8081,1894.0715,1016.6388,1850.7112,1088.3711,1863.1515,1160.6128,1850.2655,1234.8822,1894.0737,1279.179,1942.882,1298.7975,1989.7185,1300.4155,2032.3784,1266.0045,2029.6025,1234.732,2014.8241,1208.8069,1998.6632,1179.9813,1983.711,1140.1713,1974.759,1089.2185,1973.6515,1039.2677,1973.982,997.90216,1982.2603,965.6483,1998.7885,938.81934,2014.3861,908.7755,2029.7948,1266.0045,2029.6025,1233.6373,2039.6558,1209.6217,2048.3457,1180.7007,2056.8047,1139.6804,2065.4443,1087.8049,2068.4114,1035.7574,2062.3782,995.8553,2056.631,964.4658,2048.2976,940.37933,2040.117,908.7755,2029.7948,872.6509,2033.4009,881.8446,2074.7515,902.4167,2118.7783,943.92865,2170.463,1008.311,2205.3499,1088.2758,2216.7043,1171.0187,2205.4006,1235.2384,2169.9404,1275.1902,2118.9094,1294.8956,2071.772,1300.4155,2032.3784
531,531,8850,872.68634,2033.3959,875.18317,1989.1649,896.426,1943.0472,939.7612,1894.1571,1016.4087,1850.807,1087.8632,1863.2416,1159.8811,1850.3711,1233.9304,1894.2047,1278.057,1942.9685,1297.6125,1989.746,1299.4196,2032.3647,1265.3048,2029.5852,1233.8977,2014.8512,1208.1261,1998.7599,1179.3688,1983.8441,1139.6404,1974.9113,1088.8296,1973.82,1038.9979,1974.1265,997.74207,1982.3574,965.5645,1998.8514,938.8046,2014.4005,908.7766,2029.7834,1265.3048,2029.5852,1232.8475,2039.2806,1208.7904,2047.3911,1179.9124,2055.2869,1138.9689,2063.6362,1087.3196,2066.6057,1035.4371,2060.6853,995.6576,2055.2747,964.3745,2047.4584,940.33026,2039.7756,908.7766,2029.7834,872.68634,2033.3959,881.8704,2074.5815,902.4142,2118.2568,943.91,2169.5366,1008.1557,2204.0454,1087.8936,2215.3052,1170.4021,2204.0408,1234.4762,2168.8271,1274.231,2118.2642,1293.8175,2071.5845,1299.4196,2032.3647
532,532,8866,872.7075,2034.099,875.18866,1990.3606,896.41534,1944.3766,939.75354,1895.2911,1016.33844,1851.6349,1087.518,1863.9404,1159.2417,1851.0759,1232.834,1895.099,1276.4878,1943.8246,1295.5994,1990.3368,1297.3035,2032.5787,1263.8231,2029.822,1232.4131,2015.5222,1207.1147,1999.9198,1178.599,1985.3513,1139.1134,1976.6356,1088.5289,1975.6554,1038.7974,1976.0326,997.5889,1984.1421,965.4196,2000.3588,938.7559,2015.4552,908.74866,2030.3956,1263.8231,2029.822,1231.7104,2039.2673,1207.905,2047.0754,1179.2765,2054.5374,1138.5485,2062.6025,1087.1257,2065.617,1035.3253,2059.832,995.55774,2054.7842,964.28357,2047.3558,940.2268,2039.8075,908.74866,2030.3956,872.7075,2034.099,881.9691,2074.6714,902.5696,2118.195,944.0044,2169.0457,1008.15045,2203.0635,1087.7644,2214.1362,1169.811,2202.8408,1233.3967,2167.9502,1272.6062,2117.9402,1291.8234,2071.5874,1297.3035,2032.5787
533,533,8883,872.8373,2034.0935,875.2881,1990.346,896.4737,1944.3615,939.8068,1895.2861,1016.328,1851.6559,1087.4928,1863.9181,1159.1069,1851.0614,1232.2668,1895.0704,1275.617,1943.765,1294.5549,1990.1357,1296.1184,2032.218,1262.8855,2029.5568,1231.9403,2015.2083,1206.8438,1999.5671,1178.4293,1985.0137,1139.0203,1976.3193,1088.4911,1975.3917,1038.7594,1975.8341,997.5449,1984.015,965.3772,2000.2562,938.7413,2015.3925,908.77954,2030.3835,1262.8855,2029.5568,1231.1943,2039.2375,1207.6218,2047.0901,1179.1638,2054.563,1138.5327,2062.6306,1087.1355,2065.6719,1035.347,2059.9255,995.5735,2054.8953,964.2944,2047.41,940.2312,2039.8219,908.77954,2030.3835,872.8373,2034.0935,882.28015,2074.6506,903.0546,2118.146,944.4364,2168.9358,1008.29205,2202.878,1087.7673,2213.9426,1169.6594,2202.599,1232.9764,2167.7078,1271.9414,2117.7158,1290.9003,2071.35,1296.1184,2032.218
534,534,8900,872.6937,2034.8563,875.2621,1991.028,896.4659,1944.9552,939.8327,1895.7384,1016.3355,1851.893,1087.4883,1863.943,1159.0508,1851.1018,1231.9325,1895.0693,1275.0782,1943.7527,1293.8939,1990.1304,1295.3274,2032.2109,1262.3948,2029.558,1231.7053,2015.1958,1206.7157,1999.5436,1178.3589,1984.9846,1138.9777,1976.2725,1088.468,1975.3135,1038.7084,1975.6753,997.4159,1983.92,965.1195,2000.3359,938.3223,2015.7234,908.38837,2031.1183,1262.3948,2029.558,1230.8987,2039.4497,1207.4432,2047.5413,1179.0713,2055.375,1138.4985,2063.6123,1087.1318,2066.7737,1035.3307,2061.2837,995.50134,2056.4395,964.10333,2048.8284,939.8869,2041.0251,908.38837,2031.1183,872.6937,2034.8563,882.27167,2075.368,903.09,2118.6582,944.53827,2169.1624,1008.3063,2202.9094,1087.7257,2213.9722,1169.2776,2202.643,1232.2821,2167.727,1271.1902,2117.7373,1290.1705,2071.361,1295.3274,2032.2109
535,535,8916,872.5573,2034.9783,875.2351,1991.0737,896.4603,1944.9635,939.8672,1895.7316,1016.3495,1851.8854,1087.4935,1863.9102,1159.0472,1851.0841,1231.7365,1894.9359,1274.6846,1943.5201,1293.3334,1989.8273,1294.5994,2031.9203,1261.8505,2029.3325,1231.5573,2014.5334,1206.6554,1998.3701,1178.3352,1983.4078,1138.9589,1974.5414,1088.46,1973.6353,1038.6556,1974.4346,997.24054,1983.2197,964.78064,2000.0585,937.7542,2015.7079,908.0234,2031.2266,1261.8505,2029.3325,1230.6299,2039.4956,1207.3019,2047.8672,1179.014,2056.2166,1138.4843,2064.837,1087.1316,2068.228,1035.314,2062.99,995.41376,2058.073,963.8786,2049.9883,939.52814,2041.6981,908.0234,2031.2266,872.5573,2034.9783,882.2482,2075.596,903.1024,2118.8464,944.6005,2169.22,1008.3189,2202.9475,1087.6902,2213.9968,1168.9492,2202.6199,1231.6825,2167.6838,1270.5037,2117.683,1289.4818,2071.2659,1294.5994,2031.9203
536,536,8933,872.5458,2035.2037,875.2298,1991.2532,896.46375,1945.0939,939.8828,1895.8096,1016.3422,1851.9026,1087.4581,1863.8907,1158.8888,1851.0667,1231.2616,1894.9125,1273.9048,1943.5112,1292.2396,1989.7732,1293.2906,2031.8049,1260.8422,2029.2567,1230.9078,2014.446,1206.2354,1998.3119,1178.0365,1983.3785,1138.7592,1974.4642,1088.353,1973.5396,1038.5819,1974.3315,997.1462,1983.1654,964.6239,2000.064,937.5395,2015.7932,907.87115,2031.4529,1260.8422,2029.2567,1229.8713,2039.5137,1206.7001,2047.9497,1178.5802,2056.4548,1138.1919,2065.2522,1086.9484,2068.8352,1035.1757,2063.747,995.2567,2058.859,963.6968,2050.6516,939.3279,2042.2255,907.87115,2031.4529,872.5458,2035.2037,882.25024,2075.834,903.14264,2119.0342,944.61957,2169.3284,1008.2951,2202.964,1087.434,2214.031,1168.2742,2202.6448,1230.6188,2167.6484,1269.1857,2117.6182,1288.0842,2071.2002,1293.2906,2031.8049
537,537,8950,872.62537,2035.3169,875.28467,1991.3772,896.4801,1945.211,939.8794,1895.9159,1016.30164,1852.01,1087.3739,1863.911,1158.7864,1851.0835,1231.0059,1894.8904,1273.441,1943.4951,1291.4658,1989.7472,1292.2205,2031.7291,1259.656,2029.2146,1230.0908,2014.3344,1205.7305,1998.1172,1177.7678,1983.117,1138.6011,1974.2092,1088.2306,1973.3604,1038.4952,1974.2329,997.1057,1983.1481,964.61096,2000.0271,937.53815,2015.8079,907.9094,2031.581,1259.656,2029.2146,1228.9642,2039.5189,1206.0074,2047.9628,1178.1562,2056.543,1137.9467,2065.486,1086.7637,2069.2368,1035.0393,2064.205,995.1903,2059.2544,963.68054,2050.9338,939.3283,2042.446,907.9094,2031.581,872.62537,2035.3169,882.29224,2075.9197,903.1611,2119.0923,944.6153,2169.3455,1008.2387,2203.0002,1087.2589,2214.0566,1168.0311,2202.604,1230.2576,2167.514,1268.5641,2117.4666,1287.2086,2071.1099,1292.2205,2031.7291
538,538,8966,872.8077,2035.4235,875.4237,1991.555,896.52716,1945.4448,939.8759,1896.1633,1016.1918,1852.2869,1087.1334,1864.132,1158.4788,1851.3215,1230.4556,1895.0569,1272.6683,1943.5939,1290.4484,1989.7886,1291.0822,2031.7339,1258.3943,2029.2415,1228.9369,2014.3389,1204.865,1998.0945,1177.1984,1983.0623,1138.2272,1974.1315,1087.9482,1973.2761,1038.3608,1974.153,997.08276,1983.0997,964.6069,2000.0425,937.5744,2015.901,908.0131,2031.7433,1258.3943,2029.2415,1227.802,2039.5846,1205.0273,2048.0696,1177.459,2056.7551,1137.4536,2065.891,1086.3301,2069.8289,1034.7495,2064.8083,995.0777,2059.7502,963.66846,2051.299,939.3378,2042.7308,908.0131,2031.7433,872.8077,2035.4235,882.31946,2076.0562,903.1577,2119.2615,944.52264,2169.5334,1007.99927,2203.1501,1086.8733,2214.1367,1167.702,2202.6177,1229.8901,2167.5132,1267.9445,2117.4417,1286.3177,2071.1084,1291.0822,2031.7339
539,539,8983,872.92865,2035.9774,875.5126,1992.3656,896.5574,1946.351,939.87335,1897.0359,1016.11865,1853.0663,1086.8403,1864.987,1157.9828,1852.141,1229.854,1896.0039,1271.9805,1944.5197,1289.6554,1990.5629,1290.2793,2032.2144,1257.7568,2029.7367,1228.1305,2015.1395,1204.2069,1999.2494,1176.6354,1984.485,1137.794,1975.741,1087.6692,1974.9264,1038.2681,1975.764,997.07025,1984.5049,964.6015,2001.2201,937.5909,2016.782,908.02594,2032.3232,1257.7568,2029.7367,1227.0746,2039.6584,1204.2668,2048.071,1176.7048,2056.6323,1136.7457,2065.683,1085.7473,2069.6091,1034.4164,2064.6118,994.8948,2059.6614,963.59515,2051.2952,939.3211,2042.8737,908.02594,2032.3232,872.92865,2035.9774,882.3612,2076.2854,903.16016,2119.2876,944.4961,2169.5225,1007.8431,2203.034,1086.3741,2213.8975,1167.0612,2202.306,1229.1301,2167.2192,1267.0333,2117.3728,1285.3889,2071.1838,1290.2793,2032.2144
540,540,9000,872.93976,2036.2516,875.54395,1992.933,896.5777,1947.1104,939.8702,1897.8583,1016.0461,1853.8264,1086.5701,1865.8269,1157.5558,1852.8882,1229.3486,1896.8021,1271.4402,1945.1793,1289.1475,1990.971,1289.9044,2032.3451,1257.4867,2029.9095,1227.6505,2015.6346,1203.7434,2000.15,1176.1846,1985.7325,1137.3994,1977.2477,1087.3945,1976.5132,1038.1681,1977.35,997.0414,1985.8751,964.5878,2002.2957,937.58734,2017.4971,908.0037,2032.6522,1257.4867,2029.9095,1226.7396,2039.6571,1203.8971,2047.9113,1176.3055,2056.1914,1136.3436,2065.1077,1085.3906,2069.015,1034.2026,2064.0881,994.7347,2059.3408,963.4792,2051.2363,939.2416,2042.8905,908.0037,2032.6522,872.93976,2036.2516,882.36176,2076.3389,903.1577,2119.2695,944.4806,2169.3247,1007.75977,2202.5513,1086.0736,2213.1821,1166.6802,2201.4878,1228.6782,2166.4612,1266.5215,2117.0024,1284.8928,2071.1729,1289.9044,2032.3451
541,541,9016,872.6255,2036.3198,875.37726,1993.079,896.4989,1947.3376,939.80774,1898.2067,1015.9171,1854.2822,1086.326,1866.4481,1157.2792,1853.4612,1229.1387,1897.3763,1271.3331,1945.6517,1289.1437,1991.3207,1289.96,2032.5444,1257.5099,2030.1082,1227.5765,2016.0009,1203.5989,2000.6962,1175.9656,1986.4058,1137.1296,1977.9739,1087.102,1977.209,1037.9646,1977.9615,996.85406,1986.3563,964.3316,2002.6488,937.2522,2017.7261,907.4842,2032.7461,1257.5099,2030.1082,1226.6587,2039.7084,1203.6902,2047.9172,1175.9431,2056.2043,1135.8118,2065.1252,1084.6515,2069.023,1033.4857,2064.0854,994.00024,2059.3357,962.767,2051.235,938.5802,2042.927,907.4842,2032.7461,872.6255,2036.3198,881.9423,2076.386,902.6977,2119.2761,943.96735,2169.3228,1007.1781,2202.5085,1085.3748,2213.1028,1166.2031,2201.3848,1228.3464,2166.3506,1266.3344,2116.976,1284.8457,2071.2114,1289.96,2032.5444
542,542,9033,872.3789,2036.472,875.1952,1993.2981,896.3741,1947.5743,939.71045,1898.4741,1015.82587,1854.5895,1086.2053,1866.9268,1157.193,1853.8425,1229.1489,1897.779,1271.3475,1946.0334,1289.2133,1991.6407,1290.1282,2032.731,1257.7313,2030.2842,1227.6031,2016.4631,1203.6046,2001.4634,1175.9534,1987.4238,1137.0621,1979.153,1086.9749,1978.3947,1037.8712,1979.0513,996.75574,1987.2533,964.17456,2003.33,937.0715,2018.1678,907.1088,2032.9219,1257.7313,2030.2842,1226.6913,2039.7104,1203.6998,2047.7883,1175.849,2055.8638,1135.5352,2064.7095,1084.17,2068.6091,1033.0195,2063.7134,993.5019,2059.0764,962.28503,2051.1672,938.1401,2042.9286,907.1088,2032.9219,872.3789,2036.472,881.5736,2076.4587,902.24097,2119.288,943.49146,2169.3247,1006.7366,2202.47,1084.9353,2213.0012,1166.0143,2201.2556,1228.3364,2166.1968,1266.4265,2116.9158,1284.9097,2071.2292,1290.1282,2032.731
543,543,9050,872.3729,2036.469,875.15894,1993.2893,896.3123,1947.5637,939.6436,1898.4642,1015.7804,1854.5802,1086.1776,1866.904,1157.192,1853.8224,1229.2461,1897.755,1271.5734,1946.0342,1289.4977,1991.6814,1290.3824,2032.7778,1257.8562,2030.322,1227.6283,2016.5691,1203.6163,2001.5691,1175.9545,1987.4984,1137.0511,1979.1917,1086.9481,1978.4036,1037.862,1979.0366,996.7443,1987.2471,964.16943,2003.3512,937.0814,2018.1963,907.1116,2032.9198,1257.8562,2030.322,1226.7078,2039.6761,1203.7083,2047.6259,1175.7933,2055.601,1135.3898,2064.439,1083.9281,2068.3396,1032.8167,2063.4243,993.3595,2058.7942,962.2229,2050.9822,938.12604,2042.8612,907.1116,2032.9198,872.3729,2036.469,881.4664,2076.4556,901.9565,2119.2896,943.0758,2169.3293,1006.3646,2202.4834,1084.6877,2213.0222,1165.9961,2201.274,1228.3779,2166.194,1266.4703,2116.896,1285.0547,2071.2312,1290.3824,2032.7778
544,544,9066,872.4407,2036.443,875.15924,1993.2555,896.30414,1947.4956,939.6267,1898.3484,1015.7729,1854.4542,1086.178,1866.8131,1157.263,1853.7125,1229.5579,1897.6492,1272.0557,1945.9636,1289.9971,1991.6329,1290.7283,2032.7388,1257.932,2030.3002,1227.6543,2016.5632,1203.6351,2001.5327,1175.9679,1987.4176,1137.0585,1979.0735,1086.946,1978.2767,1037.8577,1978.919,996.77747,1987.1672,964.2881,2003.3157,937.302,2018.1908,907.35065,2032.9128,1257.932,2030.3002,1226.7235,2039.6421,1203.7097,2047.6075,1175.7631,2055.6138,1135.3385,2064.4602,1083.8468,2068.3955,1032.7479,2063.4656,993.3499,2058.798,962.24854,2050.9783,938.25134,2042.8494,907.35065,2032.9128,872.4407,2036.443,881.45844,2076.455,901.80743,2119.334,942.73987,2169.5793,1006.0685,2202.9736,1084.5933,2213.541,1166.006,2201.6746,1228.4874,2166.3174,1266.696,2116.897,1285.3546,2071.215,1290.7283,2032.7388
545,545,9083,872.4397,2036.261,875.12415,1993.0195,896.2405,1947.2596,939.5359,1898.2092,1015.62823,1854.4377,1086.1119,1866.7969,1157.2609,1853.6812,1229.5713,1897.4144,1272.1064,1945.5862,1290.0524,1991.2429,1290.7689,2032.4242,1257.9529,2030.0312,1227.6787,2016.1204,1203.6396,2000.8303,1175.9664,1986.5641,1137.0481,1978.2351,1086.8983,1977.5322,1037.797,1978.1697,996.7523,1986.5209,964.28424,2002.852,937.30994,2017.9434,907.41846,2032.7788,1257.9529,2030.0312,1226.7008,2039.615,1203.6206,2047.6259,1175.6273,2055.8015,1135.1836,2064.8728,1083.605,2068.9075,1032.5149,2063.9485,993.2302,2059.0762,962.22723,2051.043,938.2588,2042.8464,907.41846,2032.7788,872.4397,2036.261,881.3351,2076.4404,901.4746,2119.3718,942.2558,2169.7253,1005.6371,2203.1465,1084.3634,2213.682,1165.9985,2201.7537,1228.5278,2166.3242,1266.7463,2116.8674,1285.3986,2071.0945,1290.7689,2032.4242
546,546,9100,872.5373,2035.7554,875.12225,1992.4608,896.21814,1946.6906,939.4739,1897.7688,1015.50586,1854.2485,1086.0391,1866.6466,1157.2542,1853.5006,1229.5765,1896.9675,1272.1301,1945.0222,1290.0835,1990.6997,1290.8372,2031.9514,1257.81,2029.5897,1227.6215,2015.6193,1203.5757,2000.1698,1175.9235,1985.8333,1137.0131,1977.5354,1086.8452,1976.8998,1037.7776,1977.4587,996.7444,1985.8076,964.35077,2002.2249,937.5153,2017.4634,907.8374,2032.3269,1257.81,2029.5897,1226.4948,2039.3965,1203.3475,2047.5654,1175.3572,2055.8137,1134.9631,2064.9277,1083.3607,2069.0054,1032.3605,2064.0125,993.20184,2059.0781,962.25195,2050.982,938.43555,2042.6252,907.8374,2032.3269,872.5373,2035.7554,881.3052,2076.233,901.2165,2119.3613,941.7618,2169.7825,1005.1688,2203.2935,1084.113,2213.8354,1165.9962,2201.8406,1228.5588,2166.3318,1266.7966,2116.77,1285.4723,2070.8232,1290.8372,2031.9514
547,547,9116,872.50836,2035.3798,874.9782,1992.0243,895.9991,1946.2511,939.2081,1897.4293,1015.1862,1854.1038,1085.8441,1866.5068,1157.1927,1853.3391,1229.5784,1896.5392,1272.1581,1944.4542,1290.1323,1990.1108,1290.8878,2031.4147,1257.6519,2029.0972,1227.5337,2015.0508,1203.4647,1999.4142,1175.8235,1984.9702,1136.9032,1976.6696,1086.6775,1976.1035,1037.6207,1976.6555,996.6649,1985.0961,964.3365,2001.6603,937.5163,2017.0762,907.87024,2032.0029,1257.6519,2029.0972,1226.2612,2039.1213,1203.0254,2047.4712,1175.0002,2055.8232,1134.6167,2064.9563,1082.9406,2069.0654,1031.9888,2064.061,992.9992,2059.0815,962.20264,2050.9414,938.4369,2042.463,907.87024,2032.0029,872.50836,2035.3798,881.03864,2076.0554,900.6703,2119.3345,941.03644,2169.7883,1004.50543,2203.31,1083.6912,2213.8472,1165.9087,2201.8545,1228.5848,2166.3003,1266.8599,2116.5642,1285.5441,2070.452,1290.8878,2031.4147
548,548,9133,872.17676,2034.7135,874.55707,1991.38,895.6078,1945.6494,938.87756,1896.937,1014.8995,1853.8159,1085.6394,1866.3392,1157.127,1853.1614,1229.5867,1896.3135,1272.1896,1944.2275,1290.1985,1989.9037,1290.9093,2031.2249,1257.6682,2028.9086,1227.5365,2014.912,1203.4325,1999.2815,1175.7538,1984.85,1136.7809,1976.5592,1086.4515,1975.9879,1037.3954,1976.4668,996.4815,1984.8271,964.1885,2001.314,937.3794,2016.6703,907.7335,2031.4259,1257.6682,2028.9086,1226.226,2038.8789,1202.9016,2047.2646,1174.7664,2055.706,1134.271,2064.9023,1082.4259,2069.0095,1031.4829,2063.9514,992.5785,2058.8499,961.9136,2050.5354,938.24854,2041.9292,907.7335,2031.4259,872.17676,2034.7135,880.4016,2075.628,899.8405,2119.1558,940.1469,2169.7573,1003.7241,2203.3167,1083.1273,2213.8591,1165.7616,2201.8608,1228.6078,2166.254,1266.9097,2116.4192,1285.5728,2070.273,1290.9093,2031.2249
549,549,9150,872.0366,2034.125,874.3428,1990.8591,895.39606,1945.172,938.68243,1896.5304,1014.6652,1853.5542,1085.4102,1866.1215,1157.0018,1852.9418,1229.5587,1896.0243,1272.2186,1943.9269,1290.252,1989.5924,1290.9514,2030.8804,1257.4962,2028.5756,1227.3499,2014.6935,1203.2109,1999.0688,1175.5273,1984.6299,1136.565,1976.3235,1086.2206,1975.7435,1037.2295,1976.1815,996.4077,1984.5289,964.1607,2000.9935,937.3638,2016.3132,907.7207,2030.8853,1257.4962,2028.5756,1225.9363,2038.4294,1202.497,2046.8605,1174.2906,2055.417,1133.7849,2064.6865,1081.9209,2068.784,1031.0834,2063.6587,992.3349,2058.4224,961.80554,2049.9429,938.2133,2041.2715,907.7207,2030.8853,872.0366,2034.125,880.0116,2075.1143,899.2551,2118.827,939.4446,2169.59,1003.02795,2203.2156,1082.5554,2213.7764,1165.512,2201.764,1228.5607,2166.0637,1266.9474,2116.0981,1285.6332,2069.916,1290.9514,2030.8804
550,550,9166,871.49524,2033.2244,873.67706,1989.7467,894.7783,1944.03,938.12463,1895.5889,1014.14465,1852.9413,1085.1047,1865.4524,1156.8884,1852.2633,1229.5488,1894.9581,1272.2277,1942.7163,1290.3088,1988.5398,1290.9943,2030.1442,1257.5106,2027.8411,1227.3729,2013.435,1203.2128,1997.2616,1175.5092,1982.4722,1136.4803,1974.0758,1085.9684,1973.5735,1036.8096,1974.05,995.9161,1982.5616,963.6886,1999.3252,936.90436,2015.0626,907.4458,2030.0364,1257.5106,2027.8411,1225.945,2038.2838,1202.4988,2046.8607,1174.2745,2055.5083,1133.7385,2064.9001,1081.7957,2068.9932,1030.8517,2063.8171,992.04474,2058.4631,961.5076,2049.924,937.93195,2041.0607,907.4458,2030.0364,871.49524,2033.2244,879.40283,2074.7124,898.7462,2118.6812,939.0782,2169.5464,1002.7926,2203.1948,1082.4502,2213.7632,1165.5101,2201.7473,1228.5742,2166.0173,1267.0068,2115.9553,1285.7117,2069.582,1290.9943,2030.1442
551,551,9183,871.1131,2032.7224,873.1388,1989.0317,894.2145,1943.1692,937.5522,1894.7126,1013.51666,1852.2207,1084.5948,1864.6926,1156.5883,1851.5159,1229.4491,1894.0349,1272.2512,1941.8204,1290.3412,1987.8079,1291.0304,2029.644,1257.4958,2027.3097,1227.3698,2012.5656,1203.155,1995.9794,1175.3729,1980.8558,1136.231,1972.2695,1085.5432,1971.747,1036.3323,1972.2834,995.47205,1981.0286,963.3219,1998.1167,936.60046,2014.2366,907.2612,2029.5167,1257.4958,2027.3097,1225.9005,2037.9832,1202.3907,2046.7147,1174.0642,2055.469,1133.4307,2064.89,1081.3577,2068.9688,1030.3716,2063.7783,991.59174,2058.3774,961.1405,2049.7256,937.6626,2040.7253,907.2612,2029.5167,871.1131,2032.7224,878.8102,2074.33,898.0855,2118.393,938.4494,2169.2932,1002.23364,2202.8992,1081.9879,2213.4429,1165.3083,2201.4407,1228.5563,2165.7036,1267.0524,2115.5923,1285.7518,2069.1753,1291.0304,2029.644
552,552,9200,870.68097,2031.8784,872.51,1988.0466,893.54,1942.0449,936.9044,1893.4995,1012.99066,1851.0691,1084.216,1863.5337,1156.388,1850.4636,1229.4225,1893.0729,1272.267,1941.045,1290.38,1987.2499,1291.0464,2029.2664,1257.4957,2026.8887,1227.352,2012.0769,1203.061,1995.3335,1175.2136,1980.0356,1135.988,1971.2816,1085.1814,1970.6514,1035.9221,1971.1805,995.0903,1979.973,963.01874,1997.1414,936.3467,2013.3593,907.05853,2028.6509,1257.4957,2026.8887,1225.8492,2037.4685,1202.2777,2046.199,1173.8828,2054.9807,1133.2157,2064.3623,1081.1364,2068.32,1030.1586,2063.0896,991.38806,2057.6138,960.96045,2048.8513,937.49475,2039.8015,907.05853,2028.6509,870.68097,2031.8784,878.31604,2073.5264,897.6354,2117.6748,938.08093,2168.6328,1001.9258,2202.2166,1081.7423,2212.765,1165.187,2200.83,1228.5522,2165.1697,1267.0906,2115.097,1285.7743,2068.7466,1291.0464,2029.2664
553,553,9216,870.06226,2031.4536,871.9265,1987.5942,893.0915,1941.5403,936.5692,1892.9506,1012.7296,1850.5175,1083.9963,1863.002,1156.2368,1849.9327,1229.3888,1892.5597,1272.2847,1940.5978,1290.4194,1986.8853,1291.0953,2028.961,1257.5052,2026.5323,1227.346,2011.761,1203.0044,1994.9904,1175.0946,1979.65,1135.8104,1970.8381,1084.9358,1970.1659,1035.6447,1970.7008,994.8062,1979.5265,962.7113,1996.7239,935.9971,2012.9585,906.61816,2028.1865,1257.5052,2026.5323,1225.8293,2036.7794,1202.1991,2045.3151,1173.7191,2053.969,1132.987,2063.2358,1080.8721,2067.0872,1029.8878,2061.8833,991.09436,2056.4844,960.6327,2047.8529,937.139,2039.0065,906.61816,2028.1865,870.06226,2031.4536,877.6647,2072.9583,897.10016,2116.9695,937.70013,2167.7202,1001.6128,2201.0588,1081.4298,2211.4888,1164.9861,2199.625,1228.5017,2164.1353,1267.126,2114.2908,1285.7921,2068.217,1291.0953,2028.961
554,554,9233,869.75574,2030.0786,871.76324,1986.5474,893.0069,1940.6138,936.52466,1892.0122,1012.7107,1849.4799,1083.9629,1862.1355,1156.1998,1849.0367,1229.3956,1891.9303,1272.389,1940.0417,1290.7347,1986.278,1291.686,2028.1453,1258.0302,2025.6082,1227.5453,2011.3134,1203.0784,1994.7899,1175.0995,1979.5516,1135.8033,1970.7655,1084.9103,1970.0789,1035.6058,1970.5753,994.7432,1979.2896,962.59796,1996.2773,935.82684,2012.1462,906.2289,2026.7432,1258.0302,2025.6082,1226.0842,2034.4622,1202.3074,2041.851,1173.7354,2049.4336,1132.9844,2057.9553,1080.8684,2061.4504,1029.8824,2056.2432,991.0626,2051.3503,960.5362,2043.7278,936.9509,2036.0879,906.2289,2026.7432,869.75574,2030.0786,877.5639,2070.8237,897.0903,2114.0764,937.7055,2164.1785,1001.617,2197.1548,1081.4275,2207.5122,1164.981,2195.9343,1228.5085,2160.9692,1267.2378,2111.8276,1286.1089,2066.6323,1291.686,2028.1453
555,555,9250,867.26337,2027.8813,870.6425,1985.1075,892.55286,1939.5735,936.3869,1891.062,1012.7029,1848.2706,1083.9525,1861.2338,1156.194,1847.9098,1229.573,1891.1862,1273.1537,1939.2284,1292.663,1985.0869,1295.4814,2026.2344,1262.9725,2023.6097,1230.5702,2010.3344,1204.9172,1994.5226,1175.7955,1979.5336,1135.9149,1970.784,1084.9061,1970.1171,1035.4496,1970.5868,994.1117,1979.2433,961.10175,1995.913,933.5458,2011.0387,902.44794,2024.5635,1262.9725,2023.6097,1229.7375,2030.3087,1204.8063,2035.7932,1174.905,2041.3877,1133.3121,2048.5728,1080.9481,2051.5845,1029.8772,2046.6627,990.67554,2043.021,959.165,2037.4685,934.53723,2031.8328,902.44794,2024.5635,867.26337,2027.8813,876.69293,2067.4282,897.0068,2109.0957,937.7915,2157.4805,1001.8201,2189.3394,1081.5164,2199.293,1165.008,2188.2136,1228.6854,2154.4976,1268.1726,2106.9944,1288.3064,2063.4338,1295.4814,2026.2344
556,556,9266,859.0338,2024.5098,865.8342,1982.8575,889.9183,1938.1484,935.0928,1890.0151,1012.331,1847.23,1083.7213,1860.8959,1156.1113,1847.2108,1229.9445,1890.9011,1275.0356,1938.9532,1297.4155,1984.6096,1304.2793,2025.3286,1274.7157,2022.5887,1238.7769,2009.9916,1210.0952,1994.5302,1177.7721,1979.9183,1136.1422,1971.7266,1084.766,1971.1793,1034.3627,1971.2162,990.9432,1979.2811,955.0316,1995.591,925.13446,2009.4326,890.9928,2021.4487,1274.7157,2022.5887,1238.9672,2027.3639,1211.3811,2030.653,1177.9608,2033.5696,1134.0146,2038.7188,1080.98,2040.7244,1029.5878,2035.936,988.4244,2033.663,953.60486,2030.41,926.1106,2026.8468,890.9928,2021.4487,859.0338,2024.5098,872.5973,2063.275,895.8461,2103.6646,937.78424,2150.6128,1001.91345,2181.5627,1081.5507,2191.31,1165.0156,2181.3447,1229.0455,2149.4739,1270.5094,2103.8096,1293.6492,2061.679,1304.2793,2025.3286
557,557,9283,847.8212,2019.5043,860.78375,1980.8086,888.28284,1937.9713,934.7365,1890.308,1012.2855,1848.5706,1083.7174,1863.7814,1156.1531,1849.2545,1230.7706,1892.5696,1278.0641,1939.4238,1305.0945,1984.5421,1318.7355,2024.012,1292.5286,2021.4072,1252.4337,2009.8082,1219.6863,1994.8308,1182.3851,1981.5339,1137.3008,1974.5586,1084.7604,1974.1945,1033.4669,1973.2993,987.44055,1979.7604,947.63007,1995.3887,914.4189,2007.4669,876.4537,2017.2849,1292.5286,2021.4072,1253.5956,2024.7397,1222.4651,2026.4785,1183.9935,2027.762,1136.0059,2031.8282,1081.2126,2033.1862,1029.2607,2028.3158,985.2159,2026.4875,945.9015,2024.2485,914.9266,2021.7627,876.4537,2017.2849,847.8212,2019.5043,866.9376,2057.4937,894.47485,2096.2524,937.8423,2141.1394,1002.45447,2170.625,1081.7649,2180.1511,1165.0691,2171.3962,1229.7511,2141.9387,1274.5876,2099.0725,1302.6246,2059.1643,1318.7355,2024.012
558,558,9300,833.5897,2015.6099,851.89655,1979.6469,883.78906,1937.9894,932.82306,1892.1993,1011.3609,1853.1055,1083.3693,1870.1284,1156.15,1854.6334,1231.6295,1896.3827,1282.0718,1940.8086,1314.2168,1984.5515,1333.7587,2022.7666,1308.6289,2020.2021,1265.5476,2009.6523,1229.3733,1995.1912,1187.2527,1983.1151,1138.3969,1977.188,1084.5621,1977.0499,1031.0786,1975.2971,981.46484,1980.2877,937.5436,1995.2019,901.4005,2005.7346,860.64453,2013.7019,1308.6289,2020.2021,1267.1229,2021.8192,1232.6713,2021.8226,1189.6503,2021.3223,1137.6168,2024.2463,1081.2151,2025.1277,1027.7485,2020.4454,979.545,2019.2992,935.7462,2018.1912,901.67896,2016.9152,860.64453,2013.7019,833.5897,2015.6099,857.7046,2052.3118,890.6034,2088.6086,937.60126,2130.1365,1002.5394,2157.0596,1081.7858,2165.9204,1165.0764,2158.2878,1230.6814,2131.9639,1279.7438,2093.1091,1312.8243,2056.2375,1333.7587,2022.7666
559,559,9316,826.09247,2013.3607,847.1781,1979.283,881.48456,1938.4651,932.0842,1895.3636,1011.28094,1858.546,1083.5917,1876.309,1157.4022,1859.594,1234.9823,1899.0901,1288.2635,1941.3748,1323.5533,1984.0629,1345.9098,2019.2476,1320.5168,2016.8944,1276.1025,2008.4972,1238.5746,1995.1923,1193.5497,1983.7228,1141.2474,1978.7892,1084.8138,1979.1298,1030.5563,1977.1312,979.0088,1981.052,932.9101,1995.1768,895.6283,2004.8333,853.582,2011.5321,1320.5168,2016.8944,1278.1873,2015.8802,1242.2217,2014.1204,1196.5789,2012.3453,1141.2289,2014.742,1082.1052,2015.6349,1027.5841,2011.6299,977.23376,2011.6307,931.0539,2012.1449,895.55176,2012.6127,853.582,2011.5321,826.09247,2013.3607,852.66315,2048.3262,888.5377,2082.2388,937.60486,2121.5164,1003.43365,2146.7505,1082.6794,2154.64,1165.8212,2147.1853,1233.2346,2121.8657,1286.155,2084.8706,1322.3452,2050.494,1345.9098,2019.2476
560,560,9333,819.43005,2011.1819,842.2845,1978.7466,878.5934,1938.7631,930.931,1897.7034,1011.1339,1862.44,1083.962,1880.6942,1159.4961,1863.1825,1239.9797,1901.0546,1296.1904,1941.7186,1333.9736,1983.3289,1358.4281,2015.8251,1332.6068,2013.5825,1286.8134,2007.0287,1248.0374,1995.1384,1200.3516,1984.1262,1144.7621,1980.0599,1085.2461,1980.7588,1030.0558,1978.5579,976.52637,1981.5774,928.4516,1995.0675,890.3054,2003.7056,847.20917,2009.3267,1332.6068,2013.5825,1288.9585,2010.3508,1251.3187,2007.1754,1203.3368,2004.4089,1145.0294,2006.5029,1083.0779,2007.5088,1027.3795,2003.9332,974.8444,2004.7346,926.6124,2006.5443,889.9657,2008.4622,847.20917,2009.3267,819.43005,2011.1819,847.7604,2044.5334,886.1009,2076.4639,937.5958,2113.8352,1004.29584,2137.4802,1083.749,2144.5532,1167.1741,2137.243,1237.0365,2112.6816,1293.577,2077.2673,1332.4474,2045.0001,1358.4281,2015.8251
561,561,9350,813.9708,2009.6013,837.7464,1978.2383,875.59717,1938.9326,929.68726,1899.1359,1011.0086,1864.5392,1084.4897,1882.8662,1161.773,1864.8575,1244.9508,1901.7854,1303.6564,1941.7296,1343.2139,1981.9558,1369.0986,2012.1938,1342.566,2010.1584,1295.3479,2005.2107,1255.5768,1994.8345,1206.2186,1984.1759,1148.3026,1980.4683,1085.9005,1981.3765,1029.6554,1979.1604,974.4847,1981.7965,925.0303,1994.8787,886.10284,2002.73,842.0906,2007.6631,1342.566,2010.1584,1297.3206,2005.5956,1258.2825,2001.7192,1208.7847,1998.6946,1148.5228,2001.0446,1084.1484,2002.5272,1027.1841,1999.2737,972.80615,2000.4429,923.15265,2002.8236,885.63153,2005.5272,842.0906,2007.6631,813.9708,2009.6013,842.9362,2042.1115,882.95917,2073.4453,937.3628,2110.2068,1004.8802,2133.0876,1085.0864,2139.5222,1169.4216,2131.7559,1241.9326,2106.8682,1301.1204,2071.7207,1341.7213,2040.1719,1369.0986,2012.1938
562,562,9366,811.7496,2007.0515,836.0478,1976.9167,874.5068,1938.9324,929.43787,1899.4556,1011.1253,1865.0181,1086.112,1883.4553,1165.2083,1865.068,1250.3646,1901.7216,1310.1548,1941.465,1350.0533,1979.4564,1376.2113,2007.6677,1349.6665,2005.7948,1302.0713,2002.3618,1262.2571,1993.9778,1211.9318,1984.1636,1152.5868,1980.7839,1087.6313,1981.9977,1029.6709,1979.6903,974.1187,1981.8871,923.895,1994.362,884.5905,2001.021,839.92847,2005.0682,1349.6665,2005.7948,1304.0955,2000.0524,1264.4098,1995.2563,1214.0013,1991.4828,1152.5145,1993.6879,1086.192,1995.5898,1027.2439,1992.6016,972.3714,1994.4539,921.9885,1997.8855,883.9139,2001.6465,839.92847,2005.0682,811.7496,2007.0515,840.8966,2039.0762,881.57855,2070.4346,937.36566,2107.5752,1006.3494,2130.4312,1087.5256,2136.3994,1172.8309,2128.2734,1247.2906,2102.5364,1307.6199,2066.6025,1348.5256,2035.0099,1376.2113,2007.6677
563,563,9383,811.0791,2004.6047,835.26886,1975.2834,873.8308,1938.7539,929.21515,1899.4677,1011.1968,1865.0287,1087.3279,1883.3965,1167.6165,1864.9169,1253.6027,1901.5562,1313.513,1940.7294,1353.2339,1976.4993,1379.1931,2003.4276,1352.5669,2001.5319,1305.1158,1998.8223,1265.4396,1992.0836,1215.0316,1983.722,1155.281,1980.6752,1088.9272,1981.8606,1029.6874,1979.6187,973.834,1981.7704,923.2498,1993.0674,883.95825,1998.7424,839.3185,2002.4393,1352.5669,2001.5319,1307.1118,1994.9764,1267.3568,1989.6504,1216.8308,1985.5308,1155.0458,1987.692,1087.7117,1989.782,1027.2968,1987.0446,972.05334,1989.3585,921.3656,1993.4543,883.20135,1997.9414,839.3185,2002.4393,811.0791,2004.6047,840.2264,2035.7504,880.99414,2066.258,937.41644,2102.6782,1007.7034,2124.834,1089.2756,2130.4077,1174.9471,2122.2175,1250.1765,2096.6125,1310.5754,2060.9546,1351.3859,2029.9684,1379.1931,2003.4276
564,564,9400,810.46216,2001.7336,834.80396,1973.2551,873.531,1938.3055,929.20184,1899.4147,1011.5072,1864.9989,1088.9473,1883.3263,1170.1737,1864.7861,1256.7069,1901.4265,1317.0586,1939.8447,1357.1222,1973.9617,1383.5612,2000.2085,1356.8678,1998.3529,1309.2098,1995.9208,1269.2628,1990.1351,1218.4479,1982.965,1158.272,1980.6033,1090.6405,1981.7335,1029.7755,1979.5922,973.8114,1981.3108,922.9611,1991.2822,883.4815,1996.1805,838.7409,1999.5269,1356.8678,1998.3529,1311.0814,1991.7588,1270.9197,1986.3768,1220.0023,1982.1526,1157.8628,1984.1821,1089.6478,1986.2034,1027.5427,1983.4664,972.0699,1985.8214,921.1932,1990.0315,882.7838,1994.6986,838.7409,1999.5269,810.46216,2001.7336,839.8298,2032.3501,880.75,2062.3457,937.60443,2097.978,1009.34424,2119.4526,1091.484,2124.7905,1177.6064,2116.8062,1253.4856,2091.8184,1314.1119,2056.9048,1355.2482,2026.3616,1383.5612,2000.2085
565,565,9416,809.7174,1998.1685,834.284,1970.592,873.1945,1937.3472,929.15027,1899.3822,1011.6303,1864.8746,1089.8062,1883.1316,1171.4608,1864.6035,1257.9681,1901.3441,1318.3444,1938.4076,1358.45,1970.8821,1385.0968,1996.3817,1358.3345,1994.6125,1310.7399,1992.4305,1270.7258,1987.3231,1219.9131,1981.2451,1159.7511,1979.7596,1091.5461,1981.2368,1029.7856,1978.8762,973.5388,1979.9691,922.3553,1988.6046,882.7079,1992.9495,837.9537,1995.9824,1358.3345,1994.6125,1312.4988,1988.1273,1272.2719,1982.813,1221.3558,1978.6519,1159.2664,1980.7008,1090.7196,1982.7388,1027.6344,1979.9851,971.88873,1982.2751,920.7198,1986.4163,882.09784,1991.0664,837.9537,1995.9824,809.7174,1998.1685,839.2745,2028.5085,880.39386,2058.2039,937.6764,2093.278,1010.2635,2114.2588,1092.6528,2119.4304,1178.9315,2111.532,1254.974,2086.9575,1315.4863,2052.5872,1356.6614,2022.3397,1385.0968,1996.3817
566,566,9433,809.1936,1994.4999,833.89124,1967.6722,872.86755,1935.9529,929.0481,1899.207,1011.6574,1864.6483,1090.2323,1882.7487,1172.0253,1864.334,1258.3396,1900.8207,1318.7971,1936.1329,1359.1475,1966.9949,1386.3977,1991.697,1359.7285,1990.1459,1312.0013,1988.3033,1271.7378,1983.7712,1220.8152,1978.672,1160.6617,1978.0742,1092.1151,1979.9958,1029.7937,1977.4452,973.08954,1977.9811,921.6792,1985.5378,881.9562,1989.5364,837.24664,1992.3507,1359.7285,1990.1459,1313.6354,1984.121,1273.2262,1979.1344,1222.2041,1975.2876,1160.1538,1977.5219,1091.456,1979.6787,1027.6732,1976.9762,971.63995,1979.2095,920.2631,1983.1667,881.5151,1987.6321,837.24664,1992.3507,809.1936,1994.4999,838.93475,2024.7441,880.1623,2054.1968,937.75885,2088.7322,1011.0127,2109.319,1093.562,2114.4124,1179.902,2106.374,1255.9437,2081.983,1316.3413,2047.9294,1357.6648,2017.7333,1386.3977,1991.697
567,567,9450,808.16736,1991.9097,833.15314,1965.429,872.33905,1934.6846,928.8349,1898.9517,1011.6579,1864.438,1090.4789,1882.4135,1172.3903,1864.1008,1258.6532,1900.257,1319.2704,1934.3044,1359.8555,1964.3209,1387.4581,1988.7794,1360.7625,1987.4341,1312.8463,1985.6846,1272.4111,1981.3511,1221.3883,1976.7748,1161.2249,1976.7256,1092.4523,1978.9531,1029.7607,1976.238,972.50024,1976.3967,920.8267,1983.273,880.97833,1987.1505,836.1105,1989.8605,1360.7625,1987.4341,1314.404,1981.9521,1273.8597,1977.3365,1222.7289,1973.7985,1160.681,1976.1729,1091.9004,1978.3628,1027.6768,1975.5825,971.2391,1977.6512,919.57904,1981.3314,880.66174,1985.5026,836.1105,1989.8605,808.16736,1991.9097,838.20966,2022.3926,879.7038,2052.09,937.76465,2086.733,1011.3887,2107.4517,1094.091,2112.68,1180.5417,2104.5408,1256.6246,2080.0657,1317.0204,2045.8239,1358.5068,2015.2366,1387.4581,1988.7794
568,568,9466,806.1482,1989.9366,831.6764,1963.5671,871.3244,1933.4482,928.3478,1898.5748,1011.61346,1864.2563,1090.5651,1882.141,1172.5942,1863.912,1258.8794,1899.757,1319.6343,1933.0175,1360.3065,1962.7212,1387.9575,1987.2972,1361.1558,1985.9878,1313.237,1984.1008,1272.7327,1979.7446,1221.624,1975.3773,1161.4485,1975.612,1092.5741,1978.0088,1029.6095,1975.156,971.6161,1975.0295,919.4673,1981.4481,879.26794,1985.2805,834.06604,1987.9575,1361.1558,1985.9878,1314.759,1980.792,1274.095,1976.3113,1222.8623,1972.82,1160.8147,1975.1619,1092.03,1977.2958,1027.6265,1974.4658,970.45264,1976.4237,918.2684,1979.932,878.96356,1983.9017,834.06604,1987.9575,806.1482,1989.9366,836.7012,2020.5748,878.7411,2050.3855,937.69434,2085.031,1011.45056,2105.759,1094.231,2111.0264,1180.7548,2102.9631,1256.8412,2078.639,1317.2378,2044.5128,1358.8555,2013.8999,1387.9575,1987.2972
569,569,9483,805.2621,1988.4751,830.69965,1961.9456,870.36804,1932.0836,927.67096,1897.874,1011.41394,1864.1664,1090.5319,1881.8749,1172.5212,1863.8583,1258.7849,1898.7865,1319.5372,1931.3811,1360.1914,1960.8755,1387.818,1985.5092,1360.9573,1984.192,1313.0668,1982.2355,1272.5856,1977.8318,1221.4939,1973.5833,1161.3737,1974.0386,1092.5566,1976.6212,1029.3236,1973.7046,970.732,1973.4377,918.48346,1979.6425,878.3727,1983.6097,833.2513,1986.4586,1360.9573,1984.192,1314.5513,1979.1666,1273.8937,1974.7456,1222.669,1971.3082,1160.6985,1973.7137,1092.0223,1975.9225,1027.5035,1973.156,969.7091,1975.1445,917.3716,1978.6309,878.1046,1982.5404,833.2513,1986.4586,805.2621,1988.4751,835.8298,2019.2466,877.9765,2049.1572,937.5872,2083.8723,1011.4525,2104.5828,1094.2372,2109.763,1180.7952,2101.6123,1256.8179,2077.1423,1317.1173,2042.9177,1358.7289,2012.235,1387.818,1985.5092
570,570,9500,805.1416,1987.8099,830.42487,1961.0737,869.9747,1931.2621,927.3383,1897.4369,1011.3378,1864.0474,1090.5463,1881.6382,1172.5667,1863.7996,1258.8295,1897.9283,1319.5857,1930.0242,1360.2657,1959.3226,1387.966,1983.8936,1361.1335,1982.5752,1313.2734,1980.5972,1272.7753,1976.2076,1221.601,1972.0778,1161.4436,1972.7202,1092.5984,1975.4707,1029.2028,1972.5923,970.32764,1972.3237,918.13477,1978.4954,878.1352,1982.666,833.1779,1985.7422,1361.1335,1982.5752,1314.7347,1977.7468,1274.0452,1973.438,1222.7504,1970.1453,1160.7432,1972.6946,1092.0844,1975.0331,1027.4663,1972.405,969.3519,1974.5043,917.0383,1978.0348,877.8897,1981.9292,833.1779,1985.7422,805.1416,1987.8099,835.62866,2018.5892,877.6825,2048.4412,937.57404,2083.0825,1011.5428,2103.6248,1094.3207,2108.5886,1180.8964,2100.3455,1256.8673,2075.7202,1317.1123,2041.3939,1358.7556,2010.6846,1387.966,1983.8936
571,571,9516,805.1353,1987.6584,830.3545,1960.6416,869.81323,1930.749,927.2054,1897.1194,1011.337,1863.9469,1090.7318,1881.4431,1172.9631,1863.7352,1259.386,1897.387,1320.1002,1929.3679,1360.6404,1958.7828,1388.0703,1983.5902,1361.3,1982.1962,1313.6084,1979.9749,1273.2281,1975.4642,1221.9879,1971.3043,1161.7313,1971.999,1092.7677,1974.792,1029.198,1971.9481,970.2336,1971.6792,918.04297,1977.8451,878.08234,1982.2053,833.2102,1985.5586,1361.3,1982.1962,1315.1003,1977.3619,1274.4017,1972.9674,1223.0386,1969.5763,1160.9603,1972.1116,1092.2513,1974.4851,1027.468,1971.9724,969.2301,1974.221,916.90466,1977.8815,877.7902,1981.8077,833.2102,1985.5586,805.1353,1987.6584,835.6618,2018.3125,877.6344,2047.9678,937.5947,2082.4368,1011.7854,2102.7336,1094.4883,2107.4663,1180.9908,2099.2354,1256.8506,2074.6458,1317.0049,2040.5216,1358.6901,2010.1669,1388.0703,1983.5902
572,572,9533,805.2644,1987.8213,830.3532,1960.4958,869.7141,1930.4324,927.10767,1896.8995,1011.338,1863.8246,1090.9753,1881.2805,1173.511,1863.6052,1260.2524,1897.1104,1321.1034,1929.1257,1361.7839,1958.8351,1389.242,1984.0432,1362.387,1982.5514,1314.5898,1980.0188,1274.1154,1975.2711,1222.6493,1970.9572,1162.1681,1971.6005,1093.0172,1974.3837,1029.2031,1971.5382,970.2452,1971.2784,918.11865,1977.4967,878.2335,1982.0718,833.4591,1985.6768,1362.387,1982.5514,1316.0834,1977.6858,1275.2145,1973.2313,1223.637,1969.789,1161.3672,1972.3268,1092.5328,1974.6742,1027.4904,1972.14,969.2268,1974.3462,916.98145,1978.0094,877.9472,1981.9498,833.4591,1985.6768,805.2644,1987.8213,835.79016,2018.459,877.64764,2048.1436,937.63495,2082.8618,1012.0881,2103.3887,1094.7865,2108.1897,1181.2932,2100.0076,1257.238,2075.3054,1317.621,2040.999,1359.5789,2010.6155,1389.242,1984.0432
573,573,9550,805.4865,1988.0015,830.50885,1960.4972,869.7447,1930.3188,927.0798,1896.8501,1011.3617,1863.7407,1091.3652,1881.2866,1174.3108,1863.4937,1261.4025,1897.0621,1322.4132,1929.0742,1363.31,1958.9073,1390.9604,1984.219,1364.1007,1982.7006,1316.1257,1980.0737,1275.458,1975.2516,1223.6707,1970.8646,1162.8221,1971.478,1093.3928,1974.2628,1029.2274,1971.4077,970.31915,1971.1628,918.2725,1977.4285,878.4785,1982.1327,833.759,1985.8641,1364.1007,1982.7006,1317.673,1977.8597,1276.5896,1973.4817,1224.6808,1970.1638,1162.0449,1972.8232,1092.952,1975.2074,1027.5614,1972.6287,969.2842,1974.7559,917.1378,1978.3358,878.18365,1982.208,833.759,1985.8641,805.4865,1988.0015,836.01874,2018.7069,877.72577,2048.4805,937.733,2083.494,1012.4692,2104.2976,1095.1559,2109.2185,1181.7197,2101.009,1257.8416,2076.0938,1318.6002,2041.4342,1360.939,2010.8726,1390.9604,1984.219
574,574,9566,805.89307,1988.2075,830.79596,1960.605,869.8615,1930.3306,927.08887,1896.8224,1011.4337,1863.8214,1091.8164,1881.5243,1175.1007,1863.5637,1262.3384,1897.0345,1323.3158,1929.1615,1364.1685,1959.1718,1391.7424,1984.5902,1364.9069,1983.04,1317.0065,1980.301,1276.3384,1975.4033,1224.4622,1970.9253,1163.4224,1971.4769,1093.7892,1974.2571,1029.2911,1971.3995,970.43536,1971.1842,918.53503,1977.4983,878.84814,1982.2815,834.22217,1986.0887,1364.9069,1983.04,1318.5868,1978.2339,1277.4857,1973.9199,1225.4396,1970.6538,1162.5918,1973.345,1093.3103,1975.7396,1027.6488,1973.1571,969.361,1975.2502,917.3547,1978.7599,878.519,1982.5326,834.22217,1986.0887,805.89307,1988.2075,836.29346,2018.9614,877.8128,2048.8035,937.83405,2083.985,1012.77814,2104.8926,1095.4349,2109.8506,1182.0596,2101.627,1258.2949,2076.6406,1319.2499,2041.843,1361.6929,2011.2554,1391.7424,1984.5902
575,575,9583,806.2793,1988.6836,831.0794,1960.8809,869.9766,1930.3823,927.09784,1896.8889,1011.50214,1864.171,1092.1578,1882.1252,1175.6045,1863.9429,1262.8163,1897.1881,1323.5723,1929.2095,1364.1676,1959.5757,1391.5156,1985.3566,1364.6395,1983.771,1316.8488,1980.8009,1276.3699,1975.673,1224.6907,1970.9789,1163.7124,1971.5779,1094.0625,1974.342,1029.336,1971.4634,970.5336,1971.246,918.7574,1977.7007,879.1688,1982.6287,834.6242,1986.5641,1364.6395,1983.771,1318.4242,1979.1174,1277.4834,1974.9044,1225.5906,1971.7009,1162.8141,1974.4022,1093.5409,1976.7637,1027.715,1974.116,969.4305,1976.1152,917.5558,1979.5088,878.835,1983.1622,834.6242,1986.5641,806.2793,1988.6836,836.5516,2019.5627,877.89276,2049.586,937.9079,2085.035,1012.97894,2106.146,1095.5941,2111.2146,1182.2002,2103.0063,1258.405,2077.9456,1319.3033,2042.9634,1361.6154,2012.1957,1391.5156,1985.3566
576,576,9600,806.4425,1989.2054,831.20306,1961.1202,870.04004,1930.4313,927.1,1897.0116,1011.552,1864.5817,1092.4523,1882.771,1176.1658,1864.5072,1263.4672,1897.6008,1324.1036,1929.6494,1364.6213,1959.6487,1391.8125,1985.9413,1364.8223,1984.366,1317.0498,1981.146,1276.6172,1975.7808,1225.001,1971.0938,1163.9858,1971.75,1094.2751,1974.4581,1029.3767,1971.5476,970.6115,1971.2834,918.89886,1977.8728,879.3665,1982.9579,834.8644,1987.0619,1364.8223,1984.366,1318.6193,1979.9968,1277.7286,1975.8735,1225.8584,1972.6384,1163.0553,1975.2349,1093.7263,1977.5009,1027.7772,1974.8309,969.48615,1976.8336,917.68805,1980.2017,879.025,1983.7905,834.8644,1987.0619,806.4425,1989.2054,836.6408,2020.2306,877.917,2050.3997,937.9435,2085.969,1013.1221,2107.0952,1095.6786,2112.2053,1182.3069,2104.0618,1258.5608,2079.0923,1319.5765,2044.0715,1361.9447,2013.1191,1391.8125,1985.9413
577,577,9616,806.7177,1989.6062,831.3873,1961.2367,870.12164,1930.6235,927.1048,1897.284,1011.63513,1865.1632,1092.7074,1883.625,1176.5294,1865.3221,1263.8733,1898.3622,1324.4198,1930.5583,1364.8737,1960.2239,1392.0255,1986.0496,1364.9602,1984.5522,1317.138,1981.2888,1276.7239,1976.1166,1225.1764,1971.5055,1164.1747,1972.1278,1094.4552,1974.7389,1029.4238,1971.7504,970.68726,1971.3755,919.07153,1977.9589,879.6232,1983.191,835.1919,1987.4497,1364.9602,1984.5522,1318.6796,1980.6631,1277.8312,1976.7311,1226.0125,1973.5618,1163.2249,1976.1428,1093.894,1978.3633,1027.8514,1975.6465,969.54535,1977.582,917.8525,1980.8606,879.282,1984.3406,835.1919,1987.4497,806.7177,1989.6062,836.7884,2020.7909,877.96216,2051.1736,937.9885,2086.9756,1013.2589,2108.2683,1095.7723,2113.464,1182.4132,2105.331,1258.6936,2080.2722,1319.7534,2045.0302,1362.1372,2013.72,1392.0255,1986.0496
578,578,9633,806.9863,1989.6915,831.5701,1961.7616,870.2009,1931.6224,927.12714,1898.6129,1011.724,1867.2036,1092.9122,1886.0209,1176.7383,1867.5431,1264.059,1900.1809,1324.6682,1932.3546,1365.2505,1961.6293,1392.6096,1986.73,1365.4753,1985.1663,1317.5297,1982.2684,1277.0428,1977.3214,1225.4357,1972.816,1164.4099,1973.3689,1094.6423,1975.8678,1029.4792,1972.736,970.7597,1972.1824,919.2311,1978.4922,879.84924,1983.4724,835.49286,1987.5233,1365.4753,1985.1663,1319.0216,1980.8663,1278.0752,1977.353,1226.2207,1974.453,1163.4192,1977.1428,1094.0724,1979.374,1027.9366,1976.5995,969.6041,1978.4043,918.01514,1981.4761,879.5188,1984.7322,835.49286,1987.5233,806.9863,1989.6915,836.94965,2021.1287,878.01825,2051.7876,938.08093,2087.8745,1013.4582,2109.3694,1095.9569,2114.6497,1182.6353,2106.4875,1258.9736,2081.2827,1320.1082,2045.699,1362.5988,2013.8365,1392.6096,1986.73
579,579,9650,807.27875,1989.7659,831.75665,1962.3763,870.2286,1932.6965,927.2643,1899.9609,1012.0424,1869.1853,1093.5125,1888.2972,1177.4995,1869.8113,1264.7966,1902.2042,1325.3091,1934.4993,1365.792,1963.5715,1393.0698,1988.1526,1365.9154,1986.5249,1318.0144,1983.8682,1277.6039,1979.0724,1226.0557,1974.6089,1165.0052,1975.0211,1095.1467,1977.3418,1029.7332,1974.0349,970.7861,1973.278,919.42633,1979.2799,880.1195,1983.972,835.8236,1987.6779,1365.9154,1986.5249,1319.5148,1981.4886,1278.6464,1977.4177,1226.8263,1974.907,1163.9753,1977.7823,1094.5568,1980.0648,1028.2313,1977.2623,969.6223,1978.9558,918.2034,1981.837,879.79395,1984.8981,835.8236,1987.6779,807.27875,1989.7659,837.1307,2021.285,878.044,2052.1436,938.3257,2088.4563,1013.8539,2110.1738,1096.3634,2115.5513,1183.0786,2107.295,1259.4757,2081.811,1320.6663,2045.7838,1363.1187,2014.636,1393.0698,1988.1526
580,580,9666,807.51917,1990.3478,831.90717,1963.4001,870.258,1933.981,927.36194,1901.3129,1012.30206,1870.8456,1094.0214,1890.1726,1178.1853,1871.645,1265.6119,1903.9744,1326.1919,1936.5067,1366.734,1965.585,1394.0328,1989.8845,1366.8285,1988.1526,1318.8496,1985.6401,1278.3785,1980.9263,1226.7444,1976.4597,1165.5739,1976.7455,1095.602,1978.928,1029.976,1975.5027,970.80707,1974.6254,919.5859,1980.4188,880.3453,1984.8965,836.0979,1988.3073,1366.8285,1988.1526,1320.3278,1982.4523,1279.3877,1977.8499,1227.4725,1975.0347,1164.4956,1978.108,1094.9927,1980.4481,1028.5146,1977.6222,969.6702,1979.1948,918.3566,1981.9143,880.03046,1985.2212,836.0979,1988.3073,807.51917,1990.3478,837.27875,2021.702,878.05927,2052.358,938.5348,2088.563,1014.19904,2110.5269,1096.7605,2116.015,1183.5627,2107.6245,1260.0995,2081.911,1321.4475,2046.4073,1363.9967,2015.8635,1394.0328,1989.8845
581,581,9683,807.72424,1990.9957,832.04285,1964.3761,870.29114,1935.1025,927.49603,1902.4062,1012.57306,1872.0869,1094.4391,1891.5189,1178.6611,1872.9834,1266.1265,1905.3823,1326.6969,1938.2297,1367.2177,1967.4619,1394.4966,1991.6672,1367.2592,1989.8152,1319.2864,1987.3041,1278.828,1982.5554,1227.1869,1977.9808,1166.0013,1978.0874,1096.0049,1980.1438,1030.2396,1976.6648,970.8684,1975.748,919.7291,1981.434,880.5492,1985.7715,836.33026,1988.98,1367.2592,1989.8152,1320.7893,1983.5465,1279.8624,1978.4308,1227.9371,1975.1163,1164.9163,1978.3699,1095.4001,1980.7874,1028.835,1977.9485,969.76965,1979.415,918.4899,1982.0194,880.24347,1985.5831,836.33026,1988.98,807.72424,1990.9957,837.4131,2022.1919,878.13367,2052.641,938.8588,2088.6333,1014.61914,2110.8416,1097.145,2116.4143,1183.9825,2107.863,1260.5809,2082.1787,1321.9695,2047.2352,1364.4973,2017.2439,1394.4966,1991.6672
582,582,9700,807.9215,1991.6876,832.13904,1965.3228,870.42523,1936.1277,927.7515,1903.3954,1012.97656,1873.22,1094.9927,1892.7151,1179.264,1874.2311,1266.7188,1906.6876,1327.262,1939.8237,1367.7899,1969.2675,1395.0964,1993.5195,1367.8359,1991.5309,1319.8721,1988.8568,1279.3967,1983.9132,1227.7518,1979.1067,1166.534,1978.99,1096.5135,1980.938,1030.5803,1977.4138,970.99164,1976.5304,919.84,1982.2242,880.7269,1986.5471,836.5544,1989.6664,1367.8359,1991.5309,1321.382,1984.7582,1280.4653,1979.1564,1228.5247,1975.3167,1165.4666,1978.5635,1095.9404,1981.0845,1029.2634,1978.244,969.9536,1979.618,918.57916,1982.1376,880.4286,1985.9722,836.5544,1989.6664,807.9215,1991.6876,837.51276,2022.7104,878.2839,2052.9224,939.2823,2088.7173,1015.1504,2111.1453,1097.6564,2116.775,1184.4971,2108.0496,1261.1324,2082.571,1322.5768,2048.221,1365.1107,2018.7513,1395.0964,1993.5195
583,583,9716,808.0668,1993.5194,832.1631,1967.2203,870.5623,1937.943,927.8953,1905.1211,1013.12286,1875.1415,1095.1676,1894.6687,1179.3722,1876.1165,1266.7373,1908.4304,1327.2113,1941.6128,1367.6752,1971.0835,1394.9476,1995.2424,1367.7185,1993.2092,1319.8838,1990.5168,1279.4523,1985.5088,1227.8596,1980.6296,1166.6952,1980.4585,1096.716,1982.4269,1030.7483,1978.8914,971.0576,1978.0314,919.92474,1983.788,880.85986,1988.2104,836.7426,1991.4175,1367.7185,1993.2092,1321.3588,1986.2133,1280.5133,1980.3131,1228.6422,1976.1135,1165.642,1979.1378,1096.1765,1981.6262,1029.5145,1978.876,970.0849,1980.4735,918.6358,1983.3563,880.5612,1987.4482,836.7426,1991.4175,808.0668,1993.5194,837.5811,2024.3381,878.55414,2054.259,939.718,2089.6382,1015.5729,2111.5632,1097.932,2116.9846,1184.6824,2108.3906,1261.2373,2083.2756,1322.5834,2049.359,1365.0222,2020.2617,1394.9476,1995.2424
584,584,9733,808.1089,1995.6333,832.4248,1969.3529,870.998,1939.9685,928.27246,1906.9813,1013.4673,1877.1058,1095.5115,1896.6718,1179.6089,1878.1608,1266.7736,1910.4929,1327.0914,1943.8344,1367.422,1973.4053,1394.5388,1997.6145,1367.3354,1995.4738,1319.692,1992.5695,1279.3784,1987.3883,1227.9362,1982.3424,1166.9045,1982.0421,1097.0587,1983.9702,1031.1124,1980.4225,971.3378,1979.6095,920.0314,1985.4918,880.887,1990.0483,836.8232,1993.4164,1367.3354,1995.4738,1321.1626,1988.2351,1280.4834,1982.0746,1228.7579,1977.5109,1165.8784,1980.1893,1096.531,1982.5321,1029.9249,1979.8036,970.3919,1981.5793,918.76495,1984.7896,880.58466,1989.133,836.8232,1993.4164,808.1089,1995.6333,837.8752,2026.1106,879.087,2055.5967,940.4028,2090.5732,1016.177,2112.1,1098.2871,2117.4119,1184.887,2109.0435,1261.312,2084.426,1322.5133,2050.986,1364.7861,2022.3411,1394.5388,1997.6145
585,585,9750,808.3062,1998.4003,832.89435,1972.1968,871.58435,1942.7946,928.7171,1909.7415,1013.81525,1879.9515,1095.8982,1899.4778,1179.9541,1880.9111,1266.9896,1913.1023,1327.222,1946.3735,1367.5125,1975.8556,1394.6538,1999.9999,1367.541,1997.8658,1320.0369,1994.9147,1279.7633,1989.732,1228.3408,1984.7068,1167.3263,1984.4076,1097.5261,1986.3584,1031.5587,1982.8594,971.69476,1982.107,920.21344,1988.0665,880.9911,1992.6858,836.8908,1996.1421,1367.541,1997.8658,1321.4877,1990.6934,1280.864,1984.5101,1229.1677,1979.8132,1166.3148,1982.2657,1097.0204,1984.53,1030.4294,1981.847,970.80585,1983.793,919.0141,1987.2737,880.7208,1991.7609,836.8908,1996.1421,808.3062,1998.4003,838.5295,2028.48,880.0457,2057.3838,941.43164,2091.885,1017.0255,2113.0527,1098.8611,2118.2598,1185.2776,2110.0513,1261.5511,2085.8174,1322.6427,2052.7844,1364.8596,2024.542,1394.6538,1999.9999
586,586,9766,808.33624,2000.1272,833.0862,1973.8555,871.8844,1944.2991,928.99304,1911.0354,1014.13336,1881.071,1096.2684,1900.5452,1180.2834,1882.0249,1267.2488,1914.3914,1327.3988,1947.8794,1367.5992,1977.5364,1394.6383,2001.8102,1367.5646,1999.6658,1320.1455,1996.642,1279.9486,1991.421,1228.5886,1986.3345,1167.6316,1985.9397,1097.9034,1987.8215,1031.9237,1984.3838,971.9768,1983.7129,920.3332,1989.737,881.01654,1994.3939,836.9886,1997.8774,1367.5646,1999.6658,1321.5907,1992.5166,1281.0244,1986.3119,1229.3875,1981.4834,1166.5801,1983.739,1097.346,1985.915,1030.77,1983.2567,971.0659,1985.313,919.1316,1988.9683,880.7526,1993.4907,836.9886,1997.8774,808.33624,2000.1272,838.7827,2030.1136,880.47266,2058.8633,941.9345,2093.2158,1017.483,2114.1604,1099.1993,2119.2817,1185.5337,2111.2156,1261.7123,2087.2158,1322.7157,2054.3533,1364.8602,2026.2771,1394.6383,2001.8102
587,587,9783,808.39874,2001.3936,833.2982,1975.0117,872.1776,1945.3225,929.22125,1911.9282,1014.3302,1881.9109,1096.4573,1901.2863,1180.4338,1882.8121,1267.3009,1915.2158,1327.3715,1948.8229,1367.5023,1978.6132,1394.464,2003.0223,1367.3645,2000.8418,1320.0386,1997.7095,1279.9246,1992.3787,1228.6583,1987.188,1167.7754,1986.7166,1098.099,1988.5897,1032.1508,1985.2068,972.1809,1984.6394,920.4436,1990.7749,881.08026,1995.5365,837.01324,1999.1073,1367.3645,2000.8418,1321.495,1993.6772,1281.0009,1987.4675,1229.4426,1982.5499,1166.709,1984.6555,1097.5222,1986.7747,1031.0037,1984.1714,971.2739,1986.3545,919.2531,1990.1273,880.8074,1994.6718,837.01324,1999.1073,808.39874,2001.3936,838.9685,2031.3734,880.7308,2060.1023,942.2213,2094.3333,1017.726,2115.0027,1099.3578,2120.0044,1185.6555,2112.0125,1261.7738,2088.2144,1322.7107,2055.4924,1364.7798,2027.4832,1394.464,2003.0223
588,588,9800,808.4797,2002.2507,833.4977,1975.8174,872.42065,1946.0656,929.3944,1912.5814,1014.45935,1882.5315,1096.5597,1901.8783,1180.4973,1883.4613,1267.2903,1915.9362,1327.2985,1949.6361,1367.3688,1979.5015,1394.2815,2004.013,1367.2008,2001.8267,1319.9397,1998.628,1279.8744,1993.2673,1228.659,1988.0605,1167.8297,1987.5554,1098.2054,1989.4011,1032.307,1986.0338,972.3323,1985.4788,920.5149,1991.613,881.11316,1996.3657,837.0537,1999.9556,1367.2008,2001.8267,1321.391,1994.7599,1280.9408,1988.6055,1229.4379,1983.6614,1166.7626,1985.6522,1097.6156,1987.7025,1031.158,1985.0695,971.42694,1987.2695,919.34625,1991.0623,880.8439,1995.5752,837.0537,1999.9556,808.4797,2002.2507,839.2014,2032.2336,881.0297,2060.9258,942.4991,2095.1235,1017.9219,2115.6917,1099.4498,2120.6904,1185.7137,2112.7622,1261.7717,2089.078,1322.6357,2056.4353,1364.6442,2028.478,1394.2815,2004.013
589,589,9816,808.6113,2002.9973,833.557,1976.458,872.43335,1946.5908,929.41003,1912.9718,1014.4729,1882.8354,1096.5588,1902.1705,1180.4631,1883.8004,1267.2172,1916.405,1327.184,1950.2687,1367.2021,1980.3193,1394.0579,2005.0308,1366.9733,2002.8228,1319.7395,1999.4612,1279.7036,1993.9536,1228.5513,1988.6069,1167.7836,1987.9857,1098.2026,1989.7822,1032.3147,1986.4299,972.3658,1985.9502,920.5989,1992.1669,881.22876,1997.0037,837.198,2000.6904,1366.9733,2002.8228,1321.1921,1995.7976,1280.7832,1989.6407,1229.3398,1984.6088,1166.7231,1986.4519,1097.6146,1988.4165,1031.1719,1985.7484,971.4504,1987.982,919.42883,1991.8394,880.96484,1996.3447,837.198,2000.6904,808.6113,2002.9973,839.25885,2033.0283,881.0368,2061.7883,942.5124,2096.0369,1017.9204,2116.5537,1099.4419,2121.5837,1185.7,2113.7695,1261.7312,2090.2131,1322.5394,2057.571,1364.4868,2029.5486,1394.0579,2005.0308
590,590,9833,808.7044,2003.7925,833.59375,1977.0934,872.4528,1947.0604,929.44104,1913.3102,1014.51764,1883.0864,1096.5891,1902.438,1180.4604,1884.0374,1267.2014,1916.7068,1327.1537,1950.7205,1367.1482,1980.9723,1393.9811,2005.8694,1366.8875,2003.6403,1319.651,2000.173,1279.6282,1994.5372,1228.5042,1989.0708,1167.7758,1988.3652,1098.2311,1990.137,1032.3553,1986.7872,972.38525,1986.3801,920.6569,1992.6958,881.30695,1997.6571,837.30707,2001.4579,1366.8875,2003.6403,1321.104,1996.6283,1280.7079,1990.4478,1229.2985,1985.3485,1166.7211,1987.1113,1097.65,1989.0464,1031.2272,1986.3695,971.49,1988.6355,919.4719,1992.5691,881.0457,1997.0908,837.30707,2001.4579,808.7044,2003.7925,839.28107,2033.8829,881.07935,2062.7922,942.5608,2097.1462,1017.95996,2117.5947,1099.475,2122.5684,1185.7274,2114.8342,1261.7374,2091.3213,1322.509,2058.6235,1364.4271,2030.4756,1393.9811,2005.8694
591,591,9850,808.7626,2004.7747,833.6262,1977.9539,872.50446,1947.8116,929.4638,1913.9724,1014.53015,1883.7223,1096.5977,1903.0433,1180.4565,1884.5927,1267.1697,1917.2266,1327.0834,1951.2852,1367.0377,1981.6116,1393.825,2006.6201,1366.7227,2004.358,1319.5228,2000.7845,1279.5342,1995.0879,1228.4524,1989.5947,1167.7615,1988.9122,1098.2512,1990.7224,1032.3994,1987.4053,972.41693,1987.0283,920.7019,1993.4127,881.37256,1998.46,837.3829,2002.3835,1366.7227,2004.358,1320.9785,1997.3673,1280.6167,1991.2108,1229.2485,1986.1063,1166.7146,1987.8213,1097.677,1989.7493,1031.2849,1987.0951,971.53534,1989.4221,919.5057,1993.4246,881.1152,1997.9766,837.3829,2002.3835,808.7626,2004.7747,839.3224,2034.8522,881.1511,2063.7947,942.64,2098.2356,1018.0274,2118.629,1099.5167,2123.554,1185.7626,2115.8083,1261.7401,2092.2727,1322.4625,2059.4639,1364.3285,2031.2499,1393.825,2006.6201
592,592,9866,808.7836,2005.3008,833.7044,1978.4086,872.60583,1948.2035,929.5216,1914.3075,1014.5624,1884.0317,1096.6141,1903.354,1180.4503,1884.9237,1267.1312,1917.634,1327.015,1951.7825,1366.9371,1982.1973,1393.685,2007.3097,1366.5724,2005.0138,1319.3973,2001.362,1279.4355,1995.5825,1228.3972,1990.0015,1167.7495,1989.251,1098.2758,1991.0457,1032.4565,1987.73,972.48553,1987.3904,920.743,1993.8341,881.3998,1998.9324,837.4093,2002.8942,1366.5724,2005.0138,1320.8507,1998.0137,1280.5203,1991.8752,1229.1956,1986.7765,1166.7068,1988.4462,1097.701,1990.336,1031.3396,1987.6492,971.5982,1989.9568,919.5518,1993.9503,881.1394,1998.4858,837.4093,2002.8942,808.7836,2005.3008,839.3889,2035.4414,881.229,2064.5024,942.7079,2099.12,1018.07965,2119.6064,1099.5518,2124.5825,1185.8009,2116.8672,1261.7461,2093.2793,1322.42,2060.3267,1364.2369,2032.0004,1393.685,2007.3097
593,593,9883,808.83875,2005.663,833.7939,1978.7146,872.6792,1948.4465,929.561,1914.4691,1014.58435,1884.0927,1096.6213,1903.3844,1180.4315,1884.952,1267.0907,1917.7396,1326.9517,1951.9768,1366.8473,1982.4783,1393.5671,2007.6863,1366.4545,2005.3844,1319.2936,2001.6902,1279.3496,1995.8779,1228.3422,1990.2626,1167.7301,1989.475,1098.2927,1991.2605,1032.4917,1987.9664,972.52826,1987.6779,920.7666,1994.1584,881.42444,1999.2792,837.4394,2003.2628,1366.4545,2005.3844,1320.7446,1998.4696,1280.4348,1992.3777,1229.142,1987.28,1166.6881,1988.9028,1097.7168,1990.7609,1031.3767,1988.0603,971.6464,1990.3839,919.59186,1994.4005,881.16656,1998.915,837.4394,2003.2628,808.83875,2005.663,839.4997,2035.8605,881.329,2064.9985,942.76746,2099.7256,1018.10736,2120.2803,1099.5675,2125.2913,1185.8048,2117.6455,1261.7295,2094.0554,1322.3715,2060.981,1364.1534,2032.5048,1393.5671,2007.6863
594,594,9900,808.9483,2005.923,833.9042,1978.8632,872.76447,1948.4697,929.62103,1914.3749,1014.6471,1883.9004,1096.6699,1903.1589,1180.4432,1884.7347,1267.0889,1917.5841,1326.9271,1951.9281,1366.7947,1982.5729,1393.4802,2007.9323,1366.3744,2005.6155,1319.2249,2001.8362,1279.2969,1995.9584,1228.3132,1990.283,1167.7322,1989.4485,1098.3427,1991.2157,1032.5615,1987.9534,972.6116,1987.7263,920.8282,1994.2712,881.48444,1999.4557,837.4867,2003.5098,1366.3744,2005.6155,1320.6819,1998.7317,1280.3826,1992.6306,1229.1124,1987.4794,1166.6876,1989.0431,1097.7632,1990.8755,1031.445,1988.1926,971.7282,1990.562,919.66284,1994.6432,881.22034,1999.181,837.4867,2003.5098,808.9483,2005.923,839.6574,2036.1372,881.46655,2065.299,942.85406,2100.045,1018.1584,2120.5903,1099.6062,2125.5894,1185.8195,2117.9973,1261.7211,2094.451,1322.336,2061.3552,1364.0898,2032.8147,1393.4802,2007.9323
595,595,9916,808.973,2006.177,833.94214,1979.0052,872.79956,1948.4999,929.6559,1914.3009,1014.6758,1883.7407,1096.6772,1902.9733,1180.4299,1884.5548,1267.0613,1917.4509,1326.8835,1951.8757,1366.7462,1982.643,1393.4468,2008.1365,1366.3394,2005.8236,1319.1598,2001.9967,1279.2343,1996.0524,1228.272,1990.313,1167.7147,1989.424,1098.3557,1991.1741,1032.5853,1987.946,972.64746,1987.7852,920.85834,1994.3911,881.50854,1999.6316,837.5274,2003.7499,1366.3394,2005.8236,1320.622,1998.9854,1280.3228,1992.8867,1229.0729,1987.6982,1166.6741,1989.2076,1097.788,1991.0177,1031.4845,1988.3489,971.78503,1990.7554,919.71265,1994.8892,881.2461,1999.4392,837.5274,2003.7499,808.973,2006.177,839.6895,2036.4525,881.4972,2065.7097,942.87085,2100.4893,1018.16907,2121.0154,1099.6353,2125.9946,1185.841,2118.456,1261.7294,2094.9343,1322.3285,2061.7986,1364.068,2033.1292,1393.4468,2008.1365
596,596,9933,808.9999,2006.3445,833.9751,1979.097,872.8213,1948.4972,929.6699,1914.2113,1014.6838,1883.595,1096.6759,1902.8138,1180.389,1884.4137,1266.9939,1917.3193,1326.8679,1951.7784,1366.6969,1982.6707,1393.3704,2008.3474,1366.2596,2006.0172,1319.1001,2002.1327,1279.1904,1996.0955,1228.2594,1990.2919,1167.7018,1989.3658,1098.3555,1991.1088,1032.592,1987.9131,972.6878,1987.8136,920.91895,1994.4628,881.58136,1999.7294,837.5879,2003.8765,1366.2596,2006.0172,1320.5659,1999.2211,1280.3085,1993.1122,1229.0399,1987.8939,1166.6516,1989.3569,1097.7887,1991.1399,1031.4886,1988.4537,971.8005,1990.854,919.7372,1995.0029,881.2965,1999.5769,837.5879,2003.8765,808.9999,2006.3445,839.7124,2036.6144,881.5107,2065.8882,942.8708,2100.6262,1018.1621,2121.1519,1099.638,2126.1362,1185.8369,2118.666,1261.716,2095.216,1322.2977,2062.1436,1364.0154,2033.4069,1393.3704,2008.3474
597,597,9950,809.1668,2006.7563,834.0181,1979.3131,872.8434,1948.5514,929.67914,1914.1304,1014.6913,1883.4742,1096.6835,1902.6775,1180.3704,1884.2925,1266.9106,1917.2032,1326.7333,1951.7157,1366.5342,1982.7786,1393.1388,2008.7478,1366.0735,2006.3809,1318.8514,2002.3357,1279.023,1996.1915,1228.1112,1990.3224,1167.6317,1989.3541,1098.356,1991.0789,1032.5988,1987.9202,972.72296,1987.8989,920.9706,1994.6108,881.6133,1999.9155,837.6509,2004.2113,1366.0735,2006.3809,1320.369,1999.581,1280.0803,1993.4313,1228.8401,1988.1947,1166.5166,1989.6089,1097.7825,1991.3625,1031.492,1988.6506,971.83026,1991.0452,919.76685,1995.225,881.3196,1999.861,837.6509,2004.2113,809.1668,2006.7563,839.9032,2036.8645,881.633,2066.054,942.8811,2100.723,1018.14124,2121.263,1099.6028,2126.278,1185.5854,2118.9536,1261.3922,2095.6511,1321.9834,2062.6545,1363.7463,2033.8978,1393.1388,2008.7478
598,598,9966,809.234,2006.9761,834.07404,1979.413,872.8757,1948.5654,929.68176,1914.0674,1014.68146,1883.3691,1096.6344,1902.5576,1180.121,1884.1681,1266.4453,1917.1078,1326.3252,1951.7249,1366.2441,1982.9885,1392.9043,2009.2736,1365.8175,2006.8533,1318.4192,2002.619,1278.6104,1996.3467,1227.6576,1990.4011,1167.3107,1989.3553,1098.278,1991.0424,1032.5259,1987.8966,972.7166,1987.9275,921.0165,1994.6785,881.6946,2000.0079,837.743,2004.3936,1365.8175,2006.8533,1319.9922,2000.1296,1279.5895,1993.9553,1228.3298,1988.6855,1166.0728,1989.9703,1097.6012,1991.6453,1031.3363,1988.887,971.77814,1991.26,919.82635,1995.44,881.4075,2000.0791,837.743,2004.3936,809.234,2006.9761,839.9471,2036.9957,881.6514,2066.145,942.7962,2100.7407,1017.89923,2121.2827,1099.3625,2126.3054,1185.066,2119.12,1260.858,2096.0388,1321.569,2063.2793,1363.4646,2034.5272,1392.9043,2009.2736
599,599,9983,809.3297,2007.0474,834.12744,1979.4127,872.8991,1948.5283,929.68176,1914.0205,1014.685,1883.3346,1096.6338,1902.5055,1180.0774,1884.1125,1266.2557,1917.0411,1326.0326,1951.6642,1365.8712,1982.9983,1392.4095,2009.4478,1365.3597,2007.011,1317.9178,2002.6724,1278.2311,1996.354,1227.3276,1990.3871,1167.1023,1989.3206,1098.2452,1990.9946,1032.4949,1987.8618,972.7231,1987.9214,921.04034,1994.6858,881.743,2000.0231,837.79785,2004.4535,1365.3597,2007.011,1319.5581,2000.3373,1279.148,1994.177,1227.9469,1988.9122,1165.7506,1990.1377,1097.4644,1991.765,1031.198,1988.9818,971.7031,1991.3353,919.84015,1995.5166,881.447,2000.1599,837.79785,2004.4535,809.3297,2007.0474,839.9915,2037.0298,881.6364,2066.153,942.6586,2100.7756,1017.6219,2121.334,1099.0883,2126.3445,1184.5309,2119.2017,1260.2528,2096.2305,1321.0199,2063.53,1362.9633,2034.7609,1392.4095,2009.4478
600,600,10000,809.41394,2007.1252,834.17816,1979.4452,872.91797,1948.5203,929.6557,1913.9603,1014.6726,1883.2518,1096.632,1902.4149,1180.0605,1884.0181,1266.1506,1916.9575,1325.7733,1951.6365,1365.3861,1983.0668,1391.6207,2009.6453,1364.6636,2007.2032,1317.3856,2002.7705,1277.8854,1996.4033,1227.0979,1990.4064,1166.9774,1989.3221,1098.2155,1990.9795,1032.4543,1987.8767,972.71936,1987.9788,921.06506,1994.7612,881.7948,2000.0901,837.8689,2004.5387,1364.6636,2007.2032,1319.0757,2000.5897,1278.802,1994.4866,1227.7142,1989.2949,1165.5934,1990.4917,1097.4023,1992.036,1031.1151,1989.188,971.6701,1991.4773,919.8767,1995.6205,881.5078,2000.2693,837.8689,2004.5387,809.41394,2007.1252,840.0357,2037.0745,881.65063,2066.16,942.60925,2100.8079,1017.4732,2121.3682,1098.919,2126.3948,1184.1746,2119.3345,1259.7646,2096.449,1320.4459,2063.7678,1362.2819,2035.0101,1391.6207,2009.6453
601,601,10016,809.3918,2007.4313,834.0353,1979.5919,872.72144,1948.5365,929.4396,1913.911,1014.5438,1883.2167,1096.5306,1902.367,1179.9307,1883.9495,1266.0197,1916.8899,1325.6224,1951.7021,1365.2157,1983.357,1391.3689,2010.1641,1364.4225,2007.6439,1317.1577,2003.0321,1277.6589,1996.519,1226.8699,1990.4171,1166.741,1989.294,1098.0413,1990.9465,1032.2635,1987.8506,972.55756,1987.9805,920.9189,1994.8247,881.67426,2000.2277,837.79565,2004.7936,1364.4225,2007.6439,1318.8402,2000.9255,1278.549,1994.7491,1227.4625,1989.4736,1165.3396,1990.5974,1097.1919,1992.1062,1030.8992,1989.2782,971.50073,1991.61,919.7695,1995.8059,881.4082,2000.4995,837.79565,2004.7936,809.3918,2007.4313,839.93024,2037.3381,881.4601,2066.3352,942.32025,2100.8867,1017.15454,2121.3828,1098.6094,2126.438,1183.8505,2119.3655,1259.4235,2096.5745,1320.1166,2064.0156,1361.9802,2035.4015,1391.3689,2010.1641
602,602,10033,809.2626,2007.5352,833.8468,1979.6125,872.5465,1948.513,929.3138,1913.8739,1014.51056,1883.0619,1096.5122,1902.2604,1179.915,1883.8726,1265.9978,1916.8282,1325.5918,1951.7238,1365.1808,1983.5896,1391.3406,2010.6022,1364.394,2008.0309,1317.1403,2003.2842,1277.6406,1996.631,1226.8511,1990.4229,1166.7026,1989.2656,1097.9994,1990.9257,1032.2025,1987.8312,972.48773,1987.9656,920.82605,1994.832,881.552,2000.2708,837.64404,2004.8835,1364.394,2008.0309,1318.8226,2001.2139,1278.5221,1994.959,1227.4175,1989.5938,1165.2798,1990.6453,1097.133,1992.1252,1030.8259,1989.2944,971.4314,1991.6335,919.7063,1995.8593,881.3065,2000.5813,837.64404,2004.8835,809.2626,2007.5352,839.7833,2037.4392,881.29895,2066.407,942.14417,2100.9092,1017.01373,2121.4204,1098.5264,2126.492,1183.8042,2119.396,1259.3862,2096.6992,1320.0864,2064.2603,1361.9639,2035.7446,1391.3406,2010.6022
603,603,10050,809.183,2007.6562,833.6994,1979.6191,872.4204,1948.4954,929.2496,1913.7089,1014.512,1882.6805,1096.5255,1901.9114,1179.9316,1883.5732,1266.105,1916.7758,1325.7273,1951.6958,1365.2916,1983.6797,1391.3708,2010.8546,1364.4062,2008.233,1317.17,2003.375,1277.6583,1996.647,1226.855,1990.405,1166.6973,1989.2429,1098.001,1990.857,1032.204,1987.7888,972.4918,1987.9551,920.8069,1994.8253,881.5006,2000.2964,837.56616,2004.9777,1364.4062,2008.233,1318.8507,2001.3291,1278.5322,1995.0126,1227.4158,1989.6101,1165.2754,1990.68,1097.1318,1992.1534,1030.8262,1989.326,971.4313,1991.6592,919.6943,1995.8755,881.2526,2000.6357,837.56616,2004.9777,809.183,2007.6562,839.6917,2037.5234,881.2216,2066.4348,942.10046,2100.9385,1017.0035,2121.4526,1098.5238,2126.5234,1183.8182,2119.4456,1259.4111,2096.7236,1320.1124,2064.3123,1361.9875,2035.8851,1391.3708,2010.8546
604,604,10066,809.0962,2007.6832,833.5246,1979.6118,872.24097,1948.4196,929.12164,1913.486,1014.48846,1882.31,1096.5157,1901.5975,1179.9205,1883.3474,1266.1361,1916.7616,1325.8109,1951.6871,1365.4053,1983.8201,1391.4547,2011.169,1364.4526,2008.4716,1317.2015,2003.4828,1277.6555,1996.6644,1226.8379,1990.3921,1166.686,1989.1843,1097.9861,1990.7227,1032.1873,1987.6533,972.4698,1987.8586,920.76086,1994.7892,881.4347,2000.2936,837.49097,2004.9907,1364.4526,2008.4716,1318.8782,2001.4579,1278.5319,1995.0654,1227.4015,1989.6266,1165.2655,1990.6991,1097.1191,1992.1462,1030.8102,1989.3198,971.40875,1991.6625,919.65814,1995.8835,881.18585,2000.6383,837.49097,2004.9907,809.0962,2007.6832,839.55414,2037.5417,881.0782,2066.4424,942.00037,2100.954,1016.95825,2121.4426,1098.5092,2126.5112,1183.8228,2119.473,1259.4362,2096.7441,1320.1606,2064.3877,1362.0538,2036.0685,1391.4547,2011.169
605,605,10083,809.017,2007.7188,833.35114,1979.6042,872.0163,1948.3837,928.90295,1913.3553,1014.3631,1882.0992,1096.3889,1901.4385,1179.8259,1883.2644,1266.1278,1916.7063,1325.7925,1951.7345,1365.3905,1984.0526,1391.436,2011.566,1364.4286,2008.7832,1317.1786,2003.646,1277.6323,1996.7189,1226.8109,1990.3782,1166.5967,1989.1688,1097.8608,1990.6484,1032.0867,1987.5698,972.37006,1987.795,920.6411,1994.7666,881.313,2000.2906,837.39154,2005.012,1364.4286,2008.7832,1318.8519,2001.6486,1278.5085,1995.1609,1227.3795,1989.6355,1165.2015,1990.7247,1097.0258,1992.1534,1030.735,1989.3253,971.3331,1991.6737,919.5708,1995.8928,881.0741,2000.648,837.39154,2005.012,809.017,2007.7188,839.4513,2037.5585,880.9586,2066.4514,941.88513,2100.9414,1016.85455,2121.376,1098.3988,2126.4443,1183.759,2119.471,1259.3992,2096.7646,1320.151,2064.4658,1362.0365,2036.2953,1391.436,2011.566
606,606,10100,808.84406,2007.716,833.14124,1979.5914,871.78534,1948.3387,928.6556,1913.273,1014.1578,1882.0065,1096.1586,1901.414,1179.6516,1883.2052,1266.0674,1916.6781,1325.7738,1951.8906,1365.3735,1984.3662,1391.415,2011.9679,1364.4042,2009.1198,1317.1583,2003.8646,1277.6099,1996.8297,1226.7213,1990.3883,1166.4188,1989.1445,1097.6271,1990.6227,1031.9042,1987.517,972.2036,1987.7339,920.45526,1994.7235,881.1188,2000.2734,837.1981,2005.0072,1364.4042,2009.1198,1318.8297,2001.8708,1278.4897,1995.2852,1227.2998,1989.656,1165.0594,1990.7476,1096.8257,1992.153,1030.5778,1989.312,971.1922,1991.6628,919.4208,1995.8888,880.8912,2000.6423,837.1981,2005.0072,808.84406,2007.716,839.28253,2037.5491,880.77484,2066.4155,941.68756,2100.8284,1016.64404,2121.1792,1098.1388,2126.2705,1183.5746,2119.4043,1259.2638,2096.7754,1320.0776,2064.5205,1362.0165,2036.5105,1391.415,2011.9679
607,607,10116,808.7524,2007.7279,833.0322,1979.5846,871.67554,1948.3287,928.50433,1913.235,1014.01306,1881.9785,1095.9865,1901.3724,1179.5348,1883.1377,1265.9802,1916.6876,1325.6437,1952.1025,1365.2172,1984.7346,1391.2021,2012.4371,1364.1528,2009.4996,1316.9741,2004.0884,1277.4264,1996.932,1226.5521,1990.3942,1166.233,1989.1249,1097.429,1990.602,1031.7904,1987.479,972.1199,1987.69,920.3673,1994.7039,881.0234,2000.2708,837.1307,2005.0125,1364.1528,2009.4996,1318.6559,2002.0747,1278.3346,1995.3875,1227.1522,1989.6711,1164.9272,1990.7659,1096.6802,1992.1462,1030.4996,1989.296,971.13403,1991.6515,919.3602,1995.8849,880.81195,2000.642,837.1307,2005.0125,808.7524,2007.7279,839.1953,2037.5498,880.6843,2066.403,941.59424,2100.7856,1016.5279,2121.104,1097.9438,2126.2227,1183.4093,2119.3982,1259.0732,2096.7905,1319.8616,2064.5889,1361.7856,2036.7544,1391.2021,2012.4371
608,608,10133,808.5386,2007.7217,832.73596,1979.555,871.3186,1948.2479,928.0733,1913.1149,1013.5777,1881.8956,1095.493,1901.3505,1179.1796,1883.0773,1265.7858,1916.6968,1325.4858,1952.311,1365.0739,1985.1105,1391.0264,2012.9194,1363.9366,2009.8927,1316.785,2004.3411,1277.1898,1997.061,1226.2594,1990.4119,1165.8528,1989.1035,1096.9672,1990.5739,1031.4438,1987.4144,971.83673,1987.6023,920.1069,1994.6364,880.79987,2000.2384,836.9426,2005.0002,1363.9366,2009.8927,1318.4667,2002.3085,1278.1082,1995.515,1226.8593,1989.6931,1164.5627,1990.7823,1096.2273,1992.1312,1030.1545,1989.262,970.84753,1991.6176,919.10944,1995.8579,880.57825,2000.6167,836.9426,2005.0002,808.5386,2007.7217,838.9258,2037.534,880.3449,2066.3684,941.2017,2100.7195,1016.08374,2121.0083,1097.4069,2126.1619,1182.9927,2119.3933,1258.7317,2096.8037,1319.5876,2064.6938,1361.5643,2037.0454,1391.0264,2012.9194
609,609,10150,808.4065,2007.6469,832.5512,1979.4329,871.113,1948.0564,927.864,1912.8984,1013.38336,1881.7509,1095.2399,1901.3103,1178.9146,1883.0354,1265.5873,1916.6841,1325.3068,1952.4287,1364.926,1985.355,1390.8843,2013.2421,1363.7709,2010.1543,1316.6027,2004.4945,1276.9525,1997.1091,1225.9923,1990.404,1165.5592,1989.0486,1096.6868,1990.424,1031.2386,1987.1772,971.66943,1987.332,919.94464,1994.4161,880.6559,2000.1,836.8234,2004.9122,1363.7709,2010.1543,1318.2916,2002.4441,1277.9169,1995.5686,1226.635,1989.7096,1164.329,1990.7742,1096.0071,1992.0591,1029.9962,1989.1436,970.72015,1991.4778,918.9854,1995.7269,880.4481,2000.4955,836.8234,2004.9122,808.4065,2007.6469,838.7586,2037.4358,880.1381,2066.257,940.97095,2100.5935,1015.8282,2120.8691,1097.1106,2126.0713,1182.7356,2119.3796,1258.5044,2096.8164,1319.3945,2064.778,1361.3951,2037.2493,1390.8843,2013.2421
610,610,10166,808.1569,2007.6403,832.22424,1979.3895,870.7515,1947.9377,927.464,1912.7229,1012.9825,1881.6013,1094.7867,1901.2123,1178.5658,1883.0161,1265.3689,1916.6622,1325.131,1952.5026,1364.7649,1985.5428,1390.6725,2013.5271,1363.5303,2010.371,1316.4099,2004.5869,1276.7194,1997.1193,1225.7107,1990.3745,1165.2001,1988.9058,1096.2428,1990.1738,1030.8729,1986.8754,971.34625,1987.05,919.6499,1994.2404,880.4034,2000.0286,836.60724,2004.8943,1363.5303,2010.371,1318.096,2002.5442,1277.7017,1995.6003,1226.364,1989.7236,1163.9938,1990.7292,1095.5939,1991.9338,1029.6554,1989.0022,970.41437,1991.3589,918.7029,1995.6459,880.1848,2000.4409,836.60724,2004.8943,808.1569,2007.6403,838.4382,2037.4146,879.74786,2066.2046,940.5573,2100.4778,1015.39325,2120.6694,1096.6008,2125.8796,1182.3306,2119.287,1258.1687,2096.8196,1319.138,2064.8164,1361.169,2037.4043,1390.6725,2013.5271
611,611,10183,808.10333,2007.5874,832.1489,1979.3324,870.6638,1947.8799,927.35736,1912.695,1012.8745,1881.5504,1094.6768,1901.1407,1178.4905,1882.9625,1265.3074,1916.6909,1325.0583,1952.6211,1364.6841,1985.715,1390.5555,2013.7217,1363.4055,2010.5409,1316.3184,2004.6962,1276.614,1997.1622,1225.6039,1990.3685,1165.0754,1988.8976,1096.1106,1990.1326,1030.7595,1986.7882,971.2497,1986.9319,919.5623,1994.1332,880.3347,1999.9532,836.56055,2004.8378,1363.4055,2010.5409,1318.0035,2002.6724,1277.63,1995.6931,1226.2877,1989.7605,1163.9055,1990.7396,1095.4983,1991.9364,1029.5715,1988.9841,970.33813,1991.3191,918.6342,1995.5907,880.1253,2000.3765,836.56055,2004.8378,808.10333,2007.5874,838.3619,2037.358,879.6349,2066.148,940.41815,2100.4402,1015.2464,2120.6538,1096.4459,2125.8882,1182.211,2119.3008,1258.0747,2096.8633,1319.0592,2064.9338,1361.0757,2037.5743,1390.5555,2013.7217
612,612,10200,807.9488,2007.5804,832.0206,1979.3145,870.56885,1947.8524,927.2596,1912.6704,1012.79224,1881.5238,1094.5933,1901.0935,1178.4576,1882.9125,1265.2988,1916.7056,1325.0508,1952.7225,1364.675,1985.8619,1390.5317,2013.8933,1363.3658,2010.6974,1316.2928,2004.8124,1276.584,1997.2255,1225.5679,1990.3721,1165.0183,1988.8793,1096.0182,1990.1218,1030.6871,1986.7616,971.18536,1986.8953,919.48865,1994.1049,880.24426,1999.9376,836.4429,2004.8296,1363.3658,2010.6974,1317.9774,2002.7831,1277.6119,1995.775,1226.2625,1989.7957,1163.8628,1990.748,1095.4127,1991.9426,1029.4958,1988.9852,970.2589,1991.3162,918.5427,1995.5825,880.02405,2000.3629,836.4429,2004.8296,807.9488,2007.5804,838.16956,2037.3562,879.42883,2066.1497,940.2491,2100.4443,1015.119,2120.6636,1096.3351,2125.8982,1182.17,2119.3176,1258.057,2096.917,1319.0509,2065.0361,1361.062,2037.719,1390.5317,2013.8933
613,613,10216,807.9429,2007.5804,832.00507,1979.3094,870.5489,1947.8276,927.2203,1912.6255,1012.7607,1881.4907,1094.5619,1901.0587,1178.4514,1882.8723,1265.2856,1916.7334,1325.0343,1952.8698,1364.6583,1986.0878,1390.5242,2014.181,1363.3342,2010.9469,1316.2686,2005.012,1276.5637,1997.3634,1225.5515,1990.4249,1164.9937,1988.873,1095.9808,1990.0955,1030.6719,1986.7415,971.1808,1986.8857,919.4878,1994.098,880.2468,1999.9326,836.4471,2004.8281,1363.3342,2010.9469,1317.9534,2002.947,1277.5956,1995.8956,1226.2488,1989.8707,1163.8467,1990.7789,1095.3835,1991.952,1029.4841,1988.99,970.2551,1991.3193,918.5441,1995.5813,880.0273,2000.3604,836.4471,2004.8281,807.9429,2007.5804,838.14484,2037.3625,879.3821,2066.175,940.19745,2100.5361,1015.07574,2120.8315,1096.2964,2126.1367,1182.1646,2119.593,1258.0535,2097.205,1319.042,2065.3018,1361.0493,2037.9835,1390.5242,2014.181
614,614,10233,807.95306,2007.6052,832.0115,1979.3021,870.55524,1947.8147,927.2239,1912.5999,1012.7714,1881.4458,1094.563,1901.0317,1178.4463,1882.8368,1265.2993,1916.7604,1325.0422,1953.0223,1364.6552,1986.3417,1390.5079,2014.5186,1363.3141,2011.2462,1316.2489,2005.262,1276.5424,1997.5532,1225.5342,1990.516,1164.9833,1988.8868,1095.9802,1990.0763,1030.6846,1986.7213,971.2112,1986.8715,919.5229,1994.0892,880.2863,1999.936,836.4706,2004.8464,1363.3141,2011.2462,1317.9313,2003.2026,1277.5746,1996.1211,1226.2335,1990.0365,1163.838,1990.8767,1095.3813,1992.0088,1029.4904,1989.0211,970.2738,1991.3392,918.57,1995.5985,880.05383,2000.3739,836.4706,2004.8464,807.95306,2007.6052,838.14825,2037.4135,879.3819,2066.2769,940.19543,2100.722,1015.0717,2121.0916,1096.2938,2126.4636,1182.1708,2119.9846,1258.0707,2097.6384,1319.0557,2065.7192,1361.0455,2038.3473,1390.5079,2014.5186
615,615,10250,807.98456,2007.6183,832.035,1979.2946,870.5828,1947.8014,927.2516,1912.5574,1012.83386,1881.3834,1094.6287,1901.0175,1178.5366,1882.813,1265.4568,1916.7714,1325.1919,1953.1439,1364.7695,1986.5646,1390.5632,2014.8333,1363.3403,2011.5244,1316.275,2005.4893,1276.5687,1997.7189,1225.573,1990.5903,1165.0289,1988.8953,1096.0385,1990.0577,1030.7618,1986.703,971.3007,1986.8586,919.60706,1994.0813,880.3669,1999.9375,836.5256,2004.8568,1363.3403,2011.5244,1317.9553,2003.4309,1277.6108,1996.3186,1226.284,1990.1875,1163.897,1990.9691,1095.4431,1992.0588,1029.5646,1989.0454,970.3582,1991.3494,918.6515,1995.6045,880.1262,2000.3787,836.5256,2004.8568,807.98456,2007.6183,838.1693,2037.445,879.3987,2066.3467,940.2155,2100.8809,1015.10376,2121.342,1096.3457,2126.792,1182.2772,2120.3733,1258.2101,2098.057,1319.1947,2066.1072,1361.1445,2038.6876,1390.5632,2014.8333
616,616,10266,808.0428,2007.6194,832.0788,1979.284,870.63275,1947.7471,927.3067,1912.436,1012.9515,1881.1952,1094.7299,1900.8931,1178.6348,1882.719,1265.5803,1916.7646,1325.2665,1953.1797,1364.7905,1986.6829,1390.5511,2015.0404,1363.3269,2011.6971,1316.2618,2005.6102,1276.5608,1997.7949,1225.5873,1990.6138,1165.0715,1988.887,1096.1179,1990.0405,1030.881,1986.6909,971.43506,1986.8529,919.7254,1994.076,880.48016,1999.9342,836.624,2004.8568,1363.3269,2011.6971,1317.9417,2003.5453,1277.6093,1996.3943,1226.3048,1990.2239,1163.9448,1990.9758,1095.5175,1992.0669,1029.6666,1989.0491,970.47345,1991.3484,918.7586,1995.6016,880.22095,2000.3762,836.624,2004.8568,808.0428,2007.6194,838.2245,2037.448,879.4569,2066.3533,940.28424,2100.9072,1015.17255,2121.3948,1096.4047,2126.873,1182.3446,2120.4893,1258.2673,2098.207,1319.2262,2066.2756,1361.1466,2038.8741,1390.5511,2015.0404
617,617,10283,808.10565,2007.6185,832.11664,1979.2502,870.66974,1947.6244,927.3485,1912.1875,1013.04,1880.8153,1094.7947,1900.5703,1178.6882,1882.4868,1265.6769,1916.734,1325.354,1953.1938,1364.8494,1986.7882,1390.5637,2015.2643,1363.3215,2011.883,1316.2551,2005.725,1276.5554,1997.8429,1225.5952,1990.6146,1165.0996,1988.8704,1096.1809,1989.9891,1030.98,1986.6147,971.5658,1986.7781,919.8573,1994.0305,880.6166,1999.9161,836.7266,2004.8538,1363.3215,2011.883,1317.9359,2003.6708,1277.6143,1996.4761,1226.3247,1990.2583,1163.9778,1990.9832,1095.5688,1992.074,1029.7448,1989.048,970.5804,1991.3405,918.8743,1995.5922,880.3342,2000.3657,836.7266,2004.8538,808.10565,2007.6185,838.26086,2037.4539,879.48364,2066.3975,940.3109,2101.0415,1015.20483,2121.6147,1096.4487,2127.1558,1182.4305,2120.8296,1258.379,2098.5625,1319.3246,2066.5803,1361.2006,2039.119,1390.5637,2015.2643
618,618,10300,808.13434,2007.6023,832.1432,1979.1703,870.7135,1947.4315,927.4107,1911.8553,1013.16644,1880.3379,1094.915,1900.1194,1178.792,1882.1101,1265.7986,1916.6008,1325.4469,1953.1821,1364.9064,1986.8037,1390.5721,2015.3448,1363.3151,2011.9478,1316.2494,2005.754,1276.552,1997.8462,1225.6165,1990.5947,1165.1582,1988.7817,1096.2803,1989.8469,1031.0928,1986.4531,971.6923,1986.6436,919.9767,1993.9464,880.7138,1999.8748,836.7873,2004.833,1363.3151,2011.9478,1317.9294,2003.7103,1277.6218,1996.4988,1226.3539,1990.2715,1164.0349,1990.9889,1095.6556,1992.0479,1029.8445,1989.0074,970.68866,1991.3002,918.97406,1995.5587,880.4178,2000.3313,836.7873,2004.833,808.13434,2007.6023,838.27783,2037.4537,879.50134,2066.4119,940.34436,2101.0845,1015.25757,2121.6704,1096.5233,2127.2278,1182.5309,2120.9448,1258.4915,2098.7334,1319.4254,2066.7583,1361.2551,2039.2461,1390.5721,2015.3448
619,619,10316,808.1421,2007.5898,832.1402,1979.0573,870.6996,1947.1113,927.3911,1911.2858,1013.1673,1879.5383,1094.9178,1899.3733,1178.7968,1881.4337,1265.844,1916.2852,1325.496,1953.1028,1364.9347,1986.8031,1390.5668,2015.3849,1363.3066,2011.9692,1316.2415,2005.7549,1276.543,1997.829,1225.6104,1990.5032,1165.1577,1988.585,1096.2871,1989.5828,1031.1075,1986.1697,971.71234,1986.3896,919.999,1993.7748,880.74023,1999.7885,836.802,2004.8042,1363.3066,2011.9692,1317.9209,2003.7133,1277.6133,1996.5054,1226.3496,1990.2623,1164.0358,1990.9236,1095.6617,1991.9236,1029.8595,1988.8639,970.70886,1991.1681,918.9948,1995.4619,880.43646,2000.262,836.802,2004.8042,808.1421,2007.5898,838.2809,2037.4517,879.4989,2066.4163,940.34326,2101.108,1015.2592,2121.7014,1096.5331,2127.2659,1182.5732,2120.9985,1258.5508,2098.8005,1319.4733,2066.8193,1361.2716,2039.2935,1390.5668,2015.3849
620,620,10333,808.1196,2007.4415,832.0906,1978.7883,870.6393,1946.6915,927.3273,1910.7148,1013.14795,1878.8265,1094.904,1898.7399,1178.7898,1880.8624,1265.852,1916.0056,1325.5172,1953.0162,1364.9574,1986.7922,1390.5692,2015.388,1363.2968,2011.9697,1316.2345,2005.7515,1276.5349,1997.8036,1225.6003,1990.41,1165.1471,1988.3857,1096.2803,1989.3033,1031.1044,1985.8531,971.7133,1986.0912,920.00244,1993.5219,880.7459,1999.5902,836.80237,2004.6387,1363.2968,2011.9697,1317.9133,2003.7133,1277.6077,1996.503,1226.3407,1990.2434,1164.023,1990.8474,1095.6521,1991.78,1029.8539,1988.6748,970.709,1990.9529,918.9988,1995.2477,880.4414,2000.0544,836.80237,2004.6387,808.1196,2007.4415,838.25085,2037.3406,879.4658,2066.361,940.31854,2101.0996,1015.2436,2121.7117,1096.5282,2127.276,1182.5746,2121.0154,1258.5643,2098.8384,1319.5026,2066.8545,1361.2938,2039.3094,1390.5692,2015.388
621,621,10350,808.1253,2007.0745,832.0897,1978.2156,870.6386,1945.8884,927.3279,1909.7031,1013.18915,1877.6691,1094.9626,1897.6793,1178.8535,1879.8705,1265.9668,1915.3566,1325.609,1952.6885,1365.0013,1986.6653,1390.5663,2015.3606,1363.2876,2011.9216,1316.2258,2005.6371,1276.5278,1997.603,1225.6044,1990.0625,1165.1654,1987.8801,1096.3223,1988.6879,1031.1455,1985.1965,971.7453,1985.4495,920.0179,1992.9515,880.75385,1999.1099,836.80896,2004.245,1363.2876,2011.9216,1317.9055,2003.6213,1277.6083,1996.3662,1226.3529,1990.0321,1164.0461,1990.5222,1095.6948,1991.3486,1029.8962,1988.1709,970.7432,1990.4198,919.0161,1994.745,880.4457,1999.5902,836.80896,2004.245,808.1253,2007.0745,838.25366,2037.0217,879.4671,2066.1316,940.32666,2100.9766,1015.26514,2121.6516,1096.5709,2127.2463,1182.639,2121.006,1258.6432,2098.8354,1319.5657,2066.843,1361.3196,2039.2849,1390.5663,2015.3606
622,622,10366,808.1091,2006.5587,832.05237,1977.5668,870.59155,1945.0972,927.2754,1908.7617,1013.1791,1876.5908,1094.9585,1896.6431,1178.852,1878.9165,1265.9862,1914.7329,1325.6265,1952.3545,1365.0049,1986.5087,1390.5615,2015.3038,1363.2708,2011.8457,1316.2058,2005.5139,1276.5089,1997.4236,1225.5901,1989.7915,1165.1556,1987.5007,1096.3191,1988.2094,1031.1455,1984.6969,971.7478,1984.934,920.0208,1992.4269,880.7573,1998.5836,836.80786,2003.727,1363.2708,2011.8457,1317.8871,2003.517,1277.5945,1996.242,1226.3392,1989.8723,1164.0353,1990.2782,1095.691,1991.0044,1029.8951,1987.739,970.7453,1989.918,919.0202,1994.2056,880.4485,1999.0404,836.80786,2003.727,808.1091,2006.5587,838.2448,2036.5299,879.46063,2065.698,940.3201,2100.6833,1015.25757,2121.49,1096.5657,2127.1636,1182.6371,2120.962,1258.6433,2098.8079,1319.5656,2066.8083,1361.3174,2039.236,1390.5615,2015.3038
623,623,10383,808.09973,2006.0792,832.031,1976.9353,870.5753,1944.3301,927.26544,1907.9438,1013.17926,1875.7802,1094.9574,1895.8342,1178.8463,1878.1642,1265.985,1914.1266,1325.6257,1951.9237,1365.0028,1986.2345,1390.5549,2015.1368,1363.2515,2011.6542,1316.1898,2005.24,1276.4891,1997.0334,1225.5756,1989.2324,1165.1495,1986.7747,1096.3191,1987.3917,1031.1472,1983.853,971.7508,1984.1135,920.02545,1991.6771,880.7621,1997.9446,836.8106,2003.2047,1363.2515,2011.6542,1317.8726,2003.2903,1277.5867,1995.9731,1226.3322,1989.5098,1164.0323,1989.7659,1095.6927,1990.3555,1029.9011,1987.0559,970.75006,1989.2476,919.02545,1993.5853,880.45337,1998.4526,836.8106,2003.2047,808.09973,2006.0792,838.23645,2036.0585,879.4591,2065.244,940.32214,2100.2102,1015.263,2121.0005,1096.5719,2126.7205,1182.641,2120.6257,1258.6471,2098.598,1319.5684,2066.6643,1361.3157,2039.0872,1390.5549,2015.1368
624,624,10400,808.0225,2005.5087,831.9443,1976.2937,870.50793,1943.6565,927.21625,1907.329,1013.16174,1875.2614,1094.9447,1895.381,1178.832,1877.7471,1265.9816,1913.7865,1325.6241,1951.6692,1365.0018,1986.0537,1390.5511,2015.0068,1363.2433,2011.5219,1316.1807,2005.0795,1276.4698,1996.8138,1225.5568,1988.9232,1165.1364,1986.3549,1096.3099,1986.9054,1031.1327,1983.2902,971.7311,1983.5073,919.9987,1991.0552,880.72217,1997.3557,836.7567,2002.6399,1363.2433,2011.5219,1317.8627,2003.1587,1277.578,1995.8368,1226.3228,1989.3496,1164.0247,1989.5409,1095.6888,1990.0483,1029.893,1986.6765,970.7365,1988.7985,919.00085,1993.085,880.41754,1997.915,836.7567,2002.6399,808.0225,2005.5087,838.1635,2035.5876,879.4086,2064.8909,940.29565,2099.9565,1015.25226,2120.829,1096.572,2126.6077,1182.6454,2120.563,1258.6587,2098.5596,1319.5815,2066.6228,1361.3225,2039.0049,1390.5511,2015.0068
625,625,10416,808.01996,2005.3429,831.9202,1976.0493,870.47,1943.3467,927.1564,1906.996,1013.1262,1874.9579,1094.9203,1895.1062,1178.8153,1877.5107,1265.9742,1913.6277,1325.61,1951.5791,1364.9805,1986.0127,1390.5032,2014.999,1363.1869,2011.5042,1316.1293,2005.0245,1276.4202,1996.7123,1225.5192,1988.7639,1165.1055,1986.1393,1096.2919,1986.6509,1031.1198,1983.0022,971.7218,1983.1892,919.991,1990.7449,880.7174,1997.0876,836.7556,2002.4476,1363.1869,2011.5042,1317.8096,2003.1252,1277.5337,1995.7821,1226.2825,1989.2557,1163.993,1989.385,1095.6711,1989.8339,1029.8824,1986.4348,970.73016,1988.5524,918.99554,1992.8547,880.41254,1997.7013,836.7556,2002.4476,808.01996,2005.3429,838.1599,2035.3896,879.40704,2064.649,940.2944,2099.684,1015.2478,2120.55,1096.5577,2126.379,1182.6227,2120.3838,1258.6228,2098.4624,1319.5437,2066.5757,1361.2859,2038.9824,1390.5032,2014.999
626,626,10433,807.9298,2005.2853,831.7654,1975.9508,870.28766,1943.2136,926.96014,1906.8469,1013.01373,1874.8197,1094.8353,1894.9811,1178.7507,1877.4249,1265.9486,1913.592,1325.5815,1951.5757,1364.9336,1986.0221,1390.389,2015.0585,1363.0177,2011.5447,1315.9723,2005.0386,1276.2767,1996.7144,1225.4038,1988.7605,1165.005,1986.1196,1096.2125,1986.6106,1031.0464,1982.9462,971.6564,1983.1191,919.93207,1990.6703,880.6682,1997.0128,836.7043,2002.3812,1363.0177,2011.5447,1317.6473,2003.1545,1277.3947,1995.8025,1226.1597,1989.2626,1163.8843,1989.3871,1095.5836,1989.8223,1029.8055,1986.4055,970.6683,1988.5039,918.94507,1992.7915,880.3624,1997.6315,836.7043,2002.3812,807.9298,2005.2853,838.06506,2035.3444,879.3174,2064.6228,940.2032,2099.684,1015.15155,2120.5588,1096.4661,2126.4194,1182.5449,2120.4524,1258.5575,2098.5574,1319.485,2066.6692,1361.2158,2039.0602,1390.389,2015.0585
627,627,10450,807.9278,2005.3093,831.7565,1975.9589,870.2731,1943.2144,926.92993,1906.846,1013.0017,1874.8153,1094.8262,1894.9789,1178.744,1877.4244,1265.947,1913.6318,1325.5687,1951.7086,1364.8892,1986.2778,1390.267,2015.4756,1362.8643,2011.9318,1315.8387,2005.347,1276.1837,1996.9764,1225.3533,1988.9717,1164.9814,1986.2732,1096.2064,1986.7247,1031.0454,1983.0443,971.65765,1983.1986,919.934,1990.7313,880.67065,1997.0558,836.7061,2002.4137,1362.8643,2011.9318,1317.5238,2003.5408,1277.3099,1996.1897,1226.1072,1989.6332,1163.8568,1989.6868,1095.5742,1990.0339,1029.8024,1986.5513,970.66925,1988.5981,918.9473,1992.8533,880.365,1997.6796,836.7061,2002.4137,807.9278,2005.3093,838.06573,2035.3884,879.31934,2064.6973,940.2023,2099.8677,1015.14636,2120.9473,1096.457,2126.993,1182.5337,2121.0996,1258.5375,2099.2095,1319.4493,2067.2327,1361.1516,2039.5491,1390.267,2015.4756
628,628,10466,807.93353,2005.8721,831.758,1976.3981,870.27277,1943.5444,926.91754,1907.0764,1012.99524,1874.9286,1094.8145,1895.0735,1178.7278,1877.5103,1265.9373,1913.8191,1325.5332,1952.0146,1364.7975,1986.6957,1390.0751,2016.0189,1362.6201,2012.5182,1315.6343,2005.9978,1276.0378,1997.7134,1225.2822,1989.782,1164.9567,1987.1001,1096.2019,1987.5657,1031.0482,1983.9329,971.67535,1984.0702,919.9632,1991.5383,880.6978,1997.7596,836.72595,2003.0315,1362.6201,2012.5182,1317.3385,2004.3027,1277.1865,1997.112,1226.0414,1990.7012,1163.8326,1990.7998,1095.5671,1991.1135,1029.8024,1987.6218,970.67804,1989.603,918.96594,1993.7389,880.38654,1998.4385,836.72595,2003.0315,807.93353,2005.8721,838.0697,2036.165,879.3228,2065.7188,940.2036,2101.2517,1015.14526,2122.7104,1096.4562,2128.9294,1182.5336,2122.8877,1258.5304,2100.691,1319.418,2068.342,1361.0685,2040.3429,1390.0751,2016.0189
629,629,10483,808.07715,2006.7982,832.0799,1977.413,870.7368,1944.7881,927.3599,1908.614,1013.27594,1876.6202,1094.9319,1896.6561,1178.7307,1879.1141,1265.8407,1915.1533,1325.2924,1953.1039,1364.4792,1987.5905,1389.7716,2016.8141,1362.3429,2013.5133,1315.3827,2007.1138,1275.7925,1998.9268,1225.192,1991.0586,1164.9521,1988.2905,1096.2715,1988.7449,1031.183,1985.1173,971.9209,1985.3245,920.25555,1992.7776,880.9106,1998.9558,836.87585,2004.1466,1362.3429,2013.5133,1317.1498,2006.2157,1277.1223,1999.9578,1226.0347,1994.4736,1163.8746,1995.0334,1095.7284,1995.3142,1029.9729,1991.6185,970.90173,1993.0433,919.19885,1996.3978,880.60565,2000.335,836.87585,2004.1466,808.07715,2006.7982,838.2104,2037.7748,879.49713,2068.0486,940.38617,2104.1934,1015.287,2126.2048,1096.6112,2132.7473,1182.607,2126.5698,1258.5391,2104.05,1319.4016,2071.029,1360.9719,2042.0059,1389.7716,2016.8141
630,630,10500,807.99884,2009.9258,832.075,1980.4261,870.78375,1947.9382,927.45154,1912.2378,1013.3067,1880.5913,1094.9336,1900.4211,1178.6885,1882.992,1265.5895,1918.7104,1325.0304,1956.297,1364.3303,1990.6963,1389.7167,2019.9678,1362.1973,2017.0542,1315.2346,2010.612,1275.4835,2002.0409,1225.0392,1993.7379,1164.9309,1990.4558,1096.2716,1990.8252,1031.1837,1987.2407,971.9415,1987.8431,920.30695,1995.7114,880.911,2002.2874,836.8695,2007.6113,1362.1973,2017.0542,1316.9573,2012.4714,1277.038,2008.7499,1226.0251,2005.7524,1163.8826,2007.6423,1095.7484,2007.9712,1029.9727,2003.834,970.9063,2003.7148,919.21014,2004.647,880.61633,2006.2432,836.8695,2007.6113,807.99884,2009.9258,838.09656,2042.9768,879.4343,2075.318,940.354,2112.6753,1015.2798,2135.5693,1096.6656,2142.6345,1182.7416,2136.2761,1258.672,2113.297,1319.4618,2079.102,1360.978,2047.6,1389.7167,2019.9678
631,631,10516,807.80615,2013.8567,831.95807,1984.2865,870.75745,1951.8679,927.4366,1916.4791,1013.22186,1884.916,1094.7997,1904.1188,1178.4071,1886.8547,1265.0325,1922.0094,1324.6108,1959.1514,1364.1193,1993.5555,1389.6293,2022.9275,1361.9828,2020.2963,1314.9774,2013.7877,1274.9579,2004.709,1224.7158,1995.919,1164.769,1992.2065,1096.1637,1992.6089,1031.0161,1989.1722,971.8714,1990.3951,920.3054,1998.9688,880.8586,2006.1208,836.82336,2011.6832,1361.9828,2020.2963,1316.5891,2017.9227,1276.8003,2016.1743,1225.9222,2015.0267,1163.8439,2017.9447,1095.709,2018.4661,1029.8281,2014.0391,970.84314,2012.9336,919.2034,2012.2357,880.6188,2012.1643,836.82336,2011.6832,807.80615,2013.8567,837.77094,2048.5764,879.09216,2082.4192,939.9927,2120.5432,1015.0327,2144.0115,1096.658,2151.4348,1182.7882,2144.81,1258.7915,2121.5269,1319.5513,2086.3333,1360.9966,2052.6802,1389.6293,2022.9275
632,632,10533,807.4979,2017.4095,831.825,1987.3375,870.7554,1954.8539,927.45825,1919.6527,1013.22144,1888.1406,1094.7966,1906.6971,1178.3401,1889.6095,1264.592,1924.2426,1324.1575,1961.1655,1363.7742,1995.8365,1389.2892,2025.8574,1361.5148,2023.5267,1314.7872,2015.9905,1274.501,2005.9856,1224.5375,1996.5708,1164.7396,1992.5032,1096.1575,1992.9126,1030.9364,1989.5803,971.8172,1991.2924,920.2906,2000.6133,880.5935,2008.71,836.6839,2015.4375,1361.5148,2023.5267,1316.1256,2025.1824,1276.6002,2026.6951,1225.8801,2028.4803,1163.8411,2033.0156,1095.7002,2033.8573,1029.6337,2029.1052,970.66943,2026.4458,919.1023,2022.9526,880.5602,2019.7771,836.6839,2015.4375,807.4979,2017.4095,837.3282,2054.6646,878.725,2090.601,939.6622,2129.935,1014.82794,2154.277,1096.6635,2162.1729,1182.8875,2155.233,1258.9319,2131.5046,1319.6016,2094.9783,1360.9943,2058.6306,1389.2892,2025.8574
633,633,10550,807.46655,2021.1543,831.6305,1989.1969,870.6063,1955.5287,927.3249,1919.6191,1013.096,1887.7948,1094.6952,1906.4004,1178.2184,1889.321,1264.4982,1924.308,1324.1302,1961.9105,1363.7709,1997.8413,1389.2358,2029.8594,1361.177,2027.5394,1314.652,2018.289,1274.055,2006.9243,1224.3372,1996.689,1164.6647,1992.4315,1096.0938,1992.8529,1030.8264,1989.5045,971.79834,1991.3589,920.3399,2001.404,880.5908,2010.7386,836.74084,2019.1605,1361.177,2027.5394,1315.5922,2032.0848,1276.2925,2035.6047,1225.76,2039.0947,1163.8007,2044.6609,1095.594,2045.8021,1029.3729,2040.831,970.58435,2037.0912,919.1075,2031.7239,880.66376,2026.3918,836.74084,2019.1605,807.46655,2021.1543,836.8942,2061.5337,877.94635,2100.8225,938.6511,2143.3157,1014.13544,2169.7,1096.64,2178.147,1183.1725,2170.6206,1259.6006,2144.9126,1320.1669,2105.3855,1361.2131,2065.7864,1389.2358,2029.8594
634,634,10566,807.5897,2022.892,831.5292,1989.0635,870.37115,1955.4458,926.9672,1918.6167,1012.6254,1886.13,1094.2351,1904.6554,1177.7317,1888.2112,1264.0631,1924.1338,1323.7928,1961.7684,1363.5322,1998.7051,1388.5969,2033.4678,1359.7114,2030.9402,1313.8809,2018.9106,1272.6351,2006.7876,1223.4574,1995.3037,1164.075,1988.8362,1095.5388,1988.3881,1030.3431,1985.2384,971.6643,1988.8317,920.3978,2000.9646,880.62366,2010.5409,837.4191,2020.8092,1359.7114,2030.9402,1314.0465,2039.6537,1275.248,2046.104,1225.1697,2052.1025,1163.4526,2059.065,1095.0385,2060.4265,1028.7091,2054.9404,970.4115,2049.3147,919.14825,2040.8491,881.12415,2032.1218,837.4191,2020.8092,807.5897,2022.892,836.4668,2066.8481,876.487,2110.5867,936.3475,2157.3223,1012.12335,2186.125,1096.1003,2195.2847,1183.2156,2187.3787,1259.9823,2159.6614,1320.4863,2116.61,1361.2356,2073.1018,1388.5969,2033.4678
635,635,10583,807.8142,2023.7816,831.497,1988.7721,870.3215,1954.6051,926.94507,1916.0314,1012.64636,1882.3579,1094.3927,1900.2878,1177.9589,1884.4171,1264.3142,1921.6375,1323.9613,1961.2642,1363.5889,1998.6237,1388.3163,2035.4333,1358.8317,2032.8285,1313.7809,2018.7605,1272.3445,2005.9108,1223.4263,1991.6771,1164.0801,1983.0984,1095.58,1982.0455,1030.3485,1979.5054,971.7032,1984.9036,920.772,1999.5042,880.76874,2010.2391,838.4753,2021.6829,1358.8317,2032.8285,1313.7041,2045.2358,1275.2233,2054.2898,1225.2501,2062.0938,1163.805,2069.5356,1095.3013,2070.4504,1028.7727,2064.6323,970.5895,2057.9026,919.683,2047.4977,882.1122,2036.3612,838.4753,2021.6829,807.8142,2023.7816,836.35126,2070.1523,876.1048,2115.9927,935.92285,2164.2507,1011.9435,2193.9585,1096.2539,2203.5396,1184.4314,2195.9392,1261.7764,2168.0806,1321.9464,2123.6814,1361.7251,2077.8403,1388.3163,2035.4333
636,636,10600,808.2442,2024.0398,831.4977,1988.5435,870.3185,1953.628,926.9456,1913.8943,1012.7099,1879.72,1094.5819,1897.5264,1178.1819,1882.1211,1264.5911,1920.2904,1324.2285,1961.1616,1363.7787,1998.8784,1388.265,2037.5359,1358.4945,2034.7495,1313.7755,2018.8547,1272.2661,2005.4526,1223.426,1989.3862,1164.1511,1979.5305,1095.7009,1978.0201,1030.3926,1975.5535,971.79926,1981.7402,921.2585,1997.9473,881.0579,2010.0199,839.70905,2021.9265,1358.4945,2034.7495,1313.6548,2048.6992,1275.2805,2058.3274,1225.6611,2066.165,1164.6111,2073.162,1096.0421,2073.4575,1029.1051,2067.1907,971.0665,2060.06,920.5517,2049.3071,883.3615,2037.7219,839.70905,2021.9265,808.2442,2024.0398,836.352,2071.1946,876.0602,2117.4497,935.87915,2166.1245,1011.95276,2196.4133,1096.9055,2206.5557,1186.3214,2199.6467,1264.2822,2172.4053,1324.1047,2127.9373,1362.718,2081.3264,1388.265,2037.5359
637,637,10616,808.62225,2024.0142,831.4967,1988.4506,870.3012,1952.4044,926.9324,1911.7355,1012.71826,1877.2118,1094.6451,1895.0184,1178.2695,1879.8936,1264.7351,1918.7886,1324.3777,1960.8252,1363.8822,1998.8755,1388.1854,2038.4333,1358.0908,2035.5262,1313.7144,2018.8037,1272.0822,2004.9285,1223.4026,1987.6138,1164.1548,1977.0859,1095.7274,1975.336,1030.4017,1972.8765,971.8605,1979.4054,921.6609,1996.5208,881.368,2009.9236,840.73315,2021.8569,1358.0908,2035.5262,1313.5487,2049.5173,1275.2899,2058.8706,1225.8921,2066.3477,1165.1171,2073.048,1096.5184,2073.2036,1029.3556,2066.832,971.47894,2059.725,921.32983,2049.1494,884.44836,2037.7476,840.73315,2021.8569,808.62225,2024.0142,836.35077,2071.3442,875.979,2117.6313,935.77893,2166.4453,1011.94965,2196.9485,1097.3175,2207.2144,1187.6165,2200.491,1265.9998,2173.3809,1325.6127,2128.9888,1363.4224,2082.4294,1388.1854,2038.4333
638,638,10633,809.1116,2024.1774,831.5104,1988.2903,870.29803,1951.4421,926.92816,1909.8959,1012.7318,1874.8981,1094.6986,1892.6841,1178.323,1877.6082,1264.84,1917.1134,1324.5022,1960.2422,1363.9661,1998.7688,1388.1069,2038.691,1357.7474,2035.7231,1313.6699,2018.6765,1271.9509,2004.2397,1223.3958,1985.9519,1164.1763,1975.081,1095.7845,1973.3159,1030.4291,1970.9292,971.95355,1977.708,922.10767,1995.4784,881.7415,2009.7612,841.73676,2021.9724,1357.7474,2035.7231,1313.417,2049.388,1275.2898,2058.3965,1226.0463,2065.7595,1165.4899,2072.621,1096.8883,2073.0679,1029.5558,2066.757,971.82837,2059.7207,922.03015,2049.2397,885.42944,2037.9924,841.73676,2021.9724,809.1116,2024.1774,836.36395,2071.7444,875.94257,2118.1792,935.7056,2167.3147,1011.9524,2198.0706,1097.7587,2208.2747,1188.7921,2201.2505,1267.4281,2173.6633,1326.7631,2128.9697,1363.9518,2082.5134,1388.1069,2038.691
639,639,10650,809.1186,2024.6274,831.3379,1988.1074,870.08575,1950.8909,926.763,1908.7211,1012.7221,1873.3463,1094.7444,1891.0007,1178.4371,1875.8973,1265.103,1915.707,1324.8083,1959.6724,1364.2323,1998.6655,1388.1016,2038.9016,1357.6334,2035.8595,1313.6644,2018.5492,1271.9193,2003.5667,1223.3921,1984.6763,1164.1895,1973.7435,1095.8143,1972.0056,1030.4299,1969.8052,971.95575,1976.7025,922.1741,1994.8164,881.7529,2009.5773,841.8803,2022.3191,1357.6334,2035.8595,1313.4153,2049.354,1275.3812,2058.2253,1226.341,2065.4028,1165.9204,2072.0825,1097.2354,2072.469,1029.6923,2066.456,971.9573,2059.7566,922.20197,2049.5864,885.6201,2038.4978,841.8803,2022.3191,809.1186,2024.6274,836.2513,2072.2449,875.7894,2118.143,935.633,2166.4644,1011.9586,2196.5168,1098.1046,2206.3503,1189.5039,2199.3657,1268.2281,2172.2324,1327.5902,2128.223,1364.5444,2082.385,1388.1016,2038.9016
640,640,10666,809.1483,2024.9954,831.1657,1987.9612,869.76526,1950.4698,926.50946,1907.7397,1012.64777,1871.921,1094.7352,1889.1864,1178.4364,1874.075,1265.1556,1913.9327,1324.9849,1958.4446,1364.4076,1998.6001,1388.0964,2038.4645,1357.5802,2035.438,1313.6798,2018.4924,1271.9181,2002.2212,1223.4089,1982.8196,1164.2167,1971.9219,1095.8167,1970.387,1030.3597,1968.4069,971.8883,1975.6357,922.1756,1994.2158,881.75305,2009.4204,841.99817,2022.6094,1357.5802,2035.438,1313.4042,2048.5176,1275.4092,2057.1978,1226.4684,2064.2144,1166.0857,2070.8015,1097.3652,2071.3042,1029.7069,2065.5674,971.98157,2059.3955,922.28107,2049.6748,885.749,2038.8398,841.99817,2022.6094,809.1483,2024.9954,836.2071,2072.6375,875.6893,2118.1565,935.5567,2165.789,1011.9575,2195.1912,1098.334,2204.758,1189.9999,2197.7266,1268.837,2170.8296,1328.2277,2127.1025,1365.0018,2081.5063,1388.0964,2038.4645
641,641,10683,809.2311,2025.5585,831.1141,1987.857,869.6852,1950.2126,926.4892,1907.0482,1012.67993,1870.8983,1094.8715,1887.9988,1178.5988,1872.9565,1265.42,1913.0424,1325.3654,1958.0305,1364.7252,1998.5151,1388.1089,2038.6617,1357.5752,2035.6357,1313.7552,2018.4121,1271.9423,2001.8918,1223.5292,1982.2297,1164.4095,1971.2959,1095.9585,1969.7605,1030.371,1967.8499,971.89594,1975.1707,922.2549,1993.933,881.78455,2009.2843,842.1981,2023.0889,1357.5752,2035.6357,1313.4215,2048.7625,1275.556,2057.3474,1226.8131,2064.1384,1166.5238,2070.479,1097.7495,2070.9026,1029.8578,2065.3098,972.126,2059.4568,922.4906,2050.0237,885.9732,2039.3424,842.1981,2023.0889,809.2311,2025.5585,836.19653,2073.149,875.6575,2118.279,935.5541,2165.3062,1011.99225,2194.2751,1098.8164,2203.6646,1190.7762,2196.703,1269.6946,2170.1985,1329.0736,2127.0095,1365.6201,2081.6892,1388.1089,2038.6617
642,642,10700,809.26404,2025.7444,831.0654,1987.7446,869.63306,1949.8601,926.4758,1906.4271,1012.7012,1870.1234,1094.9626,1887.0515,1178.6846,1871.9462,1265.5214,1911.9406,1325.4833,1957.1658,1364.7972,1998.457,1388.0729,2038.364,1357.489,2035.3329,1313.7683,2018.3156,1271.9426,2000.8468,1223.572,1981.0044,1164.5043,1970.1462,1096.0454,1968.7108,1030.3737,1966.9506,971.8968,1974.404,922.2785,1993.3694,881.7861,2009.1826,842.2718,2023.22,1357.489,2035.3329,1313.4193,2048.2102,1275.6145,2056.6707,1226.9972,2063.3696,1166.7948,2069.659,1098.0199,2070.093,1029.9799,2064.7217,972.2233,2059.1538,922.5937,2049.9712,886.0582,2039.4452,842.2718,2023.22,809.26404,2025.7444,836.18445,2073.135,875.64734,2117.7961,935.5601,2164.2507,1012.0453,2192.7917,1099.1381,2201.9504,1191.1147,2194.969,1269.9471,2168.673,1329.2881,2125.8909,1365.779,2081.0176,1388.0729,2038.364
643,643,10716,809.0863,2025.706,830.5435,1987.6527,869.11316,1949.6584,926.12964,1906.1058,1012.60504,1869.717,1094.9495,1886.5476,1178.6802,1871.3433,1265.5293,1911.1909,1325.5253,1956.4531,1364.8394,1998.332,1388.051,2038.08,1357.4017,2035.0502,1313.765,2018.2484,1271.9089,2000.2672,1223.5679,1980.5125,1164.5042,1969.8733,1096.0408,1968.557,1030.2256,1966.8217,971.69025,1974.221,922.1633,1993.155,881.57,2009.0806,842.19434,2023.1716,1357.4017,2035.0502,1313.3827,2047.5005,1275.6165,2055.7683,1227.0348,2062.4016,1166.8506,2068.6875,1098.0732,2069.1213,1029.9799,2063.7139,972.2091,2058.2158,922.57513,2049.2483,886.0334,2039.0374,842.19434,2023.1716,809.0863,2025.706,835.86774,2072.842,875.3715,2117.2158,935.4035,2163.5183,1012.0221,2192.0808,1099.2267,2201.2708,1191.2421,2194.3384,1270.0793,2168.0295,1329.436,2125.2017,1365.9082,2080.405,1388.051,2038.08
644,644,10733,809.02325,2025.623,830.2007,1987.5743,868.7231,1949.4355,925.8486,1905.8293,1012.4879,1869.4435,1094.9049,1886.1659,1178.639,1870.8915,1265.5144,1910.5093,1325.5261,1955.6792,1364.8398,1998.072,1387.9445,2037.8453,1357.257,2034.8103,1313.761,2017.9583,1271.8787,1999.4026,1223.5614,1979.7863,1164.5021,1969.3801,1096.0228,1968.2133,1030.0449,1966.5203,971.4611,1973.8948,922.026,1992.7988,881.3592,2009.0321,842.16455,2023.0728,1357.257,2034.8103,1313.364,2046.9167,1275.643,2055.1416,1227.142,2061.7585,1166.9913,2067.9878,1098.216,2068.3867,1030.0024,2062.9756,972.2125,2057.5654,922.57404,2048.7397,886.0287,2038.7025,842.16455,2023.0728,809.02325,2025.623,835.7596,2072.505,875.31744,2116.5337,935.4011,2162.5012,1012.04175,2190.8723,1099.4434,2200.0278,1191.4395,2193.1736,1270.2325,2167.042,1329.5513,2124.4116,1365.9697,2079.8064,1387.9445,2037.8453
645,645,10750,808.83954,2025.6802,829.72455,1987.5021,868.2318,1949.3639,925.5104,1905.7039,1012.36383,1869.3218,1094.8755,1885.9595,1178.6205,1870.5862,1265.514,1909.9506,1325.5424,1954.9677,1364.8523,1997.7607,1387.8973,2037.6743,1357.1897,2034.6261,1313.773,2017.6211,1271.8785,1998.6056,1223.5714,1979.1584,1164.5132,1968.9965,1096.0195,1968.0016,1029.8776,1966.3691,971.18243,1973.7273,921.7973,1992.6075,881.00494,2008.9412,842.02875,2023.1051,1357.1897,2034.6261,1313.3635,2046.4749,1275.7144,2054.7324,1227.3064,2061.3647,1167.1787,2067.5518,1098.3884,2067.9495,1030.0272,2062.628,972.2127,2057.3694,922.5544,2048.6736,885.96454,2038.7046,842.02875,2023.1051,808.83954,2025.6802,835.5844,2072.4448,875.25323,2116.2002,935.4037,2161.8157,1012.09436,2189.947,1099.7396,2199.0085,1191.7017,2192.1787,1270.4283,2166.2034,1329.7036,2123.7617,1366.0632,2079.3079,1387.8973,2037.6743
646,646,10766,808.48584,2025.6667,829.15,1987.4391,867.69867,1949.2548,925.09326,1905.581,1012.16125,1869.2434,1094.7963,1885.8617,1178.561,1870.374,1265.4913,1909.4935,1325.5415,1954.3389,1364.8527,1997.4065,1387.8354,2037.5869,1357.0867,2034.5377,1313.7708,2017.1573,1271.8629,1997.7754,1223.563,1978.5106,1164.5017,1968.5696,1095.9788,1967.717,1029.6521,1966.1465,970.833,1973.4878,921.4628,1992.3436,880.50726,2008.897,841.7387,2023.0701,1357.0867,2034.5377,1313.3579,2045.9978,1275.738,2054.068,1227.3625,2060.5237,1167.2413,2066.6013,1098.4495,2066.9797,1030.0299,2061.764,972.1973,2056.695,922.4741,2048.2383,885.7906,2038.4841,841.7387,2023.0701,808.48584,2025.6667,835.3113,2072.2249,875.1543,2115.6672,935.40027,2160.9666,1012.11304,2188.8765,1099.8484,2197.8406,1191.7437,2191.038,1270.4136,2165.1997,1329.6952,2123.0103,1366.0768,2078.8518,1387.8354,2037.5869
647,647,10783,808.1622,2025.7079,828.56433,1987.3823,867.103,1949.1433,924.6135,1905.3651,1011.9772,1868.9329,1094.7399,1885.4601,1178.5397,1869.8058,1265.5055,1908.769,1325.6216,1953.5444,1364.9377,1996.9404,1387.8303,2037.5139,1357.0823,2034.4906,1313.7994,2016.8053,1271.8667,1997.3005,1223.5669,1978.2736,1164.5023,1968.5319,1095.9668,1967.7523,1029.5094,1966.2352,970.5825,1973.5123,921.2147,1992.2992,880.1141,2008.813,841.43744,2023.0863,1357.0823,2034.4906,1313.3739,2045.5474,1275.8188,2053.3591,1227.4801,2059.6091,1167.3536,2065.6074,1098.5521,2066.0137,1030.0471,2060.9097,972.19336,2056.0225,922.4209,2047.8026,885.6475,2038.2827,841.43744,2023.0863,808.1622,2025.7079,835.1115,2072.0757,875.1098,2115.2205,935.4064,2160.2346,1012.19086,2187.96,1100.0482,2196.8452,1191.8491,2190.044,1270.4459,2164.278,1329.7347,2122.3027,1366.1543,2078.4595,1387.8303,2037.5139
648,648,10800,808.03253,2025.6655,828.30133,1987.3318,866.8281,1949.0559,924.38135,1905.2649,1011.86536,1868.8438,1094.6921,1885.3304,1178.5106,1869.6111,1265.5037,1908.4396,1325.6289,1953.1107,1364.9407,1996.6761,1387.7744,2037.4592,1357.0164,2034.415,1313.7991,2016.5432,1271.8629,1996.9027,1223.5659,1978.0504,1164.5022,1968.4463,1095.9606,1967.7147,1029.4161,1966.2278,970.4256,1973.4618,921.06995,1992.1812,879.8931,2008.7635,841.2965,2023.0385,1357.0164,2034.415,1313.3724,2045.2096,1275.853,2052.9402,1227.5557,2059.1333,1167.4425,2065.0884,1098.6624,2065.4705,1030.067,2060.3828,972.192,2055.5518,922.3909,2047.4391,885.5657,2038.0635,841.2965,2023.0385,808.03253,2025.6655,835.06036,2071.8384,875.1099,2114.7527,935.4546,2159.594,1012.3066,2187.2163,1100.2584,2196.0623,1191.9178,2189.2742,1270.4393,2163.5862,1329.7206,2121.7732,1366.1588,2078.1228,1387.7744,2037.4592
649,649,10816,807.9214,2025.6024,828.0356,1987.3082,866.4932,1948.8237,924.04193,1905.0402,1011.6619,1868.6274,1094.5806,1885.1293,1178.4451,1869.3771,1265.5002,1908.1888,1325.6382,1952.8374,1364.9547,1996.5507,1387.7631,2037.3356,1356.9862,2034.2924,1313.7968,2016.455,1271.8392,1996.7471,1223.544,1978.0101,1164.4744,1968.4772,1095.9038,1967.7416,1029.2578,1966.2477,970.2446,1973.4233,920.9358,1992.06,879.739,2008.7471,841.1998,2022.9753,1356.9862,2034.2924,1313.369,2044.9407,1275.8627,2052.5652,1227.575,2058.6753,1167.4578,2064.6045,1098.6741,2064.9885,1030.0669,2059.9053,972.1709,2055.098,922.3503,2047.0658,885.503,2037.8187,841.1998,2022.9753,807.9214,2025.6024,834.95087,2071.6252,875.0478,2114.4084,935.43854,2159.1716,1012.31287,2186.7698,1100.2891,2195.6091,1191.9232,2188.8298,1270.4253,2163.1604,1329.7167,2121.4114,1366.1796,2077.8633,1387.7631,2037.3356
650,650,10833,807.86786,2025.5598,827.86005,1987.2625,866.27264,1948.7839,923.857,1904.9927,1011.5667,1868.5905,1094.5138,1885.093,1178.384,1869.3436,1265.4893,1908.136,1325.6417,1952.7461,1364.9584,1996.5305,1387.7285,2037.1763,1356.9342,2034.134,1313.7852,2016.406,1271.8074,1996.7223,1223.5242,1978.0721,1164.456,1968.6093,1095.8658,1967.875,1029.1328,1966.3584,970.10126,1973.4679,920.83716,1992.0497,879.6424,2008.68,841.151,2022.9355,1356.9342,2034.134,1313.3579,2044.778,1275.8695,2052.4011,1227.6034,2058.4912,1167.4917,2064.3757,1098.7218,2064.7185,1030.0721,2059.6047,972.1695,2054.7998,922.3416,2046.8102,885.48376,2037.6442,841.151,2022.9355,807.86786,2025.5598,834.9038,2071.464,875.0308,2114.1404,935.44116,2158.8264,1012.33044,2186.398,1100.3717,2195.2573,1191.9583,2188.5222,1270.4348,2162.923,1329.7283,2121.2314,1366.1982,2077.6858,1387.7285,2037.1763
651,651,10850,807.68713,2025.6725,827.5408,1987.2473,865.95166,1948.7499,923.6312,1904.9509,1011.48865,1868.5205,1094.4851,1885.0239,1178.3784,1869.2822,1265.5151,1908.1025,1325.7289,1952.7141,1365.0367,1996.4749,1387.7244,2037.0515,1356.9316,2034.0225,1313.7881,2016.3503,1271.8058,1996.721,1223.5243,1978.1328,1164.4556,1968.7294,1095.845,1967.9963,1029.0206,1966.4596,969.9382,1973.5103,920.6803,1992.0399,879.4462,2008.6427,840.9616,2023.047,1356.9316,2034.0225,1313.3635,2044.7775,1275.9124,2052.4248,1227.6776,2058.507,1167.5482,2064.3792,1098.7556,2064.715,1030.0745,2059.6008,972.14435,2054.8052,922.28094,2046.8335,885.3758,2037.6906,840.9616,2023.047,807.68713,2025.6725,834.73376,2071.529,874.93243,2114.17,935.4182,2158.8025,1012.3369,2186.3457,1100.4202,2195.217,1192.0131,2188.489,1270.4899,2162.925,1329.7946,2121.2656,1366.2819,2077.6726,1387.7244,2037.0515
652,652,10866,807.32904,2025.7384,826.97925,1987.2267,865.31714,1948.7316,923.06024,1904.9066,1011.0986,1868.4707,1094.2076,1885.0027,1178.213,1869.2759,1265.4922,1908.1132,1325.7307,1952.7104,1365.0447,1996.4609,1387.7177,2037.0308,1356.9045,2034.0022,1313.7458,2016.3723,1271.7211,1996.7933,1223.4265,1978.1932,1164.3137,1968.7853,1095.5983,1968.0812,1028.6531,1966.525,969.57434,1973.5228,920.3672,1992.0426,879.1454,2008.6187,840.6219,2023.108,1356.9045,2034.0022,1313.3281,2044.7634,1275.8958,2052.331,1227.6547,2058.3237,1167.487,2064.1558,1098.6393,2064.4905,1029.879,2059.369,971.88934,2054.597,922.0114,2046.6865,885.0795,2037.6206,840.6219,2023.108,807.32904,2025.7384,834.2488,2071.535,874.4458,2114.1616,935.0369,2158.794,1012.1065,2186.336,1100.3125,2195.2122,1191.9683,2188.4927,1270.4757,2162.9297,1329.783,2121.3054,1366.2931,2077.7285,1387.7177,2037.0308
653,653,10883,807.1621,2025.8635,826.7174,1987.241,865.03784,1948.675,922.8065,1904.9015,1010.94635,1868.4696,1094.1278,1885.0166,1178.1804,1869.2738,1265.4948,1908.1075,1325.7659,1952.6948,1365.0903,1996.4196,1387.714,2036.9371,1356.9021,2033.9152,1313.7443,2016.3341,1271.7157,1996.7988,1223.4202,1978.2339,1164.2994,1968.8777,1095.5549,1968.178,1028.5447,1966.5956,969.4466,1973.5374,920.25226,1992.0547,879.0183,2008.618,840.4692,2023.2212,1356.9021,2033.9152,1313.327,2044.6742,1275.9015,2052.1934,1227.6614,2058.151,1167.488,2063.9907,1098.6375,2064.3516,1029.8562,2059.2485,971.8323,2054.4954,921.92993,2046.6204,884.9701,2037.6136,840.4692,2023.2212,807.1621,2025.8635,834.04877,2071.5938,874.2852,2114.2024,934.9453,2158.8396,1012.0834,2186.391,1100.3138,2195.2444,1191.9668,2188.492,1270.4747,2162.871,1329.7979,2121.2234,1366.336,2077.657,1387.714,2036.9371
654,654,10900,806.9895,2026.1007,826.4988,1987.3323,864.83093,1948.6241,922.628,1904.92,1010.856,1868.4775,1094.0939,1885.0455,1178.1693,1869.2887,1265.498,1908.0975,1325.7878,1952.66,1365.1123,1996.3921,1387.7097,2036.8499,1356.8884,2033.8335,1313.7435,2016.2991,1271.712,1996.794,1223.4169,1978.2834,1164.294,1968.9672,1095.5378,1968.2648,1028.4647,1966.6472,969.3319,1973.5884,920.13934,1992.1038,878.8671,2008.6843,840.3207,2023.4486,1356.8884,2033.8335,1313.3256,2044.6404,1275.9081,2052.1956,1227.6714,2058.1948,1167.4973,2064.059,1098.6462,2064.4236,1029.856,2059.3765,971.8131,2054.6614,921.8792,2046.7927,884.8762,2037.7954,840.3207,2023.4486,806.9895,2026.1007,833.89886,2071.7988,874.20215,2114.3691,934.9191,2158.9338,1012.0849,2186.4246,1100.3231,2195.2417,1191.9628,2188.482,1270.4607,2162.867,1329.792,2121.207,1366.3514,2077.6072,1387.7097,2036.8499
655,655,10916,806.70416,2026.7202,826.1825,1987.6444,864.5433,1948.657,922.3619,1904.9971,1010.6992,1868.5072,1094.0138,1885.0658,1178.1171,1869.3054,1265.4932,1908.1027,1325.7927,1952.6558,1365.1287,1996.3589,1387.705,2036.798,1356.8785,2033.7891,1313.7421,2016.2672,1271.6947,1996.7897,1223.3889,1978.3243,1164.2533,1969.042,1095.4843,1968.3424,1028.3553,1966.7019,969.1792,1973.6492,919.97064,1992.2051,878.64655,2008.8984,840.0869,2024.0215,1356.8785,2033.7891,1313.3246,2044.7003,1275.9114,2052.3098,1227.6732,2058.3655,1167.4974,2064.2732,1098.646,2064.668,1029.8403,2059.7415,971.75604,2055.126,921.757,2047.3057,884.69147,2038.3303,840.0869,2024.0215,806.70416,2026.7202,833.6636,2072.3037,874.0717,2114.7502,934.87915,2159.1536,1012.08026,2186.501,1100.324,2195.2305,1191.954,2188.4485,1270.4501,2162.8523,1329.7847,2121.2156,1366.3601,2077.6094,1387.705,2036.798
656,656,10933,806.37976,2027.1666,825.698,1987.9001,864.0287,1948.667,921.8933,1905.0369,1010.3855,1868.5149,1093.8077,1885.0902,1177.9786,1869.3215,1265.4767,1908.1085,1325.8019,1952.6521,1365.1588,1996.3429,1387.7026,2036.776,1356.8749,2033.7758,1313.7389,2016.2627,1271.6709,1996.8064,1223.3513,1978.3473,1164.1799,1969.1034,1095.3308,1968.4062,1028.0968,1966.7332,968.8752,1973.7405,919.689,1992.3292,878.36035,2009.114,839.8029,2024.4298,1356.8749,2033.7758,1313.3198,2044.7377,1275.9132,2052.3474,1227.6741,2058.389,1167.4905,2064.2856,1098.6328,2064.6882,1029.7955,2059.8203,971.66406,2055.2766,921.6117,2047.5231,884.487,2038.6022,839.8029,2024.4298,806.37976,2027.1666,833.366,2072.6543,873.87537,2114.9995,934.802,2159.2527,1012.0625,2186.471,1100.3224,2195.1528,1191.9495,2188.3645,1270.4369,2162.8088,1329.7817,2121.231,1366.3896,2077.6362,1387.7026,2036.776
657,657,10950,806.2129,2027.4216,825.4857,1988.1196,863.80133,1948.7485,921.6488,1905.2195,1010.18695,1868.7039,1093.6311,1885.2546,1177.8064,1869.473,1265.3938,1908.2423,1325.7751,1952.7324,1365.1403,1996.3921,1387.6222,2036.7961,1356.7639,2033.8005,1313.6587,2016.332,1271.5739,1996.9475,1223.253,1978.5642,1164.0806,1969.3103,1095.2135,1968.6135,1027.9424,1967.0082,968.7285,1974.0774,919.55884,1992.5697,878.23456,2009.3264,839.64075,2024.6821,1356.7639,2033.8005,1313.2175,2044.7289,1275.8413,2052.2812,1227.5911,2058.2688,1167.3927,2064.137,1098.5438,2064.537,1029.694,2059.6755,971.539,2055.1675,921.4684,2047.4854,884.3268,2038.6583,839.64075,2024.6821,806.2129,2027.4216,833.21136,2072.7292,873.7647,2114.9512,934.73376,2159.141,1012.0114,2186.3438,1100.2596,2195.0227,1191.8007,2188.2349,1270.2509,2162.6892,1329.6442,2121.1572,1366.3267,2077.6357,1387.6222,2036.7961
658,658,10966,806.17,2027.6561,825.39545,1988.3381,863.6498,1948.8268,921.4496,1905.3539,1009.983,1868.7963,1093.4268,1885.3239,1177.6158,1869.5546,1265.3357,1908.3612,1325.771,1952.8038,1365.1425,1996.4293,1387.6177,2036.7899,1356.7604,2033.801,1313.6477,2016.4121,1271.5385,1997.1556,1223.1947,1978.9343,1163.9954,1969.7267,1095.0802,1969.0352,1027.7881,1967.4749,968.60754,1974.5505,919.4755,1992.8835,878.1755,2009.5663,839.56964,2024.9043,1356.7604,2033.801,1313.2039,2044.7053,1275.8263,2052.2148,1227.561,2058.1619,1167.329,2064.0125,1098.4669,2064.4172,1029.6113,2059.5615,971.45355,2055.088,921.3945,2047.4736,884.25854,2038.7245,839.56964,2024.9043,806.17,2027.6561,833.16473,2072.865,873.7179,2115.0015,934.69183,2159.1094,1011.9735,2186.2676,1100.2213,2194.9321,1191.741,2188.142,1270.2072,2162.6104,1329.627,2121.1177,1366.327,2077.6326,1387.6177,2036.7899
659,659,10983,806.11835,2027.9601,825.3327,1988.6185,863.5864,1948.973,921.37854,1905.5936,1009.92896,1869.0673,1093.3988,1885.5983,1177.6023,1869.7849,1265.3378,1908.5464,1325.7961,1952.9121,1365.1802,1996.4932,1387.6187,2036.8116,1356.7568,2033.8252,1313.6459,2016.5012,1271.5349,1997.3354,1223.191,1979.2158,1163.9922,1970.038,1095.069,1969.362,1027.7604,1967.8541,968.5789,1974.9559,919.4523,1993.1882,878.14716,2009.8451,839.5152,2025.1881,1356.7568,2033.8252,1313.2017,2044.6742,1275.826,2052.141,1227.5585,2058.056,1167.3198,2063.8938,1098.4579,2064.2996,1029.6006,2059.44,971.43677,2054.985,921.37195,2047.4277,884.22345,2038.7737,839.5152,2025.1881,806.11835,2027.9601,833.12103,2072.995,873.69244,2115.0115,934.6818,2159.0413,1011.97015,2186.1746,1100.2164,2194.8384,1191.721,2188.0498,1270.1885,2162.5217,1329.622,2121.0562,1366.334,2077.6228,1387.6187,2036.8116
660,660,11000,806.1881,2028.423,825.35034,1988.9884,863.5914,1949.144,921.38086,1905.8038,1009.93134,1869.2643,1093.4012,1885.7878,1177.6115,1869.9716,1265.4304,1908.7458,1326.0039,1953.0764,1365.422,1996.6707,1387.7286,2036.9952,1356.8201,2034.002,1313.714,2016.7598,1271.5933,1997.685,1223.2465,1979.6793,1164.0367,1970.5209,1095.0892,1969.8533,1027.7723,1968.3707,968.6063,1975.4856,919.504,1993.6066,878.22345,2010.247,839.5722,2025.6031,1356.8201,2034.002,1313.2544,2044.7686,1275.8945,2052.1667,1227.6239,2058.0247,1167.3654,2063.8372,1098.4949,2064.2495,1029.6438,2059.4116,971.48334,2055.004,921.42615,2047.5245,884.2776,2038.9634,839.5722,2025.6031,806.1881,2028.423,833.1492,2073.347,873.70953,2115.2942,934.7088,2159.24,1012.0175,2186.2954,1100.2856,2194.915,1191.7922,2188.1084,1270.2725,2162.593,1329.7417,2121.1772,1366.517,2077.7903,1387.7286,2036.9952
661,661,11016,806.19104,2028.7736,825.3535,1989.3031,863.596,1949.3236,921.38916,1906.0381,1009.9507,1869.4832,1093.437,1886.0,1177.6697,1870.1681,1265.5809,1908.9321,1326.2454,1953.2256,1365.6807,1996.8174,1387.8853,2037.1307,1356.9392,2034.1304,1313.8455,2016.9117,1271.7036,1997.8722,1223.3496,1979.9144,1164.1217,1970.7612,1095.1392,1970.1077,1027.7902,1968.6367,968.6198,1975.7762,919.51495,1993.8547,878.2303,2010.5156,839.56476,2025.927,1356.9392,2034.1304,1313.368,2044.8876,1276.0288,2052.2485,1227.7421,2058.0835,1167.4446,2063.9014,1098.546,2064.341,1029.6769,2059.531,971.4986,2055.1562,921.43085,2047.7186,884.2731,2039.2051,839.56476,2025.927,806.19104,2028.7736,833.1507,2073.6602,873.71674,2115.5806,934.7374,2159.4688,1012.0713,2186.4565,1100.359,2195.0288,1191.8539,2188.193,1270.3395,2162.6777,1329.8457,2121.2954,1366.7062,2077.9385,1387.8853,2037.1307
662,662,11033,806.2557,2029.2954,825.3794,1989.7548,863.613,1949.6147,921.412,1906.4071,1009.98663,1869.8729,1093.4895,1886.339,1177.7628,1870.5262,1265.8416,1909.2324,1326.706,1953.433,1366.2412,1997.0022,1388.3264,2037.3047,1357.3053,2034.3137,1314.1859,2017.1254,1271.9781,1998.1343,1223.5776,1980.2662,1164.2854,1971.1356,1095.2186,1970.4937,1027.833,1969.0505,968.6604,1976.2267,919.5693,1994.2527,878.29956,2010.9514,839.6226,2026.4236,1357.3053,2034.3137,1313.741,2045.1105,1276.4427,2052.4849,1228.1289,2058.316,1167.7296,2064.1182,1098.7504,2064.5693,1029.81,2059.7842,971.5892,2055.459,921.5049,2048.0747,884.33795,2039.6024,839.6226,2026.4236,806.2557,2029.2954,833.19086,2074.1338,873.7539,2116.0078,934.8155,2159.7966,1012.22736,2186.687,1100.6134,2195.2266,1192.1829,2188.387,1270.7712,2162.922,1330.4006,2121.584,1367.3378,2078.186,1388.3264,2037.3047
663,663,11050,806.3437,2029.4688,825.496,1989.9355,863.74,1949.7706,921.51904,1906.6738,1010.0998,1870.2017,1093.6243,1886.7743,1177.9126,1870.9272,1266.074,1909.6826,1326.9576,1953.8337,1366.5305,1997.3372,1388.5789,2037.6128,1357.4851,2034.5963,1314.3143,2017.4751,1272.0876,1998.5964,1223.6757,1980.8572,1164.3894,1971.7225,1095.3376,1971.0365,1027.9729,1969.5674,968.8251,1976.6641,919.7411,1994.5221,878.4778,2011.1472,839.7157,2026.5964,1357.4851,2034.5963,1313.912,2045.1958,1276.6295,2052.475,1228.3031,2058.2625,1167.8982,2064.0552,1098.9285,2064.5073,1030.0192,2059.7207,971.7779,2055.4001,921.66364,2048.039,884.45953,2039.6217,839.7157,2026.5964,806.3437,2029.4688,833.26776,2074.2112,873.8434,2116.0505,934.9415,2159.838,1012.3927,2186.7249,1100.7738,2195.246,1192.3026,2188.4146,1270.8783,2162.9592,1330.5508,2121.6594,1367.5858,2078.364,1388.5789,2037.6128
664,664,11066,806.63385,2029.6927,825.6707,1990.1614,863.837,1949.9185,921.577,1906.87,1010.1482,1870.4229,1093.6757,1887.0151,1178.0038,1871.207,1266.3495,1910.0059,1327.4094,1954.1006,1367.094,1997.5719,1389.1024,2037.8148,1357.917,2034.8037,1314.6821,2017.7463,1272.3872,1998.9501,1223.9111,1981.3087,1164.5603,1972.1675,1095.4357,1971.4463,1028.0715,1969.9708,968.96277,1977.0518,919.9481,1994.8174,878.76166,2011.411,840.0035,2026.83,1357.917,2034.8037,1314.3058,2045.3718,1277.0399,2052.6255,1228.6808,2058.408,1168.1929,2064.214,1099.1511,2064.6877,1030.209,2059.8884,971.9686,2055.5515,921.88904,2048.1848,884.71765,2039.7847,840.0035,2026.83,806.63385,2029.6927,833.49133,2074.3848,874.0124,2116.2092,935.1008,2160.0286,1012.5982,2186.9668,1101.043,2195.508,1192.6472,2188.6638,1271.3206,2163.163,1331.0797,2121.8462,1368.1938,2078.5574,1389.1024,2037.8148
665,665,11083,806.7977,2029.7997,825.8581,1990.2711,864.05383,1949.9885,921.834,1906.9888,1010.44135,1870.5674,1094.0043,1887.1769,1178.3785,1871.4312,1266.8374,1910.282,1327.9734,1954.3464,1367.7007,1997.7976,1389.6686,2038.0142,1358.4049,2034.9971,1315.1289,2017.936,1272.7864,1999.1327,1224.3016,1981.4806,1164.9058,1972.2834,1095.7203,1971.5195,1028.298,1970.0367,969.172,1977.1312,920.14685,1994.8862,878.94696,2011.4962,840.1498,2026.9382,1358.4049,2034.9971,1314.7472,2045.5083,1277.493,2052.715,1229.1075,2058.4595,1168.5587,2064.2434,1099.4617,2064.708,1030.4838,2059.9177,972.2011,2055.5918,922.085,2048.2346,884.8888,2039.8494,840.1498,2026.9382,806.7977,2029.7997,833.63007,2074.4604,874.15234,2116.2734,935.2879,2160.064,1012.8433,2186.965,1101.3245,2195.4924,1192.9364,2188.65,1271.6414,2163.173,1331.4823,2121.9158,1368.7411,2078.7024,1389.6686,2038.0142
666,666,11100,806.8842,2029.793,825.98193,1990.2795,864.1861,1950.0007,921.94055,1907.0477,1010.5546,1870.6638,1094.1488,1887.3145,1178.5385,1871.5409,1267.043,1910.3776,1328.1967,1954.4066,1367.9454,1997.8285,1389.9302,2038.0217,1358.6594,2035.0085,1315.3722,2017.9734,1273.0038,1999.2164,1224.4978,1981.6287,1165.0988,1972.4513,1095.9073,1971.6831,1028.4429,1970.1895,969.29675,1977.2438,920.25525,1994.9279,879.0476,2011.5051,840.21216,2026.9359,1358.6594,2035.0085,1315.0203,2045.5055,1277.8038,2052.6943,1229.4102,2058.426,1168.8546,2064.2039,1099.7744,2064.6675,1030.7583,2059.8774,972.4134,2055.556,922.2371,2048.2073,884.988,2039.8315,840.21216,2026.9359,806.8842,2029.793,833.7831,2074.4424,874.37866,2116.2527,935.57635,2160.0417,1013.1737,2186.9358,1101.6578,2195.4607,1193.1786,2188.619,1271.8434,2163.1455,1331.6812,2121.896,1368.9899,2078.6995,1389.9302,2038.0217
667,667,11116,807.1401,2029.8789,826.145,1990.3313,864.27997,1950.0092,921.9842,1907.0552,1010.57355,1870.6731,1094.1566,1887.3291,1178.5437,1871.5515,1267.0632,1910.3889,1328.2313,1954.4243,1367.9872,1997.8475,1389.9597,2038.0447,1358.6857,2035.0276,1315.3967,2017.99,1273.0242,1999.2418,1224.5161,1981.6616,1165.1228,1972.4728,1095.9381,1971.6975,1028.5016,1970.2208,969.4022,1977.2903,920.4182,1994.9645,879.281,2011.5459,840.44727,2027.0059,1358.6857,2035.0276,1315.0659,2045.4995,1277.8802,2052.6758,1229.506,2058.4084,1168.9696,2064.19,1099.9342,2064.643,1030.9585,2059.8584,972.6389,2055.5386,922.4804,2048.1838,885.22296,2039.8258,840.44727,2027.0059,807.1401,2029.8789,834.05585,2074.4426,874.65894,2116.233,935.84796,2160.015,1013.4227,2186.891,1101.8541,2195.4233,1193.3065,2188.5933,1271.9346,2163.134,1331.7552,2121.8784,1369.0586,2078.6965,1389.9597,2038.0447
668,668,11133,807.19183,2029.8727,826.17053,1990.3287,864.2951,1949.9952,922.00104,1907.0488,1010.5978,1870.6725,1094.1846,1887.3308,1178.5806,1871.554,1267.15,1910.3921,1328.3525,1954.417,1368.0996,1997.8391,1390.0326,2038.0345,1358.7556,2035.02,1315.4548,2017.9873,1273.0823,1999.2426,1224.5837,1981.6765,1165.182,1972.4987,1095.972,1971.7255,1028.5265,1970.2462,969.428,1977.3033,920.4522,1994.9645,879.33093,2011.542,840.4901,2027.0009,1358.7556,2035.02,1315.1499,2045.4792,1278.0,2052.6453,1229.6503,2058.3665,1169.1066,2064.138,1100.0646,2064.5872,1031.0713,2059.8103,972.731,2055.5046,922.5581,2048.1638,885.2818,2039.8162,840.4901,2027.0009,807.19183,2029.8727,834.118,2074.435,874.7367,2116.205,935.95905,2159.9365,1013.56476,2186.7563,1102.0022,2195.269,1193.4437,2188.4448,1272.063,2163.03,1331.876,2121.8313,1369.1807,2078.6746,1390.0326,2038.0345
669,669,11150,807.251,2029.8203,826.19806,1990.2798,864.3004,1949.9318,922.0,1907.027,1010.57025,1870.6793,1094.134,1887.342,1178.5419,1871.5776,1267.1411,1910.4495,1328.3542,1954.4685,1368.1128,1997.8846,1390.0557,2038.0708,1358.7733,2035.0441,1315.4591,2018.0046,1273.0822,1999.254,1224.5791,1981.6896,1165.1667,1972.5206,1095.9362,1971.7319,1028.5101,1970.2324,969.4276,1977.2618,920.46216,1994.8818,879.37744,2011.4708,840.53796,2026.9436,1358.7733,2035.0441,1315.161,2045.4691,1278.0087,2052.6284,1229.6525,2058.303,1169.106,2064.0217,1100.0593,2064.4307,1031.072,2059.627,972.734,2055.3127,922.5741,2047.9861,885.313,2039.6775,840.53796,2026.9436,807.251,2029.8203,834.14624,2074.3132,874.74475,2116.0288,935.9608,2159.7046,1013.56616,2186.486,1101.9938,2195.0159,1193.4337,2188.2397,1272.0604,2162.9155,1331.878,2121.8083,1369.2036,2078.6665,1390.0557,2038.0708
670,670,11166,807.06616,2029.7571,826.034,1990.2257,864.15717,1949.8564,921.88586,1906.976,1010.4918,1870.6383,1094.0712,1887.3254,1178.5066,1871.5789,1267.1409,1910.454,1328.3645,1954.4735,1368.1378,1997.8865,1390.087,2038.0654,1358.8062,2035.0388,1315.4624,2018.0049,1273.0815,1999.262,1224.5712,1981.6981,1165.138,1972.538,1095.86,1971.752,1028.4204,1970.2491,969.32874,1977.2621,920.34045,1994.8467,879.2459,2011.4211,840.31903,2026.8826,1358.8062,2035.0388,1315.1667,2045.4307,1278.0101,2052.515,1229.6431,2058.096,1169.058,2063.7668,1099.9504,2064.1738,1030.9486,2059.3884,972.5845,2055.1143,922.40155,2047.8392,885.1141,2039.5653,840.31903,2026.8826,807.06616,2029.7571,833.9398,2074.2295,874.55,2115.9414,935.81433,2159.5789,1013.4579,2186.283,1101.8895,2194.7734,1193.371,2187.985,1272.0344,2162.7087,1331.8754,2121.71,1369.2148,2078.643,1390.087,2038.0654
671,671,11183,807.0662,2029.7267,826.0343,1990.2186,864.146,1949.8512,921.83844,1906.991,1010.375,1870.686,1093.917,1887.3845,1178.3417,1871.645,1266.9935,1910.5144,1328.2391,1954.5018,1368.0221,1997.8928,1389.9724,2038.06,1358.7031,2035.0337,1315.3744,2018.0051,1272.989,1999.2714,1224.475,1981.716,1165.0452,1972.5499,1095.7595,1971.7607,1028.3427,1970.2599,969.2841,1977.2704,920.32025,1994.841,879.23785,2011.407,840.31085,2026.8569,1358.7031,2035.0337,1315.1049,2045.4257,1277.9729,2052.495,1229.6107,2058.0552,1169.0275,2063.7024,1099.9232,2064.0881,1030.933,2059.2996,972.5733,2055.0261,922.3931,2047.7639,885.1053,2039.513,840.31085,2026.8569,807.0662,2029.7267,833.9432,2074.1511,874.5567,2115.7886,935.8189,2159.3464,1013.4591,2186.0256,1101.8743,2194.5283,1193.319,2187.7664,1271.944,2162.5574,1331.7638,2121.639,1369.1111,2078.628,1389.9724,2038.06
672,672,11200,806.891,2029.6721,825.9202,1990.2006,864.04395,1949.8472,921.7034,1907.0066,1010.1772,1870.7366,1093.6572,1887.4672,1178.0496,1871.7759,1266.6594,1910.7013,1327.857,1954.6477,1367.5981,1997.978,1389.5267,2038.0876,1358.2284,2035.053,1314.8632,2018.0763,1272.56,1999.3932,1224.101,1981.8718,1164.7324,1972.6735,1095.4882,1971.8434,1028.1351,1970.3105,969.12555,1977.2891,920.1844,1994.8398,879.1278,2011.3884,840.1133,2026.8062,1358.2284,2035.053,1314.5597,2045.4005,1277.437,2052.3796,1229.0792,2057.8464,1168.5212,2063.4521,1099.4386,2063.8347,1030.5555,2059.0442,972.25696,2054.7712,922.1338,2047.535,884.8818,2039.344,840.1133,2026.8062,806.891,2029.6721,833.6746,2074.042,874.1977,2115.6814,935.3913,2159.2703,1013.0072,2185.9675,1101.3441,2194.4705,1192.7395,2187.7017,1271.3279,2162.4734,1331.1504,2121.5837,1368.589,2078.6208,1389.5267,2038.0876
673,673,11216,806.75653,2029.6692,825.7958,1990.2236,863.908,1949.8931,921.5604,1907.1305,1010.0199,1870.8887,1093.4917,1887.5939,1177.8832,1871.9464,1266.5057,1910.8706,1327.7275,1954.7493,1367.4673,1998.027,1389.3945,2038.0994,1358.1168,2035.074,1314.7654,2018.1267,1272.4513,1999.4886,1223.9856,1982.0197,1164.6085,1972.8289,1095.3285,1971.9847,1027.934,1970.4458,968.9217,1977.4004,919.9861,1994.8915,878.93115,2011.4073,839.92786,2026.8086,1358.1168,2035.074,1314.4697,2045.4467,1277.3688,2052.4443,1229.017,2057.931,1168.4523,2063.5461,1099.3538,2063.9297,1030.4432,2059.1313,972.12384,2054.8376,921.9819,2047.5751,884.71564,2039.3615,839.92786,2026.8086,806.75653,2029.6692,833.5714,2074.035,874.11316,2115.669,935.31433,2159.2544,1012.9325,2185.9548,1101.268,2194.461,1192.6421,2187.6895,1271.2098,2162.4595,1331.01,2121.5793,1368.4617,2078.6323,1389.3945,2038.0994
674,674,11233,806.55914,2029.712,825.64,1990.3372,863.7618,1950.028,921.421,1907.3225,1009.912,1871.0641,1093.3989,1887.794,1177.8035,1872.1405,1266.4613,1911.1097,1327.6859,1954.9741,1367.4092,1998.2106,1389.3151,2038.2058,1358.037,2035.1877,1314.6597,2018.391,1272.3654,1999.9102,1223.9058,1982.5983,1164.5359,1973.4618,1095.2568,1972.5996,1027.8496,1971.0299,968.8292,1977.8812,919.8729,1995.1895,878.8075,2011.5645,839.70624,2026.8635,1358.037,2035.1877,1314.3715,2045.4576,1277.2714,2052.4285,1228.914,2057.9182,1168.3406,2063.5342,1099.2385,2063.92,1030.3232,2059.122,971.98553,2054.825,921.8231,2047.5575,884.52686,2039.3547,839.70624,2026.8635,806.55914,2029.712,833.4014,2074.041,873.9683,2115.6616,935.19275,2159.247,1012.8313,2185.957,1101.1758,2194.4597,1192.5411,2187.6826,1271.1006,2162.4438,1330.8928,2121.5708,1368.3644,2078.6643,1389.3151,2038.2058
675,675,11250,806.41425,2029.863,825.5007,1990.5377,863.6133,1950.2456,921.2801,1907.6361,1009.7652,1871.4209,1093.2653,1888.1494,1177.7013,1872.564,1266.3988,1911.5452,1327.6501,1955.349,1367.385,1998.5344,1389.292,2038.4907,1358.0226,2035.4885,1314.6364,2018.7032,1272.324,2000.2677,1223.8395,1983.0178,1164.4415,1973.8735,1095.1322,1972.9667,1027.6832,1971.3679,968.64905,1978.1774,919.67334,1995.3994,878.604,2011.7406,839.50275,2027.0332,1358.0226,2035.4885,1314.3627,2045.8129,1277.2639,2052.8047,1228.9003,2058.3276,1168.3062,2063.97,1099.1678,2064.367,1030.1854,2059.517,971.7923,2055.1543,921.5999,2047.8262,884.2907,2039.5779,839.50275,2027.0332,806.41425,2029.863,833.2469,2074.1914,873.8052,2115.8223,935.033,2159.4678,1012.70966,2186.2803,1101.1046,2194.8264,1192.4985,2188.0278,1271.0776,2162.721,1330.8755,2121.8225,1368.3516,2078.9414,1389.292,2038.4907
676,676,11266,806.2923,2029.9192,825.35864,1990.6228,863.4435,1950.334,921.0964,1907.7754,1009.5685,1871.5898,1093.0496,1888.3492,1177.4922,1872.8535,1266.2188,1911.9268,1327.4657,1955.7207,1367.1842,1998.8844,1389.0507,2038.7915,1357.7902,2035.7634,1314.3488,2019.0428,1272.0541,2000.6415,1223.5873,1983.4067,1164.1956,1974.2015,1094.885,1973.2194,1027.4559,1971.5767,968.4514,1978.3452,919.5008,1995.5083,878.4848,2011.8174,839.35345,2027.0876,1357.7902,2035.7634,1314.0522,2045.8839,1276.9269,2052.8018,1228.5524,2058.309,1167.9384,2063.9565,1098.7905,2064.356,1029.8446,2059.5085,971.49005,2055.1433,921.362,2047.8129,884.09875,2039.5731,839.35345,2027.0876,806.2923,2029.9192,833.0792,2074.1907,873.5675,2115.8096,934.72046,2159.454,1012.3494,2186.2659,1100.6959,2194.811,1192.0686,2188.0127,1270.653,2162.7063,1330.4769,2121.8232,1368.0387,2079.0435,1389.0507,2038.7915
677,677,11283,806.1697,2029.9954,825.2425,1990.7719,863.2902,1950.5328,920.8871,1908.062,1009.30853,1871.916,1092.765,1888.697,1177.1863,1873.2388,1265.9198,1912.3347,1327.1444,1956.0745,1366.8423,1999.1536,1388.6844,2038.9714,1357.4459,2035.9504,1313.9785,2019.3578,1271.7126,2001.1038,1223.2635,1984.0189,1163.9016,1974.8573,1094.6327,1973.8403,1027.2363,1972.1697,968.2723,1978.8329,919.34924,1995.819,878.3669,2011.9948,839.1966,2027.1779,1357.4459,2035.9504,1313.6705,2045.9384,1276.5333,2052.7988,1228.1487,2058.29,1167.5447,2063.938,1098.4465,2064.337,1029.565,2059.49,971.2479,2055.1245,921.1603,2047.8,883.9134,2039.5844,839.1966,2027.1779,806.1697,2029.9954,832.9542,2074.2026,873.42163,2115.7988,934.5232,2159.44,1012.0911,2186.2522,1100.3518,2194.797,1191.6127,2187.9978,1270.123,2162.692,1329.9355,2121.8206,1367.5829,2079.1084,1388.6844,2038.9714
678,678,11300,805.9649,2030.1753,825.04156,1990.9877,863.06476,1950.7517,920.6231,1908.3279,1009.03656,1872.1865,1092.5267,1888.966,1176.9714,1873.4924,1265.7452,1912.5677,1326.973,1956.2625,1366.6477,1999.2946,1388.4381,2039.0673,1357.2156,2036.0415,1313.7676,2019.5082,1271.5278,2001.3488,1223.0787,1984.3833,1163.7188,1975.2935,1094.444,1974.2947,1027.042,1972.6399,968.08307,1979.2518,919.1528,1996.1229,878.17126,2012.2179,838.94855,2027.3557,1357.2156,2036.0415,1313.4462,2045.9603,1276.2994,2052.7905,1227.8933,2058.2744,1167.259,2063.9202,1098.1377,2064.3154,1029.2527,2059.467,970.92316,2055.109,920.84656,2047.8154,883.6084,2039.6553,838.94855,2027.3557,805.9649,2030.1753,832.76215,2074.281,873.23206,2115.81,934.3186,2159.4292,1011.8712,2186.239,1100.0896,2194.7842,1191.3011,2187.9888,1269.7719,2162.6836,1329.5764,2121.812,1367.2786,2079.1326,1388.4381,2039.0673
679,679,11316,805.8102,2030.3247,824.89575,1991.1749,862.89496,1950.932,920.4064,1908.513,1008.778,1872.326,1092.2374,1889.0784,1176.6493,1873.5776,1265.4475,1912.6292,1326.6787,1956.3027,1366.3192,1999.313,1388.0619,2039.0696,1356.8792,2036.046,1313.4712,2019.54,1271.2715,2001.4323,1222.8286,1984.5387,1163.4917,1975.5063,1094.2378,1974.54,1026.8462,1972.9324,967.9092,1979.5566,918.98,1996.3683,877.99756,2012.4062,838.7418,2027.5072,1356.8792,2036.046,1313.0817,2045.9575,1275.913,2052.785,1227.4966,2058.2654,1166.8689,2063.9016,1097.7689,2064.2952,1028.9174,2059.4517,970.6086,2055.1084,920.5611,2047.8479,883.345,2039.7358,838.7418,2027.5072,805.8102,2030.3247,832.64435,2074.3428,873.1204,2115.8086,934.1804,2159.4202,1011.6806,2186.2312,1099.8053,2194.7644,1190.8774,2187.9397,1269.2175,2162.5942,1328.9696,2121.7488,1366.7593,2079.1233,1388.0619,2039.0696
680,680,11333,805.6301,2030.3236,824.69495,1991.1781,862.6595,1950.9352,920.1406,1908.5222,1008.4824,1872.3306,1091.9574,1889.0879,1176.4,1873.5834,1265.2556,1912.6433,1326.5256,1956.31,1366.1904,1999.3147,1387.965,2039.0641,1356.781,2036.0428,1313.3282,2019.5409,1271.1077,2001.4354,1222.6572,1984.5426,1163.3008,1975.5128,1093.998,1974.5476,1026.5912,1972.939,967.6668,1979.5608,918.768,1996.3694,877.8188,2012.4065,838.55707,2027.5062,1356.781,2036.0428,1312.9697,2045.9482,1275.8156,2052.7698,1227.4147,2058.2522,1166.7817,2063.8909,1097.6592,2064.28,1028.7777,2059.4363,970.45483,2055.0967,920.40906,2047.8417,883.1862,2039.7327,838.55707,2027.5062,805.6301,2030.3236,832.4804,2074.3394,872.96356,2115.8037,934.03815,2159.412,1011.5706,2186.2231,1099.7296,2194.758,1190.8246,2187.9197,1269.1703,2162.5566,1328.9082,2121.7122,1366.6841,2079.1038,1387.965,2039.0641
681,681,11350,805.3903,2030.3208,824.37726,1991.1777,862.3118,1950.9315,919.8194,1908.5242,1008.1792,1872.3351,1091.66,1889.0907,1176.1183,1873.5896,1265.054,1912.6473,1326.3613,1956.3073,1365.9995,1999.3062,1387.6919,2039.0403,1356.4462,2036.0227,1312.9781,2019.5375,1270.7993,2001.4364,1222.3905,1984.5476,1163.0345,1975.5183,1093.6749,1974.5519,1026.2667,1972.9426,967.37244,1979.565,918.50806,1996.3696,877.5933,2012.4062,838.3386,2027.5028,1356.4462,2036.0227,1312.5758,2045.9038,1275.4232,2052.7087,1227.0558,2058.1987,1166.3987,2063.865,1097.1986,2064.266,1028.3324,2059.4211,970.05743,2055.0852,920.0983,2047.8367,882.9298,2039.724,838.3386,2027.5028,805.3903,2030.3208,832.12634,2074.3362,872.48553,2115.7966,933.499,2159.4062,1011.07666,2186.2156,1099.3082,2194.745,1190.5265,2187.9087,1268.9133,2162.493,1328.642,2121.629,1366.4137,2079.0522,1387.6919,2039.0403
682,682,11366,805.3191,2030.3323,824.23193,1991.1882,862.09717,1950.9325,919.5624,1908.5269,1007.87946,1872.3356,1091.3105,1889.0785,1175.7303,1873.5875,1264.7317,1912.6445,1326.0768,1956.2996,1365.688,1999.2966,1387.2924,2039.0215,1356.0184,2036.0035,1312.5414,2019.5277,1270.406,2001.4286,1222.0476,1984.5424,1162.7085,1975.5093,1093.3286,1974.5405,1025.9716,1972.9363,967.1509,1979.5671,918.35547,1996.371,877.4999,2012.4122,838.2687,2027.5101,1356.0184,2036.0035,1312.1129,2045.861,1274.9764,2052.6428,1226.6512,2058.1338,1166.0026,2063.8237,1096.7942,2064.2534,1027.9861,2059.4128,969.795,2055.076,919.933,2047.8298,882.8239,2039.7206,838.2687,2027.5101,805.3191,2030.3323,832.0056,2074.3342,872.2869,2115.7905,933.21674,2159.4004,1010.7462,2186.2048,1098.9426,2194.7197,1190.1769,2187.8442,1268.551,2162.3833,1328.2616,2121.5327,1366.0337,2079.0032,1387.2924,2039.0215
683,683,11383,805.1154,2030.319,824.03033,1991.1708,861.92914,1950.8926,919.43835,1908.4749,1007.79486,1872.2345,1091.2244,1888.9417,1175.6254,1873.4459,1264.6193,1912.5051,1325.9376,1956.1683,1365.4735,1999.1792,1386.9639,2038.895,1355.6685,2035.8885,1312.2526,2019.4336,1270.1725,2001.3336,1221.873,1984.4481,1162.5779,1975.4082,1093.2109,1974.4409,1025.8589,1972.8657,967.0342,1979.5283,918.213,1996.3433,877.3308,2012.3943,838.0815,2027.4962,1355.6685,2035.8885,1311.8008,2045.7205,1274.7078,2052.4824,1226.431,2057.98,1165.8174,2063.7083,1096.6024,2064.189,1027.8179,2059.379,969.623,2055.0557,919.7522,2047.814,882.6355,2039.7039,838.0815,2027.4962,805.1154,2030.319,831.7634,2074.323,872.0371,2115.785,933.0067,2159.392,1010.5693,2186.1716,1098.7637,2194.636,1189.9985,2187.6868,1268.3271,2162.1384,1327.9791,2121.2861,1365.7211,2078.8215,1386.9639,2038.895
684,684,11400,805.05804,2030.3145,823.9491,1991.1632,861.8308,1950.8599,919.31573,1908.4181,1007.67816,1872.1113,1091.1083,1888.7805,1175.5068,1873.2269,1264.5319,1912.2661,1325.8527,1955.9207,1365.3528,1998.9354,1386.7833,2038.615,1355.475,2035.6112,1312.0588,2019.2244,1270.027,2001.1508,1221.748,1984.2922,1162.4688,1975.2756,1093.117,1974.3342,1025.7871,1972.7998,966.9767,1979.4944,918.1622,1996.3218,877.28925,2012.382,838.01904,2027.4861,1355.475,2035.6112,1311.6006,2045.2485,1274.514,2051.854,1226.2513,2057.2854,1165.6534,2063.0728,1096.4545,2063.6812,1027.7037,2058.9727,969.5295,2054.7383,919.6742,2047.6067,882.5651,2039.6013,838.01904,2027.4861,805.05804,2030.3145,831.6961,2074.275,871.9632,2115.6726,932.9284,2159.2092,1010.48425,2185.8918,1098.6459,2194.238,1189.8567,2187.1511,1268.1469,2161.4663,1327.7671,2120.6345,1365.5146,2078.3516,1386.7833,2038.615
685,685,11416,804.9427,2030.3352,823.8103,1991.154,861.72253,1950.7557,919.2235,1908.1902,1007.61816,1871.6943,1091.0642,1888.1954,1175.4789,1872.5886,1264.5259,1911.5963,1325.8507,1955.3053,1365.3503,1998.4204,1386.7635,2038.2102,1355.4352,2035.2073,1312.0353,2018.7037,1270.0089,2000.4879,1221.7313,1983.5085,1162.4478,1974.4307,1093.087,1973.5165,1025.7609,1972.1965,966.9452,1979.133,918.12103,1996.1528,877.22076,2012.3469,837.92566,2027.4926,1355.4352,2035.2073,1311.5646,2044.8486,1274.4716,2051.4575,1226.2015,2056.932,1165.5955,2062.8115,1096.3624,2063.5264,1027.6168,2058.9192,969.43176,2054.7275,919.5628,2047.5999,882.45087,2039.5974,837.92566,2027.4926,804.9427,2030.3352,831.52594,2074.2766,871.8089,2115.666,932.83514,2159.172,1010.431,2185.7146,1098.5936,2193.8723,1189.816,2186.5874,1268.0985,2160.756,1327.7224,2119.9558,1365.4868,2077.8115,1386.7635,2038.2102
686,686,11433,804.9039,2030.1913,823.7834,1991.0062,861.706,1950.6024,919.2077,1908.0631,1007.59216,1871.5541,1091.0348,1888.0023,1175.4404,1872.3524,1264.4719,1911.2399,1325.7944,1954.8054,1365.2919,1997.788,1386.7051,2037.4773,1355.3705,2034.5581,1311.9801,2018.1382,1269.9536,1999.9757,1221.6887,1983.0659,1162.4193,1974.0344,1093.0642,1973.1658,1025.7379,1971.9036,966.9253,1978.8954,918.1013,1995.9386,877.1899,2012.175,837.89,2027.3538,1355.3705,2034.5581,1311.5105,2044.3792,1274.4338,2051.1267,1226.1746,2056.7373,1165.5774,2062.7139,1096.3403,2063.48,1027.5865,2058.8938,969.3993,2054.6948,919.52814,2047.5377,882.4155,2039.4935,837.89,2027.3538,804.9039,2030.1913,831.4715,2074.1602,871.7512,2115.5833,932.79114,2159.1082,1010.40344,2185.645,1098.5804,2193.7651,1189.8076,2186.3967,1268.0864,2160.4368,1327.7,2119.4822,1365.452,2077.2004,1386.7051,2037.4773
687,687,11450,804.7372,2030.1858,823.6085,1990.9675,861.5701,1950.4891,919.1099,1907.89,1007.5347,1871.3002,1090.998,1887.6761,1175.4158,1871.964,1264.4663,1910.7878,1325.792,1954.33,1365.2899,1997.3142,1386.6951,2037.0117,1355.3514,2034.1097,1311.9644,2017.7524,1269.944,1999.6299,1221.6783,1982.7592,1162.4064,1973.7548,1093.0427,1972.9127,1025.7087,1971.7284,966.882,1978.7821,918.0314,1995.8593,877.0801,2012.1334,837.7295,2027.3414,1355.3514,2034.1097,1311.4756,2043.8633,1274.3844,2050.5725,1226.1064,2056.1934,1165.4974,2062.2527,1096.231,2063.1309,1027.4691,2058.6775,969.25616,2054.5654,919.35736,2047.4631,882.23566,2039.4486,837.7295,2027.3414,804.7372,2030.1858,831.2806,2074.1384,871.5863,2115.5234,932.6849,2158.9602,1010.3341,2185.351,1098.517,2193.3164,1189.74,2185.8071,1268.0142,2159.745,1327.643,2118.817,1365.4233,2076.6375,1386.6951,2037.0117
688,688,11466,804.6468,2030.1757,823.49304,1990.9191,861.4609,1950.3474,919.0215,1907.6626,1007.48883,1870.9738,1090.9794,1887.2808,1175.4106,1871.5371,1264.4692,1910.3512,1325.8143,1953.9109,1365.3228,1996.9368,1386.7253,2036.6572,1355.369,2033.7543,1311.972,2017.4082,1269.9471,1999.2823,1221.6764,1982.4141,1162.4026,1973.4163,1093.0359,1972.5908,1025.6912,1971.4739,966.8519,1978.6008,917.98895,1995.7382,877.0251,2012.0704,837.648,2027.3181,1355.369,2033.7543,1311.4799,2043.4385,1274.3838,2050.0881,1226.1028,2055.678,1165.4878,2061.7686,1096.2109,2062.7178,1027.4393,2058.3713,969.21423,2054.3538,919.3,2047.3318,882.16516,2039.3717,837.648,2027.3181,804.6468,2030.1757,831.20654,2074.0872,871.54315,2115.3765,932.6682,2158.641,1010.3272,2184.84,1098.5107,2192.6785,1189.734,2185.0786,1268.0092,2159.03,1327.6415,2118.2285,1365.4332,2076.187,1386.7253,2036.6572
689,689,11483,804.57056,2030.1567,823.3793,1990.8682,861.3442,1950.2261,918.9244,1907.4832,1007.43567,1870.7164,1090.9413,1886.9685,1175.3867,1871.2167,1264.4666,1910.0516,1325.8156,1953.6265,1365.3258,1996.6819,1386.7273,2036.4006,1355.372,2033.4893,1311.9711,2017.1642,1269.9446,1999.059,1221.6722,1982.2101,1162.3904,1973.221,1093.009,1972.4021,1025.6603,1971.3265,966.8118,1978.4889,917.9317,1995.6484,876.9587,2012.005,837.5669,2027.2822,1355.372,2033.4893,1311.4807,2043.1174,1274.383,2049.6934,1226.097,2055.2249,1165.4718,2061.3152,1096.1727,2062.324,1027.3995,2058.071,969.1638,2054.1445,919.23474,2047.2029,882.0883,2039.2927,837.5669,2027.2822,804.57056,2030.1567,831.14594,2074.0344,871.5109,2115.2412,932.6574,2158.3262,1010.3203,2184.304,1098.4922,2191.9988,1189.7161,2184.321,1267.9888,2158.3257,1327.6298,2117.7017,1365.4323,2075.8296,1386.7273,2036.4006
690,690,11500,804.5654,2030.1322,823.3499,1990.8087,861.29865,1950.0886,918.8844,1907.2917,1007.4227,1870.453,1090.9373,1886.6592,1175.3822,1870.9381,1264.4896,1909.8131,1325.8745,1953.4104,1365.3873,1996.4988,1386.7681,2036.207,1355.3987,2033.2819,1311.9814,2017.0077,1269.9551,1998.9175,1221.6776,1982.0741,1162.3888,1973.0793,1093.0045,1972.2517,1025.655,1971.1979,966.8065,1978.39,917.92566,1995.5723,876.9527,2011.9475,837.55914,2027.2365,1355.3987,2033.2819,1311.488,2042.7722,1274.3835,2049.226,1226.0956,2054.659,1165.4644,2060.7214,1096.1523,2061.7888,1027.3851,2057.6301,969.15356,2053.8176,919.23083,2046.9852,882.0815,2039.1538,837.55914,2027.2365,804.5654,2030.1322,831.1365,2073.9705,871.497,2115.1252,932.64734,2158.1106,1010.315,2183.9497,1098.484,2191.5476,1189.7131,2183.8088,1267.9865,2157.8215,1327.635,2117.2944,1365.4546,2075.5408,1386.7681,2036.207
691,691,11516,804.56067,2030.0681,823.3451,1990.7444,861.295,1950.0032,918.88074,1907.1956,1007.4177,1870.326,1090.9323,1886.5311,1175.3729,1870.8235,1264.4875,1909.7351,1325.8746,1953.343,1365.3899,1996.441,1386.7708,2036.1443,1355.3998,2033.216,1311.98,2016.9591,1269.9528,1998.8763,1221.6735,1982.0369,1162.3844,1973.0354,1093.0012,1972.2,1025.6501,1971.148,966.8018,1978.3427,917.9213,1995.5195,876.95184,2011.8883,837.55475,2027.163,1355.3998,2033.216,1311.49,2042.6326,1274.3857,2049.0288,1226.0972,2054.4016,1165.4656,2060.4106,1096.1559,2061.458,1027.3918,2057.299,969.1622,2053.5215,919.23645,2046.7509,882.0818,2038.9845,837.55475,2027.163,804.56067,2030.0681,831.1326,2073.85,871.4954,2114.9556,932.64966,2157.9023,1010.3201,2183.7332,1098.488,2191.3398,1189.7181,2183.6182,1267.9934,2157.656,1327.6443,2117.1555,1365.4634,2075.437,1386.7708,2036.1443
692,692,11533,804.73425,2029.9626,823.44055,1990.6481,861.33936,1949.9075,918.8945,1907.1273,1007.4156,1870.2908,1090.927,1886.5145,1175.3691,1870.8224,1264.4856,1909.7375,1325.8754,1953.3519,1365.3998,1996.4637,1386.793,2036.1891,1355.4172,2033.2487,1311.9896,2016.9677,1269.9536,1998.8771,1221.6715,1982.0338,1162.3818,1973.0171,1092.9993,1972.162,1025.655,1971.0804,966.82166,1978.2509,917.9761,1995.4099,877.07056,2011.7805,837.74493,2027.0524,1355.4172,2033.2487,1311.5421,2042.6477,1274.4674,2049.0332,1226.2069,2054.3987,1165.6055,2060.378,1096.3666,2061.3662,1027.608,2057.147,969.39813,2053.3335,919.47546,2046.5618,882.2963,2038.8213,837.74493,2027.0524,804.73425,2029.9626,831.33795,2073.6914,871.72656,2114.7488,932.8893,2157.6802,1010.5439,2183.566,1098.701,2191.2576,1189.8857,2183.5955,1268.1566,2157.6604,1327.8003,2117.1875,1365.5645,2075.4788,1386.793,2036.1891
693,693,11550,804.72455,2029.9192,823.4372,1990.5858,861.337,1949.8274,918.8925,1907.0405,1007.41724,1870.2024,1090.9298,1886.4492,1175.373,1870.7357,1264.501,1909.6643,1325.9036,1953.2943,1365.4508,1996.4167,1386.8643,2036.1573,1355.4657,2033.2131,1312.0214,2016.9224,1269.9692,1998.8317,1221.6757,1981.9899,1162.3851,1972.9701,1093.0065,1972.1129,1025.6672,1971.0354,966.832,1978.204,917.9782,1995.3555,877.06866,2011.7264,837.7402,2027.0068,1355.4657,2033.2131,1311.5994,2042.5847,1274.5177,2048.9453,1226.2422,2054.2827,1165.6415,2060.2368,1096.4089,2061.2095,1027.6564,2056.9963,969.43494,2053.1936,919.4884,2046.444,882.2944,2038.7347,837.7402,2027.0068,804.72455,2029.9192,831.33453,2073.6326,871.72656,2114.6863,932.90607,2157.6218,1010.5747,2183.5178,1098.7325,2191.2117,1189.9132,2183.5579,1268.1871,2157.6282,1327.8464,2117.1487,1365.6335,2075.4404,1386.8643,2036.1573
694,694,11566,804.7324,2029.8196,823.4382,1990.4467,861.3359,1949.6244,918.8919,1906.7915,1007.4175,1869.884,1090.9276,1886.0907,1175.3702,1870.3973,1264.5062,1909.3801,1325.9216,1953.0369,1365.479,1996.1863,1386.8967,2035.9369,1355.4958,2032.9946,1312.04,2016.7152,1269.979,1998.631,1221.6804,1981.7892,1162.3889,1972.7554,1093.008,1971.8948,1025.6707,1970.8364,966.8404,1978.0323,917.9887,1995.2009,877.0821,2011.5891,837.75116,2026.8954,1355.4958,2032.9946,1311.6171,2042.4016,1274.5272,2048.7754,1226.2473,2054.1282,1165.6442,2060.1006,1096.4095,2061.0952,1027.6582,2056.893,969.44037,2053.0981,919.4984,2046.3514,882.3053,2038.6348,837.75116,2026.8954,804.7324,2029.8196,831.3391,2073.5505,871.7301,2114.6165,932.9091,2157.5518,1010.5777,2183.4443,1098.7347,2191.1309,1189.9197,2183.4563,1268.1968,2157.5032,1327.8616,2116.9993,1365.662,2075.2615,1386.8967,2035.9369
695,695,11583,804.70074,2029.8278,823.4004,1990.4432,861.3149,1949.5924,918.8882,1906.7274,1007.41693,1869.7653,1090.9315,1885.8806,1175.3794,1870.1998,1264.5411,1909.1724,1325.9792,1952.8274,1365.5367,1996.0007,1386.9362,2035.7792,1355.5337,2032.8442,1312.0829,2016.5348,1270.0145,1998.4285,1221.708,1981.5703,1162.4054,1972.5282,1093.0122,1971.6781,1025.6698,1970.6912,966.8378,1977.9508,917.9824,1995.1611,877.06354,2011.5795,837.72546,2026.8956,1355.5337,2032.8442,1311.6611,2042.3076,1274.5614,2048.7017,1226.2694,2054.0684,1165.6555,2060.0583,1096.4098,2061.0776,1027.6571,2056.882,969.4361,2053.0928,919.4856,2046.3553,882.2843,2038.637,837.72546,2026.8956,804.70074,2029.8278,831.30914,2073.554,871.719,2114.6086,932.9087,2157.5337,1010.58496,2183.3284,1098.7391,2190.916,1189.924,2183.1663,1268.1998,2157.225,1327.8699,2116.7888,1365.6898,2075.0955,1386.9362,2035.7792
696,696,11600,804.6186,2029.8271,823.3651,1990.4393,861.3115,1949.5839,918.90247,1906.7163,1007.46857,1869.7402,1090.9962,1885.8059,1175.4526,1870.1263,1264.6279,1909.0662,1326.0878,1952.7052,1365.6486,1995.8802,1387.0262,2035.6641,1355.62,2032.733,1312.1863,2016.4043,1270.1085,1998.2714,1221.7863,1981.3943,1162.4745,1972.3428,1093.0715,1971.4979,1025.7094,1970.5675,966.84937,1977.8773,917.97974,1995.1195,877.0343,2011.5626,837.65894,2026.892,1355.62,2032.733,1311.7568,2042.2098,1274.642,2048.5974,1226.3241,2053.9456,1165.697,2059.9238,1096.4319,2060.9583,1027.6667,2056.8206,969.4344,2053.0725,919.46423,2046.3499,882.2344,2038.6311,837.65894,2026.892,804.6186,2029.8271,831.25024,2073.5483,871.70795,2114.586,932.9168,2157.4067,1010.6215,2183.0168,1098.7715,2190.4724,1189.9448,2182.7036,1268.2185,2156.8645,1327.9054,2116.559,1365.7628,2074.9438,1387.0262,2035.6641
697,697,11616,804.58704,2029.8042,823.3575,1990.4185,861.3097,1949.5571,918.9132,1906.6836,1007.5096,1869.6844,1091.0463,1885.7314,1175.4912,1870.009,1264.6555,1908.9077,1326.1038,1952.5294,1365.6532,1995.6869,1387.0262,2035.4286,1355.6199,2032.4943,1312.1875,2016.2491,1270.1167,1998.1716,1221.7998,1981.3357,1162.5023,1972.3109,1093.1228,1971.4827,1025.7528,1970.5612,966.874,1977.8723,917.9812,1995.1089,877.03156,2011.5391,837.6352,2026.8546,1355.6199,2032.4943,1311.7587,2041.8068,1274.645,2048.0615,1226.3278,2053.2842,1165.7057,2059.1917,1096.4497,2060.2407,1027.6866,2056.2144,969.4395,2052.6255,919.4615,2046.067,882.22064,2038.4739,837.6352,2026.8546,804.58704,2029.8042,831.2342,2073.4688,871.7055,2114.421,932.93665,2157.105,1010.6616,2182.5798,1098.8002,2189.9346,1189.9512,2182.165,1268.2185,2156.373,1327.9048,2116.137,1365.7635,2074.615,1387.0262,2035.4286
698,698,11633,804.5519,2029.8079,823.27905,1990.4146,861.202,1949.543,918.7933,1906.6421,1007.4017,1869.6273,1090.9497,1885.6652,1175.3956,1869.9062,1264.5972,1908.7938,1326.0745,1952.4307,1365.6387,1995.6111,1387.01,2035.3594,1355.597,2032.411,1312.1667,2016.1772,1270.0886,1998.1047,1221.7584,1981.2739,1162.4521,1972.2593,1093.0762,1971.4448,1025.7136,1970.5403,966.8383,1977.8604,917.9497,1995.1041,877.00653,2011.5334,837.61194,2026.851,1355.597,2032.411,1311.7477,2041.6184,1274.6317,2047.7715,1226.3057,2052.8645,1165.6829,2058.647,1096.4424,2059.6353,1027.6843,2055.6846,969.4357,2052.2449,919.4519,2045.8605,882.20044,2038.3999,837.61194,2026.851,804.5519,2029.8079,831.2239,2073.439,871.70416,2114.2231,932.9507,2156.592,1010.6726,2181.8152,1098.7998,2189.1057,1189.9283,2181.4731,1268.181,2155.9382,1327.88,2115.908,1365.7513,2074.4885,1387.01,2035.3594
699,699,11650,804.5698,2029.6351,823.2812,1990.2566,861.1988,1949.3981,918.78906,1906.546,1007.3836,1869.5791,1090.927,1885.6322,1175.3596,1869.8833,1264.5482,1908.772,1326.0248,1952.3994,1365.5924,1995.5775,1386.9677,2035.3246,1355.5463,2032.3728,1312.1194,2016.1361,1270.0452,1998.0531,1221.726,1981.2122,1162.4252,1972.184,1093.05,1971.3613,1025.6927,1970.428,966.8302,1977.7201,917.9474,1994.9435,877.01416,2011.3636,837.6356,2026.6637,1355.5463,2032.3728,1311.7135,2041.5669,1274.6123,2047.7174,1226.2969,2052.8042,1165.6783,2058.5698,1096.4414,2059.5325,1027.684,2055.5417,969.4387,2052.0535,919.4646,2045.6282,882.22235,2038.164,837.6356,2026.6637,804.5698,2029.6351,831.22925,2073.2424,871.7038,2114.041,932.9502,2156.4607,1010.6712,2181.7422,1098.7988,2189.0706,1189.9279,2181.4563,1268.181,2155.9302,1327.88,2115.8958,1365.7443,2074.4636,1386.9677,2035.3246
700,700,11666,804.5644,2029.5873,823.2579,1990.2134,861.15875,1949.3458,918.7453,1906.5017,1007.34546,1869.5447,1090.8977,1885.6051,1175.3375,1869.8516,1264.5431,1908.7316,1326.0248,1952.3561,1365.5933,1995.541,1386.9667,2035.2898,1355.5413,2032.3318,1312.1075,2016.111,1270.0369,1998.0332,1221.7189,1981.1991,1162.4146,1972.175,1093.0305,1971.3549,1025.6713,1970.417,966.8115,1977.7043,917.9382,1994.9197,877.0115,2011.3289,837.63196,2026.6051,1355.5413,2032.3318,1311.7108,2041.468,1274.612,2047.5795,1226.2974,2052.6199,1165.678,2058.341,1096.4418,2059.2761,1027.6824,2055.244,969.43555,2051.7568,919.4625,2045.3833,882.219,2037.9934,837.63196,2026.6051,804.5644,2029.5873,831.2188,2073.1348,871.69006,2113.8875,932.9415,2156.2932,1010.67035,2181.6067,1098.8037,2188.9753,1189.9398,2181.3972,1268.2134,2155.9011,1327.9216,2115.8704,1365.7635,2074.428,1386.9667,2035.2898
701,701,11683,804.5392,2029.5643,823.21094,1990.1827,861.08417,1949.2992,918.6524,1906.453,1007.2585,1869.4991,1090.8397,1885.5713,1175.2891,1869.8159,1264.5096,1908.6991,1325.9985,1952.3312,1365.5651,1995.5273,1386.9297,2035.2843,1355.4921,2032.3221,1312.0531,2016.099,1269.9946,1998.0153,1221.6776,1981.1771,1162.3672,1972.1514,1092.9749,1971.3325,1025.6011,1970.3846,966.74255,1977.6647,917.88873,1994.8789,876.9881,2011.2911,837.6112,2026.5703,1355.4921,2032.3221,1311.6758,2041.4177,1274.585,2047.4906,1226.278,2052.4927,1165.6582,2058.1807,1096.4266,2059.093,1027.6614,2055.0256,969.4128,2051.5276,919.4449,2045.1908,882.20123,2037.8673,837.6112,2026.5703,804.5392,2029.5643,831.18726,2073.064,871.6517,2113.7744,932.9012,2156.181,1010.6415,2181.5342,1098.7881,2188.926,1189.928,2181.3687,1268.2081,2155.881,1327.9169,2115.8503,1365.7524,2074.413,1386.9297,2035.2843
702,702,11700,804.5402,2029.5308,823.2073,1990.1545,861.056,1949.2749,918.58856,1906.4452,1007.13617,1869.4989,1090.7009,1885.5776,1175.1074,1869.8239,1264.2906,1908.7003,1325.788,1952.3298,1365.3711,1995.5269,1386.74,2035.2882,1355.2998,2032.3224,1311.8965,2016.0967,1269.8484,1998.0009,1221.541,1981.1536,1162.2363,1972.1265,1092.8597,1971.3093,1025.499,1970.343,966.6656,1977.6023,917.8558,1994.8112,876.98456,2011.2328,837.6135,2026.5219,1355.2998,2032.3224,1311.5948,2041.4147,1274.5509,2047.4874,1226.267,2052.4893,1165.6549,2058.1597,1096.4302,2059.0388,1027.6644,2054.929,969.4159,2051.3975,919.44904,2045.0569,882.20447,2037.7611,837.6135,2026.5219,804.5402,2029.5308,831.1885,2072.9773,871.65594,2113.6284,932.90796,2156.0115,1010.64777,2181.4136,1098.7941,2188.864,1189.9276,2181.3567,1268.2076,2155.887,1327.9125,2115.8662,1365.7107,2074.4219,1386.74,2035.2882
703,703,11716,804.53723,2029.3938,823.1726,1990.0287,860.9508,1949.1765,918.41144,1906.4178,1006.8341,1869.5144,1090.4028,1885.6351,1174.8223,1869.9641,1264.016,1908.8513,1325.5845,1952.4623,1365.2527,1995.6633,1386.6781,2035.454,1355.2064,2032.4476,1311.7749,2016.1364,1269.6807,1998.0016,1221.331,1981.1416,1161.9795,1972.0708,1092.5634,1971.1992,1025.2499,1970.14,966.4849,1977.3276,917.7706,1994.5342,876.97296,2011.0128,837.617,2026.3577,1355.2064,2032.4476,1311.5566,2041.4946,1274.5334,2047.5442,1226.2583,2052.5103,1165.6428,2058.1562,1096.4233,2059.0193,1027.6511,2054.8503,969.40717,2051.2502,919.44696,2044.8567,882.2023,2037.5466,837.617,2026.3577,804.53723,2029.3938,831.181,2072.774,871.6345,2113.404,932.8782,2155.8093,1010.625,2181.285,1098.785,2188.819,1189.9252,2181.3564,1268.216,2155.9502,1327.9325,2116.0012,1365.7114,2074.5676,1386.6781,2035.454
704,704,11733,804.4796,2029.3472,822.98236,1989.985,860.622,1949.1405,917.98395,1906.4103,1006.34174,1869.536,1089.9735,1885.6927,1174.469,1870.0823,1263.7532,1908.9674,1325.4093,1952.5831,1365.128,1995.8169,1386.571,2035.6627,1355.0471,2032.6268,1311.5923,2016.2233,1269.457,1998.0267,1221.0712,1981.1431,1161.6705,1972.065,1092.176,1971.1746,1024.8762,1970.0768,966.15826,1977.2354,917.55023,1994.44,876.8823,2010.9414,837.5921,2026.3058,1355.0471,2032.6268,1311.4717,2041.6401,1274.4872,2047.6658,1226.2299,2052.5857,1165.6091,2058.177,1096.3922,2059.0156,1027.5962,2054.839,969.348,2051.2122,919.4039,2044.7966,882.16614,2037.4781,837.5921,2026.3058,804.4796,2029.3472,831.09283,2072.6921,871.5245,2113.3057,932.76587,2155.733,1010.54834,2181.2605,1098.7494,2188.8174,1189.9115,2181.3901,1268.2163,2156.0796,1327.9366,2116.1978,1365.7035,2074.776,1386.571,2035.6627
705,705,11750,804.3144,2029.2368,822.71625,1989.8916,860.2661,1949.073,917.54956,1906.3892,1005.80927,1869.546,1089.4655,1885.732,1173.975,1870.1598,1263.2261,1909.0419,1324.9142,1952.6603,1364.6876,1995.9137,1386.1633,2035.803,1354.6052,2032.7443,1311.19,2016.2494,1269.0104,1998.0247,1220.6025,1981.1049,1161.1626,1971.9768,1091.6555,1971.0491,1024.3453,1969.8729,965.64606,1976.9879,917.1337,1994.2115,876.6008,2010.77,837.4567,2026.1936,1354.6052,2032.7443,1311.1515,2041.7751,1274.2526,2047.8243,1226.0435,2052.7502,1165.4346,2058.2922,1096.2584,2059.062,1027.4253,2054.8372,969.1726,2051.2034,919.24725,2044.7399,882.0208,2037.3845,837.4567,2026.1936,804.3144,2029.2368,830.9052,2072.5657,871.29755,2113.209,932.4983,2155.7168,1010.29535,2181.2715,1098.5605,2188.9163,1189.7463,2181.6118,1268.1031,2156.3848,1327.8243,2116.4517,1365.502,2074.9614,1386.1633,2035.803
706,706,11766,804.09265,2029.243,822.2127,1989.8867,859.48804,1949.0667,916.6091,1906.3799,1004.86664,1869.5441,1088.6052,1885.7319,1173.1914,1870.1703,1262.6383,1909.0754,1324.429,1952.7168,1364.2247,1996.0154,1385.6699,2035.9602,1354.0186,2032.8806,1310.5557,2016.3284,1268.3507,1998.0519,1219.9376,1981.1083,1160.4377,1971.9742,1090.8512,1971.0404,1023.56396,1969.8573,964.9473,1976.9756,916.6256,1994.2069,876.30286,2010.7631,837.30164,2026.1938,1354.0186,2032.8806,1310.6211,2041.8967,1273.7903,2047.9395,1225.654,2052.851,1165.0569,2058.3596,1095.9087,2059.0986,1027.0479,2054.847,968.8348,2051.2004,919.00323,2044.7322,881.82904,2037.3766,837.30164,2026.1938,804.09265,2029.243,830.6142,2072.5576,870.906,2113.1978,932.0301,2155.71,1009.8547,2181.2986,1098.1997,2188.9954,1189.4573,2181.7422,1267.8884,2156.5632,1327.6211,2116.6355,1365.2048,2075.1304,1385.6699,2035.9602
707,707,11783,803.6521,2029.2141,821.75415,1989.8756,859.0366,1949.0577,916.1793,1906.3861,1004.3986,1869.6326,1088.1174,1885.9005,1172.6836,1870.437,1262.1155,1909.4243,1323.9502,1953.089,1363.8098,1996.4115,1385.326,2036.3907,1353.6664,2033.2823,1310.1671,2016.6135,1267.9124,1998.2277,1219.462,1981.2039,1159.9412,1972.009,1090.3251,1971.0472,1023.0318,1969.8533,964.41833,1976.9668,916.10803,1994.1896,875.8393,2010.7429,836.8978,2026.1716,1353.6664,2033.2823,1310.2881,2042.2899,1273.487,2048.3044,1225.3643,2053.1458,1164.7615,2058.5544,1095.6384,2059.2007,1026.7416,2054.8784,968.5181,2051.1985,918.6773,2044.7234,881.4685,2037.3693,836.8978,2026.1716,803.6521,2029.2141,830.21234,2072.5308,870.53107,2113.184,931.66156,2155.701,1009.50116,2181.3245,1097.8978,2189.1145,1189.1794,2181.9766,1267.6774,2156.932,1327.437,2117.0757,1364.966,2075.5835,1385.326,2036.3907
708,708,11800,803.0075,2029.2634,821.1765,1989.927,858.5167,1949.1017,915.7004,1906.4429,1003.97235,1869.7212,1087.7235,1886.0295,1172.2693,1870.5626,1261.6703,1909.5668,1323.4685,1953.2606,1363.2802,1996.6145,1384.7493,2036.605,1353.1035,2033.4746,1309.6572,2016.812,1267.4607,1998.4065,1219.0309,1981.3555,1159.5234,1972.1409,1089.923,1971.1665,1022.5864,1969.9465,963.9107,1977.0374,915.51556,1994.2417,875.20056,2010.7827,836.2141,2026.208,1353.1035,2033.4746,1309.6968,2042.3605,1272.8695,2048.3228,1224.7273,2053.1455,1164.1271,2058.5483,1095.0283,2059.1858,1026.1686,2054.8616,967.9135,2051.1875,918.0289,2044.7157,880.7813,2037.3643,836.2141,2026.208,803.0075,2029.2634,829.6264,2072.5383,870.01044,2113.1743,931.17694,2155.693,1008.99133,2181.3213,1097.2942,2189.1113,1188.4714,2181.9768,1266.9127,2156.9375,1326.665,2117.1067,1364.258,2075.6926,1384.7493,2036.605
709,709,11816,801.8395,2029.3169,820.032,1989.9733,857.44446,1949.1426,914.7164,1906.5111,1003.0175,1869.8467,1086.8087,1886.1602,1171.4498,1870.7328,1260.9531,1909.713,1322.8125,1953.3733,1362.6206,1996.7,1384.0594,2036.6565,1352.4418,2033.5261,1308.9902,2016.8662,1266.7904,1998.4513,1218.336,1981.3918,1158.7313,1972.1683,1088.9507,1971.188,1021.54065,1969.9596,962.81525,1977.0513,914.3723,1994.2582,873.99603,2010.8114,834.9678,2026.2609,1352.4418,2033.5261,1308.7559,2042.4495,1271.7584,2048.4373,1223.4287,2053.3008,1162.6136,2058.76,1093.2529,2059.445,1024.4172,2055.1272,966.22473,2051.4207,916.47614,2044.8947,879.4139,2037.481,834.9678,2026.2609,801.8395,2029.3169,828.2609,2072.627,868.4646,2113.2944,929.5158,2155.829,1007.26514,2181.4465,1095.4856,2189.2249,1186.8191,2182.0627,1265.4299,2156.997,1325.4202,2117.1606,1363.2788,2075.7522,1384.0594,2036.6565
710,710,11833,800.4596,2029.3778,818.9165,1989.9795,856.6571,1949.1384,914.2056,1906.4752,1002.7739,1869.7532,1086.6539,1886.0497,1171.3282,1870.6237,1260.8555,1909.6444,1322.6865,1953.3348,1362.4341,1996.6761,1383.8066,2036.6356,1352.152,2033.5087,1308.6501,2016.857,1266.4989,1998.4421,1218.0792,1981.376,1158.4873,1972.1416,1088.6902,1971.1547,1021.20026,1969.9443,962.3415,1977.0486,913.6722,1994.2561,873.02576,2010.8214,833.6505,2026.3113,1352.152,2033.5087,1308.2849,2042.4335,1271.1654,2048.412,1222.7616,2053.2788,1161.8973,2058.756,1092.3882,2059.4521,1023.5275,2055.172,965.21246,2051.508,915.3353,2045.0017,878.17065,2037.57,833.6505,2026.3113,800.4596,2029.3778,826.7272,2072.7659,867.01404,2113.5522,928.328,2156.1045,1006.3027,2181.6104,1094.6039,2189.2852,1186.06,2182.0693,1264.6947,2156.9817,1324.7668,2117.123,1362.8119,2075.722,1383.8066,2036.6356
711,711,11850,799.2892,2029.4197,817.87494,1990.0284,855.74457,1949.1824,913.45374,1906.5194,1002.22174,1869.7812,1086.1917,1886.0547,1170.9282,1870.626,1260.4939,1909.6436,1322.3329,1953.3293,1362.0328,1996.6619,1383.3337,2036.6011,1351.7461,2033.4805,1308.3099,2016.8416,1266.1592,1998.4362,1217.7181,1981.3751,1158.0724,1972.1422,1088.1942,1971.1599,1020.5477,1969.9656,961.5398,1977.092,912.70746,1994.304,871.87445,2010.864,832.4161,2026.3492,1351.7461,2033.4805,1307.9039,2042.4266,1270.7693,2048.4097,1222.3158,2053.2766,1161.3982,2058.7522,1091.8446,2059.4485,1022.8855,2055.1704,964.43787,2051.5146,914.3751,2045.027,877.0624,2037.6077,832.4161,2026.3492,799.2892,2029.4197,825.90576,2072.7744,866.471,2113.5347,927.93567,2155.9377,1005.8956,2181.2842,1094.0735,2188.896,1185.33,2181.697,1263.8708,2156.731,1323.9958,2117.0159,1362.1807,2075.6824,1383.3337,2036.6011
712,712,11866,798.9849,2029.3975,817.57886,1990.0138,855.4615,1949.1721,913.18225,1906.514,1001.96985,1869.7799,1085.9531,1886.0542,1170.6862,1870.6238,1260.2642,1909.638,1322.1073,1953.315,1361.8156,1996.6252,1383.1338,2036.5215,1351.5509,2033.4089,1308.0631,2016.8168,1265.9036,1998.4309,1217.4498,1981.3746,1157.8079,1972.1438,1087.9316,1971.1638,1020.28,1969.9697,961.2779,1977.0936,912.43805,1994.3015,871.5983,2010.8583,832.1102,2026.327,1351.5509,2033.4089,1307.6439,2042.3284,1270.4745,2048.2957,1222.0059,2053.161,1161.0859,2058.6497,1091.5387,2059.3657,1022.6126,2055.0945,964.18317,2051.4456,914.1258,2044.9697,876.79926,2037.5626,832.1102,2026.327,798.9849,2029.3975,825.6296,2072.7432,866.2072,2113.4937,927.67084,2155.8928,1005.6094,2181.2427,1093.759,2188.8503,1184.999,2181.6357,1263.5377,2156.6367,1323.673,2116.9077,1361.9027,2075.5896,1383.1338,2036.5215
713,713,11883,798.8078,2029.3909,817.3767,1989.9722,855.2668,1949.0609,913.02563,1906.3203,1001.8898,1869.4847,1085.8843,1885.6727,1170.6271,1870.2405,1260.2189,1909.2916,1322.0486,1953.0311,1361.7092,1996.3999,1382.9481,2036.3423,1351.4026,2033.235,1307.9579,2016.6257,1265.8031,1998.2457,1217.3604,1981.1964,1157.7184,1971.9761,1087.8424,1971.0032,1020.1723,1969.8625,961.1407,1977.0275,912.26447,1994.2587,871.3753,2010.831,831.9065,2026.3176,1351.4026,2033.235,1307.5221,2042.2261,1270.3573,2048.2156,1221.9009,2053.089,1160.995,2058.5815,1091.4589,2059.306,1022.5373,2055.065,964.08923,2051.4365,913.994,2044.9656,876.6234,2037.559,831.9065,2026.3176,798.8078,2029.3909,825.52625,2072.7332,866.1591,2113.442,927.65125,2155.7356,1005.57764,2180.9788,1093.685,2188.5254,1184.86,2181.28,1263.3304,2156.3152,1323.4335,2116.676,1361.6788,2075.4202,1382.9481,2036.3423
714,714,11900,798.7981,2029.3501,817.2942,1989.8689,855.11884,1948.8542,912.8418,1906.0273,1001.74475,1869.1731,1085.7483,1885.3817,1170.5148,1869.9604,1260.1626,1909.0812,1322.02,1952.8978,1361.6881,1996.3314,1382.9169,2036.3154,1351.3685,2033.2052,1307.9288,2016.5813,1265.7534,1998.1865,1217.2908,1981.1174,1157.6293,1971.8806,1087.7426,1970.8923,1020.0813,1969.7639,961.05743,1976.9362,912.2027,1994.1787,871.3403,2010.7631,831.90344,2026.2684,1351.3685,2033.2052,1307.5063,2042.1963,1270.3458,2048.181,1221.8883,2053.0386,1160.9847,2058.503,1091.4585,2059.1956,1022.53937,2054.9531,964.0914,2051.3357,913.99304,2044.8839,876.61926,2037.4938,831.90344,2026.2684,798.7981,2029.3501,825.5276,2072.6675,866.168,2113.3113,927.66187,2155.5247,1005.5873,2180.7478,1093.6898,2188.3225,1184.8503,2181.12,1263.3138,2156.216,1323.4176,2116.624,1361.6578,2075.3901,1382.9169,2036.3154
715,715,11916,798.78735,2029.1592,817.2623,1989.669,855.0749,1948.6387,912.79803,1905.8336,1001.70764,1869.0107,1085.7039,1885.2119,1170.4807,1869.8502,1260.1436,1909.0028,1322.0095,1952.826,1361.6812,1996.2648,1382.9111,2036.2495,1351.3671,2033.1375,1307.9268,2016.508,1265.7421,1998.1117,1217.2703,1981.0374,1157.5981,1971.7799,1087.698,1970.7573,1020.03284,1969.6216,961.0052,1976.7876,912.1544,1994.0159,871.3025,2010.5828,831.88763,2026.0798,1351.3671,2033.1375,1307.5065,2042.1556,1270.3458,2048.1465,1221.8842,2052.991,1160.9736,2058.4236,1091.4458,2059.0767,1022.518,2054.8208,964.06445,2051.204,913.9635,2044.7529,876.59064,2037.3491,831.88763,2026.0798,798.78735,2029.1592,825.52313,2072.4514,866.1699,2112.9902,927.6669,2155.0603,1005.5855,2180.238,1093.6765,2187.8794,1184.8268,2180.7632,1263.2954,2155.9978,1323.4122,2116.521,1361.6552,2075.3286,1382.9111,2036.2495
716,716,11933,798.7344,2028.9979,817.1991,1989.4503,855.0259,1948.3322,912.772,1905.4796,1001.7022,1868.6443,1085.7019,1884.8247,1170.4816,1869.5151,1260.158,1908.712,1322.041,1952.5731,1361.723,1996.0479,1382.9587,2036.033,1351.4005,2032.9015,1307.9432,2016.3059,1265.7535,1997.9043,1217.2766,1980.7997,1157.5992,1971.5005,1087.6975,1970.4409,1020.0311,1969.3307,960.9977,1976.5354,912.1377,1993.7999,871.2805,2010.3875,831.8515,2025.891,1351.4005,2032.9015,1307.5201,2041.7759,1270.3486,2047.6483,1221.8861,2052.3845,1160.9712,2057.7542,1091.4366,2058.4036,1022.5072,2054.2275,964.0446,2050.7158,913.93463,2044.3678,876.55194,2037.0481,831.8515,2025.891,798.7344,2028.9979,825.4747,2072.2036,866.1416,2112.6157,927.66144,2154.4937,1005.58636,2179.4883,1093.675,2187.0256,1184.828,2179.8909,1263.3003,2155.211,1323.4177,2115.953,1361.6726,2074.9644,1382.9587,2036.033
717,717,11950,798.68274,2028.6174,817.1609,1989.0903,855.00494,1947.9568,912.7644,1905.0991,1001.7031,1868.238,1085.702,1884.4268,1170.4812,1869.1144,1260.1614,1908.365,1322.0521,1952.2664,1361.7394,1995.7607,1382.9729,2035.7274,1351.4182,2032.5673,1307.9563,2016.0381,1265.7625,1997.6809,1217.2787,1980.5953,1157.6002,1971.3032,1087.6998,1970.237,1020.0328,1969.1288,960.9981,1976.3175,912.12756,1993.5436,871.2554,2010.0602,831.7987,2025.4808,1351.4182,2032.5673,1307.5366,2041.2684,1270.3563,2047.0159,1221.8889,2051.62,1160.9734,2056.8774,1091.4404,2057.4624,1022.50885,2053.2932,964.0378,2049.8457,913.90924,2043.6124,876.5062,2036.4308,831.7987,2025.4808,798.68274,2028.6174,825.44806,2071.6638,866.1379,2111.909,927.6676,2153.6619,1005.593,2178.6318,1093.6812,2186.1812,1184.8309,2179.1167,1263.3048,2154.53,1323.4232,2115.3933,1361.6796,2074.5342,1382.9729,2035.7274
718,718,11966,798.6287,2028.1162,817.1101,1988.5432,854.972,1947.3356,912.7531,1904.4459,1001.7039,1867.5287,1085.7019,1883.676,1170.4819,1868.4606,1260.1692,1907.8027,1322.0602,1951.7521,1361.7417,1995.2882,1382.9714,2035.2603,1351.4176,2032.0626,1307.9557,2015.5465,1265.7626,1997.1913,1217.2799,1980.0962,1157.6017,1970.7767,1087.7003,1969.6726,1020.03143,1968.5549,960.98773,1975.7625,912.1044,1993.0037,871.2146,2009.5276,831.7419,2024.9521,1351.4176,2032.0626,1307.5352,2040.7388,1270.3544,2046.459,1221.8859,2050.9985,1160.9674,2056.1807,1091.4312,2056.7317,1022.48895,2052.5854,964.00305,2049.21,913.8603,2043.0496,876.44904,2035.8925,831.7419,2024.9521,798.6287,2028.1162,825.3977,2071.1582,866.10284,2111.3606,927.6536,2153.0103,1005.58734,2177.8987,1093.679,2185.454,1184.8295,2178.41,1263.3066,2153.9194,1323.4275,2114.8857,1361.682,2074.0576,1382.9714,2035.2603
719,719,11983,798.292,2027.4312,816.81635,1987.7195,854.7201,1946.4025,912.54205,1903.4336,1001.53406,1866.4441,1085.5121,1882.5272,1170.2844,1867.4603,1259.9818,1906.9785,1321.8771,1951.0435,1361.5802,1994.6638,1382.838,2034.7195,1351.3083,2031.492,1307.8322,2014.7966,1265.6074,1996.2747,1217.1031,1978.9879,1157.4078,1969.4738,1087.5137,1968.2454,1019.83466,1967.154,960.7539,1974.486,911.8236,1991.8684,870.88904,2008.5574,831.38367,2024.2319,1351.3083,2031.492,1307.4127,2040.2134,1270.2008,2045.9154,1221.6737,2050.4106,1160.7156,2055.5432,1091.1451,2056.0713,1022.1682,2051.9426,963.6397,2048.6023,913.4586,2042.4518,876.03973,2035.2646,831.38367,2024.2319,798.292,2027.4312,825.063,2070.4053,865.8091,2110.52,927.3957,2152.058,1005.3241,2176.8845,1093.3862,2184.4412,1184.499,2177.4338,1262.9891,2153.0479,1323.1846,2114.1584,1361.511,2073.4465,1382.838,2034.7195
720,720,12000,797.8487,2026.9493,816.4522,1987.2426,854.4134,1945.9275,912.26514,1902.9811,1001.23303,1865.9612,1085.0968,1882.0054,1169.81,1866.9807,1259.4673,1906.547,1321.3086,1950.5562,1360.9934,1994.0886,1382.2683,2034.0328,1350.8483,2030.8154,1307.3274,2014.1981,1265.109,1995.7571,1216.6198,1978.526,1156.9572,1969.0359,1087.0854,1967.8086,1019.47345,1966.7408,960.40967,1974.0731,911.45056,1991.4224,870.47217,2008.0834,830.8804,2023.7588,1350.8483,2030.8154,1306.8262,2039.5562,1269.5199,2045.232,1220.9221,2049.699,1159.9402,2054.8667,1090.3529,2055.4612,1021.473,2051.4128,963.00946,2048.1436,912.88043,2042.0396,875.49817,2034.8469,830.8804,2023.7588,797.8487,2026.9493,824.5931,2069.9492,865.322,2110.0515,926.8887,2151.477,1004.7289,2176.153,1092.6495,2183.6191,1183.6777,2176.4893,1262.0908,2152.0498,1322.3154,2113.259,1360.7749,2072.6729,1382.2683,2034.0328
721,721,12016,797.71045,2026.1705,816.4023,1986.6232,854.3892,1945.4208,912.24756,1902.509,1001.1801,1865.3717,1084.958,1881.2413,1169.55,1866.2574,1259.0146,1905.8485,1320.6704,1949.7336,1360.2626,1992.9877,1381.6167,2032.523,1350.3534,2029.4602,1306.7316,2013.1959,1264.6008,1995.0007,1216.2303,1977.9094,1156.7166,1968.4813,1086.9512,1967.282,1019.3896,1966.2957,960.352,1973.6655,911.37415,1990.9568,870.3576,2007.5054,830.6757,2023.0693,1350.3534,2029.4602,1306.1427,2038.3914,1268.7698,2044.18,1220.2141,2048.8108,1159.3558,2054.1797,1089.8291,2054.9336,1021.0209,2050.9775,962.6341,2047.7443,912.5777,2041.6166,875.24066,2034.3411,830.6757,2023.0693,797.71045,2026.1705,824.3976,2069.364,865.05273,2109.631,926.5515,2151.1436,1004.32416,2175.8186,1092.1903,2183.2126,1183.1467,2175.887,1261.4033,2151.1262,1321.5046,2112.067,1359.9779,2071.307,1381.6167,2032.523
722,722,12033,797.63806,2025.8107,816.372,1986.4435,854.36664,1945.3464,912.2222,1902.4646,1001.0926,1865.3152,1084.7495,1881.0994,1169.1047,1866.109,1258.0756,1905.6261,1319.2654,1949.4081,1358.5243,1992.48,1379.6326,2031.7498,1348.6561,2028.7424,1305.1603,2012.7306,1263.3639,1994.7203,1215.3821,1977.7455,1156.254,1968.3906,1086.7523,1967.232,1019.22955,1966.2692,960.2444,1973.6421,911.2924,1990.8953,870.25494,2007.328,830.5457,2022.7343,1348.6561,2028.7424,1304.2366,2037.8933,1266.9927,2043.85,1218.7795,2048.6157,1158.3094,2054.0544,1089.1061,2054.8228,1020.4001,2050.847,962.1992,2047.5853,912.32184,2041.4243,875.0667,2034.1069,830.5457,2022.7343,797.63806,2025.8107,824.3107,2069.074,864.9133,2109.3433,926.25745,2150.8445,1003.7807,2175.5845,1091.435,2183.04,1182.014,2175.7239,1259.9314,2150.934,1319.7324,2111.785,1358.0461,2070.826,1379.6326,2031.7498
723,723,12050,797.6376,2024.9833,816.3721,1985.8406,854.36896,1944.9403,912.2273,1902.1323,1001.0888,1865.0488,1084.6619,1880.8696,1168.7537,1866.046,1257.2264,1905.6265,1317.999,1949.4221,1357.0808,1992.5088,1377.9487,2031.7916,1347.0054,2028.7477,1303.3431,2012.7335,1261.8921,1994.7222,1214.3668,1977.7439,1155.749,1968.3456,1086.6176,1967.106,1019.1776,1966.0618,960.23083,1973.3922,911.28986,1990.5217,870.2573,2006.7064,830.54755,2021.8899,1347.0054,2028.7477,1302.5784,2037.8854,1265.6481,2043.8083,1217.8502,2048.526,1157.7145,2053.842,1088.814,2054.4292,1020.12006,2050.1338,962.0091,2046.6295,912.26074,2040.4039,875.04156,2033.1346,830.54755,2021.8899,797.6376,2024.9833,824.2774,2068.0466,864.81866,2108.2593,926.0151,2149.8125,1003.383,2174.9314,1090.9991,2182.74,1181.3721,2175.6665,1259.2567,2150.948,1318.9736,2111.8274,1356.9603,2070.8716,1377.9487,2031.7916
724,724,12066,797.6382,2023.7649,816.3971,1984.9386,854.4439,1944.3954,912.3346,1901.7292,1001.16547,1864.6744,1084.6736,1880.4886,1168.7399,1865.8633,1256.9983,1905.5385,1317.5038,1949.3701,1356.4409,1992.4235,1377.1335,2031.6786,1346.214,2028.6147,1302.4678,2012.593,1261.25,1994.5676,1213.9587,1977.5454,1155.5709,1967.9867,1086.5995,1966.5596,1019.1742,1965.4509,960.2309,1972.817,911.2904,1989.8318,870.26013,2005.8119,830.5447,2020.7946,1346.214,2028.6147,1301.743,2037.791,1265.0068,2043.7563,1217.4714,2048.5166,1157.5084,2053.8328,1088.7229,2054.392,1020.0071,2049.9917,961.9179,2046.2871,912.2312,2039.786,875.0305,2032.2963,830.5447,2020.7946,797.6382,2023.7649,824.264,2066.8718,864.76904,2107.247,925.8688,2149.0684,1003.1149,2174.56,1090.691,2182.5725,1180.9048,2175.609,1258.7268,2150.9248,1318.4285,2111.8022,1356.3035,2070.812,1377.1335,2031.6786
725,725,12083,797.6069,2022.5702,816.3996,1984.0095,854.4944,1943.787,912.45526,1901.2697,1001.297,1864.2578,1084.734,1880.0957,1168.7428,1865.6755,1256.9353,1905.473,1317.3585,1949.3458,1356.2942,1992.388,1376.9443,2031.6365,1345.9852,2028.5496,1302.1414,2012.5454,1260.9817,1994.5305,1213.77,1977.5032,1155.4941,1967.8667,1086.5991,1966.3186,1019.17944,1965.1394,960.2381,1972.4753,911.2924,1989.3185,870.2606,2005.0242,830.5133,2019.6996,1345.9852,2028.5496,1301.4414,2037.7311,1264.7435,2043.7131,1217.2921,2048.4895,1157.3975,2053.766,1088.6754,2054.234,1019.93896,2049.6765,961.85034,2045.7749,912.1967,2039.0486,875.00134,2031.3752,830.5133,2019.6996,797.6069,2022.5702,824.19116,2065.8015,864.6632,2106.3657,925.7059,2148.373,1002.8949,2174.1462,1090.4885,2182.361,1180.6566,2175.5479,1258.5247,2150.9277,1318.3136,2111.8103,1356.1888,2070.8076,1376.9443,2031.6365
726,726,12100,797.55835,2021.8328,816.3982,1983.4371,854.515,1943.4011,912.52026,1900.9507,1001.4248,1863.9583,1084.8597,1879.849,1168.8197,1865.4971,1256.9548,1905.3821,1317.3748,1949.3102,1356.3196,1992.3549,1376.9664,2031.6101,1345.9995,2028.5206,1302.1499,2012.5117,1260.9863,1994.5043,1213.7722,1977.4775,1155.4994,1967.8219,1086.6399,1966.2435,1019.20685,1965.0366,960.2528,1972.3336,911.29333,1989.0635,870.25256,2004.5848,830.45544,2019.0886,1345.9995,2028.5206,1301.4513,2037.7308,1264.7513,2043.7207,1217.2947,2048.5288,1157.3951,2053.8076,1088.6754,2054.2485,1019.9144,2049.672,961.8169,2045.699,912.16644,2038.8352,874.96387,2031.0226,830.45544,2019.0886,797.55835,2021.8328,824.1377,2065.3242,864.61096,2106.096,925.6383,2148.283,1002.811,2174.154,1090.4368,2182.3877,1180.6196,2175.6462,1258.5173,2151.0493,1318.3322,2111.8792,1356.2117,2070.8115,1376.9664,2031.6101
727,727,12116,796.9679,2021.7054,815.95764,1983.2896,854.29095,1943.2366,912.4535,1900.7649,1001.4248,1863.763,1084.8754,1879.6895,1168.8444,1865.4025,1256.9912,1905.3635,1317.3997,1949.3131,1356.3281,1992.3756,1376.9967,2031.6493,1346.0206,2028.5472,1302.1595,2012.5413,1260.9846,1994.5342,1213.7678,1977.4928,1155.495,1967.8232,1086.6385,1966.2405,1019.18274,1965.028,960.18024,1972.318,911.132,1989.0319,869.93146,2004.5153,829.89154,2018.9747,1346.0206,2028.5472,1301.4525,2037.7415,1264.7126,2043.7288,1217.2263,2048.5334,1157.2892,2053.81,1088.5295,2054.2427,1019.63544,2049.6414,961.4621,2045.6355,911.77905,2038.7502,874.49243,2030.924,829.89154,2018.9747,796.9679,2021.7054,823.46643,2065.252,863.9869,2106.0574,925.07776,2148.2595,1002.38617,2174.1511,1090.1915,2182.3948,1180.4989,2175.657,1258.4742,2151.0999,1318.3368,2111.9673,1356.2357,2070.881,1376.9967,2031.6493
728,728,12133,796.6982,2021.7104,815.72345,1983.2394,854.1735,1943.0995,912.4345,1900.5205,1001.4532,1863.431,1084.9595,1879.4065,1168.9633,1865.1515,1257.1935,1905.2601,1317.5927,1949.3063,1356.4585,1992.3937,1377.0126,2031.7335,1346.0298,2028.6116,1302.1788,2012.5852,1260.9932,1994.5624,1213.7886,1977.5015,1155.5173,1967.8237,1086.6696,1966.2365,1019.18933,1965.024,960.17786,1972.3146,911.10406,1989.03,869.83075,2004.5157,829.6513,2018.979,1346.0298,2028.6116,1301.477,2037.7572,1264.7349,2043.7344,1217.2383,2048.5364,1157.2943,2053.8079,1088.5314,2054.224,1019.6155,2049.5989,961.413,2045.582,911.6902,2038.7063,874.33496,2030.8983,829.6513,2018.979,796.6982,2021.7104,823.13403,2065.2632,863.68585,2106.0637,924.86505,2148.2942,1002.28766,2174.2437,1090.1782,2182.5386,1180.5084,2175.8555,1258.4946,2151.3157,1318.3762,2112.1501,1356.2748,2071.006,1377.0126,2031.7335
729,729,12150,796.68304,2021.6844,815.662,1983.0842,854.12177,1942.7302,912.4233,1899.9426,1001.47473,1862.7621,1084.9983,1878.9209,1169.005,1864.733,1257.317,1905.1248,1317.755,1949.3063,1356.5834,1992.4983,1377.036,2032.0914,1346.0387,2028.91,1302.1932,2012.7356,1261.0039,1994.6272,1213.8079,1977.5107,1155.5393,1967.818,1086.6941,1966.2059,1019.2048,1964.9694,960.18195,1972.2448,911.10455,1988.9747,869.8273,2004.4828,829.64984,2018.957,1346.0387,2028.91,1301.5685,2037.976,1264.8818,2043.9281,1217.4264,2048.6472,1157.5015,2053.8376,1088.7605,2054.2249,1019.74286,2049.5825,961.4794,2045.552,911.7116,2038.6733,874.3364,2030.8633,829.64984,2018.957,796.68304,2021.6844,823.09045,2065.2678,863.6464,2106.0728,924.86194,2148.3772,1002.3197,2174.4485,1090.3794,2182.884,1180.907,2176.4004,1259.0276,2152.048,1318.8617,2112.8528,1356.522,2071.5127,1377.036,2032.0914
730,730,12166,796.95044,2021.6206,815.7641,1982.9558,854.144,1942.5449,912.4254,1899.7747,1001.4756,1862.7001,1084.998,1878.9248,1169.0051,1864.7367,1257.3213,1905.1829,1317.7657,1949.5182,1356.5782,1992.9641,1376.9609,2032.9133,1345.9706,2029.6697,1302.1821,2013.1324,1260.9855,1994.8469,1213.7957,1977.6338,1155.5331,1967.8768,1086.6941,1966.2252,1019.213,1964.9668,960.2029,1972.2036,911.17163,1988.906,869.96375,2004.4286,829.9219,2018.9225,1345.9706,2029.6697,1301.5929,2038.9698,1264.953,2045.1094,1217.6252,2049.8608,1157.7958,2054.8599,1089.2009,2054.9348,1020.06104,2049.9204,961.7701,2045.6669,911.9915,2038.6931,874.58936,2030.8665,829.9219,2018.9225,796.95044,2021.6206,823.2944,2065.2644,863.7747,2106.096,924.95703,2148.6973,1002.4837,2175.4148,1090.7761,2184.567,1181.4596,2178.543,1259.6198,2154.3096,1319.2053,2114.6643,1356.5475,2072.7578,1376.9609,2032.9133
731,731,12183,797.74005,2021.5034,816.2412,1982.7644,854.43445,1942.2926,912.6513,1899.5487,1001.69714,1862.5945,1085.1688,1878.9274,1169.1051,1864.7422,1257.3917,1905.304,1317.7825,1949.9291,1356.5886,1993.826,1376.8248,2034.3478,1345.7877,2031.0153,1302.1053,2014.1759,1260.9336,1995.7269,1213.7937,1978.407,1155.558,1968.4918,1086.825,1966.6788,1019.4609,1965.16,960.5795,1972.2423,911.7346,1988.9062,870.66797,2004.413,830.8501,2018.865,1345.7877,2031.0153,1301.5986,2040.7167,1264.9696,2047.2649,1217.8202,2052.2207,1158.2179,2057.0386,1089.9542,2056.6704,1020.77295,2050.9622,962.5758,2046.1533,912.9249,2038.8364,875.5443,2030.8772,830.8501,2018.865,797.74005,2021.5034,823.78357,2065.274,864.0321,2106.5764,925.1081,2150.597,1002.72485,2179.1538,1091.4441,2189.6104,1182.4105,2184.192,1260.6718,2159.6624,1319.8627,2118.6523,1356.6323,2075.2458,1376.8248,2034.3478
732,732,12200,799.1216,2021.5121,817.16156,1982.6967,854.93146,1942.156,912.89087,1899.4136,1001.77655,1862.5612,1085.1948,1878.9458,1169.1101,1864.8085,1257.3816,1905.6082,1317.721,1950.6448,1356.4111,1995.0968,1376.5258,2036.5482,1345.5515,2033.2283,1302.0094,2015.3604,1260.8088,1996.434,1213.7229,1978.8734,1155.5466,1968.7676,1086.8464,1966.8175,1019.59143,1965.1844,960.8748,1972.2361,912.2751,1988.8754,871.4867,2004.402,832.1849,2018.8864,1345.5515,2033.2283,1301.6145,2044.6095,1265.0347,2052.346,1218.0813,2058.2148,1158.6669,2063.3137,1090.6309,2062.4995,1021.35254,2055.5889,963.2559,2049.3765,913.79004,2040.6722,876.5665,2031.6973,832.1849,2018.8864,799.1216,2021.5121,824.6495,2065.6628,864.45593,2108.2246,925.2835,2154.6003,1002.92596,2185.5195,1092.0157,2197.416,1183.2549,2192.4084,1261.6255,2167.1497,1320.4198,2124.2854,1356.6614,2078.9844,1376.5258,2036.5482
733,733,12216,800.1342,2021.6732,817.85504,1982.6956,855.35785,1942.0765,913.1345,1899.2771,1001.88135,1862.5066,1085.224,1878.9806,1169.1123,1864.8776,1257.3682,1906.0386,1317.6497,1951.7466,1356.2174,1997.118,1376.1746,2039.9844,1345.2703,2036.5846,1301.8975,2017.2996,1260.6547,1997.6191,1213.6265,1979.604,1155.5261,1969.1533,1086.866,1967.0052,1019.75214,1965.23,961.18677,1972.2368,912.7543,1988.8738,872.1277,2004.4253,833.1797,2019.1722,1345.2703,2036.5846,1301.6259,2049.4907,1265.1074,2058.152,1218.3369,2064.6848,1159.0872,2070.0457,1091.2043,2068.9802,1021.84186,2061.1357,963.7846,2053.6345,914.40356,2043.5138,877.25555,2033.3162,833.1797,2019.1722,800.1342,2021.6732,825.1714,2066.8047,864.67017,2111.2666,925.36456,2160.3813,1003.073,2193.5044,1092.546,2206.4062,1184.1545,2201.6226,1262.6879,2175.5305,1321.0664,2130.9497,1356.7032,2083.9292,1376.1746,2039.9844
734,734,12233,801.67755,2022.2479,818.77875,1982.7693,855.8101,1942.0747,913.3216,1899.2458,1001.9262,1862.5045,1085.2257,1879.1152,1169.0834,1865.0576,1257.2395,1906.6471,1317.3552,1952.9915,1355.6533,1999.1824,1375.3073,2043.2126,1344.4495,2039.8677,1301.3938,2019.5322,1260.1389,1999.2274,1213.3077,1980.8292,1155.4125,1970.0054,1086.8656,1967.6104,1019.8541,1965.558,961.5198,1972.3894,913.4206,1988.9886,873.16327,2004.67,834.78784,2019.9497,1344.4495,2039.8677,1301.3967,2054.482,1265.1136,2064.249,1218.3811,2071.7769,1159.2805,2077.78,1091.5608,2076.846,1022.2399,2068.3313,964.4149,2059.6116,915.35864,2047.8892,878.4664,2036.1118,834.78784,2019.9497,801.67755,2022.2479,825.98676,2069.0015,864.96967,2115.8564,925.4205,2167.7976,1003.1349,2202.8772,1092.8823,2216.4785,1184.8118,2211.392,1263.4362,2184.0596,1321.4076,2137.5671,1356.7185,2088.7349,1375.3073,2043.2126
735,735,12250,802.12256,2022.7268,819.251,1982.9313,856.2374,1942.2755,913.5685,1899.7047,1001.94855,1863.6818,1085.2233,1881.1558,1168.9788,1866.9708,1256.6594,1908.5862,1316.4401,1955.0109,1354.668,2001.3925,1374.3441,2046.116,1343.6708,2042.8763,1301.048,2021.3337,1259.6053,2000.5214,1212.8444,1981.9631,1155.186,1971.0278,1086.8538,1968.5559,1019.8943,1966.1567,961.6299,1972.6458,913.5905,1989.1056,873.3182,2004.8671,835.2341,2020.6552,1343.6708,2042.8763,1301.3756,2060.1182,1265.2063,2071.735,1218.7228,2080.4802,1159.8738,2086.7908,1092.3827,2085.4465,1022.82965,2076.207,964.91626,2066.2288,915.7423,2052.825,878.78375,2039.2445,835.2341,2020.6552,802.12256,2022.7268,826.2674,2070.9387,865.1696,2119.4565,925.5693,2172.781,1003.4036,2208.805,1093.6672,2222.9739,1185.858,2218.375,1264.4966,2191.2974,1321.9954,2143.9795,1356.7378,2093.4495,1374.3441,2046.116
736,736,12266,802.33984,2023.5215,819.432,1983.1204,856.3654,1942.3435,913.592,1899.7653,1001.9234,1863.8423,1085.1392,1881.6327,1168.7753,1867.3694,1256.1162,1909.2401,1315.5934,1956.0288,1353.6989,2002.8557,1373.1986,2048.392,1342.5437,2045.0626,1300.2823,2022.553,1258.6598,2001.2625,1212.0111,1982.4783,1154.6495,1971.3977,1086.724,1968.8604,1019.8959,1966.3411,961.6857,1972.7239,913.71344,1989.1653,873.43774,2005.0763,835.51624,2021.5406,1342.5437,2045.0626,1301.0972,2063.553,1265.204,2075.963,1218.7405,2085.4558,1159.9708,2092.3005,1092.5278,2091.1443,1022.9432,2081.7407,965.0654,2071.0579,915.90717,2056.6301,878.9686,2041.921,835.51624,2021.5406,802.33984,2023.5215,826.3357,2073.0571,865.18054,2122.891,925.56854,2177.363,1003.40704,2214.0728,1093.8037,2228.3596,1186.1774,2223.4888,1264.8356,2195.8413,1322.1212,2147.775,1356.6775,2096.5088,1373.1986,2048.392
737,737,12283,802.7635,2023.6293,819.68567,1983.0791,856.4639,1942.234,913.58826,1899.6935,1001.66345,1863.8416,1084.7421,1881.6902,1168.1632,1867.412,1254.7645,1909.2728,1313.7462,1956.0707,1351.651,2002.9347,1370.8611,2048.723,1340.3652,2045.4233,1298.9723,2022.487,1257.0803,2001.2457,1210.6874,1982.3154,1153.739,1971.1351,1086.3241,1968.5941,1019.8191,1965.9354,961.6853,1972.1809,913.7644,1988.7046,873.5257,2004.9688,835.9881,2021.7107,1340.3652,2045.4233,1300.1802,2065.6438,1264.9401,2079.5542,1218.7021,2090.3975,1159.9725,2098.0342,1092.5408,2097.039,1022.9482,2087.4636,965.0957,2076.0103,915.9885,2060.252,879.151,2043.965,835.9881,2021.7107,802.7635,2023.6293,826.42084,2074.2512,865.1783,2125.3728,925.47095,2180.9312,1003.324,2218.296,1093.812,2232.7834,1186.2772,2227.6907,1264.9203,2199.405,1322.1217,2150.23,1356.1528,2097.7913,1370.8611,2048.723
738,738,12300,803.2727,2023.8036,819.9713,1982.9961,856.5642,1941.996,913.5666,1899.4146,1001.36743,1863.6517,1084.4199,1881.6365,1167.8156,1867.3478,1253.9863,1909.2612,1312.5552,1956.0665,1350.2407,2003.0431,1369.1755,2049.4802,1338.7263,2046.2466,1297.8827,2022.4685,1255.6737,2001.2281,1209.479,1982.1567,1152.9032,1970.8516,1085.9706,1968.2839,1019.76624,1965.5468,961.692,1971.7161,913.87177,1988.2903,873.6587,2004.8696,836.611,2021.9877,1338.7263,2046.2466,1299.7341,2069.9897,1264.9385,2086.7327,1218.8363,2100.4768,1160.3923,2110.099,1092.9374,2109.774,1023.13605,2099.2415,965.33606,2085.5107,916.3188,2066.7593,879.58057,2047.6238,836.611,2021.9877,803.2727,2023.8036,826.599,2076.376,865.1847,2130.1455,925.40784,2189.2283,1003.31976,2229.888,1094.1854,2245.688,1187.4076,2239.7075,1266.0831,2208.6323,1322.4741,2155.932,1356.0137,2100.6802,1369.1755,2049.4802
739,739,12316,804.4975,2024.261,820.7255,1982.8904,856.9466,1941.4719,913.57947,1898.534,1001.2638,1862.672,1084.3679,1880.8457,1167.7872,1866.6359,1253.7814,1908.9369,1312.0952,1956.0546,1349.6337,2003.0629,1368.3477,2050.48,1337.9172,2047.325,1297.371,2022.3951,1254.9563,2000.7513,1208.9286,1981.0165,1152.5845,1969.1444,1085.8965,1966.3728,1019.7807,1963.7102,961.8597,1970.1626,914.33826,1987.2915,874.2123,2004.6959,837.9503,2022.6134,1337.9172,2047.325,1299.6617,2074.3113,1265.0508,2093.2996,1219.492,2109.3179,1161.5079,2120.552,1093.7843,2120.8481,1023.57,2109.86,965.8249,2094.6125,916.9963,2073.5603,880.50214,2051.9463,837.9503,2022.6134,804.4975,2024.261,827.1434,2078.9514,865.2829,2134.8982,925.4014,2196.5793,1003.33887,2239.2673,1094.9756,2255.6562,1189.381,2248.7507,1268.1299,2215.567,1323.4258,2160.4338,1356.026,2103.3816,1368.3477,2050.48
740,740,12333,804.6737,2025.5511,820.78864,1982.8633,856.96265,1940.9205,913.49023,1897.5022,1000.9594,1861.4888,1084.2798,1879.8002,1167.7797,1865.7319,1253.7101,1908.4796,1311.9332,1956.0262,1349.4293,2003.1782,1368.0221,2052.206,1337.6299,2049.0195,1297.2996,2022.3248,1254.7145,1999.553,1208.6829,1978.5398,1152.3665,1965.729,1085.781,1962.7086,1019.76575,1960.2092,961.8607,1967.3229,914.3651,1985.5936,874.21185,2004.4734,838.1535,2024.0396,1337.6299,2049.0195,1299.6682,2080.6013,1265.5205,2102.674,1220.5627,2121.7703,1162.6853,2135.2583,1094.2201,2136.5354,1023.5817,2124.9844,965.8216,2107.7705,916.9894,2083.664,880.5197,2058.725,838.1535,2024.0396,804.6737,2025.5511,827.124,2083.6064,864.91736,2142.7974,924.6584,2207.82,1003.1529,2252.752,1095.4584,2269.7253,1191.4746,2261.756,1270.8304,2226.001,1325.1661,2167.5757,1356.2035,2107.7134,1368.0221,2052.206
741,741,12350,804.9817,2026.3882,820.85974,1982.7166,856.96985,1940.0409,913.3612,1896.2151,1000.49396,1860.3668,1083.9706,1878.919,1167.6001,1865.0194,1253.2598,1908.1073,1311.2617,1956.0033,1348.6418,2003.4825,1366.9489,2054.2703,1336.482,2050.815,1296.6609,2022.2594,1253.8529,1998.3129,1207.9188,1975.9144,1151.7211,1962.1365,1085.3707,1958.8667,1019.6504,1956.2716,961.84845,1963.8574,914.39404,1983.254,874.25275,2003.9161,838.6114,2024.8386,1336.482,2050.815,1299.5284,2084.4526,1265.601,2107.2786,1221.0665,2126.848,1163.3744,2140.5237,1094.5074,2141.8577,1023.59375,2130.0068,965.8223,2112.3235,917.0209,2087.525,880.6501,2061.7405,838.6114,2024.8386,804.9817,2026.3882,827.08954,2086.2761,864.3842,2146.93,923.6752,2213.1729,1002.78253,2258.6934,1095.6796,2275.8804,1192.7677,2267.8804,1272.5209,2231.6611,1326.2043,2172.253,1356.2106,2111.2302,1366.9489,2054.2703
742,742,12366,805.9045,2027.4973,821.3562,1982.715,857.21173,1939.8118,913.3611,1895.8624,1000.32526,1860.0951,1083.8513,1878.7075,1167.5266,1864.8956,1252.833,1908.083,1310.4797,1956.0322,1347.6223,2004.1246,1365.52,2056.45,1335.1548,2052.8958,1296.0526,2022.301,1253.1096,1997.8538,1207.3857,1974.8433,1151.3717,1960.7054,1085.1968,1957.3964,1019.636,1954.7578,961.87616,1962.5145,914.6198,1982.3385,874.4995,2003.7883,839.6099,2025.9846,1335.1548,2052.8958,1299.287,2088.9258,1265.6458,2113.0217,1221.5397,2133.3171,1164.1681,2147.0134,1095.0851,2147.9705,1023.8009,2135.8416,966.0206,2117.7214,917.36884,2092.1428,881.2114,2065.2815,839.6099,2025.9846,805.9045,2027.4973,827.2322,2089.218,864.36017,2150.909,923.469,2217.7898,1002.73944,2263.809,1096.1561,2281.5032,1194.0409,2273.771,1273.8267,2237.6394,1326.8931,2177.5425,1356.2065,2115.1704,1365.52,2056.45
743,743,12383,806.21875,2028.5243,821.4935,1982.7162,857.266,1939.6775,913.3152,1895.6931,1000.00696,1859.9991,1083.6211,1878.6134,1167.374,1864.8705,1252.27,1908.0752,1309.6395,1956.1437,1346.6969,2004.889,1364.3701,2058.5273,1334.0697,2054.8855,1295.5663,2022.3585,1252.4274,1997.3186,1206.8179,1973.6416,1150.9318,1959.1383,1084.913,1955.8021,1019.5213,1953.1112,961.8513,1961.0637,914.63873,1981.3394,874.51086,2003.6233,839.99744,2027.0444,1334.0697,2054.8855,1299.0924,2092.9905,1265.7208,2118.1208,1222.0315,2138.8848,1164.9473,2152.4336,1095.7258,2152.9343,1024.0039,2140.5303,966.1536,2122.0962,917.5357,2095.971,881.4414,2068.316,839.99744,2027.0444,806.21875,2028.5243,827.2415,2091.6726,864.25574,2154.0393,923.1902,2221.3394,1002.6802,2267.767,1096.6349,2285.9272,1195.1553,2278.623,1275.002,2242.864,1327.6316,2182.3494,1356.215,2118.8042,1364.3701,2058.5273
744,744,12400,806.8028,2029.7958,821.75146,1982.7308,857.3671,1939.524,913.30194,1895.4669,999.8506,1859.8881,1083.563,1878.5146,1167.3634,1864.8524,1252.1217,1908.0686,1309.3821,1956.2709,1346.3824,2005.6973,1363.9097,2060.4912,1333.5675,2056.7317,1295.4003,2022.4834,1252.1971,1996.8716,1206.6719,1972.579,1150.8232,1957.737,1084.8461,1954.3428,1019.5074,1951.5726,961.8569,1959.679,914.76245,1980.4434,874.6604,2003.521,840.73596,2028.2936,1333.5675,2056.7317,1299.0303,2095.9058,1265.8834,2121.5154,1222.6315,2142.6157,1165.7379,2156.3313,1096.302,2156.8237,1024.1951,2144.3303,966.3066,2125.669,917.79346,2099.1558,881.855,2070.9556,840.73596,2028.2936,806.8028,2029.7958,827.28754,2094.2212,864.1697,2157.3904,922.9245,2225.3472,1002.626,2272.09,1097.1212,2290.438,1196.3594,2283.0642,1276.3965,2247.1365,1328.6779,2186.0984,1356.2842,2121.7898,1363.9097,2060.4912
745,745,12416,807.06104,2030.8662,821.856,1982.7471,857.3996,1939.373,913.2649,1895.1665,999.70886,1859.5665,1083.5121,1878.2006,1167.3528,1864.6847,1251.9839,1908.0299,1309.1025,1956.3145,1345.9762,2006.2529,1363.2843,2061.882,1332.8832,2058.125,1294.9924,2022.646,1251.7429,1996.5994,1206.3599,1971.9319,1150.6077,1956.8691,1084.734,1953.3864,1019.4649,1950.645,961.85406,1958.9094,914.80914,1979.957,874.72455,2003.4917,841.11694,2029.4246,1332.8832,2058.125,1298.8336,2097.9382,1265.9109,2124.0828,1222.9381,2145.9924,1166.1979,2160.479,1096.5731,2161.3564,1024.2234,2148.5476,966.32117,2129.2053,917.86725,2101.903,882.0291,2073.0845,841.11694,2029.4246,807.06104,2030.8662,827.2823,2096.0632,863.8107,2159.9153,922.18896,2229.0898,1002.2994,2277.0278,1097.2933,2295.7454,1197.0656,2287.846,1277.2474,2250.686,1329.2538,2188.5007,1356.292,2123.6304,1363.2843,2061.882
746,746,12433,807.4054,2031.5856,822.0003,1982.7473,857.4487,1939.1665,913.2462,1894.8823,999.63916,1859.3562,1083.5094,1877.9921,1167.3666,1864.5823,1251.945,1907.9828,1308.9556,1956.3286,1345.6732,2006.6636,1362.6733,2062.9236,1332.3156,2059.1543,1294.7698,2022.7491,1251.493,1996.3134,1206.2252,1971.4354,1150.5314,1956.3402,1084.7048,1952.8445,1019.4538,1950.0717,961.85425,1958.3022,914.866,1979.4484,874.79315,2003.4142,841.53204,2030.185,1332.3156,2059.1543,1298.7565,2099.8772,1266.0819,2126.6873,1223.5902,2149.0466,1167.0984,2163.6438,1097.3495,2164.38,1024.4899,2151.3438,966.47516,2131.6843,918.07245,2103.9668,882.3006,2074.68,841.53204,2030.185,807.4054,2031.5856,827.3026,2097.3923,863.71967,2161.5562,921.96857,2231.0972,1002.27014,2279.4473,1097.8772,2298.4724,1198.1549,2290.697,1278.3795,2253.5889,1330.0464,2190.9858,1356.3197,2125.4163,1362.6733,2062.9236
747,747,12450,807.9756,2032.0338,822.2305,1982.7115,857.52136,1938.7926,913.2327,1894.3885,999.59216,1858.9052,1083.5062,1877.5469,1167.3754,1864.3822,1251.8777,1907.9375,1308.6742,1956.37,1345.0598,2007.1425,1361.5326,2064.017,1331.2078,2060.234,1294.1486,2022.9302,1250.9094,1996.1549,1205.9169,1971.1003,1150.3888,1955.8729,1084.6567,1952.2616,1019.4478,1949.4452,961.8677,1957.6641,915.01324,1978.8705,874.9742,2003.2578,842.1919,2030.6603,1331.2078,2060.234,1298.3032,2102.031,1266.0936,2129.6482,1223.839,2152.8228,1167.606,2167.965,1097.7745,2168.8137,1024.648,2155.4712,966.6194,2135.0623,918.3511,2106.347,882.7361,2076.1338,842.1919,2030.6603,807.9756,2032.0338,827.3993,2098.397,863.6781,2163.0422,921.74646,2233.2673,1002.1844,2282.3774,1098.1735,2301.7876,1198.7555,2293.71,1278.832,2256.0056,1330.2125,2192.9492,1356.23,2127.0261,1361.5326,2064.017
748,748,12466,808.1606,2032.5437,822.2522,1982.6885,857.51276,1938.4429,913.04504,1893.9174,999.28656,1858.5035,1083.3461,1877.1786,1167.314,1864.2153,1251.6096,1907.8994,1308.2201,1956.4244,1344.438,2007.6665,1360.6477,2065.233,1330.2986,2061.4143,1293.5363,2023.1198,1250.2456,1995.9645,1205.4164,1970.6674,1150.0161,1955.2693,1084.3807,1951.561,1019.2704,1948.673,961.7882,1956.9131,915.0143,1978.2701,874.9868,2003.1233,842.4565,2031.1995,1330.2986,2061.4143,1297.9537,2104.189,1266.1036,2132.491,1224.027,2156.2837,1167.9076,2171.794,1097.9397,2172.686,1024.6564,2158.9248,966.62164,2137.9216,918.3861,2108.4744,882.8392,2077.5789,842.4565,2031.1995,808.1606,2032.5437,827.3866,2099.4956,863.3034,2164.8298,921.0344,2235.9604,1001.7919,2285.8357,1098.2382,2305.6433,1199.112,2297.574,1279.2538,2259.3904,1330.4529,2195.5554,1356.1971,2128.8982,1360.6477,2065.233
749,749,12483,808.38,2032.5632,822.3063,1982.4031,857.5148,1937.6796,912.94324,1893.0688,999.12384,1857.7428,1083.2656,1876.4883,1167.2872,1863.7643,1251.4495,1907.6619,1307.9188,1956.4197,1344.0107,2007.7855,1360.0795,2065.4966,1329.6743,2061.7056,1292.9924,2023.1556,1249.6624,1995.6722,1204.972,1970.2135,1149.6957,1954.7397,1084.1764,1950.9572,1019.14996,1947.9592,961.74304,1956.1073,915.02106,1977.4775,875.0272,2002.726,842.76013,2031.2386,1329.6743,2061.7056,1297.6438,2104.403,1266.1134,2132.6333,1224.199,2156.3748,1168.2177,2171.8584,1098.2004,2172.7542,1024.735,2158.9617,966.6858,2137.9143,918.52295,2108.4238,883.0651,2077.5186,842.76013,2031.2386,808.38,2032.5632,827.3827,2099.591,862.9769,2165.4077,920.42303,2237.4556,1001.4772,2288.0144,1098.3481,2307.9548,1199.5563,2299.795,1279.7925,2261.1433,1330.7981,2196.5586,1356.1952,2129.3728,1360.0795,2065.4966
750,750,12500,809.01294,2032.7687,822.4873,1982.2792,857.52203,1937.0701,912.81177,1892.1056,998.9286,1856.5602,1083.1678,1875.3508,1167.2515,1862.8643,1251.2811,1907.1699,1307.5426,1956.3784,1343.3628,2007.878,1359.0438,2065.8374,1328.4324,2062.0996,1291.8815,2023.2119,1248.6608,1995.4222,1204.2971,1969.7837,1149.2821,1954.1934,1083.9491,1950.345,1019.05566,1947.3544,961.7376,1955.5767,915.142,1977.0607,875.36237,2002.5968,843.64636,2031.5044,1328.4324,2062.0996,1296.7837,2104.8599,1265.9672,2133.2065,1224.2134,2157.153,1168.3593,2172.8108,1098.3905,2173.7961,1024.854,2159.8867,966.89343,2138.6724,919.00116,2109.014,883.80084,2077.9778,843.64636,2031.5044,809.01294,2032.7687,827.4633,2100.091,862.83563,2166.4983,919.9091,2239.6057,1001.10925,2291.0833,1098.3992,2311.3037,1199.8502,2302.8333,1280.0756,2263.3325,1330.8892,2197.7317,1356.0366,2129.9526,1359.0438,2065.8374
751,751,12516,809.29535,2032.7778,822.5236,1981.8551,857.5024,1936.0544,912.5506,1890.7917,998.603,1855.1444,1082.9982,1874.018,1167.2001,1861.8433,1251.0875,1906.564,1307.1207,1956.2666,1342.6865,2007.8964,1358.0054,2066.0896,1327.2004,2062.4365,1290.823,2023.22,1247.6774,1995.0295,1203.605,1969.1428,1148.8029,1953.3152,1083.6072,1949.2959,1018.83765,1946.2461,961.66077,1954.5334,915.1555,1976.1683,875.4626,2002.1594,844.0993,2031.5531,1327.2004,2062.4365,1295.8909,2106.027,1265.7493,2135.254,1224.2135,2160.1707,1168.4252,2176.5115,1098.4415,2177.7063,1024.8601,2163.4214,966.92224,2141.4075,919.1638,2110.6643,884.11755,2078.69,844.0993,2031.5531,809.29535,2032.7778,827.4598,2100.4932,862.3548,2168.0007,918.8875,2242.74,1000.3534,2295.4695,1098.398,2316.094,1200.0563,2307.2556,1280.3356,2266.562,1330.9554,2199.5461,1355.8329,2130.7708,1358.0054,2066.0896
752,752,12533,809.59863,2032.8385,822.6421,1981.5708,857.51886,1935.3344,912.4923,1889.8461,998.5005,1853.9779,1082.9556,1872.7473,1167.1792,1860.7572,1250.8099,1905.7262,1306.4391,1955.9392,1341.5631,2007.8679,1356.387,2065.9512,1325.4731,2062.3633,1289.4387,2023.157,1246.518,1994.1993,1202.8622,1968.0966,1148.3915,1952.1339,1083.419,1948.0946,1018.74786,1945.1072,961.6486,1953.5825,915.2098,1975.4006,875.57855,2001.8029,844.5053,2031.6655,1325.4731,2062.3633,1294.4272,2106.6777,1265.1246,2136.7236,1224.126,2162.6323,1168.4197,2179.832,1098.4548,2181.5034,1024.8649,2167.1406,966.96545,2144.5361,919.34735,2112.8318,884.44415,2079.8625,844.5053,2031.6655,809.59863,2032.8385,827.46136,2101.199,862.00824,2169.8416,918.0802,2245.962,999.64886,2299.584,1098.381,2320.2441,1200.0728,2310.7205,1280.275,2268.702,1330.9056,2200.4226,1355.0381,2130.9358,1356.387,2065.9512
753,753,12550,809.90625,2033.1862,822.7473,1981.4585,857.5322,1934.7787,912.4276,1888.869,998.3717,1852.5703,1082.8237,1871.1837,1167.055,1859.4955,1250.1027,1904.9557,1304.9266,1955.7673,1339.1476,2007.8765,1352.8376,2066.3376,1321.8208,2062.8176,1286.6486,2023.1495,1244.2798,1993.7144,1201.4529,1967.3154,1147.6093,1951.1,1083.0203,1946.9545,1018.57996,1944.1069,961.63043,1952.8628,915.27875,1974.9337,875.70184,2001.6737,844.9246,2032.0992,1321.8208,2062.8176,1291.0939,2108.3286,1262.904,2139.0999,1223.0664,2165.4614,1168.0482,2182.8054,1098.2341,2184.4968,1024.7758,2170.3594,966.9669,2147.8018,919.45654,2115.6787,884.7119,2081.7878,844.9246,2032.0992,809.90625,2033.1862,827.4548,2102.5715,861.47565,2172.1582,916.946,2248.6843,998.3389,2302.0884,1097.862,2322.4888,1199.9722,2312.7446,1280.0023,2270.4265,1329.7429,2201.8013,1352.4312,2131.8992,1352.8376,2066.3376
754,754,12566,810.2184,2034.0284,822.8289,1981.455,857.5403,1934.4102,912.3779,1887.9154,998.3391,1850.9038,1082.8141,1869.1744,1167.053,1857.6254,1249.9568,1903.6034,1304.4037,1955.2904,1338.0438,2007.8517,1350.7656,2066.567,1319.4816,2063.0593,1284.8617,2023.1438,1242.9662,1993.1406,1200.7332,1966.446,1147.2688,1950.063,1082.8971,1945.9181,1018.5449,1943.3271,961.63586,1952.436,915.46704,1974.7771,875.95026,2001.6719,845.42566,2032.9489,1319.4816,2063.0593,1288.6448,2109.102,1261.0781,2140.1077,1222.1038,2166.5576,1167.7053,2183.8716,1098.0802,2185.5867,1024.7455,2171.8838,966.99677,2149.7607,919.6919,2117.8086,885.14087,2083.6362,845.42566,2032.9489,810.2184,2034.0284,827.4536,2104.3843,861.09894,2174.5242,916.1567,2251.0479,997.42786,2304.051,1097.4858,2324.055,1199.8969,2314.1006,1279.767,2271.6196,1328.8706,2202.7822,1350.7461,2132.552,1350.7656,2066.567
755,755,12583,810.2595,2034.6128,822.8249,1981.452,857.4663,1934.2009,912.06726,1887.4508,998.0164,1850.1359,1082.5565,1868.2267,1166.8683,1856.812,1249.3422,1903.039,1303.2915,1955.1489,1336.3584,2007.8823,1348.3486,2067.0532,1317.0393,2063.618,1282.907,2023.1559,1241.3315,1992.8474,1199.5734,1965.9629,1146.4886,1949.4648,1082.3828,1945.2955,1018.18005,1942.8291,961.47296,1952.1313,915.46515,1974.6373,875.95184,2001.668,845.5013,2033.6394,1317.0393,2063.618,1286.2527,2110.7341,1259.2244,2142.485,1220.9457,2169.6392,1167.1179,2187.3838,1097.6532,2189.1768,1024.4677,2175.3323,966.9275,2152.8198,919.69434,2120.2822,885.184,2085.4583,845.5013,2033.6394,810.2595,2034.6128,827.34753,2105.7412,860.35583,2176.3567,914.88885,2253.3706,996.0116,2306.855,1096.7308,2327.0852,1199.5679,2316.9763,1279.2172,2273.9363,1327.6041,2204.4333,1348.6741,2133.6501,1348.3486,2067.0532
756,756,12600,810.2517,2035.1171,822.7533,1981.4458,857.26056,1934.0089,911.59485,1887.1194,997.51825,1849.7518,1082.1705,1867.7758,1166.6204,1856.4327,1248.7172,1902.7201,1302.2996,1955.071,1335.0055,2007.9338,1346.624,2067.5173,1315.3643,2064.1335,1281.5083,2023.1609,1240.0857,1992.5487,1198.5707,1965.5085,1145.6926,1948.9382,1081.7345,1944.742,1017.6385,1942.3263,961.13434,1951.7385,915.3769,1974.4054,875.9045,2001.6451,845.4921,2034.2086,1315.3643,2064.1335,1284.5154,2112.2856,1257.6793,2144.6804,1219.7712,2172.4014,1166.3193,2190.5354,1096.8877,2192.4934,1023.82196,2178.5376,966.594,2155.682,919.6065,2122.5457,885.1742,2087.064,845.4921,2034.2086,810.2517,2035.1171,827.0356,2106.8743,859.21075,2177.9172,913.2233,2255.2947,994.26886,2308.9558,1095.6696,2329.2498,1199.0155,2319.0051,1278.5093,2275.6543,1326.388,2205.795,1347.0148,2134.6328,1346.624,2067.5173
757,757,12616,810.2472,2035.4436,822.73175,1981.4484,857.1785,1933.9819,911.3304,1887.1072,997.1853,1849.7797,1081.86,1867.8029,1166.3712,1856.4493,1248.1174,1902.7098,1301.4087,1955.0693,1333.9551,2008.093,1345.5671,2067.8918,1314.34,2064.569,1280.4321,2023.2582,1239.0782,1992.5278,1197.7013,1965.5223,1144.9835,1949.0122,1081.1864,1944.8339,1017.22375,1942.4061,960.89594,1951.7722,915.32184,1974.4006,875.88086,2001.6444,845.4869,2034.606,1314.34,2064.569,1283.3419,2113.0645,1256.5725,2145.5764,1218.8716,2173.464,1165.6538,2191.8076,1096.2496,2193.9485,1023.3255,2179.9346,966.3472,2156.9373,919.5472,2123.5789,885.17035,2087.8806,845.4869,2034.606,810.2472,2035.4436,826.8102,2107.5247,858.40924,2178.8381,912.0842,2256.5012,993.02783,2310.352,1094.812,2330.646,1198.5115,2320.2588,1277.8921,2276.6155,1325.4336,2206.516,1345.8464,2135.2112,1345.5671,2067.8918
758,758,12633,810.2401,2035.6497,822.7003,1981.4381,857.07526,1933.8846,911.0347,1887.0269,996.7965,1849.7672,1081.5537,1867.8107,1166.1582,1856.451,1247.7043,1902.6791,1300.9265,1955.0626,1333.5728,2008.1969,1345.4686,2068.201,1314.2502,2064.9026,1280.1088,2023.2845,1238.6746,1992.4004,1197.2186,1965.3652,1144.4803,1948.8622,1080.7073,1944.6815,1016.7872,1942.202,960.58887,1951.5417,915.20703,1974.216,875.82886,2001.6053,845.47565,2034.849,1314.2502,2064.9026,1283.1005,2113.6921,1256.268,2146.339,1218.5487,2174.4917,1165.3378,2193.1814,1095.7975,2195.595,1022.78687,2181.3994,965.9676,2158.085,919.3948,2124.368,885.1328,2088.4424,845.47565,2034.849,810.2401,2035.6497,826.4723,2107.9673,857.39557,2179.653,910.7942,2257.843,991.8831,2312.0256,1094.2202,2332.4006,1198.3317,2321.8457,1277.7677,2277.7983,1325.2114,2207.2761,1345.6199,2135.7134,1345.4686,2068.201
759,759,12650,810.18976,2035.7504,822.5755,1981.4337,856.8671,1933.8488,910.6405,1887.0186,996.3931,1849.7944,1081.2019,1867.8564,1165.8676,1856.4819,1247.2269,1902.6852,1300.3302,1955.1162,1332.9541,2008.507,1344.8859,2068.7085,1313.6633,2065.4028,1279.4427,2023.5402,1238.0178,1992.4226,1196.6123,1965.4067,1143.9235,1948.9769,1080.1847,1944.8231,1016.3,1942.3313,960.23615,1951.6176,915.05457,1974.2329,875.71606,2001.6033,845.4603,2034.9781,1313.6633,2065.4028,1282.3032,2114.0066,1255.4778,2146.32,1217.8405,2174.0244,1164.7463,2192.309,1095.2438,2194.4973,1022.3223,2180.3882,965.6581,2157.3494,919.2546,2124.0098,885.07245,2088.3723,845.4603,2034.9781,810.18976,2035.7504,826.07056,2108.0945,856.59503,2179.697,909.9113,2257.61,990.98883,2311.5488,1093.5293,2331.8777,1197.8379,2321.5393,1277.2375,2277.8826,1324.5707,2207.6936,1344.9315,2136.2642,1344.8859,2068.7085
760,760,12666,810.0059,2036.3698,822.35657,1981.5425,856.6392,1933.8517,910.3614,1886.984,996.2473,1849.6046,1081.1102,1867.6027,1165.8119,1856.199,1247.1031,1902.4858,1300.1198,1955.0674,1332.5845,2008.5203,1344.3037,2068.7295,1312.9954,2065.4583,1278.8475,2023.5778,1237.589,1992.4025,1196.2903,1965.4136,1143.6702,1949.0248,1079.9796,1944.898,1016.1028,1942.4318,960.0747,1951.6903,914.9611,1974.2677,875.57007,2001.7671,845.342,2035.6345,1312.9954,2065.4583,1281.3679,2113.837,1254.4368,2145.8984,1216.8555,2173.4094,1163.9045,2191.687,1094.4485,2194.0232,1021.7349,2180.2737,965.2552,2157.5981,919.00684,2124.5703,884.90717,2089.085,845.342,2035.6345,810.0059,2036.3698,825.5153,2108.8972,855.7409,2180.4944,909.04755,2258.1824,990.07623,2311.7605,1092.6609,2331.7048,1197.0701,2321.1067,1276.3162,2277.314,1323.5442,2207.2954,1343.999,2136.1284,1344.3037,2068.7295
761,761,12683,809.4372,2037.1119,821.7258,1981.6976,856.0108,1933.8558,909.69293,1886.9744,995.74286,1849.5327,1080.7126,1867.4757,1165.5237,1856.0679,1246.7593,1902.3746,1299.7538,1955.043,1332.2145,2008.5503,1344.0133,2068.8245,1312.7056,2065.569,1278.4078,2023.6038,1237.1494,1992.351,1195.7964,1965.3688,1143.1364,1948.99,1079.4365,1944.8733,1015.5498,1942.4636,959.5523,1951.7502,914.5022,1974.2869,875.042,2001.9058,844.848,2036.3734,1312.7056,2065.569,1281.0233,2113.767,1254.032,2145.6714,1216.3762,2173.1313,1163.3379,2191.5095,1093.6825,2194.018,1020.84216,2180.407,964.35986,2157.901,918.2241,2125.0632,884.2338,2089.7417,844.848,2036.3734,809.4372,2037.1119,824.4328,2109.559,854.4359,2180.9077,907.92096,2258.2139,989.0984,2311.4238,1091.8505,2331.162,1196.4487,2320.4746,1275.7314,2276.7278,1323.0111,2206.9346,1343.5574,2136.0361,1344.0133,2068.8245
762,762,12700,808.9818,2037.2001,821.2159,1981.6892,855.47815,1933.7522,909.0992,1886.804,995.2047,1849.3379,1080.2357,1867.2505,1165.1377,1855.9098,1246.2755,1902.2705,1299.2546,1955.0278,1331.7493,2008.6091,1343.6403,2069.0127,1312.2838,2065.7175,1277.8727,2023.618,1236.6233,1992.228,1195.242,1965.1632,1142.5546,1948.6934,1078.8306,1944.5231,1014.9087,1942.134,958.95966,1951.5159,914.03,1974.1637,874.5839,2001.8804,844.4775,2036.4464,1312.2838,2065.7175,1280.6003,2113.6316,1253.5977,2145.2864,1215.8984,2172.4553,1162.802,2190.558,1093.036,2192.8794,1020.0749,2179.2559,963.60754,2156.93,917.5926,2124.4128,883.718,2089.4387,844.4775,2036.4464,808.9818,2037.2001,823.5257,2109.415,853.30756,2180.3867,906.8967,2257.2378,988.1768,2310.1396,1091.0697,2329.865,1195.78,2319.4265,1275.1663,2276.1099,1322.5636,2206.691,1343.1671,2136.0483,1343.6403,2069.0127
763,763,12716,808.70996,2037.2673,820.9098,1981.677,855.178,1933.6573,908.7794,1886.694,994.90027,1849.2865,1079.9485,1867.2158,1164.903,1855.888,1245.9834,1902.2415,1298.9926,1955.0228,1331.5524,2008.6683,1343.5529,2069.1506,1312.2012,2065.8186,1277.7472,2023.627,1236.471,1992.1179,1195.0265,1964.9938,1142.2899,1948.4724,1078.5132,1944.2787,1014.56885,1941.8715,958.6281,1951.287,913.7485,1974.0203,874.28595,2001.8418,844.2417,2036.4938,1312.2012,2065.8186,1280.5056,2113.5396,1253.4635,2145.008,1215.6892,2171.9087,1162.5302,2189.7444,1092.7241,2191.892,1019.7253,2178.2842,963.2327,2156.1306,917.22754,2123.8945,883.37933,2089.1858,844.2417,2036.4938,808.70996,2037.2673,822.99506,2109.2998,852.75916,2179.9648,906.5526,2256.3706,987.89197,2308.9204,1090.779,2328.5972,1195.4908,2318.398,1274.9248,2275.53,1322.4064,2206.503,1343.0623,2136.0676,1343.5529,2069.1506
764,764,12733,808.68115,2037.3745,820.873,1981.6765,855.14386,1933.6061,908.7444,1886.5992,994.8801,1849.1843,1079.9298,1867.1128,1164.8881,1855.7996,1245.9774,1902.167,1299.0342,1954.9962,1331.6643,2008.6738,1343.7859,2069.1355,1312.4553,2065.7944,1277.8923,2023.626,1236.5829,1992.0156,1195.0616,1964.886,1142.279,1948.3552,1078.4862,1944.1527,1014.54236,1941.7642,958.6046,1951.2131,913.72705,1973.9811,874.25793,2001.8358,844.22504,2036.5734,1312.4553,2065.7944,1280.6648,2113.2168,1253.555,2144.4268,1215.7167,2171.0784,1162.5247,2188.7622,1092.6957,2190.8665,1019.6804,2177.327,963.1671,2155.34,917.1549,2123.371,883.32227,2088.9363,844.22504,2036.5734,808.68115,2037.3745,822.877,2109.196,852.6563,2179.583,906.5738,2255.65,987.9205,2307.9526,1090.7533,2327.5325,1195.4626,2317.4153,1274.9122,2274.7693,1322.4197,2206.0432,1343.1536,2135.8643,1343.7859,2069.1355
765,765,12750,808.6035,2037.3644,820.8265,1981.6207,855.121,1933.477,908.72815,1886.4772,994.87573,1849.1284,1079.9293,1867.1047,1164.8984,1855.7904,1246.021,1902.1543,1299.1469,1954.9901,1331.8782,2008.7096,1344.0778,2069.1643,1312.691,2065.801,1278.108,2023.6388,1236.7133,1991.9817,1195.1241,1964.8562,1142.3008,1948.3254,1078.4878,1944.1011,1014.53986,1941.6808,958.5936,1951.101,913.70886,1973.8765,874.22375,2001.7683,844.16656,2036.5581,1312.691,2065.801,1280.9899,2112.9104,1253.8534,2143.868,1215.9034,2170.2505,1162.5996,2187.7385,1092.7286,2189.7727,1019.6877,2176.2983,963.1642,2154.4956,917.1231,2122.8013,883.2634,2088.643,844.16656,2036.5581,808.6035,2037.3644,822.76447,2109.0198,852.628,2179.1277,906.66797,2254.8428,988.00287,2306.888,1090.7692,2326.4,1195.4817,2316.4033,1275.0164,2274.0676,1322.7968,2205.6685,1343.6007,2135.7144,1344.0778,2069.1643
766,766,12766,808.6127,2037.3585,820.8651,1981.604,855.18036,1933.4022,908.8003,1886.3759,995.0218,1849.0323,1080.1271,1867.0544,1165.1356,1855.7129,1246.406,1902.079,1299.7067,1954.9575,1332.5785,2008.7117,1344.88,2069.1294,1313.4357,2065.7554,1278.7046,2023.6423,1237.2399,1991.963,1195.5222,1964.8567,1142.5992,1948.3447,1078.7058,1944.1213,1014.7176,1941.6978,958.73114,1951.1039,913.81665,1973.8685,874.29834,2001.7532,844.17224,2036.5446,1313.4357,2065.7554,1281.7385,2112.7349,1254.5168,2143.6606,1216.3798,2170.051,1162.8804,2187.5667,1092.9421,2189.6367,1019.8204,2176.2136,963.22736,2154.4412,917.1532,2122.727,883.2804,2088.5708,844.17224,2036.5446,808.6127,2037.3585,822.7741,2108.92,852.64044,2178.917,906.7326,2254.5,988.1586,2306.4453,1090.9901,2325.9128,1195.6334,2315.9075,1275.2795,2273.6287,1323.4047,2205.364,1344.3865,2135.5427,1344.88,2069.1294
767,767,12783,808.6844,2037.1978,821.0264,1981.378,855.4159,1933.1077,909.0989,1886.1141,995.4422,1848.829,1080.544,1866.8982,1165.5271,1855.5645,1246.9666,1901.913,1300.5035,1954.7983,1333.5894,2008.6249,1346.1244,2069.0195,1314.5713,2065.6008,1279.5936,2023.5404,1238.0892,1991.7812,1196.194,1964.7269,1143.1453,1948.2244,1079.1637,1943.9805,1015.1392,1941.5378,959.0964,1950.921,914.0983,1973.6619,874.5255,2001.506,844.25134,2036.3368,1314.5713,2065.6008,1282.6761,2112.1978,1255.2759,2142.7522,1216.891,2168.733,1163.1799,2185.995,1093.1765,2187.9946,1020.0002,2174.617,963.33887,2153.0298,917.22003,2121.6785,883.3472,2087.8716,844.25134,2036.3368,808.6844,2037.1978,822.8429,2108.4888,852.7595,2178.2705,906.99036,2253.5813,988.4978,2305.2866,1091.2917,2324.662,1195.7808,2314.7612,1275.49,2272.739,1323.9714,2204.8015,1345.2917,2135.2424,1346.1244,2069.0195
768,768,12800,808.6815,2037.1276,821.02484,1981.1455,855.4166,1932.6821,909.10376,1885.5792,995.47577,1848.2412,1080.596,1866.3961,1165.6049,1854.9878,1247.1544,1901.3849,1300.8462,1954.3602,1334.1522,2008.3918,1346.9462,2068.861,1315.4182,2065.402,1280.1332,2023.2997,1238.419,1991.3724,1196.3759,1964.3688,1143.2351,1947.8896,1079.2148,1943.6531,1015.17896,1941.2261,959.1254,1950.6072,914.11285,1973.3718,874.5311,2001.2556,844.2437,2036.2374,1315.4182,2065.402,1283.2998,2112.051,1255.7485,2142.704,1217.1886,2168.4478,1163.3082,2185.4932,1093.214,2187.3882,1020.00696,2174.0483,963.3417,2152.6,917.2158,2121.457,883.34314,2087.835,844.2437,2036.2374,808.6815,2037.1276,822.8257,2108.441,852.7775,2177.9966,907.07324,2253.07,988.55536,2304.6365,1091.3368,2323.9812,1195.8717,2314.148,1275.6936,2272.3345,1324.4246,2204.6765,1345.9397,2135.126,1346.9462,2068.861
769,769,12816,808.7723,2036.6989,821.1389,1980.6571,855.5285,1932.1843,909.19037,1885.1799,995.5971,1847.923,1080.7281,1866.1963,1165.7418,1854.7654,1247.4255,1901.1697,1301.2299,1954.1245,1334.701,2008.2179,1347.7346,2068.6562,1316.2313,2065.1414,1280.6493,2023.1499,1238.7906,1991.2328,1196.617,1964.3278,1143.397,1947.8875,1079.3499,1943.6533,1015.3342,1941.1968,959.2956,1950.4897,914.2837,1973.1166,874.69904,2000.8342,844.31085,2035.7609,1316.2313,2065.1414,1283.9012,2111.7222,1256.2351,2142.4492,1217.5293,2168.3596,1163.4738,2185.147,1093.2657,2186.931,1020.0131,2173.6707,963.3453,2152.4731,917.2224,2121.1606,883.37213,2087.306,844.31085,2035.7609,808.7723,2036.6989,822.84375,2108.049,852.80536,2177.9272,907.1408,2252.738,988.5989,2304.141,1091.3937,2323.4568,1195.9617,2313.6733,1275.8782,2272.0645,1324.8118,2204.6042,1346.5144,2134.9143,1347.7346,2068.6562
770,770,12833,808.91595,2036.4528,821.3071,1980.3248,855.6899,1931.7854,909.32904,1884.8123,995.7577,1847.6129,1080.879,1865.9877,1165.9146,1854.5681,1247.7732,1901.0345,1301.745,1954.0239,1335.4513,2008.1838,1348.8195,2068.641,1317.4536,2065.1035,1281.4961,2023.1074,1239.4231,1991.1653,1197.0104,1964.3049,1143.6298,1947.8806,1079.5154,1943.6313,1015.5322,1941.143,959.4993,1950.3552,914.4638,1972.8829,874.8772,2000.5107,844.39374,2035.4716,1317.4536,2065.1035,1285.0732,2111.635,1257.2804,2142.3376,1218.3131,2168.2788,1163.9147,2184.896,1093.4691,2186.5913,1020.09204,2173.4133,963.37085,2152.4258,917.24414,2120.8713,883.4105,2086.9058,844.39374,2035.4716,808.91595,2036.4528,822.9155,2107.7244,852.8523,2177.7769,907.1963,2252.5461,988.7356,2303.7915,1091.622,2323.0657,1196.2245,2313.3367,1276.31,2271.89,1325.5328,2204.5671,1347.4429,2134.8782,1348.8195,2068.641
771,771,12850,809.23865,2036.2806,821.5372,1980.0483,855.8342,1931.3706,909.41705,1884.3174,995.85706,1847.0529,1080.9641,1865.4923,1166.0088,1854.068,1248.0253,1900.642,1302.1233,1953.7102,1335.9441,2008.0042,1349.435,2068.4607,1318.1255,2064.8586,1281.9296,2022.957,1239.8003,1991.0002,1197.246,1964.2197,1143.7607,1947.8237,1079.6177,1943.561,1015.6916,1941.0597,959.69476,1950.2188,914.6896,1972.6831,875.1859,2000.248,844.629,2035.234,1318.1255,2064.8586,1285.7256,2110.9402,1257.8364,2141.3306,1218.7021,2167.2495,1164.0903,2184.1765,1093.5082,2186.1665,1020.10077,2172.936,963.3739,2151.7795,917.2647,2120.1724,883.4916,2086.311,844.629,2035.234,809.23865,2036.2806,823.0388,2107.3455,852.8844,2177.4004,907.2291,2252.3372,988.76196,2303.6768,1091.6829,2322.8997,1196.314,2312.9927,1276.5032,2271.2043,1325.9181,2203.7898,1347.9535,2134.3757,1349.435,2068.4607
772,772,12866,809.2768,2036.1024,821.63727,1979.8949,855.9759,1931.2681,909.5619,1884.2834,995.98083,1847.0553,1081.0804,1865.4971,1166.1302,1854.0621,1248.2136,1900.587,1302.4287,1953.5724,1336.4508,2007.8336,1350.2456,2068.19,1319.1483,2064.59,1282.7963,2022.7803,1240.4312,1990.8634,1197.619,1964.1953,1143.9718,1947.8341,1079.7507,1943.5762,1015.8008,1941.0715,959.7711,1950.1993,914.72644,1972.5881,875.1986,2000.0574,844.627,2035.0444,1319.1483,2064.59,1286.6576,2110.8105,1258.5596,2141.2732,1219.1494,2167.043,1164.2996,2183.8699,1093.5945,2185.8162,1020.1265,2172.591,963.3776,2151.4895,917.26166,2120.0398,883.4874,2086.227,844.627,2035.0444,809.2768,2036.1024,823.0744,2107.1792,852.9376,2177.3376,907.3159,2252.2405,988.8829,2303.5374,1091.8048,2322.7651,1196.4064,2312.9067,1276.668,2271.1326,1326.2986,2203.6277,1348.5706,2134.144,1350.2456,2068.19
773,773,12883,809.3531,2035.9763,821.71265,1979.7789,856.01825,1931.1428,909.5753,1884.1697,995.9844,1846.9568,1081.0817,1865.4082,1166.1318,1853.9615,1248.2393,1900.4692,1302.4966,1953.4403,1336.5981,2007.7284,1350.5287,2068.0334,1319.5411,2064.4136,1283.0931,2022.65,1240.6222,1990.7192,1197.6967,1964.1237,1143.9929,1947.7977,1079.7561,1943.5374,1015.80774,1941.0242,959.7795,1950.1138,914.73773,1972.4629,875.218,1999.8918,844.64233,2034.894,1319.5411,2064.4136,1287.0365,2110.5342,1258.8518,2140.8674,1219.3112,2166.5276,1164.361,2183.3403,1093.6316,2185.3052,1020.1465,2172.0715,963.38336,2150.9905,917.2648,2119.644,883.4927,2085.9336,844.64233,2034.894,809.3531,2035.9763,823.18835,2106.874,853.0891,2176.8408,907.47974,2251.5854,989.0055,2302.781,1091.8568,2321.9873,1196.4111,2312.1892,1276.6831,2270.5786,1326.3972,2203.2322,1348.7664,2133.882,1350.5287,2068.0334
774,774,12900,809.3399,2035.9028,821.69464,1979.6565,855.9837,1930.963,909.52203,1883.9749,995.9277,1846.7887,1081.0197,1865.25,1166.0944,1853.8025,1248.2426,1900.3153,1302.5187,1953.3115,1336.671,2007.6688,1350.6757,2067.9941,1319.7408,2064.351,1283.2423,2022.5654,1240.7073,1990.5759,1197.7091,1964.0103,1143.9993,1947.6979,1079.7246,1943.4215,1015.7691,1940.897,959.7327,1949.9553,914.68634,1972.2928,875.1747,1999.7244,844.5894,2034.7946,1319.7408,2064.351,1287.225,2110.416,1258.9664,2140.6558,1219.3408,2166.2212,1164.3613,2183.0132,1093.6044,2184.988,1020.09015,2171.758,963.27,2150.696,917.1351,2119.4028,883.3857,2085.7388,844.5894,2034.7946,809.3399,2035.9028,823.17944,2106.6926,853.1114,2176.544,907.5393,2251.144,989.05884,2302.1938,1091.8562,2321.354,1196.3606,2311.6143,1276.6697,2270.1528,1326.414,2202.992,1348.8489,2133.7798,1350.6757,2067.9941
775,775,12916,808.8587,2035.8206,821.30023,1979.5671,855.64197,1930.8788,909.23785,1883.9159,995.7403,1846.7524,1080.8938,1865.2179,1166.0383,1853.7607,1248.2457,1900.2571,1302.5566,1953.237,1336.796,2007.6116,1350.9382,2067.9312,1320.0747,2064.2778,1283.471,2022.4901,1240.8162,1990.4786,1197.719,1963.9565,1143.9873,1947.6659,1079.6227,1943.3872,1015.58453,1940.8541,959.44305,1949.886,914.28766,1972.1913,874.6785,1999.5964,843.9625,2034.702,1320.0747,2064.2778,1287.5006,2110.3853,1259.1495,2140.6052,1219.3964,2166.1345,1164.3628,2182.8865,1093.5573,2184.843,1019.9282,2171.6394,962.9241,2150.6296,916.62604,2119.3423,882.7883,2085.6438,843.9625,2034.702,808.8587,2035.8206,822.84033,2106.5479,852.9533,2176.3396,907.5234,2250.9175,989.07245,2301.975,1091.8357,2321.1648,1196.3162,2311.4514,1276.6665,2270.016,1326.4609,2202.8882,1349.0039,2133.706,1350.9382,2067.9312
776,776,12933,808.5687,2035.811,821.0369,1979.5559,855.38184,1930.8529,908.9819,1883.8895,995.5094,1846.7341,1080.6671,1865.2007,1165.8743,1853.7399,1248.2229,1900.2347,1302.5676,1953.2185,1336.8505,2007.6077,1351.1044,2067.8997,1320.2881,2064.2522,1283.5911,2022.4761,1240.8596,1990.4448,1197.7391,1963.9377,1143.9353,1947.6544,1079.4597,1943.3687,1015.3823,1940.8335,959.19763,1949.8556,913.98315,1972.1562,874.34045,1999.5641,843.5546,2034.6934,1320.2881,2064.2522,1287.7156,2110.2986,1259.2931,2140.488,1219.4343,2165.9753,1164.3578,2182.6868,1093.463,2184.6155,1019.70605,2171.4138,962.5612,2150.423,916.1782,2119.2039,882.3282,2085.566,843.5546,2034.6934,808.5687,2035.811,822.6096,2106.5176,852.82745,2176.3015,907.4962,2250.8184,989.0618,2301.8179,1091.7826,2320.9944,1196.2452,2311.2776,1276.6515,2269.88,1326.4824,2202.835,1349.0994,2133.6582,1351.1044,2067.8997
777,777,12950,808.4347,2035.8163,820.98956,1979.5763,855.36804,1930.894,908.9726,1883.9768,995.4871,1846.8707,1080.6317,1865.312,1165.8372,1853.8174,1248.2018,1900.2432,1302.579,1953.2135,1336.8643,2007.5823,1351.1528,2067.8254,1320.3807,2064.1836,1283.6936,2022.4221,1240.9161,1990.3956,1197.7479,1963.9291,1143.937,1947.6588,1079.4342,1943.3782,1015.341,1940.8473,959.1347,1949.8661,913.8809,1972.1617,874.1631,1999.5625,843.3287,2034.6904,1320.3807,2064.1836,1287.8046,2110.2378,1259.3403,2140.3457,1219.441,2165.7698,1164.3506,2182.4583,1093.4279,2184.3752,1019.6549,2171.1519,962.4601,2150.1409,916.01355,2118.9824,882.12225,2085.434,843.3287,2034.6904,808.4347,2035.8163,822.53864,2106.433,852.82684,2176.1301,907.53253,2250.668,989.09485,2301.7722,1091.7756,2320.8853,1196.1871,2311.1458,1276.6036,2269.7742,1326.482,2202.7678,1349.1095,2133.5977,1351.1528,2067.8254
778,778,12966,808.1274,2035.9563,820.83356,1979.7047,855.3047,1931.0115,908.93536,1884.111,995.45984,1847.0344,1080.614,1865.4901,1165.833,1853.927,1248.2087,1900.2936,1302.6307,1953.2352,1337.0015,2007.6185,1351.3503,2067.822,1320.5715,2064.1726,1283.9432,2022.4402,1241.0709,1990.3938,1197.8098,1963.9417,1143.9445,1947.69,1079.4263,1943.4336,1015.3106,1940.902,959.07263,1949.9238,913.776,1972.234,873.93304,1999.6506,842.9974,2034.8037,1320.5715,2064.1726,1287.911,2110.1147,1259.3809,2140.1394,1219.449,2165.5208,1164.3348,2182.2258,1093.4109,2184.1582,1019.6396,2170.9246,962.412,2149.903,915.8933,2118.825,881.92004,2085.385,842.9974,2034.8037,808.1274,2035.9563,822.3618,2106.4736,852.7903,2176.0059,907.56274,2250.443,989.1228,2301.5615,1091.7747,2320.698,1196.141,2310.9304,1276.5752,2269.5452,1326.492,2202.6074,1349.2041,2133.5344,1351.3503,2067.822
779,779,12983,807.6316,2036.3915,820.5165,1980.1952,855.1061,1931.5272,908.7827,1884.6863,995.33075,1847.6296,1080.5004,1866.0509,1165.7544,1854.3783,1248.1948,1900.6311,1302.6425,1953.4719,1337.0211,2007.8354,1351.4082,2067.9111,1320.626,2064.236,1283.9985,2022.61,1241.093,1990.5547,1197.828,1964.1923,1143.9187,1948.0405,1079.3263,1943.8667,1015.1588,1941.3457,958.86224,1950.361,913.50116,1972.6622,873.54663,2000.049,842.4611,2035.1665,1320.626,2064.236,1287.9485,2109.9985,1259.389,2139.9502,1219.4469,2165.3276,1164.2496,2182.0754,1093.2725,2184.0247,1019.4613,2170.7546,962.1318,2149.6956,915.5032,2118.6729,881.4489,2085.3738,842.4611,2035.1665,807.6316,2036.3915,821.935,2106.6052,852.5185,2175.9045,907.4595,2250.2427,989.0656,2301.4006,1091.6624,2320.5945,1195.958,2310.7886,1276.4783,2269.3518,1326.493,2202.4482,1349.2302,2133.4905,1351.4082,2067.9111
780,780,13000,807.3162,2036.9722,820.2695,1980.6495,854.936,1931.8398,908.6759,1884.905,995.2662,1847.7726,1080.4349,1866.1866,1165.7052,1854.4448,1248.1931,1900.6746,1302.651,1953.5225,1337.0435,2007.9515,1351.423,2067.9985,1320.6385,2064.3052,1284.0118,2022.751,1241.1093,1990.665,1197.8447,1964.3586,1143.895,1948.2921,1079.2548,1944.1802,1015.05066,1941.6797,958.71765,1950.7041,913.3076,1973.0381,873.2963,2000.46,842.0968,2035.6462,1320.6385,2064.3052,1287.9655,2109.8928,1259.3674,2139.8228,1219.3143,2165.261,1163.9343,2182.047,1092.882,2183.9553,1019.0993,2170.6245,961.74805,2149.5156,915.1075,2118.5583,881.0569,2085.4204,842.0968,2035.6462,807.3162,2036.9722,821.4923,2106.9136,852.0776,2176.022,907.1296,2250.1797,988.79596,2301.1921,1091.3071,2320.37,1195.5638,2310.5808,1276.229,2269.1719,1326.4427,2202.3176,1349.2437,2133.4526,1351.423,2067.9985
781,781,13016,807.0471,2037.0122,820.13934,1980.8373,854.8725,1932.174,908.6464,1885.4335,995.2306,1848.5,1080.3632,1867.0656,1165.5974,1855.1522,1248.1052,1901.2144,1302.6045,1953.931,1337.0256,2008.3188,1351.4261,2068.158,1320.6274,2064.4487,1284.006,2023.169,1241.1285,1991.1794,1197.8289,1965.0735,1143.8256,1949.2147,1079.1611,1945.1914,1014.9368,1942.5149,958.58563,1951.2996,913.14685,1973.4315,873.1031,2000.6624,841.7873,2035.6782,1320.6274,2064.4487,1287.9335,2109.8079,1259.302,2139.7964,1219.171,2164.9507,1163.6906,2181.4927,1092.7014,2183.3408,1018.9643,2170.0276,961.5917,2149.0544,914.9135,2118.3452,880.8265,2085.3872,841.7873,2035.6782,807.0471,2037.0122,821.2183,2106.8708,851.8486,2175.9265,906.9886,2250.0615,988.6816,2301.0964,1091.1243,2320.2944,1195.2501,2310.449,1276.0023,2269.0261,1326.3674,2202.2302,1349.2249,2133.462,1351.4261,2068.158
782,782,13033,806.6112,2037.6416,819.90796,1981.5706,854.7488,1932.9453,908.5754,1886.2393,995.1957,1849.2896,1080.3494,1867.8378,1165.595,1855.8253,1248.1306,1901.7952,1302.6868,1954.4097,1337.1898,2008.7471,1351.7097,2068.4116,1320.8525,2064.714,1284.1681,2023.6581,1241.2546,1991.7352,1197.878,1965.7734,1143.8289,1950.038,1079.1459,1946.0721,1014.8872,1943.4286,958.48804,1952.2078,912.985,1974.2892,872.8318,2001.4275,841.3563,2036.2898,1320.8525,2064.714,1288.0537,2109.8008,1259.354,2139.6553,1219.1749,2164.7725,1163.6763,2181.3281,1092.6604,2183.1843,1018.91406,2169.8872,961.48474,2148.9473,914.7238,2118.3645,880.56256,2085.5977,841.3563,2036.2898,806.6112,2037.6416,820.91125,2107.3174,851.6843,2176.187,906.95056,2250.1284,988.6745,2300.9773,1091.0956,2320.1113,1195.203,2310.2874,1275.9869,2268.9182,1326.3882,2202.204,1349.347,2133.5637,1351.7097,2068.4116
783,783,13050,806.51184,2038.0433,819.8755,1982.0225,854.7406,1933.3641,908.574,1886.6019,995.1993,1849.5513,1080.3593,1868.0872,1165.6106,1855.9989,1248.1941,1901.9612,1302.7941,1954.5983,1337.3098,2009.0044,1351.8241,2068.6143,1320.9403,2064.887,1284.2528,2023.9646,1241.3584,1992.0457,1197.9471,1966.154,1143.8583,1950.4973,1079.1538,1946.5757,1014.88666,1943.9675,958.48566,1952.7544,912.9756,1974.8293,872.8036,2001.9036,841.2615,2036.6437,1320.9403,2064.887,1288.0999,2109.7373,1259.3724,2139.5808,1219.179,2164.6333,1163.6694,2181.0342,1092.659,2182.8608,1018.9151,2169.6907,961.4825,2148.908,914.7102,2118.2776,880.5302,2085.5864,841.2615,2036.6437,806.51184,2038.0433,820.8644,2107.4827,851.68005,2176.17,906.9641,2250.0208,988.6836,2300.895,1091.0964,2320.076,1195.1633,2310.251,1275.9567,2268.82,1326.3925,2202.1333,1349.3984,2133.6074,1351.8241,2068.6143
784,784,13066,806.5058,2038.7013,819.8749,1982.5632,854.74347,1933.7429,908.5835,1886.8464,995.2319,1849.6946,1080.4156,1868.2129,1165.7142,1856.1111,1248.4502,1902.1238,1303.1724,1954.8219,1337.7725,2009.3301,1352.3341,2068.9321,1321.3906,2065.1663,1284.6427,2024.2728,1241.7428,1992.2793,1198.2163,1966.3662,1143.9951,1950.6896,1079.213,1946.7579,1014.9281,1944.1929,958.5104,1953.0544,912.9858,1975.2319,872.8059,2002.408,841.256,2037.2362,1321.3906,2065.1663,1288.4736,2109.733,1259.6547,2139.4692,1219.333,2164.5232,1163.721,2180.9424,1092.6727,2182.7622,1018.92786,2169.5786,961.485,2148.8,914.7096,2118.2788,880.5281,2085.7808,841.256,2037.2362,806.5058,2038.7013,820.86444,2107.8599,851.6869,2176.3123,907.0052,2249.9998,988.7421,2300.7703,1091.1213,2319.9458,1195.1737,2310.1401,1275.9932,2268.7285,1326.5642,2202.0781,1349.7374,2133.69,1352.3341,2068.9321
785,785,13083,806.5052,2038.8796,819.8764,1982.7076,854.7465,1933.826,908.5907,1886.8857,995.2567,1849.7064,1080.4572,1868.2417,1165.79,1856.1273,1248.6812,1902.1686,1303.4877,1954.9015,1338.1351,2009.4644,1352.7625,2069.0361,1321.7799,2065.2424,1284.8973,2024.4404,1241.9977,1992.4521,1198.3732,1966.5742,1144.0637,1950.9163,1079.2471,1946.9673,1014.96216,1944.3967,958.53754,1953.2457,913.0007,1975.4177,872.8196,2002.579,841.2544,2037.3855,1321.7799,2065.2424,1288.6798,2109.6924,1259.7557,2139.3796,1219.3555,2164.3608,1163.7158,2180.861,1092.6218,2182.708,1018.87305,2169.5046,961.4223,2148.7205,914.6661,2118.2131,880.5121,2085.7534,841.2544,2037.3855,806.5052,2038.8796,820.84894,2107.914,851.6433,2176.3154,906.9656,2249.9985,988.7152,2300.7043,1091.0786,2319.8154,1195.148,2310.0144,1275.988,2268.6492,1326.6234,2202.0286,1349.9398,2133.6665,1352.7625,2069.0361
786,786,13100,806.5253,2039.106,819.93115,1982.9125,854.8403,1934.0122,908.7085,1887.0734,995.4059,1849.8955,1080.6338,1868.4316,1165.9989,1856.311,1248.9585,1902.3284,1303.8262,1955.0471,1338.5114,2009.6367,1353.1492,2069.1943,1322.16,2065.3772,1285.3414,2024.5582,1242.4465,1992.5228,1198.7385,1966.6436,1144.3213,1950.9865,1079.4323,1947.0353,1015.113,1944.4656,958.649,1953.3262,913.07416,1975.5247,872.8584,2002.7234,841.26953,2037.5929,1322.16,2065.3772,1289.0646,2109.7197,1260.1025,2139.303,1219.5989,2164.236,1163.8545,2180.746,1092.7179,2182.6135,1018.9487,2169.441,961.46387,2148.679,914.6856,2118.2524,880.5279,2085.8704,841.26953,2037.5929,806.5253,2039.106,820.8708,2108.0667,851.6883,2176.3833,907.06366,2249.986,988.84357,2300.617,1091.1875,2319.6965,1195.2256,2309.9065,1276.1006,2268.5798,1326.8733,2202.0176,1350.2892,2133.7417,1353.1492,2069.1943
787,787,13116,806.6903,2039.2373,820.14355,1983.0702,855.05756,1934.144,908.9028,1887.1675,995.6052,1849.9524,1080.8345,1868.4869,1166.1973,1856.3542,1249.1942,1902.3917,1304.057,1955.1375,1338.7358,2009.763,1353.3535,2069.2769,1322.3201,2065.439,1285.525,2024.6772,1242.6554,1992.6332,1198.9672,1966.7617,1144.5435,1951.107,1079.6403,1947.16,1015.3337,1944.5977,958.8983,1953.4761,913.361,1975.689,873.131,2002.8745,841.4663,2037.7013,1322.3201,2065.439,1289.1539,2109.6838,1260.1605,2139.2844,1219.6312,2164.057,1163.8785,2180.4062,1092.7877,2182.2112,1019.08563,2169.169,961.63153,2148.5688,914.8769,2118.2207,880.74817,2085.8506,841.4663,2037.7013,806.6903,2039.2373,821.05707,2108.0945,851.9013,2176.348,907.3048,2249.9607,989.0258,2300.429,1091.2709,2319.408,1195.2314,2309.696,1276.1038,2268.55,1326.9288,2201.9736,1350.4225,2133.7537,1353.3535,2069.2769
788,788,13133,806.7302,2039.5017,820.2115,1983.319,855.14954,1934.3531,909.0011,1887.3477,995.72266,1850.104,1080.9817,1868.6283,1166.3628,1856.4817,1249.4243,1902.5193,1304.359,1955.2758,1339.118,2009.9453,1353.7823,2069.4512,1322.7021,2065.579,1285.9524,2024.8109,1243.048,1992.7224,1199.2944,1966.8446,1144.7883,1951.1912,1079.8108,1947.2513,1015.46564,1944.6978,959.01764,1953.5964,913.46704,1975.8414,873.2074,2003.0574,841.5198,2037.9215,1322.7021,2065.579,1289.4761,2109.7092,1260.4109,2139.203,1219.7844,2163.963,1163.9703,2180.3694,1092.8942,2182.1682,1019.2024,2169.1313,961.7298,2148.4949,914.95013,2118.196,880.81134,2085.9275,841.5198,2037.9215,806.7302,2039.5017,821.12463,2108.2397,852.03,2176.3572,907.5093,2249.9155,989.2181,2300.3298,1091.3848,2319.2239,1195.2687,2309.5847,1276.1498,2268.4976,1327.1039,2201.9595,1350.7482,2133.8533,1353.7823,2069.4512
789,789,13150,806.77893,2039.4949,820.2834,1983.3152,855.2312,1934.35,909.0933,1887.3466,995.8406,1850.1052,1081.126,1868.6324,1166.5414,1856.4844,1249.6992,1902.5236,1304.7136,1955.2797,1339.5762,2009.9521,1354.3838,2069.448,1323.2532,2065.5757,1286.3666,2024.8195,1243.416,1992.7341,1199.5732,1966.8674,1144.9731,1951.22,1079.9443,1947.2761,1015.5819,1944.7126,959.12885,1953.6024,913.5659,1975.8422,873.30585,2003.0546,841.5736,2037.9105,1323.2532,2065.5757,1289.8499,2109.6077,1260.6605,2138.8835,1219.919,2163.4268,1164.0244,2179.773,1092.9229,2181.6255,1019.2334,2168.6746,961.7552,2148.1443,914.9781,2117.9976,880.8543,2085.8362,841.5736,2037.9105,806.77893,2039.4949,821.14874,2108.211,852.0449,2176.3096,907.53174,2249.826,989.25006,2300.1338,1091.4135,2318.9187,1195.2905,2309.2703,1276.214,2268.2415,1327.3291,2201.8257,1351.1581,2133.8208,1354.3838,2069.448
790,790,13166,806.85657,2039.4802,820.3669,1983.304,855.3057,1934.3429,909.15515,1887.347,995.87744,1850.1206,1081.1544,1868.6632,1166.573,1856.5249,1249.7435,1902.5562,1304.7839,1955.3038,1339.6796,2009.9863,1354.523,2069.4731,1323.3741,2065.5852,1286.5115,2024.826,1243.5621,1992.7332,1199.6874,1966.8651,1145.0494,1951.2153,1079.9851,1947.2676,1015.6212,1944.6909,959.1764,1953.568,913.62604,1975.8048,873.3883,2003.0234,841.66064,2037.8862,1323.3741,2065.5852,1289.9717,2109.5928,1260.757,2138.8025,1219.9675,2163.1748,1164.0411,2179.3542,1092.9364,2181.1143,1019.25006,2168.1987,961.7714,2147.7678,915.0011,2117.7832,880.8985,2085.7314,841.66064,2037.8862,806.85657,2039.4802,821.1922,2108.1455,852.0765,2176.148,907.56836,2249.469,989.2796,2299.5508,1091.4272,2318.28,1195.2921,2308.794,1276.229,2268.0464,1327.42,2201.8044,1351.3011,2133.8074,1354.523,2069.4731
791,791,13183,806.8807,2039.481,820.4092,1983.3055,855.37164,1934.3419,909.238,1887.3418,996.00757,1850.1006,1081.2869,1868.6443,1166.7213,1856.5011,1249.962,1902.5468,1305.0347,1955.3011,1339.929,2009.9877,1354.7325,2069.4705,1323.5608,2065.5798,1286.7059,2024.8268,1243.7958,1992.7327,1199.9075,1966.8661,1145.2263,1951.2166,1080.1228,1947.2686,1015.75116,1944.6926,959.2909,1953.5726,913.7225,1975.8113,873.4618,2003.0269,841.6885,2037.8838,1323.5608,2065.5798,1290.108,2109.4404,1260.8549,2138.402,1220.0189,2162.5261,1164.0585,2178.6038,1092.9446,2180.3948,1019.2631,2167.6106,961.77966,2147.3472,915.00977,2117.5745,880.9167,2085.6628,841.6885,2037.8838,806.8807,2039.481,821.20905,2108.1294,852.0941,2176.0513,907.6014,2249.1985,989.3193,2299.054,1091.446,2317.6333,1195.2966,2308.16,1276.2426,2267.5703,1327.4935,2201.5647,1351.4419,2133.7407,1354.7325,2069.4705
792,792,13200,806.91925,2039.474,820.479,1983.2946,855.49805,1934.3232,909.405,1887.3203,996.2252,1850.0769,1081.4998,1868.6212,1166.9165,1856.469,1250.1587,1902.5037,1305.2051,1955.2593,1340.0493,2009.9581,1354.7854,2069.4248,1323.5953,2065.517,1286.7775,2024.7954,1243.9287,1992.697,1200.0785,1966.8354,1145.4084,1951.1923,1080.3173,1947.2482,1015.9433,1944.6776,959.46814,1953.5609,913.8681,1975.8025,873.5644,2003.0166,841.7425,2037.8682,1323.5953,2065.517,1290.1254,2109.1682,1260.8638,2137.889,1220.0234,2161.7888,1164.0605,2177.76,1092.9513,2179.5505,1019.2867,2166.898,961.8065,2146.8008,915.0373,2117.2566,880.9544,2085.5103,841.7425,2037.8682,806.91925,2039.474,821.2399,2108.0613,852.13635,2175.852,907.6725,2248.7334,989.3797,2298.2615,1091.4623,2316.6624,1195.2947,2307.2256,1276.2365,2266.873,1327.4974,2201.181,1351.4618,2133.575,1354.7854,2069.4248
793,793,13216,806.9516,2039.4706,820.55597,1983.2872,855.6422,1934.3076,909.5926,1887.2992,996.413,1850.0552,1081.6628,1868.5935,1167.0511,1856.4493,1250.2518,1902.4874,1305.299,1955.2426,1340.1652,2009.9458,1354.9059,2069.411,1323.6989,2065.497,1286.9214,2024.7643,1244.0767,1992.6327,1200.231,1966.7537,1145.5575,1951.0929,1080.4498,1947.1483,1016.0702,1944.5918,959.60034,1953.4999,913.9877,1975.7653,873.6423,2002.9983,841.78613,2037.8655,1323.6989,2065.497,1290.1829,2109.133,1260.8893,2137.8125,1220.0312,2161.6187,1164.0657,2177.4812,1092.9713,2179.213,1019.346,2166.653,961.8843,2146.6787,915.10486,2117.225,881.0131,2085.5022,841.78613,2037.8655,806.9516,2039.4706,821.2785,2108.0493,852.2149,2175.8315,907.79565,2248.5464,989.46387,2297.7883,1091.4791,2316.0664,1195.2915,2306.7043,1276.2273,2266.6106,1327.504,2201.103,1351.5204,2133.548,1354.9059,2069.411
794,794,13233,806.95355,2039.3468,820.59155,1983.2146,855.7545,1934.2833,909.7695,1887.3011,996.5893,1850.11,1081.8458,1868.6666,1167.2501,1856.5098,1250.4065,1902.4937,1305.4437,1955.2339,1340.3091,2009.9155,1355.0507,2069.3328,1323.843,2065.4124,1287.1321,2024.7057,1244.3269,1992.5734,1200.4755,1966.717,1145.7697,1951.0759,1080.6229,1947.1389,1016.21045,1944.5723,959.6983,1953.4581,914.0385,1975.6973,873.65826,2002.9026,841.78796,2037.7407,1323.843,2065.4124,1290.2882,2109.006,1260.966,2137.646,1220.0781,2161.433,1164.0906,2177.3027,1092.993,2179.0366,1019.3738,2166.478,961.90094,2146.493,915.11053,2117.0527,881.015,2085.3457,841.78796,2037.7407,806.95355,2039.3468,821.2818,2107.9214,852.22345,2175.7004,907.82806,2248.375,989.5068,2297.5461,1091.5077,2315.7988,1195.301,2306.4607,1276.2382,2266.4167,1327.5509,2200.967,1351.6116,2133.4463,1355.0507,2069.3328
795,795,13250,807.19214,2039.3429,820.9882,1983.22,856.26483,1934.3136,910.29193,1887.3787,997.0664,1850.2317,1082.2476,1868.811,1167.579,1856.6794,1250.6538,1902.6514,1305.6614,1955.3524,1340.5308,2010.0089,1355.2878,2069.3818,1324.0792,2065.4436,1287.412,2024.7502,1244.6287,1992.6082,1200.7997,1966.7542,1146.1178,1951.107,1080.9937,1947.1644,1016.6217,1944.5867,960.1435,1953.4667,914.4597,1975.7,874.0056,2002.9005,842.0247,2037.7366,1324.0792,2065.4436,1290.4963,2108.9802,1261.1553,2137.6184,1220.2399,2161.3745,1164.234,2177.1877,1093.1769,2178.886,1019.6186,2166.344,962.1584,2146.3896,915.3524,2117.0059,881.25653,2085.3267,842.0247,2037.7366,807.19214,2039.3429,821.53265,2107.9143,852.5172,2175.6611,908.1696,2248.2314,989.7985,2297.2964,1091.6957,2315.5178,1195.3862,2306.2295,1276.3042,2266.307,1327.6713,2200.9521,1351.7902,2133.4375,1355.2878,2069.3818
796,796,13266,807.332,2039.4415,821.13684,1983.304,856.4437,1934.3948,910.5018,1887.4752,997.3351,1850.3451,1082.5718,1868.9077,1167.9152,1856.7788,1250.9784,1902.7258,1305.9893,1955.408,1340.8368,2010.0675,1355.5364,2069.434,1324.3152,2065.4807,1287.7532,2024.7808,1245.003,1992.6265,1201.1852,1966.7788,1146.4847,1951.1416,1081.3235,1947.2113,1016.88446,1944.6327,960.3728,1953.5133,914.6679,1975.7494,874.17303,2002.9536,842.175,2037.8093,1324.3152,2065.4807,1290.7513,2108.9863,1261.4244,2137.5828,1220.4956,2161.3264,1164.4713,2177.1504,1093.4559,2178.86,1019.8967,2166.312,962.4026,2146.3496,915.5488,2116.9885,881.4338,2085.3455,842.175,2037.8093,807.332,2039.4415,821.7086,2107.9712,852.7788,2175.6528,908.53424,2248.2014,990.17816,2297.275,1092.016,2315.4883,1195.5809,2306.217,1276.4742,2266.2712,1327.905,2200.948,1352.0565,2133.4795,1355.5364,2069.434
797,797,13283,807.4872,2039.6445,821.3306,1983.4801,856.671,1934.5652,910.75354,1887.6508,997.59296,1850.5247,1082.8191,1869.0637,1168.1605,1856.9631,1251.1982,1902.9049,1306.198,1955.5717,1341.0153,2010.2317,1355.6665,2069.579,1324.4398,2065.6204,1287.9517,2024.9071,1245.2557,1992.7102,1201.4697,1966.8486,1146.7551,1951.2017,1081.5657,1947.2708,1017.11584,1944.7014,960.5966,1953.6038,914.88763,1975.8738,874.37146,2003.1139,842.3473,2038.014,1324.4398,2065.6204,1290.873,2109.0574,1261.5532,2137.6047,1220.6235,2161.3418,1164.5881,2177.1758,1093.5819,2178.8875,1020.0612,2166.3506,962.579,2146.3977,915.72424,2117.076,881.6111,2085.4724,842.3473,2038.014,807.4872,2039.6445,821.8663,2108.1426,852.96155,2175.783,908.75006,2248.2856,990.37744,2297.329,1092.1598,2315.535,1195.682,2306.2583,1276.5702,2266.3179,1328.0303,2201.0125,1352.1874,2133.5847,1355.6665,2069.579
798,798,13300,807.83496,2040.276,821.6959,1984.0624,857.0437,1935.096,911.1056,1888.135,997.92377,1850.9503,1083.1298,1869.4333,1168.4508,1857.3275,1251.4778,1903.2738,1306.4816,1955.941,1341.3009,2010.6267,1355.9067,2069.968,1324.6924,2066.0005,1288.2812,2025.271,1245.6136,1993.0186,1201.8354,1967.1433,1147.1068,1951.4918,1081.8975,1947.5801,1017.46387,1945.0564,960.96545,1954.0236,915.278,1976.3601,874.7425,2003.6552,842.701,2038.616,1324.6924,2066.0005,1291.169,2109.34,1261.8821,2137.8196,1220.9642,2161.5454,1164.9172,2177.385,1093.936,2179.094,1020.4665,2166.577,962.9859,2146.6514,916.11865,2117.4082,881.99146,2085.8997,842.701,2038.616,807.83496,2040.276,822.27155,2108.6606,853.44434,2176.172,909.28827,2248.563,990.87744,2297.561,1092.5348,2315.7559,1195.9531,2306.4712,1276.8085,2266.5496,1328.2933,2201.2856,1352.4556,2133.9263,1355.9067,2069.968
799,799,13316,808.0377,2041.141,821.9068,1984.738,857.2809,1935.5983,911.3783,1888.4933,998.2666,1851.1835,1083.487,1869.669,1168.8298,1857.5188,1251.9447,1903.5247,1306.9753,1956.2716,1341.7736,2011.0604,1356.3417,2070.4666,1325.1296,2066.48,1288.6475,2025.7816,1246.0206,1993.5017,1202.216,1967.6377,1147.4471,1951.9867,1082.2258,1948.0721,1017.81586,1945.6094,961.31213,1954.6422,915.5879,1977.0374,875.0367,2004.3855,842.8985,2039.4276,1325.1296,2066.48,1291.5189,2109.5815,1262.1799,2137.9297,1221.2214,2161.6304,1165.1221,2177.5166,1094.1068,2179.2925,1020.65375,2166.811,963.173,2146.9163,916.30634,2117.7678,882.1819,2086.408,842.8985,2039.4276,808.0377,2041.141,822.45197,2109.346,853.6272,2176.7578,909.49194,2249.1108,991.1022,2298.0693,1092.7388,2316.2034,1196.149,2306.8247,1277.0239,2266.8005,1328.5785,2201.5232,1352.8103,2134.2642,1356.3417,2070.4666
800,800,13333,808.08716,2041.7207,821.9629,1985.2894,857.3548,1936.1067,911.48236,1888.9578,998.428,1851.5995,1083.6814,1870.1195,1169.0768,1857.8888,1252.298,1903.9012,1307.3601,1956.6661,1342.1532,2011.4836,1356.6912,2070.8733,1325.3995,2066.8804,1288.8436,2026.304,1246.2615,1994.0355,1202.4432,1968.2109,1147.6401,1952.5951,1082.4028,1948.7104,1018.0055,1946.266,961.48773,1955.3066,915.74963,1977.6968,875.1988,2005.0211,842.98566,2039.9883,1325.3995,2066.8804,1291.7158,2109.7104,1262.35,2137.9692,1221.381,2161.66,1165.2535,2177.5818,1094.2101,2179.4043,1020.7682,2166.9224,963.2862,2147.0154,916.4259,2117.9023,882.295,2086.645,842.98566,2039.9883,808.08716,2041.7207,822.4786,2109.7883,853.6469,2177.2031,909.52124,2249.6675,991.1696,2298.7195,1092.8456,2316.8477,1196.3125,2307.3657,1277.2561,2267.1545,1328.8922,2201.771,1353.1578,2134.5374,1356.6912,2070.8733
801,801,13350,808.2139,2042.0518,822.1551,1985.6438,857.613,1936.4882,911.79626,1889.3903,998.79407,1852.0549,1084.0648,1870.6018,1169.4749,1858.3196,1252.734,1904.2823,1307.811,1957.0015,1342.614,2011.7981,1357.1598,2071.1416,1325.8137,2067.1274,1289.1663,2026.6333,1246.6393,1994.3696,1202.8195,1968.5729,1147.9955,1952.9906,1082.7607,1949.1332,1018.3755,1946.679,961.83435,1955.7006,916.06616,1978.0693,875.5056,2005.3795,843.1576,2040.2961,1325.8137,2067.1274,1292.1053,2109.7458,1262.7405,2137.9531,1221.7616,2161.6396,1165.5769,2177.5762,1094.4497,2179.4243,1020.98145,2166.9463,963.46814,2147.03,916.5998,2117.9355,882.4768,2086.7373,843.1576,2040.2961,808.2139,2042.0518,822.5506,2110.0098,853.70306,2177.4128,909.6106,2249.9072,991.3438,2298.9663,1093.0948,2317.0461,1196.64,2307.5017,1277.659,2267.2134,1329.3752,2201.8152,1353.6469,2134.6394,1357.1598,2071.1416
802,802,13366,808.2176,2042.6234,822.169,1986.2311,857.6612,1937.0812,911.8831,1889.9781,998.9731,1852.5914,1084.3434,1871.1879,1169.8555,1858.779,1253.2601,1904.7091,1308.4453,1957.4165,1343.3607,2012.2146,1357.9751,2071.5256,1326.5,2067.5151,1289.6399,2027.208,1247.0477,1995.0612,1203.1702,1969.4032,1148.2947,1953.9525,1083.0292,1950.1868,1018.6058,1947.73,962.0226,1956.6907,916.2225,1978.9534,875.611,2006.125,843.1739,2040.8611,1326.5,2067.5151,1292.5679,2109.942,1263.0975,2138.0625,1222.0553,2161.7402,1165.8179,2177.7205,1094.6552,2179.6174,1021.177,2167.1643,963.6355,2147.251,916.72974,2118.2046,882.56177,2087.0847,843.1739,2040.8611,808.2176,2042.6234,822.5548,2110.6062,853.71326,2178.0872,909.65656,2250.6633,991.4672,2299.755,1093.3037,2317.773,1196.9396,2308.1304,1278.0582,2267.699,1329.932,2202.2007,1354.3457,2134.9924,1357.9751,2071.5256
803,803,13383,808.31525,2042.6592,822.3182,1986.3341,857.8642,1937.2881,912.1004,1890.3416,999.15894,1853.1619,1084.5271,1871.8513,1170.0695,1859.4176,1253.4325,1905.1741,1308.6006,1957.7357,1343.5288,2012.4296,1358.152,2071.6443,1326.6475,2067.6475,1289.7649,2027.436,1247.1814,1995.3411,1203.3192,1969.7445,1148.4501,1954.3456,1083.1794,1950.5962,1018.7784,1948.0834,962.1998,1956.9587,916.40393,1979.144,875.7894,2006.2562,843.3226,2040.9142,1326.6475,2067.6475,1292.704,2110.0276,1263.2529,2138.1404,1222.2593,2161.8777,1166.047,2177.9565,1094.8654,2179.9143,1021.4289,2167.4092,963.88965,2147.3987,916.9792,2118.2856,882.776,2087.1372,843.3226,2040.9142,808.31525,2042.6592,822.64105,2110.6804,853.79193,2178.26,909.7504,2251.0132,991.60876,2300.2483,1093.4695,2318.2778,1197.1681,2308.5825,1278.3057,2267.9902,1330.1631,2202.363,1354.5403,2135.1084,1358.152,2071.6443
804,804,13400,808.4103,2042.7452,822.43677,1986.4963,858.0171,1937.5245,912.292,1890.662,999.3958,1853.5613,1084.8271,1872.2456,1170.4125,1859.769,1253.7885,1905.3903,1308.9752,1957.8893,1343.8658,2012.5527,1358.385,2071.7253,1326.8684,2067.7334,1290.072,2027.5731,1247.5366,1995.4875,1203.6699,1969.918,1148.7703,1954.5577,1083.4637,1950.8331,1018.99304,1948.315,962.3602,1957.1766,916.5385,1979.3461,875.9067,2006.421,843.43463,2041.0176,1326.8684,2067.7334,1292.955,2110.0774,1263.5214,2138.1775,1222.5165,2161.9297,1166.2748,2178.03,1095.0891,2179.9941,1021.62274,2167.4797,964.039,2147.4531,917.1063,2118.3408,882.8931,2087.207,843.43463,2041.0176,808.4103,2042.7452,822.7313,2110.7573,853.8887,2178.333,909.8744,2251.1,991.7842,2300.3604,1093.6705,2318.3958,1197.3489,2308.7158,1278.5111,2268.1147,1330.4156,2202.4597,1354.7938,2135.193,1358.385,2071.7253
805,805,13416,808.4337,2043.0583,822.4607,1986.7905,858.0454,1937.7775,912.33014,1890.8567,999.49036,1853.685,1084.9713,1872.371,1170.6003,1859.8618,1254.0541,1905.4979,1309.2792,1958.0294,1344.1636,2012.7369,1358.6216,2071.9194,1327.0813,2067.917,1290.2511,2027.8151,1247.7336,1995.7183,1203.8616,1970.1395,1148.9397,1954.78,1083.6104,1951.0647,1019.11566,1948.5723,962.4538,1957.473,916.6257,1979.6807,875.996,2006.7546,843.47253,2041.3243,1327.0813,2067.917,1293.0748,2110.1255,1263.6078,2138.1824,1222.5785,2161.9282,1166.3191,2178.0378,1095.1277,2180.012,1021.65607,2167.5046,964.06647,2147.4866,917.1407,2118.406,882.93744,2087.3362,843.47253,2041.3243,808.4337,2043.0583,822.7428,2110.9695,853.89404,2178.4902,909.8798,2251.2346,991.80255,2300.4937,1093.7058,2318.5278,1197.3915,2308.8357,1278.5768,2268.2205,1330.5355,2202.5608,1354.9734,2135.3215,1358.6216,2071.9194
806,806,13433,808.48865,2043.2083,822.5046,1986.968,858.0906,1937.9324,912.39087,1890.9858,999.6114,1853.793,1085.1382,1872.5126,1170.8098,1859.958,1254.376,1905.5957,1309.6522,1958.1565,1344.5356,2012.902,1358.9266,2072.055,1327.3313,2068.0457,1290.4375,2028.097,1247.9574,1996.057,1204.0735,1970.5101,1149.1235,1955.1719,1083.7666,1951.4635,1019.251,1948.9542,962.5676,1957.8278,916.73,1980.0071,876.12305,2007.0125,843.55566,2041.4656,1327.3313,2068.0457,1293.2787,2110.1228,1263.798,2138.1084,1222.749,2161.7917,1166.4521,2177.9053,1095.2333,2179.9148,1021.7602,2167.415,964.14813,2147.4182,917.2255,2118.3838,883.02734,2087.3354,843.55566,2041.4656,808.48865,2043.2083,822.7725,2111.0413,853.91345,2178.5518,909.91284,2251.3132,991.8788,2300.5742,1093.807,2318.583,1197.5149,2308.879,1278.7596,2268.2385,1330.791,2202.5735,1355.2609,2135.3652,1358.9266,2072.055
807,807,13450,808.50146,2043.5209,822.5231,1987.173,858.1243,1938.054,912.4424,1891.0409,999.7254,1853.8068,1085.283,1872.5286,1170.9614,1859.9778,1254.556,1905.655,1309.8341,1958.2754,1344.6935,2013.0887,1359.0442,2072.2852,1327.4308,2068.2488,1290.5143,2028.2815,1248.0569,1996.1799,1204.1818,1970.5803,1149.2318,1955.208,1083.8693,1951.4855,1019.3484,1948.9846,962.6555,1957.8884,916.8061,1980.1272,876.1922,2007.2012,843.57904,2041.7479,1327.4308,2068.2488,1293.3071,2110.1782,1263.8063,2138.1091,1222.7566,2161.7844,1166.4558,2177.9028,1095.2301,2179.9216,1021.7618,2167.437,964.152,2147.464,917.2312,2118.4749,883.0364,2087.4873,843.57904,2041.7479,808.50146,2043.5209,822.7785,2111.268,853.9142,2178.7236,909.9136,2251.4219,991.88135,2300.6262,1093.7966,2318.6091,1197.506,2308.8928,1278.7572,2268.251,1330.7959,2202.6072,1355.3014,2135.4697,1359.0442,2072.2852
808,808,13466,808.5066,2043.6791,822.52875,1987.3217,858.1289,1938.1716,912.44775,1891.1389,999.7451,1853.9016,1085.3154,1872.6378,1171.0222,1860.0645,1254.6711,1905.7327,1309.9633,1958.3577,1344.8138,2013.1782,1359.1373,2072.3533,1327.5009,2068.3147,1290.5702,2028.4044,1248.1326,1996.3204,1204.2524,1970.7301,1149.2834,1955.3639,1083.9026,1951.6461,1019.3799,1949.1514,962.68134,1958.0637,916.8262,1980.3115,876.21497,2007.3827,843.58563,2041.8999,1327.5009,2068.3147,1293.3279,2110.1777,1263.8126,2138.0947,1222.763,2161.764,1166.4597,2177.8975,1095.2272,2179.9175,1021.76495,2167.437,964.1554,2147.468,917.2362,2118.4934,883.04016,2087.542,843.58563,2041.8999,808.5066,2043.6791,822.781,2111.3945,853.90967,2178.8591,909.91205,2251.5767,991.8869,2300.765,1093.7979,2318.7048,1197.5071,2308.9502,1278.7603,2268.265,1330.8114,2202.612,1355.3433,2135.492,1359.1373,2072.3533
809,809,13483,808.5134,2044.5076,822.5447,1987.9863,858.16296,1938.6807,912.49536,1891.4777,999.8192,1854.0818,1085.3997,1872.7906,1171.0957,1860.172,1254.7346,1905.844,1310.014,1958.4988,1344.8512,2013.3467,1359.1528,2072.5378,1327.5052,2068.4885,1290.5774,2028.5831,1248.1436,1996.4678,1204.2767,1970.85,1149.3262,1955.4712,1083.9713,1951.7698,1019.4582,1949.3298,962.7707,1958.3661,916.9084,1980.77,876.279,2007.9973,843.6061,2042.6566,1327.5052,2068.4885,1293.3269,2110.253,1263.7921,2138.119,1222.7313,2161.789,1166.4269,2177.961,1095.1995,2180.0405,1021.75836,2167.632,964.1581,2147.7397,917.24036,2118.8796,883.0541,2088.0662,843.6061,2042.6566,808.5134,2044.5076,822.7845,2112.0452,853.90155,2179.3555,909.89716,2251.9358,991.8694,2301.01,1093.769,2318.8633,1197.471,2309.0466,1278.7224,2268.3167,1330.7953,2202.6646,1355.347,2135.5942,1359.1528,2072.5378
810,810,13500,808.5189,2045.439,822.5488,1988.782,858.1804,1939.337,912.52686,1891.9934,999.865,1854.4707,1085.4451,1873.1616,1171.1467,1860.4896,1254.7875,1906.1656,1310.0588,1958.8351,1344.8876,2013.6827,1359.1757,2072.8499,1327.5236,2068.7861,1290.5925,2028.9135,1248.1741,1996.7814,1204.3088,1971.1443,1149.358,1955.7482,1084.003,1952.0654,1019.49805,1949.6898,962.812,1958.8456,916.9344,1981.3843,876.2936,2008.734,843.6124,2043.5159,1327.5236,2068.7861,1293.3348,2110.3772,1263.7982,2138.1677,1222.7367,2161.8335,1166.4296,2178.057,1095.1917,2180.23,1021.7576,2167.903,964.15814,2148.0906,917.24384,2119.347,883.0601,2088.6846,843.6124,2043.5159,808.5189,2045.439,822.77997,2112.832,853.88806,2180.0337,909.8915,2252.5044,991.87134,2301.4436,1093.7632,2319.146,1197.4683,2309.2249,1278.7219,2268.3984,1330.7986,2202.7395,1355.3531,2135.76,1359.1757,2072.8499
811,811,13516,808.52374,2046.1539,822.5544,1989.3475,858.1871,1939.7374,912.5421,1892.2429,999.9138,1854.586,1085.5111,1873.2659,1171.2234,1860.5565,1254.8926,1906.2454,1310.1598,1958.9667,1344.9653,2013.8876,1359.1976,2073.1025,1327.5299,2068.9915,1290.6011,2029.1628,1248.1816,1996.9998,1204.3326,1971.3235,1149.3967,1955.9088,1084.0541,1952.2391,1019.56836,1949.9171,962.8989,1959.1875,917.0252,1981.8645,876.38055,2009.3241,843.63275,2044.1471,1327.5299,2068.9915,1293.3053,2110.3948,1263.7264,2138.1584,1222.647,2161.807,1166.3335,2178.0444,1095.0872,2180.228,1021.71924,2167.9207,964.15015,2148.1562,917.24786,2119.5078,883.07465,2088.9885,843.63275,2044.1471,808.52374,2046.1539,822.757,2113.4006,853.8163,2180.5054,909.80334,2252.8533,991.79205,2301.6426,1093.662,2319.2317,1197.3921,2309.2617,1278.6646,2268.4067,1330.7756,2202.7559,1355.3561,2135.846,1359.1976,2073.1025
812,812,13533,808.3798,2047.0576,822.43005,1990.1613,858.0878,1940.4451,912.45776,1892.7975,999.87823,1854.98,1085.5092,1873.5844,1171.2279,1860.7994,1254.9003,1906.4635,1310.1721,1959.1896,1344.9768,2014.105,1359.2015,2073.3125,1327.5365,2069.271,1290.6069,2029.4913,1248.1886,1997.3503,1204.3389,1971.7122,1149.4039,1956.3506,1084.055,1952.7532,1019.5495,1950.5585,962.8684,1959.9578,916.99023,1982.7285,876.3182,2010.2449,843.5302,2045.1162,1327.5365,2069.271,1293.3044,2110.751,1263.7114,2138.5366,1222.614,2162.244,1166.2894,2178.539,1095.0414,2180.7747,1021.68854,2168.6072,964.124,2148.984,917.2182,2120.4663,883.0323,2090.0,843.5302,2045.1162,808.3798,2047.0576,822.66235,2114.3962,853.7577,2181.4766,909.7635,2253.745,991.7532,2302.4497,1093.6183,2319.9536,1197.3528,2309.8875,1278.6234,2268.9204,1330.7544,2203.1538,1355.3553,2136.163,1359.2015,2073.3125
813,813,13550,808.16736,2047.3201,822.32965,1990.4746,858.06964,1940.8591,912.4621,1893.3464,999.88226,1855.6539,1085.5154,1874.1117,1171.2393,1861.2911,1254.9049,1906.7092,1310.1836,1959.3022,1345.0037,2014.1505,1359.2393,2073.3296,1327.5955,2069.3027,1290.7251,2029.5125,1248.28,1997.374,1204.3906,1971.7556,1149.427,1956.4297,1084.0608,1952.8649,1019.5517,1950.7063,962.8443,1960.1213,916.8898,1982.8965,876.0917,2010.4404,843.2859,2045.395,1327.5955,2069.3027,1293.3479,2110.9236,1263.7242,2138.7998,1222.6165,2162.619,1166.2771,2179.0305,1095.0033,2181.3557,1021.6363,2169.3115,964.0201,2149.7559,917.0277,2121.1936,882.7745,2090.5745,843.2859,2045.395,808.16736,2047.3201,822.4742,2114.7864,853.656,2181.8877,909.73517,2254.0342,991.744,2302.5823,1093.5951,2320.0166,1197.3154,2309.9321,1278.5857,2268.9714,1330.7435,2203.2146,1355.3584,2136.2144,1359.2393,2073.3296
814,814,13566,808.11914,2047.8344,822.30194,1991.0264,858.05475,1941.3671,912.4526,1893.7397,999.88477,1855.8738,1085.5195,1874.303,1171.2424,1861.4001,1254.9086,1906.8085,1310.1938,1959.4014,1345.0189,2014.2368,1359.2527,2073.3743,1327.6011,2069.353,1290.7324,2029.6846,1248.2881,1997.643,1204.3953,1972.1091,1149.429,1956.8447,1084.065,1953.3359,1019.5555,1951.2687,962.8482,1960.7687,916.8927,1983.5658,876.0921,2011.0424,843.253,2045.8782,1327.6011,2069.353,1293.3289,2110.9236,1263.6415,2138.7756,1222.4707,2162.5916,1166.0966,2179.026,1094.8162,2181.3584,1021.5133,2169.3413,963.9368,2149.8232,916.9782,2121.3342,882.7467,2090.827,843.253,2045.8782,808.11914,2047.8344,822.4171,2115.1543,853.5822,2182.1323,909.6434,2254.1858,991.6268,2302.6675,1093.4196,2320.0437,1197.101,2309.932,1278.3617,2268.9624,1330.6046,2203.2078,1355.3325,2136.22,1359.2527,2073.3743
815,815,13583,808.0836,2048.099,822.2949,1991.306,858.0563,1941.6488,912.45575,1894.0013,999.8868,1856.079,1085.5159,1874.4875,1171.2316,1861.543,1254.8959,1906.9197,1310.1864,1959.4883,1345.0204,2014.3003,1359.2589,2073.4114,1327.6074,2069.3982,1290.7394,2029.7479,1248.2969,1997.7241,1204.4016,1972.2183,1149.4315,1956.9841,1084.0645,1953.4963,1019.55536,1951.4546,962.8463,1960.9761,916.8812,1983.7871,876.0634,2011.279,843.208,2046.139,1327.6074,2069.3982,1293.3236,2110.986,1263.6007,2138.8167,1222.3883,2162.631,1165.9943,2179.0854,1094.7108,2181.4587,1021.4581,2169.5098,963.8922,2150.0718,916.93286,2121.6477,882.6991,2091.1514,843.208,2046.139,808.0836,2048.099,822.3841,2115.4548,853.5577,2182.4058,909.62714,2254.3518,991.5991,2302.7278,1093.3247,2320.0579,1196.9547,2309.935,1278.1918,2268.9658,1330.4886,2203.2246,1355.2999,2136.2573,1359.2589,2073.4114
816,816,13600,807.8269,2048.273,822.07715,1991.4601,857.87537,1941.7762,912.3143,1894.0936,999.8203,1856.1327,1085.4832,1874.5585,1171.2194,1861.5961,1254.8992,1907.0068,1310.1942,1959.6091,1345.0319,2014.441,1359.2671,2073.5442,1327.6133,2069.5303,1290.7449,2029.9601,1248.3016,1997.9766,1204.3987,1972.495,1149.4148,1957.2585,1084.0323,1953.7633,1019.5126,1951.728,962.79016,1961.2466,916.8053,1984.0377,875.9579,2011.4902,842.99384,2046.31,1327.6133,2069.5303,1293.293,2111.0388,1263.4978,2138.8306,1222.1952,2162.6387,1165.7158,2179.1077,1094.3455,2181.5112,1021.1157,2169.5825,963.5752,2150.159,916.66406,2121.7554,882.47546,2091.277,842.99384,2046.31,807.8269,2048.273,822.056,2115.6318,853.1787,2182.5928,909.23944,2254.5261,991.2349,2302.8662,1092.967,2320.1572,1196.667,2310.0032,1277.9757,2269.0085,1330.3777,2203.2778,1355.2782,2136.348,1359.2671,2073.5442
817,817,13616,807.7142,2048.3616,822.0272,1991.589,857.8531,1941.9596,912.2963,1894.3436,999.7844,1856.4437,1085.4415,1874.8569,1171.1753,1861.8918,1254.8209,1907.2323,1310.108,1959.7664,1344.9567,2014.5397,1359.2146,2073.596,1327.5769,2069.5835,1290.723,2030.0123,1248.2764,1998.0272,1204.363,1972.5503,1149.3715,1957.3192,1083.9834,1953.8296,1019.4595,1951.7991,962.72906,1961.3182,916.72833,1984.1075,875.8455,2011.5653,842.85736,2046.3956,1327.5769,2069.5835,1293.2418,2111.0852,1263.4178,2138.8481,1222.0739,2162.64,1165.5688,2179.1062,1094.1965,2181.5115,1020.99817,2169.5918,963.4531,2150.1914,916.52716,2121.8235,882.33307,2091.3694,842.85736,2046.3956,807.7142,2048.3616,821.9354,2115.6934,853.07117,2182.6125,909.1546,2254.5215,991.13513,2302.807,1092.7802,2320.0417,1196.4031,2309.8994,1277.6842,2268.9666,1330.16,2203.2776,1355.1487,2136.3733,1359.2146,2073.596
818,818,13633,807.61145,2048.5378,821.9701,1991.7457,857.82294,1942.0985,912.275,1894.4525,999.7703,1856.5012,1085.4302,1874.8872,1171.1626,1861.9224,1254.8058,1907.2653,1310.0897,1959.7952,1344.9398,2014.5632,1359.1941,2073.6177,1327.5625,2069.6042,1290.716,2030.0254,1248.266,1998.0388,1204.3505,1972.5646,1149.355,1957.3379,1083.9666,1953.8557,1019.43445,1951.8444,962.69543,1961.3894,916.6817,1984.2052,875.7613,2011.689,842.74896,2046.5614,1327.5625,2069.6042,1293.2203,2111.1252,1263.3888,2138.8914,1222.0398,2162.6985,1165.5265,2179.1912,1094.1469,2181.633,1020.9378,2169.752,963.37695,2150.384,916.4408,2122.0396,882.23444,2091.5818,842.74896,2046.5614,807.61145,2048.5378,821.85486,2115.8616,853.0182,2182.7273,909.1215,2254.5688,991.1039,2302.8208,1092.7269,2320.0457,1196.324,2309.8987,1277.5847,2268.9666,1330.0739,2203.286,1355.0956,2136.395,1359.1941,2073.6177
819,819,13650,807.51434,2048.5227,821.9133,1991.7286,857.791,1942.0836,912.2521,1894.4409,999.74347,1856.4905,1085.4032,1874.8722,1171.1378,1861.9122,1254.7883,1907.2571,1310.0836,1959.7788,1344.9417,2014.5326,1359.1969,2073.568,1327.5662,2069.5522,1290.7198,2029.9697,1248.2705,1997.978,1204.3513,1972.5005,1149.3479,1957.2682,1083.9471,1953.7859,1019.40826,1951.7832,962.6652,1961.3384,916.63666,1984.1622,875.6875,2011.656,842.6448,2046.5413,1327.5662,2069.5522,1293.22,2111.0642,1263.38,2138.808,1222.0192,2162.619,1165.4884,2179.136,1094.0781,2181.6042,1020.8667,2169.7375,963.2952,2150.3757,916.3533,2122.0327,882.14087,2091.5715,842.6448,2046.5413,807.51434,2048.5227,821.7621,2115.8525,852.9454,2182.7178,909.07623,2254.5398,991.0714,2302.7473,1092.6821,2319.924,1196.2798,2309.739,1277.5398,2268.79,1330.0416,2203.1536,1355.0864,2136.3203,1359.1969,2073.568
820,820,13666,807.49744,2048.5273,821.88525,1991.7253,857.75287,1942.0726,912.20953,1894.3973,999.71173,1856.3757,1085.3793,1874.7035,1171.1127,1861.7286,1254.7836,1907.0939,1310.0853,1959.6229,1344.9442,2014.3739,1359.2041,2073.4023,1327.57,2069.3923,1290.7227,2029.8301,1248.2723,1997.8615,1204.3444,1972.4069,1149.3315,1957.1864,1083.9283,1953.7189,1019.38794,1951.7452,962.6493,1961.3201,916.62103,1984.1542,875.6753,2011.6521,842.6302,2046.54,1327.57,2069.3923,1293.2178,2110.8809,1263.3632,2138.5935,1221.9849,2162.4558,1165.4308,2179.0605,1093.972,2181.5906,1020.76544,2169.736,963.2124,2150.3748,916.2997,2122.0327,882.111,2091.5725,842.6302,2046.54,807.49744,2048.5273,821.72614,2115.8538,852.8875,2182.716,909.00543,2254.5356,991.0053,2302.7383,1092.603,2319.8762,1196.2174,2309.5977,1277.4779,2268.498,1329.9924,2202.8208,1355.0734,2136.0784,1359.2041,2073.4023
821,821,13683,807.50476,2048.4902,821.8938,1991.6997,857.7603,1942.06,912.21387,1894.3898,999.71423,1856.3627,1085.3877,1874.6675,1171.1221,1861.6901,1254.7993,1907.0269,1310.1206,1959.4968,1345.0181,2014.1665,1359.3514,2073.1218,1327.7643,2069.1506,1290.8829,2029.582,1248.3671,1997.6608,1204.3875,1972.2645,1149.353,1957.0809,1083.941,1953.6333,1019.392,1951.6816,962.6508,1961.2631,916.62103,1984.089,875.67377,2011.5878,842.6306,2046.5037,1327.7643,2069.1506,1293.4032,2110.8005,1263.5104,2138.5571,1222.0891,2162.452,1165.5027,2179.0686,1094.0135,2181.6365,1020.7843,2169.8027,963.2199,2150.43,916.3017,2122.0583,882.11176,2091.5732,842.6306,2046.5037,807.50476,2048.4902,821.7521,2115.8352,852.9347,2182.6948,909.0652,2254.4985,991.0718,2302.6875,1092.6649,2319.7954,1196.2599,2309.4453,1277.5024,2268.2588,1330.0173,2202.564,1355.1342,2135.8396,1359.3514,2073.1218
822,822,13700,807.5059,2048.2969,821.89484,1991.4862,857.764,1941.8605,912.2248,1894.206,999.74347,1856.1805,1085.449,1874.4025,1171.2155,1861.4408,1254.9081,1906.712,1310.2427,1959.1233,1345.1494,2013.7665,1359.493,2072.7336,1327.9437,2068.797,1291.1288,2029.0938,1248.5575,1997.1284,1204.5316,1971.7474,1149.4514,1956.6044,1083.9955,1953.198,1019.4053,1951.2881,962.65173,1960.89,916.61847,1983.7328,875.66254,2011.2817,842.6304,2046.3103,1327.9437,2068.797,1293.6083,2110.7207,1263.698,2138.541,1222.2462,2162.4492,1165.632,2179.0754,1094.1124,2181.6523,1020.83954,2169.8252,963.2444,2150.445,916.3071,2122.0583,882.112,2091.5535,842.6304,2046.3103,807.5059,2048.2969,821.7669,2115.7405,852.98364,2182.6223,909.1502,2254.395,991.1788,2302.5466,1092.7659,2319.6343,1196.3442,2309.264,1277.5656,2268.084,1330.0769,2202.3958,1355.2274,2135.62,1359.493,2072.7336
823,823,13716,807.5366,2048.0435,821.91956,1991.2699,857.77856,1941.7126,912.23224,1894.1063,999.7443,1856.1102,1085.4501,1874.295,1171.2161,1861.3585,1254.9045,1906.5703,1310.2423,1958.8856,1345.1525,2013.4167,1359.5305,2072.324,1328.0101,2068.4414,1291.1766,2028.6472,1248.5698,1996.6951,1204.5348,1971.3624,1149.453,1956.2429,1083.997,1952.8354,1019.40497,1950.9438,962.65045,1960.5422,916.61615,1983.3718,875.6613,2010.9565,842.6429,2046.082,1328.0101,2068.4414,1293.7311,2110.6262,1263.8376,2138.5261,1222.3777,2162.4565,1165.7417,2179.1367,1094.1857,2181.7559,1020.86255,2169.9077,963.2507,2150.4756,916.30804,2122.0571,882.1128,2091.5193,842.6429,2046.082,807.5366,2048.0435,821.79706,2115.5432,853.0207,2182.444,909.19507,2254.2249,991.2363,2302.4001,1092.8342,2319.487,1196.3961,2309.0818,1277.606,2267.8364,1330.1099,2202.1118,1355.2648,2135.3052,1359.5305,2072.324
824,824,13733,807.6235,2048.0017,821.95337,1991.1733,857.7925,1941.5133,912.2466,1893.738,999.78906,1855.5226,1085.5281,1873.6096,1171.3142,1860.5946,1255.0663,1905.8817,1310.4138,1958.3354,1345.2977,2012.9982,1359.6278,2071.9822,1328.0864,2068.1104,1291.2439,2028.3403,1248.6425,1996.3932,1204.6205,1971.0618,1149.5387,1955.9622,1084.0842,1952.593,1019.47217,1950.7604,962.7163,1960.4119,916.69434,1983.2787,875.7549,2010.8812,842.7532,2046.0253,1328.0864,2068.1104,1293.7706,2110.2566,1263.8632,2138.1106,1222.4067,2162.049,1165.7789,2178.7786,1094.2335,2181.4731,1020.9298,2169.6995,963.3387,2150.3262,916.4192,2121.9517,882.23145,2091.437,842.7532,2046.0253,807.6235,2048.0017,821.8899,2115.492,853.11273,2182.382,909.2795,2254.1414,991.30927,2302.2852,1092.9,2319.3184,1196.4503,2308.8423,1277.6461,2267.531,1330.1428,2201.7747,1355.3169,2134.9695,1359.6278,2071.9822
825,825,13750,807.4043,2047.5703,821.7772,1990.7206,857.6646,1941.1624,912.1625,1893.5215,999.6761,1855.4265,1085.4083,1873.4738,1171.1976,1860.5094,1254.8987,1905.7109,1310.2632,1958.0464,1345.1974,2012.6136,1359.5967,2071.6018,1328.0779,2067.8064,1291.2379,2027.8418,1248.6117,1995.7957,1204.5549,1970.4265,1149.4302,1955.292,1083.9401,1951.8828,1019.2853,1950.0579,962.46484,1959.7075,916.3561,1982.5881,875.36676,2010.3145,842.48303,2045.6768,1328.0779,2067.8064,1293.7733,2110.2222,1263.8656,2138.1206,1222.408,2162.1838,1165.7771,2179.0825,1094.1996,2181.8713,1020.8309,2170.0493,963.1593,2150.5215,916.155,2121.9814,881.90155,2091.413,842.48303,2045.6768,807.4043,2047.5703,821.67126,2115.2878,852.94257,2182.324,909.1694,2254.1365,991.2408,2302.2817,1092.8602,2319.3171,1196.4333,2308.8384,1277.6301,2267.5027,1330.121,2201.6697,1355.2917,2134.752,1359.5967,2071.6018
826,826,13766,807.40533,2047.3911,821.76556,1990.4597,857.62836,1940.804,912.1111,1893.0199,999.6453,1854.7643,1085.3843,1872.7731,1171.1797,1859.8701,1254.8942,1905.2411,1310.2566,1957.6829,1345.1879,2012.3152,1359.5839,2071.3489,1328.0636,2067.5745,1291.201,2027.6067,1248.5696,1995.5674,1204.5194,1970.1892,1149.398,1955.0144,1083.9149,1951.5681,1019.2671,1949.7769,962.4531,1959.4666,916.3505,1982.3689,875.36584,2010.1089,842.4839,2045.5131,1328.0636,2067.5745,1293.7389,2110.0117,1263.8269,2137.9365,1222.3768,2162.0647,1165.7478,2179.0215,1094.1598,2181.8418,1020.79596,2170.022,963.13654,2150.4866,916.14655,2121.9243,881.8995,2091.317,842.4839,2045.5131,807.40533,2047.3911,821.66974,2115.1262,852.9328,2182.2017,909.1445,2254.0688,991.2056,2302.2446,1092.8248,2319.2795,1196.4104,2308.765,1277.6046,2267.3281,1330.0835,2201.4048,1355.2578,2134.4807,1359.5839,2071.3489
827,827,13783,807.40564,2047.289,821.74744,1990.3583,857.5716,1940.6514,912.0376,1892.773,999.60736,1854.4203,1085.3562,1872.4677,1171.1603,1859.574,1254.8958,1905.0822,1310.2612,1957.6075,1345.1925,2012.2749,1359.5869,2071.305,1328.0673,2067.5242,1291.1846,2027.6033,1248.546,1995.5708,1204.4904,1970.1991,1149.3656,1955.0223,1083.8888,1951.5706,1019.25256,1949.778,962.4495,1959.4656,916.35077,1982.3634,875.37146,2010.0769,842.48456,2045.4108,1328.0673,2067.5242,1293.7062,2109.7908,1263.752,2137.5427,1222.2618,2161.5217,1165.613,2178.4104,1094.0504,2181.2356,1020.7382,2169.4421,963.1137,2149.9856,916.1431,2121.5544,881.9003,2091.0637,842.48456,2045.4108,807.40564,2047.289,821.66943,2114.954,852.9279,2181.9683,909.12164,2253.8008,991.1414,2301.9692,1092.707,2319.0176,1196.2548,2308.5034,1277.4706,2267.0906,1330.01,2201.2336,1355.24,2134.3845,1359.5869,2071.305
828,828,13800,807.3501,2047.2572,821.696,1990.3248,857.5267,1940.6355,911.98596,1892.7723,999.4897,1854.4427,1085.228,1872.4795,1171.0171,1859.5898,1254.6864,1905.0823,1310.065,1957.5913,1345.0377,2012.2501,1359.4692,2071.29,1327.9937,2067.51,1291.1494,2027.5161,1248.4916,1995.4232,1204.4127,1970.0308,1149.2694,1954.8591,1083.78,1951.4199,1019.1256,1949.6223,962.3052,1959.3025,916.1967,1982.2135,875.205,2009.9746,842.3902,2045.3828,1327.9937,2067.51,1293.6791,2109.8225,1263.732,2137.6567,1222.235,2161.7222,1165.5769,2178.6406,1094.0042,2181.4458,1020.6739,2169.624,963.0308,2150.1248,916.0358,2121.6284,881.7726,2091.0757,842.3902,2045.3828,807.3501,2047.2572,821.6164,2114.9478,852.89374,2181.9614,909.09503,2253.795,991.1091,2301.9644,1092.6559,2319.014,1196.1917,2308.4995,1277.3983,2267.0952,1329.9324,2201.242,1355.1523,2134.385,1359.4692,2071.29
829,829,13816,807.27264,2047.2505,821.629,1990.3203,857.4725,1940.6333,911.9511,1892.7659,999.4787,1854.4281,1085.2249,1872.4696,1171.017,1859.5815,1254.6938,1905.081,1310.0731,1957.5925,1345.044,2012.2554,1359.4738,2071.2969,1328.0002,2067.5137,1291.1512,2027.52,1248.493,1995.4277,1204.4119,1970.0356,1149.2648,1954.8635,1083.772,1951.422,1019.11084,1949.623,962.28046,1959.3015,916.1523,1982.2112,875.13965,2009.9702,842.29224,2045.3765,1328.0002,2067.5137,1293.6808,2109.822,1263.7322,2137.655,1222.2307,2161.7207,1165.5596,2178.6409,1093.9584,2181.4497,1020.6054,2169.6274,962.94507,2150.1267,915.93726,2121.6287,881.67194,2091.0725,842.29224,2045.3765,807.27264,2047.2505,821.5274,2114.941,852.802,2181.9556,909.0084,2253.791,991.0348,2301.9614,1092.5925,2319.011,1196.1577,2308.496,1277.3822,2267.0925,1329.9246,2201.2395,1355.1511,2134.3855,1359.4738,2071.2969
830,830,13833,807.2669,2047.3247,821.62823,1990.3834,857.47437,1940.7035,911.9556,1892.8513,999.4794,1854.517,1085.2267,1872.5232,1171.0177,1859.652,1254.6926,1905.1346,1310.0726,1957.6302,1345.0457,2012.2854,1359.4761,2071.3335,1328.02,2067.5493,1291.1992,2027.5216,1248.5259,1995.4253,1204.4298,1970.029,1149.2738,1954.8557,1083.7759,1951.4152,1019.1105,1949.6196,962.27655,1959.3007,916.1382,1982.2119,875.1027,2009.9812,842.26385,2045.4463,1328.02,2067.5493,1293.7235,2109.9941,1263.7723,2137.92,1222.2548,2162.049,1165.5695,2178.993,1093.9598,2181.8044,1020.60394,2170.0017,962.93744,2150.509,915.91504,2121.9753,881.63715,2091.3188,842.26385,2045.4463,807.2669,2047.3247,821.52734,2115.036,852.81323,2182.0217,909.03107,2253.8108,991.0511,2301.9622,1092.5966,2319.0093,1196.1566,2308.4958,1277.3804,2267.1047,1329.9216,2201.2786,1355.1506,2134.4407,1359.4761,2071.3335
831,831,13850,807.23663,2047.3441,821.5821,1990.3883,857.4195,1940.7042,911.9125,1892.851,999.44617,1854.5176,1085.2069,1872.5225,1171.0063,1859.6549,1254.6881,1905.1481,1310.0715,1957.6545,1345.044,2012.3176,1359.476,2071.3809,1328.0227,2067.5935,1291.2052,2027.5295,1248.5293,1995.4255,1204.4302,1970.0208,1149.2673,1954.8324,1083.7593,1951.3738,1019.07947,1949.5835,962.229,1959.2754,916.0718,1982.203,875.0314,2009.9778,842.2031,2045.4664,1328.0227,2067.5935,1293.7377,2110.0823,1263.7905,2138.0293,1222.2612,2162.187,1165.5684,2179.151,1093.9406,2181.9636,1020.5508,2170.1523,962.85724,2150.641,915.8138,2122.0781,881.5403,2091.389,842.2031,2045.4664,807.23663,2047.3441,821.4975,2115.0415,852.78674,2182.0173,909.0089,2253.8064,991.02875,2301.9548,1092.571,2319.005,1196.1417,2308.493,1277.3715,2267.1025,1329.9155,2201.2805,1355.1447,2134.4624,1359.476,2071.3809
832,832,13866,807.20215,2047.3851,821.5296,1990.4171,857.3653,1940.7155,911.8798,1892.8508,999.4399,1854.5066,1085.2073,1872.4965,1171.0114,1859.6425,1254.7057,1905.1465,1310.1066,1957.6564,1345.0901,2012.3262,1359.5245,2071.397,1328.1147,2067.608,1291.2731,2027.5332,1248.5741,1995.4258,1204.4456,1970.016,1149.2689,1954.8217,1083.7587,1951.3582,1019.06775,1949.5754,962.1969,1959.274,916.01276,1982.2053,874.9674,2009.9885,842.1316,2045.5016,1328.1147,2067.608,1293.8204,2110.106,1263.8584,2138.0537,1222.2987,2162.2207,1165.5808,2179.1948,1093.9408,2182.0159,1020.5416,2170.1926,962.82965,2150.673,915.7635,2122.1094,881.471,2091.4275,842.1316,2045.5016,807.20215,2047.3851,821.4871,2115.0486,852.7857,2182.0127,909.00903,2253.7808,991.02844,2301.9314,1092.5692,2318.9922,1196.1339,2308.4797,1277.3639,2267.0935,1329.9142,2201.279,1355.1539,2134.4685,1359.5245,2071.397
833,833,13883,807.08575,2047.4155,821.3607,1990.4412,857.1653,1940.7401,911.69324,1892.8785,999.2671,1854.5632,1085.0671,1872.5624,1170.9181,1859.7576,1254.6504,1905.2961,1310.0786,1957.8225,1345.0768,2012.4795,1359.5225,2071.547,1328.118,2067.7822,1291.2719,2027.6663,1248.5647,1995.5138,1204.4069,1970.0679,1149.1818,1954.8461,1083.625,1951.368,1018.9022,1949.5818,961.9909,1959.279,915.78235,1982.2137,874.76044,2010.0066,841.96185,2045.5497,1328.118,2067.7822,1293.8209,2110.34,1263.8555,2138.3325,1222.2792,2162.5786,1165.5315,2179.611,1093.8334,2182.4636,1020.386,2170.574,962.63965,2150.9683,915.55695,2122.305,881.2609,2091.5513,841.96185,2045.5497,807.08575,2047.4155,821.3469,2115.0964,852.6299,2182.0852,908.8505,2253.9128,990.88586,2302.1243,1092.4423,2319.2268,1196.051,2308.7305,1277.3171,2267.315,1329.8878,2201.451,1355.138,2134.626,1359.5225,2071.547
834,834,13900,806.7898,2047.4135,821.108,1990.4393,856.98663,1940.7417,911.5952,1892.8962,999.19446,1854.629,1085.004,1872.6302,1170.8661,1859.8936,1254.5746,1905.4374,1309.9983,1957.9568,1344.9957,2012.593,1359.4552,2071.658,1328.085,2067.9043,1291.2401,2027.7379,1248.534,1995.5436,1204.3611,1970.0739,1149.1116,1954.8442,1083.5426,1951.3542,1018.7784,1949.5613,961.8025,1959.2583,915.50354,1982.1978,874.42664,2009.9979,841.6025,2045.5479,1328.085,2067.9043,1293.7935,2110.5217,1263.8318,2138.5837,1222.2429,2162.938,1165.4634,2180.041,1093.6912,2182.897,1020.12476,2170.8955,962.2853,2151.1663,915.14453,2122.3904,880.8194,2091.5798,841.6025,2045.5479,806.7898,2047.4135,821.0279,2115.0938,852.34393,2182.0828,908.61554,2253.9187,990.6887,2302.1519,1092.2646,2319.2922,1195.8947,2308.8213,1277.1865,2267.42,1329.7823,2201.5554,1355.0487,2134.7354,1359.4552,2071.658
835,835,13916,806.60297,2047.4293,820.8748,1990.4441,856.7501,1940.7463,911.37994,1892.9003,999.01416,1854.6364,1084.8683,1872.6378,1170.7462,1859.9225,1254.4694,1905.487,1309.8966,1958.0221,1344.893,2012.6592,1359.3499,2071.7346,1328.0101,2067.9912,1291.1575,2027.79,1248.447,1995.5681,1204.2454,1970.0809,1148.9673,1954.844,1083.3895,1951.3466,1018.6124,1949.5535,961.60535,1959.2539,915.26654,1982.1962,874.18286,2009.9979,841.3735,2045.5748,1328.0101,2067.9912,1293.7222,2110.67,1263.7671,2138.833,1222.1589,2163.42,1165.3245,2180.7954,1093.3958,2183.8416,1019.6717,2171.7263,961.7674,2151.7449,914.6785,2122.6855,880.442,2091.7097,841.3735,2045.5748,806.60297,2047.4293,820.71906,2115.1206,851.9276,2182.1506,908.12787,2254.1155,990.24426,2302.5144,1091.9332,2319.7258,1195.67,2309.1636,1277.0022,2267.5903,1329.6062,2201.6306,1354.8944,2134.802,1359.3499,2071.7346
836,836,13933,806.5723,2047.4299,820.79663,1990.4373,856.64496,1940.7158,911.2827,1892.8365,998.9475,1854.5603,1084.8298,1872.5452,1170.7169,1859.8661,1254.4543,1905.4485,1309.8802,1958.0004,1344.8628,2012.6417,1359.2982,2071.7158,1327.9683,2067.974,1291.1261,2027.7654,1248.4323,1995.5184,1204.2273,1969.994,1148.9371,1954.7158,1083.3522,1951.1915,1018.5663,1949.4164,961.55206,1959.153,915.19604,1982.1412,874.11694,2009.9769,841.3264,2045.5753,1327.9683,2067.974,1293.6676,2110.6418,1263.7012,2138.8071,1222.0624,2163.4175,1165.1665,2180.8123,1093.0925,2183.9114,1019.31415,2171.8125,961.4306,2151.8127,914.41595,2122.7183,880.28046,2091.722,841.3264,2045.5753,806.5723,2047.4299,820.6207,2115.1194,851.7523,2182.1501,907.8953,2254.1216,989.9822,2302.5212,1091.6644,2319.7258,1195.456,2309.1545,1276.8098,2267.5195,1329.4304,2201.5156,1354.761,2134.7393,1359.2982,2071.7158
837,837,13950,806.3586,2047.4448,820.57837,1990.4386,856.45374,1940.7184,911.1312,1892.8438,998.80505,1854.5818,1084.7192,1872.5565,1170.6224,1859.8885,1254.3594,1905.458,1309.7944,1958.0033,1344.7881,2012.6445,1359.2435,2071.718,1327.944,2067.9812,1291.1046,2027.7599,1248.407,1995.4878,1204.1703,1969.9425,1148.838,1954.6475,1083.2393,1951.1094,1018.41797,1949.3435,961.34973,1959.0972,914.9188,1982.1084,873.8215,2009.9705,841.0439,2045.5984,1327.944,2067.9812,1293.6658,2110.6965,1263.7009,2138.9497,1222.0565,2163.7551,1165.1285,2181.381,1092.9358,2184.636,1018.9657,2172.4583,960.962,2152.271,913.91705,2122.9568,879.8337,2091.833,841.0439,2045.5984,806.3586,2047.4448,820.3187,2115.1257,851.4071,2182.1582,907.5477,2254.1555,989.68536,2302.596,1091.4664,2319.8203,1195.3246,2309.2122,1276.7153,2267.5315,1329.355,2201.5159,1354.696,2134.7405,1359.2435,2071.718
838,838,13966,806.0868,2047.4581,820.2744,1990.4423,856.1746,1940.7216,910.8867,1892.8485,998.5689,1854.5934,1084.543,1872.5583,1170.4835,1859.8923,1254.2141,1905.4591,1309.6682,1958.0024,1344.6805,2012.6427,1359.145,2071.7197,1327.8788,2067.9827,1291.0741,2027.7147,1248.3652,1995.3575,1204.1001,1969.7305,1148.7261,1954.4037,1083.0869,1950.88,1018.1748,1949.1365,961.03845,1958.9481,914.55884,1982.0354,873.417,2009.9535,840.7328,2045.6108,1327.8788,2067.9827,1293.6382,2110.7656,1263.6843,2139.118,1222.0303,2164.0227,1165.0829,2181.679,1092.86,2184.9075,1018.8101,2172.7012,960.7504,2152.48,913.6378,2123.1084,879.51636,2091.926,840.7328,2045.6108,806.0868,2047.4581,820.1149,2115.1401,851.2678,2182.163,907.443,2254.1575,989.58185,2302.599,1091.3726,2319.8328,1195.2213,2309.2373,1276.6138,2267.5754,1329.2651,2201.555,1354.6066,2134.757,1359.145,2071.7197
839,839,13983,805.899,2047.4448,820.0054,1990.4143,855.8359,1940.7003,910.52356,1892.8376,998.16406,1854.5948,1084.1183,1872.5624,1170.084,1859.9176,1253.8717,1905.5023,1309.3947,1958.0608,1344.4608,2012.7042,1359.0042,2071.807,1327.7831,2068.0815,1290.9121,2027.7532,1248.17,1995.3678,1203.8025,1969.7305,1148.3296,1954.3899,1082.6644,1950.8334,1017.75494,1949.073,960.61536,1958.8726,914.13434,1981.9613,873.10065,2009.9073,840.4778,2045.6067,1327.7831,2068.0815,1293.5792,2110.8599,1263.6288,2139.23,1221.9353,2164.2036,1164.8939,2181.9434,1092.4921,2185.223,1018.2454,2172.9216,960.1108,2152.592,913.05054,2123.1382,879.0366,2091.9302,840.4778,2045.6067,805.899,2047.4448,819.77014,2115.1055,850.7525,2182.137,906.8239,2254.1584,989.0156,2302.6472,1090.9458,2319.9282,1194.9175,2309.3235,1276.4062,2267.6086,1329.0984,2201.5708,1354.4496,2134.7942,1359.0042,2071.807
840,840,14000,805.83435,2047.4506,819.8833,1990.4137,855.66187,1940.6975,910.3384,1892.8252,998.0447,1854.5756,1084.0674,1872.5315,1170.0509,1859.8844,1253.8552,1905.4603,1309.3824,1958.023,1344.4447,2012.6644,1358.9841,2071.7693,1327.7645,2068.0576,1290.8917,2027.7249,1248.1506,1995.3303,1203.776,1969.687,1148.2947,1954.3485,1082.6289,1950.7968,1017.68353,1949.0508,960.51715,1958.8618,914.04016,1981.9583,873.0223,2009.9045,840.41125,2045.617,1327.7645,2068.0576,1293.5514,2110.85,1263.5972,2139.2253,1221.8955,2164.203,1164.8531,2181.9429,1092.4614,2185.2222,1018.20526,2172.9246,960.0677,2152.6003,913.005,2123.1504,878.9891,2091.9458,840.41125,2045.617,805.83435,2047.4506,819.73157,2115.1072,850.72656,2182.1355,906.80066,2254.158,988.98517,2302.6482,1090.9119,2319.93,1194.8447,2309.3235,1276.3033,2267.606,1329.005,2201.5593,1354.3875,2134.7751,1358.9841,2071.7693
841,841,14016,805.793,2047.4314,819.7569,1990.3381,855.4381,1940.5703,910.0597,1892.6487,997.7576,1854.4093,1083.814,1872.3989,1169.8535,1859.808,1253.74,1905.4368,1309.2925,1958.021,1344.3593,2012.6663,1358.9135,2071.7898,1327.7166,2068.0835,1290.8132,2027.7256,1248.0612,1995.3188,1203.6364,1969.6498,1148.0914,1954.2666,1082.3893,1950.655,1017.4587,1948.898,960.29126,1958.7009,913.83655,1981.8198,872.8953,2009.8235,840.3416,2045.608,1327.7166,2068.0835,1293.5311,2110.8894,1263.5798,2139.2903,1221.8643,2164.3591,1164.7705,2182.236,1092.2322,2185.6233,1017.86487,2173.2551,959.6999,2152.799,912.70685,2123.2185,878.7818,2091.958,840.3416,2045.608,805.793,2047.4314,819.5753,2115.0923,850.41156,2182.1348,906.37805,2254.2458,988.61975,2302.9102,1090.6774,2320.2546,1194.7513,2309.555,1276.2642,2267.661,1328.9609,2201.562,1354.3237,2134.7793,1358.9135,2071.7898
842,842,14033,805.5958,2047.3562,819.45636,1990.2205,855.0655,1940.4437,909.6699,1892.5339,997.41296,1854.3323,1083.5563,1872.3151,1169.6387,1859.7408,1253.5688,1905.3533,1309.1448,1957.9457,1344.2144,2012.6171,1358.7587,2071.7725,1327.563,2068.07,1290.6765,2027.6498,1247.9208,1995.171,1203.4686,1969.4504,1147.8832,1954.049,1082.1674,1950.4258,1017.1588,1948.6633,959.9405,1958.4689,913.51447,1981.6213,872.65063,2009.6803,840.16693,2045.5525,1327.563,2068.07,1293.4655,2110.8909,1263.542,2139.3005,1221.8254,2164.3896,1164.7136,2182.27,1092.1522,2185.6443,1017.689,2173.2615,959.47534,2152.8,912.4769,2123.2112,878.5638,2091.9353,840.16693,2045.5525,805.5958,2047.3562,819.3432,2114.9927,850.1716,2182.0447,906.14465,2254.2107,988.42444,2302.9065,1090.5651,2320.2612,1194.6516,2309.5715,1276.1884,2267.6802,1328.9003,2201.5657,1354.24,2134.7773,1358.7587,2071.7725
843,843,14050,805.5894,2047.0833,819.4117,1989.9565,854.9762,1940.219,909.5394,1892.3682,997.2227,1854.2521,1083.3372,1872.2418,1169.4169,1859.7065,1253.3414,1905.3157,1308.932,1957.9099,1344.0237,2012.5844,1358.5835,2071.7449,1327.3826,2068.047,1290.4712,2027.6035,1247.7227,1995.0913,1203.2595,1969.3312,1147.667,1953.8901,1081.965,1950.2289,1016.97363,1948.4324,959.78766,1958.1992,913.4181,1981.3264,872.6121,2009.384,840.1627,2045.3014,1327.3826,2068.047,1293.3483,2110.8508,1263.4535,2139.2498,1221.7518,2164.3176,1164.6483,2182.1565,1092.1023,2185.4893,1017.6598,2173.0764,959.4613,2152.6018,912.471,2122.9966,878.55963,2091.7017,840.1627,2045.3014,805.5894,2047.0833,819.3266,2114.698,850.1428,2181.7927,906.1011,2254.0388,988.36804,2302.7764,1090.4954,2320.1565,1194.578,2309.5032,1276.1179,2267.6353,1328.8123,2201.5227,1354.1104,2134.74,1358.5835,2071.7449
844,844,14066,805.5468,2046.9033,819.36786,1989.8014,854.93567,1940.1144,909.50073,1892.3082,997.18195,1854.2233,1083.3063,1872.2097,1169.3882,1859.6799,1253.2994,1905.26,1308.8867,1957.8267,1343.979,2012.4822,1358.5416,2071.646,1327.3601,2067.954,1290.4551,2027.4617,1247.7067,1994.9202,1203.2352,1969.1588,1147.638,1953.7285,1081.9324,1950.0743,1016.92053,1948.2697,959.7176,1958.0198,913.33813,1981.1305,872.5376,2009.1808,840.108,2045.1389,1327.3601,2067.954,1293.3416,2110.802,1263.4506,2139.2205,1221.7482,2164.2974,1164.6427,2182.1343,1092.0945,2185.4592,1017.63794,2173.0305,959.4305,2152.542,912.42786,2122.9211,878.50684,2091.6033,840.108,2045.1389,805.5468,2046.9033,819.2875,2114.5122,850.1114,2181.6013,906.07623,2253.8728,988.3476,2302.6445,1090.4816,2320.0564,1194.5592,2309.4238,1276.0975,2267.5708,1328.7905,2201.4539,1354.0797,2134.661,1358.5416,2071.646
845,845,14083,805.4977,2046.8104,819.3038,1989.6746,854.8634,1939.9855,909.425,1892.1786,997.13086,1854.0981,1083.2755,1872.0614,1169.3723,1859.5619,1253.2966,1905.1492,1308.8843,1957.7261,1343.979,2012.39,1358.5457,2071.577,1327.3699,2067.8948,1290.4553,2027.3694,1247.7047,1994.8077,1203.2281,1969.0327,1147.6202,1953.58,1081.9072,1949.9025,1016.8821,1948.1151,959.669,1957.8799,913.28284,1980.9948,872.4894,2009.0541,840.0528,2045.0603,1327.3699,2067.8948,1293.3456,2110.768,1263.4498,2139.201,1221.7435,2164.2908,1164.6207,2182.1333,1092.0358,2185.4575,1017.5402,2173.0295,959.3185,2152.5396,912.3232,2122.9102,878.42645,2091.5708,840.0528,2045.0603,805.4977,2046.8104,819.2024,2114.4187,849.9974,2181.525,905.9554,2253.828,988.2433,2302.6167,1090.4082,2320.034,1194.5093,2309.3945,1276.0702,2267.5217,1328.7839,2201.386,1354.0748,2134.593,1358.5457,2071.577
846,846,14100,805.4932,2046.7788,819.30286,1989.6418,854.869,1939.9685,909.4363,1892.171,997.15234,1854.0919,1083.3138,1872.0404,1169.4117,1859.5465,1253.3315,1905.1171,1308.9236,1957.6694,1344.0214,2012.2959,1358.5952,2071.4636,1327.4678,2067.8008,1290.5613,2027.2545,1247.7927,1994.699,1203.2936,1968.9397,1147.675,1953.4941,1081.9541,1949.8235,1016.9067,1948.0525,959.67725,1957.8248,913.28204,1980.9382,872.4852,2008.9982,840.0485,2045.0359,1327.4678,2067.8008,1293.4348,2110.759,1263.5284,2139.209,1221.7974,2164.3542,1164.6505,2182.2673,1092.0427,2185.623,1017.5376,2173.1855,959.31415,2152.649,912.3156,2122.9553,878.41986,2091.5764,840.0485,2045.0359,805.4932,2046.7788,819.19855,2114.4014,849.99524,2181.5151,905.9552,2253.826,988.2464,2302.6165,1090.4182,2320.0352,1194.5164,2309.3936,1276.0769,2267.5098,1328.7942,2201.3503,1354.0977,2134.53,1358.5952,2071.4636
847,847,14116,805.48956,2046.7283,819.29895,1989.5673,854.86414,1939.8818,909.43054,1892.0707,997.1504,1853.9874,1083.3229,1871.9342,1169.4431,1859.4438,1253.4142,1905.0259,1309.0361,1957.5968,1344.1411,2012.236,1358.6968,2071.4224,1327.5995,2067.758,1290.6837,2027.19,1247.8954,1994.6235,1203.3556,1968.8567,1147.707,1953.4019,1081.9685,1949.7203,1016.9099,1947.9563,959.67523,1957.731,913.2789,1980.8483,872.48175,2008.917,840.0442,2044.986,1327.5995,2067.758,1293.5527,2110.7292,1263.6189,2139.1868,1221.8411,2164.3413,1164.6614,2182.2607,1092.0398,2185.619,1017.53143,2173.18,959.3006,2152.6409,912.30096,2122.9407,878.41235,2091.5505,840.0442,2044.986,805.48956,2046.7283,819.19525,2114.3398,849.9845,2181.4478,905.9456,2253.7776,988.24335,2302.584,1090.4165,2320.0085,1194.5166,2309.36,1276.0884,2267.4595,1328.8306,2201.2896,1354.1646,2134.4817,1358.6968,2071.4224
848,848,14133,805.49677,2046.6221,819.3034,1989.4895,854.8637,1939.8424,909.4275,1892.0585,997.1481,1853.9865,1083.3265,1871.9342,1169.4513,1859.4463,1253.4248,1905.0238,1309.0544,1957.5858,1344.1635,2012.2112,1358.716,2071.3875,1327.6343,2067.7239,1290.726,2027.1544,1247.9343,1994.5908,1203.3785,1968.8306,1147.7191,1953.3799,1081.9725,1949.6976,1016.90753,1947.921,959.6723,1957.6763,913.2757,1980.7722,872.47974,2008.8213,840.0434,2044.8892,1327.6343,2067.7239,1293.572,2110.6921,1263.6249,2139.1396,1221.8394,2164.2646,1164.6527,2182.1357,1092.0311,2185.4539,1017.5244,2173.0146,959.2954,2152.5078,912.2985,2122.8413,878.4101,2091.46,840.0434,2044.8892,805.49677,2046.6221,819.19556,2114.2,849.9821,2181.252,905.9423,2253.5425,988.23303,2302.33,1090.401,2319.7703,1194.4844,2309.169,1276.065,2267.3428,1328.827,2201.2244,1354.1659,2134.4448,1358.716,2071.3875
849,849,14150,805.4918,2046.6005,819.2978,1989.421,854.86084,1939.7328,909.42426,1891.9121,997.14734,1853.8265,1083.3278,1871.7711,1169.451,1859.3265,1253.4252,1904.9492,1309.056,1957.5463,1344.1652,2012.1941,1358.7177,2071.3848,1327.6398,2067.7202,1290.7303,2027.1256,1247.9406,1994.5184,1203.3813,1968.7053,1147.7198,1953.1943,1081.9722,1949.4703,1016.9051,1947.705,959.6696,1957.4952,913.27045,1980.6383,872.47394,2008.7397,840.03424,2044.8693,1327.6398,2067.7202,1293.5818,2110.6873,1263.6301,2139.1338,1221.8376,2164.2576,1164.6428,2182.1277,1091.9961,2185.448,1017.464,2173.0112,959.22455,2152.5066,912.2354,2122.8394,878.3687,2091.453,840.03424,2044.8693,805.4918,2046.6005,819.15955,2114.1694,849.923,2181.2224,905.8854,2253.517,988.1888,2302.3008,1090.3679,2319.7344,1194.4558,2309.1318,1276.0488,2267.3083,1328.8236,2201.197,1354.1641,2134.432,1358.7177,2071.3848
850,850,14166,805.54834,2046.5874,819.3369,1989.3761,854.88434,1939.648,909.4405,1891.7803,997.16254,1853.6615,1083.3402,1871.607,1169.4579,1859.1858,1253.4409,1904.8557,1309.0831,1957.476,1344.2003,2012.1343,1358.7794,2071.3345,1327.7412,2067.666,1290.8174,2027.0278,1248.0088,1994.3756,1203.4202,1968.5166,1147.7458,1952.9613,1081.9962,1949.2058,1016.9352,1947.4595,959.6997,1957.2917,913.29224,1980.496,872.5002,2008.6622,840.0609,2044.8544,1327.7412,2067.666,1293.6785,2110.6243,1263.6873,2139.0442,1221.8513,2164.149,1164.6401,2182.0217,1091.9917,2185.3623,1017.45374,2172.958,959.2144,2152.4834,912.22833,2122.8298,878.3663,2091.4453,840.0609,2044.8544,805.54834,2046.5874,819.1887,2114.1206,849.93976,2181.106,905.8979,2253.315,988.1905,2302.0088,1090.3643,2319.386,1194.4463,2308.766,1276.04,2266.9822,1328.8202,2200.971,1354.18,2134.3174,1358.7794,2071.3345
851,851,14183,805.55975,2046.5154,819.34076,1989.286,854.88257,1939.5562,909.43726,1891.6912,997.1591,1853.5817,1083.3396,1871.536,1169.4569,1859.1123,1253.4424,1904.7745,1309.0862,1957.3951,1344.2068,2012.0531,1358.791,2071.2666,1327.7574,2067.594,1290.8296,2026.9148,1248.0151,1994.2349,1203.4214,1968.3639,1147.7456,1952.8062,1081.9966,1949.0513,1016.93353,1947.2908,959.6979,1957.1228,913.2922,1980.3438,872.50616,2008.5386,840.06934,2044.7822,1327.7574,2067.594,1293.6842,2110.5847,1263.6898,2139.018,1221.85,2164.131,1164.6373,2182.0056,1091.9875,2185.345,1017.45056,2172.9338,959.21173,2152.4531,912.2269,2122.7942,878.37036,2091.4001,840.06934,2044.7822,805.55975,2046.5154,819.2005,2114.0347,849.9478,2181.0059,905.8994,2253.2332,988.18835,2301.9583,1090.3607,2319.356,1194.4299,2308.741,1276.0184,2266.9614,1328.8134,2200.9448,1354.1794,2134.2769,1358.791,2071.2666
852,852,14200,805.52344,2046.4932,819.28766,1989.245,854.8129,1939.528,909.35205,1891.686,997.04913,1853.5873,1083.2611,1871.5371,1169.3867,1859.1267,1253.3721,1904.7742,1309.0376,1957.3928,1344.173,2012.051,1358.7715,2071.2717,1327.7551,2067.598,1290.8312,2026.8782,1248.0135,1994.1348,1203.4067,1968.2263,1147.7097,1952.6487,1081.9358,1948.8862,1016.8186,1947.0986,959.54755,1956.9225,913.13525,1980.1614,872.3608,2008.4227,839.9947,2044.7623,1327.7551,2067.598,1293.6951,2110.6675,1263.7065,2139.1655,1221.8534,2164.2832,1164.6342,2182.1162,1091.9799,2185.417,1017.39667,2172.9973,959.1089,2152.514,912.09064,2122.8362,878.2453,2091.4106,839.9947,2044.7623,805.52344,2046.4932,819.15735,2114.0176,849.91345,2180.9763,905.8793,2253.1892,988.17346,2301.9136,1090.3551,2319.328,1194.4061,2308.7346,1275.9967,2266.9692,1328.8068,2200.9778,1354.1737,2134.3066,1358.7715,2071.2717
853,853,14216,805.5213,2046.4885,819.27966,1989.21,854.79114,1939.4414,909.31555,1891.543,997.01294,1853.402,1083.2336,1871.3256,1169.3607,1858.9697,1253.3583,1904.681,1309.0311,1957.3464,1344.1678,2012.0359,1358.7701,2071.2712,1327.7559,2067.5967,1290.833,2026.8232,1248.0149,1993.9924,1203.4049,1967.9885,1147.7012,1952.3281,1081.9193,1948.5145,1016.8014,1946.7524,959.5287,1956.6407,913.11584,1979.9753,872.3506,2008.3387,839.99176,2044.7592,1327.7559,2067.5967,1293.7122,2110.6724,1263.7289,2139.1777,1221.8616,2164.3086,1164.6311,2182.1582,1091.9515,2185.4712,1017.3284,2173.0576,959.02954,2152.5664,912.0197,2122.8662,878.2065,2091.42,839.99176,2044.7592,805.5213,2046.4885,819.14343,2114.0125,849.8862,2180.963,905.85187,2253.1682,988.15027,2301.8862,1090.3353,2319.2954,1194.3953,2308.6938,1275.9917,2266.923,1328.8032,2200.947,1354.1722,2134.2993,1358.7701,2071.2712
854,854,14233,805.42017,2046.4268,819.13293,1989.1338,854.60913,1939.3639,909.12646,1891.4794,996.8537,1853.3705,1083.1487,1871.2839,1169.315,1858.9305,1253.3434,1904.6078,1309.0314,1957.2716,1344.188,2011.9851,1358.8184,2071.251,1327.8102,2067.5703,1290.8761,2026.7097,1248.0234,1993.7792,1203.4019,1967.6927,1147.6758,1952.0027,1081.8618,1948.1951,1016.6748,1946.418,959.35535,1956.3334,912.9465,1979.7393,872.2061,2008.1823,839.8963,2044.6896,1327.8102,2067.5703,1293.7615,2110.6702,1263.7599,2139.1765,1221.8663,2164.2935,1164.6282,2182.0896,1091.9491,2185.3252,1017.3235,2172.9,959.0111,2152.4504,911.9774,2122.7976,878.1416,2091.37,839.8963,2044.6896,805.42017,2046.4268,819.10547,2113.9026,849.88153,2180.7393,905.85126,2252.7976,988.148,2301.4429,1090.3315,2318.9277,1194.3743,2308.4722,1275.9775,2266.879,1328.8037,2200.945,1354.2078,2134.2966,1358.8184,2071.251
855,855,14250,805.4432,2046.4126,819.1587,1989.1066,854.6335,1939.3307,909.1461,1891.4474,996.86646,1853.3529,1083.155,1871.2793,1169.3173,1858.929,1253.3438,1904.613,1309.0325,1957.289,1344.1896,2012.0186,1358.825,2071.3103,1327.8308,2067.6152,1290.8956,2026.716,1248.0409,1993.7758,1203.4099,1967.6875,1147.6779,1951.997,1081.8613,1948.1765,1016.67487,1946.3839,959.3575,1956.2803,912.9472,1979.6821,872.20917,2008.1373,839.9008,2044.6754,1327.8308,2067.6152,1293.7972,2110.6982,1263.7975,2139.1885,1221.8824,2164.2952,1164.627,2182.0884,1091.9457,2185.3235,1017.3199,2172.8982,959.0078,2152.4492,911.9742,2122.797,878.1383,2091.3677,839.9008,2044.6754,805.4432,2046.4126,819.1097,2113.8892,849.8812,2180.7266,905.8508,2252.786,988.1457,2301.4282,1090.326,2318.9124,1194.37,2308.4604,1275.9713,2266.875,1328.8013,2200.9453,1354.2096,2134.32,1358.825,2071.3103
856,856,14266,805.5079,2046.4089,819.1828,1989.081,854.6435,1939.2107,909.15894,1891.1951,996.91144,1853.001,1083.2244,1870.9738,1169.4169,1858.6211,1253.5701,1904.4424,1309.3434,1957.2246,1344.5436,2012.01,1359.2069,2071.3142,1328.1526,2067.6145,1291.082,2026.7125,1248.2351,1993.7651,1203.5585,1967.6555,1147.7737,1951.9377,1081.9326,1948.0946,1016.7474,1946.3088,959.4346,1956.2222,913.02673,1979.6516,872.3303,2008.1276,839.97815,2044.6705,1328.1526,2067.6145,1294.0168,2110.5654,1263.9425,2138.8367,1221.9554,2163.7278,1164.6461,2181.4412,1091.9437,2184.7327,1017.3165,2172.3972,959.00665,2152.0825,911.9828,2122.5815,878.1711,2091.275,839.97815,2044.6705,805.5079,2046.4089,819.1167,2113.867,849.87915,2180.6711,905.8487,2252.716,988.14374,2301.326,1090.3242,2318.7651,1194.3774,2308.2788,1276.025,2266.6726,1328.9596,2200.8074,1354.4851,2134.284,1359.2069,2071.3142
857,857,14283,805.77563,2046.3167,819.3596,1988.9309,854.78723,1939.0037,909.2882,1890.965,997.0537,1852.7964,1083.3619,1870.8418,1169.5984,1858.5076,1253.867,1904.3896,1309.7046,1957.2002,1344.9592,2012.0006,1359.6611,2071.311,1328.5195,2067.607,1291.3221,2026.7092,1248.4576,1993.7627,1203.758,1967.6523,1147.9368,1951.9323,1082.0632,1948.0895,1016.9266,1946.2974,959.66766,1956.1913,913.31006,1979.5995,872.6617,2008.0557,840.2837,2044.5724,1328.5195,2067.607,1294.2649,2110.4817,1264.137,2138.6758,1222.105,2163.5251,1164.742,2181.2673,1091.9878,2184.6147,1017.3885,2172.3057,959.11926,2151.9917,912.1587,2122.4792,878.4209,2091.1562,840.2837,2044.5724,805.77563,2046.3167,819.2072,2113.8145,849.9034,2180.666,905.8644,2252.7268,988.18066,2301.3477,1090.3904,2318.7742,1194.5538,2308.2756,1276.3176,2266.6475,1329.3339,2200.762,1354.8953,2134.2551,1359.6611,2071.311
858,858,14300,806.12805,2045.9489,819.7426,1988.544,855.2336,1938.5731,909.85223,1890.5068,997.7664,1852.3579,1084.141,1870.4563,1170.4236,1858.1271,1254.7728,1904.0564,1310.6185,1956.9316,1345.845,2011.7861,1360.534,2071.117,1329.2706,2067.402,1291.9763,2026.5635,1249.1654,1993.6256,1204.481,1967.5059,1148.6522,1951.7701,1082.7572,1947.9084,1017.55896,1946.0936,960.26794,1955.969,913.8641,1979.3635,873.1689,2007.7894,840.6891,2044.213,1329.2706,2067.402,1294.9148,2110.0427,1264.7521,2138.0706,1222.6769,2162.765,1165.2678,2180.409,1092.4967,2183.722,1017.90314,2171.4443,959.63385,2151.2002,912.64746,2121.8005,878.88715,2090.6038,840.6891,2044.213,806.12805,2045.9489,819.4991,2113.4185,850.1908,2180.3193,906.21497,2252.4521,988.5937,2301.0842,1090.8678,2318.5046,1195.0851,2307.9995,1276.9528,2266.3623,1330.1017,2200.4768,1355.731,2133.9944,1360.534,2071.117
859,859,14316,806.32477,2045.3713,819.9623,1987.9619,855.48755,1937.9727,910.16016,1889.8834,998.10834,1851.7273,1084.4102,1869.9319,1170.6482,1857.604,1254.9979,1903.6431,1310.8254,1956.5795,1346.0459,2011.4727,1360.7692,2070.799,1329.4888,2067.072,1292.1161,2026.3662,1249.3035,1993.5011,1204.6178,1967.417,1148.8098,1951.683,1082.9465,1947.8016,1017.81146,1945.9636,960.5798,1955.7882,914.15625,1979.0929,873.4573,2007.3933,840.9035,2043.6532,1329.4888,2067.072,1295.0795,2109.5242,1264.8972,2137.4531,1222.8097,2162.1697,1165.3765,2179.9224,1092.5691,2183.3435,1017.9936,2171.0515,959.75275,2150.7393,912.8048,2121.261,879.0775,2090.0198,840.9035,2043.6532,806.32477,2045.3713,819.59,2112.9653,850.225,2180.0825,906.23016,2252.3823,988.6134,2301.066,1090.901,2318.4866,1195.1606,2307.9382,1277.0608,2266.1548,1330.2332,2200.117,1355.9001,2133.6072,1360.7692,2070.799
860,860,14333,806.4679,2045.0364,820.06696,1987.5728,855.5973,1937.5093,910.31433,1889.3765,998.32935,1851.2319,1084.6189,1869.5753,1170.8829,1857.2489,1255.3376,1903.4119,1311.1863,1956.4406,1346.3713,2011.3958,1361.0514,2070.7444,1329.6965,2067.0044,1292.2449,2026.3547,1249.4652,1993.4962,1204.7784,1967.4191,1148.9691,1951.6869,1083.1085,1947.7972,1018.0196,1945.9563,960.8262,1955.7621,914.3954,1979.0049,873.70917,2007.2048,841.08307,2043.3204,1329.6965,2067.0044,1295.2042,2109.2676,1264.9756,2137.0225,1222.858,2161.5972,1165.4,2179.3228,1092.5748,2182.8137,1018.0157,2170.554,959.8013,2150.2615,912.89355,2120.8047,879.2113,2089.5952,841.08307,2043.3204,806.4679,2045.0364,819.60675,2112.705,850.2192,2179.978,906.2118,2252.3684,988.60815,2301.0632,1090.901,2318.4812,1195.2039,2307.916,1277.172,2266.0676,1330.4121,2199.9846,1356.13,2133.4941,1361.0514,2070.7444
861,861,14350,806.5743,2044.6974,820.13245,1987.23,855.6746,1937.1,910.4395,1888.9016,998.5424,1850.753,1084.8307,1869.2448,1171.1083,1856.8629,1255.6598,1903.125,1311.5435,1956.2661,1346.7,2011.3032,1361.3025,2070.6592,1329.8273,2066.896,1292.3135,2026.3474,1249.5746,1993.4941,1204.9059,1967.423,1149.1168,1951.6917,1083.2709,1947.7959,1018.2199,1945.9492,961.06885,1955.7461,914.64594,1978.9456,873.9822,2007.0488,841.2771,2042.9532,1329.8273,2066.896,1295.2233,2108.6985,1264.9772,2135.9646,1222.8553,2160.025,1165.3975,2177.443,1092.5773,2180.9177,1018.0899,2168.8179,959.9588,2148.8196,913.11554,2119.7263,879.4513,2088.8264,841.2771,2042.9532,806.5743,2044.6974,819.642,2112.3386,850.227,2179.6963,906.2153,2252.1484,988.61304,2300.8005,1090.903,2318.147,1195.2148,2307.543,1277.2021,2265.6624,1330.4817,2199.6372,1356.2665,2133.2698,1361.3025,2070.6592
862,862,14366,806.6263,2044.4296,820.15295,1986.8983,855.7083,1936.6619,910.51556,1888.3981,998.67957,1850.2811,1084.9478,1868.9099,1171.2319,1856.5103,1255.8492,1902.8673,1311.7526,1956.1168,1346.8865,2011.2352,1361.4117,2070.6138,1329.8674,2066.8396,1292.3317,2026.3435,1249.6124,1993.5004,1204.9602,1967.4395,1149.1843,1951.7079,1083.3469,1947.8014,1018.33923,1945.9437,961.2218,1955.736,914.7991,1978.8972,874.1279,2006.928,841.38544,2042.685,1329.8674,2066.8396,1295.2274,2108.395,1264.977,2135.469,1222.8529,2159.3901,1165.3942,2176.7705,1092.5745,2180.2954,1018.1088,2168.233,960.0154,2148.2712,913.20935,2119.2278,879.56,2088.3916,841.38544,2042.685,806.6263,2044.4296,819.6435,2112.14,850.21747,2179.6294,906.2015,2252.1409,988.6083,2300.796,1090.8998,2318.1323,1195.225,2307.509,1277.236,2265.5725,1330.5353,2199.5117,1356.3417,2133.162,1361.4117,2070.6138
863,863,14383,806.6271,2044.2787,820.1565,1986.6927,855.7412,1936.3618,910.61523,1887.9938,998.8851,1849.7582,1085.1449,1868.4268,1171.4174,1855.9277,1256.0878,1902.3789,1312.0026,1955.7466,1347.1099,2010.9718,1361.5702,2070.3894,1329.9644,2066.5918,1292.404,2026.219,1249.7233,1993.4177,1205.0864,1967.3662,1149.3243,1951.6414,1083.4978,1947.7394,1018.50684,1945.8827,961.3789,1955.6678,914.9093,1978.8219,874.19556,2006.8213,841.39886,2042.5148,1329.9644,2066.5918,1295.252,2107.877,1264.9814,2134.7778,1222.8534,2158.6106,1165.3933,2176.0146,1092.573,2179.6223,1018.12085,2167.655,960.0421,2147.7773,913.24115,2118.8264,879.5874,2088.083,841.39886,2042.5148,806.6271,2044.2787,819.6349,2111.9917,850.2015,2179.5396,906.1925,2252.0833,988.6067,2300.7146,1090.8982,2317.9937,1195.2301,2307.2983,1277.249,2265.2593,1330.5677,2199.1555,1356.4193,2132.8345,1361.5702,2070.3894
864,864,14400,806.69336,2044.016,820.1958,1986.4327,855.7847,1936.0503,910.69653,1887.621,999.07434,1849.3329,1085.3647,1868.0929,1171.6721,1855.5509,1256.4961,1902.0923,1312.4988,1955.5751,1347.5829,2010.886,1361.9207,2070.3276,1330.1948,2066.5225,1292.5598,2026.2151,1249.8995,1993.4255,1205.2611,1967.3925,1149.501,1951.6772,1083.6743,1947.7659,1018.6933,1945.8901,961.55884,1955.6584,915.0923,1978.8112,874.3797,2006.7467,841.52527,2042.2568,1330.1948,2066.5225,1295.4185,2107.607,1265.111,2134.3706,1222.9694,2158.048,1165.5076,2175.305,1092.7218,2178.8223,1018.3812,2166.851,960.34283,2147.0417,913.5309,2118.2249,879.83563,2087.6196,841.52527,2042.2568,806.69336,2044.016,819.6779,2111.7627,850.22943,2179.403,906.23346,2252.0344,988.6905,2300.6948,1091.0288,2317.971,1195.45,2307.2783,1277.5621,2265.2236,1330.9463,2199.0945,1356.8005,2132.7576,1361.9207,2070.3276
865,865,14416,806.7169,2043.8865,820.2032,1986.31,855.794,1935.867,910.7208,1887.3365,999.17,1848.9034,1085.5096,1867.6641,1171.8495,1855.0024,1256.7893,1901.6133,1312.865,1955.2373,1347.9521,2010.678,1362.1982,2070.1467,1330.3528,2066.2935,1292.6605,2026.1213,1250.0297,1993.3667,1205.3999,1967.3375,1149.6526,1951.632,1083.8269,1947.7334,1018.8291,1945.8632,961.6893,1955.6316,915.2343,1978.7842,874.53595,2006.6863,841.61536,2042.0824,1330.3528,2066.2935,1295.5159,2106.8975,1265.1857,2133.268,1223.0394,2156.5017,1165.5902,2173.4082,1092.8796,2176.803,1018.6196,2164.9526,960.60364,2145.4856,913.77673,2117.1504,880.03204,2086.9836,841.61536,2042.0824,806.7169,2043.8865,819.7077,2111.4587,850.276,2178.9368,906.3304,2251.4287,988.8525,2299.954,1091.2172,2317.1292,1195.6207,2306.5012,1277.7701,2264.6106,1331.2208,2198.6445,1357.1012,2132.4316,1362.1982,2070.1467
866,866,14433,806.7144,2043.4071,820.20306,1985.9763,855.79926,1935.5706,910.75165,1887.0557,999.2646,1848.621,1085.6188,1867.4521,1171.9529,1854.748,1256.9161,1901.3948,1313.0032,1955.0599,1348.0774,2010.5372,1362.2888,2069.9568,1330.3713,2066.0667,1292.6648,2026.0853,1250.0502,1993.3638,1205.44,1967.3346,1149.7155,1951.6301,1083.898,1947.7318,1018.8869,1945.8577,961.7503,1955.6163,915.3036,1978.7327,874.5981,2006.5187,841.6335,2041.5731,1330.3713,2066.0667,1295.5135,2106.1736,1265.165,2132.1638,1223.013,2154.9587,1165.5752,2171.4836,1092.8815,2174.684,1018.6699,2162.914,960.70044,2143.6982,913.8909,2115.7444,880.126,2085.9487,841.6335,2041.5731,806.7144,2043.4071,819.6984,2110.9075,850.2606,2178.4036,906.3232,2250.8918,988.8514,2299.3455,1091.2166,2316.4524,1195.6208,2305.9158,1277.7804,2264.165,1331.2612,2198.312,1357.1659,2132.1555,1362.2888,2069.9568
867,867,14450,806.74097,2043.0168,820.2243,1985.6237,855.84247,1935.2078,910.86194,1886.7063,999.4667,1848.3042,1085.815,1867.1753,1172.1378,1854.4305,1257.1095,1901.0615,1313.1886,1954.766,1348.1984,2010.317,1362.3282,2069.7278,1330.374,2065.8083,1292.6741,2025.9968,1250.103,1993.3267,1205.5354,1967.314,1149.8512,1951.6216,1084.0541,1947.7268,1019.04065,1945.843,961.90295,1955.5735,915.44806,1978.6439,874.7324,2006.3287,841.7246,2041.1599,1330.374,2065.8083,1295.5149,2105.5327,1265.1609,2131.2668,1223.0071,2153.766,1165.5729,2170.052,1092.8893,2173.1577,1018.7453,2161.4888,960.82025,2142.4988,914.0222,2114.806,880.2538,2085.2266,841.7246,2041.1599,806.74097,2043.0168,819.6987,2110.487,850.2545,2178.0122,906.32275,2250.474,988.85565,2298.7922,1091.2205,2315.7756,1195.6322,2305.2957,1277.8115,2263.6445,1331.3169,2197.9001,1357.2196,2131.8232,1362.3282,2069.7278
868,868,14466,806.80164,2042.9867,820.2546,1985.5779,855.87604,1935.1179,910.91315,1886.5481,999.54486,1848.057,1085.8745,1866.8562,1172.1758,1854.079,1257.1367,1900.7173,1313.2064,1954.4758,1348.2043,2010.0991,1362.322,2069.5225,1330.3099,2065.585,1292.6289,2025.8839,1250.0928,1993.2479,1205.5378,1967.2426,1149.8684,1951.561,1084.1,1947.6829,1019.10724,1945.8132,962.0082,1955.5568,915.6064,1978.6356,874.9173,2006.3138,841.9015,2041.1089,1330.3099,2065.585,1295.426,2105.0854,1265.0604,2130.7014,1222.9413,2153.044,1165.5499,2169.1704,1092.894,2172.2246,1018.8414,2160.7212,961.0212,2141.973,914.2823,2114.4841,880.50934,2085.0303,841.9015,2041.1089,806.80164,2042.9867,819.72485,2110.4143,850.2725,2177.8901,906.34973,2250.2158,988.8791,2298.3096,1091.226,2315.1353,1195.6327,2304.6719,1277.8114,2263.172,1331.317,2197.5603,1357.2191,2131.541,1362.322,2069.5225
869,869,14483,806.803,2042.7491,820.2588,1985.406,855.90906,1934.9696,911.02136,1886.4221,999.7755,1847.9438,1086.1072,1866.7577,1172.3872,1853.9534,1257.3379,1900.5581,1313.3522,1954.3105,1348.2739,2009.9478,1362.3273,2069.3203,1330.2842,2065.3647,1292.6093,2025.8635,1250.0953,1993.2524,1205.5798,1967.2917,1149.9677,1951.6613,1084.2433,1947.8075,1019.2455,1945.9039,962.1572,1955.5913,915.7487,1978.6262,875.02325,2006.28,841.9392,2040.8489,1330.2842,2065.3647,1295.3472,2104.4634,1264.9548,2129.821,1222.8649,2151.8794,1165.5151,2167.798,1092.8939,2170.8054,1018.9043,2159.4678,961.13794,2140.967,914.4103,2113.743,880.6181,2084.4744,841.9392,2040.8489,806.803,2042.7491,819.6967,2110.205,850.2222,2177.744,906.32825,2250.0505,988.875,2298.0295,1091.2235,2314.73,1195.6327,2304.2542,1277.8145,2262.788,1331.3267,2197.2415,1357.228,2131.2651,1362.3273,2069.3203
870,870,14500,806.7902,2042.5133,820.2594,1985.2048,855.9384,1934.7649,911.16064,1886.2097,1000.1934,1847.6832,1086.6415,1866.4796,1172.9285,1853.646,1257.897,1900.2372,1313.7794,1954.0398,1348.4799,2009.7526,1362.3468,2069.1267,1330.2815,2065.1392,1292.6199,2025.8116,1250.1932,1993.2488,1205.822,1967.2932,1150.3127,1951.6788,1084.6123,1947.8362,1019.4941,1945.9225,962.33356,1955.591,915.868,1978.616,875.07196,2006.2255,841.94275,2040.5996,1330.2815,2065.1392,1295.3092,2103.9722,1264.896,2129.183,1222.8243,2151.0623,1165.5022,2166.8193,1092.9023,2169.742,1018.9825,2158.539,961.24426,2140.2275,914.4961,2113.2046,880.6719,2084.0552,841.94275,2040.5996,806.7902,2042.5133,819.672,2110.0098,850.2045,2177.5435,906.3278,2249.7517,988.8791,2297.5742,1091.226,2314.1519,1195.6322,2303.699,1277.8137,2262.3447,1331.3282,2196.9304,1357.2341,2131.0308,1362.3468,2069.1267
871,871,14516,806.7953,2042.165,820.28076,1984.8876,856.02167,1934.4642,911.3639,1885.9509,1000.5492,1847.4636,1087.0067,1866.2396,1173.2375,1853.3967,1258.1499,1899.9237,1313.9684,1953.722,1348.572,2009.4884,1362.3522,2068.871,1330.2798,2064.8496,1292.6467,2025.6377,1250.2892,1993.1548,1206.0131,1967.2458,1150.5702,1951.6631,1084.8965,1947.8309,1019.7032,1945.9094,962.4853,1955.5502,915.97504,1978.5212,875.1166,2006.0237,841.96564,2040.2291,1330.2798,2064.8496,1295.305,2103.6338,1264.8875,2128.8406,1222.8184,2150.6243,1165.5016,2166.2136,1092.9424,2168.985,1019.1185,2157.83,961.4001,2139.6423,914.6079,2112.745,880.74457,2083.642,841.96564,2040.2291,806.7953,2042.165,819.6744,2109.7266,850.21783,2177.236,906.38745,2249.2407,988.94775,2296.8079,1091.2616,2313.2957,1195.6396,2302.9897,1277.816,2261.927,1331.3347,2196.7048,1357.2427,2130.8274,1362.3522,2068.871
872,872,14533,806.88916,2040.9181,820.40424,1983.9119,856.2117,1933.7356,911.6543,1885.4869,1000.9013,1847.224,1087.4062,1866.017,1173.6425,1853.1646,1258.4613,1899.4587,1314.2386,1953.01,1348.8047,2008.6132,1362.5159,2067.7927,1330.377,2063.7822,1292.8002,2024.9645,1250.4934,1992.7803,1206.2977,1967.0757,1150.9004,1951.61,1085.2042,1947.8096,1019.90735,1945.8519,962.6528,1955.3629,916.13586,1978.1046,875.2566,2005.2699,842.12366,2039.0131,1330.377,2063.7822,1295.3737,2102.702,1264.9508,2128.0574,1222.9069,2149.9238,1165.6323,2165.5095,1093.1945,2168.2388,1019.48706,2157.0122,961.7936,2138.769,914.9565,2111.8032,881.0253,2082.5823,842.12366,2039.0131,806.88916,2040.9181,819.74207,2108.8057,850.2916,2176.5671,906.5044,2248.6487,989.11145,2296.2278,1091.4554,2312.7278,1195.8405,2302.459,1278.0409,2261.439,1331.5676,2196.1658,1357.4592,2130.063,1362.5159,2067.7927
873,873,14550,806.9003,2039.7905,820.406,1982.9535,856.2163,1932.8545,911.7029,1884.6935,1001.1034,1846.5637,1087.7197,1865.4635,1174.0331,1852.5359,1258.9484,1898.6713,1314.7024,1952.2075,1349.1344,2007.8948,1362.6318,2067.037,1330.3771,2063.008,1292.7983,2024.7303,1250.504,1992.741,1206.3677,1967.0754,1151.0422,1951.653,1085.3839,1947.8728,1020.0407,1945.8746,962.8069,1955.3566,916.3364,1978.0049,875.49615,2004.8555,842.28845,2037.8885,1330.3771,2063.008,1295.32,2101.236,1264.8586,2126.174,1222.8491,2147.5774,1165.6207,2162.767,1093.2231,2165.337,1019.65216,2154.2202,962.07355,2136.2776,915.3107,2109.7126,881.3592,2080.8416,842.28845,2037.8885,806.9003,2039.7905,819.72296,2107.7915,850.22504,2175.768,906.45325,2247.909,989.0982,2295.423,1091.4558,2311.826,1195.8497,2301.6116,1278.084,2260.6775,1331.6687,2195.464,1357.5933,2129.304,1362.6318,2067.037
874,874,14566,807.0856,2039.3358,820.6237,1982.5557,856.5349,1932.4779,912.1786,1884.3329,1001.7906,1846.1954,1088.483,1865.026,1174.7877,1852.0234,1259.6024,1897.9601,1315.2507,1951.4243,1349.533,2007.1477,1362.7933,2066.2795,1330.4205,2062.2114,1292.9133,2024.2294,1250.7219,1992.4496,1206.7754,1966.9323,1151.6141,1951.6022,1086.0178,1947.8584,1020.55133,1945.8529,963.2892,1955.3014,916.8316,1977.8785,875.92596,2004.5828,842.6648,2037.3848,1330.4205,2062.2114,1295.3313,2100.3462,1264.8662,2125.2358,1222.8835,2146.4758,1165.7509,2161.4314,1093.6382,2163.8462,1020.397,2152.8906,962.94684,2135.2297,916.14044,2108.938,882.0412,2080.1997,842.6648,2037.3848,807.0856,2039.3358,819.90173,2107.4004,850.4575,2175.3376,906.7918,2247.235,989.46747,2294.4546,1091.78,2310.6963,1196.0847,2300.5664,1278.2709,2259.9111,1331.8539,2194.8914,1357.7832,2128.6917,1362.7933,2066.2795
875,875,14583,807.3369,2038.2136,820.8319,1981.5436,856.7704,1931.5194,912.52527,1883.4459,1002.23804,1845.4524,1088.8992,1864.3577,1175.2133,1851.3433,1260.0052,1897.1996,1315.5936,1950.6814,1349.7562,2006.4739,1362.8503,2065.5896,1330.4218,2061.4958,1292.9222,2023.8103,1250.7764,1992.2216,1206.9355,1966.8258,1151.8795,1951.5605,1086.332,1947.8295,1020.8825,1945.782,963.6649,1955.1027,917.2589,1977.4688,876.3882,2003.8756,843.11993,2036.2654,1330.4218,2061.4958,1295.3121,2099.378,1264.8335,2124.0852,1222.8733,2145.0708,1165.7572,2159.7903,1093.7524,2162.0928,1020.78296,2151.1875,963.50055,2133.7087,916.75397,2107.593,882.62897,2078.9355,843.11993,2036.2654,807.3369,2038.2136,820.02155,2106.4478,850.53436,2174.5603,906.88544,2246.46,989.56775,2293.5579,1091.8512,2309.7227,1196.1498,2299.6907,1278.3512,2259.1816,1331.9492,2194.257,1357.8712,2128.031,1362.8503,2065.5896
876,876,14600,807.34644,2037.4985,820.8323,1980.7097,856.7721,1930.5364,912.5324,1882.3134,1002.30817,1844.2953,1089.0094,1863.2479,1175.3695,1850.259,1260.1932,1896.234,1315.7412,1949.9498,1349.8099,2005.9911,1362.8408,2065.2725,1330.307,2061.1587,1292.8925,2023.5182,1250.7788,1991.9829,1206.9559,1966.632,1151.9337,1951.4049,1086.3931,1947.6829,1020.92926,1945.5885,963.71356,1954.807,917.3347,1977.0491,876.4695,2003.3033,843.2191,2035.5421,1330.307,2061.1587,1295.1534,2099.1074,1264.6785,2123.8652,1222.7944,2144.8298,1165.7482,2159.4482,1093.7979,2161.6255,1020.99554,2150.7063,963.8061,2133.2373,917.0564,2107.107,882.86255,2078.3594,843.2191,2035.5421,807.34644,2037.4985,820.0238,2105.9668,850.5385,2174.2205,906.90186,2246.1382,989.5904,2293.2156,1091.8644,2309.3862,1196.1592,2299.4324,1278.357,2259.0198,1331.952,2194.1274,1357.8728,2127.839,1362.8408,2065.2725
877,877,14616,807.4758,2036.5508,820.91693,1979.8339,856.84064,1929.6707,912.6301,1881.4315,1002.5076,1843.3839,1089.2426,1862.3539,1175.6223,1849.3406,1260.4448,1895.3098,1315.9116,1949.1274,1349.8538,2005.2947,1362.8213,2064.6204,1330.1708,2060.5178,1292.8379,2023.1127,1250.782,1991.7217,1207.0042,1966.4667,1152.0571,1951.3027,1086.5591,1947.5961,1021.0963,1945.4631,963.9129,1954.5916,917.6078,1976.6924,876.79553,2002.7239,843.51385,2034.629,1330.1708,2060.5178,1294.914,2098.2646,1264.427,2122.8965,1222.6486,2143.683,1165.7175,2158.1243,1093.8274,2160.1965,1021.2046,2149.3052,964.1629,2131.933,917.50146,2105.94,883.3122,2077.2842,843.51385,2034.629,807.4758,2036.5508,820.1049,2105.0994,850.5839,2173.4373,906.9347,2245.4,989.6096,2292.4897,1091.8677,2308.661,1196.1593,2298.7585,1278.352,2258.412,1331.9425,2193.538,1357.8573,2127.2156,1362.8213,2064.6204
878,878,14633,807.4981,2035.0232,820.9192,1978.3777,856.8424,1928.2261,912.6329,1879.9755,1002.53906,1841.9781,1089.2896,1861.126,1175.6969,1848.193,1260.5535,1894.326,1315.9816,1948.329,1349.8622,2004.6538,1362.7678,2064.0466,1329.9323,2059.946,1292.6594,2022.7721,1250.7131,1991.52,1207.002,1966.3422,1152.0614,1951.2058,1086.5739,1947.4757,1021.1174,1945.2493,963.9545,1954.1908,917.694,1976.0237,876.9111,2001.6987,843.6274,2033.1672,1329.9323,2059.946,1294.4586,2097.5579,1263.9105,2122.1375,1222.255,2142.8855,1165.5167,2157.2944,1093.7994,2159.336,1021.2318,2148.3657,964.2733,2130.8809,917.68823,2104.755,883.51526,2075.9517,843.6274,2033.1672,807.4981,2035.0232,820.10596,2103.9463,850.5699,2172.6934,906.89185,2244.9841,989.5488,2292.2444,1091.7858,2308.4727,1196.0908,2298.5588,1278.2802,2258.1284,1331.8601,2193.1355,1357.7809,2126.7075,1362.7678,2064.0466
879,879,14650,807.594,2034.9419,820.94855,1978.0413,856.8657,1927.6162,912.69037,1879.088,1002.7631,1840.8813,1089.6769,1859.9656,1176.2156,1846.9047,1261.0511,1892.9337,1316.2623,1947.1978,1349.891,2003.8853,1362.5782,2063.6316,1329.5137,2059.5764,1292.5709,2022.3068,1250.716,1991.063,1207.1156,1965.9691,1152.3025,1950.9551,1086.8303,1947.295,1021.3134,1945.0582,964.13257,1953.972,917.9047,1975.8,877.0831,2001.4973,843.8499,2033.0944,1329.5137,2059.5764,1293.8262,2097.5698,1263.2733,2122.2168,1221.855,2142.9182,1165.3682,2157.4597,1093.7858,2159.6038,1021.2824,2148.7212,964.4281,2131.1921,917.93805,2104.8818,883.7962,2076.016,843.8499,2033.0944,807.594,2034.9419,820.1276,2103.9875,850.5695,2173.2,906.87244,2246.188,989.5212,2293.89,1091.7614,2310.145,1196.0804,2299.8152,1278.222,2258.6938,1331.687,2193.2117,1357.563,2126.664,1362.5782,2063.6316
880,880,14666,811.4698,2035.4757,823.42285,1978.0531,858.241,1927.6195,913.2257,1878.9514,1002.8949,1840.4673,1089.7596,1859.1357,1176.242,1846.377,1260.8773,1892.5343,1315.4155,1946.9641,1347.9114,2003.8003,1358.7426,2063.6892,1326.3898,2059.7297,1291.2357,2021.8851,1250.0475,1989.8966,1207.007,1964.3094,1152.3057,1949.0071,1086.9075,1945.3096,1021.49976,1943.3331,964.5514,1952.7709,918.9122,1975.2092,878.63055,2001.4443,847.079,2033.8131,1326.3898,2059.7297,1291.6896,2101.6934,1262.0062,2130.8896,1221.4598,2156.9883,1165.3547,2175.5828,1093.8195,2179.2112,1021.455,2167.0479,965.02246,2146.2063,919.2963,2115.0984,885.9635,2081.6907,847.079,2033.8131,811.4698,2035.4757,823.3208,2106.2766,852.45435,2177.5913,907.4093,2254.1167,989.6138,2305.4478,1091.8137,2323.345,1196.1033,2311.3003,1278.0084,2266.161,1330.1259,2196.707,1354.633,2127.92,1358.7426,2063.6892
881,881,14683,820.3601,2043.0532,829.66455,1980.9443,861.94104,1928.6501,914.78076,1878.9979,1003.3991,1840.1476,1090.2482,1857.8109,1176.612,1845.762,1260.7434,1892.3594,1313.7683,1946.9924,1343.4022,2004.5754,1350.1682,2067.6553,1319.5765,2064.5896,1288.4243,2021.9382,1248.7417,1989.0078,1206.884,1962.011,1152.3849,1945.6407,1087.2832,1941.5382,1022.1511,1940.6284,965.78436,1951.6346,921.5488,1975.1692,882.55084,2002.6895,854.4018,2042.3744,1319.5765,2064.5896,1287.2487,2119.203,1259.2267,2157.051,1220.5282,2190.8533,1165.3145,2214.23,1093.87,2219.4292,1021.6901,2206.2327,966.11475,2181.9138,922.08435,2144.4578,890.48254,2103.143,854.4018,2042.3744,820.3601,2043.0532,830.66095,2118.929,857.0447,2194.175,908.77386,2276.042,989.78455,2331.8376,1091.871,2351.691,1196.102,2337.2302,1276.971,2286.823,1325.7635,2210.8987,1347.7593,2137.128,1350.1682,2067.6553
882,882,14700,826.9324,2058.1333,832.7855,1987.3892,862.71545,1930.8323,914.76105,1879.0098,1002.8855,1838.9736,1089.974,1854.8855,1176.5339,1844.1432,1259.4647,1892.1716,1309.6785,1947.6469,1335.5823,2008.3713,1338.3495,2079.204,1309.7301,2077.4006,1282.8899,2023.4896,1245.0984,1988.6248,1205.3739,1959.5183,1151.8241,1941.2758,1086.9276,1936.4421,1021.9997,1936.9471,965.7849,1950.193,922.1481,1975.1788,884.4508,2006.4998,859.91113,2058.3225,1309.7301,2077.4006,1282.2552,2148.0032,1256.9414,2195.7815,1220.2888,2239.0776,1165.506,2268.883,1094.0071,2276.99,1021.72876,2261.4495,966.6024,2231.3418,923.9381,2184.837,893.68536,2134.0344,859.91113,2058.3225,826.9324,2058.1333,835.27454,2141.2725,858.9818,2223.9536,908.8103,2316.3042,989.65674,2380.517,1091.9824,2403.5593,1196.8053,2384.9788,1276.9214,2325.0945,1322.3961,2238.0725,1340.0669,2156.3708,1338.3495,2079.204
883,883,14716,834.5964,2078.8906,836.86554,2000.3529,863.7225,1938.3634,914.69104,1881.4443,1002.2276,1838.9943,1089.8871,1854.5088,1176.6537,1844.1318,1259.2559,1892.5701,1307.8871,1950.9993,1331.2542,2016.2782,1331.6251,2094.8154,1304.4731,2094.3206,1280.6779,2028.3806,1244.0283,1988.6985,1205.2291,1958.695,1151.8208,1939.2876,1086.8612,1934.1124,1021.9197,1935.7086,965.7846,1950.1455,922.8557,1977.0028,886.8641,2015.9484,866.2674,2079.6658,1304.4731,2094.3206,1280.8483,2177.101,1256.896,2231.9016,1221.0907,2281.3245,1168.0724,2314.7363,1095.6602,2323.8206,1022.3347,2306.846,967.7845,2273.4062,926.5887,2221.8198,897.6959,2165.4133,866.2674,2079.6658,834.5964,2078.8906,841.77545,2165.967,862.82166,2251.5332,909.52673,2348.7942,989.76605,2417.6506,1093.404,2442.7415,1200.0999,2422.2078,1277.8029,2357.5789,1321.6239,2264.321,1336.4117,2177.6943,1331.6251,2094.8154
884,884,14733,839.6817,2096.8926,839.72125,2013.8075,864.5203,1947.6716,914.63184,1886.1812,1001.9152,1840.0028,1089.8962,1854.5944,1177.3947,1844.5314,1259.2885,1894.7749,1307.3223,1957.4929,1328.9216,2027.6982,1327.1044,2111.9841,1300.7109,2112.3196,1279.158,2038.7661,1243.6129,1991.9019,1205.2388,1959.1377,1151.922,1939.5682,1086.8618,1934.4532,1021.90826,1935.751,965.7907,1951.6869,923.49567,1982.9796,888.9406,2028.547,870.76196,2098.1821,1300.7109,2112.3196,1279.8918,2198.0408,1256.9548,2254.647,1222.3007,2306.5444,1170.5479,2342.36,1096.6774,2352.5723,1022.4397,2334.362,968.0574,2298.6655,927.76,2244.5366,899.9992,2186.3345,870.76196,2098.1821,839.6817,2096.8926,845.1395,2185.317,864.31744,2272.527,909.5486,2372.932,989.6913,2444.5393,1093.975,2470.9062,1202.4309,2448.8074,1278.724,2380.9517,1321.0428,2284.5696,1333.7826,2196.3872,1327.1044,2111.9841
885,885,14750,842.76117,2110.8901,842.107,2025.8226,865.78754,1957.823,914.6807,1893.5785,1001.912,1843.7799,1090.2405,1856.3601,1178.9912,1847.3145,1259.5419,1899.788,1307.0275,1965.7502,1327.2036,2038.5072,1323.7029,2125.123,1297.4276,2126.0693,1277.6179,2049.8242,1243.27,1998.192,1205.3119,1962.2806,1152.3119,1941.0542,1086.9968,1935.3024,1022.0353,1938.0116,966.04767,1956.4364,924.6703,1991.6313,891.2356,2040.8752,874.05695,2112.7625,1297.4276,2126.0693,1278.9128,2212.175,1257.0006,2270.106,1223.4342,2324.2178,1172.5282,2362.2896,1097.2141,2373.772,1022.43225,2354.9946,968.0615,2317.579,928.2523,2261.3147,901.3898,2201.5088,874.05695,2112.7625,842.76117,2110.8901,846.1965,2199.7925,864.2995,2288.0977,909.0991,2390.4463,988.9141,2463.65,1094.0707,2490.4668,1204.0782,2466.8904,1279.6923,2396.3086,1320.7125,2297.9678,1331.9379,2209.4023,1323.7029,2125.123
886,886,14766,843.7457,2120.2793,842.221,2032.3601,865.73663,1962.2328,914.2924,1895.8727,1001.632,1844.1725,1090.3097,1856.4161,1179.9368,1847.4061,1259.9015,1901.0284,1306.9854,1969.1301,1326.3762,2044.089,1321.571,2133.3865,1295.4849,2134.4055,1276.7333,2055.7776,1243.0612,2001.33,1205.3535,1963.424,1152.4509,1941.1906,1087.003,1935.5106,1022.0331,1938.6077,966.04694,1958.5283,924.8616,1996.0455,891.93634,2047.5486,875.4128,2121.966,1295.4849,2134.4055,1278.9667,2222.1455,1257.368,2282.5037,1225.9946,2340.192,1175.2839,2381.4924,1097.6924,2394.725,1022.04236,2374.249,967.6167,2333.6853,928.10046,2274.0308,901.3917,2212.1003,875.4128,2121.966,843.7457,2120.2793,845.89655,2209.1455,864.01874,2298.507,907.29834,2404.0793,987.2242,2481.2402,1094.1321,2509.8484,1206.3486,2484.5752,1282.0161,2409.9656,1320.8915,2308.0032,1331.5577,2217.9946,1321.571,2133.3865
887,887,14783,844.72626,2120.1611,842.67065,2032.6033,865.8932,1962.6594,914.22864,1896.2266,1001.5472,1844.1697,1090.4451,1856.1699,1180.8466,1847.3463,1260.2653,1901.2283,1307.0151,1969.7905,1326.2234,2044.8727,1321.1901,2134.0125,1295.1326,2134.8394,1276.532,2056.806,1243.0222,2001.9742,1205.4608,1963.5262,1152.675,1941.3103,1087.0587,1935.5264,1022.05853,1938.6697,966.09845,1958.7864,925.2199,1996.6877,892.68994,2047.9358,876.64124,2121.68,1295.1326,2134.8394,1279.2546,2222.4834,1258.2758,2283.8782,1228.8394,2343.34,1177.9543,2386.3474,1098.1575,2400.5205,1021.45825,2378.9404,966.913,2336.452,927.9746,2274.8105,901.3362,2211.7683,876.64124,2121.68,844.72626,2120.1611,845.67773,2208.7659,863.8113,2298.6116,905.4892,2405.2463,985.61395,2483.9023,1094.1967,2513.3499,1208.3855,2487.5066,1284.512,2411.6602,1320.9257,2308.7131,1331.889,2218.2969,1321.1901,2134.0125
888,888,14800,846.29,2118.9395,843.64075,2031.9187,866.42004,1962.1093,914.2319,1895.9006,1001.5421,1843.594,1090.5654,1854.6681,1181.3011,1846.2412,1260.3682,1901.1902,1306.8512,1969.3378,1325.6548,2044.0986,1320.1879,2132.494,1293.9104,2133.0515,1275.5258,2056.5369,1242.5247,2002.0652,1205.4702,1963.5294,1152.77,1941.2063,1087.1282,1935.2188,1022.22095,1938.6683,966.5499,1958.865,926.441,1996.8883,894.4686,2047.6287,878.6149,2120.074,1293.9104,2133.0515,1279.1459,2218.2212,1258.4932,2277.901,1230.1749,2335.5508,1179.5006,2377.3867,1098.7129,2391.327,1021.3719,2370.3757,966.8728,2329.1902,928.10706,2269.272,902.2631,2207.824,878.6149,2120.074,846.29,2118.9395,846.3042,2206.174,863.62805,2294.6592,905.0975,2399.1487,985.215,2475.914,1094.4196,2504.581,1209.7979,2479.1047,1285.9299,2404.8728,1321.0703,2304.113,1331.6594,2215.243,1320.1879,2132.494
889,889,14816,847.45105,2113.592,844.48804,2028.6859,866.96564,1960.4835,914.2633,1895.5305,1001.5411,1841.2073,1090.6143,1851.4716,1181.4182,1843.5857,1260.3667,1900.161,1306.3785,1968.6998,1324.6427,2042.1138,1318.5823,2128.8306,1292.2146,2129.0598,1274.1895,2054.8633,1241.6963,2001.8674,1205.3711,1962.842,1152.7736,1939.8761,1087.1466,1933.4333,1022.33997,1937.4429,966.9546,1958.3491,927.428,1996.0785,895.78876,2044.8416,879.98975,2114.5073,1292.2146,2129.0598,1278.3495,2211.9792,1258.494,2270.4324,1230.2244,2327.2075,1179.5022,2368.633,1098.7046,2382.4055,1020.7815,2361.1465,966.5582,2319.9338,928.06244,2260.509,902.77783,2200.0603,879.98975,2114.5073,847.45105,2113.592,846.74207,2199.581,863.4376,2287.0505,904.2972,2390.5872,984.11487,2467.1365,1094.3398,2495.894,1209.7314,2470.7637,1285.9893,2397.2134,1320.9514,2297.7744,1330.4498,2210.2224,1318.5823,2128.8306
890,890,14833,849.50354,2108.897,845.7924,2025.8025,867.48083,1960.2532,914.2611,1891.8545,1001.35516,1835.3916,1090.4958,1845.0504,1181.3864,1837.3864,1260.1588,1895.7472,1305.571,1966.7109,1323.6058,2040.6283,1317.9286,2124.645,1291.555,2124.7083,1273.28,2053.7986,1240.8953,1999.509,1205.0787,1959.2798,1152.7,1935.5736,1087.0925,1928.7438,1022.35,1933.4086,967.194,1955.1382,928.227,1994.6803,897.2226,2042.5259,881.90704,2109.7593,1291.555,2124.7083,1278.2465,2207.0107,1258.5621,2265.8813,1230.7736,2323.3577,1180.075,2365.5286,1098.8788,2379.9717,1020.6334,2358.435,966.5236,2316.6006,928.28235,2256.339,903.7988,2195.2449,881.90704,2109.7593,849.50354,2108.897,847.8896,2194.6538,863.42316,2282.7078,904.0127,2387.4714,983.74347,2465.0461,1094.454,2494.193,1210.585,2468.277,1286.8352,2393.4307,1321.0725,2293.0696,1330.2031,2205.3706,1317.9286,2124.645
891,891,14850,850.8582,2105.888,846.68835,2023.7281,867.9325,1959.4563,914.26935,1888.4362,1001.3293,1830.6772,1090.4966,1840.124,1181.3745,1832.4132,1260.0809,1891.7657,1304.9872,1964.3782,1322.6185,2039.6654,1316.4714,2121.8657,1290.1638,2121.831,1272.1481,2053.0889,1240.091,1997.4875,1204.8282,1956.7781,1152.6606,1932.9149,1087.0945,1925.9305,1022.4458,1930.9026,967.5896,1952.8523,929.0687,1993.3738,898.47314,2040.8412,883.3348,2106.6726,1290.1638,2121.831,1277.8535,2203.823,1258.5902,2263.1272,1231.0419,2321.7412,1180.259,2365.2473,1098.8748,2380.4111,1019.9511,2358.0127,966.08875,2314.784,928.23267,2253.3914,904.2397,2191.9534,883.3348,2106.6726,850.8582,2105.888,848.5903,2191.2131,863.30975,2279.1384,903.3225,2384.537,982.7787,2463.428,1094.3971,2493.2625,1210.5867,2466.8032,1286.9594,2390.8352,1321.0251,2289.7705,1329.2451,2202.14,1316.4714,2121.8657
892,892,14866,851.2733,2104.0386,846.8419,2022.3997,867.98517,1957.1846,914.2011,1883.9419,1001.208,1825.1714,1090.4961,1834.2716,1181.4182,1826.4393,1260.0917,1886.4111,1304.9459,1960.2374,1322.6375,2038.7029,1316.4803,2119.741,1290.0248,2119.6147,1271.9426,2051.9736,1239.9385,1993.7651,1204.822,1952.3623,1152.6667,1928.087,1087.0963,1921.0048,1022.4713,1926.5481,967.7335,1949.1119,929.4692,1990.8009,899.0592,2039.9171,883.9579,2104.7842,1290.0248,2119.6147,1277.8804,2201.707,1258.7793,2261.6106,1231.732,2321.0493,1180.869,2365.179,1098.9696,2380.662,1019.656,2358.2734,965.88135,2314.718,928.2286,2252.7012,904.59,2190.6726,883.9579,2104.7842,851.2733,2104.0386,848.8596,2189.6096,863.2021,2278.0056,902.785,2384.3818,982.263,2464.1304,1094.4125,2494.0403,1211.1462,2467.068,1287.7351,2389.961,1321.0796,2287.8105,1329.3105,2199.8418,1316.4803,2119.741
893,893,14883,852.1318,2102.517,847.4384,2021.4553,868.342,1954.7365,914.2079,1880.3608,1001.19885,1821.3724,1090.5289,1830.4128,1181.5409,1822.3463,1260.1208,1882.3872,1304.9337,1956.4995,1322.7699,2037.0771,1316.8289,2118.0403,1290.3551,2117.8342,1271.9904,2050.2195,1239.9026,1990.4425,1204.8269,1949.0416,1152.7097,1924.8086,1087.1365,1917.7982,1022.6048,1923.5643,968.08936,1946.2029,930.13135,1988.2644,899.9383,2039.4198,884.9282,2103.2432,1290.3551,2117.8342,1278.0112,2200.321,1259.5778,2260.9802,1233.2875,2321.2239,1182.3777,2365.9155,1099.578,2381.6304,1019.64856,2358.9983,965.87646,2314.9495,928.4454,2252.3054,905.2798,2189.7266,884.9282,2103.2432,852.1318,2102.517,849.60986,2188.245,863.2981,2276.877,902.7121,2383.7412,982.22644,2464.0603,1094.7499,2494.159,1212.4368,2466.9236,1289.1833,2389.2278,1321.3628,2286.3906,1329.648,2198.06,1316.8289,2118.0403
894,894,14900,851.92126,2100.8352,847.41705,2019.8304,868.42,1950.0685,914.1982,1875.8679,1001.15796,1817.1517,1090.5293,1826.3663,1181.5499,1818.094,1260.1213,1877.9541,1304.8785,1951.7844,1322.9017,2033.1571,1317.3544,2117.3235,1290.8015,2116.7349,1271.9714,2046.494,1239.7555,1986.5737,1204.7664,1945.6251,1152.7003,1921.5859,1087.1345,1914.6273,1022.6232,1920.3435,968.2185,1942.7003,930.3456,1984.2794,900.1035,2037.2249,884.8132,2101.4412,1290.8015,2116.7349,1278.0773,2197.3894,1260.48,2257.275,1234.7129,2316.9995,1183.7291,2361.4595,1100.2507,2377.133,1019.64996,2354.3716,965.87146,2310.3508,928.5387,2248.1304,905.48334,2186.3289,884.8132,2101.4412,851.92126,2100.8352,849.7041,2185.8037,863.266,2273.8003,902.59827,2380.0906,982.1974,2460.252,1095.0938,2490.375,1213.4777,2463.2964,1290.4075,2385.951,1321.7616,2283.7864,1329.9965,2196.2026,1317.3544,2117.3235
895,895,14916,853.463,2099.5825,848.39923,2018.2997,869.01385,1946.1001,914.27374,1871.8958,1001.1572,1813.0278,1090.5392,1822.247,1181.5708,1813.7474,1260.1218,1873.614,1304.8263,1947.2673,1322.9751,2028.78,1317.5049,2116.7764,1290.8547,2116.5503,1271.8818,2041.9736,1239.626,1982.2561,1204.7443,1941.4764,1152.7078,1917.4746,1087.1786,1910.6115,1022.86035,1916.5131,968.8343,1939.002,931.40204,1980.5483,901.40326,2034.9458,886.36884,2100.1409,1290.8547,2116.5503,1278.163,2194.951,1260.6422,2253.493,1235.009,2311.6055,1184.1414,2354.6907,1100.7615,2369.7542,1019.81885,2347.8994,966.18896,2305.4011,929.51245,2244.6934,906.91974,2183.9058,886.36884,2100.1409,853.463,2099.5825,851.0878,2184.081,863.9698,2271.424,902.7151,2376.4219,982.26056,2454.9912,1095.5924,2484.2322,1214.1931,2457.7668,1290.9982,2382.0273,1321.8691,2281.6716,1330.1576,2195.3142,1317.5049,2116.7764
896,896,14933,856.0139,2098.7388,850.5965,2016.3121,870.716,1942.6897,915.0131,1869.0223,1001.4466,1810.2935,1090.8853,1819.4275,1181.9626,1810.7042,1260.3148,1870.166,1304.8473,1943.2651,1323.2281,2024.1328,1317.9646,2114.7654,1291.2407,2115.0022,1272.0345,2037.1823,1239.6542,1978.2239,1204.9017,1937.831,1153.0801,1914.1066,1087.6633,1907.487,1023.7753,1913.4564,970.3576,1935.8739,933.43616,1977.0934,903.6639,2032.1107,888.83704,2099.2703,1291.2407,2115.0022,1278.2051,2193.0657,1261.2661,2250.5288,1235.9132,2308.0005,1185.2098,2350.943,1101.747,2366.1587,1020.3805,2344.6191,966.98584,2302.4595,931.13477,2242.168,909.13293,2181.8926,888.83704,2099.2703,856.0139,2098.7388,853.5085,2182.694,865.6102,2269.499,903.42444,2373.738,982.7875,2451.545,1096.578,2480.343,1215.3716,2453.8262,1291.932,2378.9119,1322.1906,2280.367,1330.3981,2194.7957,1317.9646,2114.7654
897,897,14950,856.55884,2098.602,851.09143,2013.0239,871.16125,1938.4071,915.2039,1865.4095,1001.5882,1807.0878,1091.1926,1816.4452,1182.4255,1807.6406,1260.7576,1866.9508,1305.0697,1939.7634,1323.3989,2020.3331,1318.545,2113.2446,1291.71,2113.9045,1272.1077,2033.7676,1239.7925,1975.4967,1205.1588,1935.5065,1153.3894,1911.9648,1087.986,1905.2928,1024.2505,1911.1228,970.9856,1933.12,934.0917,1973.6643,904.3279,2028.661,889.42334,2099.0283,1291.71,2113.9045,1278.9136,2191.6094,1262.9258,2249.0427,1237.7164,2307.3667,1186.7164,2351.4438,1102.6028,2367.3542,1020.5171,2345.116,967.074,2301.7979,931.4295,2240.6458,909.5581,2180.3337,889.42334,2099.0283,856.55884,2098.602,853.94556,2181.7634,865.83527,2268.035,903.45557,2372.4119,982.8494,2451.1296,1097.2571,2480.4644,1216.643,2453.2815,1293.5104,2377.3433,1323.3423,2279.0764,1330.4568,2194.5608,1318.545,2113.2446
898,898,14966,857.1163,2097.2468,851.5694,2008.6372,871.6353,1933.3962,915.49207,1860.8307,1001.8321,1802.5613,1091.513,1812.1432,1182.8032,1803.2333,1261.2184,1862.6499,1305.442,1935.425,1323.5493,2015.5643,1318.9625,2109.821,1291.9965,2110.805,1272.2258,2029.2726,1240.008,1971.7312,1205.4194,1931.9612,1153.7024,1908.4607,1088.35,1901.755,1024.8572,1907.5353,971.79443,1929.3972,934.88135,1969.5054,905.03864,2024.2532,890.0134,2097.7292,1291.9965,2110.805,1279.8007,2191.0032,1264.3394,2247.356,1239.0211,2305.3635,1187.7834,2349.5264,1103.3231,2365.675,1020.735,2343.442,967.26807,2300.0652,931.83344,2238.9639,910.0669,2179.1572,890.0134,2097.7292,857.1163,2097.2468,854.3538,2181.7014,866.0861,2266.964,903.5336,2371.0671,982.9926,2449.8853,1097.9739,2479.2373,1217.8073,2451.8228,1294.9177,2375.7864,1324.6471,2278.9326,1330.8325,2192.321,1318.9625,2109.821
899,899,14983,857.5171,2095.5664,852.18463,2004.7458,872.4701,1929.427,916.2098,1857.4243,1002.6073,1799.2529,1092.5961,1808.9575,1184.268,1799.8776,1262.8687,1859.1627,1306.9121,1931.7909,1324.8468,2011.4167,1319.416,2106.2883,1292.5055,2107.3987,1273.0852,2025.4099,1240.9034,1968.6904,1206.4404,1929.2299,1154.803,1905.8535,1089.4379,1899.1987,1026.1187,1904.9194,973.15656,1926.658,936.0933,1966.3047,905.94196,2020.4597,890.535,2096.0498,1292.5055,2107.3987,1281.1611,2190.8318,1265.9194,2245.975,1240.3544,2303.4807,1188.9398,2347.346,1104.3044,2363.3962,1021.29126,2341.4927,967.76654,2298.507,932.5028,2237.628,910.71967,2178.2004,890.535,2096.0498,857.5171,2095.5664,854.67816,2181.621,866.4073,2266.0496,903.7738,2370.004,983.4052,2448.5115,1099.0048,2477.5664,1219.2393,2450.2,1296.6544,2374.4788,1326.6002,2278.5862,1332.1342,2189.9678,1319.416,2106.2883
900,900,15000,857.9374,2094.1484,852.6955,2002.202,873.07697,1927.1738,916.7138,1855.7101,1003.2291,1797.5496,1093.4974,1807.3357,1185.3448,1797.8593,1264.0662,1856.8903,1307.9424,1929.1432,1325.6649,2008.0967,1319.5938,2102.7485,1292.9326,2104.0059,1273.8983,2022.4098,1241.7361,1966.6819,1207.3911,1927.8594,1155.8469,1905.002,1090.4705,1898.6395,1027.124,1904.2402,974.1031,1925.6111,936.8635,1964.6278,906.4768,2017.9617,890.9202,2094.6318,1292.9326,2104.0059,1282.5399,2190.526,1267.6512,2244.923,1241.9954,2302.6875,1190.3853,2347.263,1105.3124,2363.9111,1021.6355,2341.7517,967.97485,2298.2378,932.81244,2236.8442,911.0741,2177.4036,890.9202,2094.6318,857.9374,2094.1484,855.0871,2181.4944,866.7114,2265.3145,903.948,2369.6392,983.7403,2448.783,1100.0541,2478.112,1220.7307,2450.0679,1298.2864,2373.588,1328.1782,2278.207,1333.0413,2187.453,1319.5938,2102.7485
901,901,15016,858.0265,2093.9397,852.9317,2001.1814,873.52716,1925.9642,917.30066,1854.3013,1004.45184,1795.3864,1095.4037,1804.661,1187.7533,1795.0726,1266.5957,1854.3976,1309.9669,1926.9624,1326.941,2005.9792,1319.7917,2100.9314,1293.4115,2102.3928,1275.1504,2020.5208,1243.3826,1964.9453,1209.4082,1926.1125,1157.8951,1903.3582,1092.2079,1897.1254,1028.4767,1903.0941,975.0579,1924.6724,937.4901,1963.7437,906.8006,2016.9683,891.079,2094.396,1293.4115,2102.3928,1284.1299,2189.7473,1269.799,2244.8962,1244.3053,2304.315,1192.5751,2350.177,1106.9171,2367.4746,1022.3946,2345.2754,968.398,2301.0967,933.1845,2238.3132,911.3509,2177.357,891.079,2094.396,858.0265,2093.9397,855.3436,2180.672,867.04846,2265.4172,904.3056,2371.1614,984.44324,2451.2195,1101.4861,2480.6514,1222.7004,2451.719,1300.3315,2373.6436,1329.9683,2277.521,1334.0396,2186.544,1319.7917,2100.9314
902,902,15033,858.5756,2093.0183,853.605,1999.0066,874.444,1923.5072,918.3851,1851.4545,1006.1402,1791.7952,1097.7566,1800.6473,1190.3969,1791.0103,1269.0957,1850.4872,1311.8958,1923.3715,1328.0988,2002.4595,1319.8535,2097.516,1293.7654,2099.064,1276.4288,2016.9717,1245.216,1961.3073,1211.6932,1922.2318,1160.2941,1899.4402,1094.3948,1893.3083,1030.2974,1899.6777,976.4552,1921.7063,938.48566,1961.1974,907.39496,2014.5829,891.5625,2093.4355,1293.7654,2099.064,1285.1637,2189.0815,1271.0804,2244.2185,1245.5914,2303.9004,1193.8269,2350.1565,1107.892,2367.7485,1022.92004,2345.701,968.718,2301.4297,933.5192,2238.212,911.69196,2176.8252,891.5625,2093.4355,858.5756,2093.0183,855.9144,2180.4348,867.57166,2264.933,904.7163,2370.8662,985.0255,2450.9648,1102.3995,2480.2615,1223.7532,2451.0754,1301.2621,2372.9824,1330.7968,2276.053,1334.517,2183.599,1319.8535,2097.516
903,903,15050,859.54175,2091.9426,854.51184,1996.6681,875.5936,1920.7292,919.7781,1848.1443,1008.21875,1787.7572,1100.3943,1796.2544,1193.286,1786.4806,1272.2362,1846.1619,1314.8433,1919.4023,1330.6924,1998.7327,1321.4558,2094.0781,1295.5717,2095.6406,1278.83,2013.3958,1247.8534,1957.6632,1214.4669,1918.4784,1163.0391,1895.7095,1096.9442,1889.7056,1032.5692,1896.4038,978.3497,1918.7896,939.9672,1958.5723,908.45374,2012.1538,892.5203,2092.2573,1295.5717,2095.6406,1287.8558,2187.7026,1274.0469,2243.682,1248.5695,2303.437,1196.5475,2350.2246,1109.8727,2368.391,1024.0011,2346.3748,969.39575,2301.8052,934.17786,2238.0928,912.3633,2176.378,892.5203,2092.2573,859.54175,2091.9426,856.5993,2180.3154,868.1719,2264.5737,905.3354,2371.0598,986.17706,2451.5686,1104.4612,2480.8152,1226.4562,2451.018,1304.1274,2372.4468,1333.5444,2274.3284,1336.7754,2180.4705,1321.4558,2094.0781
904,904,15066,859.6975,2089.248,854.6514,1993.098,875.85187,1916.8566,920.15216,1843.8533,1008.946,1783.043,1101.5856,1791.4163,1194.7933,1781.674,1274.1306,1841.6124,1316.8464,1915.2156,1332.6226,1994.7537,1322.7721,2090.3086,1297.0309,2091.782,1280.6228,2009.193,1249.642,1953.1368,1216.1892,1913.5903,1164.582,1890.663,1098.1517,1884.693,1033.4844,1891.5641,979.0205,1914.2614,940.41974,1954.4886,908.6638,2008.3971,892.7053,2089.4915,1297.0309,2091.782,1289.7959,2185.4429,1276.0934,2243.4355,1250.5304,2302.898,1198.2867,2349.9363,1111.0283,2368.318,1024.5114,2346.2227,969.65045,2301.4492,934.39307,2237.5964,912.5377,2176.3113,892.7053,2089.4915,859.6975,2089.248,856.7643,2178.9568,868.3674,2264.3782,905.5648,2370.6997,986.7308,2451.362,1105.6869,2480.671,1228.2948,2450.6147,1306.1519,2372.1038,1335.5916,2271.9841,1338.5258,2176.9448,1322.7721,2090.3086
905,905,15083,861.21454,2086.6973,855.8106,1990.0132,876.7931,1913.5801,920.9793,1840.2689,1009.8957,1779.3301,1102.8413,1787.5549,1196.1572,1777.711,1275.577,1837.4266,1318.3733,1911.0406,1334.1913,1990.6039,1324.1144,2086.1826,1298.6932,2087.6082,1282.6553,2004.7069,1251.5879,1948.3447,1217.9617,1908.5875,1166.1439,1885.6406,1099.4762,1879.7466,1034.6326,1886.816,979.9982,1909.7897,941.3179,1950.4902,909.5809,2004.8477,894.13965,2086.7876,1298.6932,2087.6082,1291.9183,2182.3833,1278.2273,2242.9426,1252.6011,2302.1882,1200.3569,2348.9229,1112.9958,2367.2036,1026.1051,2345.2656,970.95776,2300.721,935.6416,2237.098,913.74774,2176.0647,894.13965,2086.7876,861.21454,2086.6973,858.28394,2177.2659,869.81726,2264.142,906.98334,2370.18,988.43835,2450.5603,1107.7645,2479.7332,1230.5012,2449.8596,1308.2329,2371.6577,1337.5708,2268.4775,1340.2511,2172.906,1324.1144,2086.1826
906,906,15100,861.51135,2082.4807,856.2278,1986.0839,877.39923,1910.0168,921.7766,1836.9321,1011.0758,1775.9314,1104.3677,1783.8899,1197.7675,1773.9954,1277.4031,1833.3708,1320.3923,1906.5818,1336.5859,1985.7087,1326.7507,2080.8247,1301.4388,2082.2715,1285.0763,1999.9001,1253.5992,1944.0758,1219.6671,1904.7928,1167.6575,1882.1492,1100.8898,1876.391,1035.7677,1883.5638,980.8536,1906.5029,941.89496,1946.9302,909.8854,2000.8955,894.41144,2082.5405,1301.4388,2082.2715,1294.7511,2177.6045,1281.0116,2240.9268,1255.2861,2301.8684,1202.8998,2347.8804,1115.2404,2366.015,1027.6561,2344.191,971.9566,2299.8816,936.3288,2236.9456,914.2114,2174.4653,894.41144,2082.5405,861.51135,2082.4807,858.7631,2173.8826,870.5331,2262.7842,908.0108,2369.9565,990.07935,2449.7249,1110.0717,2478.755,1232.986,2449.41,1310.817,2369.855,1340.2812,2263.661,1343.0067,2167.7288,1326.7507,2080.8247
907,907,15116,862.44006,2078.1614,857.0475,1981.6917,878.1994,1905.4359,922.65045,1832.093,1012.2805,1770.9336,1105.7979,1778.7911,1199.1973,1768.9954,1278.9235,1828.311,1322.014,1901.5974,1338.3536,1980.789,1328.5481,2075.87,1303.2395,2077.2148,1286.8622,1994.7834,1255.28,1938.831,1221.2012,1899.4558,1169.0544,1876.8121,1102.2013,1871.0765,1036.8915,1878.3185,981.76306,1901.4012,942.65735,1942.077,910.54517,1996.2922,895.27985,2078.1233,1303.2395,2077.2148,1296.477,2172.5837,1282.5825,2237.8755,1256.7552,2301.1243,1204.3175,2347.187,1116.6178,2364.9067,1028.814,2343.2036,972.8805,2299.383,937.1525,2236.1086,914.98035,2171.9348,895.27985,2078.1233,862.44006,2078.1614,859.7312,2169.9175,871.5267,2260.4036,909.05554,2369.218,991.3317,2449.3452,1111.4922,2478.1729,1234.387,2448.9448,1312.2153,2367.0967,1341.8049,2258.6904,1344.6969,2162.749,1328.5481,2075.87
908,908,15133,862.6554,2074.3943,857.23193,1977.8268,878.49146,1901.0553,923.17725,1826.9664,1013.30023,1764.9868,1106.9832,1772.6693,1200.3981,1762.7456,1280.4569,1822.616,1323.6545,1896.6412,1339.9093,1976.4705,1329.8802,2071.8145,1304.5443,2072.9639,1288.1138,1990.8241,1256.5359,1934.8306,1222.3635,1895.3622,1170.1747,1872.66,1103.3215,1866.9036,1037.8962,1874.3945,982.5727,1897.731,943.19977,1938.5621,910.84454,1992.7375,895.4877,2074.2056,1304.5443,2072.9639,1297.808,2167.209,1283.8152,2233.4182,1257.8864,2298.6372,1205.3478,2346.6628,1117.487,2364.2886,1029.4409,2342.7957,973.28815,2298.7805,937.4385,2234.0125,915.1704,2168.5483,895.4877,2074.2056,862.6554,2074.3943,859.9542,2165.7832,871.8431,2257.2048,909.5162,2367.3386,992.05176,2448.6228,1112.4027,2477.707,1235.3604,2447.0269,1313.2318,2362.8733,1342.9623,2253.095,1345.9619,2157.8943,1329.8802,2071.8145
909,909,15150,863.8237,2071.5332,858.4554,1975.3823,879.8293,1898.8319,924.6185,1824.9073,1014.8685,1762.955,1108.5839,1770.6532,1201.942,1760.6149,1282.0743,1820.4025,1325.4174,1894.2397,1342.0234,1973.8531,1332.4047,2068.9287,1306.9602,2070.0193,1290.0564,1988.2546,1258.2314,1932.4266,1223.8448,1893.1403,1171.5729,1870.5515,1104.8362,1864.8463,1039.4207,1872.3346,984.0298,1895.658,944.4783,1936.3704,911.97784,1990.3789,896.5567,2071.3613,1306.9602,2070.0193,1300.139,2163.145,1285.9373,2229.644,1259.7909,2296.0654,1206.9918,2345.7998,1118.8065,2363.932,1030.3738,2342.6162,974.01184,2297.944,938.12994,2232.0063,915.9278,2165.764,896.5567,2071.3613,863.8237,2071.5332,860.7559,2162.5305,872.464,2254.6023,910.17065,2365.7349,992.977,2447.9343,1113.6852,2477.1538,1236.9625,2445.2466,1315.1484,2359.5476,1345.1835,2249.0476,1348.4061,2154.376,1332.4047,2068.9287
910,910,15166,864.36444,2067.2554,858.9828,1971.5286,880.39575,1894.9268,925.3679,1820.7543,1015.9236,1758.3489,1109.558,1766.1111,1202.8856,1756.0458,1283.4396,1816.2817,1327.1581,1890.5178,1344.0371,1970.4192,1334.7627,2065.429,1309.1002,2066.6174,1291.557,1985.6813,1259.4116,1930.331,1224.7515,1891.3604,1172.3918,1868.8148,1105.7948,1862.971,1040.4923,1870.4288,985.12585,1893.5872,945.4091,1933.8695,912.81213,1987.264,897.18024,2067.1943,1309.1002,2066.6174,1302.0917,2158.837,1287.6251,2225.4412,1261.2488,2292.7058,1208.2451,2343.888,1119.8365,2363.23,1031.1476,2341.4424,974.6459,2295.5488,938.7024,2228.3887,916.4767,2161.4402,897.18024,2067.1943,864.36444,2067.2554,861.2181,2157.9902,872.8777,2250.86,910.649,2363.1357,993.64166,2446.5286,1114.6001,2476.1274,1238.1173,2443.1758,1316.6105,2356.227,1347.001,2245.0857,1350.5007,2150.5613,1334.7627,2065.429
911,911,15183,864.92816,2064.5454,859.73096,1969.471,881.301,1893.2388,926.4174,1819.4031,1017.1221,1757.1989,1110.6368,1764.9703,1203.79,1754.7391,1284.2825,1814.6661,1328.0714,1888.5322,1345.1467,1968.0571,1336.2424,2062.6406,1310.4774,2063.8564,1292.5651,1983.2373,1260.2457,1928.0647,1225.4915,1889.2725,1173.193,1866.8722,1106.7621,1861.1802,1041.491,1868.6538,986.08136,1891.8209,946.2664,1931.9973,913.5938,1985.2059,897.8434,2064.567,1310.4774,2063.8564,1303.4514,2155.569,1288.9435,2222.1035,1262.5833,2289.6287,1209.628,2341.6191,1121.2439,2361.933,1032.2833,2339.834,975.5905,2293.1658,939.5207,2225.4883,917.20465,2158.4302,897.8434,2064.567,864.92816,2064.5454,861.8113,2154.812,873.4515,2247.863,911.3116,2360.6458,994.5366,2444.7625,1115.8572,2474.5774,1239.4607,2440.8484,1317.9468,2353.321,1348.3972,2241.9866,1351.9348,2147.5972,1336.2424,2062.6406
912,912,15200,865.9425,2062.118,860.7802,1967.4218,882.423,1891.3667,927.5468,1817.7228,1018.1435,1755.7595,1111.5825,1763.4268,1204.5543,1753.071,1284.9386,1812.6025,1328.8385,1886.0889,1346.1735,1965.2898,1337.6357,2059.5999,1311.7759,2060.811,1293.6339,1980.3175,1261.2216,1925.1879,1226.4084,1886.4565,1174.1627,1864.1761,1107.8395,1858.6803,1042.6058,1866.2769,987.2099,1889.5416,947.33813,1929.7877,914.5987,1983.0079,898.87805,2062.0886,1311.7759,2060.811,1304.6542,2152.1394,1290.1031,2218.561,1263.7911,2286.099,1210.9557,2338.459,1122.6953,2359.5015,1033.6731,2337.3254,976.8614,2290.3584,940.6761,2222.567,918.2571,2155.5676,898.87805,2062.0886,865.9425,2062.118,862.8941,2152.0315,874.6472,2244.9556,912.71936,2357.543,996.1281,2441.5867,1117.4938,2471.3362,1240.9197,2437.136,1319.2552,2349.6907,1349.6858,2238.6094,1353.2786,2144.4644,1337.6357,2059.5999
913,913,15216,866.1826,2060.4697,860.97125,1965.8182,882.6196,1889.5977,927.80444,1815.707,1018.524,1753.3983,1111.9406,1760.9679,1204.8629,1750.6201,1285.4512,1810.4415,1329.5055,1884.1586,1346.9395,1963.5654,1338.5416,2057.9858,1312.5881,2059.2556,1294.2404,1978.9094,1261.7225,1923.8903,1226.7927,1885.2565,1174.5172,1863.0322,1108.2202,1857.5299,1042.9851,1865.1611,987.5592,1888.394,947.64264,1928.5448,914.879,1981.6542,899.1494,2060.4956,1312.5881,2059.2556,1305.3972,2150.4253,1290.7648,2216.7646,1264.352,2284.2563,1211.4375,2336.8472,1123.1726,2358.3955,1034.1102,2336.0933,977.214,2288.8447,940.9711,2220.9214,918.5178,2153.86,899.1494,2060.4956,866.1826,2060.4697,863.1022,2150.3665,874.86383,2243.4722,913.0111,2356.1948,996.5289,2440.4507,1117.9546,2470.2908,1241.4069,2435.783,1319.8398,2348.236,1350.4233,2237.1467,1354.1276,2142.954,1338.5416,2057.9858
914,914,15233,866.57825,2058.767,861.46497,1964.4779,883.2514,1888.3785,928.5805,1814.537,1019.37305,1752.1111,1112.655,1759.757,1205.4679,1749.469,1286.1847,1809.5028,1330.335,1883.3281,1347.8969,1962.6892,1339.6323,2056.8638,1313.4822,2058.0432,1294.8862,1978.0822,1262.3044,1923.2433,1227.3289,1884.6426,1175.1042,1862.367,1108.965,1856.755,1043.8706,1864.3582,988.47546,1887.5806,948.48596,1927.622,915.5544,1980.4897,899.5773,2058.7969,1313.4822,2058.0432,1305.9974,2148.3997,1291.1898,2214.125,1264.6241,2280.9084,1211.6746,2333.0298,1123.5657,2354.657,1034.6132,2332.4692,977.7029,2285.527,941.41907,2218.117,918.9514,2151.4956,899.5773,2058.7969,866.57825,2058.767,863.42914,2148.243,875.194,2241.0847,913.43494,2353.3232,997.01917,2437.0925,1118.3722,2466.749,1241.6925,2432.3965,1320.1986,2345.465,1351.0431,2235.0557,1354.9885,2141.3704,1339.6323,2056.8638
915,915,15250,866.72723,2057.6228,861.7729,1963.8455,883.6592,1888.1316,929.0628,1814.6793,1019.79266,1752.5839,1112.9781,1760.3229,1205.736,1749.9199,1286.5663,1809.5892,1330.9133,1883.0409,1348.7686,1962.0167,1340.9458,2055.7566,1314.7028,2056.967,1295.6996,1977.4569,1262.88,1922.9924,1227.7162,1884.6975,1175.4506,1862.6183,1109.3408,1857.0874,1044.2931,1864.5669,988.88965,1887.6038,948.8278,1927.3684,915.8479,1979.904,899.7023,2057.7017,1314.7028,2056.967,1307.0028,2147.0447,1292.0005,2212.502,1265.2471,2278.8645,1212.1917,2330.617,1124.1595,2352.2249,1035.1644,2330.1252,978.13055,2283.4207,941.7287,2216.374,919.17267,2150.0115,899.7023,2057.7017,866.72723,2057.6228,863.61346,2146.8647,875.4379,2239.5454,913.81555,2351.406,997.5355,2434.7573,1118.9895,2464.2275,1242.2388,2430.1023,1320.8245,2343.71,1351.8921,2233.7354,1356.0823,2140.1936,1340.9458,2055.7566
916,916,15266,866.7098,2057.636,861.8428,1964.1053,883.8112,1888.6215,929.26746,1815.3981,1020.01605,1753.4502,1113.2764,1761.1907,1206.1802,1750.7095,1287.2274,1810.1761,1331.7365,1883.3828,1349.8695,1962.1213,1342.4363,2055.704,1316.0212,2056.9868,1296.6637,1977.582,1263.6079,1923.2535,1228.2118,1885.088,1175.7786,1863.0825,1109.6317,1857.5768,1044.5515,1865.0479,989.0855,1888.0338,948.9447,1927.6957,915.92413,1980.1135,899.69653,2057.7314,1316.0212,2056.9868,1308.2607,2147.1426,1293.1106,2212.5273,1266.1221,2278.7446,1212.802,2330.4045,1124.5724,2352.0764,1035.4457,2329.9702,978.30676,2283.2192,941.8204,2216.2349,919.21014,2149.965,899.69653,2057.7314,866.7098,2057.636,863.5909,2146.8303,875.4533,2239.4763,913.90826,2351.2654,997.74896,2434.5833,1119.399,2464.0168,1242.973,2429.926,1321.9075,2343.6824,1353.227,2233.7615,1357.5623,2140.2163,1342.4363,2055.704
917,917,15283,867.0037,2057.4255,862.1207,1964.0139,884.0621,1888.7192,929.43365,1815.689,1020.07434,1753.9744,1113.3815,1761.7576,1206.4438,1751.3362,1287.6644,1810.6727,1332.3676,1883.7264,1350.8785,1962.3168,1343.8685,2055.8994,1317.1812,2057.2034,1297.4059,1977.6976,1264.1896,1923.2732,1228.6299,1884.993,1176.0426,1862.8608,1109.8075,1857.2882,1044.7362,1864.7289,989.323,1887.7795,949.24554,1927.5146,916.3136,1979.9901,900.0412,2057.5813,1317.1812,2057.2034,1309.0934,2147.1646,1293.8462,2212.4333,1266.7856,2278.4749,1213.3752,2329.994,1125.0381,2351.6558,1035.8672,2329.5496,978.7026,2282.7866,942.2119,2215.8804,919.5933,2149.697,900.0412,2057.5813,867.0037,2057.4255,863.79785,2146.6099,875.63385,2239.268,914.14954,2351.027,998.0998,2434.2993,1119.8893,2463.6914,1243.6868,2429.677,1322.8142,2343.6274,1354.3014,2233.8372,1358.8176,2140.3584,1343.8685,2055.8994
918,918,15300,866.93494,2056.7402,862.05334,1963.2725,884.0117,1887.9391,929.3895,1814.9034,1020.0073,1753.3041,1113.3369,1761.1862,1206.5471,1750.8185,1288.0132,1810.1644,1332.9142,1883.3597,1351.5728,1962.1488,1344.6115,2055.8813,1317.836,2057.215,1297.8649,1977.7871,1264.4557,1923.4078,1228.7688,1885.1533,1176.0763,1863.0177,1109.7784,1857.3461,1044.7026,1864.7047,989.2892,1887.6135,949.2157,1927.2045,916.28455,1979.5354,899.9973,2056.9473,1317.836,2057.215,1309.5667,2147.305,1294.1904,2212.5505,1267.0526,2278.457,1213.5864,2329.8372,1125.2142,2351.4648,1036.0698,2329.325,978.8707,2282.5168,942.3114,2215.5864,919.62213,2149.2998,899.9973,2056.9473,866.93494,2056.7402,863.7474,2146.2236,875.6178,2239.0942,914.19824,2350.8958,998.21326,2434.149,1120.0509,2463.5356,1243.97,2429.6128,1323.2087,2343.7385,1354.835,2234.0393,1359.4714,2140.5156,1344.6115,2055.8813
919,919,15316,866.8632,2056.235,861.9942,1962.813,883.981,1887.5708,929.35626,1814.6013,1019.9894,1753.1434,1113.2369,1761.0824,1206.4237,1750.7598,1287.9056,1810.0588,1332.8749,1883.243,1351.6547,1962.0125,1344.888,2055.813,1318.0994,2057.1604,1297.9716,1977.6244,1264.4626,1923.203,1228.7109,1884.9108,1175.9841,1862.7335,1109.6785,1857.0322,1044.6211,1864.339,989.2263,1887.1895,949.15424,1926.7539,916.2188,1979.0781,899.92053,2056.5,1318.0994,2057.1604,1309.6292,2147.2053,1294.1818,2212.3206,1267.0028,2277.9475,1213.5752,2328.9202,1125.3351,2350.2263,1036.2916,2328.2505,979.0571,2281.7512,942.40796,2215.079,919.62854,2148.8809,899.92053,2056.5,866.8632,2056.235,863.73895,2145.7485,875.6782,2238.596,914.35046,2350.2773,998.4005,2433.2634,1120.2148,2462.52,1244.0444,2428.844,1323.2035,2343.3286,1354.8525,2233.8398,1359.5897,2140.424,1344.888,2055.813
920,920,15333,866.8333,2056.518,861.79846,1963.0065,883.5859,1887.6298,928.887,1814.5356,1019.7476,1753.0519,1113.2021,1761.0317,1206.3032,1750.7487,1287.8293,1810.1251,1332.8337,1883.4526,1351.5992,1962.4009,1344.8337,2056.3271,1318.0444,2057.7073,1297.9172,1978.0852,1264.4032,1923.5305,1228.6238,1885.1566,1175.8916,1862.9373,1109.628,1857.1556,1044.5612,1864.4739,989.07544,1887.3088,949.00525,1926.917,916.15735,1979.3306,899.88306,2056.8113,1318.0444,2057.7073,1309.5013,2147.6516,1294.0011,2212.4504,1266.7754,2278.3503,1213.3422,2329.5298,1125.2136,2350.7178,1036.2303,2328.6333,978.9511,2281.997,942.30225,2215.1023,919.53265,2149.09,899.88306,2056.8113,866.8333,2056.518,863.6421,2146.0112,875.4902,2238.7815,914.1368,2350.3765,998.2441,2433.6199,1120.1145,2463.0146,1243.8014,2429.3508,1322.9572,2343.365,1354.6592,2234.287,1359.4608,2140.9783,1344.8337,2056.3271
921,921,15350,866.78107,2056.8289,861.6738,1963.3837,883.3042,1888.0309,928.5057,1814.9532,1019.4604,1753.5262,1113.1182,1761.5637,1206.2095,1751.3436,1287.7118,1810.7821,1332.7399,1884.116,1351.5399,1963.0405,1344.8302,2056.885,1318.0309,2058.238,1297.8635,1978.6956,1264.3213,1924.135,1228.5331,1885.7339,1175.8308,1863.4655,1109.5933,1857.6311,1044.4819,1864.9238,988.9525,1887.7311,948.9098,1927.3308,916.12885,1979.7306,899.8296,2057.126,1318.0309,2058.238,1309.3877,2147.9365,1293.8413,2212.5117,1266.5759,2278.6123,1213.1517,2329.7437,1125.0981,2350.7852,1036.1895,2328.7136,978.93097,2282.1272,942.28314,2215.1677,919.5176,2149.2307,899.8296,2057.126,866.78107,2056.8289,863.62067,2146.2551,875.4464,2238.917,914.1038,2350.4646,998.2304,2433.7656,1119.9987,2463.178,1243.6224,2429.5896,1322.7697,2343.4243,1354.521,2234.6018,1359.39,2141.4536,1344.8302,2056.885
922,922,15366,866.81036,2057.0168,861.6381,1963.7627,883.2697,1888.4694,928.482,1815.3757,1019.3939,1753.9048,1113.0349,1761.9294,1206.174,1751.7295,1287.7502,1811.2358,1332.7762,1884.6316,1351.5099,1963.5702,1344.7614,2057.318,1317.9572,2058.6458,1297.8075,1979.2048,1264.2941,1924.6614,1228.53,1886.2328,1175.8062,1863.936,1109.5294,1858.0812,1044.4183,1865.3826,988.9063,1888.1849,948.90063,1927.7664,916.16925,1980.0874,899.9032,2057.315,1317.9572,2058.6458,1309.244,2148.2166,1293.6838,2212.6877,1266.4188,2278.653,1213.0273,2329.7578,1125.0502,2350.7656,1036.2438,2328.703,979.0517,2282.1462,942.42773,2215.1902,919.6352,2149.3079,899.9032,2057.315,866.81036,2057.0168,863.68536,2146.3745,875.5435,2238.9817,914.2212,2350.505,998.2891,2433.802,1119.9542,2463.2012,1243.5061,2429.6353,1322.6106,2343.5552,1354.3737,2234.884,1359.2705,2141.8223,1344.7614,2057.318
923,923,15383,866.81445,2057.2144,861.74866,1964.085,883.45575,1888.88,928.64044,1815.8505,1019.40936,1754.4432,1113.0354,1762.5094,1206.2151,1752.3124,1287.6927,1811.8213,1332.6901,1885.1765,1351.4343,1964.0382,1344.7235,2057.6792,1317.947,2058.9963,1297.8109,1979.6294,1264.2863,1925.1277,1228.5448,1886.7166,1175.8302,1864.4237,1109.5377,1858.5717,1044.43,1865.8319,988.94135,1888.5906,948.93774,1928.1278,916.18005,1980.3866,899.88214,2057.5212,1317.947,2058.9963,1309.1244,2148.5144,1293.5411,2212.9216,1266.2678,2278.748,1212.9152,2329.7153,1125.0398,2350.6199,1036.3593,2328.6177,979.21344,2282.1396,942.5491,2215.28,919.67737,2149.4624,899.88214,2057.5212,866.81445,2057.2144,863.7382,2146.546,875.67316,2239.0898,914.40204,2350.4473,998.394,2433.4678,1119.9331,2462.7327,1243.3867,2429.3923,1322.4434,2343.6887,1354.2257,2235.141,1359.1583,2142.1519,1344.7235,2057.6792
924,924,15400,866.908,2057.3347,861.91724,1964.2399,883.7153,1889.0516,928.94464,1816.0374,1019.6639,1754.7079,1113.2136,1762.7885,1206.3658,1752.5238,1287.763,1811.9268,1332.7074,1885.2296,1351.4147,1964.1289,1344.6864,2057.8342,1317.9221,2059.1516,1297.8063,1979.7842,1264.3152,1925.3011,1228.6238,1886.8916,1175.9608,1864.5591,1109.673,1858.637,1044.6195,1865.9059,989.16876,1888.651,949.15845,1928.1896,916.35425,1980.486,899.9841,2057.6277,1317.9221,2059.1516,1309.0302,2148.72,1293.4487,2213.1555,1266.1936,2278.9348,1212.8987,2329.8057,1125.133,2350.6162,1036.578,2328.6238,979.465,2282.1958,942.7701,2215.3508,919.8445,2149.488,899.9841,2057.6277,866.908,2057.3347,863.88776,2146.6055,875.9097,2239.1243,914.71313,2350.476,998.6367,2433.464,1119.977,2462.7222,1243.3052,2429.4214,1322.3125,2343.755,1354.104,2235.2231,1359.067,2142.3137,1344.6864,2057.8342
925,925,15416,867.104,2057.5037,862.272,1964.373,884.218,1889.1089,929.49615,1816.2817,1020.0749,1755.0947,1113.5532,1763.292,1206.6868,1753.037,1288.0358,1812.317,1333.0105,1885.4469,1351.821,1964.1823,1345.1957,2057.9697,1318.3798,2059.292,1298.1775,1979.8784,1264.6602,1925.5806,1228.9673,1887.3083,1176.3401,1865.0215,1110.0448,1859.0786,1045.073,1866.2758,989.68494,1888.9264,949.64703,1928.3127,916.7235,1980.585,900.18134,2057.7937,1318.3798,2059.292,1309.1558,2148.9102,1293.4786,2213.3484,1266.1854,2278.9517,1212.9335,2329.5337,1125.3425,2350.1067,1037.0835,2328.2234,980.10266,2282.0278,943.3443,2215.402,920.2598,2149.613,900.18134,2057.7937,867.104,2057.5037,864.2566,2146.7441,876.50433,2239.2305,915.4771,2350.4204,999.25964,2433.0876,1120.2565,2462.2107,1243.372,2429.1968,1322.3162,2343.8884,1354.1611,2235.4333,1359.2826,2142.4849,1345.1957,2057.9697
926,926,15433,867.165,2057.5781,862.4005,1964.5854,884.3739,1889.5234,929.64044,1816.9559,1020.13416,1756.0189,1113.5995,1764.2996,1206.7422,1753.9442,1288.0676,1812.9371,1333.0621,1885.8082,1351.9243,1964.356,1345.4524,2058.0376,1318.6632,2059.386,1298.3776,1980.0975,1264.8157,1925.9855,1229.0973,1887.9224,1176.4655,1865.7991,1110.1328,1859.9565,1045.158,1867.0776,989.77905,1889.5803,949.74,1928.77,916.8184,1980.8473,900.2395,2057.889,1318.6632,2059.386,1309.3186,2149.0454,1293.6129,2213.4211,1266.3142,2278.993,1213.1376,2329.5144,1125.7937,2349.9766,1037.738,2328.1384,980.7383,2282.0308,943.8076,2215.4282,920.50903,2149.6924,900.2395,2057.889,867.165,2057.5781,864.48846,2146.8665,876.9809,2239.2927,916.21594,2350.448,999.9688,2433.058,1120.725,2462.1465,1243.6051,2429.224,1322.4407,2343.9438,1354.295,2235.56,1359.4731,2142.6519,1345.4524,2058.0376
927,927,15450,867.3988,2057.7412,862.85004,1964.6968,884.98285,1889.7224,930.3012,1817.4462,1020.64056,1756.6736,1114.0277,1765.0894,1207.2179,1754.718,1288.4712,1813.616,1333.4512,1886.3068,1352.3406,1964.6205,1345.9121,2058.0913,1319.0604,2059.4543,1298.6863,1980.4491,1265.1018,1926.6859,1229.4485,1888.8666,1176.9031,1866.8346,1110.5776,1861.002,1045.7252,1867.971,990.44946,1890.2756,950.4231,1929.1658,917.36395,1980.8885,900.52026,2058.0518,1319.0604,2059.4543,1309.4072,2149.2078,1293.6323,2213.5964,1266.3108,2278.9253,1213.195,2329.002,1126.0469,2349.1038,1038.321,2327.462,981.4442,2281.7224,944.471,2215.4316,921.03766,2149.7937,900.52026,2058.0518,867.3988,2057.7412,864.8133,2147.0022,877.4351,2239.387,916.81213,2350.3662,1000.48846,2432.6042,1120.9797,2461.486,1243.715,2428.8804,1322.4906,2344.0334,1354.396,2235.7373,1359.7109,2142.7505,1345.9121,2058.0913
928,928,15466,867.487,2057.8364,863.04535,1964.8318,885.26605,1890.1544,930.6292,1818.1171,1020.95294,1757.3346,1114.3668,1765.8402,1207.6346,1755.4791,1288.9031,1814.4082,1333.8922,1886.96,1352.7853,1965.0735,1346.3264,2058.2795,1319.4171,2059.6372,1298.9675,1981.0973,1265.39,1927.7181,1229.802,1890.1597,1177.3065,1868.2089,1110.9587,1862.375,1046.0996,1869.215,990.84265,1891.3507,950.80676,1929.9154,917.6293,1981.1815,900.6044,2058.1353,1319.4171,2059.6372,1309.4275,2149.2668,1293.5918,2213.6697,1266.2533,2278.9746,1213.1476,2328.922,1126.0453,2348.9097,1038.4073,2327.3315,981.58527,2281.7014,944.63727,2215.4763,921.19525,2149.8552,900.6044,2058.1353,867.487,2057.8364,864.89294,2147.0493,877.5113,2239.4233,916.9042,2350.3914,1000.5585,2432.5398,1120.9911,2461.3628,1243.694,2428.8647,1322.4703,2344.1392,1354.4314,2235.788,1359.873,2142.8958,1346.3264,2058.2795
929,929,15483,867.726,2057.8706,863.33997,1964.9362,885.5958,1890.3932,930.91693,1818.4835,1021.10724,1757.7808,1114.5232,1766.354,1207.8715,1756.0299,1289.1155,1814.929,1334.1024,1887.4442,1353.0288,1965.5276,1346.5294,2058.677,1319.5323,2059.9778,1299.0646,1981.5308,1265.5098,1928.1464,1229.9802,1890.5511,1177.5103,1868.5446,1111.1497,1862.6815,1046.323,1869.4463,991.1318,1891.5677,951.1823,1930.1108,918.0264,1981.3044,900.8833,2058.1633,1319.5323,2059.9778,1309.396,2149.3386,1293.5404,2213.7517,1266.1965,2279.0125,1213.0995,2328.7786,1126.0358,2348.6055,1038.4806,2327.0889,981.73584,2281.624,944.8612,2215.527,921.4728,2149.9246,900.8833,2058.1633,867.726,2057.8706,865.01154,2147.094,877.5736,2239.4802,916.9609,2350.405,1000.59186,2432.3958,1120.9764,2461.125,1243.6592,2428.7944,1322.4414,2344.242,1354.4551,2235.8384,1359.9825,2143.0964,1346.5294,2058.677
930,930,15500,867.70886,2057.995,863.32904,1965.1145,885.54254,1890.5894,930.7853,1818.6819,1020.85284,1757.9735,1114.3105,1766.5205,1207.7974,1756.2179,1289.0851,1815.1327,1334.0751,1887.639,1353.0715,1965.7131,1346.7428,2058.8247,1319.7114,2060.1057,1299.0824,1981.671,1265.4869,1928.2717,1229.9678,1890.6671,1177.4392,1868.6676,1111.0256,1862.8167,1046.2249,1869.5924,991.07117,1891.7181,951.16095,1930.2769,918.00616,1981.4733,900.86487,2058.2852,1319.7114,2060.1057,1309.5098,2149.479,1293.6049,2213.879,1266.225,2279.027,1213.1235,2328.629,1126.1056,2348.332,1038.5844,2326.8672,981.82715,2281.5308,944.9142,2215.5635,921.4874,2150.0083,900.86487,2058.2852,867.70886,2057.995,865.0065,2147.2043,877.58563,2239.556,917.01965,2350.4158,1000.6798,2432.313,1121.0786,2460.9949,1243.7638,2428.7576,1322.5557,2344.333,1354.6156,2235.9863,1360.1992,2143.2588,1346.7428,2058.8247
931,931,15516,867.64685,2058.2754,863.1439,1965.4554,885.19806,1890.9497,930.3116,1819.0029,1020.4212,1758.2914,1114.1172,1766.8043,1207.785,1756.4735,1289.056,1815.3379,1334.0538,1887.8646,1353.0686,1965.9749,1346.7697,2059.16,1319.7064,2060.537,1299.0682,1982.0723,1265.4592,1928.6389,1229.9412,1890.9985,1177.3778,1868.9714,1110.8868,1863.1237,1046.0087,1869.9166,990.8328,1892.0698,951.0219,1930.6897,917.967,1981.9404,900.85016,2058.652,1319.7064,2060.537,1309.494,2149.9788,1293.6226,2214.3635,1266.324,2279.291,1213.3519,2328.6997,1126.5182,2348.3293,1039.007,2326.877,982.1637,2281.6204,945.0998,2215.8267,921.53284,2150.3513,900.85016,2058.652,867.64685,2058.2754,864.9975,2147.5513,877.59937,2239.9568,917.1312,2350.8218,1000.899,2432.6223,1121.4482,2461.2522,1244.1583,2429.1677,1322.8893,2344.96,1354.8383,2236.5894,1360.3143,2143.726,1346.7697,2059.16
932,932,15533,867.3843,2058.3813,862.79956,1965.664,884.7417,1891.2917,929.7218,1819.4324,1019.7661,1758.7714,1113.6793,1767.2374,1207.6133,1756.9309,1289.0339,1815.7075,1334.0273,1888.1666,1353.0653,1966.2302,1346.8406,2059.4446,1319.732,2060.8762,1299.05,1982.4259,1265.419,1928.979,1229.8672,1891.3041,1177.2162,1869.2268,1110.5842,1863.3488,1045.5941,1870.1321,990.42676,1892.3066,950.7261,1930.9609,917.7703,1982.2069,900.6431,2058.8125,1319.732,2060.8762,1309.4655,2150.318,1293.591,2214.6838,1266.2892,2279.4666,1213.3225,2328.7463,1126.509,2348.3237,1039.0082,2326.8833,982.16296,2281.6829,945.09296,2215.9844,921.5119,2150.523,900.6431,2058.8125,867.3843,2058.3813,864.8727,2147.7798,877.5612,2240.2776,917.12775,2351.1155,1000.8947,2432.8098,1121.4508,2461.399,1244.1595,2429.4167,1322.8953,2345.3862,1354.8588,2237.074,1360.3639,2144.136,1346.8406,2059.4446
933,933,15550,866.9892,2058.8596,862.17615,1966.1575,883.86597,1891.7789,928.6887,1819.8931,1018.7543,1759.2128,1112.9055,1767.6326,1207.1471,1757.2595,1288.9354,1815.966,1334.008,1888.435,1353.0619,1966.5269,1346.9543,2059.8293,1319.8151,2061.3154,1299.0344,1982.7489,1265.3953,1929.2596,1229.7329,1891.5652,1176.8887,1869.4958,1110.0105,1863.6246,1044.9109,1870.4558,989.6899,1892.6796,950.0644,1931.404,917.3028,1982.7303,900.30347,2059.33,1319.8151,2061.3154,1309.5181,2150.9014,1293.6266,2215.321,1266.3041,2280.0388,1213.32,2329.1743,1126.4983,2348.6318,1038.9982,2327.2166,982.152,2282.085,945.04724,2216.5115,921.3815,2151.0898,900.30347,2059.33,866.9892,2058.8596,864.69293,2148.3137,877.4943,2240.8362,917.1185,2351.6914,1000.8885,2433.332,1121.4624,2461.921,1244.2058,2429.9963,1322.968,2346.0308,1354.9521,2237.63,1360.4685,2144.5881,1346.9543,2059.8293
934,934,15566,866.34314,2058.9282,861.4363,1966.339,882.9725,1892.1292,927.62366,1820.4215,1017.4664,1760.0332,1111.8218,1768.5082,1206.3829,1758.1982,1288.4271,1816.742,1333.6821,1889.0786,1352.9308,1967.0359,1346.9368,2060.2712,1319.7744,2061.7976,1298.8477,1983.2179,1265.044,1929.6993,1229.2516,1891.9565,1176.2012,1869.8395,1109.1052,1863.9335,1043.8317,1870.7051,988.5888,1892.886,949.1116,1931.613,916.5719,1982.9357,899.67487,2059.457,1319.7744,2061.7976,1309.3984,2151.2327,1293.4891,2215.536,1266.1609,2280.089,1213.192,2329.1707,1126.4408,2348.549,1038.9517,2327.1663,982.0768,2282.0854,944.90186,2216.5393,921.09985,2151.1602,899.67487,2059.457,866.34314,2058.9282,864.2879,2148.3882,877.24646,2240.9229,916.9828,2351.775,1000.8015,2433.362,1121.413,2461.9387,1244.1503,2430.09,1322.9171,2346.3145,1354.91,2238.0188,1360.445,2145.02,1346.9368,2060.2712
935,935,15583,864.315,2059.3774,859.7831,1967.246,881.5171,1893.5352,926.28986,1822.3511,1016.16327,1762.5278,1110.7585,1771.0526,1205.5807,1760.712,1287.8081,1818.7275,1333.2069,1890.6119,1352.615,1968.1355,1346.7952,2060.967,1319.6255,2062.5034,1298.5516,1984.116,1264.6154,1930.752,1228.6892,1893.1434,1175.4395,1871.1794,1108.0443,1865.37,1042.4484,1872.0216,986.9143,1894.0431,947.24365,1932.6414,914.58484,1983.7782,897.53784,2059.9785,1319.6255,2062.5034,1308.9863,2151.817,1292.9148,2215.9458,1265.439,2280.2373,1212.418,2329.1816,1125.7814,2348.5337,1038.3436,2327.1619,981.3158,2282.1477,943.8449,2216.8079,919.6512,2151.5847,897.53784,2059.9785,864.315,2059.3774,862.8578,2148.8535,876.2876,2241.2974,916.3355,2351.9553,1000.21545,2433.3906,1120.7748,2461.9446,1243.3899,2430.141,1322.1399,2346.5786,1354.3014,2238.5361,1360.0953,2145.6814,1346.7952,2060.967
936,936,15600,863.1773,2060.8958,858.4173,1968.981,879.90204,1895.2316,924.6622,1823.9083,1014.78424,1763.9476,1109.5616,1772.4392,1204.5154,1761.9608,1287.019,1819.8944,1332.4797,1891.8483,1351.8221,1969.428,1346.0619,2062.1687,1318.8485,2063.7654,1297.5654,1985.6378,1263.5236,1932.4244,1227.5487,1894.9623,1174.2513,1873.1407,1106.8112,1867.4019,1041.1182,1874.1011,985.50006,1896.0973,945.8594,1934.6741,913.36487,1985.7092,896.46185,2061.521,1318.8485,2063.7654,1308.1306,2153.1028,1292.0134,2217.0283,1264.566,2280.928,1211.7057,2329.5083,1125.379,2348.682,1038.0917,2327.4148,981.06366,2282.712,943.4579,2217.8809,919.00336,2152.9731,896.46185,2061.521,863.1773,2060.8958,862.0742,2150.425,875.7557,2242.797,915.9824,2353.242,999.8679,2434.33,1120.382,2462.7393,1242.8733,2431.1248,1321.4905,2347.8823,1353.5825,2239.911,1359.354,2147.0151,1346.0619,2062.1687
937,937,15616,861.9407,2062.746,856.92236,1970.9633,878.0725,1897.2231,922.5621,1825.8805,1012.55994,1766.0057,1107.3811,1774.5404,1202.5045,1764.0856,1285.3262,1822.0151,1331.083,1893.9432,1350.7539,1971.4814,1345.3704,2064.148,1318.1493,2065.737,1296.5781,1987.4908,1262.2397,1934.1266,1225.978,1896.5374,1172.4153,1874.6454,1104.729,1868.8949,1038.9781,1875.5951,983.3973,1897.6354,943.9816,1936.3492,911.85236,1987.5728,895.24786,2063.3606,1318.1493,2065.737,1307.3881,2154.919,1291.2074,2218.5095,1263.7026,2281.8801,1210.8479,2329.9795,1124.7294,2348.8953,1037.5807,2327.6963,980.55945,2283.2747,942.831,2218.9487,918.17413,2154.4656,895.24786,2063.3606,861.9407,2062.746,861.1969,2152.0974,875.09344,2244.1726,915.4627,2354.306,999.32385,2435.1125,1119.759,2463.4666,1242.1179,2432.1555,1320.7291,2349.4114,1352.8795,2241.71,1358.6802,2148.9407,1345.3704,2064.148
938,938,15633,860.5149,2065.106,855.3079,1973.3766,876.31396,1899.6134,920.80176,1828.2455,1010.9871,1768.3718,1105.9032,1776.8481,1201.1146,1766.3896,1284.1765,1824.2511,1330.0508,1896.1718,1349.7471,1973.7571,1344.447,2066.4336,1317.275,2068.0176,1295.6614,1989.646,1261.2162,1936.1858,1224.8011,1898.5752,1171.0831,1876.7179,1103.2546,1870.981,1037.3981,1877.7446,981.685,1899.8069,942.24884,1938.5879,910.22485,1989.9108,893.81287,2065.6892,1317.275,2068.0176,1306.5222,2157.4111,1290.287,2220.8972,1262.7014,2283.9106,1209.8315,2331.5293,1123.8702,2350.0684,1036.8234,2328.9866,979.7676,2284.8916,941.86847,2221.0083,916.9981,2156.7688,893.81287,2065.6892,860.5149,2065.106,860.0933,2154.4216,874.2382,2246.3064,914.74725,2356.169,998.56085,2436.7437,1118.8711,2465.08,1241.0836,2434.0366,1319.635,2351.6816,1351.8383,2244.1348,1357.7032,2151.3582,1344.447,2066.4336
939,939,15650,858.8307,2066.7292,853.99854,1975.5205,875.3607,1902.2377,920.0613,1831.3483,1010.31036,1771.7064,1105.159,1779.9716,1200.2655,1769.3992,1283.301,1826.8323,1329.2513,1898.2863,1349.0706,1975.4747,1343.958,2067.7988,1316.8073,2069.3064,1295.0275,1991.2291,1260.4606,1938.0354,1223.9797,1900.6699,1170.2793,1879.0256,1102.4762,1873.4639,1036.5616,1880.2992,980.7629,1902.3407,941.155,1940.9681,908.88354,1992.0128,892.19446,2067.2908,1316.8073,2069.3064,1306.032,2158.464,1289.8586,2221.8022,1262.2928,2284.6204,1209.4651,2332.0398,1123.5621,2350.4421,1036.4673,2329.4758,979.2418,2285.63,941.0516,2222.0725,915.84705,2158.0728,892.19446,2067.2908,858.8307,2066.7292,858.83923,2155.9014,873.45386,2247.4963,914.3248,2356.9333,998.275,2437.189,1118.5493,2465.414,1240.633,2434.4617,1319.1107,2352.3486,1351.3279,2245.1128,1357.2032,2152.544,1343.958,2067.7988
940,940,15666,857.3239,2068.1008,852.50616,1976.9854,873.8772,1903.6978,918.52814,1832.7393,1008.7947,1773.0898,1103.7429,1781.4198,1199.0277,1770.839,1282.274,1828.3497,1328.3375,1899.8638,1348.2635,1977.0115,1343.294,2069.2175,1316.0825,2070.655,1294.0999,1992.6199,1259.4052,1939.4167,1222.8562,1901.9789,1169.072,1880.318,1101.1228,1874.7709,1035.148,1881.5922,979.31525,1903.6727,939.75806,1942.4,907.46326,1993.491,890.67584,2068.656,1316.0825,2070.655,1304.9247,2159.6775,1288.5896,2222.7686,1260.9116,2285.1433,1208.1561,2332.2131,1122.6171,2350.475,1035.808,2329.5903,978.5992,2286.0496,940.259,2222.9724,914.8086,2159.2747,890.67584,2068.656,857.3239,2068.1008,857.64136,2157.2979,872.5477,2248.7231,913.63947,2357.7507,997.5808,2437.6023,1117.652,2465.7117,1239.5461,2434.967,1317.9781,2353.3354,1350.3373,2246.4836,1356.3824,2154.0085,1343.294,2069.2175
941,941,15683,856.1528,2071.4358,851.5018,1980.2683,873.04285,1906.964,917.87933,1835.9788,1008.29816,1776.2076,1103.2848,1784.4602,1198.5543,1773.9241,1281.7695,1831.497,1327.7767,1902.978,1347.6055,1980.0573,1342.6711,2072.208,1315.6261,2073.6514,1293.7278,1995.3438,1259.0192,1942.0475,1222.4242,1904.5918,1168.5734,1882.9854,1100.5428,1877.4685,1034.4302,1884.3591,978.4,1906.4698,938.60236,1945.2769,906.10596,1996.5239,889.3281,2071.968,1315.6261,2073.6514,1304.582,2163.3147,1288.2928,2226.7534,1260.6058,2289.33,1207.7903,2336.4048,1122.1532,2354.5664,1035.1891,2333.735,977.78314,2290.2417,939.20013,2227.119,913.5738,2163.1782,889.3281,2071.968,856.1528,2071.4358,856.742,2160.8423,871.86084,2252.3489,913.06024,2361.3843,997.03595,2441.2515,1117.0889,2469.3984,1238.9474,2438.585,1317.313,2356.8657,1349.6289,2249.8352,1355.6682,2157.2043,1342.6711,2072.208
942,942,15700,855.6351,2072.3223,851.032,1981.4902,872.7302,1908.4226,917.6982,1837.7084,1008.1694,1778.2152,1103.0986,1786.6018,1198.2799,1776.1199,1281.4515,1833.604,1327.4285,1904.9589,1347.2556,1981.926,1342.3197,2073.8433,1315.2941,2075.2192,1293.3456,1997.3094,1258.5837,1944.2201,1221.9917,1906.8688,1168.219,1885.2783,1100.2671,1879.6818,1034.1967,1886.4259,978.1386,1908.2966,938.2752,1946.8623,905.67426,1997.8411,888.8484,2072.8416,1315.2941,2075.2192,1304.249,2164.473,1288.0007,2227.6392,1260.3473,2289.9072,1207.6228,2336.7136,1122.095,2354.7075,1035.1672,2333.903,977.7448,2290.5037,939.08215,2227.5378,913.3063,2163.7437,888.8484,2072.8416,855.6351,2072.3223,856.3804,2161.6587,871.7102,2253.0842,913.0284,2361.9236,997.0179,2441.6182,1117.0267,2469.7402,1238.758,2439.0984,1317.0334,2357.7239,1349.3239,2251.046,1355.3446,2158.647,1342.3197,2073.8433
943,943,15716,855.4423,2072.466,850.7903,1981.7649,872.40466,1908.7758,917.2763,1838.1921,1007.52014,1778.949,1102.3281,1787.5328,1197.4773,1777.161,1280.6648,1834.6614,1326.7314,1905.9617,1346.711,1982.8562,1341.986,2074.62,1314.9764,2075.8713,1292.9246,1997.9462,1258.0236,1944.7767,1221.3364,1907.3269,1167.52,1885.655,1099.5544,1879.997,1033.5688,1886.6311,977.6012,1908.4425,937.82874,1947.0133,905.3279,1998.0061,888.6137,2072.9521,1314.9764,2075.8713,1303.7396,2164.928,1287.454,2227.8608,1259.7677,2289.902,1207.1254,2336.659,1121.8684,2354.621,1035.096,2333.8467,977.7007,2290.444,939.00995,2227.4868,913.1848,2163.7747,888.6137,2072.9521,855.4423,2072.466,856.2884,2161.7415,871.6846,2253.085,913.02374,2361.8525,996.9898,2441.5645,1116.8523,2469.6975,1238.3516,2439.044,1316.528,2357.8652,1348.8381,2251.495,1354.919,2159.2954,1341.986,2074.62
944,944,15733,854.6873,2073.5815,849.9994,1982.881,871.5854,1909.9374,916.45605,1839.4102,1006.7736,1780.1875,1101.6938,1788.7458,1196.9768,1778.5522,1280.2936,1836.2405,1326.4174,1907.597,1346.4248,1984.4832,1341.7903,2076.2683,1314.8253,2077.5957,1292.7479,1999.3297,1257.8014,1945.9287,1221.008,1908.2953,1167.0284,1886.4835,1098.8866,1880.7423,1032.7681,1887.3599,976.6763,1909.1874,936.859,1947.832,904.4023,1998.9653,887.7804,2074.1462,1314.8253,2077.5957,1303.6003,2167.084,1287.3271,2230.3118,1259.6091,2292.5063,1206.892,2339.1646,1121.5239,2356.8633,1034.6382,2335.974,977.15295,2292.4646,938.3557,2229.3604,912.4328,2165.3992,887.7804,2074.1462,854.6873,2073.5815,855.6908,2163.0007,871.21704,2254.4968,912.61505,2363.5051,996.5866,2443.4182,1116.4761,2471.7366,1238.0443,2441.2627,1316.2545,2360.0781,1348.5695,2253.4734,1354.6697,2161.096,1341.7903,2076.2683
945,945,15750,854.7401,2074.4949,850.051,1984.1407,871.6444,1911.3859,916.52466,1841.0317,1006.82947,1781.9098,1101.701,1790.6667,1196.921,1780.5049,1280.1973,1838.2506,1326.3079,1909.5382,1346.2992,1986.2957,1341.6526,2077.7183,1314.7174,2078.9688,1292.6489,2001.2277,1257.6857,1948.1145,1220.9036,1910.6383,1166.9608,1888.8638,1098.8545,1883.0475,1032.7881,1889.5082,976.72864,1911.1243,936.91956,1949.5376,904.4586,2000.3535,887.83606,2075.0251,1314.7174,2078.9688,1303.4052,2168.102,1287.1115,2231.0896,1259.3916,2293.067,1206.7203,2339.5537,1121.4315,2357.1467,1034.617,2336.2253,977.15015,2292.7795,938.36084,2229.8308,912.4526,2166.026,887.83606,2075.0251,854.7401,2074.4949,855.7123,2163.8113,871.2271,2255.1924,912.6237,2363.9949,996.58026,2443.7776,1116.3588,2472.1057,1237.7566,2441.753,1315.8743,2360.8135,1348.2201,2254.5002,1354.3964,2162.3364,1341.6526,2077.7183
946,946,15766,854.82184,2074.9207,850.1323,1984.7981,871.7135,1912.1886,916.58575,1841.9865,1006.8626,1783.0243,1101.7289,1792.015,1196.9312,1781.9657,1280.1384,1839.863,1326.1943,1911.1082,1346.1449,1987.7493,1341.4823,2078.887,1314.6091,2080.063,1292.5629,2002.6824,1257.6042,1949.8015,1220.8589,1912.4574,1166.9624,1890.7095,1098.885,1884.7847,1032.8245,1891.0419,976.7614,1912.3793,936.94037,1950.5297,904.47375,2001.0912,887.887,2075.4353,1314.6091,2080.063,1303.239,2169.0237,1286.9481,2231.8665,1259.2612,2293.6797,1206.6488,2340.0144,1121.4215,2357.4858,1034.634,2336.4941,977.2179,2293.0566,938.4565,2230.165,912.5432,2166.4019,887.887,2075.4353,854.82184,2074.9207,855.8962,2164.2778,871.44055,2255.6887,912.7783,2364.4592,996.61676,2444.2473,1116.3416,2472.6606,1237.6373,2442.4612,1315.6652,2361.7163,1347.9658,2255.5464,1354.1407,2163.4514,1341.4823,2078.887
947,947,15783,854.85486,2075.1816,850.1492,1984.9917,871.7357,1912.3237,916.6051,1842.0541,1006.8862,1783.0598,1101.7401,1792.0442,1196.9446,1781.9741,1280.1439,1839.8782,1326.1929,1911.1584,1346.1396,1987.8502,1341.4803,2079.062,1314.619,2080.2244,1292.5795,2002.7611,1257.614,1949.8389,1220.8638,1912.4753,1166.974,1890.7437,1098.912,1884.847,1032.8672,1891.1145,976.8209,1912.4644,937.00476,1950.645,904.5365,2001.262,887.9419,2075.6865,1314.619,2080.2244,1303.2416,2169.2595,1286.9478,2232.1223,1259.2579,2293.9155,1206.6447,2340.2026,1121.4198,2357.6487,1034.6433,2336.688,977.23474,2293.337,938.46686,2230.5159,912.56104,2166.7424,887.9419,2075.6865,854.85486,2075.1816,855.9488,2164.6655,871.5228,2256.1577,912.85547,2364.9001,996.64087,2444.5881,1116.3373,2472.9763,1237.6099,2442.8027,1315.6208,2362.1055,1347.9287,2255.9019,1354.1243,2163.7212,1341.4803,2079.062
948,948,15800,854.9184,2075.151,850.2786,1985.0127,871.86,1912.4487,916.7262,1842.3177,1006.97577,1783.5405,1101.8536,1792.562,1197.0724,1782.5443,1280.25,1840.2853,1326.3209,1911.4055,1346.3031,1987.9768,1341.7598,2079.1343,1314.9729,2080.3035,1292.9265,2002.803,1257.9233,1949.8851,1221.0958,1912.5352,1167.1361,1890.8126,1098.9971,1884.9216,1032.908,1891.1481,976.8422,1912.463,937.0381,1950.628,904.56305,2001.2355,887.9562,2075.6638,1314.9729,2080.3035,1303.432,2169.4446,1287.0635,2232.333,1259.3281,2294.0854,1206.7013,2340.287,1121.4974,2357.6772,1034.7944,2336.7268,977.4122,2293.4048,938.6137,2230.601,912.65326,2166.7969,887.9562,2075.6638,854.9184,2075.151,856.16534,2164.6814,871.8462,2256.2114,913.1876,2364.966,996.8529,2444.6453,1116.4258,2473.044,1237.6602,2442.9194,1315.6561,2362.2903,1347.9834,2256.0935,1354.2487,2163.8687,1341.7598,2079.1343
949,949,15816,854.94794,2075.0994,850.3028,1984.9454,871.8921,1912.3597,916.7577,1842.19,1007.0354,1783.3749,1102.0249,1792.3774,1197.303,1782.3488,1280.573,1840.1155,1326.7043,1911.2725,1346.7178,1987.8822,1342.3549,2079.0723,1315.7325,2080.241,1293.5697,2002.739,1258.422,1949.7905,1221.4567,1912.4138,1167.4061,1890.6733,1099.1409,1884.7828,1032.9631,1891.0249,976.87537,1912.3636,937.08624,1950.5436,904.6106,2001.1647,887.98975,2075.613,1315.7325,2080.241,1303.9739,2169.377,1287.4801,2232.2893,1259.6735,2294.04,1207.0806,2340.223,1122.0494,2357.618,1035.5114,2336.6685,978.0749,2293.3835,939.0478,2230.6277,912.849,2166.811,887.98975,2075.613,854.94794,2075.0994,856.50366,2164.6853,872.5144,2256.2734,914.08746,2365.049,997.6781,2444.6904,1117.0638,2473.0671,1238.105,2442.9526,1315.9436,2362.3372,1348.2499,2256.0774,1354.6263,2163.793,1342.3549,2079.0723
950,950,15833,855.2297,2075.0562,850.57367,1984.8894,872.0104,1912.2832,916.8179,1842.0822,1007.08844,1783.2233,1102.1719,1792.213,1197.5226,1782.1735,1280.856,1839.969,1327.0875,1911.1827,1347.2473,1987.8562,1343.2335,2079.0388,1316.8103,2080.2148,1294.4592,2002.6914,1259.0939,1949.7661,1221.904,1912.3491,1167.6907,1890.5719,1099.2803,1884.6776,1033.0085,1890.9486,976.9051,1912.3362,937.1179,1950.5248,904.6485,2001.1299,888.1269,2075.5632,1316.8103,2080.2148,1304.8016,2169.3032,1288.07,2232.2388,1260.1128,2294.0088,1207.4644,2340.1812,1122.4946,2357.5674,1036.031,2336.6377,978.56586,2293.3887,939.44855,2230.6433,913.12506,2166.7952,888.1269,2075.5632,855.2297,2075.0562,856.9952,2164.6516,873.0938,2256.332,914.70123,2365.2507,998.2409,2444.9153,1117.5673,2473.2805,1238.534,2443.158,1316.32,2362.4849,1348.6869,2256.062,1355.2686,2163.7131,1343.2335,2079.0388
951,951,15850,856.14923,2075.022,851.1592,1984.8262,872.2915,1912.255,916.99164,1841.9033,1007.3188,1782.9205,1102.423,1791.926,1197.798,1781.8276,1281.3011,1839.6454,1327.5905,1911.0049,1347.7278,1987.7783,1343.6865,2079.0117,1317.2037,2080.1814,1294.7198,2002.6635,1259.3145,1949.7206,1222.1233,1912.293,1167.9315,1890.5079,1099.5234,1884.6177,1033.3146,1890.8821,977.27057,1912.2662,937.63605,1950.4495,905.4222,2001.0691,889.0925,2075.5266,1317.2037,2080.1814,1305.1213,2169.219,1288.343,2232.0198,1260.4214,2293.567,1207.932,2339.43,1123.348,2356.6687,1037.4152,2336.019,980.24304,2293.1396,941.1003,2230.617,914.5714,2166.7473,889.0925,2075.5266,856.14923,2075.022,858.1459,2164.6436,874.33606,2256.3555,916.0309,2365.2786,999.39197,2444.8872,1118.5026,2473.2334,1239.2297,2443.1108,1316.8489,2362.4329,1349.1731,2255.9941,1355.7397,2163.6653,1343.6865,2079.0117
952,952,15866,856.88245,2074.9832,851.9148,1984.7751,872.88336,1912.1942,917.52386,1841.8455,1007.8424,1782.8452,1103.057,1791.8304,1198.4364,1781.7631,1281.8828,1839.568,1328.1401,1910.882,1348.2244,1987.6183,1344.2589,2078.842,1317.9431,2080.0312,1295.5112,2002.4803,1260.0781,1949.5507,1222.8575,1912.1824,1168.632,1890.4724,1100.1134,1884.5737,1033.7625,1890.8557,977.60956,1912.2264,937.95154,1950.431,905.78534,2001.0349,889.61523,2075.4888,1317.9431,2080.0312,1305.6681,2169.188,1288.77,2231.9756,1260.8325,2293.5247,1208.4088,2339.3958,1123.97,2356.635,1038.1774,2335.9854,981.0402,2293.1294,941.86566,2230.626,915.2401,2166.7446,889.61523,2075.4888,856.88245,2074.9832,859.04614,2164.6597,875.2565,2256.4868,916.9236,2365.552,1000.18274,2445.1548,1119.1913,2473.4424,1239.8024,2443.2554,1317.2773,2362.4924,1349.5262,2255.9463,1356.1637,2163.6284,1344.2589,2078.842
953,953,15883,857.52515,2075.003,852.42096,1984.7349,873.2051,1912.1263,917.77814,1841.8075,1008.1031,1782.8197,1103.3407,1791.7886,1198.6951,1781.7147,1282.144,1839.477,1328.4203,1910.8136,1348.4872,1987.5856,1344.5211,2078.8157,1318.2479,2080.0046,1295.8384,2002.4545,1260.3973,1949.5302,1223.1724,1912.1556,1168.9442,1890.4237,1100.3743,1884.5088,1033.9886,1890.792,977.8208,1912.1678,938.2222,1950.3655,906.1981,2000.988,890.221,2075.5027,1318.2479,2080.0046,1305.9481,2169.1401,1288.9943,2231.9395,1261.0671,2293.502,1208.6888,2339.3757,1124.3208,2356.621,1038.6458,2335.9565,981.60706,2293.0974,942.51416,2230.618,915.8993,2166.7666,890.221,2075.5027,857.52515,2075.003,859.72327,2164.7637,875.8526,2256.664,917.444,2365.8042,1000.621,2445.38,1119.5814,2473.6125,1240.1322,2443.3894,1317.5494,2362.568,1349.76,2255.9233,1356.4043,2163.566,1344.5211,2078.8157
954,954,15900,857.746,2074.9758,852.6729,1984.71,873.38226,1912.0717,917.9293,1841.724,1008.2361,1782.7084,1103.5214,1791.6676,1198.9274,1781.5874,1282.39,1839.3805,1328.7084,1910.778,1348.837,1987.4794,1345.0367,2078.6284,1318.8813,2079.8528,1296.3644,2002.3396,1260.8015,1949.4807,1223.4974,1912.1085,1169.2081,1890.3439,1100.5542,1884.4202,1034.0919,1890.7203,977.87885,1912.1241,938.2768,1950.3435,906.2703,2000.9681,890.3409,2075.488,1318.8813,2079.8528,1306.3624,2169.113,1289.2948,2231.9016,1261.3356,2293.4744,1208.9813,2339.3455,1124.6881,2356.5576,1039.0695,2335.9336,982.0208,2293.068,942.87573,2230.5906,916.1683,2166.7397,890.3409,2075.488,857.746,2074.9758,860.1294,2164.7363,876.3427,2256.6416,917.9239,2365.79,1001.0328,2445.362,1119.972,2473.5896,1240.4529,2443.3718,1317.8058,2362.5466,1349.9951,2255.88,1356.7417,2163.55,1345.0367,2078.6284
955,955,15916,858.35925,2074.947,853.27014,1984.6702,873.85,1912.014,918.327,1841.6422,1008.55365,1782.6296,1103.9379,1791.5939,1199.4441,1781.4984,1282.9475,1839.2689,1329.3767,1910.6735,1349.656,1987.4004,1346.1637,2078.5698,1320.1,2079.7915,1297.4199,2002.2954,1261.7375,1949.4331,1224.2739,1912.0502,1169.8452,1890.2777,1101.0525,1884.35,1034.4747,1890.6722,978.1911,1912.104,938.57745,1950.3254,906.6268,2000.9413,890.7936,2075.4614,1320.1,2079.7915,1307.3435,2169.1072,1290.1196,2231.9421,1262.0715,2293.5093,1209.7107,2339.3376,1125.5088,2356.5334,1039.9868,2335.9285,982.93665,2293.1174,943.6864,2230.684,916.8253,2166.8096,890.7936,2075.4614,858.35925,2074.947,860.9828,2164.7664,877.36444,2256.739,919.0144,2365.958,1002.0708,2445.526,1121.0013,2473.7449,1241.4702,2443.5645,1318.7682,2362.758,1350.913,2255.974,1357.7522,2163.524,1346.1637,2078.5698
956,956,15933,859.52216,2074.92,853.97473,1984.6561,874.27655,1911.914,918.69867,1841.4297,1008.9743,1782.4535,1104.2598,1791.4974,1199.7026,1781.4346,1283.2865,1839.2275,1329.7026,1910.5789,1349.8643,1987.3379,1346.2603,2078.6365,1320.1853,2079.8728,1297.5786,2002.3002,1261.9445,1949.3694,1224.4774,1911.9648,1170.0576,1890.1937,1101.2985,1884.2687,1034.8116,1890.5878,978.5878,1912.0367,939.08435,1950.2776,907.4292,2000.9017,892.01776,2075.4353,1320.1853,2079.8728,1307.7029,2169.1772,1290.5845,2231.9897,1262.5939,2293.5332,1210.2755,2339.3352,1126.1089,2356.523,1040.6838,2335.9043,983.743,2293.0945,944.59576,2230.6638,917.831,2166.7893,892.01776,2075.4353,859.52216,2074.92,861.9027,2164.753,878.1016,2256.7695,919.6677,2366.1167,1002.64825,2445.8308,1121.4971,2474.1729,1241.9974,2444.0293,1319.2914,2363.1523,1351.3632,2256.2188,1358.0212,2163.6558,1346.2603,2078.6365
957,957,15950,859.9378,2074.991,854.4317,1984.721,874.70624,1911.9834,919.1086,1841.493,1009.3522,1782.5558,1104.7533,1791.5679,1200.2659,1781.5117,1283.8232,1839.2466,1330.2393,1910.5863,1350.3855,1987.3472,1346.7677,2078.6938,1320.6534,2079.9397,1298.1039,2002.2734,1262.5876,1949.299,1225.1191,1911.8811,1170.6285,1890.1117,1101.8018,1884.1962,1035.214,1890.5144,978.95026,1911.9675,939.43835,1950.2336,907.8067,2000.9056,892.39374,2075.5198,1320.6534,2079.9397,1308.2114,2169.2747,1291.0935,2232.1094,1263.0662,2293.6628,1210.665,2339.4397,1126.3878,2356.5994,1040.8856,2335.9927,983.92224,2293.2075,944.81683,2230.7798,918.10614,2166.9045,892.39374,2075.5198,859.9378,2074.991,862.2329,2164.8162,878.3551,2256.8074,919.8693,2366.166,1002.86975,2445.8853,1121.7731,2474.2288,1242.404,2444.102,1319.7706,2363.2236,1351.8599,2256.2737,1358.5312,2163.7146,1346.7677,2078.6938
958,958,15966,860.90894,2075.1182,855.1849,1984.7744,875.20105,1911.9669,919.46,1841.4354,1009.63855,1782.4907,1105.0314,1791.4973,1200.534,1781.4338,1284.0911,1839.1686,1330.4922,1910.5314,1350.6082,1987.3295,1346.9833,2078.7341,1320.8813,2079.984,1298.3319,2002.2489,1262.8401,1949.239,1225.3816,1911.8107,1170.8972,1890.0435,1102.0807,1884.1346,1035.5444,1890.4536,979.34344,1911.9092,939.9503,1950.2003,908.5064,2000.9368,893.2944,2075.6494,1320.8813,2079.984,1308.5133,2169.349,1291.4409,2232.1863,1263.4824,2293.7385,1211.1533,2339.487,1126.957,2356.6282,1041.5472,2336.0217,984.6911,2293.261,945.68835,2230.8682,919.0128,2167.0417,893.2944,2075.6494,860.90894,2075.1182,863.26746,2164.9597,879.2706,2256.96,920.6108,2366.4106,1003.4705,2446.196,1122.3284,2474.5847,1242.9578,2444.4688,1320.2241,2363.5476,1352.1979,2256.4536,1358.7928,2163.8042,1346.9833,2078.7341
959,959,15983,862.10614,2075.1025,856.3226,1984.7529,876.25714,1911.9496,920.475,1841.4197,1010.4878,1782.4404,1105.6422,1791.4336,1200.9419,1781.3635,1284.3704,1839.1057,1330.7258,1910.4705,1350.8029,1987.2793,1347.1354,2078.7078,1321.0383,2079.9556,1298.5933,2002.2029,1263.1273,1949.1824,1225.718,1911.761,1171.3304,1889.997,1102.6201,1884.0923,1036.238,1890.4271,980.13446,1911.8822,940.8278,1950.1842,909.507,2000.919,894.5438,2075.6372,1321.0383,2079.9556,1308.8313,2169.3223,1291.812,2232.1672,1263.9153,2293.7107,1211.7008,2339.392,1127.7025,2356.4927,1042.5927,2335.907,985.8851,2293.1943,946.8932,2230.8333,920.1964,2167.025,894.5438,2075.6372,862.10614,2075.1025,864.42786,2164.9492,880.4371,2256.959,921.8026,2366.4077,1004.518,2446.183,1123.0605,2474.5703,1243.5116,2444.4539,1320.6578,2363.5469,1352.5562,2256.46,1359.0559,2163.7932,1347.1354,2078.7078
960,960,16000,862.7,2075.3423,856.983,1984.931,876.938,1912.0527,921.17975,1841.4491,1011.1318,1782.4491,1106.2367,1791.4464,1201.4819,1781.383,1284.7672,1839.1448,1331.0542,1910.5642,1351.0663,1987.4315,1347.3191,2078.9468,1321.2103,2080.1606,1298.8457,2002.3158,1263.473,1949.2227,1226.1641,1911.756,1171.85,1889.9708,1103.2087,1884.0695,1036.8506,1890.3983,980.7774,1911.8682,941.46545,1950.2247,910.1125,2001.0388,895.1104,2075.856,1321.2103,2080.1606,1308.9888,2169.534,1291.9824,2232.3599,1264.1206,2293.893,1211.9261,2339.5608,1127.9066,2356.6533,1042.7896,2336.0745,986.0962,2293.3953,947.18536,2231.0576,920.5964,2167.275,895.1104,2075.856,862.7,2075.3423,864.9055,2165.2166,880.7947,2257.213,922.05914,2366.6807,1004.7434,2446.458,1123.2795,2474.8445,1243.7288,2444.743,1320.8569,2363.8364,1352.7214,2256.7278,1359.2196,2164.0542,1347.3191,2078.9468
961,961,16016,863.2304,2075.293,857.4568,1984.9099,877.3772,1912.0393,921.6254,1841.4098,1011.5196,1782.4159,1106.4711,1791.4639,1201.6371,1781.3885,1284.8892,1839.1266,1331.1724,1910.5577,1351.1655,1987.4689,1347.3727,2079.02,1321.2522,2080.2537,1298.9119,2002.476,1263.5419,1949.4094,1226.2385,1912.0002,1171.9536,1890.281,1103.3569,1884.3619,1037.089,1890.5791,981.09314,1911.9188,941.8265,1950.2147,910.5691,2001.0187,895.6946,2075.8242,1321.2522,2080.2537,1309.1141,2169.6465,1292.1378,2232.5112,1264.3159,2294.1184,1212.1381,2339.8618,1128.0994,2356.9976,1042.9921,2336.2642,986.3667,2293.4443,947.56287,2231.0483,921.0786,2167.2676,895.6946,2075.8242,863.2304,2075.293,865.3109,2165.2083,881.06177,2257.2805,922.2203,2367.0005,1004.8654,2447.0918,1123.3938,2475.706,1243.8563,2445.5642,1320.9977,2364.4526,1352.8562,2257.1082,1359.3169,2164.24,1347.3727,2079.02
962,962,16033,864.2898,2075.2795,858.39105,1984.88,878.22095,1911.9084,922.45807,1841.1815,1012.224,1782.2855,1107.0258,1791.4275,1202.0892,1781.3679,1285.2686,1839.1069,1331.5748,1910.5212,1351.5518,1987.454,1347.6521,2079.09,1321.5281,2080.3062,1299.3403,2002.4657,1263.9788,1949.3717,1226.6976,1911.9825,1172.444,1890.2448,1103.8512,1884.3008,1037.7323,1890.4713,981.84467,1911.7821,942.64136,1950.1339,911.44055,2001.0006,896.7366,2075.8113,1321.5281,2080.3062,1309.3759,2169.6987,1292.3326,2232.5369,1264.4724,2294.1143,1212.3021,2339.8503,1128.3276,2356.984,1043.4427,2336.257,986.98987,2293.435,948.2938,2231.043,921.91034,2167.2598,896.7366,2075.8113,864.2898,2075.2795,866.1366,2165.249,881.77203,2257.4282,922.8379,2367.153,1005.307,2447.1545,1123.6359,2475.7463,1244.0272,2445.6487,1321.1506,2364.636,1353.0505,2257.3308,1359.5735,2164.3958,1347.6521,2079.09
963,963,16050,864.8442,2075.5872,858.83154,1984.9752,878.6444,1911.89,922.9555,1841.1484,1012.82513,1782.2596,1107.5627,1791.3939,1202.527,1781.3304,1285.6562,1839.0614,1331.8822,1910.513,1351.7097,1987.5975,1347.6731,2079.4863,1321.555,2080.6743,1299.4734,2002.6584,1264.2095,1949.4379,1227.0121,1911.9927,1172.8171,1890.2479,1104.2783,1884.3077,1038.1818,1890.4742,982.29254,1911.7877,943.0826,1950.1799,911.88934,2001.1375,897.2674,2076.0918,1321.555,2080.6743,1309.5071,2170.0747,1292.5342,2232.935,1264.7242,2294.5725,1212.5498,2340.377,1128.5182,2357.5889,1043.5858,2336.7844,987.12885,2293.8977,948.4887,2231.4211,922.2258,2167.5881,897.2674,2076.0918,864.8442,2075.5872,866.45306,2165.7195,881.9617,2258.0999,922.9726,2368.0332,1005.4473,2448.135,1123.7628,2476.7803,1244.1681,2446.637,1321.3036,2365.4907,1353.1931,2257.9995,1359.6575,2164.907,1347.6731,2079.4863
964,964,16066,865.22064,2075.8108,859.2798,1985.0665,879.2585,1911.8944,923.7997,1841.1156,1013.90216,1782.2224,1108.4984,1791.3579,1203.2676,1781.2909,1286.2676,1839.022,1332.3322,1910.5016,1351.9517,1987.6785,1347.7239,2079.705,1321.6168,2080.8655,1299.671,2002.7827,1264.5116,1949.5035,1227.4338,1912.0406,1173.3813,1890.3124,1104.9849,1884.3837,1038.9332,1890.543,982.9998,1911.8423,943.66486,1950.2493,912.3158,2001.2496,897.652,2076.2776,1321.6168,2080.8655,1309.653,2170.3477,1292.7164,2233.276,1264.9261,2295.015,1212.7391,2340.9265,1128.6522,2358.2437,1043.6892,2337.371,987.23236,2294.3818,948.6264,2231.789,922.4461,2167.871,897.652,2076.2776,865.22064,2075.8108,866.63324,2166.136,882.06165,2258.7515,923.0554,2368.8313,1005.541,2448.9868,1123.8373,2477.6475,1244.2689,2447.428,1321.4343,2366.1646,1353.3417,2258.5295,1359.7726,2165.266,1347.7239,2079.705
965,965,16083,865.7743,2075.802,859.91235,1985.0548,879.9732,1911.8734,924.54694,1841.086,1014.53674,1782.2472,1109.0834,1791.4473,1203.864,1781.4099,1286.8195,1839.114,1332.8914,1910.6366,1352.5144,1987.8793,1348.1865,2079.9917,1321.9934,2081.1382,1300.1451,2002.9786,1265.058,1949.6077,1228.0061,1912.0852,1173.9656,1890.3281,1105.5316,1884.3875,1039.518,1890.521,983.6182,1911.8168,944.3024,1950.2314,912.9461,2001.2375,898.2516,2076.2693,1321.9934,2081.1382,1309.9982,2170.5625,1292.9994,2233.4324,1265.1621,2295.0925,1212.9534,2340.942,1128.8635,2358.2349,1043.989,2337.363,987.60565,2294.3782,949.0813,2231.7842,922.96094,2167.864,898.2516,2076.2693,865.7743,2075.802,867.01825,2166.14,882.3573,2258.784,923.308,2368.8767,1005.77966,2449.0154,1124.045,2477.6755,1244.5164,2447.5063,1321.749,2366.3242,1353.7329,2258.7798,1360.2278,2165.561,1348.1865,2079.9917
966,966,16100,866.1831,2075.7898,860.51294,1985.048,880.74475,1911.8845,925.35516,1841.126,1015.2606,1782.3627,1109.7509,1791.6263,1204.5221,1781.6437,1287.3733,1839.3503,1333.4456,1910.8787,1353.1471,1988.0917,1348.81,2080.1138,1322.4729,2081.2139,1300.5786,2003.1233,1265.5128,1949.745,1228.5348,1912.182,1174.5834,1890.3909,1106.1923,1884.4408,1040.218,1890.5322,984.37177,1911.8125,945.0688,1950.2266,913.636,2001.2283,898.7437,2076.2532,1322.4729,2081.2139,1310.2473,2170.5537,1293.2073,2233.3633,1265.3563,2294.817,1213.1838,2340.373,1129.1946,2357.4382,1044.4435,2336.6165,988.1227,2293.8606,949.6427,2231.5027,923.54065,2167.7383,898.7437,2076.2532,866.1831,2075.7898,867.42896,2166.1155,882.7753,2258.731,923.74164,2368.7249,1006.17975,2448.7073,1124.3514,2477.3162,1244.7533,2447.3096,1322.0035,2366.292,1354.0767,2258.7786,1360.7018,2165.615,1348.81,2080.1138
967,967,16116,867.10236,2075.7834,861.54944,1985.0626,881.6713,1911.9185,926.1193,1841.1781,1015.8038,1782.4835,1110.1985,1791.8192,1204.9363,1781.8163,1287.7244,1839.464,1333.8041,1910.9708,1353.5413,1988.1509,1349.3181,2080.1353,1323.0306,2081.2415,1301.1213,2003.1765,1266.0223,1949.8171,1228.9967,1912.2911,1175.0438,1890.5459,1106.689,1884.6122,1040.8115,1890.6508,985.0441,1911.8762,945.80005,1950.2646,914.4369,2001.2528,899.56165,2076.2532,1323.0306,2081.2415,1310.8123,2170.5676,1293.7191,2233.3652,1265.8296,2294.8132,1213.6512,2340.3657,1129.7064,2357.4307,1045.072,2336.6118,988.8253,2293.856,950.4052,2231.4963,924.3362,2167.7332,899.56165,2076.2532,867.10236,2075.7834,868.3559,2166.1147,883.58453,2258.7312,924.4096,2368.7341,1006.7443,2448.7227,1124.843,2477.341,1245.2659,2447.3489,1322.5171,2366.3318,1354.5859,2258.8066,1361.1974,2165.6382,1349.3181,2080.1353
968,968,16133,867.5753,2075.758,862.0957,1985.0566,882.2768,1911.9053,926.7104,1841.1644,1016.3095,1782.5286,1110.6783,1791.9408,1205.3754,1781.9662,1288.0769,1839.6028,1334.1864,1911.1239,1354.017,1988.3054,1349.919,2080.2654,1323.6157,2081.333,1301.6688,2003.2633,1266.525,1949.8718,1229.4606,1912.3131,1175.5239,1890.552,1107.1763,1884.6154,1041.2867,1890.635,985.5247,1911.8652,946.2694,1950.255,914.8927,2001.237,900.01575,2076.2207,1323.6157,2081.333,1311.1915,2170.5881,1294.0215,2233.3582,1266.0947,2294.7473,1213.968,2340.1548,1130.2092,2357.0898,1045.7758,2336.3005,989.58185,2293.6562,951.1228,2231.393,924.9505,2167.6753,900.01575,2076.2207,867.5753,2075.758,868.962,2166.1096,884.3277,2258.7268,925.1984,2368.7114,1007.4475,2448.6443,1125.3336,2477.2427,1245.5831,2447.324,1322.7759,2366.3274,1354.8854,2258.88,1361.6294,2165.7654,1349.919,2080.2654
969,969,16149,867.7018,2075.756,862.2892,1985.066,882.5244,1911.9182,926.9879,1841.2007,1016.55096,1782.6776,1110.8777,1792.197,1205.5485,1782.2155,1288.2151,1839.8048,1334.3226,1911.3518,1354.15,1988.5677,1350.0674,2080.5457,1323.7554,2081.5784,1301.7949,2003.5154,1266.6576,1950.1083,1229.5945,1912.5442,1175.6868,1890.808,1107.3661,1884.8835,1041.4987,1890.81,985.73785,1911.9513,946.45624,1950.3016,915.03485,2001.2664,900.1386,2076.2231,1323.7554,2081.5784,1311.3483,2170.74,1294.2078,2233.451,1266.2988,2294.7886,1214.2024,2340.162,1130.5135,2357.085,1046.1454,2336.2947,989.918,2293.652,951.3952,2231.3906,925.1539,2167.6753,900.1386,2076.2231,867.7018,2075.756,869.1151,2166.1633,884.5483,2258.8726,925.4988,2368.9365,1007.79486,2448.8682,1125.6378,2477.493,1245.8793,2447.6665,1323.0664,2366.7703,1355.1547,2259.3184,1361.8569,2166.1196,1350.0674,2080.5457
970,970,16166,867.7646,2076.0015,862.3385,1985.3417,882.56116,1912.211,927.0312,1841.5518,1016.60223,1783.2114,1110.9113,1792.813,1205.5717,1782.805,1288.2324,1840.3275,1334.3337,1911.8981,1354.152,1989.1681,1350.0685,2081.196,1323.7607,2082.2947,1301.7979,2004.1965,1266.6616,1950.7633,1229.597,1913.2324,1175.6947,1891.5616,1107.3827,1885.6676,1041.5168,1891.4973,985.7508,1912.4781,946.47205,1950.701,915.07,2001.624,900.21075,2076.521,1323.7607,2082.2947,1311.4802,2171.5159,1294.4607,2234.2795,1266.6766,2295.6165,1214.6742,2340.8938,1131.0521,2357.7102,1046.587,2336.7925,990.265,2294.0615,951.646,2231.7302,925.30963,2167.9954,900.21075,2076.521,867.7646,2076.0015,869.25464,2166.4817,884.7505,2259.289,925.75397,2369.582,1008.1113,2449.762,1126.0526,2478.6038,1246.3011,2448.872,1323.4076,2367.9905,1355.3699,2260.3516,1361.9374,2166.9128,1350.0685,2081.196
971,971,16183,867.9712,2076.2551,862.437,1985.5018,882.5809,1912.3085,927.0341,1841.6257,1016.6112,1783.3674,1110.922,1793.0714,1205.5892,1783.1174,1288.3005,1840.7194,1334.4464,1912.4498,1354.2708,1989.9296,1350.2277,2082.2178,1323.9336,2083.3682,1301.932,2004.9836,1266.7747,1951.3309,1229.6486,1913.6727,1175.7173,1891.9235,1107.3923,1885.9462,1041.5259,1891.6882,985.7542,1912.5929,946.4847,1950.8135,915.1449,2001.8069,900.3958,2076.8257,1323.9336,2083.3682,1311.7936,2172.7163,1294.7789,2235.5715,1266.9637,2296.9521,1214.9098,2342.1448,1131.2499,2358.8264,1046.7467,2337.7175,990.4171,2294.7922,951.8102,2232.273,925.48773,2168.42,900.3958,2076.8257,867.9712,2076.2551,869.463,2166.8843,884.90234,2259.9106,925.86865,2370.6287,1008.22375,2451.2324,1126.229,2480.3801,1246.5457,2450.766,1323.7032,2369.8396,1355.6807,2261.8904,1362.1954,2168.1404,1350.2277,2082.2178
972,972,16200,867.9658,2076.252,862.4176,1985.4973,882.5417,1912.2982,927.0002,1841.6095,1016.60675,1783.3563,1110.9166,1793.0751,1205.5881,1783.1421,1288.3158,1840.8129,1334.4945,1912.691,1354.3491,1990.3915,1350.3392,2082.9067,1324.0298,2084.0579,1301.9464,2005.618,1266.774,1951.8915,1229.6365,1914.1494,1175.7002,1892.322,1107.3795,1886.235,1041.5193,1891.8893,985.747,1912.6876,946.4808,1950.8535,915.14465,2001.8264,900.3983,2076.8267,1324.0298,2084.0579,1312.0146,2173.3616,1295.0898,2236.1814,1267.3386,2297.4636,1215.3243,2342.5078,1131.7064,2359.0564,1047.1399,2337.852,990.72266,2294.8638,951.9983,2232.3057,925.57465,2168.4336,900.3983,2076.8267,867.9658,2076.252,869.47504,2166.9373,884.9679,2260.1052,926.02673,2371.012,1008.4856,2451.789,1126.6025,2481.1035,1246.9852,2451.6904,1324.1738,2370.9653,1356.1263,2262.9963,1362.4963,2169.0193,1350.3392,2082.9067
973,973,16216,867.96674,2076.232,862.39777,1985.4225,882.4819,1912.1387,926.925,1841.3942,1016.59564,1783.2123,1110.9178,1793.0209,1205.6404,1783.1053,1288.5671,1840.8037,1334.8655,1912.718,1354.7671,1990.5787,1350.712,2083.3845,1324.3033,2084.5308,1302.0898,2005.9769,1266.8802,1952.1597,1229.6876,1914.342,1175.7152,1892.4569,1107.3801,1886.3066,1041.5199,1891.9303,985.74713,1912.6952,946.48584,1950.8506,915.1798,2001.823,900.43835,2076.8196,1324.3033,2084.5308,1312.5225,2173.7244,1295.7689,2236.5166,1268.1095,2297.7761,1216.0402,2342.7627,1132.2644,2359.227,1047.4956,2337.9136,990.9564,2294.8652,952.18384,2232.2996,925.70337,2168.4207,900.43835,2076.8196,867.96674,2076.232,869.4847,2166.9368,884.9952,2260.158,926.1098,2371.2493,1008.7174,2452.3018,1127.0905,2481.8232,1247.7374,2452.5393,1325.1268,2371.8035,1357.0961,2263.7124,1363.2155,2169.591,1350.712,2083.3845
974,974,16233,868.0398,2076.189,862.45514,1985.3401,882.562,1912.0347,927.03253,1841.314,1016.75635,1783.2045,1111.1312,1793.0096,1205.9838,1783.0974,1289.0194,1840.8004,1335.4049,1912.737,1355.4377,1990.6387,1351.4968,2083.537,1325.0189,2084.6648,1302.6495,2006.014,1267.372,1952.1556,1230.0721,1914.3348,1175.98,1892.426,1107.557,1886.2484,1041.6676,1891.8496,985.8544,1912.5974,946.58215,1950.7686,915.3,2001.7797,900.562,2076.793,1325.0189,2084.6648,1313.582,2173.8018,1297.0862,2236.5647,1269.5625,2297.8013,1217.4252,2342.7642,1133.4283,2359.2173,1048.3553,2337.9077,991.55035,2294.8442,952.58936,2232.2622,925.9531,2168.387,900.562,2076.793,868.0398,2076.189,869.61707,2166.9226,885.25024,2260.1553,926.5788,2371.2393,1009.48773,2452.2769,1128.1272,2481.7808,1249.0139,2452.5137,1326.5432,2371.8298,1358.482,2263.8022,1364.3796,2169.7227,1351.4968,2083.537
975,975,16250,868.3572,2076.1848,862.642,1985.3025,882.7183,1911.9095,927.2126,1841.0892,1017.0232,1782.9805,1111.4515,1792.8092,1206.355,1782.9406,1289.5027,1840.718,1335.9586,1912.7256,1356.0114,1990.6407,1352.1013,2083.6184,1325.5889,2084.7349,1303.1385,2006.006,1267.8397,1952.1101,1230.4735,1914.1732,1176.3083,1892.1586,1107.8519,1885.9294,1041.9022,1891.5419,986.0468,1912.3429,946.77747,1950.6251,915.54877,2001.741,900.9398,2076.7888,1325.5889,2084.7349,1314.5759,2173.896,1298.383,2236.6934,1271.104,2297.9827,1219.0065,2342.9548,1134.8516,2359.3772,1049.426,2337.9954,992.4184,2294.8704,953.2932,2232.2612,926.5004,2168.3843,900.9398,2076.7888,868.3572,2076.1848,870.07587,2166.9275,885.8694,2260.1755,927.3896,2371.3179,1010.5422,2452.4426,1129.4694,2481.9946,1250.5704,2452.7498,1328.0979,2372.0325,1359.8308,2263.9368,1365.3793,2169.8193,1352.1013,2083.6184
976,976,16266,868.8855,2076.1738,863.06866,1985.2601,883.1065,1911.821,927.63574,1840.9464,1017.6709,1782.8408,1112.263,1792.7158,1207.2812,1782.8619,1290.5876,1840.679,1337.0243,1912.7207,1356.9764,1990.6455,1353.018,2083.6619,1326.3552,2084.7732,1303.7446,2006.0159,1268.4814,1952.103,1231.1544,1914.1654,1177.0099,1892.1418,1108.566,1885.8944,1042.5667,1891.4957,986.6311,1912.2938,947.3825,1950.5923,916.1775,2001.7283,901.5968,2076.7822,1326.3552,2084.7732,1315.392,2173.9158,1299.2522,2236.6997,1272.0732,2297.9785,1220.089,2342.9463,1136.0596,2359.37,1050.6989,2337.984,993.69275,2294.8572,954.44904,2232.2495,927.4844,2168.378,901.5968,2076.7822,868.8855,2076.1738,870.6801,2166.9307,886.5157,2260.2163,928.16925,2371.446,1011.4854,2452.6145,1130.6058,2482.1487,1251.8931,2452.933,1329.5194,2372.1943,1361.1769,2264.0361,1366.5209,2169.8838,1353.018,2083.6619
977,977,16283,869.1279,2076.0654,863.2436,1985.1384,883.2238,1911.6719,927.74084,1840.7753,1017.8517,1782.707,1112.4916,1792.6372,1207.5773,1782.8286,1291.025,1840.6688,1337.489,1912.7368,1357.4443,1990.707,1353.5306,2083.755,1326.8171,2084.8713,1304.0698,2006.0933,1268.7849,1952.1373,1231.4465,1914.1655,1177.269,1892.1312,1108.7708,1885.8864,1042.7349,1891.4725,986.77246,1912.25,947.5708,1950.5443,916.45233,2001.6881,901.91956,2076.7175,1326.8171,2084.8713,1315.9337,2173.9624,1299.8933,2236.7224,1272.8198,2297.9766,1220.909,2342.9404,1136.9799,2359.327,1051.6051,2337.9116,994.53986,2294.77,955.19666,2232.159,928.082,2168.3022,901.91956,2076.7175,869.1279,2076.0654,871.08527,2166.8809,887.021,2260.211,928.78345,2371.4678,1012.20325,2452.6912,1131.4673,2482.2664,1252.7762,2453.106,1330.388,2372.3901,1361.9816,2264.1846,1367.1862,2169.9841,1353.5306,2083.755
978,978,16300,869.4509,2076.0413,863.58,1985.1295,883.51636,1911.6658,928.01105,1840.766,1018.1049,1782.6954,1112.6558,1792.6425,1207.6917,1782.837,1291.1422,1840.7194,1337.599,1912.8359,1357.5522,1990.825,1353.6874,2083.8528,1327.0027,2084.9675,1304.1942,2006.2264,1268.898,1952.2786,1231.5457,1914.2966,1177.385,1892.2463,1108.9349,1885.973,1042.9724,1891.5222,987.03107,1912.2634,947.8429,1950.543,916.7699,2001.6838,902.2161,2076.707,1327.0027,2084.9675,1316.201,2173.969,1300.1871,2236.7156,1273.1096,2297.9465,1221.2028,2342.8474,1137.3209,2359.1675,1051.9951,2337.7205,994.9486,2294.5867,955.5847,2232.022,928.4467,2168.23,902.2161,2076.707,869.4509,2076.0413,871.4365,2166.8484,887.35175,2260.1887,929.11127,2371.463,1012.5122,2452.6802,1131.7825,2482.2498,1253.0977,2453.0981,1330.696,2372.3948,1362.2633,2264.199,1367.4084,2170.0198,1353.6874,2083.8528
979,979,16316,869.8331,2075.9739,863.9018,1985.0967,883.73975,1911.6499,928.1688,1840.758,1018.2214,1782.6932,1112.7487,1792.6652,1207.7802,1782.8926,1291.2233,1840.8055,1337.6829,1912.9287,1357.6538,1990.8927,1353.8373,2083.8792,1327.1748,2084.9878,1304.3378,2006.2552,1269.0074,1952.2991,1231.6509,1914.2999,1177.4926,1892.2401,1109.0344,1885.9669,1043.1013,1891.5112,987.18744,1912.2374,948.0654,1950.5153,917.0746,2001.6593,902.61,2076.6584,1327.1748,2084.9878,1316.3462,2173.9688,1300.3335,2236.7102,1273.2686,2297.9133,1221.4045,2342.7283,1137.6283,2358.9355,1052.4503,2337.4834,995.47986,2294.3975,956.13763,2231.8914,928.9741,2168.1526,902.61,2076.6584,869.8331,2075.9739,871.99384,2166.7966,887.97046,2260.137,929.69946,2371.4253,1012.97375,2452.646,1132.0941,2482.2266,1253.2899,2453.0764,1330.8186,2372.3762,1362.3662,2264.2,1367.5293,2170.0354,1353.8373,2083.8792
980,980,16333,870.01196,2075.9297,864.24066,1985.0823,884.2564,1911.6426,928.84344,1840.7476,1018.9534,1782.69,1113.3713,1792.6776,1208.2875,1782.9447,1291.6008,1840.9255,1337.9794,1913.1017,1357.8771,1991.0753,1353.9875,2084.0188,1327.3033,2085.1213,1304.4883,2006.4915,1269.2207,1952.5481,1231.9563,1914.514,1177.908,1892.3993,1109.5221,1886.0703,1043.6311,1891.5876,987.7263,1912.2843,948.5384,1950.5374,917.4006,2001.6609,902.80255,2076.6392,1327.3033,2085.1213,1316.4376,2173.9824,1300.4294,2236.7039,1273.3807,2297.9065,1221.5312,2342.715,1137.7367,2358.9026,1052.5692,2337.4363,995.61,2294.3306,956.2986,2231.8115,929.16125,2168.0898,902.80255,2076.6392,870.01196,2075.9297,872.1347,2166.7769,888.09937,2260.1318,929.8271,2371.4207,1013.1011,2452.6382,1132.1853,2482.2124,1253.3672,2453.0688,1330.894,2372.3767,1362.4529,2264.2222,1367.6432,2170.1033,1353.9875,2084.0188
981,981,16350,870.41693,2075.9897,864.6527,1985.1448,884.6672,1911.6881,929.2404,1840.7798,1019.33734,1782.7097,1113.6934,1792.7064,1208.5929,1783.0033,1291.882,1841.091,1338.2183,1913.3676,1358.0757,1991.404,1354.1443,2084.355,1327.4478,2085.4304,1304.6438,2006.7721,1269.4131,1952.751,1232.1982,1914.628,1178.1945,1892.4508,1109.8246,1886.0977,1043.9933,1891.6168,988.1476,1912.3314,949.00586,1950.6077,917.8728,2001.7577,903.24927,2076.7146,1327.4478,2085.4304,1316.6581,2174.1692,1300.7253,2236.844,1273.752,2298.0483,1221.9315,2342.8777,1138.0415,2359.0713,1052.835,2337.5652,995.8954,2294.407,956.6478,2231.8523,929.57324,2168.137,903.24927,2076.7146,870.41693,2075.9897,872.51996,2166.832,888.4275,2260.1943,930.0965,2371.5344,1013.3606,2452.8093,1132.4763,2482.408,1253.7046,2453.2434,1331.2157,2372.4998,1362.7062,2264.3384,1367.8345,2170.2964,1354.1443,2084.355
982,982,16366,870.944,2076.1213,865.2269,1985.2638,885.2063,1911.7574,929.769,1840.8087,1019.8678,1782.715,1114.1013,1792.7283,1208.9268,1783.0397,1292.2433,1841.2407,1338.5475,1913.6869,1358.3168,1991.8668,1354.3179,2084.8755,1327.5962,2085.9236,1304.8088,2007.2468,1269.6383,1953.1484,1232.4698,1914.9343,1178.5353,1892.6859,1110.2339,1886.289,1044.4729,1891.7756,988.6824,1912.4843,949.583,1950.7748,918.4697,2001.9548,903.7888,2076.8823,1327.5962,2085.9236,1316.8425,2174.4084,1300.9518,2236.9731,1273.9967,2298.096,1222.1934,2342.8877,1138.3473,2359.0735,1053.1908,2337.5715,996.28705,2294.4277,957.0849,2231.898,930.09033,2168.2217,903.7888,2076.8823,870.944,2076.1213,872.9448,2166.9856,888.7483,2260.4363,930.3758,2371.9055,1013.6512,2453.2192,1132.8164,2482.8135,1254.0579,2453.652,1331.5526,2372.898,1363.0027,2264.7102,1368.0684,2170.6858,1354.3179,2084.8755
983,983,16383,870.98956,2076.4028,865.29724,1985.519,885.32477,1912.0408,929.92236,1841.1395,1020.06195,1783.1218,1114.3501,1793.1259,1209.2638,1783.4818,1292.5781,1841.6796,1338.9008,1914.1345,1358.7074,1992.3372,1354.6957,2085.425,1327.9287,2086.4453,1305.1582,2007.6,1269.9984,1953.3812,1232.8354,1915.0793,1178.8367,1892.7902,1110.4426,1886.3942,1044.6108,1891.8893,988.7928,1912.6323,949.68207,1950.9773,918.544,2002.216,903.8578,2077.1802,1327.9287,2086.4453,1317.1791,2174.9744,1301.3334,2237.591,1274.4065,2298.7612,1222.5659,2343.5447,1138.6111,2359.696,1053.3683,2338.1672,996.43555,2294.962,957.21313,2232.3486,930.1907,2168.6108,903.8578,2077.1802,870.98956,2076.4028,873.0001,2167.4182,888.8397,2260.9817,930.50574,2372.5103,1013.8267,2453.8604,1133.0277,2483.4414,1254.3593,2454.2942,1331.9146,2373.5156,1363.407,2265.3342,1368.4763,2171.288,1354.6957,2085.425
984,984,16400,871.52356,2077.415,865.7152,1986.2675,885.72876,1912.6272,930.3445,1841.6327,1020.60284,1783.6107,1114.9962,1793.5656,1210.0396,1783.9237,1293.4207,1842.1536,1339.7294,1914.7267,1359.466,1993.1028,1355.3413,2086.464,1328.5452,2087.4531,1305.8397,2008.2559,1270.7574,1953.7804,1233.6235,1915.3026,1179.5466,1892.939,1111.0602,1886.5354,1045.139,1892.0758,989.25775,1912.92,950.16956,1951.4337,919.0956,2002.9038,904.5037,2078.1267,1328.5452,2087.4531,1318.1156,2175.9734,1302.4746,2238.5554,1275.71,2299.6985,1223.883,2344.425,1139.7677,2360.5154,1054.3147,2338.9973,997.2678,2295.7798,957.97784,2233.1477,930.8841,2169.4624,904.5037,2078.1267,871.52356,2077.415,873.59985,2168.3286,889.56354,2261.7366,931.3771,2373.1387,1014.83356,2454.4238,1134.0742,2483.9543,1255.4423,2454.8733,1333.0134,2374.1816,1364.4602,2266.1506,1369.3536,2172.2512,1355.3413,2086.464
985,985,16416,872.4769,2077.4097,866.9143,1986.2625,887.19836,1912.6263,932.0301,1841.6616,1022.33044,1783.7549,1116.8367,1793.7667,1211.9944,1784.1859,1295.2068,1842.3462,1341.4109,1914.8882,1361.0192,1993.255,1356.7103,2086.623,1329.9135,2087.5918,1307.4547,2008.3198,1272.5487,1953.8008,1235.4775,1915.3043,1181.3063,1892.9374,1112.6752,1886.5281,1046.5652,1892.0558,990.5091,1912.8955,951.2714,1951.4188,920.04486,2002.9012,905.39954,2078.1243,1329.9135,2087.5918,1319.43,2176.11,1303.6528,2238.654,1276.7521,2299.746,1224.7786,2344.437,1140.5745,2360.514,1055.098,2338.9995,998.0233,2295.7883,958.7226,2233.1572,931.647,2169.4692,905.39954,2078.1243,872.4769,2077.4097,874.4061,2168.3335,890.33923,2261.7437,932.1638,2373.1382,1015.60767,2454.4136,1134.7812,2483.9397,1256.1735,2454.8604,1333.8662,2374.2007,1365.5458,2266.2314,1370.6196,2172.3943,1356.7103,2086.623
986,986,16433,873.55145,2077.414,868.3346,1986.2345,888.9406,1912.5436,934.1566,1841.5334,1024.8181,1783.6542,1119.7065,1793.687,1215.2937,1784.1313,1298.6271,1842.3147,1344.7346,1914.8865,1364.0881,1993.2694,1359.5172,2086.726,1332.9023,2087.674,1311.0085,2008.3003,1276.2563,1953.6394,1239.0746,1914.9496,1184.5542,1892.4312,1115.4866,1885.9541,1048.893,1891.4585,992.3439,1912.3815,952.62946,1951.1013,921.0661,2002.7922,906.3071,2078.1316,1332.9023,2087.674,1322.3579,2176.3904,1306.278,2239.0571,1278.9253,2300.2317,1226.4562,2344.9116,1141.7352,2360.9438,1055.9408,2339.406,998.6785,2296.157,959.2944,2233.4116,932.2443,2169.6062,906.3071,2078.1316,873.55145,2077.414,875.3767,2168.3745,891.29846,2261.819,933.11914,2373.2698,1016.5858,2454.5686,1135.9556,2484.1294,1257.7281,2455.0667,1335.7494,2374.4077,1367.7434,2266.405,1373.1693,2172.5542,1359.5172,2086.726
987,987,16450,874.6495,2077.3032,869.4695,1986.0679,890.3061,1912.3391,935.81323,1841.3379,1026.9495,1783.5187,1121.9701,1793.5996,1217.564,1784.0455,1301.0886,1842.2405,1347.1803,1914.8575,1366.3595,1993.2662,1361.4751,2086.7236,1334.7947,2087.6711,1312.8958,2008.2992,1278.1815,1953.6396,1241.0396,1914.9508,1186.6112,1892.4355,1117.6809,1885.955,1051.0127,1891.4569,994.24347,1912.3638,954.3053,1951.0576,922.53424,2002.7227,907.5633,2078.0386,1334.7947,2087.6711,1324.2231,2176.3867,1308.168,2239.0508,1280.7758,2300.2236,1228.349,2344.8928,1143.7279,2360.8901,1057.8414,2339.3438,1000.3546,2296.0977,960.7362,2233.3477,933.57806,2169.5254,907.5633,2078.0386,874.6495,2077.3032,876.4426,2168.3115,892.519,2261.7935,934.62976,2373.2556,1018.3904,2454.5576,1137.9049,2484.1218,1259.7306,2455.0544,1337.8009,2374.415,1369.9116,2266.4248,1375.3071,2172.5588,1361.4751,2086.7236
988,988,16466,876.6398,2077.2537,871.544,1986.0178,892.3705,1912.2914,937.7997,1841.293,1028.8801,1783.4824,1124.0027,1793.5887,1219.791,1784.0424,1303.3018,1842.2844,1349.2983,1914.9641,1368.4552,1993.3971,1363.4578,2086.8357,1336.5382,2087.7603,1314.5354,2008.3987,1279.9009,1953.7346,1242.9547,1915.009,1188.6482,1892.456,1119.7372,1885.9572,1053.1389,1891.4546,996.5276,1912.3573,956.72345,1951.045,924.92694,2002.6985,909.59564,2078.0056,1336.5382,2087.7603,1325.4294,2176.4155,1309.2068,2239.0493,1281.7291,2300.2163,1229.2803,2344.8484,1144.7041,2360.7915,1058.9631,2339.2437,1001.6646,2296.0227,962.3512,2233.293,935.5015,2169.488,909.59564,2078.0056,876.6398,2077.2537,878.126,2168.275,893.8686,2261.767,935.6772,2373.2473,1019.31274,2454.5505,1138.9272,2484.1118,1260.8551,2455.058,1339.0747,2374.443,1371.3363,2266.4792,1376.9769,2172.645,1363.4578,2086.8357
989,989,16483,877.88873,2077.123,872.6958,1985.8848,893.5894,1912.1737,939.09564,1841.2098,1030.3397,1783.4341,1125.5216,1793.5497,1221.2749,1784.0115,1304.9286,1842.2599,1351.1031,1914.9481,1370.5095,1993.3914,1365.6848,2086.8333,1338.6302,2087.758,1316.1912,2008.3999,1281.302,1953.7452,1244.2593,1915.0258,1189.9813,1892.4729,1121.2212,1885.9667,1054.6517,1891.4618,998.04816,1912.3568,958.2624,1951.0375,926.5328,2002.6582,911.1324,2077.8877,1338.6302,2087.758,1327.74,2176.4065,1311.6893,2239.03,1284.4141,2300.1572,1232.1885,2344.6973,1147.9247,2360.5322,1062.0216,2338.966,1004.4658,2295.772,964.8018,2233.0835,937.5312,2169.3142,911.1324,2077.8877,877.88873,2077.123,879.666,2168.1472,895.81537,2261.6494,938.0881,2373.105,1022.09937,2454.3882,1141.9663,2483.9663,1263.7189,2455.0022,1341.8838,2374.4358,1374.1578,2266.4814,1379.6118,2172.6428,1365.6848,2086.8333
990,990,16500,880.0728,2077.0972,874.97534,1985.8788,895.76697,1912.1735,941.1646,1841.2407,1032.3418,1783.5276,1127.8053,1793.6987,1223.9149,1784.1978,1307.6805,1842.4744,1353.8591,1915.1514,1373.2664,1993.5383,1368.508,2086.9148,1341.2594,2087.8389,1318.722,2008.507,1283.9956,1953.8724,1246.9634,1915.1533,1192.4994,1892.5813,1123.4963,1886.0554,1056.7697,1891.5095,1000.14233,1912.3809,960.4425,1951.0426,928.9054,2002.6533,913.3498,2077.8796,1341.2594,2087.8389,1330.1082,2176.4065,1313.9257,2239.0142,1286.5281,2300.0835,1234.0887,2344.5593,1149.6202,2360.335,1063.632,2338.7644,1006.0818,2295.5994,966.6322,2232.9585,939.5513,2169.247,913.3498,2077.8796,880.0728,2077.0972,881.6358,2168.0596,897.4376,2261.5046,939.4396,2372.9985,1023.4607,2454.3137,1143.585,2483.9077,1265.7217,2454.974,1344.2185,2374.4194,1376.5958,2266.478,1382.1849,2172.656,1368.508,2086.9148
991,991,16516,881.3765,2076.9678,876.0291,1985.7163,896.7632,1911.9799,942.196,1841.0448,1033.4989,1783.3539,1128.9497,1793.5265,1225.0482,1784.0615,1308.9292,1842.3857,1355.1973,1915.1167,1374.593,1993.5347,1369.7032,2086.9148,1342.4382,2087.839,1319.8662,2008.5079,1285.023,1953.8722,1247.963,1915.1489,1193.5298,1892.5703,1124.5856,1886.0306,1057.9387,1891.4855,1001.3897,1912.3516,961.761,1950.9988,930.253,2002.5868,914.8066,2077.762,1342.4382,2087.839,1331.5321,2176.4043,1315.4846,2239.0103,1288.1802,2300.0605,1235.8226,2344.4917,1151.4164,2360.2239,1065.3999,2338.6462,1007.78845,2295.4834,968.2653,2232.846,941.1118,2169.1272,914.8066,2077.762,881.3765,2076.9678,882.9673,2167.954,898.95514,2261.3987,941.2242,2372.8335,1025.3937,2454.088,1145.3843,2483.6616,1267.3402,2454.8162,1345.7557,2374.369,1378.1635,2266.4746,1383.632,2172.6562,1369.7032,2086.9148
992,992,16533,882.8183,2076.686,877.64667,1985.5643,898.5243,1911.9056,944.022,1841.0306,1035.1627,1783.3546,1130.51,1793.5546,1226.5022,1784.1144,1310.0918,1842.4467,1356.2009,1915.161,1375.489,1993.5564,1370.4818,2086.913,1343.2318,2087.8325,1320.9296,2008.5082,1286.2606,1953.8738,1249.3433,1915.1488,1195.0138,1892.5662,1126.0558,1886.017,1059.4844,1891.4436,1002.9323,1912.2727,963.2751,1950.8876,931.68115,2002.4299,916.16986,2077.494,1343.2318,2087.8325,1332.1223,2176.311,1316.0088,2238.7788,1288.6758,2299.6465,1236.3412,2343.9448,1152.0087,2359.5867,1066.2106,2337.993,1008.7432,2294.845,969.38226,2232.2979,942.37354,2168.7156,916.16986,2077.494,882.8183,2076.686,884.4128,2167.5962,900.3175,2260.9104,942.3899,2372.2134,1026.3203,2453.369,1146.0177,2482.9316,1267.7949,2454.1953,1346.1283,2373.962,1378.525,2266.296,1384.1167,2172.618,1370.4818,2086.913
