frame,timestamp,upper_x_0,upper_y_0,upper_x_1,upper_y_1,upper_x_2,upper_y_2,upper_x_3,upper_y_3,upper_x_4,upper_y_4,upper_x_5,upper_y_5,upper_x_6,upper_y_6,upper_x_7,upper_y_7,upper_x_8,upper_y_8,upper_x_9,upper_y_9,upper_x_10,upper_y_10,upper_x_11,upper_y_11,lower_x_0,lower_y_0,lower_x_1,lower_y_1,lower_x_2,lower_y_2,lower_x_3,lower_y_3,lower_x_4,lower_y_4,lower_x_5,lower_y_5,lower_x_6,lower_y_6,lower_x_7,lower_y_7,lower_x_8,lower_y_8,lower_x_9,lower_y_9,lower_x_10,lower_y_10,lower_x_11,lower_y_11
1.0,0.0,766.6,2141.9,876.9,2080.4,993.2,2042.9,1088.2,2065.7,1189.7,2039.5,1311.1,2073.8,1414.8,2125.2,1366.0,2137.4,1196.1,2140.2,1091.3,2155.1,995.0,2148.1,816.7,2148.7,816.7,2148.7,989.6,2145.2,1085.9,2152.9,1189.7,2139.8,1366.0,2137.4,1414.8,2125.2,1313.8,2227.7,1201.3,2274.4,1091.5,2289.9,990.1,2283.7,871.5,2241.9,766.6,2141.9
2.0,0.017,765.9,2138.5,878.5,2077.4,996.4,2041.0,1088.9,2063.2,1187.6,2036.7,1310.0,2070.6,1416.9,2121.7,1367.9,2133.5,1194.1,2136.0,1091.9,2151.4,998.2,2144.9,815.6,2145.4,815.6,2145.4,993.7,2140.0,1087.5,2146.9,1188.4,2133.8,1367.9,2133.5,1416.9,2121.7,1313.2,2223.8,1199.4,2267.5,1092.7,2282.8,993.6,2277.3,873.2,2237.9,765.9,2138.5
3.0,0.033,767.9,2138.3,879.8,2076.9,997.8,2041.1,1090.6,2063.2,1189.4,2036.7,1311.5,2070.2,1417.5,2121.0,1368.8,2132.4,1196.2,2134.8,1094.1,2150.0,1000.2,2143.5,817.6,2145.0,817.6,2145.0,996.8,2140.1,1090.9,2146.7,1192.1,2133.5,1368.8,2132.4,1417.5,2121.0,1316.3,2223.0,1203.7,2266.4,1096.8,2281.7,997.3,2276.7,875.6,2238.0,767.9,2138.3
4.0,0.05,769.3,2137.0,880.8,2075.4,998.4,2040.4,1091.7,2062.5,1191.1,2036.2,1312.7,2069.6,1417.4,2120.6,1369.2,2131.7,1197.7,2132.9,1095.0,2148.0,1000.6,2141.3,818.9,2143.6,818.9,2143.6,997.3,2141.3,1092.0,2148.2,1193.9,2135.0,1369.2,2131.7,1417.4,2120.6,1317.7,2223.0,1205.7,2266.3,1098.1,2281.5,998.1,2276.1,876.5,2236.9,769.3,2137.0
5.0,0.067,769.0,2137.6,881.5,2075.5,999.6,2039.9,1092.1,2061.7,1190.5,2035.5,1312.5,2069.0,1417.7,2120.2,1369.5,2131.5,1197.3,2132.8,1095.5,2147.8,1001.9,2141.5,818.7,2144.4,818.7,2144.4,998.5,2140.6,1092.5,2147.3,1193.3,2134.3,1369.5,2131.5,1417.7,2120.2,1317.5,2222.7,1205.3,2265.6,1098.7,2280.6,999.5,2275.6,877.4,2237.0,769.0,2137.6
6.0,0.083,770.1,2137.7,882.7,2075.2,1000.5,2039.9,1092.5,2061.8,1190.2,2035.4,1311.9,2068.8,1417.6,2120.2,1369.3,2131.2,1197.0,2133.2,1095.8,2148.5,1002.8,2142.2,819.8,2144.0,819.8,2144.0,999.2,2140.3,1092.5,2147.1,1192.4,2134.1,1369.3,2131.2,1417.6,2120.2,1316.7,2223.5,1204.0,2266.4,1098.3,2281.3,999.7,2276.1,878.0,2236.9,770.1,2137.7
7.0,0.1,769.8,2138.8,881.9,2075.8,999.3,2040.4,1092.1,2062.3,1190.9,2036.0,1312.2,2069.5,1416.9,2121.3,1368.5,2132.3,1197.7,2133.6,1095.5,2148.7,1001.6,2142.3,819.7,2145.3,819.7,2145.3,997.9,2140.4,1092.1,2147.1,1193.3,2133.9,1368.5,2132.3,1416.9,2121.3,1316.9,2222.9,1205.1,2265.9,1098.2,2280.9,998.7,2275.9,877.4,2237.5,769.8,2138.8
8.0,0.117,767.7,2139.7,879.7,2077.7,997.5,2042.0,1089.4,2064.0,1187.4,2037.6,1308.4,2071.2,1413.7,2122.1,1365.4,2133.2,1194.3,2135.6,1092.8,2150.6,999.9,2144.3,817.3,2146.0,817.3,2146.0,996.6,2141.4,1089.8,2148.0,1190.1,2134.8,1365.4,2133.2,1413.7,2122.1,1313.2,2223.9,1201.4,2267.3,1095.5,2282.5,996.9,2277.5,875.3,2238.8,767.7,2139.7
9.0,0.133,762.3,2143.1,873.7,2080.3,990.7,2044.6,1083.7,2066.5,1182.8,2040.0,1303.7,2073.5,1408.6,2125.1,1360.2,2136.1,1189.7,2138.3,1087.1,2153.3,993.1,2147.0,812.1,2149.0,812.1,2149.0,989.3,2144.4,1083.5,2151.0,1185.0,2137.7,1360.2,2136.1,1408.6,2125.1,1308.1,2225.9,1196.0,2269.5,1088.9,2284.5,989.4,2279.5,868.8,2240.8,762.3,2143.1
10.0,0.15,756.9,2145.5,867.6,2082.6,984.3,2046.6,1077.8,2068.7,1177.7,2042.2,1298.3,2076.0,1402.6,2127.7,1354.1,2138.7,1184.4,2140.8,1081.1,2155.7,986.5,2149.3,806.6,2151.3,806.6,2151.3,982.3,2147.2,1077.1,2154.1,1179.3,2140.8,1354.1,2138.7,1402.6,2127.7,1302.3,2229.0,1190.3,2273.3,1082.5,2288.4,982.4,2283.2,862.4,2243.7,756.9,2145.5
11.0,0.167,752.2,2148.4,862.5,2085.0,979.5,2049.0,1073.3,2071.2,1173.4,2044.6,1294.0,2078.3,1398.3,2130.7,1349.7,2141.7,1180.4,2143.2,1076.9,2158.2,982.1,2151.7,802.0,2154.4,802.0,2154.4,978.4,2150.3,1073.4,2156.9,1176.0,2143.3,1349.7,2141.7,1398.3,2130.7,1298.7,2231.2,1187.0,2275.5,1078.8,2290.9,978.5,2285.9,857.9,2247.1,752.2,2148.4
12.0,0.183,748.1,2150.6,859.1,2087.1,976.5,2051.5,1069.2,2073.5,1168.2,2047.2,1289.5,2080.8,1395.0,2132.9,1346.3,2143.6,1175.3,2145.0,1072.9,2159.9,979.2,2153.6,797.8,2156.4,797.8,2156.4,976.0,2152.4,1070.1,2159.0,1171.4,2145.8,1346.3,2143.6,1395.0,2132.9,1294.8,2233.6,1182.6,2277.5,1075.6,2292.5,976.1,2287.6,854.9,2248.8,748.1,2150.6
13.0,0.2,744.4,2152.6,855.0,2089.2,971.9,2053.5,1065.7,2075.8,1166.1,2049.3,1286.9,2083.1,1390.7,2135.3,1342.1,2146.3,1173.1,2147.8,1069.4,2162.8,974.5,2156.3,794.2,2158.9,794.2,2158.9,970.9,2154.3,1066.1,2161.0,1168.8,2147.4,1342.1,2146.3,1390.7,2135.3,1291.5,2235.9,1180.0,2280.3,1071.6,2295.8,971.1,2290.7,850.4,2251.6,744.4,2152.6
14.0,0.217,741.6,2153.7,853.1,2090.8,970.9,2055.3,1063.7,2077.6,1162.9,2050.8,1284.4,2084.5,1390.1,2136.2,1341.3,2147.2,1170.2,2149.6,1067.6,2164.7,973.8,2158.3,791.3,2160.0,791.3,2160.0,970.5,2155.7,1064.6,2162.3,1166.1,2148.8,1341.3,2147.2,1390.1,2136.2,1289.5,2237.8,1177.2,2282.1,1070.1,2297.7,970.5,2292.7,848.8,2253.7,741.6,2153.7
15.0,0.233,740.0,2154.4,851.9,2092.1,970.0,2057.1,1062.6,2079.4,1161.5,2052.8,1283.2,2086.4,1388.7,2137.8,1340.1,2148.9,1168.6,2150.9,1066.2,2166.2,972.5,2159.6,789.6,2160.9,789.6,2160.9,969.0,2157.8,1062.9,2164.7,1164.1,2151.2,1340.1,2148.9,1388.7,2137.8,1287.7,2240.4,1175.1,2284.0,1068.2,2299.3,968.8,2294.0,847.1,2254.5,740.0,2154.4
16.0,0.25,739.7,2155.7,851.4,2093.2,969.3,2058.2,1062.1,2080.4,1161.0,2053.9,1282.5,2087.4,1387.6,2138.8,1339.2,2149.8,1168.1,2151.8,1065.7,2167.0,972.0,2160.5,789.3,2162.0,789.3,2162.0,968.7,2158.5,1062.7,2165.3,1164.0,2151.8,1339.2,2149.8,1387.6,2138.8,1287.4,2240.8,1175.1,2284.2,1068.2,2299.5,968.7,2294.3,846.9,2255.1,739.7,2155.7
17.0,0.267,739.8,2156.7,850.9,2093.4,968.5,2058.6,1061.2,2080.8,1160.2,2054.1,1281.8,2087.5,1387.1,2139.5,1338.6,2150.1,1167.6,2152.6,1065.0,2168.0,971.3,2161.6,789.6,2162.7,789.6,2162.7,968.1,2159.0,1062.0,2165.7,1163.4,2152.0,1338.6,2150.1,1387.1,2139.5,1286.8,2240.6,1174.2,2284.4,1067.4,2299.8,967.9,2294.6,846.5,2255.4,739.8,2156.7
18.0,0.283,739.5,2157.1,850.7,2093.7,967.7,2058.6,1060.8,2080.8,1160.0,2054.2,1281.1,2087.6,1386.2,2139.7,1337.5,2150.5,1167.2,2152.5,1064.5,2167.8,970.4,2161.4,789.3,2163.1,789.3,2163.1,966.8,2158.7,1061.0,2165.4,1162.5,2151.8,1337.5,2150.5,1386.2,2139.7,1285.7,2240.6,1173.6,2284.5,1066.4,2299.9,966.8,2294.7,846.0,2255.7,739.5,2157.1
19.0,0.3,739.3,2157.0,849.7,2094.5,966.7,2058.9,1059.9,2081.3,1159.7,2054.9,1280.5,2088.8,1385.1,2140.4,1336.4,2151.7,1167.0,2152.8,1063.7,2167.7,969.5,2161.1,788.7,2163.6,788.7,2163.6,965.7,2159.1,1060.1,2165.9,1162.3,2152.1,1336.4,2151.7,1385.1,2140.4,1284.7,2240.8,1173.1,2284.7,1065.3,2300.4,965.5,2295.0,845.0,2255.8,739.3,2157.0
20.0,0.317,739.3,2158.3,850.1,2094.8,967.3,2059.1,1060.1,2081.3,1159.3,2054.5,1280.2,2088.7,1385.0,2140.7,1336.4,2151.5,1166.7,2152.9,1063.9,2168.1,970.1,2161.8,788.9,2164.3,788.9,2164.3,966.7,2159.4,1060.6,2166.1,1162.2,2152.4,1336.4,2151.5,1385.0,2140.7,1284.9,2241.5,1173.2,2285.1,1066.1,2300.5,966.5,2295.4,845.6,2256.3,739.3,2158.3
21.0,0.333,739.6,2157.9,850.2,2094.6,967.6,2059.5,1059.8,2081.9,1158.3,2055.3,1279.6,2088.8,1384.9,2140.7,1336.4,2151.4,1165.7,2153.8,1063.7,2168.8,970.5,2162.4,789.2,2163.8,789.2,2163.8,967.2,2159.8,1060.5,2166.4,1161.4,2152.9,1336.4,2151.4,1384.9,2140.7,1284.5,2241.6,1172.2,2285.7,1065.9,2301.0,966.9,2295.9,845.8,2256.5,739.6,2157.9
22.0,0.35,740.0,2158.7,850.2,2094.8,966.8,2059.1,1059.7,2081.3,1158.9,2054.7,1280.0,2088.5,1384.8,2141.2,1336.0,2152.1,1166.2,2153.5,1063.4,2168.6,969.5,2162.2,789.7,2164.6,789.7,2164.6,965.6,2159.4,1059.7,2166.2,1161.2,2152.7,1336.0,2152.1,1384.8,2141.2,1284.4,2241.5,1172.2,2285.5,1065.1,2300.8,965.5,2295.6,845.5,2256.4,740.0,2158.7
23.0,0.367,739.7,2158.0,849.7,2094.2,966.3,2058.4,1059.1,2080.7,1158.2,2054.4,1279.3,2088.3,1384.3,2141.0,1335.4,2152.0,1165.3,2152.9,1062.8,2167.6,968.9,2161.2,789.2,2164.1,789.2,2164.1,965.0,2159.2,1059.0,2166.1,1160.5,2152.9,1335.4,2152.0,1384.3,2141.0,1283.7,2241.3,1171.4,2285.2,1064.2,2300.4,964.8,2295.0,844.9,2255.7,739.7,2158.0
24.0,0.383,739.8,2157.5,850.0,2093.6,966.7,2058.4,1059.0,2080.8,1157.6,2054.1,1278.8,2088.0,1384.0,2140.7,1335.3,2151.1,1164.7,2152.5,1062.6,2167.5,969.3,2161.1,789.3,2163.3,789.3,2163.3,966.0,2158.8,1059.5,2165.7,1160.4,2152.4,1335.3,2151.1,1384.0,2140.7,1283.7,2241.1,1171.2,2284.5,1064.7,2299.7,965.7,2294.3,845.4,2255.0,739.8,2157.5
25.0,0.4,739.3,2157.4,849.8,2093.7,966.8,2058.1,1058.8,2080.4,1156.7,2053.6,1278.6,2087.3,1384.4,2139.8,1335.5,2150.3,1164.0,2152.1,1062.4,2167.3,969.6,2161.1,788.8,2163.1,788.8,2163.1,966.3,2158.7,1059.5,2165.5,1159.8,2152.4,1335.5,2150.3,1384.4,2139.8,1283.7,2241.3,1170.8,2284.9,1064.8,2300.1,966.2,2294.7,845.7,2255.4,739.3,2157.4
26.0,0.417,739.9,2157.4,850.0,2093.5,966.9,2057.9,1059.1,2080.2,1157.1,2053.6,1278.8,2087.5,1384.1,2140.4,1335.3,2150.7,1164.3,2152.2,1062.7,2167.1,969.6,2160.8,789.5,2163.1,789.5,2163.1,966.6,2158.7,1060.0,2165.6,1160.4,2152.7,1335.3,2150.7,1384.1,2140.4,1284.2,2241.6,1171.7,2284.7,1065.6,2299.5,966.8,2294.3,846.2,2255.4,739.9,2157.4
27.0,0.433,739.4,2157.9,850.0,2094.0,967.3,2058.4,1059.3,2080.6,1157.1,2054.0,1278.7,2087.8,1384.5,2140.7,1335.5,2151.3,1164.4,2152.7,1063.0,2167.6,970.2,2161.4,788.8,2164.0,788.8,2164.0,966.8,2158.8,1060.0,2165.5,1160.2,2152.5,1335.5,2151.3,1384.5,2140.7,1283.9,2241.7,1171.2,2284.4,1065.4,2299.2,966.8,2294.2,845.7,2255.7,739.4,2157.9
28.0,0.45,740.4,2158.9,850.3,2094.8,967.5,2058.9,1059.4,2081.4,1157.2,2054.7,1278.9,2088.5,1384.4,2141.8,1335.6,2151.9,1164.4,2153.0,1063.0,2167.8,970.2,2161.5,789.9,2164.3,789.9,2164.3,967.6,2160.5,1060.8,2167.4,1161.0,2154.5,1335.6,2151.9,1384.4,2141.8,1284.8,2242.5,1172.2,2285.6,1066.3,2300.5,967.7,2295.3,846.7,2256.4,740.4,2158.9
29.0,0.467,740.1,2159.1,850.8,2095.6,968.4,2059.9,1059.7,2082.3,1157.0,2055.7,1278.8,2089.1,1385.0,2141.6,1336.1,2152.0,1164.4,2154.3,1063.6,2169.1,971.3,2162.9,789.5,2164.9,789.5,2164.9,968.3,2160.6,1060.8,2167.3,1160.5,2154.4,1336.1,2152.0,1385.0,2141.6,1284.4,2242.5,1171.5,2285.8,1066.2,2300.7,968.2,2295.7,846.8,2256.9,740.1,2159.1
30.0,0.483,740.2,2160.5,850.8,2096.1,968.1,2060.8,1059.8,2083.3,1157.3,2056.3,1279.2,2089.6,1385.5,2142.8,1336.4,2153.0,1164.8,2155.1,1063.8,2170.2,971.1,2164.0,789.8,2166.1,789.8,2166.1,968.2,2161.4,1061.1,2168.0,1161.0,2155.2,1336.4,2153.0,1385.5,2142.8,1285.2,2243.7,1172.2,2287.2,1066.6,2302.1,968.2,2297.1,846.9,2258.3,740.2,2160.5
31.0,0.5,740.6,2161.3,851.0,2096.9,967.8,2061.9,1060.1,2084.1,1158.1,2057.1,1279.6,2090.2,1385.3,2143.0,1336.2,2153.2,1165.7,2155.8,1064.1,2171.0,970.9,2164.9,790.4,2166.6,790.4,2166.6,967.9,2162.6,1061.3,2169.1,1161.7,2156.0,1336.2,2153.2,1385.3,2143.0,1285.6,2244.1,1173.0,2287.8,1067.0,2302.8,968.1,2298.0,847.1,2259.3,740.6,2161.3
32.0,0.517,741.3,2162.9,852.1,2097.3,969.0,2062.2,1061.3,2084.7,1159.4,2057.3,1281.1,2090.3,1387.1,2143.6,1338.1,2153.7,1167.1,2156.0,1065.2,2171.4,972.1,2165.5,790.9,2167.9,790.9,2167.9,969.0,2163.3,1062.4,2169.9,1162.9,2156.7,1338.1,2153.7,1387.1,2143.6,1287.0,2244.3,1173.9,2288.4,1067.7,2303.6,968.9,2298.4,848.0,2259.4,741.3,2162.9
33.0,0.533,742.6,2162.8,853.0,2097.5,970.2,2062.3,1062.4,2084.7,1160.4,2057.6,1282.3,2090.8,1388.1,2144.2,1339.2,2154.3,1168.1,2156.6,1066.5,2171.6,973.4,2165.6,792.3,2168.2,792.3,2168.2,970.5,2163.9,1064.0,2170.5,1164.5,2157.5,1339.2,2154.3,1388.1,2144.2,1288.7,2245.2,1175.8,2289.1,1069.7,2304.1,970.8,2299.1,849.3,2260.2,742.6,2162.8
34.0,0.55,742.9,2163.7,853.8,2098.5,971.0,2062.6,1062.8,2085.0,1160.5,2057.9,1282.6,2091.2,1389.3,2144.4,1340.2,2154.8,1168.1,2157.4,1066.8,2172.4,974.1,2166.4,792.6,2169.1,792.6,2169.1,970.8,2164.2,1063.7,2170.8,1163.8,2157.9,1340.2,2154.8,1389.3,2144.4,1288.4,2245.7,1174.9,2290.1,1069.1,2305.0,970.7,2299.9,849.8,2260.9,742.9,2163.7
35.0,0.567,742.7,2163.6,853.9,2098.9,971.3,2063.3,1063.1,2085.5,1160.6,2058.6,1282.5,2091.9,1389.2,2144.6,1340.1,2155.2,1168.2,2158.1,1067.1,2173.0,974.4,2167.0,792.6,2169.1,792.6,2169.1,970.7,2164.8,1063.6,2171.4,1163.5,2158.6,1340.1,2155.2,1389.2,2144.6,1288.0,2246.8,1174.7,2291.0,1069.2,2305.7,970.8,2300.8,849.6,2261.6,742.7,2163.6
36.0,0.583,741.8,2164.3,852.5,2099.3,969.6,2064.4,1062.4,2086.8,1161.0,2059.7,1282.5,2092.8,1387.9,2145.7,1339.1,2155.9,1168.6,2158.4,1066.3,2173.5,972.7,2167.4,791.4,2169.6,791.4,2169.6,969.4,2165.8,1063.3,2172.6,1164.3,2159.5,1339.1,2155.9,1387.9,2145.7,1288.2,2246.9,1175.4,2291.0,1068.7,2305.8,969.4,2300.7,848.2,2261.4,741.8,2164.3
37.0,0.6,741.4,2164.8,851.8,2099.3,969.0,2064.6,1061.6,2087.0,1160.2,2060.1,1281.4,2093.2,1386.7,2146.2,1338.1,2156.2,1167.8,2157.5,1065.4,2172.5,972.1,2166.3,790.8,2169.8,790.8,2169.8,969.0,2167.8,1062.7,2174.7,1163.8,2161.6,1338.1,2156.2,1386.7,2146.2,1287.3,2247.2,1174.7,2291.4,1068.0,2306.2,968.9,2301.0,847.7,2261.5,741.4,2164.8
38.0,0.617,741.2,2165.3,852.3,2100.3,969.7,2064.9,1061.9,2087.2,1159.9,2060.0,1281.4,2093.3,1387.7,2146.1,1338.5,2156.4,1167.6,2159.0,1065.9,2174.1,973.0,2168.2,790.9,2170.6,790.9,2170.6,969.8,2166.4,1063.0,2173.0,1163.4,2159.9,1338.5,2156.4,1387.7,2146.1,1287.3,2247.3,1174.4,2291.5,1068.4,2306.5,969.8,2301.6,848.4,2262.7,741.2,2165.3
39.0,0.633,742.5,2165.1,853.4,2100.1,970.1,2065.0,1062.6,2087.5,1161.0,2060.0,1282.0,2093.3,1387.5,2146.4,1338.6,2156.6,1168.4,2158.9,1066.3,2174.4,973.0,2168.4,792.2,2170.3,792.2,2170.3,969.6,2166.2,1063.0,2173.1,1163.6,2159.8,1338.6,2156.6,1387.5,2146.4,1287.2,2247.3,1174.4,2291.5,1068.1,2306.6,969.3,2301.3,849.0,2261.9,742.5,2165.1
40.0,0.65,742.2,2165.1,853.2,2100.8,969.9,2065.6,1062.4,2087.9,1160.9,2060.4,1281.9,2093.7,1387.1,2146.1,1338.3,2156.5,1168.3,2158.9,1066.0,2174.5,972.7,2168.4,791.6,2170.4,791.6,2170.4,969.3,2166.5,1062.8,2173.4,1163.6,2160.1,1338.3,2156.5,1387.1,2146.1,1287.1,2247.3,1174.4,2291.5,1068.1,2306.7,969.2,2301.3,848.8,2261.9,742.2,2165.1
41.0,0.667,741.8,2165.4,852.7,2100.7,969.8,2065.5,1062.3,2087.9,1160.8,2060.4,1281.8,2093.4,1387.3,2145.8,1338.4,2156.1,1168.5,2159.0,1066.2,2174.4,973.0,2168.4,791.3,2170.6,791.3,2170.6,969.8,2166.7,1063.3,2173.4,1164.1,2159.9,1338.4,2156.1,1387.3,2145.8,1287.4,2246.6,1174.9,2291.3,1068.5,2306.5,969.6,2301.5,848.6,2262.2,741.8,2165.4
42.0,0.683,741.6,2164.9,852.7,2100.4,969.7,2065.4,1062.1,2088.0,1160.6,2060.6,1281.8,2093.5,1387.1,2146.2,1338.3,2156.6,1168.1,2159.2,1065.9,2174.7,972.7,2168.6,791.2,2170.4,791.2,2170.4,969.3,2167.1,1062.7,2173.9,1163.5,2160.3,1338.3,2156.6,1387.1,2146.2,1286.9,2247.1,1174.1,2291.6,1067.8,2307.0,968.9,2301.7,848.3,2262.1,741.6,2164.9
43.0,0.7,741.9,2164.5,852.5,2100.4,969.1,2065.5,1061.6,2088.0,1160.4,2060.6,1281.4,2093.5,1386.6,2145.9,1337.7,2156.3,1167.9,2158.7,1065.5,2174.3,972.1,2168.0,791.3,2169.8,791.3,2169.8,968.8,2167.6,1062.4,2174.4,1163.4,2160.7,1337.7,2156.3,1386.6,2145.9,1286.6,2246.7,1173.8,2291.7,1067.2,2307.2,968.3,2301.8,848.0,2262.1,741.9,2164.5
44.0,0.717,740.1,2164.2,850.9,2099.4,968.0,2064.2,1061.3,2086.6,1160.8,2059.3,1281.9,2092.4,1387.0,2145.3,1338.1,2156.0,1168.4,2157.5,1065.1,2173.1,971.1,2167.0,789.4,2169.8,789.4,2169.8,967.5,2166.2,1061.8,2172.9,1163.6,2159.2,1338.1,2156.0,1387.0,2145.3,1286.9,2245.9,1174.1,2290.5,1066.7,2306.1,967.1,2300.7,846.3,2261.4,740.1,2164.2
45.0,0.733,739.3,2163.4,850.2,2099.1,967.3,2063.9,1060.3,2086.4,1159.6,2059.0,1280.9,2092.0,1386.2,2145.0,1337.2,2155.4,1167.2,2157.0,1064.2,2172.6,970.4,2166.5,788.7,2168.9,788.7,2168.9,967.3,2166.0,1061.3,2172.7,1162.9,2159.0,1337.2,2155.4,1386.2,2145.0,1286.2,2245.3,1173.4,2289.6,1066.3,2305.1,966.9,2299.8,846.0,2260.6,739.3,2163.4
46.0,0.75,740.1,2162.4,850.9,2097.7,967.8,2062.4,1060.7,2085.0,1159.7,2057.5,1280.8,2090.5,1386.0,2143.8,1337.0,2154.1,1167.2,2155.9,1064.5,2171.4,970.9,2165.3,789.6,2167.8,789.6,2167.8,967.8,2164.7,1061.7,2171.4,1163.0,2157.7,1337.0,2154.1,1386.0,2143.8,1286.2,2244.3,1173.5,2289.1,1066.6,2304.7,967.4,2299.3,846.6,2259.9,740.1,2162.4
47.0,0.767,739.4,2161.7,850.6,2097.1,967.5,2061.5,1060.5,2083.9,1159.6,2056.7,1280.6,2090.4,1386.0,2143.6,1336.9,2154.1,1166.9,2155.1,1064.1,2170.5,970.3,2164.4,788.8,2167.1,788.8,2167.1,966.7,2163.5,1060.6,2170.4,1162.0,2157.1,1336.9,2154.1,1386.0,2143.6,1285.3,2244.1,1172.4,2288.1,1065.5,2303.2,966.2,2297.8,845.9,2258.6,739.4,2161.7
48.0,0.783,739.8,2160.4,851.2,2096.0,968.4,2060.4,1060.8,2082.8,1159.3,2055.6,1280.5,2089.5,1386.1,2142.5,1337.0,2152.8,1166.8,2154.4,1064.5,2169.9,971.3,2163.8,789.5,2165.8,789.5,2165.8,968.1,2162.4,1061.6,2169.2,1162.4,2155.9,1337.0,2152.8,1386.1,2142.5,1285.7,2243.7,1173.0,2287.5,1066.7,2302.6,967.8,2297.4,846.9,2258.3,739.8,2160.4
49.0,0.8,739.9,2160.5,851.0,2095.3,968.1,2059.4,1060.8,2081.9,1159.7,2054.5,1280.6,2088.5,1386.3,2142.0,1337.2,2152.5,1167.1,2153.3,1064.5,2168.7,971.1,2162.6,789.2,2166.0,789.2,2166.0,967.4,2161.7,1061.0,2168.5,1162.2,2155.1,1337.2,2152.5,1386.3,2142.0,1285.4,2242.4,1172.6,2286.5,1065.8,2301.8,966.8,2296.4,846.3,2257.2,739.9,2160.5
50.0,0.817,739.8,2159.5,850.9,2094.2,968.3,2057.9,1060.7,2080.4,1159.3,2053.4,1280.5,2087.2,1386.3,2141.2,1337.1,2151.8,1166.8,2152.9,1064.6,2168.0,971.3,2161.9,789.4,2165.1,789.4,2165.1,967.5,2160.2,1060.8,2166.9,1161.7,2153.6,1337.1,2151.8,1386.3,2141.2,1285.2,2241.3,1172.1,2285.5,1065.7,2300.6,966.9,2295.3,846.3,2256.2,739.8,2159.5
51.0,0.833,740.4,2158.6,851.1,2093.1,968.3,2056.9,1060.9,2079.3,1159.8,2052.4,1280.8,2086.4,1386.1,2140.6,1337.0,2151.2,1167.2,2150.5,1064.7,2165.5,971.3,2159.4,789.8,2164.2,789.8,2164.2,967.6,2160.6,1061.3,2167.4,1162.4,2154.1,1337.0,2151.2,1386.1,2140.6,1285.5,2240.6,1173.0,2284.4,1066.3,2299.5,967.3,2294.2,846.7,2255.3,740.4,2158.6
52.0,0.85,739.4,2157.3,851.2,2091.7,968.9,2055.7,1061.0,2077.9,1159.2,2050.8,1280.6,2084.8,1386.4,2139.0,1337.3,2149.6,1166.5,2149.1,1064.7,2164.6,971.7,2158.8,788.7,2162.9,788.7,2162.9,968.1,2158.7,1061.3,2165.4,1161.7,2152.1,1337.3,2149.6,1386.4,2139.0,1285.2,2239.9,1172.1,2283.1,1066.2,2298.2,967.5,2292.9,846.5,2254.1,739.4,2157.3
53.0,0.867,739.5,2156.8,850.6,2090.3,967.7,2054.1,1060.6,2076.3,1159.7,2048.9,1280.6,2083.0,1385.9,2137.8,1336.8,2148.0,1167.1,2147.4,1064.2,2163.2,970.6,2157.4,788.7,2161.9,788.7,2161.9,967.2,2157.7,1061.0,2164.3,1162.3,2150.6,1336.8,2148.0,1385.9,2137.8,1285.3,2237.5,1172.4,2281.2,1065.5,2296.7,966.3,2291.4,845.9,2252.7,739.5,2156.8
54.0,0.883,739.3,2156.0,850.1,2089.5,967.1,2053.1,1060.2,2075.2,1159.6,2047.9,1280.4,2082.3,1385.8,2136.4,1336.7,2146.7,1167.3,2147.3,1064.1,2162.8,970.3,2157.0,788.7,2160.9,788.7,2160.9,966.6,2156.3,1060.7,2162.9,1162.4,2149.4,1336.7,2146.7,1385.8,2136.4,1285.4,2236.7,1172.7,2280.9,1065.6,2296.1,966.0,2291.1,845.5,2252.2,739.3,2156.0
55.0,0.9,737.9,2155.5,848.7,2089.2,965.5,2052.4,1058.9,2074.2,1158.5,2047.2,1279.2,2082.0,1384.8,2136.3,1335.5,2146.9,1166.0,2146.2,1062.7,2161.6,968.5,2155.8,787.1,2160.7,787.1,2160.7,964.2,2155.6,1058.6,2162.1,1160.5,2148.8,1335.5,2146.9,1384.8,2136.3,1283.6,2236.3,1170.7,2279.9,1063.3,2294.8,963.6,2289.9,843.6,2251.2,737.9,2155.5
56.0,0.917,738.0,2155.4,849.2,2089.8,966.4,2053.3,1058.6,2075.2,1156.8,2048.1,1277.4,2082.5,1383.4,2136.0,1334.2,2146.5,1164.5,2146.3,1062.5,2161.7,969.6,2156.0,787.2,2160.7,787.2,2160.7,966.1,2156.3,1059.2,2162.7,1159.8,2149.3,1334.2,2146.5,1383.4,2136.0,1282.5,2236.3,1170.2,2279.7,1064.2,2294.8,965.6,2290.2,844.8,2252.0,738.0,2155.4
57.0,0.933,737.8,2156.2,848.0,2089.9,964.8,2053.7,1057.7,2075.8,1157.0,2048.8,1277.8,2082.9,1383.3,2136.9,1334.2,2147.2,1164.8,2147.1,1061.8,2162.3,968.2,2156.4,787.0,2161.2,787.0,2161.2,964.9,2157.4,1058.7,2163.9,1160.4,2150.4,1334.2,2147.2,1383.3,2136.9,1283.2,2236.3,1170.8,2280.8,1063.7,2296.1,964.3,2291.2,843.8,2252.5,737.8,2156.2
58.0,0.95,737.1,2157.6,846.5,2091.4,962.1,2055.1,1056.2,2077.1,1156.8,2050.0,1276.9,2084.3,1381.1,2138.3,1331.9,2148.3,1164.1,2148.0,1059.9,2163.3,965.1,2157.3,786.4,2162.2,786.4,2162.2,961.6,2158.7,1056.8,2165.5,1159.7,2152.1,1331.9,2148.3,1381.1,2138.3,1282.1,2237.3,1170.3,2281.8,1061.9,2296.9,961.4,2292.0,842.2,2253.1,737.1,2157.6
59.0,0.967,735.8,2159.0,846.0,2092.2,962.0,2056.0,1055.7,2077.9,1155.6,2050.7,1275.9,2084.5,1380.2,2138.8,1331.0,2149.1,1163.1,2148.8,1059.5,2164.4,965.0,2158.6,785.1,2163.7,785.1,2163.7,961.3,2159.7,1056.0,2166.3,1158.3,2152.7,1331.0,2149.1,1380.2,2138.8,1280.9,2238.2,1168.9,2283.0,1061.1,2298.4,961.0,2293.5,841.5,2254.7,735.8,2159.0
60.0,0.983,735.0,2158.7,845.0,2092.5,961.4,2056.6,1054.7,2078.8,1154.4,2051.8,1275.2,2085.7,1379.9,2139.9,1331.0,2149.9,1161.8,2149.6,1058.5,2164.8,964.5,2158.8,784.2,2163.6,784.2,2163.6,961.4,2161.0,1055.9,2167.7,1157.9,2154.3,1331.0,2149.9,1379.9,2139.9,1280.8,2239.8,1168.5,2284.3,1060.9,2299.5,961.0,2294.5,840.7,2255.5,735.0,2158.7
61.0,1.0,734.1,2159.7,843.8,2093.2,959.9,2057.8,1054.0,2080.2,1154.7,2053.1,1275.0,2087.0,1379.4,2141.0,1330.5,2150.7,1162.2,2150.9,1057.9,2166.1,963.0,2159.9,783.6,2164.1,783.6,2164.1,960.0,2162.4,1055.2,2169.1,1158.3,2155.5,1330.5,2150.7,1379.4,2141.0,1280.7,2240.2,1168.7,2285.5,1060.1,2300.8,959.5,2295.8,839.3,2256.3,734.1,2159.7
62.0,1.017,733.2,2160.9,842.6,2094.5,958.9,2058.9,1053.0,2081.3,1153.9,2054.3,1274.6,2088.2,1378.8,2142.2,1330.0,2152.1,1161.5,2152.2,1057.0,2167.3,962.2,2161.0,782.5,2165.6,782.5,2165.6,959.2,2163.8,1054.5,2170.6,1157.9,2157.0,1330.0,2152.1,1378.8,2142.2,1280.3,2241.3,1168.2,2286.9,1059.4,2302.2,958.7,2297.0,838.5,2257.5,733.2,2160.9
63.0,1.033,732.9,2161.3,841.8,2095.5,957.7,2060.0,1051.4,2082.5,1152.0,2055.5,1272.6,2089.3,1377.3,2142.8,1328.2,2152.6,1159.7,2153.8,1055.5,2168.6,961.0,2162.3,782.2,2165.8,782.2,2165.8,958.1,2164.3,1053.0,2171.1,1156.0,2157.6,1328.2,2152.6,1377.3,2142.8,1278.3,2241.6,1166.2,2287.5,1057.7,2302.8,957.3,2297.7,837.7,2257.9,732.9,2161.3
64.0,1.05,732.9,2161.6,841.6,2095.8,957.4,2060.6,1051.6,2083.3,1152.7,2056.1,1272.7,2089.5,1376.3,2143.1,1327.4,2152.9,1160.3,2154.1,1055.6,2169.2,960.7,2162.7,782.1,2166.2,782.1,2166.2,957.9,2164.8,1053.2,2171.7,1156.7,2157.8,1327.4,2152.9,1376.3,2143.1,1278.4,2242.0,1166.9,2288.3,1058.0,2304.0,957.2,2298.8,837.5,2258.8,732.9,2161.6
65.0,1.067,732.3,2161.6,841.9,2096.1,957.8,2060.8,1051.5,2083.4,1151.9,2056.2,1272.0,2089.6,1376.7,2143.0,1327.5,2153.2,1159.4,2154.3,1055.4,2169.4,960.9,2163.0,781.6,2166.5,781.6,2166.5,957.5,2165.0,1052.3,2171.8,1155.1,2158.2,1327.5,2153.2,1376.7,2143.0,1277.2,2242.4,1165.3,2288.2,1056.9,2303.6,956.8,2298.5,837.3,2258.7,732.3,2161.6
66.0,1.083,732.0,2160.8,842.8,2095.7,959.5,2060.2,1052.3,2082.6,1151.4,2055.4,1272.4,2088.9,1378.4,2142.0,1329.2,2152.3,1158.8,2153.3,1056.0,2168.5,962.5,2162.5,781.4,2165.9,781.4,2165.9,959.2,2164.0,1053.1,2170.8,1154.5,2157.6,1329.2,2152.3,1378.4,2142.0,1277.7,2242.7,1164.8,2287.6,1057.9,2302.8,958.6,2297.6,838.3,2258.1,732.0,2160.8
67.0,1.1,731.9,2159.6,843.2,2094.9,960.2,2059.3,1053.7,2081.9,1153.5,2054.7,1274.5,2088.5,1379.9,2141.6,1330.6,2152.2,1160.8,2153.0,1057.3,2168.3,963.0,2162.0,781.1,2165.1,781.1,2165.1,959.4,2162.1,1053.9,2169.1,1156.0,2155.8,1330.6,2152.2,1379.9,2141.6,1279.2,2242.2,1166.3,2286.7,1058.6,2302.0,958.7,2296.5,838.3,2256.9,731.9,2159.6
68.0,1.117,731.5,2157.9,843.7,2093.4,961.2,2057.6,1053.8,2080.0,1152.4,2052.6,1273.8,2086.8,1380.1,2139.6,1330.6,2150.1,1159.7,2151.4,1057.4,2166.9,964.0,2160.9,780.8,2163.4,780.8,2163.4,960.4,2159.3,1054.1,2166.2,1154.9,2153.2,1330.6,2150.1,1380.1,2139.6,1278.6,2241.1,1165.3,2285.0,1058.9,2300.0,959.8,2294.6,838.9,2255.2,731.5,2157.9
69.0,1.133,731.6,2156.2,843.3,2091.4,960.4,2055.7,1053.6,2078.2,1152.9,2051.1,1273.7,2085.4,1379.2,2138.8,1329.8,2149.1,1160.2,2149.9,1057.2,2165.2,963.2,2159.0,780.9,2161.6,780.9,2161.6,959.5,2157.7,1053.8,2164.6,1155.4,2151.4,1329.8,2149.1,1379.2,2138.8,1278.3,2239.0,1165.5,2282.8,1058.3,2297.8,958.7,2292.5,838.1,2253.4,731.6,2156.2
70.0,1.15,731.4,2154.8,843.2,2089.5,960.4,2054.0,1053.5,2076.5,1152.8,2049.3,1273.6,2083.4,1378.5,2137.2,1329.4,2147.4,1160.1,2148.0,1057.2,2163.4,963.3,2157.2,780.9,2160.3,780.9,2160.3,960.1,2156.0,1054.2,2162.9,1155.7,2149.7,1329.4,2147.4,1378.5,2137.2,1278.6,2237.4,1166.2,2281.1,1059.2,2296.1,959.6,2290.8,838.6,2251.9,731.4,2154.8
71.0,1.167,730.7,2152.5,842.2,2088.3,959.1,2052.6,1052.7,2075.0,1152.5,2048.0,1273.0,2082.6,1377.6,2135.6,1328.4,2146.1,1159.6,2146.4,1056.0,2161.5,961.7,2155.2,780.0,2158.2,780.0,2158.2,957.9,2154.5,1052.6,2161.6,1154.7,2148.5,1328.4,2146.1,1377.6,2135.6,1277.3,2236.1,1165.0,2279.5,1057.3,2294.3,957.3,2288.8,837.0,2249.5,730.7,2152.5
72.0,1.183,730.6,2151.2,842.5,2086.7,960.0,2051.1,1052.3,2073.5,1150.7,2046.4,1271.6,2080.7,1377.2,2134.0,1327.9,2144.2,1158.0,2145.0,1055.8,2160.2,962.8,2154.1,779.9,2156.8,779.9,2156.8,959.6,2153.1,1053.0,2160.0,1153.7,2147.0,1327.9,2144.2,1377.2,2134.0,1276.6,2234.9,1164.0,2278.1,1057.8,2292.9,959.0,2287.7,837.9,2248.7,730.6,2151.2
73.0,1.2,730.4,2149.9,841.1,2085.6,957.8,2050.3,1051.6,2072.9,1151.8,2045.8,1272.3,2079.6,1376.9,2132.4,1327.7,2142.9,1159.2,2144.5,1055.3,2159.7,960.8,2153.2,779.9,2155.4,779.9,2155.4,957.2,2152.7,1052.0,2159.7,1154.7,2146.2,1327.7,2142.9,1376.9,2132.4,1277.2,2232.6,1165.1,2277.3,1056.9,2292.6,956.8,2287.3,836.3,2247.7,730.4,2149.9
74.0,1.217,728.4,2149.8,840.2,2085.7,957.3,2049.8,1050.7,2072.0,1150.4,2044.7,1271.2,2078.9,1376.9,2131.5,1327.4,2142.3,1157.6,2143.1,1054.3,2158.6,960.1,2152.5,777.6,2155.4,777.6,2155.4,956.3,2151.5,1050.7,2158.3,1152.6,2145.0,1327.4,2142.3,1376.9,2131.5,1275.7,2232.2,1163.0,2276.0,1055.5,2291.2,955.8,2286.1,835.3,2247.1,728.4,2149.8
75.0,1.233,727.5,2148.7,839.3,2084.9,956.7,2049.4,1050.4,2071.8,1150.4,2044.5,1271.3,2078.4,1376.9,2130.8,1327.5,2141.6,1157.6,2142.5,1053.9,2158.1,959.4,2151.8,776.5,2154.4,776.5,2154.4,955.5,2151.0,1050.3,2157.9,1152.6,2144.5,1327.5,2141.6,1376.9,2130.8,1275.6,2231.4,1162.7,2275.6,1054.8,2291.0,954.7,2285.6,834.1,2246.1,727.5,2148.7
76.0,1.25,726.5,2149.5,838.2,2085.1,955.5,2049.4,1049.3,2071.6,1149.2,2044.3,1270.6,2078.0,1376.8,2130.7,1327.2,2141.5,1156.5,2142.8,1053.0,2158.2,958.5,2152.2,775.8,2155.0,775.8,2155.0,954.7,2151.5,1049.6,2158.2,1151.8,2145.0,1327.2,2141.5,1376.8,2130.7,1275.6,2231.7,1162.3,2276.3,1054.4,2291.4,954.3,2286.4,833.4,2247.2,726.5,2149.5
77.0,1.267,725.1,2149.4,837.2,2085.4,954.8,2050.4,1048.9,2072.8,1149.5,2045.3,1270.7,2078.7,1376.7,2131.0,1327.4,2141.8,1156.8,2143.4,1052.5,2159.2,957.6,2153.0,774.2,2155.0,774.2,2155.0,953.7,2151.8,1048.8,2158.6,1151.6,2144.9,1327.4,2141.8,1376.7,2131.0,1275.1,2231.7,1161.5,2276.4,1053.2,2291.9,952.7,2286.6,831.8,2247.1,725.1,2149.4
78.0,1.283,726.1,2150.6,837.5,2086.0,954.5,2051.4,1049.0,2073.7,1150.1,2046.4,1271.2,2079.5,1376.6,2132.1,1327.5,2142.6,1157.6,2143.6,1052.8,2159.3,957.6,2153.1,775.1,2156.1,775.1,2156.1,954.0,2154.8,1049.4,2161.7,1152.9,2147.8,1327.5,2142.6,1376.6,2132.1,1276.1,2232.4,1163.0,2277.5,1054.0,2293.0,953.2,2287.8,832.4,2248.1,726.1,2150.6
79.0,1.3,725.5,2151.9,837.3,2088.0,955.2,2053.0,1049.3,2075.0,1150.0,2047.7,1271.6,2080.8,1378.2,2132.8,1328.6,2143.6,1157.7,2144.9,1053.3,2160.6,958.6,2154.5,774.6,2157.5,774.6,2157.5,955.1,2156.0,1050.3,2162.6,1153.4,2148.8,1328.6,2143.6,1378.2,2132.8,1276.9,2233.6,1163.7,2278.5,1055.2,2294.1,954.7,2289.3,832.9,2250.2,725.5,2151.9
80.0,1.317,726.3,2152.3,838.1,2088.0,955.8,2052.7,1050.2,2074.8,1151.0,2047.4,1272.9,2080.8,1379.2,2133.2,1329.6,2144.1,1158.6,2145.4,1054.0,2161.2,958.9,2155.1,775.6,2157.9,775.6,2157.9,955.2,2154.9,1050.6,2161.7,1153.8,2147.9,1329.6,2144.1,1379.2,2133.2,1277.8,2234.3,1164.3,2278.7,1055.6,2294.2,954.8,2289.3,833.4,2250.3,726.3,2152.3
81.0,1.333,727.1,2152.7,839.5,2088.5,957.1,2053.2,1051.3,2075.1,1151.9,2047.7,1273.3,2081.2,1380.1,2132.8,1330.7,2144.0,1159.4,2145.7,1055.1,2161.5,960.2,2155.5,776.5,2158.2,776.5,2158.2,956.2,2155.9,1051.4,2162.5,1154.3,2149.1,1330.7,2144.0,1380.1,2132.8,1278.2,2235.0,1164.8,2280.2,1056.4,2295.5,955.8,2290.8,834.5,2251.2,727.1,2152.7
82.0,1.35,726.7,2152.4,839.4,2089.1,957.2,2054.0,1051.6,2076.0,1152.4,2048.3,1273.7,2082.0,1379.9,2133.5,1330.5,2144.6,1159.7,2145.9,1055.0,2162.0,960.0,2155.9,775.8,2158.2,775.8,2158.2,956.1,2155.6,1051.5,2162.5,1154.6,2148.7,1330.5,2144.6,1379.9,2133.5,1278.2,2235.8,1164.9,2280.1,1056.3,2295.6,955.5,2290.6,834.1,2251.0,726.7,2152.4
83.0,1.367,727.1,2152.4,838.9,2089.5,956.6,2054.4,1050.9,2076.9,1151.7,2049.6,1273.2,2083.2,1379.5,2134.8,1330.1,2145.8,1158.9,2147.7,1054.4,2163.3,959.3,2156.9,776.3,2158.1,776.3,2158.1,955.4,2156.1,1050.7,2163.2,1153.7,2149.9,1330.1,2145.8,1379.5,2134.8,1277.6,2236.4,1163.9,2281.3,1055.3,2296.4,954.6,2291.1,833.8,2250.8,727.1,2152.4
84.0,1.383,726.6,2152.5,839.3,2090.0,957.4,2055.0,1051.0,2077.3,1151.0,2050.2,1272.6,2083.8,1379.0,2135.3,1329.5,2146.6,1158.1,2147.4,1054.4,2162.9,960.0,2156.6,775.7,2158.9,775.7,2158.9,956.0,2157.9,1050.8,2164.9,1153.1,2151.7,1329.5,2146.6,1379.0,2135.3,1276.9,2237.8,1163.3,2282.0,1055.4,2297.1,955.3,2291.8,834.0,2251.9,726.6,2152.5
85.0,1.4,726.5,2153.4,839.1,2090.6,957.1,2055.8,1050.7,2078.4,1150.9,2051.4,1272.3,2084.6,1378.7,2136.2,1329.2,2147.4,1158.0,2148.9,1054.1,2164.3,959.7,2157.8,775.5,2159.6,775.5,2159.6,955.5,2158.6,1050.2,2165.7,1152.7,2152.3,1329.2,2147.4,1378.7,2136.2,1276.2,2237.9,1162.4,2283.0,1054.3,2298.2,954.3,2292.7,833.3,2252.2,726.5,2153.4
86.0,1.417,726.5,2153.2,839.3,2091.2,957.0,2056.4,1050.9,2078.8,1151.5,2051.9,1272.8,2085.4,1378.8,2136.7,1329.4,2148.1,1158.4,2149.2,1054.2,2164.7,959.4,2158.1,775.7,2159.8,775.7,2159.8,955.2,2158.8,1050.2,2166.1,1153.0,2152.7,1329.4,2148.1,1378.8,2136.7,1276.5,2238.6,1163.0,2282.9,1054.6,2298.1,954.4,2292.5,833.5,2252.5,726.5,2153.2
87.0,1.433,726.3,2152.9,838.9,2091.0,957.0,2056.4,1050.8,2078.9,1151.4,2051.9,1272.9,2085.2,1379.3,2136.1,1329.8,2147.6,1158.6,2149.9,1054.4,2165.3,959.7,2158.7,775.4,2159.5,775.4,2159.5,955.3,2158.0,1050.3,2165.0,1153.2,2151.7,1329.8,2147.6,1379.3,2136.1,1276.8,2238.2,1163.2,2283.2,1054.8,2298.4,954.3,2293.0,833.2,2252.6,726.3,2152.9
88.0,1.45,725.7,2152.5,838.6,2090.9,956.6,2057.1,1051.1,2079.5,1152.4,2052.5,1273.6,2085.8,1379.6,2136.2,1330.5,2147.7,1159.5,2149.9,1054.5,2165.5,959.3,2158.7,774.7,2159.1,774.7,2159.1,954.8,2159.0,1050.4,2166.2,1154.0,2152.8,1330.5,2147.7,1379.6,2136.2,1277.4,2238.7,1163.8,2283.7,1054.7,2298.9,953.8,2293.3,832.4,2252.5,725.7,2152.5
89.0,1.467,724.9,2152.6,838.3,2091.6,956.7,2057.2,1050.9,2079.5,1151.9,2052.7,1273.2,2086.1,1379.8,2136.1,1330.4,2147.9,1159.0,2149.9,1054.3,2165.4,959.3,2158.7,773.9,2159.4,773.9,2159.4,954.5,2158.8,1049.8,2166.0,1153.1,2152.7,1330.4,2147.9,1379.8,2136.1,1276.6,2238.8,1162.9,2283.4,1054.2,2298.4,953.4,2293.0,832.0,2252.5,724.9,2152.6
90.0,1.483,726.3,2153.4,839.3,2091.2,957.0,2057.1,1051.7,2079.2,1153.3,2052.1,1274.3,2085.6,1380.3,2136.1,1331.2,2147.7,1160.4,2149.2,1055.0,2165.0,959.5,2158.5,775.2,2159.9,775.2,2159.9,954.7,2159.3,1050.4,2166.5,1154.3,2152.9,1331.2,2147.7,1380.3,2136.1,1277.7,2238.7,1164.0,2283.4,1054.7,2298.7,953.5,2293.2,832.7,2252.5,726.3,2153.4
91.0,1.5,727.5,2152.6,840.9,2090.6,958.9,2057.1,1053.1,2079.6,1154.2,2052.2,1275.3,2085.1,1381.3,2135.5,1332.3,2146.8,1161.3,2150.0,1056.5,2166.0,961.5,2159.3,776.6,2159.0,776.6,2159.0,957.1,2158.7,1052.4,2165.9,1155.7,2152.3,1332.3,2146.8,1381.3,2135.5,1279.1,2238.6,1165.4,2284.0,1056.7,2299.4,955.8,2293.8,834.5,2252.7,727.5,2152.6
92.0,1.517,727.9,2150.9,841.0,2089.4,958.7,2056.7,1054.0,2079.2,1156.3,2051.6,1277.7,2083.5,1383.6,2132.9,1334.6,2144.3,1163.5,2148.9,1057.4,2165.1,961.4,2158.3,777.1,2157.0,777.1,2157.0,957.2,2158.7,1053.6,2166.0,1158.2,2152.0,1334.6,2144.3,1383.6,2132.9,1281.9,2236.4,1168.2,2283.6,1058.1,2299.5,956.2,2293.8,834.9,2252.0,727.9,2150.9
93.0,1.533,723.3,2143.9,838.5,2086.6,957.8,2056.3,1053.7,2078.8,1157.5,2051.4,1280.2,2081.3,1388.1,2127.1,1339.3,2139.4,1164.6,2146.9,1057.2,2163.4,960.4,2156.1,772.2,2151.0,772.2,2151.0,955.9,2158.3,1053.1,2165.8,1159.1,2151.4,1339.3,2139.4,1388.1,2127.1,1283.9,2232.6,1168.4,2281.5,1057.0,2297.7,954.3,2291.8,831.6,2248.1,723.3,2143.9
94.0,1.55,717.8,2132.4,837.5,2082.6,959.2,2056.5,1055.4,2078.6,1159.7,2050.7,1284.6,2076.3,1396.3,2114.7,1348.1,2128.4,1166.9,2143.1,1058.9,2160.9,961.9,2153.4,766.5,2140.9,766.5,2140.9,957.9,2156.3,1055.4,2163.7,1162.0,2148.6,1348.1,2128.4,1396.3,2114.7,1289.1,2225.4,1171.5,2277.2,1059.6,2294.5,956.6,2288.6,830.7,2243.0,717.8,2132.4
95.0,1.567,711.0,2118.9,833.8,2077.1,957.9,2055.6,1054.0,2077.8,1158.7,2049.9,1287.7,2070.6,1406.1,2101.4,1357.4,2115.4,1166.2,2140.0,1058.2,2158.3,961.1,2150.3,759.8,2127.6,759.8,2127.6,958.3,2153.2,1055.9,2160.6,1162.9,2145.3,1357.4,2115.4,1406.1,2101.4,1294.1,2215.5,1172.2,2271.5,1059.9,2289.2,956.9,2283.6,828.1,2235.2,711.0,2118.9
96.0,1.583,703.9,2105.5,829.3,2069.6,955.0,2052.4,1053.7,2075.0,1162.0,2046.9,1294.4,2063.6,1416.4,2089.2,1367.9,2103.4,1169.4,2135.7,1057.8,2155.0,958.0,2146.0,753.2,2114.6,753.2,2114.6,955.5,2148.9,1055.9,2157.0,1166.4,2140.9,1367.9,2103.4,1416.4,2089.2,1301.2,2206.2,1175.7,2265.8,1059.8,2284.4,954.2,2278.0,823.5,2226.3,703.9,2105.5
97.0,1.6,696.6,2090.8,826.3,2060.9,954.1,2048.7,1056.7,2070.7,1170.7,2041.5,1303.1,2053.9,1424.7,2073.4,1377.5,2088.8,1178.0,2125.1,1060.7,2146.8,957.2,2137.2,745.6,2101.3,745.6,2101.3,955.4,2144.4,1059.8,2152.5,1175.9,2133.7,1377.5,2088.8,1424.7,2073.4,1310.0,2192.2,1185.2,2254.3,1064.0,2275.4,954.7,2269.1,820.3,2216.9,696.6,2090.8
98.0,1.617,695.0,2078.3,825.4,2054.7,953.1,2044.5,1059.9,2066.7,1179.9,2036.9,1310.1,2047.8,1428.4,2061.8,1382.4,2078.0,1186.4,2117.3,1062.8,2140.2,955.5,2129.4,742.8,2089.7,742.8,2089.7,953.3,2136.8,1061.5,2146.1,1183.6,2125.5,1382.4,2078.0,1428.4,2061.8,1315.1,2180.6,1192.3,2244.7,1065.3,2267.6,952.3,2260.2,818.2,2206.1,695.0,2078.3
99.0,1.633,693.0,2069.7,822.5,2047.7,949.2,2039.8,1059.4,2062.8,1183.9,2032.4,1313.5,2042.3,1431.1,2054.6,1385.1,2070.7,1190.4,2114.2,1062.1,2137.5,951.3,2125.8,740.6,2080.8,740.6,2080.8,948.3,2127.1,1059.9,2136.9,1186.5,2115.5,1385.1,2070.7,1431.1,2054.6,1317.3,2171.0,1194.1,2236.2,1062.7,2259.7,946.4,2251.5,813.8,2196.4,693.0,2069.7
100.0,1.65,690.3,2063.1,819.1,2041.5,944.4,2035.3,1059.3,2058.4,1189.3,2027.6,1318.9,2036.4,1435.4,2048.1,1389.4,2064.1,1195.5,2110.3,1061.6,2134.5,946.1,2122.1,738.3,2074.0,738.3,2074.0,941.7,2119.5,1057.7,2130.0,1189.9,2107.7,1389.4,2064.1,1435.4,2048.1,1321.0,2162.8,1196.9,2229.2,1060.0,2253.0,939.4,2244.1,808.9,2187.8,690.3,2063.1
101.0,1.667,688.8,2058.2,818.6,2037.7,944.1,2030.9,1060.9,2053.9,1193.1,2023.1,1323.0,2031.8,1439.7,2043.4,1393.4,2059.6,1198.7,2106.5,1062.6,2131.1,945.1,2118.4,737.0,2069.4,737.0,2069.4,940.0,2111.9,1057.9,2122.7,1192.2,2100.1,1393.4,2059.6,1439.7,2043.4,1324.0,2156.4,1199.3,2221.8,1060.2,2245.9,938.0,2236.7,807.7,2181.4,688.8,2058.2
102.0,1.683,688.5,2054.0,819.9,2034.2,945.6,2028.2,1062.0,2051.1,1193.6,2020.2,1324.7,2028.0,1443.7,2038.7,1397.1,2054.9,1199.3,2102.9,1063.8,2127.6,946.6,2115.1,736.9,2065.2,736.9,2065.2,941.5,2108.3,1058.9,2119.0,1192.6,2096.7,1397.1,2054.9,1443.7,2038.7,1325.8,2151.7,1199.8,2217.2,1061.3,2241.1,939.7,2232.0,809.2,2176.5,688.5,2054.0
103.0,1.7,686.6,2049.4,819.6,2031.5,945.8,2026.2,1062.2,2048.5,1193.9,2018.0,1325.1,2025.1,1445.5,2033.9,1399.1,2050.7,1199.2,2099.3,1063.6,2123.9,946.5,2111.6,734.6,2061.1,734.6,2061.1,940.6,2106.1,1057.9,2117.0,1191.5,2095.0,1399.1,2050.7,1445.5,2033.9,1325.4,2148.2,1198.3,2213.6,1060.0,2237.0,938.7,2227.7,808.1,2171.7,686.6,2049.4
104.0,1.717,684.3,2045.7,817.8,2028.5,944.9,2024.1,1062.0,2046.4,1194.5,2016.1,1326.4,2022.4,1447.1,2030.6,1401.1,2047.6,1199.9,2097.1,1063.5,2121.7,945.5,2109.0,732.3,2057.9,732.3,2057.9,939.3,2104.0,1057.5,2114.9,1192.0,2092.9,1401.1,2047.6,1447.1,2030.6,1326.7,2145.7,1199.1,2210.6,1059.8,2233.8,937.7,2224.5,806.1,2168.6,684.3,2045.7
105.0,1.733,681.9,2042.8,817.5,2027.7,946.5,2023.8,1061.4,2046.0,1191.2,2015.9,1324.7,2020.8,1449.3,2026.7,1403.0,2043.9,1196.8,2096.7,1063.0,2121.0,947.3,2108.7,729.8,2055.0,729.8,2055.0,941.4,2105.1,1057.3,2115.7,1189.1,2094.4,1403.0,2043.9,1449.3,2026.7,1325.6,2144.6,1196.2,2211.6,1059.6,2234.5,939.7,2225.5,806.4,2168.0,681.9,2042.8
106.0,1.75,680.3,2040.7,814.6,2027.3,944.3,2023.5,1059.5,2046.5,1189.7,2016.4,1324.8,2020.3,1450.5,2026.5,1404.0,2042.7,1194.9,2097.3,1061.0,2121.4,944.7,2108.4,728.7,2052.0,728.7,2052.0,940.0,2105.7,1056.5,2116.8,1188.8,2095.6,1404.0,2042.7,1450.5,2026.5,1326.7,2144.4,1195.9,2212.2,1058.7,2235.1,938.4,2225.9,804.4,2167.8,680.3,2040.7
107.0,1.767,677.1,2040.0,813.6,2027.3,944.5,2025.5,1058.9,2048.1,1188.0,2018.1,1323.3,2020.9,1450.3,2025.3,1404.2,2042.3,1193.6,2098.3,1060.8,2122.6,945.5,2109.9,725.3,2052.3,725.3,2052.3,940.1,2106.8,1055.6,2117.3,1186.6,2096.1,1404.2,2042.3,1450.3,2025.3,1325.0,2145.3,1193.8,2212.6,1057.9,2235.3,938.4,2226.3,802.9,2168.2,677.1,2040.0
108.0,1.783,676.2,2040.0,812.6,2028.7,943.6,2026.3,1058.6,2049.2,1188.4,2018.8,1324.3,2021.4,1451.5,2025.6,1405.2,2042.1,1193.6,2098.8,1060.0,2123.5,944.1,2110.6,724.4,2051.7,724.4,2051.7,939.4,2107.8,1055.5,2118.9,1187.2,2097.5,1405.2,2042.1,1451.5,2025.6,1326.1,2145.7,1194.3,2213.6,1057.7,2236.7,937.7,2227.4,802.3,2168.8,676.2,2040.0
109.0,1.8,674.5,2040.3,812.8,2029.7,944.6,2028.7,1059.5,2051.1,1189.0,2020.7,1324.7,2022.6,1452.5,2024.5,1406.8,2041.8,1194.7,2100.9,1061.2,2125.7,945.5,2113.1,722.6,2052.7,722.6,2052.7,940.2,2109.0,1056.0,2119.6,1187.4,2098.2,1406.8,2041.8,1452.5,2024.5,1326.4,2146.4,1194.6,2215.0,1058.4,2238.0,938.4,2229.0,802.0,2169.8,674.5,2040.3
110.0,1.817,675.2,2041.6,812.8,2030.9,944.2,2029.8,1059.9,2052.3,1190.4,2021.8,1325.9,2023.3,1453.3,2025.3,1407.4,2042.8,1196.1,2101.9,1061.8,2126.6,945.2,2113.9,723.5,2054.0,723.5,2054.0,939.9,2110.7,1056.6,2121.3,1189.0,2099.8,1407.4,2042.8,1453.3,2025.3,1327.9,2146.7,1196.5,2216.2,1059.2,2239.3,938.6,2230.5,802.3,2171.5,675.2,2041.6
111.0,1.833,675.4,2042.0,813.5,2032.1,945.6,2031.5,1060.7,2053.8,1190.4,2023.6,1326.0,2024.6,1453.9,2025.8,1408.2,2043.3,1196.2,2102.9,1062.7,2127.6,946.7,2114.8,723.8,2054.4,723.8,2054.4,941.5,2112.3,1057.8,2122.7,1189.3,2101.2,1408.2,2043.3,1453.9,2025.8,1328.4,2148.1,1197.1,2217.5,1060.7,2240.4,940.5,2231.8,803.4,2173.0,675.4,2042.0
112.0,1.85,674.0,2042.7,813.2,2033.4,946.5,2032.9,1060.3,2055.2,1188.4,2025.0,1325.0,2025.9,1454.5,2026.2,1408.9,2043.6,1194.3,2104.5,1062.5,2128.9,947.7,2116.4,722.5,2055.0,722.5,2055.0,943.4,2113.8,1058.3,2124.0,1188.3,2102.9,1408.9,2043.6,1454.5,2026.2,1328.3,2150.0,1196.3,2219.6,1061.5,2242.3,942.4,2233.9,803.7,2174.7,674.0,2042.7
113.0,1.867,673.1,2043.6,811.9,2034.8,944.4,2034.2,1058.9,2056.6,1187.5,2026.3,1323.7,2027.6,1452.7,2028.0,1406.9,2045.5,1193.0,2105.8,1060.7,2130.4,945.2,2117.6,721.5,2055.8,721.5,2055.8,940.2,2115.6,1055.8,2126.1,1186.3,2105.1,1406.9,2045.5,1452.7,2028.0,1326.0,2152.2,1193.9,2222.1,1058.5,2244.8,938.9,2236.1,801.6,2176.2,673.1,2043.6
114.0,1.883,671.9,2044.5,810.0,2035.0,942.9,2034.7,1056.9,2057.4,1184.8,2027.0,1321.3,2028.0,1451.1,2028.7,1404.9,2045.9,1190.8,2107.8,1059.1,2132.3,944.3,2119.6,720.7,2056.2,720.7,2056.2,939.7,2116.0,1054.7,2126.2,1184.4,2105.2,1404.9,2045.9,1451.1,2028.7,1324.4,2153.5,1192.1,2224.5,1057.3,2247.2,938.1,2238.8,800.1,2178.4,671.9,2044.5
115.0,1.9,670.2,2044.3,808.8,2035.7,941.5,2035.4,1055.7,2058.0,1183.9,2027.5,1320.6,2028.5,1450.8,2028.5,1404.4,2046.2,1189.7,2107.9,1057.8,2132.6,942.7,2119.9,718.8,2056.4,718.8,2056.4,937.8,2115.8,1053.1,2126.0,1183.0,2104.9,1404.4,2046.2,1450.8,2028.5,1323.2,2153.3,1190.6,2224.3,1055.6,2247.3,936.2,2238.7,798.7,2178.2,670.2,2044.3
116.0,1.917,670.4,2044.2,808.3,2036.2,940.2,2035.6,1055.8,2058.2,1185.7,2027.6,1321.6,2028.7,1450.0,2028.1,1403.8,2045.7,1191.5,2107.4,1057.7,2132.4,941.3,2119.6,718.8,2056.0,718.8,2056.0,936.7,2115.7,1053.1,2126.2,1184.9,2104.4,1403.8,2045.7,1450.0,2028.1,1324.0,2151.6,1192.3,2223.5,1055.6,2247.1,935.0,2238.4,798.3,2177.6,670.4,2044.2
117.0,1.933,670.3,2044.6,807.6,2035.3,939.2,2035.6,1054.8,2058.1,1184.5,2027.6,1321.1,2028.2,1450.1,2028.7,1403.8,2045.9,1190.4,2107.3,1057.0,2132.2,940.5,2119.4,719.2,2056.1,719.2,2056.1,936.2,2115.8,1052.9,2126.1,1184.4,2104.6,1403.8,2045.9,1450.1,2028.7,1324.4,2151.8,1192.2,2223.1,1055.7,2246.4,934.9,2237.9,798.1,2177.8,670.3,2044.6
118.0,1.95,670.0,2043.9,808.1,2035.3,939.9,2035.6,1055.4,2058.2,1184.9,2027.7,1321.8,2028.2,1450.9,2028.1,1404.8,2045.3,1190.6,2106.9,1057.4,2131.9,941.0,2119.1,718.7,2055.6,718.7,2055.6,936.8,2115.6,1053.4,2126.2,1184.6,2105.0,1404.8,2045.3,1450.9,2028.1,1325.1,2151.8,1192.5,2223.1,1056.3,2246.3,935.7,2237.6,798.7,2176.9,670.0,2043.9
119.0,1.967,669.2,2044.7,805.4,2034.6,936.5,2035.1,1053.0,2057.7,1183.7,2027.1,1320.5,2027.8,1448.5,2028.7,1402.3,2045.5,1189.6,2106.4,1055.2,2131.3,938.0,2118.4,718.0,2055.9,718.0,2055.9,934.2,2116.1,1051.8,2126.7,1184.2,2105.2,1402.3,2045.5,1448.5,2028.7,1324.4,2151.5,1192.3,2223.7,1054.8,2247.1,933.1,2238.4,796.6,2177.4,669.2,2044.7
120.0,1.983,667.2,2044.2,802.8,2033.8,933.9,2034.0,1050.7,2056.9,1181.9,2026.3,1319.2,2027.4,1447.4,2029.1,1401.0,2045.6,1187.9,2106.0,1053.1,2130.8,935.4,2117.6,716.3,2055.3,716.3,2055.3,931.9,2115.4,1049.9,2126.0,1182.9,2104.4,1401.0,2045.6,1447.4,2029.1,1323.3,2151.5,1191.0,2223.7,1052.8,2247.2,930.7,2238.4,794.1,2177.4,667.2,2044.2
121.0,2.0,666.7,2044.2,802.3,2033.6,932.9,2033.8,1049.9,2056.6,1181.3,2026.0,1318.2,2027.1,1446.1,2029.0,1399.6,2045.6,1187.2,2105.8,1052.0,2130.8,934.2,2117.7,715.7,2055.3,715.7,2055.3,930.4,2115.2,1048.5,2126.0,1181.6,2104.3,1399.6,2045.6,1446.1,2029.0,1321.9,2151.2,1189.4,2223.5,1051.2,2247.1,929.0,2238.1,793.2,2176.9,666.7,2044.2
122.0,2.017,667.0,2043.9,802.9,2033.5,934.1,2033.0,1049.9,2056.2,1180.1,2025.7,1316.9,2027.6,1444.8,2029.6,1398.5,2046.2,1185.8,2105.9,1051.9,2130.6,935.2,2117.6,715.7,2055.2,715.7,2055.2,931.5,2114.2,1048.6,2125.1,1180.5,2103.9,1398.5,2046.2,1444.8,2029.6,1320.4,2152.4,1188.1,2224.1,1051.0,2247.5,929.7,2238.3,793.6,2176.8,667.0,2043.9
123.0,2.033,667.4,2044.3,802.2,2032.9,932.7,2033.0,1049.4,2056.0,1180.8,2025.1,1317.6,2026.8,1444.5,2029.3,1398.3,2045.6,1186.6,2105.0,1051.6,2130.2,934.0,2117.1,716.1,2055.2,716.1,2055.2,930.7,2115.3,1048.7,2126.3,1181.8,2104.4,1398.3,2045.6,1444.5,2029.3,1321.5,2151.6,1189.3,2223.8,1051.1,2247.7,928.9,2238.5,793.1,2176.9,667.4,2044.3
124.0,2.05,667.8,2044.8,802.1,2033.2,932.0,2033.0,1050.3,2056.3,1183.5,2025.2,1320.1,2027.1,1445.6,2029.8,1399.4,2046.2,1189.3,2105.3,1052.4,2130.7,933.3,2117.4,716.5,2055.8,716.5,2055.8,929.8,2114.7,1049.2,2125.9,1184.3,2103.5,1399.4,2046.2,1445.6,2029.8,1323.7,2151.1,1191.9,2223.9,1051.8,2248.3,928.1,2238.7,792.9,2177.0,667.8,2044.8
125.0,2.067,668.0,2045.9,802.4,2033.5,932.4,2033.0,1050.8,2055.9,1184.1,2024.9,1320.7,2026.4,1446.3,2029.3,1400.2,2045.9,1190.2,2105.5,1053.1,2130.9,933.9,2117.9,717.2,2056.8,717.2,2056.8,930.4,2115.6,1050.0,2126.5,1185.2,2103.9,1400.2,2045.9,1446.3,2029.3,1324.6,2150.7,1193.2,2224.2,1052.9,2248.8,929.1,2239.7,793.6,2178.2,668.0,2045.9
126.0,2.083,668.3,2045.9,802.7,2033.6,933.2,2033.0,1051.8,2056.0,1185.7,2024.8,1322.0,2026.3,1447.0,2029.1,1400.9,2045.8,1191.9,2104.8,1054.3,2130.5,934.9,2117.4,717.4,2057.0,717.4,2057.0,931.7,2116.6,1051.5,2127.3,1187.3,2104.0,1400.9,2045.8,1447.0,2029.1,1326.0,2150.1,1195.2,2224.1,1054.4,2249.3,930.3,2240.3,794.1,2178.8,668.3,2045.9
127.0,2.1,667.5,2046.0,800.8,2033.0,931.2,2032.8,1050.3,2056.0,1185.0,2024.8,1321.8,2026.0,1446.7,2029.4,1400.7,2045.5,1191.5,2104.3,1053.0,2130.0,933.2,2116.8,716.5,2056.5,716.5,2056.5,930.6,2117.6,1050.8,2128.4,1187.5,2104.8,1400.7,2045.5,1446.7,2029.4,1326.3,2149.7,1195.0,2224.1,1053.5,2249.5,928.8,2240.4,792.5,2178.6,667.5,2046.0
128.0,2.117,668.0,2046.0,801.7,2033.1,932.1,2033.1,1050.9,2056.0,1185.3,2024.5,1322.1,2025.6,1447.0,2028.7,1401.1,2044.9,1191.9,2103.9,1053.7,2129.9,934.3,2116.9,717.0,2056.6,717.0,2056.6,931.9,2117.9,1051.9,2128.6,1188.4,2104.8,1401.1,2044.9,1447.0,2028.7,1327.0,2149.5,1196.1,2223.9,1054.9,2249.6,930.4,2240.7,793.7,2179.3,668.0,2046.0
129.0,2.133,667.6,2046.5,800.9,2033.4,931.1,2032.9,1050.4,2055.6,1185.5,2024.5,1322.4,2025.8,1446.7,2028.9,1400.8,2045.3,1192.1,2104.0,1053.3,2129.7,933.2,2116.8,716.8,2057.2,716.8,2057.2,930.6,2118.0,1051.3,2128.9,1188.3,2105.1,1400.8,2045.3,1446.7,2028.9,1327.2,2149.8,1196.4,2224.5,1054.5,2250.0,929.5,2241.0,793.1,2179.4,667.6,2046.5
130.0,2.15,667.2,2046.6,800.9,2033.2,932.1,2033.0,1050.3,2055.7,1184.0,2024.5,1321.4,2025.4,1446.6,2028.7,1400.9,2044.8,1191.1,2104.0,1053.6,2129.8,934.8,2117.0,716.6,2057.2,716.6,2057.2,933.0,2118.9,1052.4,2129.3,1188.1,2105.4,1400.9,2044.8,1446.6,2028.7,1327.2,2149.9,1196.2,2224.4,1055.8,2250.0,931.8,2241.5,793.8,2180.4,667.2,2046.6
131.0,2.167,667.1,2046.8,800.7,2033.2,931.2,2032.9,1050.4,2055.5,1185.3,2024.2,1321.8,2025.4,1446.0,2028.5,1400.2,2045.0,1192.2,2103.8,1053.4,2129.8,933.6,2116.9,716.2,2057.6,716.2,2057.6,930.9,2119.1,1051.2,2129.7,1188.1,2105.8,1400.2,2045.0,1446.0,2028.5,1326.6,2150.2,1196.1,2225.0,1054.5,2250.6,929.7,2241.9,792.7,2180.3,667.1,2046.8
132.0,2.183,667.3,2047.3,800.3,2033.0,930.7,2032.6,1050.3,2055.3,1185.3,2023.9,1322.3,2025.1,1446.2,2029.2,1400.4,2045.3,1192.2,2104.6,1053.4,2130.4,933.3,2117.5,716.8,2057.8,716.8,2057.8,930.9,2119.1,1051.7,2129.8,1188.7,2106.0,1400.4,2045.3,1446.2,2029.2,1327.8,2150.8,1197.2,2225.9,1055.4,2251.4,930.1,2242.7,792.9,2181.0,667.3,2047.3
133.0,2.2,669.1,2046.8,801.5,2032.3,931.6,2031.6,1050.7,2054.6,1185.2,2023.5,1321.9,2025.2,1445.3,2030.1,1399.6,2046.1,1192.0,2104.4,1053.7,2129.9,933.8,2116.8,718.6,2057.4,718.6,2057.4,931.3,2118.4,1051.7,2129.3,1188.3,2105.7,1399.6,2046.1,1445.3,2030.1,1326.9,2151.2,1196.5,2225.7,1055.1,2251.0,930.3,2242.1,793.9,2180.5,669.1,2046.8
134.0,2.217,668.5,2046.0,800.8,2031.1,930.8,2030.1,1050.5,2053.2,1185.7,2022.2,1322.4,2024.0,1445.7,2029.3,1399.8,2045.6,1192.4,2103.3,1053.4,2128.7,933.0,2115.6,718.0,2056.7,718.0,2056.7,930.1,2117.9,1051.1,2128.8,1188.4,2105.1,1399.8,2045.6,1445.7,2029.3,1327.0,2150.3,1196.6,2225.5,1054.4,2251.1,929.0,2242.0,792.9,2180.1,668.5,2046.0
135.0,2.233,667.2,2045.6,800.6,2030.7,930.6,2030.2,1050.6,2052.8,1185.7,2021.7,1322.6,2023.1,1446.0,2028.2,1400.3,2044.4,1192.1,2102.7,1053.3,2128.7,932.6,2115.8,716.8,2056.2,716.8,2056.2,929.8,2117.1,1050.9,2127.7,1188.0,2103.9,1400.3,2044.4,1446.0,2028.2,1327.0,2149.8,1195.9,2225.0,1054.1,2250.7,928.5,2241.7,792.4,2179.8,667.2,2045.6
136.0,2.25,667.1,2046.9,799.1,2030.1,927.8,2030.7,1049.7,2052.2,1186.2,2022.1,1323.4,2021.8,1444.3,2028.4,1399.5,2044.8,1192.4,2101.6,1052.3,2128.0,929.5,2115.3,716.9,2057.7,716.9,2057.7,925.7,2119.2,1048.8,2129.1,1187.6,2104.2,1399.5,2044.8,1444.3,2028.4,1326.6,2149.4,1195.6,2223.6,1052.1,2249.5,924.8,2240.6,790.1,2180.0,667.1,2046.9
137.0,2.267,669.1,2047.0,799.4,2028.8,925.5,2030.5,1050.4,2051.4,1189.9,2022.2,1324.7,2022.9,1440.4,2031.3,1396.7,2047.8,1195.0,2100.0,1051.9,2126.8,926.1,2113.4,718.2,2058.4,718.2,2058.4,920.4,2120.0,1046.5,2130.5,1188.1,2105.2,1396.7,2047.8,1440.4,2031.3,1324.7,2151.9,1195.6,2224.2,1049.3,2250.2,919.6,2240.2,788.0,2179.5,669.1,2047.0
138.0,2.283,669.0,2046.1,800.9,2029.6,928.2,2031.4,1050.9,2051.6,1187.2,2023.7,1320.4,2024.0,1435.8,2031.1,1392.9,2049.2,1191.5,2097.8,1051.9,2124.0,928.4,2110.9,717.1,2058.6,717.1,2058.6,921.9,2122.4,1045.4,2132.0,1183.5,2107.2,1392.9,2049.2,1435.8,2031.1,1318.5,2154.1,1190.7,2226.3,1047.9,2252.0,920.7,2242.0,788.7,2181.2,669.0,2046.1
139.0,2.3,670.0,2042.6,802.2,2027.5,932.3,2030.0,1051.7,2051.0,1183.5,2025.1,1317.8,2025.9,1432.6,2032.8,1391.0,2051.1,1187.3,2098.9,1052.9,2122.4,932.3,2109.0,717.3,2056.3,717.3,2056.3,926.6,2121.8,1047.1,2131.3,1180.8,2108.5,1391.0,2051.1,1432.6,2032.8,1316.0,2158.6,1187.6,2230.9,1049.0,2255.1,924.4,2244.4,790.5,2181.6,670.0,2042.6
140.0,2.317,670.7,2038.7,802.4,2026.5,932.4,2029.4,1051.4,2050.9,1183.0,2025.7,1316.4,2027.0,1430.7,2031.8,1389.0,2050.3,1186.7,2097.3,1052.7,2119.7,932.6,2105.6,717.3,2053.5,717.3,2053.5,927.5,2122.1,1047.8,2131.8,1181.3,2109.2,1389.0,2050.3,1430.7,2031.8,1314.8,2158.3,1188.4,2230.7,1049.8,2255.0,925.7,2244.3,791.7,2181.2,670.7,2038.7
141.0,2.333,669.9,2040.5,802.6,2025.1,932.2,2028.6,1051.7,2050.0,1184.1,2023.4,1318.4,2024.8,1433.6,2031.4,1391.9,2049.1,1188.2,2097.0,1053.2,2120.6,932.5,2106.9,716.8,2054.7,716.8,2054.7,927.2,2120.8,1048.0,2130.4,1182.3,2107.4,1391.9,2049.1,1433.6,2031.4,1317.2,2157.5,1188.8,2229.3,1049.6,2253.7,925.0,2242.9,790.8,2180.2,669.9,2040.5
142.0,2.35,671.0,2039.6,802.6,2026.6,930.1,2029.0,1053.8,2050.6,1191.9,2023.3,1324.6,2023.8,1437.9,2029.0,1395.6,2047.6,1195.5,2095.9,1054.6,2120.7,929.8,2106.4,718.0,2053.9,718.0,2053.9,923.4,2120.4,1048.2,2131.2,1188.1,2106.8,1395.6,2047.6,1437.9,2029.0,1322.2,2152.0,1195.4,2225.4,1050.6,2251.3,922.2,2240.1,790.6,2177.4,671.0,2039.6
143.0,2.367,670.5,2040.6,803.2,2025.9,932.5,2027.2,1055.1,2048.5,1191.9,2021.9,1327.2,2021.9,1442.8,2028.7,1400.1,2047.1,1196.2,2095.4,1056.6,2120.1,932.8,2106.2,718.5,2054.9,718.5,2054.9,927.1,2118.1,1051.1,2128.8,1189.8,2105.3,1400.1,2047.1,1442.8,2028.7,1326.6,2150.8,1197.9,2222.6,1054.2,2247.4,926.6,2236.8,792.6,2175.5,670.5,2040.6
144.0,2.383,671.3,2041.7,804.2,2025.8,933.7,2026.7,1055.0,2048.2,1190.4,2021.1,1326.8,2021.6,1445.4,2029.4,1401.6,2046.8,1195.5,2097.7,1056.9,2122.4,934.5,2108.8,720.4,2054.7,720.4,2054.7,929.4,2117.4,1052.0,2127.9,1189.4,2104.7,1401.6,2046.8,1445.4,2029.4,1327.3,2151.0,1197.4,2222.7,1055.2,2247.1,928.7,2237.1,794.2,2176.0,671.3,2041.7
145.0,2.4,672.5,2041.7,805.3,2025.9,934.3,2027.2,1055.6,2049.1,1191.3,2021.1,1327.7,2021.7,1446.6,2029.4,1402.5,2046.2,1196.5,2098.8,1057.4,2124.2,935.1,2110.5,721.8,2053.9,721.8,2053.9,930.5,2116.3,1053.0,2127.1,1190.7,2103.2,1402.5,2046.2,1446.6,2029.4,1328.6,2150.2,1198.3,2222.3,1055.9,2247.3,929.4,2237.2,795.1,2176.1,672.5,2041.7
146.0,2.417,672.6,2040.5,804.8,2026.3,933.3,2026.2,1055.9,2048.7,1193.2,2020.3,1329.1,2022.1,1447.2,2029.3,1402.6,2045.9,1198.1,2098.9,1057.2,2124.3,933.7,2110.1,721.8,2052.4,721.8,2052.4,929.0,2115.0,1052.7,2126.4,1192.0,2102.5,1402.6,2045.9,1447.2,2029.3,1329.3,2149.9,1199.6,2222.8,1055.5,2248.0,927.8,2237.5,794.4,2175.6,672.6,2040.5
147.0,2.433,673.9,2040.3,806.5,2026.3,934.8,2025.9,1056.6,2048.2,1193.1,2019.6,1328.9,2021.3,1448.0,2028.2,1403.1,2044.9,1197.9,2098.3,1057.9,2123.8,935.1,2109.9,723.4,2052.1,723.4,2052.1,930.3,2114.7,1053.3,2126.1,1191.7,2102.1,1403.1,2044.9,1448.0,2028.2,1329.3,2149.0,1199.4,2222.0,1056.1,2247.4,929.2,2237.2,796.2,2175.7,673.9,2040.3
148.0,2.45,673.4,2040.7,806.4,2025.7,935.0,2025.3,1056.7,2047.6,1193.1,2018.5,1329.1,2020.0,1448.6,2027.7,1403.4,2044.3,1198.4,2098.1,1058.3,2124.0,935.7,2110.2,723.1,2052.4,723.1,2052.4,931.2,2114.8,1054.0,2125.9,1192.5,2101.5,1403.4,2044.3,1448.6,2027.7,1330.0,2148.2,1200.0,2221.2,1056.8,2246.8,930.0,2236.9,796.1,2176.0,673.4,2040.7
149.0,2.467,675.1,2040.0,807.3,2025.9,936.0,2024.9,1057.8,2047.8,1195.1,2018.9,1330.8,2020.7,1449.9,2027.8,1404.6,2044.7,1200.2,2098.1,1059.4,2123.6,936.6,2109.5,724.3,2052.0,724.3,2052.0,932.1,2114.9,1055.1,2126.4,1194.6,2101.8,1404.6,2044.7,1449.9,2027.8,1331.5,2147.3,1201.8,2221.4,1057.5,2247.5,930.5,2237.3,797.0,2175.6,675.1,2040.0
150.0,2.483,674.3,2039.5,807.8,2026.9,937.5,2025.1,1058.0,2047.9,1193.7,2019.0,1330.2,2021.2,1450.9,2027.3,1405.4,2044.3,1198.8,2098.4,1059.5,2123.6,938.1,2109.7,723.7,2051.4,723.7,2051.4,934.1,2114.5,1055.8,2126.0,1193.6,2102.0,1405.4,2044.3,1450.9,2027.3,1331.3,2147.7,1201.1,2221.5,1058.6,2247.2,932.8,2237.1,798.4,2175.5,674.3,2039.5
151.0,2.5,674.1,2039.1,807.1,2025.8,936.9,2024.3,1056.9,2047.5,1191.9,2018.3,1328.6,2021.0,1449.8,2027.8,1404.2,2044.2,1197.0,2098.2,1058.4,2123.1,937.6,2109.2,723.5,2050.5,723.5,2050.5,934.1,2114.5,1055.2,2126.2,1192.3,2102.7,1404.2,2044.2,1449.8,2027.8,1330.4,2148.7,1199.8,2222.8,1057.9,2248.3,932.6,2238.1,797.8,2175.7,674.1,2039.1
152.0,2.517,675.1,2039.6,807.9,2025.5,937.4,2024.0,1057.1,2047.3,1192.0,2017.8,1328.4,2021.0,1449.6,2028.3,1403.9,2044.5,1197.2,2097.7,1058.7,2122.7,938.2,2108.8,724.4,2051.0,724.4,2051.0,935.0,2114.2,1055.8,2125.8,1192.7,2102.4,1403.9,2044.5,1449.6,2028.3,1330.5,2148.7,1200.2,2222.3,1058.4,2247.7,933.4,2237.5,798.8,2175.2,675.1,2039.6
153.0,2.533,674.5,2038.5,808.9,2025.7,939.5,2024.0,1057.4,2047.1,1190.1,2017.8,1326.8,2021.2,1449.1,2027.2,1403.7,2043.4,1195.3,2098.0,1059.0,2122.8,940.3,2109.2,723.8,2050.0,723.8,2050.0,937.2,2113.2,1056.3,2124.7,1190.9,2102.0,1403.7,2043.4,1449.1,2027.2,1329.1,2149.3,1198.4,2222.1,1059.0,2246.7,935.6,2236.7,799.8,2174.4,674.5,2038.5
154.0,2.55,675.2,2038.5,810.1,2026.6,941.4,2024.0,1058.1,2047.1,1189.3,2017.8,1326.4,2021.1,1449.8,2026.7,1404.1,2043.1,1194.4,2098.1,1059.5,2122.9,942.0,2109.6,724.4,2049.9,724.4,2049.9,939.2,2112.7,1057.0,2124.3,1189.9,2101.9,1404.1,2043.1,1449.8,2026.7,1328.8,2149.8,1197.5,2222.8,1059.7,2247.4,937.4,2237.4,801.4,2174.8,675.2,2038.5
155.0,2.567,674.4,2039.9,807.7,2027.0,938.3,2024.9,1055.3,2048.3,1186.9,2019.0,1323.8,2022.9,1446.7,2029.3,1401.1,2045.0,1192.2,2099.7,1057.0,2124.0,939.1,2110.4,723.7,2051.1,723.7,2051.1,936.5,2113.3,1054.8,2124.8,1188.4,2102.7,1401.1,2045.0,1446.7,2029.3,1326.9,2150.7,1195.9,2222.8,1057.5,2246.9,934.8,2237.0,799.1,2174.9,674.4,2039.9
156.0,2.583,672.6,2043.5,807.2,2030.3,937.6,2027.8,1052.9,2050.9,1182.3,2021.7,1318.6,2026.2,1441.7,2032.6,1396.1,2048.7,1187.5,2101.7,1054.5,2126.1,938.4,2113.0,721.6,2054.9,721.6,2054.9,935.5,2115.6,1052.0,2127.0,1183.1,2105.4,1396.1,2048.7,1441.7,2032.6,1321.3,2154.9,1190.7,2225.6,1054.7,2249.3,933.7,2239.4,798.3,2177.6,672.6,2043.5
157.0,2.6,671.7,2047.8,805.9,2033.7,936.9,2030.8,1048.6,2054.2,1173.4,2025.8,1311.0,2031.9,1435.9,2040.5,1390.4,2055.4,1178.2,2105.6,1050.0,2128.9,937.1,2115.7,720.7,2058.8,720.7,2058.8,934.9,2119.5,1048.3,2131.1,1174.7,2111.5,1390.4,2055.4,1435.9,2040.5,1314.5,2163.4,1182.3,2230.6,1050.8,2252.2,932.9,2242.0,797.1,2180.7,671.7,2047.8
158.0,2.617,674.9,2055.7,808.6,2040.6,938.3,2036.4,1048.5,2059.6,1171.2,2031.5,1306.6,2039.4,1429.5,2048.7,1384.5,2063.8,1175.7,2111.4,1049.5,2134.1,938.3,2121.2,723.8,2066.8,723.8,2066.8,935.8,2124.0,1047.6,2135.6,1171.8,2117.0,1384.5,2063.8,1429.5,2048.7,1309.8,2171.3,1179.8,2236.8,1050.4,2257.5,934.0,2247.3,799.5,2186.6,674.9,2055.7
159.0,2.633,684.2,2068.3,814.1,2047.2,942.0,2039.3,1049.8,2063.1,1169.0,2035.3,1302.6,2047.3,1422.0,2062.5,1377.0,2075.8,1173.5,2118.1,1050.8,2139.3,941.9,2126.8,733.3,2078.2,733.3,2078.2,940.3,2127.3,1049.8,2138.7,1170.6,2121.5,1377.0,2075.8,1422.0,2062.5,1306.6,2181.8,1178.8,2243.6,1052.8,2262.9,938.4,2252.8,805.8,2194.3,684.2,2068.3
160.0,2.65,691.9,2082.6,818.1,2054.6,945.0,2043.4,1051.5,2067.7,1169.4,2039.7,1301.1,2056.0,1416.7,2076.9,1371.5,2089.4,1174.6,2126.3,1053.0,2146.5,945.4,2134.5,740.7,2092.1,740.7,2092.1,943.8,2131.4,1052.0,2142.4,1171.8,2125.4,1371.5,2089.4,1416.7,2076.9,1304.8,2192.3,1179.1,2250.7,1054.3,2269.5,940.8,2259.7,809.3,2203.3,691.9,2082.6
161.0,2.667,701.8,2098.8,823.8,2063.1,947.7,2045.5,1054.1,2069.8,1171.4,2042.7,1300.0,2063.9,1410.4,2093.0,1364.7,2105.1,1176.1,2131.8,1055.1,2150.4,947.4,2139.0,750.7,2107.8,750.7,2107.8,944.3,2135.2,1052.4,2146.3,1171.6,2130.3,1364.7,2105.1,1410.4,2093.0,1302.0,2201.9,1179.2,2256.3,1054.8,2274.0,941.6,2264.0,814.6,2211.1,701.8,2098.8
162.0,2.683,709.4,2112.3,827.4,2069.6,949.4,2048.1,1056.1,2072.5,1173.8,2045.5,1298.7,2070.6,1403.8,2105.9,1358.2,2117.7,1178.8,2136.0,1057.4,2153.4,949.5,2142.2,758.1,2121.1,758.1,2121.1,945.7,2140.5,1054.0,2151.1,1173.9,2134.9,1358.2,2117.7,1403.8,2105.9,1300.1,2209.2,1181.7,2260.9,1056.8,2278.4,943.3,2269.2,818.1,2219.7,709.4,2112.3
163.0,2.7,716.0,2122.6,832.6,2075.7,952.9,2050.5,1058.7,2074.7,1175.3,2048.5,1298.3,2076.3,1400.5,2116.0,1354.8,2127.7,1179.9,2140.2,1059.7,2156.6,952.4,2145.8,764.8,2131.4,764.8,2131.4,947.8,2143.1,1055.2,2153.8,1174.0,2138.2,1354.8,2127.7,1400.5,2116.0,1298.5,2215.3,1181.9,2264.3,1058.0,2281.0,945.5,2271.8,822.8,2224.7,716.0,2122.6
164.0,2.717,721.0,2131.7,835.6,2079.4,954.8,2053.4,1059.4,2077.5,1174.2,2051.2,1296.2,2080.6,1396.3,2124.4,1350.7,2135.1,1179.4,2143.8,1060.9,2160.0,954.9,2149.8,770.0,2139.5,770.0,2139.5,950.9,2146.2,1057.0,2156.3,1174.0,2140.7,1350.7,2135.1,1396.3,2124.4,1297.1,2220.7,1181.8,2267.3,1059.9,2283.8,948.5,2274.9,826.4,2230.0,721.0,2131.7
165.0,2.733,723.2,2137.7,838.2,2083.3,957.3,2054.9,1060.2,2078.4,1172.6,2052.2,1293.8,2083.6,1393.8,2129.0,1347.9,2139.8,1177.9,2145.5,1061.7,2161.4,957.7,2152.0,772.4,2145.4,772.4,2145.4,953.8,2147.5,1058.0,2157.2,1172.6,2142.1,1347.9,2139.8,1393.8,2129.0,1295.0,2224.7,1181.0,2269.2,1061.6,2285.0,952.0,2277.0,829.8,2233.9,723.2,2137.7
166.0,2.75,723.8,2141.9,837.6,2085.9,956.2,2055.5,1058.6,2079.2,1170.6,2052.8,1291.0,2085.7,1390.0,2133.1,1343.9,2143.7,1175.8,2146.8,1060.0,2162.4,956.4,2153.1,773.0,2149.5,773.0,2149.5,952.6,2148.0,1056.4,2157.5,1170.7,2142.7,1343.9,2143.7,1390.0,2133.1,1292.1,2227.1,1179.2,2270.8,1060.0,2286.7,950.8,2278.8,829.3,2236.9,723.8,2141.9
167.0,2.767,723.5,2145.0,837.3,2085.7,955.5,2055.7,1056.3,2079.3,1166.0,2053.0,1286.7,2085.9,1386.8,2135.7,1340.0,2146.1,1171.7,2147.4,1058.2,2162.8,956.3,2154.1,772.6,2152.4,772.6,2152.4,952.3,2149.5,1054.3,2158.4,1166.3,2143.9,1340.0,2146.1,1386.8,2135.7,1288.0,2228.7,1174.5,2271.5,1057.5,2287.1,950.0,2279.3,829.0,2238.2,723.5,2145.0
168.0,2.783,723.5,2144.6,836.7,2086.5,955.0,2055.9,1055.6,2079.8,1165.4,2053.0,1284.9,2087.2,1383.1,2136.5,1336.6,2146.4,1171.1,2148.3,1057.3,2164.1,955.6,2155.1,772.6,2151.7,772.6,2151.7,952.3,2147.0,1054.2,2155.9,1166.3,2140.9,1336.6,2146.4,1383.1,2136.5,1286.0,2229.3,1174.1,2270.8,1057.2,2286.7,949.7,2278.8,828.5,2238.1,723.5,2144.6
169.0,2.8,722.7,2145.3,836.7,2086.7,955.2,2054.9,1054.7,2078.4,1162.7,2051.7,1282.4,2086.3,1382.5,2136.1,1335.7,2146.5,1168.2,2147.3,1056.3,2163.0,955.7,2154.4,772.1,2152.3,772.1,2152.3,952.0,2146.6,1052.7,2155.3,1162.7,2141.0,1335.7,2146.5,1382.5,2136.1,1283.6,2230.1,1171.1,2271.7,1055.9,2287.1,949.7,2279.6,828.5,2239.2,722.7,2145.3
170.0,2.817,724.3,2145.2,835.8,2085.9,953.7,2053.1,1053.2,2077.0,1161.5,2050.3,1281.1,2086.3,1380.3,2137.1,1333.3,2146.7,1167.0,2145.6,1054.9,2160.7,954.4,2152.0,773.5,2151.7,773.5,2151.7,951.7,2146.1,1052.5,2155.0,1163.0,2140.6,1333.3,2146.7,1380.3,2137.1,1283.1,2229.8,1171.4,2271.5,1055.8,2287.0,949.3,2279.5,828.6,2239.0,724.3,2145.2
171.0,2.833,722.5,2145.1,836.1,2083.8,954.0,2052.7,1052.8,2076.2,1159.7,2049.6,1279.4,2084.1,1378.8,2135.9,1331.8,2145.9,1165.8,2145.6,1055.1,2161.3,955.1,2153.1,772.1,2152.2,772.1,2152.2,951.9,2145.3,1051.9,2153.6,1160.9,2139.1,1331.8,2145.9,1378.8,2135.9,1281.4,2229.0,1169.5,2269.9,1055.5,2285.3,949.8,2278.0,828.5,2238.7,722.5,2145.1
172.0,2.85,722.3,2145.7,835.0,2083.5,952.7,2051.9,1051.0,2075.6,1157.4,2048.8,1276.8,2083.6,1375.8,2136.0,1328.8,2145.5,1163.6,2145.3,1053.4,2160.9,953.9,2152.7,771.9,2152.2,771.9,2152.2,951.0,2144.1,1050.5,2152.3,1159.0,2138.1,1328.8,2145.5,1375.8,2136.0,1279.2,2228.8,1167.6,2269.7,1054.0,2285.0,948.7,2277.8,827.7,2238.5,722.3,2145.7
173.0,2.867,721.2,2145.2,833.9,2083.5,951.7,2051.8,1049.7,2075.6,1155.9,2049.1,1275.7,2083.5,1375.2,2135.8,1328.1,2145.5,1162.1,2145.6,1052.2,2161.0,952.9,2152.6,770.6,2152.1,770.6,2152.1,949.6,2144.1,1048.9,2152.4,1157.2,2138.3,1328.1,2145.5,1375.2,2135.8,1277.9,2228.6,1165.9,2269.6,1052.5,2284.8,947.4,2277.5,826.5,2238.3,721.2,2145.2
174.0,2.883,721.4,2145.8,832.8,2084.4,950.6,2051.1,1048.9,2074.9,1155.7,2048.2,1274.9,2084.6,1373.8,2137.5,1326.7,2147.0,1161.5,2144.6,1051.0,2159.8,951.5,2151.3,770.7,2152.3,770.7,2152.3,948.5,2143.7,1048.2,2152.1,1157.1,2137.8,1326.7,2147.0,1373.8,2137.5,1276.7,2229.8,1165.6,2269.8,1051.5,2285.1,946.1,2278.0,825.4,2239.3,721.4,2145.8
175.0,2.9,722.0,2146.5,834.2,2083.0,951.9,2050.3,1050.0,2074.4,1156.1,2047.8,1275.8,2083.5,1375.0,2137.9,1327.6,2147.5,1162.4,2145.8,1052.4,2161.1,953.0,2152.8,771.5,2153.3,771.5,2153.3,949.6,2142.3,1048.8,2150.5,1157.1,2136.4,1327.6,2147.5,1375.0,2137.9,1277.4,2229.2,1165.4,2269.4,1052.0,2284.8,946.8,2277.4,826.3,2238.7,722.0,2146.5
176.0,2.917,723.2,2146.9,835.8,2083.2,953.3,2050.2,1051.1,2073.8,1156.7,2047.4,1276.4,2082.9,1375.6,2137.2,1328.4,2147.0,1162.8,2145.1,1053.4,2160.4,954.3,2152.4,773.0,2153.5,773.0,2153.5,950.6,2142.5,1049.6,2150.6,1157.3,2136.7,1328.4,2147.0,1375.6,2137.2,1277.9,2229.2,1166.0,2269.3,1053.1,2284.3,948.2,2277.2,828.0,2238.9,723.2,2146.9
177.0,2.933,724.3,2146.7,837.2,2083.6,954.4,2050.2,1052.2,2073.8,1157.8,2047.4,1277.1,2083.1,1376.3,2137.3,1328.7,2147.5,1163.8,2145.4,1054.4,2160.7,955.3,2152.7,774.0,2153.7,774.0,2153.7,951.1,2141.7,1050.0,2149.9,1157.6,2135.8,1328.7,2147.5,1376.3,2137.3,1277.9,2228.8,1166.1,2268.7,1053.3,2283.8,948.7,2276.6,829.1,2238.6,724.3,2146.7
178.0,2.95,725.7,2147.4,837.7,2083.7,954.8,2050.3,1053.1,2074.0,1159.4,2047.0,1277.9,2083.4,1375.8,2138.1,1328.6,2147.8,1165.5,2144.8,1055.2,2160.3,955.8,2152.2,775.2,2154.1,775.2,2154.1,952.2,2141.9,1051.5,2150.0,1160.1,2135.5,1328.6,2147.8,1375.8,2138.1,1279.0,2228.7,1168.4,2268.2,1054.8,2283.8,949.7,2276.6,829.8,2239.1,725.7,2147.4
179.0,2.967,726.4,2148.2,838.3,2084.5,955.0,2050.8,1053.4,2074.5,1160.2,2047.4,1278.5,2083.9,1376.4,2138.7,1329.0,2148.4,1165.8,2144.6,1055.3,2160.3,955.6,2152.2,775.8,2154.6,775.8,2154.6,951.9,2143.2,1051.5,2151.5,1160.3,2137.0,1329.0,2148.4,1376.4,2138.7,1279.3,2229.4,1168.3,2269.4,1054.4,2285.1,949.1,2277.7,830.1,2239.4,726.4,2148.2
180.0,2.983,727.0,2149.1,838.9,2084.6,955.9,2051.4,1054.1,2075.1,1160.3,2048.2,1278.6,2084.5,1376.8,2139.4,1329.4,2149.0,1166.5,2145.2,1056.4,2160.7,957.0,2152.7,776.3,2155.5,776.3,2155.5,953.5,2143.9,1052.8,2151.9,1161.1,2137.6,1329.4,2149.0,1376.8,2139.4,1280.1,2229.8,1169.4,2269.7,1056.0,2285.1,950.9,2278.1,831.1,2240.3,727.0,2149.1
181.0,3.0,728.2,2149.9,840.3,2085.1,956.9,2051.9,1055.2,2075.6,1161.5,2048.8,1279.8,2084.8,1377.8,2139.9,1330.4,2149.4,1167.6,2145.3,1057.5,2160.9,958.1,2152.9,777.6,2156.2,777.6,2156.2,954.7,2145.3,1053.9,2153.4,1162.4,2139.0,1330.4,2149.4,1377.8,2139.9,1281.3,2229.8,1170.7,2270.1,1057.2,2285.7,952.2,2278.6,832.7,2240.8,728.2,2149.9
182.0,3.017,729.2,2150.2,841.4,2085.2,957.8,2052.0,1055.9,2075.7,1161.9,2049.0,1280.4,2085.2,1378.1,2140.7,1330.8,2150.0,1167.8,2145.5,1058.0,2160.9,958.7,2153.0,778.7,2156.4,778.7,2156.4,955.5,2145.3,1054.6,2153.5,1162.8,2139.3,1330.8,2150.0,1378.1,2140.7,1281.9,2230.6,1171.3,2270.3,1058.1,2285.7,953.2,2278.5,833.8,2240.8,729.2,2150.2
183.0,3.033,728.9,2151.2,841.2,2086.1,957.5,2052.5,1055.9,2076.0,1162.4,2049.4,1280.9,2085.7,1378.7,2141.2,1331.4,2151.0,1168.1,2145.6,1057.8,2161.0,958.2,2153.2,778.3,2157.6,778.3,2157.6,954.4,2146.8,1053.9,2155.1,1162.5,2140.9,1331.4,2151.0,1378.7,2141.2,1281.9,2231.2,1170.9,2271.2,1057.2,2286.5,952.0,2279.2,833.3,2241.2,728.9,2151.2
184.0,3.05,728.8,2151.4,841.0,2085.9,957.9,2052.1,1055.8,2075.5,1161.6,2049.1,1280.5,2085.5,1379.1,2141.2,1331.5,2150.7,1167.7,2146.3,1058.1,2161.4,959.0,2153.7,778.6,2157.5,778.6,2157.5,955.5,2145.9,1054.6,2153.9,1162.5,2140.1,1331.5,2150.7,1379.1,2141.2,1282.3,2231.2,1171.2,2271.1,1058.2,2286.1,953.4,2279.2,833.8,2241.6,728.8,2151.4
185.0,3.067,729.7,2152.0,841.3,2086.1,957.4,2052.0,1055.8,2075.5,1162.3,2048.8,1280.3,2085.6,1378.5,2141.5,1330.6,2151.4,1168.3,2146.5,1058.0,2161.7,958.5,2153.9,779.3,2158.2,779.3,2158.2,954.3,2146.4,1053.6,2154.5,1162.2,2140.3,1330.6,2151.4,1378.5,2141.5,1281.3,2231.5,1170.4,2272.1,1056.8,2287.3,951.7,2280.3,833.2,2242.3,729.7,2152.0
186.0,3.083,729.6,2152.3,841.9,2086.6,958.2,2052.8,1056.4,2076.2,1162.8,2049.4,1281.0,2085.8,1378.9,2141.6,1331.1,2151.5,1168.9,2146.5,1058.6,2162.1,959.3,2154.5,779.0,2158.8,779.0,2158.8,955.3,2146.7,1054.4,2154.8,1163.0,2140.3,1331.1,2151.5,1378.9,2141.6,1281.9,2231.3,1171.1,2271.3,1057.5,2287.0,952.6,2279.8,833.8,2242.3,729.6,2152.3
187.0,3.1,729.7,2152.3,841.7,2087.8,958.3,2053.4,1056.3,2076.9,1162.3,2049.9,1280.6,2086.8,1378.9,2142.1,1331.3,2151.7,1168.0,2146.7,1058.0,2162.3,959.0,2154.5,779.2,2158.2,779.2,2158.2,955.6,2147.1,1054.5,2155.4,1162.6,2141.1,1331.3,2151.7,1378.9,2142.1,1281.7,2232.6,1170.6,2272.4,1057.4,2287.9,952.8,2280.7,833.8,2242.7,729.7,2152.3
188.0,3.117,728.7,2153.2,841.5,2088.3,958.7,2054.2,1056.3,2077.6,1162.0,2050.5,1280.7,2087.2,1379.3,2142.6,1331.7,2152.2,1168.0,2147.7,1058.4,2163.4,959.7,2155.7,778.2,2159.4,778.2,2159.4,956.4,2147.2,1055.0,2155.3,1162.8,2140.9,1331.7,2152.2,1379.3,2142.6,1282.1,2233.3,1170.9,2273.0,1058.1,2288.5,953.6,2281.5,833.7,2243.9,728.7,2153.2
189.0,3.133,730.2,2154.3,841.1,2090.8,957.8,2054.9,1055.8,2078.3,1162.2,2051.5,1280.2,2089.1,1378.1,2143.8,1330.2,2153.5,1168.0,2148.2,1057.7,2163.4,958.6,2155.6,779.6,2160.3,779.6,2160.3,955.5,2147.6,1054.7,2155.9,1163.3,2141.5,1330.2,2153.5,1378.1,2143.8,1281.7,2233.6,1171.8,2273.5,1058.1,2289.1,953.2,2282.4,834.1,2245.1,730.2,2154.3
190.0,3.15,730.4,2156.0,841.4,2090.5,957.5,2056.2,1055.9,2079.8,1162.6,2052.9,1280.8,2089.5,1378.4,2145.4,1330.6,2154.9,1168.7,2150.3,1058.2,2165.6,958.6,2157.8,779.9,2161.9,779.9,2161.9,955.0,2149.8,1054.5,2158.0,1163.4,2143.5,1330.6,2154.9,1378.4,2145.4,1282.2,2234.7,1171.5,2275.1,1057.6,2290.7,952.3,2283.6,833.7,2245.9,730.4,2156.0
191.0,3.167,731.3,2156.4,841.4,2092.5,958.2,2057.0,1055.8,2081.2,1161.9,2054.3,1280.3,2091.3,1378.7,2146.6,1330.6,2155.9,1167.8,2151.3,1057.9,2166.1,959.2,2158.0,780.6,2162.1,780.6,2162.1,956.5,2151.0,1055.2,2159.3,1163.6,2145.0,1330.6,2155.9,1378.7,2146.6,1282.1,2235.6,1171.5,2276.5,1058.0,2292.3,953.6,2285.2,834.4,2247.3,731.3,2156.4
192.0,3.183,731.2,2158.4,841.8,2092.1,958.2,2057.9,1056.3,2081.6,1162.8,2054.7,1281.2,2091.0,1379.0,2147.2,1331.1,2156.6,1169.2,2151.6,1058.9,2166.7,959.7,2158.9,780.7,2164.3,780.7,2164.3,956.7,2152.7,1055.9,2160.7,1164.7,2146.0,1331.1,2156.6,1379.0,2147.2,1283.5,2236.1,1173.1,2276.9,1059.2,2292.8,954.2,2286.0,834.9,2248.6,731.2,2158.4
193.0,3.2,731.8,2158.4,842.4,2093.7,959.1,2058.5,1056.9,2082.2,1163.2,2055.3,1281.5,2092.2,1379.5,2147.6,1331.6,2157.0,1169.2,2152.4,1059.2,2167.5,960.3,2159.7,781.3,2164.2,781.3,2164.2,957.4,2152.5,1056.4,2160.7,1164.9,2146.3,1331.6,2157.0,1379.5,2147.6,1283.6,2237.2,1173.2,2277.8,1059.6,2293.6,954.9,2286.6,835.6,2249.0,731.8,2158.4
194.0,3.217,730.6,2159.5,842.4,2093.7,959.5,2059.7,1057.0,2083.1,1162.6,2056.0,1281.2,2092.1,1380.1,2147.5,1332.1,2157.5,1169.3,2153.5,1059.8,2168.8,961.2,2161.4,780.0,2165.8,780.0,2165.8,957.9,2153.4,1056.4,2161.0,1164.2,2146.4,1332.1,2157.5,1380.1,2147.5,1283.3,2237.5,1172.6,2278.0,1059.8,2293.7,955.4,2287.2,835.3,2250.2,730.6,2159.5
195.0,3.233,730.5,2159.8,842.0,2094.3,958.7,2060.1,1057.1,2083.7,1163.8,2056.6,1282.2,2093.1,1380.4,2148.5,1332.5,2158.5,1170.2,2153.9,1059.6,2169.3,960.2,2161.6,780.0,2166.2,780.0,2166.2,956.7,2154.4,1056.1,2162.3,1165.0,2147.6,1332.5,2158.5,1380.4,2148.5,1283.9,2238.3,1173.3,2278.8,1059.4,2294.6,954.3,2287.8,834.7,2250.3,730.5,2159.8
196.0,3.25,730.7,2160.0,841.2,2095.1,957.5,2061.0,1056.4,2084.9,1163.6,2057.9,1282.2,2094.3,1379.9,2149.7,1332.1,2159.1,1169.8,2154.8,1058.8,2170.0,958.8,2161.9,780.3,2165.9,780.3,2165.9,955.8,2155.9,1055.7,2164.2,1165.2,2149.7,1332.1,2159.1,1379.9,2149.7,1284.3,2239.2,1173.8,2280.2,1059.2,2295.9,953.6,2288.8,834.4,2250.7,730.7,2160.0
197.0,3.267,730.7,2160.5,841.4,2096.4,958.1,2061.1,1056.5,2085.1,1163.5,2058.1,1282.0,2095.2,1379.9,2150.3,1331.9,2160.2,1169.4,2155.3,1058.7,2170.4,959.1,2162.3,779.9,2166.9,779.9,2166.9,955.8,2154.6,1055.4,2163.1,1164.6,2148.7,1331.9,2160.2,1379.9,2150.3,1283.6,2240.0,1173.1,2280.8,1058.6,2296.6,953.3,2289.4,834.3,2251.5,730.7,2160.5
198.0,3.283,731.0,2160.1,841.4,2096.6,958.2,2061.4,1056.4,2085.7,1162.9,2058.7,1281.7,2095.6,1379.8,2150.7,1331.7,2160.2,1168.8,2156.3,1058.5,2171.2,959.3,2163.0,780.5,2166.3,780.5,2166.3,956.4,2154.9,1055.6,2163.4,1164.5,2149.0,1331.7,2160.2,1379.8,2150.7,1283.5,2240.6,1172.9,2281.4,1058.9,2297.2,953.9,2290.0,834.5,2251.9,731.0,2160.1
199.0,3.3,731.6,2160.6,842.5,2096.4,959.5,2061.2,1057.8,2085.4,1164.2,2058.6,1283.3,2095.5,1381.7,2150.9,1333.5,2160.4,1170.2,2155.9,1060.0,2170.8,960.6,2162.6,781.2,2166.7,781.2,2166.7,957.7,2155.5,1057.0,2164.1,1165.7,2150.1,1333.5,2160.4,1381.7,2150.9,1285.3,2241.0,1174.5,2281.9,1060.6,2297.5,955.5,2290.4,835.9,2252.2,731.6,2160.6
200.0,3.317,732.8,2161.2,843.5,2095.3,960.3,2061.5,1059.3,2085.3,1166.8,2058.1,1285.2,2094.2,1382.4,2150.0,1334.7,2159.6,1173.3,2155.0,1062.0,2170.3,962.0,2162.3,782.5,2167.3,782.5,2167.3,959.0,2156.9,1059.1,2164.9,1168.9,2150.0,1334.7,2159.6,1382.4,2150.0,1287.7,2239.6,1177.7,2280.8,1062.9,2296.8,957.0,2290.1,836.9,2252.6,732.8,2161.2
201.0,3.333,734.3,2159.8,846.0,2094.4,963.1,2060.8,1061.3,2084.4,1167.8,2057.3,1286.4,2093.7,1384.3,2149.1,1336.7,2158.4,1174.3,2154.2,1064.0,2169.4,964.7,2161.6,784.0,2166.0,784.0,2166.0,962.1,2155.0,1061.4,2163.0,1170.2,2148.5,1336.7,2158.4,1384.3,2149.1,1289.2,2239.0,1179.0,2279.2,1065.3,2294.8,960.1,2288.1,839.5,2250.8,734.3,2159.8
202.0,3.35,735.7,2159.4,846.8,2094.6,963.8,2059.6,1062.1,2083.7,1168.6,2056.8,1287.8,2093.8,1386.0,2149.4,1338.2,2158.6,1174.6,2154.6,1064.3,2169.4,964.9,2161.4,785.5,2165.3,785.5,2165.3,962.2,2153.7,1061.6,2162.2,1170.4,2148.2,1338.2,2158.6,1386.0,2149.4,1290.2,2239.2,1179.2,2279.9,1065.3,2295.3,960.1,2288.1,840.3,2250.0,735.7,2159.4
203.0,3.367,736.0,2158.5,847.1,2094.8,964.6,2059.7,1062.9,2083.5,1169.5,2056.3,1288.2,2093.5,1386.1,2148.2,1338.4,2157.4,1175.5,2153.0,1065.1,2168.0,965.8,2160.0,785.8,2164.2,785.8,2164.2,963.7,2154.2,1063.2,2162.6,1172.0,2148.4,1338.4,2157.4,1386.1,2148.2,1291.3,2238.9,1181.2,2279.5,1067.2,2295.1,962.0,2288.4,841.2,2250.5,736.0,2158.5
204.0,3.383,735.5,2158.9,847.2,2092.6,964.1,2059.0,1062.5,2082.7,1168.8,2055.6,1287.8,2091.8,1386.1,2147.8,1338.3,2157.0,1175.3,2152.9,1065.2,2168.2,965.7,2160.5,785.4,2164.7,785.4,2164.7,963.0,2153.3,1062.4,2161.3,1171.0,2147.0,1338.3,2157.0,1386.1,2147.8,1290.7,2237.5,1179.9,2278.2,1066.2,2293.8,960.9,2287.1,840.7,2249.4,735.5,2158.9
205.0,3.4,736.3,2157.9,847.7,2091.8,964.2,2058.3,1062.6,2082.0,1169.2,2054.8,1287.7,2091.2,1385.5,2147.0,1337.8,2156.3,1175.6,2151.5,1065.2,2166.8,965.8,2159.0,785.8,2163.8,785.8,2163.8,962.9,2153.0,1062.4,2161.1,1171.1,2146.7,1337.8,2156.3,1385.5,2147.0,1290.3,2236.5,1179.8,2277.0,1066.0,2292.6,960.7,2285.7,840.9,2247.9,736.3,2157.9
206.0,3.417,737.3,2157.4,847.9,2091.4,964.8,2057.2,1062.8,2081.0,1169.1,2053.6,1287.6,2090.5,1385.5,2146.3,1337.9,2155.2,1175.5,2150.3,1065.4,2165.5,966.4,2157.8,786.7,2162.8,786.7,2162.8,964.2,2152.3,1063.3,2160.4,1171.8,2145.9,1337.9,2155.2,1385.5,2146.3,1290.6,2235.9,1180.3,2276.4,1066.7,2292.1,961.7,2285.3,841.5,2247.6,737.3,2157.4
207.0,3.433,736.9,2156.8,847.7,2091.2,964.6,2056.7,1062.5,2080.6,1168.6,2053.5,1287.6,2090.4,1385.7,2146.4,1338.0,2155.4,1174.7,2150.6,1064.8,2165.8,965.7,2158.0,786.4,2162.2,786.4,2162.2,963.0,2151.3,1062.1,2159.7,1170.3,2145.4,1338.0,2155.4,1385.7,2146.4,1289.8,2236.3,1178.7,2276.4,1065.4,2291.8,960.4,2284.7,840.8,2246.6,736.9,2156.8
208.0,3.45,736.2,2156.7,847.4,2090.9,964.7,2056.6,1062.4,2080.4,1168.0,2053.3,1287.2,2090.1,1385.8,2146.0,1338.1,2155.0,1174.5,2150.5,1065.0,2165.7,966.2,2158.0,785.7,2162.3,785.7,2162.3,963.6,2150.8,1062.4,2158.8,1170.2,2144.7,1338.1,2155.0,1385.8,2146.0,1289.9,2235.9,1178.7,2275.9,1065.9,2291.3,961.1,2284.4,840.8,2246.8,736.2,2156.7
209.0,3.467,736.5,2156.6,847.9,2090.2,965.0,2056.4,1062.3,2080.3,1167.6,2053.1,1286.3,2089.8,1384.8,2145.8,1337.1,2155.0,1174.1,2150.7,1065.0,2165.8,966.6,2158.1,786.0,2162.4,786.0,2162.4,963.7,2150.8,1062.2,2158.7,1169.7,2144.6,1337.1,2155.0,1384.8,2145.8,1288.9,2235.9,1178.0,2275.9,1065.5,2291.2,961.2,2284.4,840.9,2246.7,736.5,2156.6
210.0,3.483,737.0,2156.5,847.0,2091.7,963.7,2056.3,1061.8,2080.2,1168.1,2053.2,1286.6,2090.7,1384.7,2146.1,1336.7,2155.1,1174.2,2150.1,1064.0,2165.0,964.9,2157.1,786.3,2161.8,786.3,2161.8,962.4,2151.1,1061.6,2159.5,1170.2,2145.3,1336.7,2155.1,1384.7,2146.1,1289.1,2235.5,1178.6,2276.1,1064.8,2291.6,959.9,2284.6,840.5,2246.6,737.0,2156.5
211.0,3.5,735.6,2157.4,846.2,2090.7,963.1,2056.1,1061.2,2079.9,1167.3,2052.7,1286.1,2089.4,1384.4,2145.9,1336.5,2155.0,1173.9,2149.9,1063.9,2165.1,964.8,2157.5,785.0,2162.8,785.0,2162.8,962.1,2151.8,1061.2,2159.7,1169.6,2145.3,1336.5,2155.0,1384.4,2145.9,1288.9,2235.3,1178.2,2276.0,1064.7,2291.6,959.7,2285.0,839.7,2247.4,735.6,2157.4
212.0,3.517,733.9,2156.9,844.5,2091.5,961.7,2056.0,1059.9,2079.9,1166.1,2052.7,1285.4,2089.8,1383.9,2146.0,1335.7,2154.9,1172.4,2149.9,1062.3,2165.1,963.1,2157.3,783.4,2162.3,783.4,2162.3,960.9,2150.9,1060.2,2159.1,1168.7,2144.7,1335.7,2154.9,1383.9,2146.0,1288.3,2235.5,1177.3,2275.9,1063.7,2291.6,958.6,2284.8,838.4,2247.2,733.9,2156.9
213.0,3.533,733.6,2155.4,844.0,2091.5,961.6,2055.4,1058.7,2079.6,1164.0,2052.5,1283.1,2090.1,1382.3,2145.5,1333.9,2154.6,1170.0,2149.9,1060.9,2164.9,962.7,2156.9,782.9,2160.9,782.9,2160.9,960.5,2149.8,1058.8,2158.2,1166.4,2144.2,1333.9,2154.6,1382.3,2145.5,1285.7,2235.6,1174.8,2276.1,1062.1,2291.6,957.9,2284.7,837.9,2246.6,733.6,2155.4
214.0,3.55,732.4,2155.4,842.3,2092.0,959.6,2055.6,1057.9,2079.8,1164.7,2052.6,1283.4,2090.2,1381.7,2145.2,1333.5,2154.6,1170.7,2150.0,1060.1,2165.1,960.8,2157.0,781.6,2160.9,781.6,2160.9,958.2,2150.0,1057.5,2158.5,1166.6,2143.9,1333.5,2154.6,1381.7,2145.2,1285.4,2235.0,1174.9,2276.1,1060.7,2292.1,955.4,2285.1,835.8,2246.9,732.4,2155.4
215.0,3.567,732.2,2155.4,842.1,2091.5,959.6,2055.4,1057.9,2079.6,1164.7,2052.5,1283.8,2090.2,1382.0,2145.5,1333.9,2154.6,1170.8,2149.8,1060.2,2164.6,960.9,2156.6,781.6,2161.0,781.6,2161.0,958.8,2150.2,1058.3,2158.7,1167.4,2144.3,1333.9,2154.6,1382.0,2145.5,1286.5,2235.3,1176.0,2276.1,1061.8,2291.9,956.4,2285.0,836.2,2246.9,732.2,2155.4
216.0,3.583,732.2,2156.5,842.4,2090.4,959.2,2055.7,1058.1,2079.7,1165.2,2052.4,1284.1,2089.3,1381.9,2145.5,1334.0,2154.7,1171.7,2150.0,1060.8,2165.2,960.9,2157.4,781.7,2162.0,781.7,2162.0,958.5,2150.9,1058.4,2159.0,1167.8,2144.4,1334.0,2154.7,1381.9,2145.5,1287.0,2234.9,1176.5,2276.0,1062.0,2291.9,956.2,2285.0,836.2,2247.1,732.2,2156.5
217.0,3.6,732.3,2156.3,843.6,2090.6,960.7,2055.8,1058.9,2079.7,1165.1,2052.6,1284.1,2089.6,1382.0,2145.7,1334.2,2155.0,1171.4,2150.2,1061.4,2165.3,962.1,2157.5,782.0,2162.2,782.0,2162.2,959.5,2150.5,1058.9,2158.7,1167.2,2144.4,1334.2,2155.0,1382.0,2145.7,1286.7,2235.6,1176.1,2275.8,1062.6,2291.3,957.4,2284.4,837.1,2246.8,732.3,2156.3
218.0,3.617,733.5,2155.8,843.6,2091.7,960.3,2055.7,1059.0,2080.0,1166.1,2053.0,1284.7,2090.8,1382.2,2146.5,1334.2,2155.6,1171.7,2150.4,1060.9,2165.4,961.1,2157.1,783.1,2161.4,783.1,2161.4,958.4,2150.9,1058.4,2159.8,1167.6,2145.7,1334.2,2155.6,1382.2,2146.5,1286.8,2236.5,1176.3,2277.1,1061.8,2292.7,956.2,2285.3,837.1,2246.8,733.5,2155.8
219.0,3.633,732.9,2155.9,843.5,2091.7,960.4,2056.0,1059.0,2080.0,1165.9,2052.5,1284.4,2090.3,1382.1,2145.7,1334.5,2154.8,1171.5,2149.5,1060.7,2165.0,961.1,2156.8,782.4,2161.2,782.4,2161.2,958.4,2152.8,1058.2,2161.6,1167.2,2147.3,1334.5,2154.8,1382.1,2145.7,1286.4,2237.7,1175.7,2278.7,1061.5,2294.3,956.0,2287.0,836.5,2247.8,732.9,2155.9
220.0,3.65,730.7,2153.7,842.8,2091.4,961.3,2055.2,1059.7,2079.1,1166.2,2052.3,1286.0,2089.7,1385.4,2144.0,1337.4,2154.6,1171.8,2149.7,1061.4,2165.0,961.9,2156.7,780.3,2160.6,780.3,2160.6,957.9,2155.4,1057.5,2164.5,1166.2,2150.3,1337.4,2154.6,1385.4,2144.0,1287.0,2240.8,1174.8,2283.1,1060.9,2298.5,955.6,2291.0,835.1,2250.2,730.7,2153.7
221.0,3.667,728.0,2147.0,840.6,2089.2,959.9,2052.6,1061.5,2076.1,1171.9,2049.1,1292.0,2086.5,1391.1,2137.5,1343.1,2150.2,1176.6,2146.2,1062.3,2162.5,959.6,2153.6,777.8,2155.2,777.8,2155.2,953.8,2157.8,1056.6,2167.9,1169.4,2152.7,1343.1,2150.2,1391.1,2137.5,1291.0,2242.3,1178.0,2287.8,1060.0,2304.1,951.6,2295.9,831.2,2251.4,728.0,2147.0
222.0,3.683,724.6,2142.2,840.0,2084.9,962.5,2052.4,1065.9,2075.5,1178.6,2047.7,1301.0,2081.6,1400.4,2129.9,1354.0,2142.3,1184.5,2143.1,1067.8,2160.3,963.6,2151.2,775.4,2151.1,775.4,2151.1,960.0,2162.2,1065.0,2171.9,1180.1,2155.3,1354.0,2142.3,1400.4,2129.9,1303.8,2240.1,1190.7,2288.8,1070.6,2306.2,960.0,2298.7,833.0,2253.1,724.6,2142.2
223.0,3.7,718.0,2133.7,838.2,2080.2,965.5,2049.4,1065.3,2072.6,1173.5,2044.9,1299.9,2076.8,1407.2,2121.9,1360.2,2134.5,1179.5,2141.7,1067.4,2158.6,966.7,2149.7,769.2,2143.2,769.2,2143.2,963.8,2156.4,1065.2,2165.5,1175.7,2150.4,1360.2,2134.5,1407.2,2121.9,1304.0,2237.5,1186.3,2286.7,1070.7,2303.0,963.4,2296.2,831.7,2249.1,718.0,2133.7
224.0,3.717,714.4,2121.2,833.8,2053.4,971.6,2013.8,1064.7,2038.6,1162.0,2009.6,1298.4,2049.0,1414.0,2107.7,1363.1,2120.9,1170.2,2132.5,1069.1,2146.4,974.6,2139.5,770.7,2130.4,770.7,2130.4,972.9,2146.2,1068.4,2153.5,1168.7,2141.8,1363.1,2120.9,1414.0,2107.7,1307.5,2253.9,1184.1,2314.4,1077.4,2329.9,974.3,2324.8,831.0,2269.7,714.4,2121.2
225.0,3.733,707.1,2101.6,823.5,2038.0,963.7,2012.3,1063.9,2036.5,1172.3,2008.3,1311.2,2038.0,1423.6,2090.6,1376.7,2104.4,1178.8,2107.7,1066.7,2123.8,966.0,2114.6,759.0,2109.6,759.0,2109.6,963.6,2204.0,1067.0,2215.3,1179.3,2199.2,1376.7,2104.4,1423.6,2090.6,1319.8,2264.3,1189.9,2345.5,1072.0,2364.4,961.7,2355.3,816.4,2278.3,707.1,2101.6
226.0,3.75,696.9,2084.3,815.2,2028.4,961.3,2009.8,1064.4,2033.7,1177.9,2005.8,1321.8,2027.1,1436.6,2072.5,1391.0,2086.3,1184.2,2092.3,1067.4,2109.5,964.2,2099.2,747.2,2092.2,747.2,2092.2,963.6,2229.4,1070.6,2242.0,1188.7,2223.2,1391.0,2086.3,1436.6,2072.5,1332.9,2260.4,1198.5,2353.5,1075.1,2374.7,961.9,2365.1,809.3,2278.7,696.9,2084.3
227.0,3.767,684.4,2067.7,808.4,2019.1,958.8,2006.6,1063.9,2030.3,1179.9,2002.9,1328.7,2019.1,1451.2,2058.0,1405.5,2073.4,1185.9,2084.9,1066.5,2103.1,961.4,2091.8,734.1,2076.8,734.1,2076.8,959.6,2233.0,1068.6,2246.4,1189.2,2227.3,1405.5,2073.4,1451.2,2058.0,1339.0,2255.7,1197.6,2353.7,1071.7,2374.9,956.8,2364.4,800.5,2272.2,684.4,2067.7
228.0,3.783,671.2,2054.7,799.9,2010.9,954.2,2004.3,1064.8,2028.1,1188.4,1999.8,1340.6,2012.0,1466.3,2045.7,1421.1,2062.1,1194.8,2078.5,1067.6,2098.7,957.1,2086.3,720.4,2065.4,720.4,2065.4,954.7,2232.3,1069.3,2246.3,1197.5,2225.0,1421.1,2062.1,1466.3,2045.7,1350.2,2247.2,1204.6,2347.9,1071.6,2370.8,951.1,2359.4,790.0,2264.0,671.2,2054.7
229.0,3.8,661.4,2044.5,794.2,2005.7,951.6,2001.8,1064.8,2025.5,1191.7,1998.0,1348.0,2007.0,1478.5,2036.8,1433.1,2054.2,1197.6,2073.8,1067.2,2094.4,953.9,2081.4,710.3,2056.4,710.3,2056.4,950.7,2231.0,1068.2,2245.5,1199.7,2224.0,1433.1,2054.2,1478.5,2036.8,1356.6,2241.0,1205.4,2343.7,1069.0,2366.5,946.0,2354.4,782.8,2256.5,661.4,2044.5
230.0,3.817,653.4,2038.0,788.8,2002.1,949.3,2001.6,1064.3,2025.6,1194.0,1997.8,1353.1,2004.4,1487.6,2030.6,1442.1,2048.6,1200.4,2072.5,1067.1,2093.6,952.0,2080.0,701.9,2050.8,701.9,2050.8,949.3,2229.8,1068.7,2244.2,1203.2,2222.1,1442.1,2048.6,1487.6,2030.6,1362.2,2236.9,1207.8,2341.5,1068.7,2364.7,943.6,2352.7,776.9,2252.9,653.4,2038.0
231.0,3.833,645.7,2031.2,786.4,2000.0,950.9,2002.2,1064.6,2025.9,1193.0,1997.7,1354.6,2001.4,1495.2,2022.6,1449.3,2042.1,1200.0,2071.7,1067.8,2093.8,954.0,2080.4,694.0,2045.2,694.0,2045.2,951.3,2228.4,1069.2,2242.0,1202.3,2219.6,1449.3,2042.1,1495.2,2022.6,1363.7,2233.4,1206.1,2339.3,1068.5,2362.9,944.8,2351.4,773.9,2250.8,645.7,2031.2
232.0,3.85,640.2,2026.2,784.6,1999.1,951.7,2002.0,1064.6,2025.6,1191.4,1997.8,1356.1,1998.9,1500.8,2017.0,1454.5,2037.0,1198.2,2073.0,1067.9,2095.0,954.5,2081.8,689.5,2040.7,689.5,2040.7,952.1,2223.2,1069.4,2236.6,1200.7,2214.8,1454.5,2037.0,1500.8,2017.0,1365.9,2229.7,1205.4,2336.2,1069.3,2359.3,946.3,2348.2,772.9,2247.6,640.2,2026.2
233.0,3.867,635.4,2022.0,783.9,1998.4,953.8,2003.1,1064.2,2026.3,1188.3,1998.4,1354.0,1997.6,1502.8,2011.6,1456.6,2032.4,1195.7,2072.7,1068.0,2095.0,957.1,2082.2,684.5,2037.2,684.5,2037.2,954.9,2222.4,1069.5,2234.9,1197.9,2213.2,1456.6,2032.4,1502.8,2011.6,1364.0,2226.8,1202.4,2333.5,1069.4,2356.6,948.8,2346.3,772.3,2245.7,635.4,2022.0
234.0,3.883,631.0,2017.9,781.5,1997.1,952.0,2002.6,1063.3,2025.9,1188.1,1998.1,1354.2,1996.6,1503.7,2008.9,1457.6,2030.1,1195.2,2073.5,1066.8,2096.1,954.9,2082.9,680.5,2033.8,680.5,2033.8,951.8,2217.0,1067.2,2229.7,1196.2,2208.1,1457.6,2030.1,1503.7,2008.9,1363.2,2223.8,1201.2,2329.9,1067.5,2352.9,946.2,2342.5,769.2,2242.0,631.0,2017.9
235.0,3.9,627.7,2016.6,778.7,1997.5,949.4,2003.1,1061.0,2026.2,1186.2,1998.5,1353.0,1996.1,1504.1,2007.2,1458.0,2028.4,1193.2,2072.7,1064.4,2095.3,952.1,2081.9,677.4,2032.6,677.4,2032.6,949.4,2216.4,1065.1,2229.2,1194.4,2207.9,1458.0,2028.4,1504.1,2007.2,1362.6,2221.8,1199.8,2328.0,1065.7,2350.7,944.2,2340.4,767.0,2240.4,627.7,2016.6
236.0,3.917,623.7,2015.1,776.7,1997.6,948.8,2004.7,1058.7,2027.4,1182.0,1999.8,1348.9,1996.5,1501.0,2005.6,1455.7,2027.3,1189.3,2073.1,1062.3,2095.9,951.6,2082.8,672.9,2031.9,672.9,2031.9,948.7,2217.7,1062.7,2230.1,1190.1,2208.6,1455.7,2027.3,1501.0,2005.6,1358.2,2222.1,1195.3,2327.2,1063.2,2349.8,943.4,2339.8,764.4,2239.8,623.7,2015.1
237.0,3.933,620.3,2015.2,774.4,1999.0,946.3,2007.0,1055.9,2029.4,1178.8,2001.7,1345.4,1997.1,1497.3,2004.1,1452.6,2025.8,1185.9,2072.8,1059.4,2096.2,949.1,2083.3,669.0,2031.8,669.0,2031.8,946.6,2217.4,1060.2,2229.5,1187.1,2207.8,1452.6,2025.8,1497.3,2004.1,1354.8,2220.0,1192.2,2324.5,1060.7,2347.4,941.2,2337.4,762.1,2238.0,620.3,2015.2
238.0,3.95,619.1,2015.1,773.2,2000.5,944.7,2009.5,1054.6,2032.0,1178.1,2004.5,1344.0,1999.3,1494.7,2004.8,1450.5,2026.8,1185.2,2074.8,1058.1,2098.3,947.4,2085.1,667.5,2032.3,667.5,2032.3,944.6,2217.1,1058.5,2229.4,1186.0,2207.4,1450.5,2026.8,1494.7,2004.8,1352.8,2219.5,1190.9,2323.4,1058.9,2346.5,939.1,2336.3,760.6,2237.0,619.1,2015.1
239.0,3.967,618.8,2015.6,773.2,2002.1,944.5,2011.0,1053.2,2033.2,1175.1,2006.0,1341.4,1999.8,1493.7,2004.1,1449.3,2026.4,1182.1,2076.5,1056.8,2099.8,947.2,2087.0,667.4,2032.9,667.4,2032.9,944.5,2217.0,1057.3,2228.8,1183.0,2207.2,1449.3,2026.4,1493.7,2004.1,1350.5,2219.2,1188.1,2323.8,1057.7,2346.8,939.1,2337.0,761.0,2237.9,618.8,2015.6
240.0,3.983,618.3,2016.7,773.0,2003.2,944.4,2011.9,1052.7,2034.1,1173.7,2007.7,1340.4,2001.3,1492.3,2006.2,1448.3,2028.6,1180.5,2077.9,1056.1,2100.7,946.8,2087.9,666.8,2034.3,666.8,2034.3,944.0,2215.9,1056.2,2227.7,1181.2,2206.6,1448.3,2028.6,1492.3,2006.2,1349.0,2219.4,1186.2,2322.2,1056.6,2344.6,938.6,2334.7,760.7,2236.4,618.3,2016.7
241.0,4.0,617.5,2020.3,772.6,2006.1,943.1,2014.5,1053.1,2036.2,1176.2,2010.1,1342.6,2003.0,1491.4,2007.4,1448.5,2030.2,1182.8,2079.8,1056.7,2102.6,945.4,2090.0,665.9,2038.5,665.9,2038.5,942.4,2215.6,1056.5,2226.6,1183.5,2204.7,1448.5,2030.2,1491.4,2007.4,1350.6,2216.5,1189.1,2319.2,1057.4,2342.6,937.7,2332.9,760.5,2236.2,617.5,2020.3
242.0,4.017,615.5,2024.7,772.3,2008.5,940.2,2018.7,1056.6,2039.8,1185.9,2014.3,1349.3,2005.9,1491.6,2012.3,1451.1,2035.0,1191.1,2082.3,1059.0,2105.9,941.3,2092.3,664.3,2043.0,664.3,2043.0,936.1,2211.3,1056.5,2222.6,1189.2,2200.9,1451.1,2035.0,1491.6,2012.3,1354.8,2213.2,1195.6,2312.8,1058.1,2335.4,932.9,2325.1,757.9,2231.4,615.5,2024.7
243.0,4.033,615.2,2026.8,770.5,2009.7,935.7,2019.2,1056.9,2040.8,1191.6,2016.1,1351.4,2009.8,1485.9,2017.1,1446.8,2040.0,1195.1,2083.0,1057.8,2105.6,935.4,2090.9,662.9,2045.6,662.9,2045.6,928.1,2209.2,1053.2,2221.4,1191.1,2199.8,1446.8,2040.0,1485.9,2017.1,1353.2,2212.9,1197.5,2312.9,1054.6,2335.7,925.6,2323.6,754.2,2229.2,615.2,2026.8
244.0,4.05,614.3,2025.2,770.0,2010.1,933.8,2020.0,1057.4,2041.5,1194.6,2018.5,1353.4,2013.1,1484.6,2020.0,1445.8,2043.3,1197.1,2082.7,1057.5,2104.2,932.7,2088.5,661.9,2046.0,661.9,2046.0,924.5,2207.7,1052.3,2220.8,1192.7,2199.9,1445.8,2043.3,1484.6,2020.0,1353.9,2213.8,1200.0,2311.6,1054.5,2333.7,923.4,2320.5,753.5,2226.7,614.3,2025.2
245.0,4.067,615.8,2028.2,770.6,2009.6,933.2,2019.6,1057.3,2041.0,1195.8,2017.4,1353.8,2012.2,1484.2,2021.7,1445.6,2044.4,1198.7,2082.0,1057.9,2104.1,932.5,2088.4,663.7,2048.5,663.7,2048.5,924.4,2210.1,1053.0,2223.1,1194.6,2202.0,1445.6,2044.4,1484.2,2021.7,1355.1,2213.6,1201.6,2310.7,1055.0,2332.6,923.2,2319.7,753.7,2226.8,615.8,2028.2
246.0,4.083,617.2,2024.8,772.9,2010.0,937.2,2021.3,1057.8,2044.0,1193.1,2020.0,1351.8,2013.2,1484.6,2018.6,1446.2,2041.9,1196.3,2083.8,1058.7,2105.8,936.7,2090.1,664.3,2045.9,664.3,2045.9,929.2,2210.4,1054.0,2223.8,1192.4,2202.4,1446.2,2041.9,1484.6,2018.6,1353.1,2213.7,1198.8,2312.8,1055.3,2335.8,926.8,2322.2,756.1,2226.7,617.2,2024.8
247.0,4.1,619.7,2023.7,773.6,2011.5,937.3,2024.8,1056.5,2046.5,1189.4,2022.3,1349.3,2011.5,1486.2,2015.0,1447.2,2037.9,1193.6,2084.4,1058.1,2107.7,937.6,2092.6,667.7,2042.4,667.7,2042.4,931.6,2211.9,1054.7,2224.6,1190.7,2202.8,1447.2,2037.9,1486.2,2015.0,1353.2,2210.7,1197.6,2311.1,1056.6,2333.9,929.4,2321.8,759.2,2227.2,619.7,2023.7
248.0,4.117,621.8,2025.3,774.8,2014.0,938.5,2024.8,1056.9,2046.5,1189.7,2021.4,1349.4,2011.5,1486.8,2013.8,1446.7,2036.5,1194.5,2084.0,1059.0,2107.4,939.5,2092.9,669.7,2043.4,669.7,2043.4,934.7,2212.1,1056.9,2224.5,1193.1,2201.7,1446.7,2036.5,1486.8,2013.8,1354.4,2207.9,1200.1,2309.2,1059.0,2333.2,932.6,2322.0,762.3,2228.5,621.8,2025.3
249.0,4.133,622.7,2022.7,775.1,2013.1,938.7,2024.0,1055.5,2046.1,1187.3,2020.5,1347.7,2011.3,1486.8,2011.9,1446.1,2034.3,1192.3,2083.2,1057.9,2106.4,940.0,2092.0,670.4,2040.7,670.4,2040.7,936.0,2212.9,1056.7,2225.9,1191.9,2203.0,1446.1,2034.3,1486.8,2011.9,1353.6,2208.0,1198.9,2310.9,1059.0,2335.4,933.9,2323.9,763.7,2228.6,622.7,2022.7
250.0,4.15,623.8,2022.9,776.1,2013.3,940.4,2024.0,1055.0,2046.1,1184.4,2020.4,1345.3,2011.6,1486.5,2012.3,1445.2,2034.3,1189.9,2083.9,1057.7,2107.2,942.1,2093.1,671.5,2040.7,671.5,2040.7,938.6,2212.7,1056.9,2225.4,1189.8,2202.3,1445.2,2034.3,1486.5,2012.3,1351.5,2208.9,1196.0,2311.0,1058.4,2335.6,935.5,2324.3,764.6,2229.3,623.8,2022.9
251.0,4.167,625.0,2023.8,777.3,2014.1,942.0,2023.4,1055.2,2045.4,1183.0,2019.0,1344.2,2010.6,1487.2,2011.4,1444.8,2033.5,1188.8,2084.5,1057.9,2108.1,944.0,2094.6,672.6,2041.1,672.6,2041.1,940.7,2212.9,1057.4,2225.1,1188.9,2201.8,1444.8,2033.5,1487.2,2011.4,1350.6,2209.0,1194.5,2312.0,1058.5,2337.0,937.0,2326.2,766.1,2231.1,625.0,2023.8
252.0,4.183,625.1,2024.0,777.0,2015.0,941.3,2024.2,1054.3,2046.0,1181.8,2020.0,1343.1,2011.4,1486.6,2011.9,1444.1,2034.4,1187.6,2085.2,1057.1,2108.7,943.2,2095.1,673.0,2041.5,673.0,2041.5,939.7,2213.0,1056.4,2225.3,1187.5,2202.3,1444.1,2034.4,1486.6,2011.9,1349.7,2209.5,1193.7,2311.9,1057.9,2336.4,936.5,2325.8,766.0,2231.3,625.1,2024.0
253.0,4.2,624.6,2024.4,776.8,2014.9,941.8,2023.7,1052.4,2045.4,1176.7,2019.3,1338.8,2010.7,1484.6,2011.6,1441.5,2033.8,1182.7,2085.5,1055.5,2108.7,943.9,2095.7,673.0,2041.5,673.0,2041.5,941.1,2214.5,1055.5,2226.4,1183.3,2204.0,1441.5,2033.8,1484.6,2011.6,1346.7,2212.0,1190.0,2314.7,1057.4,2338.9,938.2,2329.0,766.7,2234.4,624.6,2024.4
254.0,4.217,624.1,2025.4,775.2,2016.0,940.4,2024.6,1049.8,2046.2,1173.0,2019.7,1335.0,2011.5,1481.2,2011.8,1438.0,2034.1,1179.3,2086.1,1052.9,2109.6,942.7,2096.7,671.8,2042.4,671.8,2042.4,940.3,2216.6,1053.4,2228.4,1180.3,2205.6,1438.0,2034.1,1481.2,2011.8,1343.0,2214.5,1186.2,2317.5,1054.6,2341.9,936.4,2331.9,764.9,2236.7,624.1,2025.4
255.0,4.233,623.1,2025.9,772.6,2016.6,937.5,2025.8,1046.2,2047.3,1168.1,2020.7,1330.8,2011.4,1478.2,2011.5,1434.9,2033.6,1174.5,2087.3,1049.6,2110.7,940.0,2098.1,671.1,2042.4,671.1,2042.4,938.5,2219.7,1050.8,2231.5,1176.4,2208.8,1434.9,2033.6,1478.2,2011.5,1340.2,2216.8,1182.6,2321.2,1052.3,2345.5,934.8,2335.6,763.5,2239.6,623.1,2025.9
256.0,4.25,622.1,2027.9,770.7,2017.7,934.8,2026.5,1043.2,2047.7,1164.8,2021.0,1327.7,2011.9,1475.7,2012.7,1432.1,2034.9,1171.4,2088.0,1046.7,2111.7,937.4,2099.3,670.2,2044.3,670.2,2044.3,936.1,2222.0,1048.2,2233.7,1173.5,2211.1,1432.1,2034.9,1475.7,2012.7,1337.6,2219.2,1179.7,2323.2,1049.7,2347.4,932.3,2337.7,761.6,2242.0,622.1,2027.9
257.0,4.267,620.0,2029.4,767.7,2018.8,931.4,2027.7,1040.0,2049.2,1162.0,2022.4,1324.8,2013.4,1472.8,2014.6,1429.1,2036.7,1168.5,2089.7,1043.5,2113.3,934.0,2100.7,668.0,2045.6,668.0,2045.6,932.7,2223.9,1045.1,2235.8,1170.7,2213.3,1429.1,2036.7,1472.8,2014.6,1334.8,2221.8,1176.7,2326.2,1046.2,2350.3,928.5,2340.3,758.3,2243.9,620.0,2029.4
258.0,4.283,618.9,2031.5,766.5,2020.1,930.0,2029.2,1038.0,2050.4,1159.0,2023.4,1322.3,2014.1,1471.8,2015.8,1427.5,2037.8,1165.9,2090.7,1041.7,2114.6,933.0,2102.4,667.1,2047.5,667.1,2047.5,932.2,2225.9,1043.8,2237.5,1168.6,2215.0,1427.5,2037.8,1471.8,2015.8,1333.2,2223.2,1174.5,2327.5,1045.0,2351.6,927.9,2342.0,757.7,2246.4,618.9,2031.5
259.0,4.3,617.6,2033.2,765.8,2022.8,929.1,2032.0,1037.1,2052.9,1157.8,2025.8,1320.8,2015.8,1470.6,2016.2,1426.7,2038.6,1164.7,2092.6,1040.8,2116.7,932.2,2104.5,665.8,2049.4,665.8,2049.4,931.2,2227.4,1042.7,2239.0,1167.1,2216.3,1426.7,2038.6,1470.6,2016.2,1331.8,2224.3,1173.2,2329.0,1044.0,2353.3,927.2,2343.8,757.0,2248.2,617.6,2033.2
260.0,4.317,616.8,2034.6,763.8,2023.7,926.3,2033.0,1035.0,2053.9,1156.6,2026.9,1319.7,2016.7,1469.1,2017.8,1425.1,2040.1,1163.5,2093.2,1038.8,2117.4,929.5,2105.1,665.1,2050.7,665.1,2050.7,928.7,2229.5,1041.0,2241.1,1166.4,2218.3,1425.1,2040.1,1469.1,2017.8,1331.1,2225.2,1172.6,2330.1,1042.4,2354.5,924.9,2345.0,755.4,2249.5,616.8,2034.6
261.0,4.333,615.9,2036.1,762.9,2024.8,925.5,2033.6,1033.5,2054.6,1154.1,2027.5,1318.0,2017.3,1468.7,2018.9,1424.2,2041.1,1161.1,2095.0,1037.3,2119.1,928.6,2107.1,664.4,2051.8,664.4,2051.8,928.1,2229.9,1039.7,2241.5,1164.1,2219.2,1424.2,2041.1,1468.7,2018.9,1329.8,2226.3,1170.3,2331.6,1041.0,2355.7,924.1,2346.1,754.8,2250.3,615.9,2036.1
262.0,4.35,615.9,2036.3,762.5,2025.5,924.8,2034.2,1033.3,2055.4,1154.9,2028.3,1318.1,2018.3,1467.9,2019.6,1423.4,2041.9,1161.8,2095.4,1037.1,2119.4,927.8,2107.0,664.3,2052.1,664.3,2052.1,927.2,2230.5,1039.3,2242.4,1164.7,2219.8,1423.4,2041.9,1467.9,2019.6,1329.5,2226.3,1170.8,2332.0,1040.6,2356.3,923.3,2346.6,754.4,2250.6,615.9,2036.3
263.0,4.367,615.9,2037.5,762.3,2025.2,924.3,2034.0,1033.3,2055.1,1155.1,2028.2,1318.6,2018.3,1468.2,2020.8,1423.7,2042.9,1162.1,2095.1,1037.3,2118.9,927.7,2106.6,664.8,2053.3,664.8,2053.3,927.3,2230.9,1040.0,2242.6,1165.5,2220.4,1423.7,2042.9,1468.2,2020.8,1331.0,2227.1,1172.5,2332.7,1042.0,2356.8,924.1,2347.3,754.8,2251.8,615.9,2037.5
264.0,4.383,616.7,2036.6,763.3,2025.1,925.6,2034.0,1034.1,2055.3,1155.2,2028.7,1318.8,2018.8,1468.6,2021.0,1424.0,2043.1,1162.2,2095.5,1038.1,2118.9,928.8,2106.5,665.7,2052.6,665.7,2052.6,928.3,2230.9,1040.5,2242.8,1165.4,2220.7,1424.0,2043.1,1468.6,2021.0,1331.0,2227.4,1172.6,2332.7,1042.7,2356.5,925.3,2347.0,755.8,2251.2,616.7,2036.6
265.0,4.4,617.5,2037.0,764.2,2025.4,926.2,2034.5,1034.7,2055.7,1155.9,2029.0,1319.7,2018.8,1469.5,2021.1,1425.0,2042.9,1162.8,2095.6,1038.7,2119.1,929.4,2106.8,666.5,2052.6,666.5,2052.6,929.1,2230.7,1041.4,2242.6,1166.3,2220.7,1425.0,2042.9,1469.5,2021.1,1332.1,2226.7,1173.5,2331.7,1043.6,2355.4,926.2,2345.8,757.0,2250.2,617.5,2037.0
266.0,4.417,619.8,2038.8,765.5,2026.5,927.0,2034.6,1035.9,2055.7,1157.4,2028.8,1320.4,2019.1,1469.7,2022.0,1424.9,2043.8,1164.5,2095.9,1040.0,2119.5,930.4,2107.3,668.9,2054.2,668.9,2054.2,930.2,2230.6,1042.7,2242.4,1167.9,2220.2,1424.9,2043.8,1469.7,2022.0,1332.9,2226.5,1175.1,2331.7,1044.8,2355.7,927.3,2346.4,758.6,2251.4,619.8,2038.8
267.0,4.433,621.3,2039.4,766.6,2025.7,928.1,2033.1,1036.7,2054.4,1158.3,2027.5,1321.5,2018.6,1470.0,2022.7,1425.3,2044.3,1165.3,2095.4,1040.7,2118.9,931.3,2106.7,670.4,2054.7,670.4,2054.7,931.0,2230.6,1043.4,2242.6,1168.8,2220.6,1425.3,2044.3,1470.0,2022.7,1333.8,2227.5,1175.9,2332.4,1045.6,2356.2,928.0,2346.6,759.5,2251.1,621.3,2039.4
268.0,4.45,623.0,2039.6,767.5,2026.2,928.1,2034.1,1037.7,2055.3,1160.2,2028.3,1322.5,2018.9,1470.2,2022.6,1425.6,2044.1,1167.2,2095.2,1041.7,2118.9,931.4,2106.5,672.1,2054.6,672.1,2054.6,931.0,2230.6,1044.3,2242.7,1170.6,2220.4,1425.6,2044.1,1470.2,2022.6,1335.0,2226.3,1177.9,2331.6,1046.6,2355.5,928.3,2345.9,760.6,2250.8,623.0,2039.6
269.0,4.467,623.6,2039.5,768.6,2025.8,929.6,2033.1,1038.2,2054.3,1159.8,2027.2,1322.5,2018.2,1470.9,2022.0,1426.1,2043.4,1166.9,2095.0,1042.3,2118.6,933.0,2106.5,672.7,2054.3,672.7,2054.3,933.0,2229.7,1045.3,2241.7,1170.6,2219.6,1426.1,2043.4,1470.9,2022.0,1335.3,2225.7,1177.9,2330.9,1047.7,2354.8,930.2,2345.4,762.0,2250.3,623.6,2039.5
270.0,4.483,624.2,2039.3,768.8,2025.4,929.5,2033.0,1038.4,2054.1,1160.1,2026.9,1322.6,2017.5,1471.0,2021.5,1426.2,2043.1,1167.4,2094.5,1042.8,2118.1,933.1,2105.9,673.6,2054.2,673.6,2054.2,933.0,2230.1,1045.6,2241.9,1171.0,2219.7,1426.2,2043.1,1471.0,2021.5,1335.8,2225.5,1179.0,2330.6,1048.5,2354.4,930.8,2345.4,762.5,2250.9,624.2,2039.3
271.0,4.5,624.9,2040.8,769.1,2025.5,929.9,2031.4,1038.6,2052.3,1160.3,2024.8,1323.2,2016.0,1472.1,2020.8,1426.9,2042.6,1167.9,2093.6,1043.1,2117.4,933.8,2105.7,674.2,2055.7,674.2,2055.7,933.7,2229.8,1046.1,2241.4,1171.6,2218.9,1426.9,2042.6,1472.1,2020.8,1336.4,2225.1,1179.3,2330.8,1048.8,2355.0,931.2,2346.1,763.2,2251.9,624.9,2040.8
272.0,4.517,624.5,2040.6,768.3,2025.1,928.6,2031.8,1038.5,2052.8,1161.3,2025.1,1323.3,2015.6,1471.1,2020.3,1426.2,2042.1,1169.0,2093.1,1043.0,2117.2,932.5,2105.3,673.8,2055.2,673.8,2055.2,932.5,2230.5,1045.9,2242.1,1172.6,2219.1,1426.2,2042.1,1471.1,2020.3,1336.6,2223.9,1180.1,2330.3,1048.4,2354.8,929.9,2346.0,762.1,2251.7,624.5,2040.6
273.0,4.533,624.3,2041.4,767.2,2025.2,927.3,2030.9,1037.5,2051.6,1160.8,2024.0,1323.1,2015.2,1470.6,2020.6,1425.4,2042.4,1168.5,2092.2,1042.1,2116.1,931.3,2104.4,673.6,2056.1,673.6,2056.1,931.4,2230.9,1045.3,2242.5,1172.6,2219.4,1425.4,2042.4,1470.6,2020.6,1336.7,2224.2,1180.4,2330.3,1048.1,2354.8,929.2,2346.2,761.4,2252.2,624.3,2041.4
274.0,4.55,624.2,2041.8,767.0,2025.3,926.9,2031.0,1037.3,2051.9,1160.8,2024.1,1323.1,2015.5,1470.4,2021.2,1425.3,2042.6,1168.6,2092.6,1041.9,2116.7,930.9,2104.9,673.6,2056.1,673.6,2056.1,931.0,2230.4,1045.0,2242.1,1172.5,2219.1,1425.3,2042.6,1470.4,2021.2,1336.6,2224.1,1180.2,2330.2,1047.8,2354.6,928.6,2345.7,761.2,2251.5,624.2,2041.8
275.0,4.567,625.2,2042.2,768.1,2025.7,927.7,2031.3,1038.0,2052.0,1161.1,2024.2,1323.4,2015.5,1471.1,2021.4,1425.9,2042.7,1168.9,2092.8,1042.5,2116.8,931.7,2105.1,674.8,2056.5,674.8,2056.5,931.8,2230.9,1045.6,2242.5,1172.8,2219.7,1425.9,2042.7,1471.1,2021.4,1337.2,2224.4,1180.7,2330.4,1048.6,2354.6,929.7,2346.0,762.4,2252.2,625.2,2042.2
276.0,4.583,626.3,2042.7,769.4,2026.1,929.2,2031.2,1038.9,2051.9,1161.6,2024.2,1324.1,2015.7,1471.6,2021.8,1426.4,2043.3,1169.4,2093.2,1043.6,2117.0,933.2,2105.5,676.0,2057.1,676.0,2057.1,933.2,2231.1,1046.6,2242.7,1173.3,2220.0,1426.4,2043.3,1471.6,2021.8,1337.8,2224.6,1181.3,2330.3,1049.7,2354.5,931.2,2345.9,763.9,2252.4,626.3,2042.7
277.0,4.6,627.0,2043.6,769.9,2026.2,929.7,2031.1,1039.7,2051.7,1162.6,2023.9,1325.1,2015.5,1472.6,2022.2,1427.4,2043.4,1170.4,2092.9,1044.4,2116.7,933.7,2105.3,676.8,2057.7,676.8,2057.7,934.0,2231.0,1047.7,2242.6,1174.6,2219.9,1427.4,2043.4,1472.6,2022.2,1339.3,2224.8,1182.7,2330.2,1050.9,2354.2,932.1,2345.8,764.5,2252.5,627.0,2043.6
278.0,4.617,628.5,2044.6,770.9,2026.4,930.5,2030.6,1040.6,2051.3,1163.5,2023.3,1326.4,2015.1,1474.2,2022.5,1428.6,2043.7,1171.3,2093.0,1045.3,2116.7,934.7,2105.3,678.4,2058.5,678.4,2058.5,935.2,2232.1,1049.0,2243.6,1176.0,2221.1,1428.6,2043.7,1474.2,2022.5,1341.1,2225.4,1184.3,2331.8,1052.3,2355.8,933.4,2347.5,766.0,2254.0,628.5,2044.6
279.0,4.633,629.4,2044.9,772.2,2027.1,931.5,2031.4,1042.2,2052.0,1165.9,2024.0,1328.3,2015.8,1475.1,2022.9,1429.7,2044.2,1173.7,2093.3,1046.8,2117.3,935.5,2105.8,679.3,2059.0,679.3,2059.0,935.6,2231.6,1050.1,2243.4,1177.8,2220.6,1429.7,2044.2,1475.1,2022.9,1342.6,2225.1,1186.3,2330.9,1053.5,2355.1,934.1,2346.6,767.0,2253.4,629.4,2044.9
280.0,4.65,629.9,2044.3,772.8,2026.6,932.3,2031.3,1043.3,2052.0,1167.2,2023.8,1329.2,2015.8,1475.6,2023.0,1430.2,2044.1,1175.0,2093.2,1047.8,2117.4,936.2,2105.8,679.8,2058.3,679.8,2058.3,936.2,2230.9,1050.9,2242.8,1178.9,2219.9,1430.2,2044.1,1475.6,2023.0,1343.2,2225.6,1187.2,2330.8,1054.3,2354.9,934.6,2346.3,767.3,2253.1,629.9,2044.3
281.0,4.667,630.8,2044.5,773.9,2025.6,933.2,2030.2,1043.6,2050.8,1166.7,2023.0,1329.7,2015.0,1477.4,2023.4,1431.8,2044.3,1174.5,2092.6,1048.2,2116.4,937.2,2104.9,680.9,2058.6,680.9,2058.6,937.4,2230.2,1051.5,2241.9,1178.7,2219.6,1431.8,2044.3,1477.4,2023.4,1344.1,2224.9,1186.9,2329.4,1054.8,2353.0,935.7,2344.4,768.5,2251.8,630.8,2044.5
282.0,4.683,631.9,2044.4,774.7,2024.6,934.3,2028.7,1044.5,2049.2,1167.3,2021.2,1330.5,2013.2,1478.3,2022.2,1432.5,2043.3,1175.5,2091.5,1049.4,2115.4,938.7,2104.3,682.2,2058.4,682.2,2058.4,938.9,2230.2,1052.7,2241.6,1179.8,2218.9,1432.5,2043.3,1478.3,2022.2,1345.2,2224.3,1188.0,2329.6,1056.0,2353.5,937.1,2345.2,769.5,2252.6,631.9,2044.4
283.0,4.7,632.4,2043.3,775.4,2024.8,934.8,2028.7,1045.6,2049.3,1169.4,2021.5,1331.7,2013.9,1478.5,2022.0,1433.0,2043.3,1177.2,2090.8,1050.2,2114.7,938.8,2103.2,682.3,2057.6,682.3,2057.6,938.6,2228.9,1053.0,2240.6,1180.9,2218.0,1433.0,2043.3,1478.5,2022.0,1345.4,2223.2,1189.1,2328.1,1056.3,2352.0,936.9,2343.5,769.9,2250.8,632.4,2043.3
284.0,4.717,633.8,2044.0,776.7,2025.0,936.6,2028.3,1046.4,2048.8,1168.8,2020.8,1331.4,2013.1,1478.7,2021.2,1433.0,2042.6,1176.8,2090.8,1051.3,2114.6,941.0,2103.5,683.9,2058.1,683.9,2058.1,941.4,2229.6,1054.9,2240.9,1181.3,2218.2,1433.0,2042.6,1478.7,2021.2,1346.1,2223.9,1190.2,2329.6,1058.7,2353.8,940.1,2345.8,772.2,2253.3,633.8,2044.0
285.0,4.733,632.8,2043.0,776.7,2024.9,936.5,2029.5,1047.0,2050.0,1170.4,2022.1,1332.7,2014.2,1479.5,2021.7,1434.2,2043.0,1178.2,2091.2,1051.7,2115.2,940.6,2103.8,682.9,2057.6,682.9,2057.6,940.5,2228.6,1054.7,2240.3,1182.1,2217.8,1434.2,2043.0,1479.5,2021.7,1346.8,2223.8,1190.7,2328.4,1058.5,2352.3,939.2,2343.8,771.3,2251.5,632.8,2043.0
286.0,4.75,632.8,2043.4,776.5,2025.5,936.4,2029.9,1046.8,2050.5,1170.1,2022.3,1331.8,2014.4,1477.9,2021.4,1432.7,2042.8,1177.9,2091.3,1051.4,2115.5,940.4,2104.0,682.5,2057.8,682.5,2057.8,940.6,2229.2,1054.7,2240.8,1181.9,2218.0,1432.7,2042.8,1477.9,2021.4,1345.9,2223.8,1190.3,2329.2,1058.2,2353.4,938.9,2345.0,771.1,2252.3,632.8,2043.4
287.0,4.767,633.0,2044.7,775.7,2025.8,934.7,2029.9,1046.0,2050.5,1170.3,2022.0,1331.5,2014.5,1476.5,2022.2,1431.2,2043.3,1178.1,2091.6,1050.6,2116.0,938.8,2104.4,682.8,2058.7,682.8,2058.7,939.1,2229.2,1054.0,2241.0,1182.3,2217.9,1431.2,2043.3,1476.5,2022.2,1345.7,2224.0,1190.9,2329.6,1057.6,2354.1,937.5,2345.6,770.4,2253.0,633.0,2044.7
288.0,4.783,631.3,2045.1,774.6,2026.2,933.9,2030.1,1044.6,2050.5,1168.1,2022.2,1329.6,2014.7,1475.9,2022.4,1430.5,2043.6,1175.9,2091.6,1049.2,2115.8,938.0,2104.4,681.2,2059.2,681.2,2059.2,938.1,2229.0,1052.5,2240.6,1179.9,2217.7,1430.5,2043.6,1475.9,2022.4,1343.9,2224.3,1188.5,2329.1,1056.2,2353.3,936.7,2345.0,769.4,2252.9,631.3,2045.1
289.0,4.8,631.8,2045.7,774.1,2026.0,932.7,2029.7,1043.6,2050.3,1167.5,2021.9,1329.2,2014.4,1475.1,2023.0,1429.7,2043.9,1175.5,2091.7,1048.4,2115.9,936.9,2104.6,681.8,2059.5,681.8,2059.5,937.4,2229.3,1052.0,2240.9,1179.9,2217.9,1429.7,2043.9,1475.1,2023.0,1343.8,2223.7,1188.4,2328.9,1055.5,2353.3,935.8,2345.0,769.2,2252.8,631.8,2045.7
290.0,4.817,630.5,2044.7,772.9,2026.0,931.6,2030.0,1043.1,2050.8,1167.6,2022.3,1328.6,2015.0,1473.6,2023.0,1428.5,2043.9,1175.4,2091.7,1047.5,2116.1,935.5,2104.4,680.2,2058.8,680.2,2058.8,935.5,2228.7,1050.6,2240.6,1179.1,2217.6,1428.5,2043.9,1473.6,2023.0,1342.5,2224.0,1187.6,2328.5,1054.2,2352.6,934.0,2343.9,767.4,2251.5,630.5,2044.7
291.0,4.833,630.6,2045.1,772.6,2026.0,931.1,2030.1,1042.5,2051.0,1167.2,2022.4,1328.5,2015.1,1473.8,2023.2,1428.4,2044.1,1175.0,2092.1,1047.1,2116.4,935.2,2104.8,680.3,2059.2,680.3,2059.2,935.6,2228.7,1050.7,2240.5,1179.4,2217.5,1428.4,2044.1,1473.8,2023.2,1342.8,2223.9,1187.7,2328.9,1054.0,2353.3,933.8,2344.6,767.3,2252.1,630.6,2045.1
292.0,4.85,630.3,2045.2,772.7,2026.6,931.2,2030.8,1042.3,2051.6,1166.5,2023.1,1327.9,2015.8,1473.4,2023.5,1428.2,2044.4,1174.3,2092.7,1046.9,2116.9,935.2,2105.3,680.0,2059.3,680.0,2059.3,935.6,2228.2,1050.4,2240.0,1178.5,2217.2,1428.2,2044.4,1473.4,2023.5,1342.1,2224.1,1187.0,2328.5,1054.0,2352.7,934.0,2344.0,767.5,2252.0,630.3,2045.2
293.0,4.867,630.9,2046.0,772.5,2026.8,930.6,2030.3,1042.0,2051.2,1166.8,2022.6,1328.0,2015.4,1473.3,2023.5,1427.9,2044.5,1174.7,2092.5,1046.7,2116.7,934.8,2105.1,680.7,2059.9,680.7,2059.9,935.3,2228.9,1050.4,2240.8,1179.2,2217.9,1427.9,2044.5,1473.3,2023.5,1342.5,2223.7,1187.8,2329.2,1054.0,2353.7,933.8,2345.2,767.7,2252.8,630.9,2046.0
294.0,4.883,631.1,2045.7,772.5,2025.7,930.6,2029.7,1041.4,2050.4,1165.3,2022.0,1327.1,2014.4,1473.3,2023.1,1427.9,2044.0,1173.5,2091.7,1046.4,2115.8,935.1,2104.3,681.0,2059.6,681.0,2059.6,935.8,2229.5,1050.3,2241.0,1178.3,2218.0,1427.9,2044.0,1473.3,2023.1,1342.2,2223.7,1186.7,2328.7,1053.7,2352.9,934.1,2344.6,767.6,2252.7,631.1,2045.7
295.0,4.9,631.3,2044.2,772.3,2024.6,930.3,2028.7,1041.3,2049.7,1165.5,2021.3,1327.4,2013.4,1473.6,2022.1,1427.9,2043.0,1173.3,2091.0,1046.1,2114.8,934.4,2103.2,681.2,2058.1,681.2,2058.1,935.3,2229.1,1050.2,2240.8,1178.6,2217.8,1427.9,2043.0,1473.6,2022.1,1342.5,2222.6,1186.8,2328.4,1053.4,2352.8,933.5,2344.3,767.4,2252.0,631.3,2044.2
296.0,4.917,631.3,2043.6,772.2,2023.4,930.4,2027.2,1041.1,2047.9,1165.0,2019.5,1326.8,2012.1,1473.2,2021.3,1427.5,2042.2,1173.2,2089.8,1046.0,2113.9,934.8,2102.4,681.3,2057.4,681.3,2057.4,935.3,2227.6,1049.7,2239.1,1177.9,2215.8,1427.5,2042.2,1473.2,2021.3,1341.5,2221.8,1185.9,2326.7,1052.9,2351.1,933.4,2342.9,767.1,2251.0,631.3,2043.6
297.0,4.933,631.3,2042.1,773.0,2023.2,931.5,2026.9,1041.8,2047.5,1165.1,2019.0,1327.0,2011.4,1473.7,2019.4,1428.1,2040.6,1173.1,2089.2,1046.5,2113.3,935.7,2102.0,681.1,2056.1,681.1,2056.1,936.1,2226.8,1050.1,2238.4,1177.5,2215.4,1428.1,2040.6,1473.7,2019.4,1341.6,2221.3,1185.8,2326.6,1053.4,2350.9,934.3,2342.6,767.9,2250.2,631.3,2042.1
298.0,4.95,632.8,2041.9,774.8,2022.7,933.2,2026.4,1043.0,2046.8,1165.3,2018.5,1327.5,2010.4,1474.9,2018.6,1429.2,2039.6,1173.3,2088.1,1047.8,2112.1,937.5,2101.0,682.7,2055.6,682.7,2055.6,938.3,2226.4,1051.8,2237.7,1178.2,2215.0,1429.2,2039.6,1474.9,2018.6,1342.7,2220.0,1186.6,2325.0,1055.2,2349.0,936.7,2341.0,770.1,2249.3,632.8,2041.9
299.0,4.967,634.1,2040.8,776.1,2021.2,934.4,2025.0,1044.3,2045.4,1167.1,2017.2,1329.5,2009.4,1476.4,2017.8,1430.9,2038.9,1175.0,2086.9,1049.1,2110.9,938.5,2099.8,684.1,2054.7,684.1,2054.7,939.0,2225.2,1052.9,2236.7,1179.8,2214.1,1430.9,2038.9,1476.4,2017.8,1344.5,2219.3,1188.2,2324.1,1056.3,2348.0,937.4,2339.8,771.0,2247.9,634.1,2040.8
300.0,4.983,635.3,2040.8,777.3,2021.5,935.2,2024.9,1045.7,2045.4,1169.2,2017.2,1330.2,2009.7,1476.1,2017.8,1430.7,2038.9,1177.0,2086.4,1050.4,2110.5,939.3,2099.1,685.2,2054.7,685.2,2054.7,939.5,2223.5,1053.7,2234.9,1181.3,2212.1,1430.7,2038.9,1476.1,2017.8,1344.6,2217.8,1189.7,2322.4,1057.2,2346.6,937.9,2338.4,772.0,2246.8,635.3,2040.8
301.0,5.0,634.2,2040.2,775.4,2020.4,933.1,2024.2,1044.4,2044.8,1169.1,2016.4,1330.0,2008.9,1474.9,2017.3,1429.7,2038.2,1177.1,2085.8,1049.2,2110.1,937.3,2098.7,683.9,2054.0,683.9,2054.0,937.6,2223.5,1052.6,2235.1,1181.4,2211.7,1429.7,2038.2,1474.9,2017.3,1344.3,2217.0,1189.5,2321.9,1055.8,2346.3,935.7,2337.9,770.0,2246.0,634.2,2040.2
302.0,5.017,632.4,2040.2,773.7,2020.6,931.4,2024.2,1042.6,2044.5,1167.1,2016.2,1327.9,2008.7,1472.6,2017.0,1427.6,2038.0,1175.1,2085.3,1047.4,2109.7,935.6,2098.4,682.1,2054.1,682.1,2054.1,935.8,2222.8,1050.7,2234.4,1179.3,2211.0,1427.6,2038.0,1472.6,2017.0,1342.2,2216.8,1187.6,2320.9,1054.2,2345.3,934.1,2337.0,768.4,2245.6,632.4,2040.2
303.0,5.033,630.7,2040.9,772.0,2020.8,929.4,2024.2,1041.0,2044.6,1166.0,2016.0,1326.3,2008.9,1470.1,2017.4,1425.2,2038.1,1174.1,2085.5,1045.7,2110.1,933.6,2098.7,680.5,2054.7,680.5,2054.7,933.8,2223.2,1049.2,2234.8,1178.3,2211.2,1425.2,2038.1,1470.1,2017.4,1340.6,2217.3,1186.8,2321.7,1052.9,2346.3,932.4,2337.9,766.7,2246.5,630.7,2040.9
304.0,5.05,630.5,2041.7,771.4,2021.6,928.8,2024.4,1039.6,2044.9,1163.7,2016.6,1324.8,2009.1,1469.7,2017.8,1424.4,2038.9,1171.8,2086.6,1044.5,2110.7,933.1,2099.5,680.4,2055.5,680.4,2055.5,933.6,2223.8,1048.2,2235.2,1176.4,2211.8,1424.4,2038.9,1469.7,2017.8,1339.5,2217.3,1185.0,2322.5,1051.9,2347.1,932.2,2339.0,766.6,2247.6,630.5,2041.7
305.0,5.067,629.6,2041.8,771.2,2022.7,928.8,2026.3,1039.2,2046.6,1163.0,2018.2,1323.6,2010.4,1468.9,2017.7,1423.8,2038.9,1171.1,2087.2,1044.1,2111.5,933.2,2100.3,679.2,2055.8,679.2,2055.8,933.8,2224.5,1047.8,2235.8,1175.7,2212.4,1423.8,2038.9,1468.9,2017.7,1338.2,2217.6,1184.1,2322.5,1051.5,2347.1,932.3,2339.1,766.3,2247.9,629.6,2041.8
306.0,5.083,629.4,2042.3,770.8,2023.4,928.5,2026.9,1038.7,2047.3,1162.2,2018.9,1322.5,2011.4,1467.8,2018.6,1422.8,2039.9,1170.2,2088.4,1043.5,2112.7,932.8,2101.5,678.9,2056.4,678.9,2056.4,933.2,2224.3,1047.0,2235.6,1174.4,2212.3,1422.8,2039.9,1467.8,2018.6,1336.8,2218.6,1182.7,2323.4,1050.4,2348.1,931.4,2339.9,765.7,2248.5,629.4,2042.3
307.0,5.1,629.0,2042.5,770.4,2023.6,928.0,2028.2,1038.0,2048.8,1161.1,2020.8,1321.8,2012.6,1467.1,2019.8,1422.5,2041.2,1169.0,2090.1,1042.9,2114.2,932.2,2102.8,678.4,2056.7,678.4,2056.7,932.7,2224.6,1046.3,2235.9,1173.3,2212.9,1422.5,2041.2,1467.1,2019.8,1336.0,2219.6,1181.5,2324.6,1049.6,2349.2,930.8,2340.8,765.2,2249.0,629.0,2042.5
308.0,5.117,626.8,2041.9,769.4,2024.8,927.5,2030.4,1038.4,2051.0,1162.5,2023.4,1322.4,2015.4,1466.1,2020.9,1422.3,2042.5,1170.1,2091.4,1042.9,2115.6,931.4,2103.8,675.7,2057.0,675.7,2057.0,931.4,2224.2,1045.7,2235.5,1173.7,2212.1,1422.3,2042.5,1466.1,2020.9,1335.2,2219.9,1181.6,2324.0,1048.7,2348.9,929.1,2340.2,763.1,2248.3,626.8,2041.9
309.0,5.133,627.3,2044.6,770.7,2027.6,927.4,2033.9,1041.1,2054.3,1168.4,2026.9,1326.7,2018.6,1465.4,2023.3,1423.1,2044.9,1175.2,2093.8,1045.1,2118.1,930.6,2106.1,675.8,2060.3,675.8,2060.3,929.9,2222.4,1047.2,2233.6,1178.2,2209.6,1423.1,2044.9,1465.4,2023.3,1337.9,2217.7,1186.6,2321.0,1050.7,2346.9,928.5,2337.6,764.0,2247.0,627.3,2044.6
310.0,5.15,627.8,2048.5,770.6,2031.2,925.2,2038.7,1043.4,2058.9,1175.3,2032.6,1331.6,2024.2,1464.3,2030.0,1423.7,2051.7,1181.2,2097.9,1046.7,2122.3,927.6,2109.4,676.3,2064.9,676.3,2064.9,925.5,2220.0,1047.3,2231.4,1182.8,2207.1,1423.7,2051.7,1464.3,2030.0,1340.5,2217.6,1191.4,2317.6,1051.0,2343.3,924.7,2333.4,762.2,2245.1,627.8,2048.5
311.0,5.167,631.3,2054.9,771.4,2033.7,924.3,2041.4,1043.3,2062.6,1175.7,2037.2,1329.4,2032.9,1455.7,2043.3,1416.3,2063.9,1180.6,2103.0,1045.7,2125.9,925.8,2112.2,679.0,2071.5,679.0,2071.5,922.8,2221.4,1045.4,2233.5,1181.1,2210.6,1416.3,2063.9,1455.7,2043.3,1336.0,2227.2,1189.4,2323.9,1048.6,2348.5,921.5,2336.9,761.4,2248.3,631.3,2054.9
312.0,5.183,641.2,2063.9,772.9,2040.2,921.0,2042.9,1044.6,2067.0,1183.2,2043.9,1330.1,2049.8,1443.2,2065.9,1404.2,2085.4,1186.4,2112.0,1045.5,2130.8,921.3,2114.2,688.1,2082.2,688.1,2082.2,915.9,2217.5,1043.3,2232.4,1185.4,2211.0,1404.2,2085.4,1443.2,2065.9,1332.3,2239.5,1193.7,2330.0,1046.4,2353.3,915.0,2339.0,760.5,2251.0,641.2,2063.9
313.0,5.2,650.5,2082.3,777.5,2048.3,919.4,2047.7,1044.2,2071.9,1183.2,2048.2,1325.2,2059.0,1431.2,2085.0,1392.3,2102.7,1185.9,2121.6,1044.3,2140.5,918.5,2124.1,698.7,2098.6,698.7,2098.6,912.2,2216.1,1040.7,2231.1,1183.0,2210.5,1392.3,2102.7,1431.2,2085.0,1325.9,2248.4,1191.2,2333.4,1043.8,2355.1,911.1,2340.4,763.6,2257.1,650.5,2082.3
314.0,5.217,658.4,2098.8,782.0,2060.6,918.8,2049.0,1041.2,2075.5,1176.8,2051.7,1315.6,2071.4,1419.7,2104.9,1378.0,2122.5,1178.7,2140.2,1040.8,2156.7,916.3,2140.5,708.7,2115.7,708.7,2115.7,908.8,2191.9,1034.6,2206.4,1173.1,2188.0,1378.0,2122.5,1419.7,2104.9,1312.8,2252.0,1182.0,2327.9,1037.6,2348.2,907.4,2333.4,767.6,2258.6,658.4,2098.8
315.0,5.233,666.7,2114.6,789.0,2071.4,925.4,2050.7,1038.6,2077.1,1160.7,2051.6,1298.6,2077.9,1408.3,2117.5,1363.0,2134.8,1163.4,2156.5,1038.5,2172.4,922.9,2158.9,720.2,2129.4,720.2,2129.4,916.3,2174.1,1032.0,2186.3,1156.3,2171.2,1363.0,2134.8,1408.3,2117.5,1296.6,2263.3,1166.6,2333.6,1035.7,2351.6,914.1,2339.2,776.6,2270.5,666.7,2114.6
316.0,5.25,673.9,2129.9,794.8,2080.7,930.3,2055.8,1035.3,2082.2,1146.8,2056.7,1284.5,2086.6,1398.0,2132.0,1350.8,2148.0,1150.6,2166.9,1036.3,2181.3,928.8,2169.4,728.1,2143.0,728.1,2143.0,922.5,2175.4,1030.1,2186.2,1143.8,2173.6,1350.8,2148.0,1398.0,2132.0,1284.2,2275.4,1154.2,2339.5,1033.7,2355.1,919.7,2344.2,783.2,2279.9,673.9,2129.9
317.0,5.267,679.3,2141.7,802.9,2091.3,936.8,2062.7,1033.8,2087.8,1135.8,2063.2,1272.2,2095.0,1390.5,2142.3,1341.1,2158.3,1140.5,2174.0,1035.7,2187.9,935.9,2177.9,732.8,2155.3,732.8,2155.3,928.5,2170.4,1028.0,2179.5,1132.1,2168.5,1341.1,2158.3,1390.5,2142.3,1271.5,2275.5,1141.7,2329.6,1031.1,2343.3,925.1,2334.6,791.1,2279.5,679.3,2141.7
318.0,5.283,684.3,2149.0,807.7,2102.0,938.3,2072.3,1033.7,2096.7,1134.6,2071.7,1266.9,2103.9,1383.3,2147.8,1334.0,2164.7,1138.8,2179.1,1034.7,2193.8,936.7,2184.2,736.0,2162.7,736.0,2162.7,928.4,2172.8,1025.7,2182.0,1128.5,2170.8,1334.0,2164.7,1383.3,2147.8,1263.7,2276.1,1136.5,2327.8,1027.5,2341.6,923.7,2332.8,794.4,2279.5,684.3,2149.0
319.0,5.3,688.6,2150.6,808.9,2107.2,936.0,2076.6,1031.2,2101.9,1133.3,2076.4,1262.2,2109.4,1377.4,2150.9,1327.2,2169.0,1137.1,2181.9,1032.0,2196.3,934.1,2186.0,738.5,2164.9,738.5,2164.9,923.3,2176.7,1020.3,2186.4,1124.3,2174.2,1327.2,2169.0,1377.4,2150.9,1255.9,2275.8,1130.3,2329.0,1020.0,2344.1,916.8,2334.3,793.1,2280.1,688.6,2150.6
320.0,5.317,695.7,2154.4,810.4,2112.9,930.4,2085.6,1031.9,2110.7,1143.2,2084.7,1267.5,2114.5,1373.9,2152.7,1325.1,2169.6,1146.9,2180.5,1032.5,2196.5,928.9,2185.2,744.0,2167.0,744.0,2167.0,919.3,2186.8,1022.5,2198.0,1136.0,2182.5,1325.1,2169.6,1373.9,2152.7,1262.0,2267.4,1141.4,2322.5,1022.2,2340.1,913.6,2329.3,795.8,2275.2,695.7,2154.4
321.0,5.333,694.8,2153.7,811.5,2116.5,931.7,2091.2,1029.4,2115.8,1136.0,2090.8,1260.8,2117.3,1372.3,2150.8,1323.4,2167.6,1140.5,2183.1,1030.9,2198.6,931.1,2187.8,742.6,2166.1,742.6,2166.1,922.2,2182.0,1021.3,2192.4,1129.8,2178.6,1323.4,2167.6,1372.3,2150.8,1256.8,2260.6,1135.7,2312.9,1021.5,2328.7,916.9,2319.1,798.7,2267.6,694.8,2153.7
322.0,5.35,693.5,2153.7,811.7,2115.4,933.0,2092.1,1028.7,2115.9,1133.6,2090.0,1258.5,2114.4,1372.0,2146.5,1323.6,2162.4,1139.2,2180.7,1031.1,2197.1,933.6,2187.2,741.3,2164.6,741.3,2164.6,927.0,2180.2,1024.0,2189.4,1130.6,2174.9,1323.6,2162.4,1372.0,2146.5,1257.4,2254.1,1136.6,2306.0,1024.6,2322.3,921.8,2314.1,800.8,2265.0,693.5,2153.7
323.0,5.367,693.4,2153.0,811.0,2114.1,932.1,2091.3,1027.8,2114.8,1133.1,2087.7,1257.3,2112.0,1370.6,2143.3,1322.1,2158.5,1139.4,2178.2,1030.7,2195.3,933.4,2185.9,741.2,2163.0,741.2,2163.0,928.3,2177.3,1025.3,2186.0,1132.4,2170.7,1322.1,2158.5,1370.6,2143.3,1258.1,2249.5,1138.7,2301.5,1026.5,2318.6,923.6,2311.2,801.7,2263.4,693.4,2153.0
324.0,5.383,692.7,2151.4,810.3,2112.7,931.1,2090.2,1027.2,2113.7,1133.3,2086.3,1257.4,2110.3,1370.3,2141.1,1322.1,2156.1,1139.7,2176.4,1030.0,2193.8,932.5,2184.3,740.4,2161.1,740.4,2161.1,927.6,2177.1,1024.9,2185.9,1132.9,2170.1,1322.1,2156.1,1370.3,2141.1,1258.2,2246.7,1139.0,2299.6,1026.0,2317.2,922.7,2309.7,801.0,2261.6,692.7,2151.4
325.0,5.4,690.1,2150.3,808.4,2111.4,929.4,2089.3,1025.3,2112.7,1131.3,2085.0,1255.7,2108.4,1369.0,2138.9,1320.8,2154.1,1137.8,2174.6,1028.3,2192.5,930.9,2183.3,737.5,2160.1,737.5,2160.1,925.8,2175.8,1022.9,2184.4,1130.8,2168.4,1320.8,2154.1,1369.0,2138.9,1256.5,2244.5,1136.7,2297.6,1023.9,2315.5,920.7,2307.8,798.9,2259.6,690.1,2150.3
326.0,5.417,688.4,2149.6,806.8,2111.1,928.0,2087.8,1024.1,2111.0,1130.7,2082.5,1254.2,2106.8,1367.4,2136.4,1319.3,2151.6,1137.1,2171.8,1026.9,2190.2,929.6,2181.1,735.5,2159.0,735.5,2159.0,924.9,2173.9,1022.0,2182.4,1130.5,2166.0,1319.3,2151.6,1367.4,2136.4,1255.0,2242.5,1136.4,2295.2,1023.1,2313.6,919.9,2306.2,797.4,2258.4,688.4,2149.6
327.0,5.433,685.4,2148.1,803.5,2110.4,925.5,2086.7,1021.6,2110.0,1128.2,2081.6,1252.3,2106.3,1366.2,2135.5,1318.2,2150.3,1134.9,2171.2,1024.5,2189.2,927.3,2179.9,732.8,2157.4,732.8,2157.4,923.4,2173.0,1020.6,2181.6,1129.2,2165.5,1318.2,2150.3,1366.2,2135.5,1254.2,2241.7,1135.5,2294.3,1022.1,2312.2,918.8,2305.2,795.2,2257.3,685.4,2148.1
328.0,5.45,684.2,2147.4,802.5,2108.1,924.0,2085.5,1020.4,2109.0,1127.2,2080.4,1251.5,2103.9,1365.2,2134.3,1317.1,2148.9,1134.2,2170.5,1023.7,2188.9,926.1,2179.7,731.8,2156.5,731.8,2156.5,921.9,2172.9,1019.4,2181.5,1128.1,2165.1,1317.1,2148.9,1365.2,2134.3,1253.7,2240.4,1134.5,2293.8,1020.9,2312.0,917.4,2304.9,793.8,2257.2,684.2,2147.4
329.0,5.467,683.2,2147.6,801.9,2107.8,924.0,2084.0,1019.4,2107.5,1124.9,2078.5,1249.4,2103.0,1364.4,2133.5,1315.9,2148.1,1132.0,2169.8,1022.6,2188.0,926.2,2179.1,730.7,2156.5,730.7,2156.5,922.5,2170.8,1018.8,2179.0,1126.3,2163.1,1315.9,2148.1,1364.4,2133.5,1251.9,2240.0,1132.8,2293.4,1020.3,2311.6,917.8,2304.7,793.7,2257.0,683.2,2147.6
330.0,5.483,682.2,2147.4,800.5,2107.4,922.3,2083.5,1018.3,2107.1,1124.6,2078.2,1249.2,2102.4,1364.0,2133.3,1315.4,2147.7,1131.6,2168.9,1021.3,2187.2,924.3,2178.3,729.6,2155.9,729.6,2155.9,920.4,2171.4,1017.3,2179.9,1125.6,2163.7,1315.4,2147.7,1364.0,2133.3,1251.3,2239.1,1131.6,2292.7,1018.3,2310.9,915.3,2303.8,791.9,2255.8,682.2,2147.4
331.0,5.5,682.0,2146.5,800.1,2106.2,921.5,2082.9,1018.1,2106.6,1125.0,2077.6,1249.6,2101.9,1363.1,2133.1,1314.9,2147.1,1131.8,2168.7,1021.1,2187.0,923.4,2178.0,729.7,2154.9,729.7,2154.9,919.7,2169.9,1017.3,2178.7,1126.2,2162.6,1314.9,2147.1,1363.1,2133.1,1252.0,2239.1,1132.5,2292.1,1018.8,2310.2,915.0,2302.7,791.7,2254.5,682.0,2146.5
332.0,5.517,681.4,2145.8,799.7,2105.0,920.9,2081.4,1017.9,2105.1,1125.0,2076.2,1250.3,2100.6,1364.1,2132.7,1315.5,2146.6,1131.8,2167.9,1020.7,2186.4,922.6,2177.4,729.4,2154.2,729.4,2154.2,918.6,2169.1,1016.5,2178.2,1125.6,2162.2,1315.5,2146.6,1364.1,2132.7,1252.4,2238.7,1132.1,2291.6,1018.1,2309.6,914.1,2301.8,791.3,2253.6,681.4,2145.8
333.0,5.533,680.2,2146.1,798.5,2105.0,919.8,2081.2,1017.2,2104.7,1124.8,2075.6,1249.5,2100.0,1363.3,2131.7,1314.6,2145.8,1131.8,2167.0,1020.2,2185.6,921.8,2176.7,728.2,2154.4,728.2,2154.4,917.7,2168.8,1016.0,2177.6,1125.7,2161.3,1314.6,2145.8,1363.3,2131.7,1251.8,2237.8,1132.1,2291.3,1017.6,2309.4,913.2,2302.1,790.1,2254.0,680.2,2146.1
334.0,5.55,679.1,2146.1,798.4,2106.0,920.1,2081.2,1017.3,2104.5,1124.8,2074.6,1248.7,2099.6,1362.7,2130.5,1314.2,2145.2,1131.4,2165.8,1019.9,2184.9,921.8,2176.1,726.8,2154.6,726.8,2154.6,917.5,2168.0,1015.5,2176.6,1124.8,2160.1,1314.2,2145.2,1362.7,2130.5,1250.3,2237.0,1131.2,2290.1,1016.9,2308.6,913.0,2301.4,789.6,2253.8,679.1,2146.1
335.0,5.567,679.1,2145.4,799.0,2105.6,921.2,2080.9,1017.7,2104.1,1124.3,2074.6,1248.4,2099.5,1362.8,2130.0,1314.2,2145.0,1131.2,2166.1,1020.5,2184.9,923.1,2176.2,726.9,2154.3,726.9,2154.3,918.7,2167.9,1016.0,2176.5,1124.5,2160.2,1314.2,2145.0,1362.8,2130.0,1250.2,2237.9,1131.0,2290.8,1017.6,2309.1,914.2,2302.0,790.2,2254.3,679.1,2145.4
336.0,5.583,679.2,2145.6,799.5,2105.0,921.3,2080.5,1017.9,2103.7,1124.5,2073.8,1248.5,2098.7,1362.7,2129.8,1314.3,2144.6,1131.0,2164.9,1020.4,2184.2,922.9,2175.6,726.8,2154.4,726.8,2154.4,918.4,2168.0,1015.7,2176.7,1124.2,2160.3,1314.3,2144.6,1362.7,2129.8,1250.0,2237.8,1130.5,2290.3,1017.1,2308.7,913.8,2301.4,790.1,2253.8,679.2,2145.6
337.0,5.6,679.1,2145.5,798.7,2103.8,920.3,2079.9,1017.5,2103.3,1124.7,2074.2,1249.3,2098.5,1363.2,2130.6,1314.6,2145.3,1131.6,2165.8,1020.3,2184.6,922.1,2175.8,727.0,2154.2,727.0,2154.2,917.0,2168.3,1015.0,2177.1,1124.2,2160.9,1314.6,2145.3,1363.2,2130.6,1250.6,2237.4,1130.5,2290.7,1016.4,2308.8,912.3,2301.2,789.3,2253.2,679.1,2145.5
338.0,5.617,678.8,2145.9,797.4,2104.5,919.1,2080.0,1016.8,2103.6,1125.0,2073.9,1249.1,2098.8,1362.8,2130.8,1314.3,2145.1,1131.8,2165.4,1019.6,2184.4,920.9,2175.4,726.7,2154.2,726.7,2154.2,916.7,2168.0,1015.3,2176.8,1125.4,2160.4,1314.3,2145.1,1362.8,2130.8,1251.1,2237.2,1131.9,2290.5,1016.8,2308.9,912.2,2301.6,788.6,2253.6,678.8,2145.9
339.0,5.633,678.9,2144.9,798.2,2104.6,920.1,2080.3,1017.2,2104.1,1124.5,2074.7,1248.8,2099.4,1363.0,2130.7,1314.5,2145.1,1131.2,2166.7,1019.9,2185.2,921.7,2176.1,726.8,2153.5,726.8,2153.5,917.2,2168.2,1015.2,2177.1,1124.4,2161.0,1314.5,2145.1,1363.0,2130.7,1250.4,2237.9,1130.7,2291.4,1016.5,2309.4,912.5,2301.9,789.0,2253.5,678.9,2144.9
340.0,5.65,677.1,2144.3,797.4,2103.9,919.5,2080.2,1016.6,2104.0,1123.8,2075.5,1248.9,2099.3,1362.9,2131.2,1314.3,2146.6,1130.6,2167.1,1019.7,2185.2,921.2,2176.0,725.2,2154.4,725.2,2154.4,915.6,2168.5,1013.7,2177.4,1122.9,2161.5,1314.3,2146.6,1362.9,2131.2,1249.9,2238.3,1129.7,2291.4,1015.4,2309.2,911.4,2301.5,787.9,2253.3,677.1,2144.3
341.0,5.667,677.6,2145.4,796.9,2103.2,919.2,2079.7,1016.2,2103.5,1123.5,2075.3,1248.8,2098.8,1362.2,2131.5,1314.0,2146.7,1131.2,2166.9,1020.0,2184.9,921.7,2175.8,725.8,2155.4,725.8,2155.4,916.3,2169.0,1014.2,2177.7,1123.7,2161.4,1314.0,2146.7,1362.2,2131.5,1250.4,2238.0,1130.4,2291.2,1016.0,2309.0,912.0,2301.4,787.7,2253.5,677.6,2145.4
342.0,5.683,676.6,2146.7,796.0,2103.3,918.1,2079.8,1015.1,2103.3,1122.1,2075.0,1247.5,2097.8,1361.0,2131.5,1312.4,2146.9,1130.0,2166.7,1019.2,2184.9,920.9,2176.1,724.9,2156.8,724.9,2156.8,914.9,2169.5,1012.8,2177.9,1121.9,2161.4,1312.4,2146.9,1361.0,2131.5,1249.0,2237.4,1128.8,2290.7,1014.7,2308.6,910.8,2301.3,786.8,2254.1,676.6,2146.7
343.0,5.7,674.7,2146.3,793.5,2103.5,916.0,2079.3,1012.9,2103.1,1120.4,2074.3,1245.8,2098.2,1360.2,2131.0,1311.2,2146.7,1128.6,2166.7,1017.2,2184.8,919.1,2176.0,722.6,2156.2,722.6,2156.2,913.4,2169.2,1011.2,2177.6,1121.0,2161.0,1311.2,2146.7,1360.2,2131.0,1247.5,2237.4,1127.3,2291.5,1012.7,2309.8,908.7,2302.5,784.4,2254.5,674.7,2146.3
344.0,5.717,673.9,2146.8,792.5,2103.8,915.0,2079.1,1011.6,2102.7,1118.8,2074.1,1244.5,2098.3,1358.9,2131.4,1309.8,2146.8,1126.9,2165.7,1015.8,2183.9,917.9,2175.3,721.7,2156.5,721.7,2156.5,912.6,2169.8,1010.2,2178.3,1119.6,2161.6,1309.8,2146.8,1358.9,2131.4,1246.3,2237.7,1125.9,2291.1,1011.7,2309.2,907.9,2302.0,783.7,2254.5,673.9,2146.8
345.0,5.733,673.9,2147.5,792.1,2104.0,914.4,2079.6,1011.0,2103.2,1118.3,2074.4,1243.6,2098.5,1358.0,2131.8,1309.1,2147.0,1126.5,2166.0,1015.2,2184.3,917.5,2175.7,721.5,2156.9,721.5,2156.9,912.3,2170.6,1009.8,2178.8,1119.4,2162.0,1309.1,2147.0,1358.0,2131.8,1245.6,2237.5,1125.4,2291.0,1011.1,2309.3,907.4,2302.2,783.2,2254.7,673.9,2147.5
346.0,5.75,674.3,2146.9,792.0,2104.1,914.0,2079.6,1010.4,2103.1,1117.2,2075.1,1243.1,2099.2,1358.0,2132.7,1308.9,2147.7,1125.3,2166.6,1014.7,2184.2,916.9,2175.4,722.5,2156.4,722.5,2156.4,911.7,2171.4,1009.3,2179.8,1118.4,2163.8,1308.9,2147.7,1358.0,2132.7,1245.6,2238.8,1125.1,2291.6,1011.1,2308.9,907.5,2302.0,783.6,2254.6,674.3,2146.9
347.0,5.767,674.9,2147.5,793.2,2103.9,915.5,2079.6,1011.4,2102.9,1117.5,2074.7,1243.3,2098.8,1358.6,2132.4,1309.5,2147.5,1125.9,2166.3,1015.9,2184.0,918.8,2175.4,723.1,2157.0,723.1,2157.0,913.7,2172.0,1010.7,2180.1,1119.1,2164.0,1309.5,2147.5,1358.6,2132.4,1246.1,2239.0,1125.8,2291.8,1012.5,2309.2,909.5,2302.6,784.8,2255.5,674.9,2147.5
348.0,5.783,674.7,2147.6,793.8,2103.7,916.2,2079.6,1011.9,2103.3,1117.7,2074.7,1243.8,2098.7,1359.3,2132.7,1310.3,2147.8,1125.8,2167.1,1016.0,2185.2,919.1,2176.7,722.8,2157.1,722.8,2157.1,913.5,2171.2,1010.1,2179.5,1118.1,2163.4,1310.3,2147.8,1359.3,2132.7,1245.8,2239.4,1124.5,2292.5,1011.6,2310.2,908.9,2302.9,784.7,2255.1,674.7,2147.6
349.0,5.8,675.4,2148.0,794.0,2103.9,916.2,2079.6,1012.2,2102.9,1118.7,2074.3,1244.2,2098.4,1359.3,2132.0,1310.3,2147.5,1127.0,2166.0,1016.5,2184.2,919.3,2175.8,723.4,2157.6,723.4,2157.6,913.6,2171.7,1010.5,2179.8,1119.3,2163.3,1310.3,2147.5,1359.3,2132.0,1246.1,2238.7,1125.5,2291.9,1012.0,2309.7,908.9,2302.7,784.9,2255.2,675.4,2148.0
350.0,5.817,675.4,2147.1,794.0,2103.4,916.1,2078.9,1012.5,2102.4,1119.1,2074.0,1244.9,2097.7,1359.7,2131.4,1310.7,2146.9,1127.2,2166.0,1016.8,2184.0,919.1,2175.4,723.8,2156.8,723.8,2156.8,913.3,2170.9,1010.6,2179.2,1119.4,2162.9,1310.7,2146.9,1359.7,2131.4,1246.9,2238.2,1126.3,2291.8,1012.6,2309.6,909.2,2302.5,785.2,2255.0,675.4,2147.1
351.0,5.833,675.7,2147.4,794.8,2102.8,917.0,2078.0,1013.4,2101.0,1120.0,2072.2,1245.5,2096.2,1360.4,2129.8,1311.2,2145.6,1128.4,2164.2,1017.8,2182.6,920.2,2174.5,724.0,2157.1,724.0,2157.1,914.3,2170.3,1011.6,2178.3,1120.4,2161.6,1311.2,2145.6,1360.4,2129.8,1247.6,2237.1,1127.5,2290.6,1013.8,2308.8,910.4,2302.1,786.1,2255.1,675.7,2147.4
352.0,5.85,676.1,2146.3,794.7,2101.3,916.8,2076.7,1013.0,2099.8,1119.4,2071.2,1245.3,2095.2,1360.3,2129.4,1311.1,2144.7,1127.9,2163.9,1017.6,2182.1,920.2,2174.0,724.6,2155.7,724.6,2155.7,914.5,2168.7,1011.7,2176.6,1120.3,2160.2,1311.1,2144.7,1360.3,2129.4,1247.9,2236.5,1127.4,2289.7,1013.9,2307.5,910.6,2300.8,786.2,2253.8,676.1,2146.3
353.0,5.867,677.1,2145.7,795.5,2101.3,917.7,2076.7,1013.3,2099.8,1119.1,2071.3,1244.5,2095.5,1359.9,2129.2,1310.9,2144.5,1127.6,2163.2,1017.8,2181.3,921.1,2173.1,725.2,2155.0,725.2,2155.0,915.6,2169.1,1012.0,2177.1,1120.0,2160.7,1310.9,2144.5,1359.9,2129.2,1247.0,2236.2,1126.7,2289.0,1013.9,2306.6,911.3,2300.0,786.8,2252.9,677.1,2145.7
354.0,5.883,678.0,2145.6,795.5,2101.4,917.2,2075.8,1013.2,2098.6,1119.4,2070.1,1244.5,2095.2,1359.7,2128.8,1310.7,2144.2,1127.8,2162.6,1017.5,2180.5,920.5,2172.4,726.3,2154.7,726.3,2154.7,914.8,2168.3,1011.7,2176.3,1120.1,2160.1,1310.7,2144.2,1359.7,2128.8,1246.9,2235.9,1127.0,2288.4,1013.7,2305.8,910.8,2299.4,787.0,2252.6,678.0,2145.6
355.0,5.9,676.9,2145.5,795.3,2101.1,917.4,2075.8,1012.9,2098.5,1118.5,2070.0,1244.0,2094.9,1359.7,2128.5,1310.7,2143.9,1126.8,2162.1,1017.1,2180.1,920.5,2172.1,725.2,2154.7,725.2,2154.7,914.9,2168.2,1011.3,2176.1,1119.2,2159.9,1310.7,2143.9,1359.7,2128.5,1246.3,2235.6,1126.0,2287.6,1013.3,2304.9,910.8,2298.5,786.7,2251.8,676.9,2145.5
356.0,5.917,675.7,2145.1,794.1,2100.5,915.9,2075.6,1012.0,2098.8,1118.4,2070.2,1243.8,2095.2,1358.9,2129.6,1310.0,2144.7,1126.4,2162.5,1016.0,2180.6,918.7,2172.2,723.9,2154.4,723.9,2154.4,912.8,2168.2,1009.8,2176.5,1118.4,2160.4,1310.0,2144.7,1358.9,2129.6,1245.5,2236.3,1124.9,2288.6,1011.4,2305.9,908.4,2298.9,784.9,2251.4,675.7,2145.1
357.0,5.933,674.1,2145.2,793.1,2100.7,915.1,2076.2,1010.9,2099.7,1116.9,2071.3,1242.9,2095.9,1357.9,2130.9,1309.0,2145.8,1124.5,2163.1,1014.6,2181.2,917.4,2172.7,722.3,2154.7,722.3,2154.7,911.7,2168.2,1008.5,2176.8,1116.6,2160.8,1309.0,2145.8,1357.9,2130.9,1244.3,2237.3,1123.0,2289.2,1009.9,2306.6,907.1,2299.0,783.6,2251.5,674.1,2145.2
358.0,5.95,673.7,2145.7,790.8,2102.1,912.3,2076.2,1008.5,2099.8,1115.0,2071.6,1240.5,2097.2,1355.2,2131.9,1305.9,2146.7,1122.3,2163.8,1012.0,2181.4,914.6,2172.6,722.0,2154.7,722.0,2154.7,909.3,2168.2,1006.5,2176.9,1115.2,2161.2,1305.9,2146.7,1355.2,2131.9,1242.2,2237.6,1121.8,2290.0,1008.1,2307.3,905.0,2299.9,782.1,2252.2,673.7,2145.7
359.0,5.967,673.7,2147.1,790.8,2102.1,911.7,2076.9,1008.1,2100.2,1114.8,2071.9,1240.2,2097.2,1354.7,2132.6,1305.7,2146.9,1122.3,2164.0,1011.7,2181.7,914.1,2173.2,722.2,2155.6,722.2,2155.6,908.8,2169.2,1006.3,2177.8,1115.1,2162.0,1305.7,2146.9,1354.7,2132.6,1242.2,2238.1,1121.8,2290.2,1008.0,2307.3,904.6,2300.1,782.0,2252.6,673.7,2147.1
360.0,5.983,673.2,2146.9,790.5,2102.5,911.2,2077.3,1008.3,2101.0,1115.5,2072.4,1240.6,2098.1,1355.1,2133.4,1305.8,2147.8,1122.8,2165.6,1011.7,2183.4,913.4,2174.6,721.9,2155.5,721.9,2155.5,907.9,2169.3,1006.0,2178.0,1115.4,2162.1,1305.8,2147.8,1355.1,2133.4,1242.3,2238.9,1122.3,2291.1,1007.8,2308.5,904.0,2301.2,781.5,2254.0,673.2,2146.9
361.0,6.0,673.2,2147.7,791.1,2103.4,911.9,2078.2,1009.0,2102.0,1116.1,2073.9,1241.2,2099.7,1355.1,2135.0,1306.5,2149.2,1122.8,2166.1,1011.9,2183.9,913.5,2174.8,721.4,2156.5,721.4,2156.5,908.2,2169.7,1006.3,2178.5,1115.4,2163.1,1306.5,2149.2,1355.1,2135.0,1242.4,2239.9,1122.2,2291.8,1007.9,2309.3,904.1,2301.5,781.9,2254.1,673.2,2147.7
362.0,6.017,672.8,2149.0,790.6,2104.5,911.4,2078.9,1009.0,2102.7,1116.5,2074.4,1241.5,2100.7,1354.7,2136.7,1306.4,2150.0,1122.8,2166.4,1011.5,2184.3,912.7,2175.2,721.3,2157.1,721.3,2157.1,908.4,2170.2,1007.0,2179.2,1116.5,2163.7,1306.4,2150.0,1354.7,2136.7,1243.2,2241.0,1123.3,2292.3,1008.7,2309.7,904.4,2302.0,781.8,2254.8,672.8,2149.0
363.0,6.033,673.6,2149.6,791.0,2104.3,911.5,2079.2,1009.8,2103.3,1117.9,2075.3,1242.7,2102.0,1354.7,2138.7,1306.4,2152.0,1124.5,2167.3,1012.5,2184.9,913.1,2175.6,722.0,2158.2,722.0,2158.2,908.7,2170.3,1008.0,2179.6,1118.1,2164.2,1306.4,2152.0,1354.7,2138.7,1244.6,2242.2,1125.4,2292.8,1010.0,2310.1,905.1,2302.0,782.4,2255.2,673.6,2149.6
364.0,6.05,673.8,2150.9,791.4,2105.1,912.4,2080.3,1010.3,2104.3,1118.0,2076.4,1242.7,2103.3,1354.7,2140.1,1306.8,2153.3,1124.7,2168.0,1013.2,2185.3,914.2,2176.0,722.4,2159.5,722.4,2159.5,910.4,2171.4,1009.3,2180.5,1118.9,2165.5,1306.8,2153.3,1354.7,2140.1,1245.2,2243.1,1126.5,2293.2,1011.7,2310.1,907.2,2302.2,783.6,2255.6,673.8,2150.9
365.0,6.067,674.8,2152.8,791.8,2105.2,913.0,2079.9,1011.6,2104.2,1120.1,2075.8,1245.4,2103.7,1356.8,2142.4,1309.1,2154.6,1126.7,2168.0,1014.4,2185.4,914.7,2176.2,723.7,2160.9,723.7,2160.9,911.9,2170.9,1011.7,2180.1,1122.0,2165.1,1309.1,2154.6,1356.8,2142.4,1248.8,2244.3,1130.0,2293.4,1014.4,2310.4,908.9,2302.4,784.7,2256.3,674.8,2152.8
366.0,6.083,677.2,2153.8,794.4,2106.4,915.7,2079.4,1014.7,2103.5,1123.5,2075.4,1248.9,2105.0,1359.7,2144.3,1312.0,2156.5,1129.6,2168.3,1016.9,2185.5,916.7,2176.1,726.5,2162.0,726.5,2162.0,913.7,2169.9,1014.0,2179.6,1124.8,2165.0,1312.0,2156.5,1359.7,2144.3,1251.9,2246.7,1133.2,2294.5,1017.1,2311.0,911.2,2302.8,787.0,2257.0,677.2,2153.8
367.0,6.1,681.0,2155.0,797.4,2106.4,918.9,2079.4,1019.2,2103.9,1130.1,2075.4,1255.1,2105.9,1364.7,2145.7,1317.2,2157.8,1136.7,2169.3,1021.7,2186.5,920.3,2176.8,730.6,2163.5,730.6,2163.5,917.6,2170.2,1019.2,2180.2,1132.2,2165.3,1317.2,2157.8,1364.7,2145.7,1258.6,2247.8,1140.9,2295.8,1022.8,2312.5,915.4,2304.2,790.5,2258.1,681.0,2155.0
368.0,6.117,683.4,2155.7,801.8,2108.9,924.0,2081.6,1027.3,2105.5,1141.5,2077.3,1266.5,2107.4,1374.4,2144.9,1327.7,2158.5,1147.9,2170.5,1029.5,2188.1,925.3,2178.2,733.8,2165.7,733.8,2165.7,922.0,2172.9,1026.5,2183.7,1142.9,2168.2,1327.7,2158.5,1374.4,2144.9,1270.1,2250.3,1153.3,2299.1,1031.9,2316.1,921.8,2307.7,795.4,2260.9,683.4,2155.7
369.0,6.133,688.6,2161.2,806.1,2108.7,931.0,2079.5,1034.9,2103.2,1148.8,2074.7,1277.9,2104.6,1385.7,2146.2,1338.8,2158.0,1156.3,2169.0,1038.3,2186.4,933.8,2177.4,740.7,2169.6,740.7,2169.6,934.0,2178.3,1039.5,2188.7,1155.9,2173.6,1338.8,2158.0,1385.7,2146.2,1287.1,2254.7,1169.6,2306.4,1048.0,2323.8,936.5,2316.5,805.2,2269.6,688.6,2161.2
370.0,6.15,694.0,2163.2,815.5,2093.1,946.3,2056.8,1044.9,2079.7,1149.0,2050.6,1285.3,2082.3,1396.0,2137.7,1347.6,2150.0,1159.1,2160.4,1051.1,2177.2,951.4,2171.6,750.3,2172.9,750.3,2172.9,953.1,2169.1,1053.8,2176.3,1160.9,2162.7,1347.6,2150.0,1396.0,2137.7,1300.1,2258.8,1180.7,2313.4,1067.5,2331.0,960.1,2326.4,819.4,2282.1,694.0,2163.2
371.0,6.167,703.2,2169.8,815.8,2084.4,948.8,2040.5,1050.3,2063.9,1155.0,2031.7,1296.7,2065.9,1402.0,2135.2,1351.5,2147.7,1167.8,2155.7,1059.4,2172.1,957.0,2168.5,763.5,2177.3,763.5,2177.3,960.9,2184.5,1065.6,2190.3,1174.6,2175.6,1351.5,2147.7,1402.0,2135.2,1319.6,2276.3,1200.5,2346.3,1084.2,2367.4,972.2,2364.0,825.9,2312.4,703.2,2169.8
372.0,6.183,707.5,2178.8,816.1,2082.6,949.3,2033.7,1054.5,2057.6,1162.4,2024.9,1305.4,2063.1,1408.7,2142.2,1356.6,2153.9,1176.5,2154.4,1064.7,2170.3,958.9,2167.1,768.7,2185.3,768.7,2185.3,962.9,2187.3,1070.9,2193.1,1183.5,2178.2,1356.6,2153.9,1408.7,2142.2,1329.7,2283.6,1210.8,2355.6,1090.7,2377.3,975.2,2374.1,828.4,2322.6,707.5,2178.8
373.0,6.2,717.3,2177.3,824.0,2083.8,957.8,2040.3,1062.5,2061.8,1171.7,2028.7,1312.4,2060.3,1410.8,2134.3,1361.1,2146.4,1184.5,2139.6,1071.4,2158.2,967.3,2155.5,774.8,2181.8,774.8,2181.8,974.2,2231.4,1082.1,2238.2,1196.3,2219.7,1361.1,2146.4,1410.8,2134.3,1338.3,2292.4,1221.2,2374.7,1100.4,2399.1,985.5,2395.9,837.0,2336.3,717.3,2177.3
374.0,6.217,729.9,2174.5,829.9,2082.5,964.0,2042.0,1069.0,2062.6,1179.8,2027.7,1318.2,2054.5,1409.0,2126.3,1360.8,2138.6,1193.0,2128.4,1078.3,2149.1,975.0,2146.7,785.3,2176.4,785.3,2176.4,985.6,2264.8,1094.2,2271.2,1211.1,2247.9,1360.8,2138.6,1409.0,2126.3,1348.0,2298.3,1235.3,2393.8,1112.3,2422.9,996.6,2420.8,845.3,2354.2,729.9,2174.5
375.0,6.233,738.2,2176.6,838.6,2084.4,971.6,2044.5,1075.2,2063.9,1184.2,2030.2,1319.6,2057.2,1410.0,2128.0,1362.1,2140.6,1196.8,2126.2,1084.0,2146.6,982.3,2144.6,792.5,2178.4,792.5,2178.4,991.7,2272.9,1098.6,2279.1,1213.6,2255.8,1362.1,2140.6,1410.0,2128.0,1347.6,2301.6,1236.7,2395.6,1115.7,2423.7,1002.2,2422.2,852.9,2356.2,738.2,2176.6
376.0,6.25,746.7,2178.6,841.9,2084.1,972.2,2044.2,1078.5,2064.1,1190.5,2029.2,1323.7,2056.4,1408.4,2129.9,1360.5,2141.1,1203.3,2125.4,1087.4,2146.6,983.3,2144.3,800.7,2178.2,800.7,2178.2,993.4,2275.2,1102.8,2281.3,1221.2,2255.8,1360.5,2141.1,1408.4,2129.9,1351.6,2300.4,1243.1,2396.3,1119.0,2426.1,1003.0,2424.2,856.3,2358.1,746.7,2178.6
377.0,6.267,749.4,2180.9,850.4,2087.3,982.4,2049.1,1088.3,2068.2,1200.2,2033.4,1332.9,2058.7,1419.6,2129.4,1371.7,2141.1,1212.8,2126.5,1097.0,2148.3,993.2,2146.5,802.9,2181.4,802.9,2181.4,1002.9,2275.1,1111.9,2280.9,1229.8,2255.4,1371.7,2141.1,1419.6,2129.4,1360.1,2297.3,1251.3,2391.4,1127.8,2420.9,1012.5,2419.6,864.2,2355.7,749.4,2180.9
378.0,6.283,756.5,2186.2,854.6,2089.4,983.3,2047.7,1090.6,2066.2,1203.4,2031.8,1333.5,2060.2,1419.5,2134.0,1370.0,2146.5,1216.7,2128.4,1099.9,2149.4,994.8,2148.1,810.3,2187.0,810.3,2187.0,1003.3,2264.6,1113.2,2269.4,1232.1,2244.0,1370.0,2146.5,1419.5,2134.0,1359.9,2294.7,1253.9,2385.0,1129.4,2414.0,1013.4,2413.5,869.1,2354.8,756.5,2186.2
379.0,6.3,759.8,2187.5,861.7,2089.5,994.9,2045.5,1100.4,2064.3,1209.6,2029.6,1342.9,2059.2,1432.2,2134.1,1381.9,2147.4,1223.3,2132.3,1110.3,2152.6,1006.7,2151.9,815.4,2188.9,815.4,2188.9,1015.5,2261.6,1123.7,2265.7,1238.9,2241.9,1381.9,2147.4,1432.2,2134.1,1371.1,2301.4,1263.6,2393.0,1142.2,2421.5,1027.4,2421.9,878.0,2362.6,759.8,2187.5
380.0,6.317,768.5,2186.0,871.8,2094.3,1004.8,2053.9,1104.8,2071.5,1209.0,2037.3,1339.0,2063.3,1429.2,2130.4,1379.9,2144.4,1222.9,2130.9,1114.9,2151.7,1017.3,2151.4,821.8,2187.4,821.8,2187.4,1027.5,2269.4,1129.9,2272.4,1240.0,2247.6,1379.9,2144.4,1429.2,2130.4,1367.3,2297.7,1262.4,2388.8,1146.7,2417.5,1037.7,2419.1,888.3,2361.2,768.5,2186.0
381.0,6.333,770.2,2188.0,873.2,2093.9,1004.5,2052.6,1108.1,2070.5,1216.2,2036.2,1345.8,2063.1,1434.4,2133.2,1384.5,2146.7,1229.8,2132.2,1118.0,2153.1,1016.5,2152.6,824.2,2189.3,824.2,2189.3,1025.7,2262.8,1131.8,2266.1,1245.8,2241.2,1384.5,2146.7,1434.4,2133.2,1373.2,2294.3,1268.5,2383.8,1148.8,2412.6,1036.4,2413.8,888.9,2357.7,770.2,2188.0
382.0,6.35,777.7,2185.0,884.7,2098.3,1020.0,2058.8,1115.8,2075.0,1215.2,2040.7,1344.9,2062.6,1437.0,2123.3,1387.9,2139.4,1229.6,2131.2,1126.6,2152.7,1033.4,2153.5,831.0,2187.2,831.0,2187.2,1044.4,2275.1,1142.5,2276.6,1247.9,2250.9,1387.9,2139.4,1437.0,2123.3,1374.7,2296.5,1271.3,2391.0,1160.4,2420.7,1055.6,2424.3,902.9,2367.4,777.7,2185.0
383.0,6.367,785.3,2186.2,883.3,2098.0,1011.1,2058.5,1110.2,2075.5,1214.5,2040.5,1336.3,2064.9,1419.0,2128.8,1370.2,2143.3,1228.0,2130.2,1120.1,2152.1,1023.5,2151.7,837.3,2186.3,837.3,2186.3,1033.1,2269.2,1134.5,2271.3,1244.8,2243.4,1370.2,2143.3,1419.0,2128.8,1362.5,2290.9,1265.1,2381.8,1149.6,2412.2,1042.1,2414.9,898.5,2360.4,785.3,2186.2
384.0,6.383,790.0,2184.4,888.3,2098.5,1021.6,2059.7,1115.3,2076.7,1213.2,2041.3,1337.1,2062.7,1420.0,2123.8,1371.9,2139.5,1227.1,2130.5,1125.7,2152.1,1034.7,2152.3,842.6,2183.8,842.6,2183.8,1045.9,2287.4,1142.3,2288.5,1246.7,2260.1,1371.9,2139.5,1420.0,2123.8,1365.9,2303.0,1267.7,2402.9,1158.1,2434.1,1054.8,2437.8,904.5,2377.6,790.0,2184.4
385.0,6.4,789.8,2182.1,888.7,2099.5,1022.7,2061.2,1116.0,2078.7,1213.2,2043.3,1338.2,2064.1,1422.4,2123.7,1374.0,2139.6,1227.1,2132.0,1126.3,2153.7,1035.7,2153.6,842.6,2181.9,842.6,2181.9,1047.4,2286.7,1143.4,2288.0,1247.2,2260.2,1374.0,2139.6,1422.4,2123.7,1367.2,2303.3,1268.3,2402.8,1159.2,2433.8,1056.3,2437.2,905.3,2376.3,789.8,2182.1
386.0,6.417,791.6,2182.4,889.8,2100.0,1023.7,2061.3,1115.5,2078.4,1211.2,2043.1,1335.9,2063.4,1419.7,2122.7,1371.2,2138.6,1225.1,2131.0,1125.9,2152.6,1036.9,2152.8,844.3,2181.8,844.3,2181.8,1049.1,2289.2,1143.7,2290.1,1246.0,2262.2,1371.2,2138.6,1419.7,2122.7,1365.4,2304.0,1267.2,2404.2,1159.6,2435.1,1058.1,2439.0,907.0,2378.0,791.6,2182.4
387.0,6.433,792.5,2180.3,892.3,2098.9,1028.0,2061.7,1117.3,2078.6,1210.0,2043.0,1334.7,2061.7,1418.6,2119.2,1370.8,2135.2,1223.9,2130.1,1127.7,2152.1,1041.2,2152.7,845.2,2179.0,845.2,2179.0,1054.2,2291.8,1146.3,2292.2,1245.5,2264.2,1370.8,2135.2,1418.6,2119.2,1364.9,2303.7,1266.9,2405.4,1162.4,2436.8,1063.1,2441.2,909.8,2379.6,792.5,2180.3
388.0,6.45,790.3,2176.6,889.0,2096.4,1024.7,2059.7,1113.4,2076.7,1204.8,2040.8,1328.4,2059.8,1412.4,2116.2,1364.3,2132.4,1219.0,2128.6,1124.1,2150.6,1038.3,2151.3,842.9,2174.5,842.9,2174.5,1051.4,2287.2,1142.7,2287.0,1240.7,2258.7,1364.3,2132.4,1412.4,2116.2,1358.8,2301.9,1261.6,2403.4,1158.4,2434.8,1059.7,2439.6,906.3,2378.3,790.3,2176.6
389.0,6.467,796.2,2174.3,888.0,2091.6,1022.8,2055.8,1110.3,2072.8,1201.0,2036.6,1321.6,2056.2,1399.9,2115.2,1352.9,2130.4,1215.1,2121.1,1121.1,2143.1,1036.8,2143.4,847.3,2169.8,847.3,2169.8,1051.4,2298.0,1141.7,2297.8,1239.3,2267.9,1352.9,2130.4,1399.9,2115.2,1352.7,2305.6,1258.7,2410.5,1156.2,2442.7,1058.2,2447.5,905.6,2383.6,796.2,2174.3
390.0,6.483,790.6,2178.2,879.1,2093.2,1010.3,2055.4,1106.7,2072.9,1207.1,2036.0,1330.4,2056.2,1408.5,2119.9,1360.4,2135.6,1221.9,2122.7,1118.1,2145.6,1024.9,2145.2,843.5,2174.7,843.5,2174.7,1040.1,2293.9,1139.6,2294.7,1247.1,2263.9,1360.4,2135.6,1408.5,2119.9,1364.1,2303.3,1269.2,2408.0,1156.5,2441.5,1049.8,2445.5,899.1,2383.6,790.6,2178.2
391.0,6.5,790.2,2177.5,879.8,2091.9,1013.0,2054.4,1108.5,2071.7,1207.4,2034.8,1332.7,2054.4,1412.8,2118.5,1364.5,2134.3,1222.5,2121.5,1120.3,2144.1,1028.1,2143.9,843.5,2173.8,843.5,2173.8,1044.6,2296.0,1143.5,2296.5,1249.4,2266.3,1364.5,2134.3,1412.8,2118.5,1368.6,2305.6,1272.6,2411.5,1161.2,2444.8,1054.9,2449.0,901.4,2386.4,790.2,2177.5
392.0,6.517,788.4,2180.7,880.4,2093.6,1009.2,2054.8,1106.8,2072.2,1209.4,2036.2,1332.2,2057.8,1413.1,2122.4,1364.7,2136.8,1223.5,2121.7,1117.5,2144.3,1022.8,2143.9,839.7,2178.4,839.7,2178.4,1036.5,2282.4,1136.8,2283.9,1245.9,2254.5,1364.7,2136.8,1413.1,2122.4,1362.8,2292.5,1266.4,2389.7,1152.1,2421.8,1045.4,2424.9,898.7,2367.0,788.4,2180.7
393.0,6.533,789.7,2174.7,887.0,2093.7,1016.4,2056.0,1109.0,2073.5,1205.6,2037.7,1326.3,2059.0,1409.5,2117.3,1361.3,2132.6,1219.7,2126.9,1119.5,2149.3,1029.5,2149.0,841.7,2174.0,841.7,2174.0,1041.3,2265.1,1136.2,2265.9,1238.9,2237.6,1361.3,2132.6,1409.5,2117.3,1354.5,2286.6,1259.2,2380.0,1151.4,2411.1,1049.7,2414.5,903.5,2358.7,789.7,2174.7
394.0,6.55,775.8,2173.3,882.3,2093.1,1007.4,2052.1,1105.3,2069.9,1206.2,2034.7,1327.0,2060.9,1419.9,2118.9,1368.0,2133.1,1220.5,2137.3,1115.7,2159.1,1019.8,2158.6,830.5,2174.8,830.5,2174.8,1027.4,2205.0,1126.2,2205.6,1231.5,2181.1,1368.0,2133.1,1419.9,2118.9,1351.1,2259.0,1254.0,2335.9,1142.8,2363.9,1038.0,2367.3,898.3,2325.7,775.8,2173.3
395.0,6.567,780.6,2174.3,882.6,2087.3,1006.1,2039.4,1103.4,2057.7,1202.8,2021.0,1321.2,2052.8,1409.9,2117.9,1356.8,2131.5,1218.0,2136.2,1114.7,2157.1,1019.2,2157.4,837.8,2174.6,837.8,2174.6,1026.9,2181.4,1125.2,2180.4,1229.1,2156.3,1356.8,2131.5,1409.9,2117.9,1346.5,2253.7,1254.3,2328.3,1144.0,2356.4,1039.2,2361.5,900.1,2325.0,780.6,2174.3
396.0,6.583,770.9,2174.9,880.6,2086.5,1004.9,2040.6,1104.1,2058.5,1204.2,2024.5,1327.3,2054.7,1423.1,2121.5,1369.1,2136.0,1218.8,2140.0,1115.1,2160.1,1016.8,2160.3,829.0,2178.5,829.0,2178.5,1020.9,2175.6,1121.0,2175.5,1225.2,2154.5,1369.1,2136.0,1423.1,2121.5,1350.0,2252.2,1250.8,2321.3,1140.0,2346.5,1033.8,2350.3,895.7,2314.7,770.9,2174.9
397.0,6.6,772.7,2173.4,873.5,2082.2,991.0,2036.5,1096.0,2055.4,1203.5,2019.8,1321.5,2052.2,1409.2,2122.6,1355.4,2134.0,1217.9,2135.8,1106.7,2156.4,1002.9,2155.4,830.7,2174.0,830.7,2174.0,1007.8,2164.1,1113.7,2164.4,1225.5,2141.3,1355.4,2134.0,1409.2,2122.6,1343.9,2240.7,1250.4,2307.5,1132.0,2334.0,1020.6,2337.2,888.7,2304.6,772.7,2173.4
398.0,6.617,769.2,2171.7,869.6,2084.8,985.1,2038.2,1091.7,2057.7,1202.1,2022.6,1318.7,2056.6,1408.1,2125.6,1353.2,2136.2,1215.0,2136.5,1100.8,2156.9,995.3,2154.7,825.9,2172.3,825.9,2172.3,998.9,2154.7,1106.0,2156.2,1220.2,2133.6,1353.2,2136.2,1408.1,2125.6,1337.1,2234.0,1242.4,2295.3,1121.7,2320.6,1009.7,2322.7,882.5,2292.3,769.2,2171.7
399.0,6.633,769.4,2171.4,873.5,2086.3,990.2,2039.0,1093.5,2058.0,1200.7,2023.5,1316.3,2057.4,1409.0,2124.4,1354.1,2136.2,1213.1,2134.5,1102.0,2154.8,1000.0,2153.1,824.8,2173.2,824.8,2173.2,1002.5,2155.8,1105.8,2156.9,1216.7,2134.6,1354.1,2136.2,1409.0,2124.4,1332.5,2232.4,1237.1,2292.0,1119.9,2317.1,1011.8,2319.4,884.6,2289.9,769.4,2171.4
400.0,6.65,770.1,2171.8,874.6,2085.9,990.6,2038.8,1094.5,2057.9,1202.2,2023.1,1317.7,2057.0,1409.6,2124.4,1354.8,2136.3,1214.5,2134.6,1102.8,2155.2,1000.1,2153.5,825.6,2173.6,825.6,2173.6,1002.3,2155.9,1106.3,2157.2,1217.7,2135.0,1354.8,2136.3,1409.6,2124.4,1333.7,2232.9,1238.3,2293.3,1120.5,2318.6,1011.8,2320.5,885.2,2290.4,770.1,2171.8
401.0,6.667,769.3,2171.4,877.4,2087.4,991.5,2044.2,1094.5,2060.7,1202.1,2027.4,1314.1,2056.8,1405.4,2119.7,1351.8,2133.0,1214.9,2130.1,1103.5,2151.7,1001.6,2150.9,823.4,2175.2,823.4,2175.2,1002.2,2152.7,1105.2,2152.5,1216.2,2128.8,1351.8,2133.0,1405.4,2119.7,1328.7,2218.5,1235.7,2272.8,1119.0,2298.0,1011.9,2301.6,887.0,2278.4,769.3,2171.4
402.0,6.683,769.1,2171.4,872.4,2085.9,984.8,2041.0,1093.6,2059.1,1208.2,2025.1,1320.7,2057.3,1408.0,2123.7,1354.1,2135.6,1220.5,2131.7,1101.9,2153.1,994.1,2151.0,823.9,2174.1,823.9,2174.1,994.8,2151.0,1103.7,2152.3,1221.9,2128.0,1354.1,2135.6,1408.0,2123.7,1334.2,2220.0,1241.1,2276.1,1117.0,2301.9,1004.1,2303.8,881.6,2277.7,769.1,2171.4
403.0,6.7,770.0,2169.8,874.5,2083.4,987.6,2040.1,1094.8,2058.0,1207.1,2023.9,1319.5,2055.6,1407.6,2121.5,1354.0,2133.7,1219.8,2131.1,1103.5,2152.5,997.4,2150.8,825.0,2172.8,825.0,2172.8,998.2,2151.8,1105.3,2152.8,1221.2,2128.9,1354.0,2133.7,1407.6,2121.5,1333.9,2221.4,1241.1,2278.3,1119.3,2304.0,1007.8,2306.3,883.9,2279.4,770.0,2169.8
404.0,6.717,767.9,2167.6,879.9,2086.5,995.0,2043.4,1095.3,2059.1,1200.3,2026.4,1312.3,2055.4,1407.2,2115.6,1353.5,2129.4,1212.8,2126.2,1103.9,2147.8,1004.6,2147.4,821.2,2172.4,821.2,2172.4,1004.9,2148.7,1104.9,2148.2,1213.1,2125.2,1353.5,2129.4,1407.2,2115.6,1325.6,2212.5,1231.8,2263.5,1118.1,2287.8,1014.1,2291.8,888.9,2270.4,767.9,2167.6
405.0,6.733,766.9,2168.6,875.4,2085.4,988.7,2042.5,1094.2,2059.0,1205.1,2026.1,1316.8,2055.5,1406.9,2118.6,1353.7,2130.5,1217.5,2125.8,1102.6,2147.6,998.1,2146.3,820.9,2172.0,820.9,2172.0,999.6,2145.3,1105.1,2145.5,1219.3,2121.6,1353.7,2130.5,1406.9,2118.6,1330.9,2208.3,1238.5,2258.0,1118.7,2282.8,1009.5,2286.3,885.5,2266.0,766.9,2168.6
406.0,6.75,764.2,2167.9,874.5,2085.5,988.0,2042.3,1092.7,2058.5,1202.8,2025.5,1314.5,2055.2,1406.4,2117.3,1352.9,2130.1,1215.0,2125.7,1100.8,2147.7,997.1,2146.7,817.5,2172.2,817.5,2172.2,997.2,2143.4,1101.5,2143.6,1214.8,2119.9,1352.9,2130.1,1406.4,2117.3,1326.8,2207.7,1233.0,2256.5,1114.3,2281.0,1006.2,2284.1,882.9,2263.8,764.2,2167.9
407.0,6.767,764.5,2165.6,871.2,2080.9,985.9,2037.5,1091.5,2055.6,1201.9,2021.7,1316.0,2053.0,1406.8,2117.8,1353.2,2129.8,1214.4,2128.4,1100.0,2149.8,995.4,2148.1,819.4,2168.7,819.4,2168.7,996.7,2146.7,1102.3,2147.8,1216.1,2124.7,1353.2,2129.8,1406.8,2117.8,1330.7,2218.1,1236.0,2273.7,1116.2,2298.7,1006.2,2300.8,880.7,2274.4,764.5,2165.6
408.0,6.783,762.7,2164.6,873.8,2082.7,988.3,2040.2,1089.6,2056.5,1195.6,2023.7,1308.3,2053.2,1403.4,2114.3,1349.5,2127.6,1208.3,2125.4,1098.2,2146.9,998.1,2146.2,816.0,2169.3,816.0,2169.3,998.0,2143.1,1098.9,2143.0,1208.1,2120.4,1349.5,2127.6,1403.4,2114.3,1321.3,2209.6,1226.4,2260.3,1111.6,2284.4,1006.6,2287.7,882.2,2265.7,762.7,2164.6
409.0,6.8,761.5,2167.3,868.4,2082.1,980.8,2039.9,1089.1,2057.7,1203.4,2025.4,1316.1,2057.2,1405.1,2123.5,1352.4,2133.6,1214.8,2126.5,1096.6,2147.3,989.1,2144.9,815.6,2170.4,815.6,2170.4,990.1,2142.9,1098.5,2144.8,1216.0,2122.2,1352.4,2133.6,1405.1,2123.5,1329.0,2210.8,1234.4,2258.6,1111.2,2281.8,999.3,2283.3,876.7,2260.7,761.5,2167.3
410.0,6.817,762.0,2168.1,872.7,2083.3,989.3,2040.8,1092.2,2058.8,1199.5,2026.0,1314.9,2057.3,1409.8,2122.2,1356.6,2133.7,1211.7,2130.9,1100.4,2151.7,998.3,2150.2,816.6,2171.8,816.6,2171.8,999.5,2147.0,1102.4,2148.1,1212.6,2126.9,1356.6,2133.7,1409.8,2122.2,1329.2,2219.9,1231.8,2270.8,1115.7,2293.8,1008.5,2295.8,881.5,2270.8,762.0,2168.1
411.0,6.833,763.3,2167.4,873.8,2081.9,990.9,2039.5,1093.8,2057.8,1200.9,2024.9,1317.7,2056.4,1413.2,2121.9,1360.0,2132.5,1213.4,2131.7,1102.2,2152.3,1000.0,2150.7,818.5,2170.6,818.5,2170.6,1002.0,2145.2,1104.9,2146.5,1215.1,2125.7,1360.0,2132.5,1413.2,2121.9,1333.0,2219.9,1234.8,2271.0,1118.7,2293.6,1011.3,2295.6,883.5,2269.8,763.3,2167.4
412.0,6.85,761.4,2166.9,872.1,2082.3,988.1,2039.7,1090.4,2057.3,1196.7,2024.7,1312.2,2056.2,1408.6,2121.0,1354.8,2132.4,1209.0,2129.6,1098.5,2150.3,997.1,2148.9,816.1,2170.5,816.1,2170.5,997.9,2143.6,1100.0,2144.4,1209.5,2123.5,1354.8,2132.4,1408.6,2121.0,1326.2,2217.4,1228.6,2266.7,1113.3,2289.1,1006.9,2291.5,880.9,2267.6,761.4,2166.9
413.0,6.867,760.3,2167.3,870.5,2081.7,985.6,2038.9,1091.2,2056.6,1201.4,2024.2,1317.5,2055.8,1411.1,2122.0,1357.9,2132.4,1213.3,2128.4,1099.1,2149.2,994.3,2147.5,815.3,2170.7,815.3,2170.7,995.7,2142.4,1101.3,2144.0,1214.6,2122.8,1357.9,2132.4,1411.1,2122.0,1331.8,2214.5,1234.3,2262.8,1115.1,2285.3,1005.5,2287.1,879.9,2263.5,760.3,2167.3
414.0,6.883,757.5,2167.2,869.7,2082.3,985.4,2039.9,1090.1,2056.8,1199.8,2025.7,1315.1,2056.6,1410.0,2122.1,1357.3,2132.8,1211.5,2125.2,1097.8,2145.6,993.8,2143.9,811.8,2171.5,811.8,2171.5,994.7,2140.3,1099.5,2141.5,1212.2,2120.7,1357.3,2132.8,1410.0,2122.1,1328.7,2209.1,1231.4,2252.6,1113.0,2274.0,1004.6,2276.5,878.8,2256.5,757.5,2167.2
415.0,6.9,756.2,2166.0,871.4,2084.6,989.8,2041.9,1090.3,2058.3,1195.1,2027.0,1311.8,2056.5,1411.7,2118.3,1358.1,2130.9,1207.3,2126.1,1098.6,2146.7,998.9,2145.8,810.0,2171.3,810.0,2171.3,1000.0,2144.5,1100.3,2144.9,1208.1,2124.5,1358.1,2130.9,1411.7,2118.3,1326.0,2211.8,1227.3,2258.2,1113.7,2280.1,1009.5,2283.4,881.1,2262.4,756.2,2166.0
416.0,6.917,757.5,2166.2,870.0,2083.8,985.4,2041.3,1089.5,2058.0,1198.5,2027.2,1313.5,2057.6,1409.2,2121.0,1356.2,2132.4,1210.2,2125.5,1097.2,2145.8,993.8,2144.2,811.5,2171.0,811.5,2171.0,994.4,2139.6,1098.5,2140.8,1210.5,2120.1,1356.2,2132.4,1409.2,2121.0,1326.7,2208.1,1229.8,2251.5,1112.0,2272.9,1004.4,2275.5,879.1,2255.8,757.5,2166.2
417.0,6.933,758.2,2167.4,873.7,2086.7,992.0,2044.8,1092.3,2061.1,1197.5,2029.6,1314.3,2058.6,1414.9,2118.5,1361.7,2131.5,1210.1,2127.4,1100.8,2148.1,1001.4,2147.3,811.4,2172.9,811.4,2172.9,1002.5,2147.7,1102.6,2148.2,1210.8,2127.5,1361.7,2131.5,1414.9,2118.5,1328.7,2212.3,1229.5,2259.5,1115.8,2281.8,1011.7,2284.9,883.3,2263.1,758.2,2167.4
418.0,6.95,758.1,2167.3,872.9,2086.2,989.8,2043.1,1090.8,2059.5,1196.1,2028.4,1311.6,2058.5,1410.1,2119.9,1356.7,2132.7,1208.1,2128.0,1098.9,2148.4,998.6,2147.5,812.0,2172.9,812.0,2172.9,998.6,2141.7,1099.5,2142.3,1207.6,2122.0,1356.7,2132.7,1410.1,2119.9,1324.8,2211.7,1227.1,2256.5,1113.2,2278.0,1008.5,2281.0,882.0,2260.7,758.1,2167.3
419.0,6.967,757.2,2166.1,872.6,2085.6,991.3,2044.4,1092.2,2061.1,1197.7,2029.2,1315.2,2057.5,1415.1,2117.6,1362.0,2130.4,1210.5,2128.4,1100.9,2149.5,1000.9,2148.5,811.0,2171.7,811.0,2171.7,1002.4,2147.4,1103.1,2148.0,1211.6,2126.8,1362.0,2130.4,1415.1,2117.6,1330.2,2213.2,1231.1,2261.8,1116.9,2284.6,1012.0,2287.6,882.6,2265.1,757.2,2166.1
420.0,6.983,758.0,2166.6,872.9,2084.9,989.9,2042.1,1090.3,2058.6,1194.8,2027.2,1310.3,2057.4,1409.4,2118.9,1355.9,2131.8,1207.1,2127.5,1098.5,2148.1,998.9,2147.4,811.7,2172.3,811.7,2172.3,998.8,2141.3,1098.8,2141.8,1206.2,2121.4,1355.9,2131.8,1409.4,2118.9,1323.4,2211.8,1225.4,2257.2,1112.3,2278.9,1008.3,2281.8,881.6,2261.1,758.0,2166.6
421.0,7.0,754.8,2165.9,870.5,2083.5,989.6,2042.2,1090.7,2058.9,1195.8,2026.6,1315.0,2054.8,1416.7,2116.1,1363.0,2128.7,1209.0,2128.3,1099.7,2149.7,999.5,2149.0,809.4,2171.1,809.4,2171.1,1000.9,2144.3,1101.8,2144.7,1210.0,2123.9,1363.0,2128.7,1416.7,2116.1,1330.9,2212.9,1230.1,2262.0,1116.2,2284.7,1010.9,2287.9,880.8,2265.4,754.8,2165.9
422.0,7.017,756.3,2164.8,871.4,2084.1,989.8,2041.1,1088.5,2057.7,1191.3,2026.4,1307.6,2056.9,1408.2,2117.5,1355.0,2130.1,1203.8,2126.7,1097.0,2146.5,999.1,2145.7,810.1,2170.3,810.1,2170.3,1000.0,2140.1,1098.6,2140.3,1204.3,2120.6,1355.0,2130.1,1408.2,2117.5,1322.2,2211.4,1224.1,2256.3,1112.6,2277.4,1009.9,2280.8,881.2,2260.4,756.3,2164.8
423.0,7.033,753.3,2165.4,868.4,2082.8,988.1,2040.6,1088.4,2057.7,1192.8,2025.4,1312.9,2054.4,1415.6,2116.0,1361.6,2128.4,1206.3,2128.2,1097.7,2149.1,998.2,2148.4,807.8,2170.5,807.8,2170.5,1000.0,2141.9,1100.2,2142.3,1207.7,2122.1,1361.6,2128.4,1415.6,2116.0,1329.3,2212.8,1228.0,2261.9,1114.6,2284.4,1009.8,2287.5,879.3,2264.7,753.3,2165.4
424.0,7.05,754.2,2166.3,870.4,2083.5,990.0,2041.0,1088.7,2057.6,1191.3,2026.5,1309.5,2056.5,1411.6,2118.5,1358.7,2130.1,1204.2,2126.1,1097.5,2146.0,999.6,2145.3,808.4,2171.4,808.4,2171.4,1001.7,2140.8,1100.4,2140.9,1205.8,2121.6,1358.7,2130.1,1411.6,2118.5,1325.6,2210.8,1226.0,2254.5,1114.8,2275.3,1012.1,2278.9,881.4,2259.3,754.2,2166.3
425.0,7.067,754.4,2166.0,869.7,2082.8,989.8,2039.3,1088.1,2056.3,1190.1,2024.0,1310.6,2053.6,1415.5,2115.5,1361.2,2127.5,1203.8,2128.2,1097.7,2148.6,1000.2,2148.2,809.4,2170.4,809.4,2170.4,1002.7,2139.9,1100.9,2139.9,1205.8,2120.6,1361.2,2127.5,1415.5,2115.5,1328.1,2212.0,1226.6,2260.4,1115.8,2282.1,1013.1,2285.9,881.9,2264.3,754.4,2166.0
426.0,7.083,756.5,2164.4,871.0,2079.9,990.5,2037.5,1088.3,2054.5,1189.6,2022.0,1308.0,2051.9,1410.1,2114.5,1356.8,2125.8,1203.4,2124.9,1097.9,2145.4,1001.0,2145.1,811.0,2168.4,811.0,2168.4,1004.1,2139.1,1101.8,2138.9,1206.1,2119.0,1356.8,2125.8,1410.1,2114.5,1325.7,2210.7,1226.5,2258.3,1116.5,2280.4,1014.2,2284.2,882.9,2263.1,756.5,2164.4
427.0,7.1,753.5,2163.3,869.0,2079.7,988.5,2036.9,1086.6,2053.9,1188.3,2021.8,1307.3,2052.2,1411.0,2114.7,1357.3,2125.9,1201.6,2124.2,1095.8,2144.4,998.5,2144.0,808.1,2167.5,808.1,2167.5,1000.9,2136.8,1098.9,2136.8,1203.5,2117.5,1357.3,2125.9,1411.0,2114.7,1324.1,2209.3,1223.6,2254.9,1113.2,2276.0,1010.9,2279.7,880.3,2259.0,753.5,2163.3
428.0,7.117,752.8,2161.6,867.9,2079.2,987.3,2037.3,1085.4,2054.0,1186.9,2021.7,1305.4,2051.0,1407.9,2112.3,1354.6,2123.6,1200.3,2123.5,1094.8,2144.1,997.5,2143.7,807.5,2165.7,807.5,2165.7,1000.5,2137.6,1098.6,2137.3,1203.0,2117.5,1354.6,2123.6,1407.9,2112.3,1323.0,2208.3,1223.6,2254.9,1113.4,2276.5,1011.0,2280.5,879.8,2260.0,752.8,2161.6
429.0,7.133,752.2,2162.1,867.2,2079.7,986.1,2037.0,1084.5,2053.6,1186.6,2021.1,1304.6,2051.0,1407.2,2112.2,1353.6,2123.8,1200.0,2123.0,1093.7,2143.8,996.3,2143.4,806.5,2166.3,806.5,2166.3,998.7,2137.2,1096.9,2137.0,1202.0,2116.9,1353.6,2123.8,1407.2,2112.2,1321.4,2207.6,1221.9,2254.1,1111.2,2275.8,1008.6,2279.7,878.5,2259.0,752.2,2162.1
430.0,7.15,752.6,2160.7,868.1,2079.9,987.3,2037.2,1084.5,2053.5,1185.2,2021.5,1302.9,2050.8,1405.7,2110.5,1352.3,2122.9,1198.6,2122.7,1093.9,2143.3,997.6,2143.1,806.8,2165.6,806.8,2165.6,999.7,2137.5,1096.7,2137.0,1200.3,2116.9,1352.3,2122.9,1405.7,2110.5,1319.4,2207.6,1220.5,2254.4,1111.2,2276.1,1009.8,2280.4,879.3,2260.0,752.6,2160.7
431.0,7.167,753.7,2161.1,868.9,2078.8,988.4,2035.9,1085.6,2052.6,1185.9,2020.2,1304.3,2050.0,1407.7,2111.0,1354.2,2122.7,1199.5,2122.6,1095.0,2143.3,998.8,2143.1,807.9,2165.3,807.9,2165.3,1001.3,2135.7,1098.1,2135.3,1201.4,2115.6,1354.2,2122.7,1407.7,2111.0,1321.3,2207.6,1221.5,2254.1,1112.6,2275.8,1011.3,2279.8,880.4,2259.3,753.7,2161.1
432.0,7.183,754.6,2158.7,870.6,2077.7,990.1,2034.8,1087.1,2051.4,1187.6,2019.0,1305.5,2048.4,1408.9,2108.0,1355.4,2120.6,1201.1,2121.3,1096.4,2141.9,1000.4,2141.7,808.5,2163.7,808.5,2163.7,1002.4,2134.4,1099.1,2134.0,1202.5,2114.3,1355.4,2120.6,1408.9,2108.0,1322.1,2205.7,1222.7,2252.8,1113.6,2274.6,1012.4,2278.6,881.6,2257.8,754.6,2158.7
433.0,7.2,755.2,2158.8,869.7,2076.3,988.7,2034.1,1085.9,2050.9,1186.4,2018.5,1304.3,2047.7,1407.4,2108.2,1354.1,2120.0,1200.3,2120.5,1095.6,2141.0,999.5,2140.7,809.1,2163.1,809.1,2163.1,1002.0,2135.0,1098.8,2134.6,1202.3,2114.7,1354.1,2120.0,1407.4,2108.2,1321.7,2205.0,1222.6,2252.7,1113.4,2274.6,1012.1,2278.7,881.3,2257.8,755.2,2158.8
434.0,7.217,752.7,2159.5,868.0,2076.0,986.3,2033.3,1084.1,2049.6,1185.1,2017.8,1303.7,2047.6,1407.4,2109.5,1353.8,2121.3,1198.5,2119.5,1093.4,2139.9,996.6,2139.7,807.0,2164.2,807.0,2164.2,997.9,2133.9,1095.5,2133.8,1199.3,2114.7,1353.8,2121.3,1407.4,2109.5,1320.2,2205.4,1219.9,2250.8,1110.2,2271.7,1008.4,2275.5,878.9,2255.3,752.7,2159.5
435.0,7.233,753.2,2156.9,866.3,2074.1,984.6,2031.9,1082.4,2049.1,1183.5,2016.3,1302.2,2046.4,1404.8,2107.7,1351.3,2119.1,1197.1,2120.5,1091.7,2140.9,995.0,2140.4,807.7,2160.7,807.7,2160.7,997.8,2135.0,1095.4,2135.3,1199.6,2115.8,1351.3,2119.1,1404.8,2107.7,1320.0,2207.3,1220.3,2256.8,1110.2,2278.7,1008.0,2282.1,878.1,2258.7,753.2,2156.9
436.0,7.25,751.7,2157.9,866.0,2075.5,983.2,2032.6,1080.3,2048.3,1181.0,2016.9,1297.7,2046.6,1400.6,2107.6,1347.0,2119.5,1194.3,2116.2,1089.6,2136.5,993.4,2136.4,805.2,2162.6,805.2,2162.6,994.7,2131.8,1091.6,2131.4,1195.2,2112.0,1347.0,2119.5,1400.6,2107.6,1314.0,2200.9,1215.4,2244.8,1106.1,2265.7,1005.2,2269.9,876.9,2251.3,751.7,2157.9
437.0,7.267,750.3,2158.8,861.5,2072.8,979.9,2029.6,1080.0,2047.2,1183.7,2014.2,1304.2,2044.9,1406.2,2109.6,1352.4,2120.1,1197.4,2119.5,1089.6,2140.1,990.6,2139.3,805.4,2161.8,805.4,2161.8,994.2,2135.8,1094.3,2136.5,1201.0,2117.0,1352.4,2120.1,1406.2,2109.6,1323.3,2208.1,1222.5,2258.4,1109.8,2280.6,1005.0,2283.8,874.6,2259.9,750.3,2158.8
438.0,7.283,750.9,2157.4,862.9,2071.1,982.4,2027.7,1079.6,2044.8,1179.3,2011.8,1299.4,2042.5,1401.7,2106.6,1348.1,2116.9,1193.7,2118.3,1089.8,2138.5,993.7,2138.5,806.1,2160.2,806.1,2160.2,998.1,2130.9,1095.4,2130.7,1198.2,2111.6,1348.1,2116.9,1401.7,2106.6,1320.0,2206.6,1220.5,2255.4,1111.7,2277.0,1009.6,2281.3,877.1,2259.3,750.9,2157.4
439.0,7.3,750.5,2157.1,864.9,2073.9,982.5,2030.8,1079.3,2046.6,1179.1,2014.7,1296.2,2044.0,1399.1,2105.0,1345.3,2116.9,1193.0,2115.2,1089.0,2135.7,993.4,2136.0,804.2,2161.6,804.2,2161.6,995.1,2128.9,1091.6,2128.2,1194.4,2108.8,1345.3,2116.9,1399.1,2105.0,1313.5,2199.0,1215.2,2243.5,1106.7,2264.9,1005.9,2269.5,876.7,2251.4,750.5,2157.1
440.0,7.317,751.4,2157.1,862.4,2071.0,979.9,2028.0,1079.1,2045.4,1181.6,2012.4,1300.6,2042.4,1402.3,2106.1,1348.5,2116.7,1195.7,2117.3,1088.9,2137.7,991.0,2137.2,805.9,2159.8,805.9,2159.8,993.9,2132.4,1092.9,2132.6,1198.6,2113.0,1348.5,2116.7,1402.3,2106.1,1319.4,2203.6,1219.8,2253.7,1108.1,2275.8,1004.5,2279.4,875.0,2256.4,751.4,2157.1
441.0,7.333,751.0,2155.4,865.7,2072.6,983.5,2029.6,1079.0,2045.0,1177.4,2013.2,1294.5,2042.2,1398.7,2102.7,1345.0,2114.7,1191.3,2113.8,1088.8,2134.2,994.3,2134.7,804.6,2159.8,804.6,2159.8,995.5,2128.2,1090.8,2127.3,1192.2,2108.0,1345.0,2114.7,1398.7,2102.7,1311.6,2197.7,1212.8,2242.1,1105.7,2263.1,1006.3,2268.0,877.2,2249.9,751.0,2155.4
442.0,7.35,751.0,2156.0,862.3,2069.2,981.2,2026.0,1080.4,2042.8,1182.8,2009.9,1303.3,2039.9,1405.0,2104.1,1351.5,2114.8,1197.2,2114.7,1090.6,2135.2,992.7,2135.1,806.0,2159.1,806.0,2159.1,996.6,2134.0,1095.9,2134.1,1201.7,2114.4,1351.5,2114.8,1405.0,2104.1,1323.8,2204.5,1223.9,2254.8,1112.3,2277.0,1008.3,2281.1,876.3,2258.1,751.0,2156.0
443.0,7.367,751.2,2152.2,863.5,2070.7,979.7,2027.8,1074.4,2043.1,1171.7,2010.5,1286.3,2038.8,1388.4,2097.4,1334.4,2110.1,1185.9,2110.8,1084.6,2131.8,991.1,2132.4,804.4,2156.0,804.4,2156.0,992.3,2128.2,1086.7,2126.6,1187.0,2106.2,1334.4,2110.1,1388.4,2097.4,1303.6,2195.7,1207.5,2243.5,1101.3,2265.8,1002.7,2271.2,874.8,2252.2,751.2,2152.2
444.0,7.383,748.2,2153.8,859.7,2068.5,978.3,2025.0,1075.7,2042.0,1175.9,2008.5,1294.9,2038.8,1398.0,2101.4,1344.0,2112.8,1190.6,2114.7,1086.1,2135.5,990.0,2135.5,802.7,2157.0,802.7,2157.0,992.6,2129.6,1089.7,2129.1,1193.1,2109.1,1344.0,2112.8,1398.0,2101.4,1313.9,2202.5,1214.3,2253.1,1105.0,2275.6,1003.1,2279.9,872.3,2257.1,748.2,2153.8
445.0,7.4,748.5,2152.8,861.0,2068.4,979.7,2024.8,1075.0,2041.4,1172.8,2008.3,1291.1,2037.9,1395.3,2099.2,1341.4,2110.7,1187.6,2113.4,1085.5,2133.8,991.6,2134.2,802.7,2156.0,802.7,2156.0,994.4,2126.4,1089.3,2125.3,1190.2,2105.8,1341.4,2110.7,1395.3,2099.2,1310.3,2198.6,1211.4,2247.8,1104.7,2269.9,1005.0,2274.9,874.1,2254.0,748.5,2152.8
446.0,7.417,747.6,2153.3,859.9,2068.8,977.8,2025.4,1074.5,2041.7,1174.2,2008.6,1292.3,2038.5,1396.1,2100.2,1342.1,2111.8,1188.8,2112.5,1084.7,2133.3,989.4,2133.6,801.5,2156.8,801.5,2156.8,991.6,2128.6,1087.8,2127.9,1190.7,2107.9,1342.1,2111.8,1396.1,2100.2,1310.5,2198.8,1211.2,2247.5,1102.6,2269.6,1001.7,2274.3,872.0,2253.2,747.6,2153.3
447.0,7.433,745.7,2153.6,859.4,2067.9,978.3,2024.1,1074.6,2040.4,1173.7,2008.4,1293.4,2038.4,1399.0,2101.7,1344.9,2112.7,1188.0,2111.5,1084.7,2131.4,989.4,2131.7,800.0,2157.3,800.0,2157.3,991.6,2124.7,1087.8,2123.9,1190.0,2105.1,1344.9,2112.7,1399.0,2101.7,1311.8,2196.5,1210.9,2241.5,1102.9,2262.3,1002.4,2267.1,871.8,2248.1,745.7,2153.6
448.0,7.45,748.8,2152.0,858.6,2065.2,976.6,2022.0,1075.1,2038.9,1176.2,2005.7,1296.0,2035.6,1397.8,2099.5,1344.0,2110.3,1191.0,2112.2,1085.8,2132.6,988.5,2132.6,804.1,2154.7,804.1,2154.7,992.1,2129.1,1090.6,2128.8,1195.0,2109.0,1344.0,2110.3,1397.8,2099.5,1316.8,2201.2,1217.7,2252.8,1107.2,2275.2,1004.0,2279.6,872.9,2256.5,748.8,2152.0
449.0,7.467,749.2,2152.1,861.8,2067.0,980.7,2023.2,1074.7,2039.6,1170.5,2007.0,1289.5,2037.0,1394.6,2099.2,1340.6,2110.5,1185.3,2112.8,1085.3,2132.7,992.5,2133.3,803.8,2155.2,803.8,2155.2,995.4,2125.9,1089.2,2124.8,1188.2,2106.1,1340.6,2110.5,1394.6,2099.2,1309.4,2200.0,1209.9,2248.4,1105.0,2269.6,1006.4,2274.7,875.1,2254.0,749.2,2152.1
450.0,7.483,748.2,2154.7,860.8,2068.6,978.6,2024.8,1075.0,2041.0,1174.2,2008.9,1292.6,2039.0,1396.9,2102.3,1342.9,2113.2,1188.8,2111.1,1085.3,2131.1,990.1,2131.4,802.0,2158.1,802.0,2158.1,992.3,2125.8,1088.5,2125.0,1190.8,2105.8,1342.9,2113.2,1396.9,2102.3,1311.2,2195.8,1211.5,2240.9,1103.4,2262.0,1003.0,2266.8,873.4,2248.2,748.2,2154.7
451.0,7.5,749.1,2153.2,859.3,2064.5,979.0,2020.0,1077.7,2037.4,1179.0,2004.2,1301.0,2035.7,1403.5,2101.7,1349.6,2112.2,1193.9,2113.1,1088.3,2133.3,990.8,2133.2,804.8,2156.0,804.8,2156.0,994.8,2131.0,1093.6,2131.3,1198.4,2112.1,1349.6,2112.2,1403.5,2101.7,1322.3,2206.2,1221.4,2258.2,1110.6,2280.3,1006.8,2284.2,874.0,2259.3,749.1,2153.2
452.0,7.517,755.4,2147.0,864.1,2060.7,984.2,2016.4,1078.2,2034.3,1173.1,1999.9,1293.3,2031.1,1395.3,2094.6,1341.2,2107.1,1188.5,2114.5,1089.3,2134.6,996.7,2134.9,811.6,2149.5,811.6,2149.5,1000.0,2133.9,1094.0,2133.6,1192.5,2114.2,1341.2,2107.1,1395.3,2094.6,1315.0,2214.2,1215.7,2274.1,1111.0,2297.3,1011.2,2301.3,877.8,2271.0,755.4,2147.0
453.0,7.533,748.1,2151.4,857.3,2062.9,975.5,2017.5,1073.3,2035.1,1173.7,2002.0,1294.4,2034.1,1398.4,2100.8,1343.5,2111.2,1188.1,2110.8,1083.5,2130.6,986.8,2130.4,803.1,2153.6,803.1,2153.6,989.5,2125.1,1087.2,2125.2,1190.8,2106.5,1343.5,2111.2,1398.4,2100.8,1313.7,2201.1,1212.3,2251.5,1102.5,2273.1,1000.1,2277.0,870.3,2253.2,748.1,2151.4
454.0,7.55,749.2,2150.7,860.1,2063.7,978.2,2019.9,1075.4,2037.0,1175.4,2004.0,1294.8,2034.5,1398.2,2098.9,1344.2,2109.6,1190.1,2110.4,1085.8,2130.4,989.8,2130.4,804.0,2153.5,804.0,2153.5,992.8,2125.0,1089.8,2124.6,1193.1,2105.2,1344.2,2109.6,1398.2,2098.9,1314.4,2197.5,1214.6,2247.3,1105.4,2269.3,1003.7,2273.6,873.2,2251.5,749.2,2150.7
455.0,7.567,748.3,2150.7,858.4,2065.5,974.9,2021.8,1073.2,2038.5,1175.0,2005.4,1292.8,2035.7,1394.4,2098.3,1340.3,2110.1,1189.2,2110.3,1083.2,2130.8,986.1,2130.8,802.3,2154.0,802.3,2154.0,987.6,2127.6,1085.7,2127.4,1190.8,2107.3,1340.3,2110.1,1394.4,2098.3,1310.4,2197.5,1211.6,2248.3,1100.7,2270.8,998.0,2274.7,870.1,2251.6,748.3,2150.7
456.0,7.583,744.5,2154.7,858.2,2066.3,978.2,2021.6,1075.4,2038.5,1175.4,2006.1,1297.0,2037.5,1402.9,2103.6,1348.8,2114.2,1189.6,2112.4,1085.4,2132.2,989.2,2132.4,799.4,2158.1,799.4,2158.1,991.4,2126.1,1088.5,2125.9,1191.6,2107.7,1348.8,2114.2,1402.9,2103.6,1315.6,2200.9,1212.9,2247.2,1103.9,2267.7,1002.2,2271.8,870.6,2250.8,744.5,2154.7
457.0,7.6,751.3,2152.0,859.6,2067.6,974.2,2024.7,1072.2,2041.2,1174.3,2008.3,1288.4,2038.6,1387.0,2100.4,1333.5,2112.1,1188.3,2110.8,1082.0,2131.3,985.3,2131.0,804.5,2155.1,804.5,2155.1,986.5,2129.6,1084.2,2129.1,1189.5,2108.1,1333.5,2112.1,1387.0,2100.4,1304.9,2197.1,1209.0,2246.6,1098.1,2269.3,995.9,2273.4,870.0,2251.6,751.3,2152.0
458.0,7.617,746.2,2155.4,862.0,2067.7,982.6,2023.7,1079.1,2040.0,1178.2,2008.0,1299.9,2038.0,1406.5,2102.6,1352.9,2113.0,1192.8,2112.3,1089.3,2132.2,993.9,2132.7,801.2,2159.0,801.2,2159.0,996.8,2126.5,1093.1,2125.7,1195.5,2107.1,1352.9,2113.0,1406.5,2102.6,1319.3,2198.1,1216.8,2242.6,1108.8,2263.0,1008.0,2267.7,874.9,2248.9,746.2,2155.4
459.0,7.633,754.8,2152.0,863.4,2067.1,980.2,2023.5,1076.3,2040.2,1175.5,2006.7,1291.7,2037.2,1392.2,2099.3,1338.2,2111.1,1190.2,2112.7,1086.8,2132.9,992.0,2132.9,809.1,2154.9,809.1,2154.9,994.5,2131.8,1090.6,2130.9,1193.2,2110.4,1338.2,2111.1,1392.2,2099.3,1310.7,2202.5,1214.3,2254.8,1105.9,2277.6,1005.1,2282.4,875.9,2259.2,754.8,2152.0
460.0,7.65,750.2,2155.4,864.1,2068.2,984.5,2022.9,1079.9,2040.1,1177.5,2007.1,1298.2,2038.6,1403.8,2103.3,1349.4,2114.8,1191.9,2115.9,1090.0,2135.9,995.6,2136.3,805.1,2159.0,805.1,2159.0,997.6,2127.4,1092.8,2126.8,1193.6,2108.2,1349.4,2114.8,1403.8,2103.3,1316.5,2205.1,1214.8,2253.9,1108.0,2275.3,1007.9,2279.5,876.1,2257.3,750.2,2155.4
461.0,7.667,751.1,2154.3,861.7,2069.1,978.7,2026.0,1076.8,2043.2,1178.5,2009.8,1296.1,2040.5,1397.5,2103.4,1343.6,2114.8,1192.5,2115.0,1086.5,2135.7,989.7,2135.4,805.0,2157.5,805.0,2157.5,991.5,2132.0,1089.3,2132.0,1194.2,2111.6,1343.6,2114.8,1397.5,2103.4,1313.4,2203.4,1214.2,2253.9,1103.6,2276.5,1001.1,2280.0,872.6,2256.4,751.1,2154.3
462.0,7.683,745.9,2158.1,858.1,2068.8,976.4,2023.2,1076.7,2040.0,1180.4,2007.9,1301.4,2039.8,1405.8,2107.2,1351.0,2117.9,1194.1,2113.3,1086.2,2133.0,986.9,2132.9,800.7,2161.4,800.7,2161.4,988.1,2127.3,1088.3,2127.5,1195.2,2108.8,1351.0,2117.9,1405.8,2107.2,1318.7,2200.6,1216.3,2246.5,1103.3,2267.4,998.9,2271.1,869.7,2250.6,745.9,2158.1
463.0,7.7,749.3,2154.6,861.9,2070.2,980.6,2025.4,1078.1,2042.3,1178.8,2009.2,1297.1,2039.9,1399.5,2102.4,1345.4,2115.0,1192.7,2115.6,1087.8,2136.0,991.4,2135.9,803.8,2158.7,803.8,2158.7,992.5,2131.6,1089.9,2131.2,1193.8,2111.2,1345.4,2115.0,1399.5,2102.4,1314.1,2204.6,1214.6,2255.2,1104.8,2277.6,1002.8,2281.6,872.8,2258.7,749.3,2154.6
464.0,7.717,749.7,2155.0,865.1,2066.8,987.3,2021.3,1081.6,2038.8,1177.6,2006.1,1300.5,2037.8,1407.9,2103.6,1353.8,2114.8,1192.0,2116.3,1091.7,2135.9,998.4,2136.4,805.1,2158.6,805.1,2158.6,1001.3,2127.5,1095.3,2127.0,1194.5,2109.4,1353.8,2114.8,1407.9,2103.6,1319.7,2207.5,1216.1,2256.8,1111.0,2277.7,1011.7,2281.7,877.8,2258.6,749.7,2155.0
465.0,7.733,754.5,2156.4,863.1,2066.5,982.4,2020.8,1081.7,2038.7,1183.8,2005.2,1305.0,2037.0,1405.2,2104.5,1351.2,2115.0,1198.4,2116.6,1092.2,2136.3,993.9,2136.2,810.9,2158.4,810.9,2158.4,998.0,2133.2,1097.7,2133.2,1203.3,2113.6,1351.2,2115.0,1405.2,2104.5,1326.2,2209.5,1226.2,2263.9,1114.5,2286.5,1009.7,2290.4,877.3,2264.9,754.5,2156.4
466.0,7.75,755.4,2155.1,866.8,2063.4,988.9,2015.3,1085.0,2033.9,1182.0,2000.4,1304.9,2034.9,1408.1,2104.6,1353.6,2116.2,1196.5,2117.8,1095.4,2136.9,1000.2,2137.0,812.2,2158.2,812.2,2158.2,1002.9,2129.6,1099.1,2129.6,1199.4,2112.1,1353.6,2116.2,1408.1,2104.6,1325.2,2217.4,1223.2,2272.6,1116.3,2294.3,1014.4,2297.7,880.1,2270.1,755.4,2155.1
467.0,7.767,754.5,2154.5,864.1,2060.6,984.8,2013.5,1084.2,2032.8,1185.2,1999.8,1309.1,2034.9,1410.6,2107.7,1356.6,2117.3,1199.0,2116.5,1093.8,2135.2,995.2,2134.5,811.8,2156.7,811.8,2156.7,998.6,2127.7,1098.2,2128.9,1202.7,2111.7,1356.6,2117.3,1410.6,2107.7,1329.2,2214.9,1226.1,2268.0,1115.1,2289.0,1010.0,2291.2,877.2,2263.2,754.5,2154.5
468.0,7.783,746.0,2156.7,860.9,2060.0,986.3,2009.6,1085.2,2028.8,1184.6,1996.1,1314.1,2033.5,1421.2,2110.1,1366.2,2120.1,1198.4,2118.2,1094.8,2136.4,996.3,2136.2,804.8,2160.3,804.8,2160.3,998.9,2124.9,1098.4,2126.2,1201.0,2111.0,1366.2,2120.1,1421.2,2110.1,1334.5,2221.3,1225.7,2272.0,1116.2,2291.2,1011.3,2293.5,874.0,2266.2,746.0,2156.7
469.0,7.8,747.9,2155.5,862.6,2058.0,989.4,2006.8,1087.1,2026.1,1185.1,1993.8,1315.6,2031.3,1423.4,2108.2,1368.4,2118.9,1199.2,2116.6,1097.0,2134.3,999.6,2134.3,806.9,2159.4,806.9,2159.4,1002.3,2128.2,1100.8,2129.3,1202.3,2114.4,1368.4,2118.9,1423.4,2108.2,1336.6,2223.8,1227.2,2276.8,1118.8,2296.0,1014.6,2298.5,875.9,2269.3,747.9,2155.5
470.0,7.817,747.1,2153.2,864.9,2057.2,992.3,2005.9,1090.2,2025.0,1188.2,1993.0,1319.2,2030.4,1428.0,2106.7,1373.0,2117.8,1201.6,2115.7,1099.4,2133.5,1001.6,2133.4,806.4,2158.1,806.4,2158.1,1003.8,2122.5,1102.4,2123.9,1203.7,2109.4,1373.0,2117.8,1428.0,2106.7,1339.0,2220.3,1228.9,2270.7,1120.7,2289.4,1016.6,2291.7,877.6,2263.9,747.1,2153.2
471.0,7.833,750.0,2158.3,863.4,2054.9,990.4,2001.5,1092.6,2021.6,1195.2,1988.7,1328.0,2029.2,1434.2,2111.9,1378.9,2121.6,1209.1,2116.0,1102.1,2133.5,1000.2,2133.3,810.1,2161.5,810.1,2161.5,1003.2,2126.7,1106.2,2128.7,1212.6,2114.2,1378.9,2121.6,1434.2,2111.9,1349.5,2226.4,1238.4,2280.5,1125.0,2299.8,1016.1,2301.4,877.0,2270.6,750.0,2158.3
472.0,7.85,752.3,2158.0,869.8,2053.3,999.4,1999.6,1099.6,2020.3,1198.9,1988.1,1333.5,2029.0,1440.3,2114.0,1386.0,2123.3,1211.7,2117.3,1108.2,2134.3,1007.8,2134.0,813.7,2161.8,813.7,2161.8,1011.3,2127.0,1112.7,2129.3,1215.4,2116.5,1386.0,2123.3,1440.3,2114.0,1355.1,2232.0,1242.2,2285.4,1132.2,2303.6,1024.7,2304.6,882.8,2272.9,752.3,2158.0
473.0,7.867,751.2,2160.8,861.0,2048.5,992.2,1989.1,1100.3,2011.7,1208.6,1978.6,1347.9,2024.5,1447.0,2119.1,1392.7,2128.3,1221.0,2117.3,1108.8,2133.0,999.9,2131.8,814.3,2164.2,814.3,2164.2,1002.9,2138.9,1113.6,2143.0,1226.3,2129.7,1392.7,2128.3,1447.0,2119.1,1370.0,2248.4,1254.9,2310.8,1134.5,2330.6,1017.2,2329.3,873.5,2288.3,751.2,2160.8
474.0,7.883,749.6,2164.8,862.1,2050.7,994.0,1992.7,1102.1,2016.4,1210.2,1984.9,1348.7,2031.6,1447.6,2129.2,1394.1,2137.2,1221.3,2123.3,1109.1,2137.6,999.8,2135.3,813.2,2168.4,813.2,2168.4,1001.7,2136.3,1112.0,2140.9,1224.2,2128.9,1394.1,2137.2,1447.6,2129.2,1367.2,2249.9,1250.2,2306.8,1130.5,2324.3,1013.7,2321.9,871.0,2283.0,749.6,2164.8
475.0,7.9,748.6,2162.6,862.1,2052.2,992.0,1996.4,1101.0,2020.0,1212.1,1989.6,1346.8,2036.7,1444.3,2130.6,1392.1,2138.5,1222.3,2123.2,1106.8,2137.7,996.6,2134.4,809.9,2166.7,809.9,2166.7,996.7,2131.8,1107.5,2137.2,1222.5,2124.2,1392.1,2138.5,1444.3,2130.6,1360.6,2241.6,1244.4,2293.6,1122.7,2310.6,1005.5,2307.4,866.7,2270.2,748.6,2162.6
476.0,7.917,745.3,2156.3,863.5,2056.9,993.3,2004.5,1098.5,2026.8,1206.8,1996.9,1338.4,2040.7,1438.9,2124.4,1387.4,2134.6,1215.9,2122.0,1103.4,2137.7,996.9,2134.4,804.0,2162.0,804.0,2162.0,995.4,2132.9,1102.1,2138.0,1213.7,2124.0,1387.4,2134.6,1438.9,2124.4,1348.5,2234.3,1232.4,2283.8,1114.7,2300.9,1001.7,2298.0,864.8,2261.6,745.3,2156.3
477.0,7.933,740.6,2147.2,863.2,2061.1,992.2,2013.1,1094.5,2034.8,1201.3,2005.6,1330.6,2044.7,1434.8,2117.0,1383.8,2129.6,1209.5,2121.6,1098.7,2138.3,995.0,2134.3,796.8,2155.1,796.8,2155.1,991.2,2131.2,1094.9,2136.3,1204.5,2121.4,1383.8,2129.6,1434.8,2117.0,1336.8,2223.8,1220.1,2271.2,1104.7,2288.7,995.2,2285.4,861.0,2249.9,740.6,2147.2
478.0,7.95,741.2,2139.4,864.9,2064.2,992.1,2020.8,1092.5,2041.4,1198.6,2012.4,1324.7,2047.4,1428.7,2109.2,1378.8,2124.6,1205.7,2117.6,1095.8,2135.7,994.2,2131.3,794.4,2148.6,794.4,2148.6,989.3,2145.7,1091.0,2151.5,1199.8,2135.0,1378.8,2124.6,1428.7,2109.2,1328.5,2223.0,1213.1,2275.0,1098.8,2294.0,991.6,2289.9,860.3,2249.8,741.2,2139.4
479.0,7.967,742.1,2137.5,862.7,2070.1,984.0,2031.5,1090.3,2052.4,1204.9,2022.6,1326.4,2053.5,1425.4,2107.3,1376.3,2122.7,1211.3,2121.4,1092.9,2141.0,985.7,2135.3,793.9,2145.9,793.9,2145.9,980.2,2144.5,1087.5,2151.2,1204.8,2132.0,1376.3,2122.7,1425.4,2107.3,1328.4,2210.8,1216.0,2264.8,1093.7,2286.1,981.4,2280.8,856.6,2240.1,742.1,2137.5
480.0,7.983,742.1,2132.6,866.7,2071.6,987.8,2036.0,1091.4,2055.8,1202.8,2027.4,1323.9,2055.3,1425.3,2102.6,1377.2,2119.4,1208.9,2121.8,1093.7,2141.5,989.1,2136.0,793.2,2142.4,793.2,2142.4,983.1,2140.1,1087.5,2146.5,1201.4,2127.7,1377.2,2119.4,1425.3,2102.6,1324.9,2204.2,1212.4,2255.2,1093.7,2275.7,984.5,2270.8,860.2,2232.1,742.1,2132.6
481.0,8.0,742.6,2128.5,869.7,2071.2,990.4,2039.1,1092.7,2057.6,1201.7,2030.0,1322.4,2054.9,1424.1,2097.7,1377.6,2115.2,1206.8,2121.4,1094.3,2141.8,991.0,2136.8,793.1,2138.2,793.1,2138.2,985.1,2136.1,1087.8,2141.6,1198.8,2122.5,1377.6,2115.2,1424.1,2097.7,1322.1,2199.8,1209.2,2250.7,1093.5,2271.5,986.0,2266.4,862.5,2227.9,742.6,2128.5
482.0,8.017,744.6,2124.3,873.1,2068.6,993.2,2039.0,1095.3,2056.6,1203.1,2031.2,1323.1,2054.7,1424.2,2096.5,1378.9,2114.5,1207.6,2119.2,1096.3,2139.3,993.3,2134.0,794.5,2135.3,794.5,2135.3,986.2,2136.7,1088.5,2141.8,1198.1,2123.0,1378.9,2114.5,1424.2,2096.5,1320.6,2199.5,1208.0,2247.8,1093.9,2267.9,987.3,2262.4,864.4,2225.1,744.6,2124.3
483.0,8.033,745.3,2121.8,872.7,2068.6,992.9,2040.8,1095.6,2058.9,1204.2,2034.4,1323.7,2056.9,1421.8,2097.0,1377.7,2115.0,1208.1,2120.1,1096.5,2139.4,992.8,2133.6,794.4,2133.7,794.4,2133.7,986.3,2134.5,1089.1,2139.6,1199.3,2120.8,1377.7,2115.0,1421.8,2097.0,1320.6,2198.3,1208.7,2247.2,1093.9,2267.7,986.8,2261.2,864.4,2222.9,745.3,2121.8
484.0,8.05,746.1,2120.1,873.2,2067.9,993.5,2039.8,1096.5,2058.4,1206.3,2034.0,1325.1,2057.2,1421.3,2096.8,1377.8,2115.2,1210.1,2118.4,1097.4,2137.1,993.4,2130.7,794.6,2133.6,794.6,2133.6,987.0,2133.4,1090.2,2138.8,1201.7,2119.7,1377.8,2115.2,1421.3,2096.8,1321.5,2196.9,1211.2,2245.1,1095.1,2266.1,987.7,2259.3,864.9,2221.4,746.1,2120.1
485.0,8.067,746.8,2122.1,873.3,2067.3,993.1,2039.1,1095.9,2057.6,1205.0,2032.8,1324.9,2055.6,1422.7,2097.5,1378.5,2114.5,1209.3,2118.9,1097.2,2137.8,993.2,2131.8,796.2,2133.3,796.2,2133.3,987.0,2132.8,1090.2,2138.1,1201.2,2119.4,1378.5,2114.5,1422.7,2097.5,1322.6,2195.9,1210.6,2243.9,1095.1,2264.1,987.6,2257.9,865.1,2220.6,746.8,2122.1
486.0,8.083,747.1,2120.2,874.7,2067.3,995.5,2038.1,1096.0,2057.5,1202.9,2032.2,1323.7,2056.9,1425.4,2097.9,1379.7,2113.9,1207.2,2120.1,1097.1,2138.7,995.6,2132.4,796.5,2130.8,796.5,2130.8,989.9,2131.9,1090.9,2137.8,1199.6,2120.2,1379.7,2113.9,1425.4,2097.9,1322.2,2197.8,1208.9,2245.2,1095.4,2264.8,990.0,2258.6,866.6,2220.4,747.1,2120.2
487.0,8.1,749.0,2120.6,875.9,2067.3,996.1,2037.4,1096.9,2057.2,1204.4,2031.6,1324.5,2057.1,1425.2,2098.7,1379.6,2114.5,1208.6,2120.1,1097.8,2138.8,995.9,2132.4,798.4,2131.0,798.4,2131.0,990.2,2131.0,1091.5,2137.5,1200.8,2119.9,1379.6,2114.5,1425.2,2098.7,1322.8,2198.1,1210.0,2245.7,1096.0,2265.2,990.2,2258.6,867.6,2219.8,749.0,2120.6
488.0,8.117,750.4,2121.2,877.1,2066.3,997.1,2036.8,1097.1,2056.7,1203.6,2030.8,1323.9,2057.2,1425.2,2100.4,1379.4,2115.2,1208.0,2120.6,1098.0,2139.5,997.0,2133.0,800.1,2130.8,800.1,2130.8,991.5,2129.4,1092.0,2135.9,1200.4,2118.8,1379.4,2115.2,1425.2,2100.4,1322.7,2199.2,1209.4,2245.2,1096.3,2264.1,991.1,2257.6,868.4,2219.2,750.4,2121.2
489.0,8.133,750.5,2121.9,876.7,2066.8,997.2,2036.1,1097.4,2056.4,1204.5,2030.2,1325.1,2057.6,1426.5,2101.2,1380.4,2115.8,1208.9,2120.9,1098.3,2139.6,997.1,2133.0,800.4,2131.2,800.4,2131.2,992.0,2129.6,1092.8,2136.3,1201.8,2119.1,1380.4,2115.8,1426.5,2101.2,1324.3,2199.8,1211.0,2246.5,1097.2,2265.6,991.6,2259.1,868.5,2220.4,750.5,2121.9
490.0,8.15,750.5,2122.9,876.6,2067.1,997.1,2036.8,1097.0,2057.3,1203.7,2031.2,1324.2,2058.3,1425.8,2102.8,1379.9,2117.0,1208.1,2121.6,1098.0,2140.2,996.9,2133.6,800.5,2131.9,800.5,2131.9,991.8,2129.8,1092.3,2136.5,1200.8,2119.6,1379.9,2117.0,1425.8,2102.8,1323.5,2200.7,1209.9,2246.6,1096.6,2265.3,991.2,2258.7,868.1,2220.3,750.5,2122.9
491.0,8.167,750.5,2124.3,875.4,2068.0,995.8,2037.7,1095.8,2058.4,1202.7,2032.0,1323.1,2059.3,1424.4,2104.0,1378.5,2118.1,1207.3,2122.5,1096.9,2141.0,995.8,2134.3,800.5,2133.0,800.5,2133.0,990.9,2131.3,1091.6,2138.0,1200.3,2121.2,1378.5,2118.1,1424.4,2104.0,1322.8,2201.9,1209.4,2248.3,1095.8,2267.0,990.2,2260.5,867.2,2221.7,750.5,2124.3
492.0,8.183,749.0,2124.8,873.9,2068.8,995.2,2038.3,1095.5,2059.2,1203.2,2032.8,1323.8,2060.4,1424.4,2105.2,1378.7,2119.5,1208.0,2123.1,1096.7,2141.6,995.3,2134.7,798.5,2134.3,798.5,2134.3,990.6,2132.5,1091.6,2139.4,1201.3,2122.1,1378.7,2119.5,1424.4,2105.2,1323.3,2203.0,1210.1,2249.2,1095.7,2268.3,989.6,2261.6,865.6,2222.8,749.0,2124.8
493.0,8.2,748.5,2126.3,873.7,2070.0,994.9,2038.6,1094.7,2059.4,1201.8,2033.0,1322.9,2060.9,1424.8,2105.8,1378.6,2120.1,1206.6,2124.2,1096.0,2142.6,995.0,2135.9,798.4,2135.5,798.4,2135.5,990.1,2132.2,1090.6,2139.0,1199.7,2122.0,1378.6,2120.1,1424.8,2105.8,1322.5,2203.3,1208.9,2249.6,1095.0,2268.5,989.4,2262.0,865.6,2223.5,748.5,2126.3
494.0,8.217,748.3,2127.3,872.9,2070.3,994.5,2038.4,1094.4,2059.1,1201.8,2032.8,1323.0,2061.1,1424.8,2106.9,1378.4,2121.3,1206.9,2123.9,1095.9,2142.2,994.8,2135.5,798.2,2136.6,798.2,2136.6,989.9,2134.2,1090.6,2141.1,1200.1,2124.1,1378.4,2121.3,1424.8,2106.9,1322.9,2205.0,1209.5,2251.1,1095.2,2269.9,989.4,2263.6,865.1,2225.2,748.3,2127.3
495.0,8.233,746.8,2127.7,871.9,2071.3,993.8,2039.4,1093.6,2060.3,1201.2,2033.7,1322.6,2061.7,1424.3,2106.9,1378.0,2121.8,1206.2,2124.1,1095.1,2142.5,994.2,2135.8,796.5,2137.9,796.5,2137.9,989.4,2135.7,1090.0,2142.6,1199.7,2125.4,1378.0,2121.8,1424.3,2106.9,1322.5,2205.4,1209.2,2251.8,1094.6,2271.1,988.9,2264.7,864.3,2226.1,746.8,2127.7
496.0,8.25,745.8,2129.0,870.9,2071.9,992.6,2039.6,1092.2,2060.5,1199.3,2033.7,1320.8,2062.0,1423.3,2107.6,1376.5,2122.1,1204.5,2125.3,1093.9,2143.8,993.2,2137.3,795.7,2138.4,795.7,2138.4,988.4,2134.9,1088.7,2141.5,1197.9,2124.3,1376.5,2122.1,1423.3,2107.6,1320.9,2205.6,1207.3,2251.8,1093.3,2271.1,987.9,2264.9,863.3,2226.8,745.8,2129.0
497.0,8.267,746.3,2129.9,870.5,2072.1,992.6,2040.3,1092.0,2061.6,1199.1,2034.2,1320.5,2062.6,1422.7,2108.8,1376.1,2122.7,1204.6,2126.0,1093.8,2144.7,993.4,2138.0,796.1,2138.9,796.1,2138.9,989.5,2135.5,1089.6,2142.3,1198.7,2125.1,1376.1,2122.7,1422.7,2108.8,1321.4,2206.7,1208.1,2253.3,1094.2,2272.7,988.7,2266.6,863.5,2228.1,746.3,2129.9
498.0,8.283,746.0,2129.8,870.3,2072.3,992.2,2040.2,1091.2,2061.4,1198.1,2034.5,1319.9,2063.3,1422.7,2109.5,1376.0,2123.8,1203.4,2126.8,1093.0,2145.2,992.8,2138.5,795.7,2139.2,795.7,2139.2,988.0,2136.3,1087.7,2143.1,1196.7,2125.9,1376.0,2123.8,1422.7,2109.5,1319.8,2207.6,1205.6,2254.2,1091.9,2273.5,986.8,2267.1,862.4,2228.2,746.0,2129.8
499.0,8.3,748.4,2130.9,871.6,2072.9,992.6,2040.3,1092.3,2061.6,1199.8,2034.6,1321.2,2063.6,1423.2,2109.9,1376.4,2124.1,1205.2,2127.3,1094.1,2145.6,993.3,2139.0,798.4,2139.8,798.4,2139.8,988.6,2136.0,1088.9,2142.9,1198.6,2125.6,1376.4,2124.1,1423.2,2109.9,1321.4,2207.1,1207.8,2254.0,1093.3,2273.4,987.7,2267.0,864.0,2228.3,748.4,2130.9
500.0,8.317,749.7,2130.2,873.1,2072.4,994.5,2040.0,1093.7,2061.4,1200.7,2034.3,1321.9,2063.4,1424.0,2110.1,1377.2,2124.1,1206.0,2127.1,1095.4,2145.5,995.0,2138.8,799.6,2139.2,799.6,2139.2,990.4,2135.4,1090.3,2142.4,1199.4,2125.2,1377.2,2124.1,1424.0,2110.1,1322.0,2207.7,1208.6,2254.0,1094.7,2273.2,989.4,2266.8,865.4,2228.1,749.7,2130.2
501.0,8.333,751.5,2131.1,874.8,2071.9,995.3,2039.5,1095.3,2060.4,1203.1,2032.7,1323.4,2061.8,1424.6,2108.8,1377.9,2122.9,1208.5,2125.0,1096.9,2144.1,995.9,2137.7,801.3,2139.5,801.3,2139.5,991.3,2136.2,1092.0,2143.0,1201.8,2125.3,1377.9,2122.9,1424.6,2108.8,1323.7,2206.5,1211.0,2253.3,1096.4,2273.0,990.5,2266.9,867.1,2228.4,751.5,2131.1
502.0,8.35,752.5,2131.2,875.2,2071.2,996.0,2037.7,1095.8,2058.9,1203.3,2031.8,1324.4,2061.4,1426.5,2109.4,1379.3,2123.5,1208.8,2125.3,1097.5,2143.5,996.6,2137.1,802.6,2139.7,802.6,2139.7,991.4,2134.4,1091.8,2141.3,1201.6,2124.1,1379.3,2123.5,1426.5,2109.4,1324.4,2206.0,1210.9,2252.6,1096.3,2271.7,990.5,2265.6,867.4,2227.1,752.5,2131.2
503.0,8.367,752.5,2130.3,875.6,2070.7,996.1,2037.2,1096.4,2058.4,1204.4,2030.9,1325.4,2060.6,1426.8,2108.6,1379.6,2122.8,1209.7,2124.7,1098.1,2143.2,996.6,2136.7,802.8,2139.1,802.8,2139.1,991.6,2133.0,1092.6,2140.0,1202.7,2122.8,1379.6,2122.8,1426.8,2108.6,1325.6,2205.4,1212.5,2251.6,1097.5,2270.9,991.2,2264.6,868.1,2226.4,752.5,2130.3
504.0,8.383,752.8,2130.5,875.5,2069.9,996.2,2036.5,1096.1,2057.5,1203.7,2030.2,1324.6,2059.7,1426.8,2107.9,1379.5,2122.1,1209.5,2124.1,1098.1,2142.5,997.1,2136.2,803.1,2139.0,803.1,2139.0,991.9,2132.4,1092.4,2139.0,1202.3,2121.7,1379.5,2122.1,1426.8,2107.9,1325.0,2204.0,1211.7,2250.3,1097.1,2269.4,991.2,2263.7,867.9,2225.9,752.8,2130.5
505.0,8.4,752.4,2130.3,875.5,2070.3,995.8,2036.7,1095.5,2057.3,1202.8,2030.3,1323.8,2059.6,1425.8,2107.5,1378.6,2122.0,1208.3,2123.1,1097.4,2141.5,996.5,2135.4,802.7,2139.2,802.7,2139.2,991.2,2132.1,1091.6,2138.8,1201.1,2121.5,1378.6,2122.0,1425.8,2107.5,1324.1,2203.4,1211.0,2248.9,1096.7,2267.9,991.1,2262.1,868.3,2225.1,752.4,2130.3
506.0,8.417,751.9,2130.8,873.7,2069.4,993.7,2035.6,1094.8,2056.5,1204.0,2029.1,1324.6,2058.7,1425.8,2107.5,1378.4,2121.9,1209.9,2122.5,1097.0,2141.1,994.6,2134.8,802.0,2139.3,802.0,2139.3,989.0,2131.9,1090.9,2138.5,1202.3,2120.6,1378.4,2121.9,1425.8,2107.5,1324.6,2202.1,1211.7,2248.5,1095.4,2268.0,988.4,2262.2,865.9,2225.1,751.9,2130.8
507.0,8.433,752.4,2130.8,874.1,2069.1,993.6,2034.8,1094.5,2055.5,1203.2,2028.5,1323.9,2058.4,1425.1,2107.5,1377.5,2121.8,1209.1,2122.3,1096.7,2140.6,994.6,2134.6,802.6,2139.1,802.6,2139.1,988.8,2131.0,1090.4,2137.6,1201.4,2119.9,1377.5,2121.8,1425.1,2107.5,1323.9,2202.0,1211.0,2247.9,1095.1,2267.2,988.4,2261.4,866.5,2224.5,752.4,2130.8
508.0,8.45,752.9,2130.9,874.0,2069.2,993.3,2034.3,1094.4,2055.0,1203.4,2028.0,1323.7,2058.7,1424.7,2107.9,1376.9,2122.4,1209.3,2122.3,1096.5,2140.4,994.2,2134.3,803.2,2139.2,803.2,2139.2,988.2,2131.3,1090.0,2137.9,1201.4,2120.1,1376.9,2122.4,1424.7,2107.9,1323.3,2202.3,1210.9,2248.2,1094.7,2267.5,987.8,2261.8,866.3,2225.0,752.9,2130.9
509.0,8.467,752.7,2131.9,873.7,2069.1,993.0,2033.9,1093.7,2054.8,1202.1,2027.5,1322.7,2058.5,1424.3,2108.4,1376.1,2122.7,1208.0,2122.4,1095.8,2140.4,993.9,2134.5,802.8,2139.8,802.8,2139.8,987.9,2130.7,1089.2,2137.1,1200.1,2119.7,1376.1,2122.7,1424.3,2108.4,1322.5,2202.8,1209.5,2249.0,1093.7,2268.2,987.1,2262.4,865.8,2225.4,752.7,2131.9
510.0,8.483,753.1,2132.8,873.3,2070.0,992.2,2034.0,1093.3,2055.0,1202.2,2027.9,1322.5,2059.0,1423.6,2109.3,1375.4,2123.7,1207.9,2123.1,1095.3,2140.8,993.0,2134.9,803.4,2140.8,803.4,2140.8,987.0,2131.8,1088.7,2138.4,1200.0,2120.9,1375.4,2123.7,1423.6,2109.3,1322.2,2203.2,1209.7,2250.2,1093.4,2269.7,986.5,2263.8,865.9,2226.5,753.1,2132.8
511.0,8.5,754.3,2133.5,873.8,2070.6,992.0,2034.2,1092.8,2055.0,1201.4,2028.1,1321.1,2059.9,1422.3,2110.4,1373.7,2124.7,1207.2,2123.0,1094.9,2140.5,992.9,2134.6,804.4,2141.1,804.4,2141.1,986.5,2131.7,1088.0,2138.1,1199.1,2120.6,1373.7,2124.7,1422.3,2110.4,1320.5,2203.2,1208.4,2249.0,1092.3,2268.0,985.8,2262.6,865.9,2226.2,754.3,2133.5
512.0,8.517,755.2,2135.5,874.0,2071.0,991.9,2033.9,1092.8,2054.8,1201.6,2027.8,1321.0,2060.2,1421.4,2112.2,1372.8,2126.5,1207.2,2123.4,1094.9,2140.7,992.7,2134.9,805.4,2143.2,805.4,2143.2,986.1,2133.2,1087.7,2139.7,1199.0,2122.5,1372.8,2126.5,1421.4,2112.2,1320.4,2205.1,1208.5,2251.4,1092.2,2270.5,985.5,2264.8,866.2,2228.2,755.2,2135.5
513.0,8.533,756.3,2137.2,873.5,2073.1,989.9,2036.2,1091.7,2057.4,1201.5,2030.5,1320.1,2063.2,1419.6,2114.9,1370.9,2129.1,1206.9,2125.5,1093.5,2142.7,990.5,2136.5,806.2,2144.5,806.2,2144.5,983.3,2135.4,1085.8,2142.2,1198.1,2124.8,1370.9,2129.1,1419.6,2114.9,1318.7,2206.6,1207.0,2253.1,1089.6,2272.1,982.2,2266.1,864.8,2229.1,756.3,2137.2
514.0,8.55,757.9,2140.7,873.0,2075.9,988.2,2039.4,1090.6,2061.0,1200.9,2033.8,1319.4,2066.9,1418.0,2119.7,1369.1,2133.1,1206.2,2129.1,1092.3,2146.2,988.7,2139.8,808.0,2147.1,808.0,2147.1,981.9,2139.9,1085.0,2147.2,1197.9,2130.1,1369.1,2133.1,1418.0,2119.7,1318.5,2211.8,1206.8,2258.9,1088.9,2277.8,980.8,2271.3,864.6,2232.9,757.9,2140.7
515.0,8.567,758.9,2144.9,872.4,2081.7,987.8,2045.6,1089.1,2068.2,1198.0,2041.0,1317.4,2074.3,1417.0,2127.0,1367.9,2139.9,1203.1,2137.1,1090.8,2153.6,988.4,2146.6,809.3,2151.0,809.3,2151.0,982.2,2146.4,1084.2,2154.2,1195.5,2137.9,1367.9,2139.9,1417.0,2127.0,1317.0,2220.5,1204.4,2268.8,1087.7,2287.2,980.6,2280.2,864.4,2239.7,758.9,2144.9
516.0,8.583,760.0,2151.1,872.8,2088.7,988.9,2052.5,1088.9,2075.4,1195.8,2048.5,1316.6,2081.9,1417.2,2134.2,1368.1,2147.4,1201.1,2144.9,1090.9,2160.9,989.7,2153.7,810.6,2157.4,810.6,2157.4,983.5,2157.7,1084.4,2165.8,1193.6,2150.4,1368.1,2147.4,1417.2,2134.2,1316.9,2233.2,1203.0,2283.2,1088.2,2300.9,982.0,2293.7,865.0,2250.5,760.0,2151.1
517.0,8.6,758.3,2159.6,873.6,2087.0,994.5,2043.0,1087.6,2065.2,1184.8,2040.4,1308.8,2079.9,1415.7,2143.6,1364.7,2155.8,1190.6,2142.3,1090.1,2155.7,995.4,2150.1,810.1,2166.1,810.1,2166.1,988.8,2150.0,1083.0,2156.4,1182.3,2145.2,1364.7,2155.8,1415.7,2143.6,1309.5,2239.7,1192.9,2279.9,1087.5,2293.0,988.0,2287.9,867.2,2251.7,758.3,2159.6
518.0,8.617,764.2,2166.5,872.4,2074.9,997.9,2021.0,1088.7,2045.7,1180.2,2020.4,1310.1,2070.1,1415.6,2153.1,1363.0,2164.0,1187.3,2144.1,1092.8,2154.1,999.7,2149.3,819.7,2172.1,819.7,2172.1,993.7,2151.1,1086.4,2157.2,1180.6,2149.3,1363.0,2164.0,1415.6,2153.1,1314.0,2267.7,1194.8,2313.9,1093.4,2325.7,993.8,2320.2,868.1,2277.6,764.2,2166.5
519.0,8.633,766.4,2174.1,867.9,2066.8,995.7,2006.4,1089.7,2033.0,1182.9,2006.6,1316.0,2064.0,1417.8,2162.3,1364.1,2170.5,1190.9,2143.3,1094.8,2151.6,998.4,2146.8,824.7,2177.2,824.7,2177.2,994.3,2154.0,1090.8,2160.2,1187.1,2153.4,1364.1,2170.5,1417.8,2162.3,1323.6,2284.3,1203.9,2334.8,1099.8,2346.3,995.6,2340.7,866.4,2294.6,766.4,2174.1
520.0,8.65,764.1,2184.4,866.3,2067.5,997.4,2000.4,1090.9,2026.9,1181.6,2000.1,1317.1,2063.9,1418.5,2172.0,1363.8,2180.8,1190.1,2145.3,1096.3,2153.0,1000.3,2149.6,823.2,2188.2,823.2,2188.2,994.7,2156.2,1090.8,2161.7,1184.8,2156.0,1363.8,2180.8,1418.5,2172.0,1324.0,2300.2,1202.5,2348.1,1100.4,2358.8,996.1,2353.5,863.8,2308.7,764.1,2184.4
521.0,8.667,757.5,2187.2,861.4,2066.7,995.6,1999.6,1090.0,2025.9,1181.2,1999.1,1320.5,2062.1,1425.6,2172.5,1370.7,2181.6,1191.0,2145.1,1096.8,2152.9,999.8,2149.7,817.4,2191.4,817.4,2191.4,994.1,2162.3,1091.3,2167.0,1186.0,2161.3,1370.7,2181.6,1425.6,2172.5,1329.7,2304.5,1205.2,2354.1,1102.2,2365.0,996.5,2360.6,859.8,2315.7,757.5,2187.2
522.0,8.683,750.5,2186.0,856.0,2065.0,993.1,1997.0,1088.8,2023.8,1181.0,1997.3,1323.4,2062.3,1430.3,2174.4,1375.2,2184.1,1190.9,2147.1,1095.7,2154.5,997.1,2150.9,810.8,2191.5,810.8,2191.5,990.2,2160.7,1089.1,2165.8,1184.8,2160.9,1375.2,2184.1,1430.3,2174.4,1331.7,2310.5,1204.0,2359.8,1099.8,2370.0,992.2,2365.0,853.1,2318.5,750.5,2186.0
523.0,8.7,743.6,2182.5,854.1,2065.2,994.2,1999.6,1088.4,2025.7,1179.1,1999.7,1323.1,2062.9,1434.1,2171.3,1379.8,2182.4,1188.4,2144.7,1094.7,2152.8,997.5,2149.2,803.1,2189.3,803.1,2189.3,989.7,2167.7,1087.2,2172.8,1181.3,2168.2,1379.8,2182.4,1434.1,2171.3,1330.2,2313.2,1199.4,2361.6,1096.9,2371.0,990.9,2366.2,848.8,2318.7,743.6,2182.5
524.0,8.717,736.5,2176.5,847.1,2061.7,987.4,1998.5,1083.3,2025.5,1176.3,1999.8,1320.7,2062.6,1432.8,2170.0,1378.8,2180.5,1185.2,2144.4,1089.5,2152.3,990.3,2147.6,795.6,2183.7,795.6,2183.7,981.7,2162.6,1081.0,2168.0,1177.3,2163.4,1378.8,2180.5,1432.8,2170.0,1326.6,2309.8,1194.1,2356.8,1089.3,2365.8,981.6,2360.1,839.7,2312.2,736.5,2176.5
525.0,8.733,733.7,2167.9,840.3,2059.7,978.9,2003.7,1076.3,2032.0,1173.5,2007.5,1316.9,2067.3,1427.7,2169.1,1375.9,2178.4,1181.3,2141.7,1081.6,2148.8,980.9,2141.7,790.2,2174.1,790.2,2174.1,973.8,2178.0,1075.2,2185.5,1175.6,2180.5,1375.9,2178.4,1427.7,2169.1,1322.5,2310.4,1189.1,2361.3,1080.4,2370.0,971.0,2361.9,831.4,2306.5,733.7,2167.9
526.0,8.75,731.3,2161.9,834.1,2059.0,972.0,2005.3,1069.8,2035.3,1167.6,2010.6,1310.3,2071.0,1420.5,2170.4,1369.0,2178.6,1174.4,2146.0,1074.4,2151.9,973.2,2143.2,787.9,2167.5,787.9,2167.5,967.5,2175.1,1069.6,2183.7,1170.4,2179.9,1369.0,2178.6,1420.5,2170.4,1316.4,2313.5,1183.8,2364.9,1074.4,2372.7,964.3,2363.4,825.5,2304.8,731.3,2161.9
527.0,8.767,723.4,2160.1,827.1,2060.6,963.8,2008.1,1061.1,2038.0,1159.2,2014.2,1301.7,2073.9,1415.9,2171.1,1364.3,2178.8,1164.9,2146.7,1064.6,2152.6,963.6,2143.3,778.5,2165.1,778.5,2165.1,956.2,2170.6,1057.8,2179.5,1158.5,2176.1,1364.3,2178.8,1415.9,2171.1,1304.4,2307.2,1168.8,2354.4,1059.5,2360.6,950.5,2350.9,815.2,2294.2,723.4,2160.1
528.0,8.783,717.3,2149.7,817.7,2057.9,954.1,2010.4,1052.3,2042.3,1152.7,2018.7,1296.0,2076.3,1411.8,2168.3,1360.4,2175.3,1157.7,2148.2,1055.6,2152.8,953.6,2141.4,771.9,2154.5,771.9,2154.5,948.2,2176.6,1051.2,2186.7,1154.4,2183.7,1360.4,2175.3,1411.8,2168.3,1299.9,2308.3,1163.2,2360.3,1051.3,2366.6,941.1,2355.1,806.2,2291.3,717.3,2149.7
529.0,8.8,711.2,2143.0,810.5,2055.3,943.5,2010.7,1041.5,2043.2,1142.6,2019.9,1285.0,2076.4,1402.8,2166.3,1351.4,2171.7,1146.5,2148.7,1043.6,2153.7,941.6,2141.4,764.8,2146.7,764.8,2146.7,935.9,2163.6,1038.4,2174.5,1141.7,2171.7,1351.4,2171.7,1402.8,2166.3,1286.0,2297.3,1147.8,2344.8,1035.8,2350.1,926.5,2337.2,796.9,2274.7,711.2,2143.0
530.0,8.817,701.8,2135.5,799.6,2053.0,933.1,2012.0,1029.1,2045.7,1128.6,2023.2,1273.8,2077.9,1398.2,2165.9,1346.1,2171.6,1132.3,2150.0,1031.8,2153.5,931.3,2139.9,754.5,2140.0,754.5,2140.0,926.0,2166.5,1027.1,2177.6,1128.8,2176.0,1346.1,2171.6,1398.2,2165.9,1275.4,2298.8,1133.1,2347.1,1022.4,2351.4,914.9,2337.6,785.6,2271.9,701.8,2135.5
531.0,8.833,694.0,2131.2,790.2,2050.5,923.1,2010.0,1016.9,2044.6,1114.1,2022.4,1260.5,2079.1,1389.3,2167.5,1336.2,2172.3,1116.9,2152.0,1018.9,2154.3,920.5,2140.1,746.2,2135.3,746.2,2135.3,915.3,2160.7,1014.2,2172.3,1113.2,2172.5,1336.2,2172.3,1389.3,2167.5,1260.6,2300.4,1115.4,2347.1,1007.1,2349.8,901.9,2335.2,775.0,2267.8,694.0,2131.2
532.0,8.85,688.3,2125.0,780.1,2047.5,912.0,2011.5,1007.2,2047.3,1107.9,2025.8,1252.7,2081.1,1378.4,2167.6,1327.3,2171.8,1109.2,2148.3,1008.1,2149.9,908.1,2133.8,738.9,2128.3,738.9,2128.3,904.4,2177.3,1005.3,2190.4,1107.9,2189.7,1327.3,2171.8,1378.4,2167.6,1252.2,2305.7,1107.4,2356.2,995.8,2358.9,888.8,2342.3,762.9,2268.1,688.3,2125.0
533.0,8.867,682.7,2122.4,774.0,2046.4,905.7,2010.7,997.7,2046.5,1094.1,2025.1,1239.6,2081.4,1369.6,2167.3,1317.6,2171.8,1096.0,2150.3,999.3,2151.2,902.6,2135.3,733.2,2126.0,733.2,2126.0,898.7,2172.9,996.4,2185.4,1094.5,2185.8,1317.6,2171.8,1369.6,2167.3,1239.6,2308.1,1094.1,2357.9,986.7,2359.9,882.8,2343.8,757.2,2269.5,682.7,2122.4
534.0,8.883,675.3,2120.3,765.4,2044.5,896.6,2009.6,987.3,2046.1,1082.5,2024.5,1227.9,2081.6,1361.6,2168.0,1308.9,2172.8,1085.3,2153.4,990.0,2153.8,894.5,2137.4,725.6,2124.4,725.6,2124.4,889.2,2164.8,985.2,2177.2,1081.9,2177.9,1308.9,2172.8,1361.6,2168.0,1227.0,2308.3,1080.9,2357.6,974.9,2359.6,872.5,2343.1,748.0,2269.7,675.3,2120.3
535.0,8.9,669.1,2117.7,758.1,2045.0,889.8,2011.8,978.9,2048.6,1072.9,2028.2,1220.1,2085.4,1358.6,2170.9,1305.5,2175.9,1074.3,2153.0,980.3,2152.3,886.5,2135.1,717.8,2122.1,717.8,2122.1,880.9,2176.1,975.6,2189.1,1071.1,2190.9,1305.5,2175.9,1358.6,2170.9,1217.4,2314.8,1067.0,2363.7,962.3,2364.0,861.8,2346.8,738.2,2270.0,669.1,2117.7
536.0,8.917,657.0,2123.3,746.7,2046.7,870.4,2015.7,956.0,2049.5,1047.1,2034.5,1203.9,2092.7,1358.0,2183.5,1300.5,2189.5,1049.5,2158.0,959.4,2154.5,867.5,2138.6,706.5,2131.2,706.5,2131.2,845.8,2175.1,937.9,2188.3,1032.7,2191.5,1300.5,2189.5,1358.0,2183.5,1192.7,2316.5,1026.7,2356.0,924.1,2352.6,828.4,2334.1,718.9,2261.9,657.0,2123.3
537.0,8.933,652.1,2118.5,742.0,2045.5,870.8,2014.7,953.8,2049.0,1042.6,2032.3,1194.1,2091.9,1346.3,2179.2,1289.1,2184.3,1044.9,2158.6,956.5,2156.0,868.1,2140.1,703.8,2125.6,703.8,2125.6,853.9,2166.6,942.8,2179.0,1034.2,2181.2,1289.1,2184.3,1346.3,2179.2,1186.3,2313.3,1028.0,2355.7,929.1,2354.2,835.3,2337.3,718.4,2265.2,652.1,2118.5
538.0,8.95,643.3,2120.5,734.9,2048.8,864.9,2013.9,951.3,2048.8,1045.2,2032.1,1194.4,2093.7,1342.2,2179.1,1283.7,2184.4,1044.9,2161.1,951.0,2158.4,858.9,2142.6,695.9,2126.3,695.9,2126.3,842.7,2164.1,934.8,2177.3,1031.3,2178.4,1283.7,2184.4,1342.2,2179.1,1180.3,2307.1,1022.2,2353.4,918.1,2353.0,821.3,2335.7,708.0,2261.5,643.3,2120.5
539.0,8.967,656.1,2114.1,746.5,2044.4,879.6,2010.9,969.4,2049.7,1065.7,2028.2,1208.4,2089.8,1340.3,2173.1,1288.9,2175.4,1063.4,2159.4,966.8,2158.3,871.9,2140.0,708.1,2116.2,708.1,2116.2,867.0,2164.7,962.4,2179.4,1059.5,2181.5,1288.9,2175.4,1340.3,2173.1,1200.8,2312.5,1053.5,2362.5,947.2,2362.6,845.5,2344.0,722.9,2263.2,656.1,2114.1
540.0,8.983,658.7,2115.0,747.1,2046.8,876.7,2014.0,966.6,2052.4,1062.4,2030.7,1204.8,2090.6,1338.3,2172.2,1286.0,2174.7,1061.9,2158.9,965.6,2158.7,870.9,2140.4,708.4,2117.1,708.4,2117.1,866.3,2162.8,961.4,2177.1,1058.1,2178.8,1286.0,2174.7,1338.3,2172.2,1198.7,2309.3,1052.4,2356.7,946.5,2357.1,845.3,2338.4,725.4,2260.3,658.7,2115.0
541.0,9.0,660.0,2115.3,747.1,2045.9,875.5,2015.0,963.2,2052.6,1056.1,2031.0,1200.2,2088.9,1338.8,2171.2,1285.9,2174.9,1057.4,2156.7,964.3,2156.5,872.3,2138.7,708.2,2118.7,708.2,2118.7,867.7,2167.5,960.3,2181.0,1054.2,2182.7,1285.9,2174.9,1338.8,2171.2,1196.8,2311.6,1049.0,2359.4,946.0,2360.0,847.3,2341.8,727.1,2265.1,660.0,2115.3
542.0,9.017,649.2,2121.5,739.2,2050.6,862.3,2021.3,945.4,2054.9,1034.2,2039.7,1188.0,2097.6,1342.3,2184.2,1285.4,2190.0,1035.5,2158.4,947.2,2155.6,858.1,2139.4,697.1,2129.2,697.1,2129.2,838.4,2178.7,927.7,2191.5,1020.1,2193.9,1285.4,2190.0,1342.3,2184.2,1175.3,2316.3,1011.1,2352.6,911.6,2349.0,818.6,2330.5,709.5,2258.7,649.2,2121.5
543.0,9.033,646.0,2119.2,735.1,2049.6,859.7,2021.4,941.4,2054.5,1029.5,2038.7,1181.7,2094.1,1339.1,2177.7,1281.2,2183.6,1032.0,2157.5,944.3,2155.3,857.3,2139.9,695.8,2125.5,695.8,2125.5,839.5,2178.0,926.8,2189.8,1018.2,2190.4,1281.2,2183.6,1339.1,2177.7,1171.2,2309.2,1009.0,2352.3,910.9,2350.9,819.5,2334.4,708.3,2262.5,646.0,2119.2
544.0,9.05,641.7,2123.7,731.8,2052.2,861.9,2013.9,947.4,2049.6,1041.5,2032.1,1186.3,2096.1,1330.0,2181.4,1271.8,2185.3,1040.6,2162.5,946.3,2159.7,855.1,2143.7,694.1,2127.4,694.1,2127.4,842.4,2158.5,933.5,2171.2,1029.8,2172.1,1271.8,2185.3,1330.0,2181.4,1172.4,2301.5,1019.6,2345.8,915.9,2345.5,819.5,2329.3,705.9,2257.2,641.7,2123.7
545.0,9.067,652.6,2115.5,742.5,2046.9,875.4,2012.5,960.5,2050.6,1052.5,2029.6,1196.8,2092.1,1335.6,2175.5,1282.9,2177.7,1050.9,2159.7,958.5,2158.1,868.4,2140.6,703.1,2117.5,703.1,2117.5,863.1,2165.1,953.5,2179.0,1046.4,2181.2,1282.9,2177.7,1335.6,2175.5,1188.1,2310.9,1037.9,2358.2,936.4,2357.8,839.7,2339.9,718.8,2260.8,652.6,2115.5
546.0,9.083,654.8,2115.5,743.1,2045.5,872.2,2012.8,959.6,2050.7,1052.6,2029.0,1196.1,2088.7,1334.1,2171.7,1281.4,2174.3,1053.0,2157.6,959.5,2157.2,867.5,2139.7,703.7,2117.5,703.7,2117.5,862.6,2162.0,954.7,2175.3,1048.6,2177.0,1281.4,2174.3,1334.1,2171.7,1190.1,2307.5,1041.7,2354.1,938.9,2354.3,840.5,2336.3,721.1,2260.1,654.8,2115.5
547.0,9.1,656.6,2114.2,744.9,2045.5,873.3,2014.2,960.3,2051.7,1052.2,2030.2,1197.2,2088.5,1336.8,2170.1,1284.3,2173.3,1053.1,2156.2,960.9,2156.2,869.5,2138.7,704.7,2117.1,704.7,2117.1,865.1,2165.4,957.0,2178.8,1049.7,2180.9,1284.3,2173.3,1336.8,2170.1,1193.1,2309.7,1044.0,2356.2,942.0,2356.3,844.1,2338.1,724.3,2261.4,656.6,2114.2
548.0,9.117,659.6,2116.0,745.7,2045.7,873.2,2013.8,959.2,2051.0,1050.2,2029.2,1194.8,2087.5,1335.2,2170.3,1281.6,2173.6,1052.2,2155.7,960.9,2155.7,870.6,2138.6,707.6,2118.6,707.6,2118.6,866.7,2165.8,957.5,2178.6,1049.4,2180.2,1281.6,2173.6,1335.2,2170.3,1191.9,2309.9,1043.9,2356.7,943.0,2357.3,845.9,2339.9,726.6,2264.2,659.6,2116.0
549.0,9.133,648.2,2122.2,738.6,2052.1,861.2,2022.0,944.3,2055.7,1034.1,2039.8,1184.8,2096.9,1337.5,2181.4,1280.8,2188.0,1034.7,2157.0,945.2,2155.1,856.3,2139.0,694.7,2128.8,694.7,2128.8,833.7,2181.9,922.3,2194.8,1015.0,2196.2,1280.8,2188.0,1337.5,2181.4,1167.6,2313.5,1003.8,2353.1,903.8,2350.8,811.4,2332.1,705.5,2258.9,648.2,2122.2
550.0,9.15,646.6,2122.6,737.9,2053.4,862.2,2023.9,942.9,2056.1,1029.7,2039.8,1181.8,2095.0,1339.6,2178.3,1281.7,2185.0,1031.6,2158.4,944.9,2157.0,858.8,2142.7,695.3,2129.0,695.3,2129.0,838.0,2178.2,923.8,2189.4,1013.9,2189.7,1281.7,2185.0,1339.6,2178.3,1167.7,2307.1,1003.4,2348.0,906.5,2347.0,816.8,2330.5,708.1,2260.5,646.6,2122.6
551.0,9.167,644.4,2126.3,734.2,2056.8,862.1,2018.5,948.4,2053.3,1043.7,2034.7,1187.1,2096.9,1330.8,2179.2,1272.9,2184.3,1043.5,2162.9,947.5,2161.7,855.9,2146.4,695.3,2129.8,695.3,2129.8,841.5,2158.2,932.7,2170.1,1030.3,2169.5,1272.9,2184.3,1330.8,2179.2,1171.5,2296.3,1019.3,2339.4,914.6,2340.1,818.2,2324.2,707.1,2254.3,644.4,2126.3
552.0,9.183,653.9,2117.8,744.2,2052.6,874.8,2020.0,960.9,2058.0,1054.0,2036.8,1197.6,2096.7,1339.4,2176.7,1285.8,2179.6,1053.5,2164.4,959.8,2163.7,869.1,2146.0,703.2,2120.2,703.2,2120.2,863.6,2162.9,954.3,2176.1,1048.2,2177.6,1285.8,2179.6,1339.4,2176.7,1189.1,2306.4,1039.1,2352.5,936.8,2352.8,839.9,2335.2,721.0,2259.5,653.9,2117.8
553.0,9.2,656.8,2120.6,747.7,2053.6,875.1,2020.8,961.1,2058.2,1052.3,2037.5,1196.8,2096.6,1340.5,2178.6,1286.2,2181.1,1051.6,2163.0,959.9,2162.6,869.1,2145.1,704.6,2123.3,704.6,2123.3,861.9,2156.6,952.4,2169.9,1044.1,2173.1,1286.2,2181.1,1340.5,2178.6,1187.5,2304.0,1035.7,2343.0,934.9,2341.2,839.1,2323.3,724.0,2252.4,656.8,2120.6
554.0,9.217,658.3,2119.1,748.5,2053.4,875.4,2022.3,961.2,2059.8,1051.8,2038.9,1197.4,2097.4,1342.3,2178.4,1288.0,2182.0,1051.5,2164.6,960.6,2164.0,870.2,2146.1,705.5,2123.0,705.5,2123.0,862.2,2161.8,952.4,2175.5,1043.5,2179.3,1288.0,2182.0,1342.3,2178.4,1188.7,2311.2,1035.8,2352.6,935.4,2350.8,839.8,2332.4,724.6,2258.8,658.3,2119.1
555.0,9.233,651.6,2125.3,743.4,2058.6,864.5,2030.7,947.1,2062.9,1035.9,2048.7,1190.4,2101.7,1350.5,2183.7,1292.1,2192.1,1037.0,2161.5,948.8,2159.3,860.1,2143.7,698.1,2133.5,698.1,2133.5,832.8,2193.2,921.1,2205.5,1014.0,2206.6,1292.1,2192.1,1350.5,2183.7,1172.4,2315.7,1002.7,2354.6,903.1,2351.5,812.0,2333.7,708.2,2261.7,651.6,2125.3
556.0,9.25,649.1,2127.1,740.0,2058.5,862.7,2029.0,946.5,2061.7,1037.8,2046.3,1190.7,2100.1,1347.8,2182.8,1289.1,2189.9,1039.6,2164.0,948.6,2162.1,858.9,2146.8,697.8,2133.9,697.8,2133.9,835.9,2181.9,925.3,2193.8,1020.3,2194.1,1289.1,2189.9,1347.8,2182.8,1175.4,2307.3,1009.7,2349.0,908.1,2347.5,815.2,2330.7,709.2,2260.5,649.1,2127.1
557.0,9.267,646.8,2129.6,739.3,2060.0,867.7,2024.8,952.7,2059.4,1046.1,2040.5,1190.9,2100.2,1338.0,2183.1,1280.2,2187.9,1046.7,2166.9,952.8,2166.5,862.5,2151.2,697.8,2133.7,697.8,2133.7,849.0,2163.0,938.9,2174.2,1034.4,2173.4,1280.2,2187.9,1338.0,2183.1,1177.6,2299.9,1023.7,2341.6,921.2,2342.5,826.2,2327.0,712.8,2259.0,646.8,2129.6
558.0,9.283,658.1,2118.1,749.7,2054.6,881.1,2023.1,967.0,2061.7,1060.5,2040.6,1203.9,2100.8,1345.1,2179.6,1291.6,2182.7,1059.7,2168.3,965.7,2167.2,875.0,2148.9,707.4,2121.4,707.4,2121.4,868.6,2164.7,959.3,2178.5,1053.6,2180.1,1291.6,2182.7,1345.1,2179.6,1194.0,2310.0,1043.9,2355.9,941.3,2355.9,844.3,2337.4,725.1,2260.1,658.1,2118.1
559.0,9.3,662.5,2119.6,754.1,2055.3,881.9,2024.0,967.6,2061.9,1059.1,2041.5,1202.8,2099.7,1346.1,2179.5,1292.4,2182.0,1057.7,2165.7,965.6,2164.8,875.0,2146.8,710.0,2122.2,710.0,2122.2,867.9,2157.7,958.0,2171.3,1050.0,2174.7,1292.4,2182.0,1346.1,2179.5,1192.3,2303.4,1040.3,2342.3,939.4,2340.2,843.9,2321.7,729.3,2249.8,662.5,2119.6
560.0,9.317,663.1,2119.3,752.9,2053.0,880.3,2022.6,968.0,2061.1,1061.0,2039.9,1205.4,2098.4,1346.9,2179.0,1293.6,2181.9,1060.4,2165.7,967.1,2165.2,874.8,2146.7,710.8,2121.9,710.8,2121.9,868.0,2165.5,960.2,2179.7,1053.6,2183.0,1293.6,2181.9,1346.9,2179.0,1197.3,2312.6,1045.9,2357.1,943.1,2356.0,845.2,2336.9,729.2,2260.5,663.1,2119.3
561.0,9.333,664.6,2118.8,754.0,2051.8,881.7,2021.4,968.2,2058.9,1060.4,2037.6,1205.3,2095.2,1348.1,2175.7,1294.3,2179.6,1061.2,2162.4,968.7,2162.2,877.8,2144.6,711.7,2122.3,711.7,2122.3,871.6,2167.3,962.6,2180.4,1055.6,2182.5,1294.3,2179.6,1348.1,2175.7,1198.8,2310.2,1047.7,2354.9,945.9,2354.7,849.0,2336.7,731.2,2261.8,664.6,2118.8
562.0,9.35,656.6,2124.5,749.5,2056.6,873.5,2026.0,956.8,2059.1,1046.9,2043.0,1197.6,2097.9,1351.9,2179.3,1293.9,2187.2,1048.2,2160.3,958.1,2159.0,868.8,2143.6,704.0,2131.2,704.0,2131.2,844.9,2183.9,933.5,2195.7,1027.1,2195.7,1293.9,2187.2,1351.9,2179.3,1179.7,2309.7,1015.4,2351.4,914.9,2350.1,822.4,2332.8,715.7,2260.8,656.6,2124.5
563.0,9.367,652.4,2124.8,746.7,2057.6,872.6,2024.5,958.2,2057.7,1052.0,2041.0,1199.6,2097.0,1350.7,2177.1,1291.8,2184.9,1052.3,2160.5,958.1,2159.9,866.7,2144.8,701.0,2130.4,701.0,2130.4,842.2,2177.2,932.6,2188.9,1029.6,2187.2,1291.8,2184.9,1350.7,2177.1,1178.3,2300.6,1016.3,2344.8,912.5,2345.2,818.1,2328.4,711.8,2257.2,652.4,2124.8
564.0,9.383,659.0,2116.3,753.5,2053.0,889.9,2014.4,973.6,2053.7,1068.0,2034.3,1207.4,2100.6,1347.9,2181.2,1292.2,2185.5,1064.1,2165.2,969.0,2161.2,880.0,2143.0,709.5,2119.4,709.5,2119.4,869.5,2155.3,957.9,2169.3,1053.6,2171.4,1292.2,2185.5,1347.9,2181.2,1188.6,2300.0,1039.1,2345.3,935.8,2344.7,841.1,2327.3,723.4,2250.4,659.0,2116.3
565.0,9.4,667.3,2116.6,759.3,2051.8,890.5,2018.8,977.8,2056.8,1072.4,2034.7,1213.7,2095.0,1351.4,2173.9,1298.0,2177.4,1071.2,2163.5,976.0,2163.3,884.0,2145.7,717.1,2118.9,717.1,2118.9,877.1,2159.1,969.0,2172.5,1064.4,2173.4,1298.0,2177.4,1351.4,2173.9,1203.4,2303.3,1055.3,2350.6,951.5,2351.6,853.3,2333.9,734.5,2258.0,667.3,2116.6
566.0,9.417,665.7,2115.8,761.2,2051.6,890.4,2021.1,974.8,2058.1,1064.5,2037.5,1209.5,2094.6,1356.8,2173.7,1302.6,2177.0,1063.9,2160.3,973.6,2160.2,884.4,2142.9,712.9,2119.3,712.9,2119.3,876.2,2153.9,964.8,2166.3,1054.9,2169.3,1302.6,2177.0,1356.8,2173.7,1198.8,2298.0,1044.9,2336.0,946.0,2334.2,852.1,2316.8,735.5,2246.7,665.7,2115.8
567.0,9.433,669.9,2114.5,762.3,2051.3,890.2,2019.2,979.6,2057.6,1075.6,2035.9,1216.4,2094.8,1353.9,2172.5,1300.0,2177.2,1074.6,2161.9,978.1,2161.8,884.0,2143.0,717.3,2118.8,717.3,2118.8,873.7,2154.5,967.4,2168.8,1063.8,2171.2,1300.0,2177.2,1353.9,2172.5,1204.3,2302.6,1055.8,2346.6,950.3,2346.2,850.8,2327.3,735.7,2252.9,669.9,2114.5
568.0,9.45,668.2,2113.3,762.0,2047.7,891.5,2015.3,977.9,2052.4,1069.3,2031.4,1214.2,2088.8,1357.9,2167.7,1303.8,2172.3,1069.7,2157.8,977.9,2157.3,886.8,2140.0,716.1,2117.7,716.1,2117.7,878.5,2153.1,969.5,2165.8,1061.6,2168.7,1303.8,2172.3,1357.9,2167.7,1206.1,2299.8,1054.7,2342.9,953.5,2341.9,856.9,2324.9,738.3,2252.5,668.2,2113.3
569.0,9.467,670.4,2112.3,763.1,2045.1,891.7,2013.3,978.0,2050.4,1068.8,2029.6,1213.5,2086.8,1356.1,2166.6,1302.5,2170.9,1069.6,2155.2,978.7,2154.5,887.7,2137.1,718.3,2116.7,718.3,2116.7,880.2,2153.0,971.1,2165.6,1062.6,2168.8,1302.5,2170.9,1356.1,2166.6,1206.7,2300.0,1056.7,2343.1,956.0,2342.1,859.4,2325.0,740.7,2252.3,670.4,2112.3
570.0,9.483,669.8,2111.7,763.5,2045.4,892.4,2014.1,978.4,2051.2,1068.9,2030.3,1213.1,2087.3,1356.0,2166.2,1302.3,2170.6,1070.0,2156.5,979.1,2155.9,888.5,2138.6,717.6,2116.2,717.6,2116.2,880.3,2150.6,970.6,2163.0,1062.0,2165.8,1302.3,2170.6,1356.0,2166.2,1205.6,2298.2,1055.6,2340.8,955.2,2340.0,859.1,2322.8,740.3,2250.8,669.8,2111.7
571.0,9.5,670.3,2110.3,763.3,2044.8,892.3,2014.5,978.3,2051.3,1069.2,2030.7,1213.2,2086.9,1354.9,2165.1,1301.9,2169.3,1069.9,2153.0,978.6,2152.5,888.0,2135.2,717.3,2114.5,717.3,2114.5,881.4,2156.4,972.2,2168.8,1064.1,2171.3,1301.9,2169.3,1354.9,2165.1,1206.7,2298.1,1057.2,2339.9,956.5,2339.1,860.1,2321.9,740.4,2249.7,670.3,2110.3
572.0,9.517,667.7,2113.0,760.5,2046.5,889.7,2014.1,976.6,2051.1,1068.4,2029.9,1212.7,2087.6,1353.7,2166.3,1300.2,2170.1,1069.4,2155.9,976.8,2155.9,885.4,2138.8,715.2,2116.3,715.2,2116.3,878.4,2154.9,969.9,2167.4,1062.8,2169.4,1300.2,2170.1,1353.7,2166.3,1205.5,2299.1,1055.6,2341.7,954.0,2341.2,856.6,2324.1,737.2,2251.4,667.7,2113.0
573.0,9.533,668.1,2113.1,759.7,2046.3,888.6,2015.3,974.9,2052.1,1066.4,2031.1,1211.3,2087.6,1353.7,2166.7,1300.3,2170.9,1067.9,2155.0,975.8,2154.8,885.1,2137.7,714.9,2116.9,714.9,2116.9,879.1,2159.9,970.1,2172.1,1062.7,2174.0,1300.3,2170.9,1353.7,2166.7,1205.8,2300.8,1055.6,2344.2,954.3,2344.1,857.5,2327.0,737.5,2254.0,668.1,2113.1
574.0,9.55,654.6,2119.5,751.4,2055.4,877.7,2023.0,963.2,2055.7,1055.6,2038.8,1202.3,2094.1,1352.0,2171.7,1294.2,2181.5,1056.4,2157.5,963.8,2157.3,872.4,2141.9,701.4,2128.1,701.4,2128.1,846.2,2170.6,936.6,2182.0,1032.1,2181.1,1294.2,2181.5,1352.0,2171.7,1181.0,2300.4,1020.5,2340.3,918.1,2340.1,823.6,2323.3,715.1,2254.3,654.6,2119.5
575.0,9.567,661.7,2114.5,757.8,2049.4,891.0,2015.7,976.8,2053.9,1071.6,2032.4,1210.0,2094.1,1348.3,2173.7,1293.4,2178.4,1069.3,2163.3,973.4,2162.6,882.5,2144.8,711.4,2117.9,711.4,2117.9,870.6,2151.3,960.5,2164.2,1056.4,2164.4,1293.4,2178.4,1348.3,2173.7,1191.8,2296.3,1042.6,2341.2,939.1,2342.1,843.0,2324.7,726.2,2250.6,661.7,2114.5
576.0,9.583,666.6,2114.1,761.1,2049.4,890.3,2020.8,977.6,2058.7,1071.1,2038.0,1213.0,2094.6,1352.7,2172.4,1300.4,2175.4,1070.4,2162.0,976.3,2161.7,884.1,2143.6,715.2,2117.1,715.2,2117.1,876.8,2154.1,968.5,2167.1,1062.6,2169.0,1300.4,2175.4,1352.7,2172.4,1203.1,2295.9,1053.9,2337.9,951.1,2337.5,853.8,2319.5,735.9,2246.8,666.6,2114.1
577.0,9.6,667.9,2115.9,762.2,2051.1,891.8,2021.2,979.6,2059.1,1072.9,2037.2,1215.0,2094.1,1353.3,2170.8,1301.4,2174.4,1073.1,2162.4,979.2,2163.0,886.8,2145.2,716.6,2119.2,716.6,2119.2,880.9,2157.9,973.2,2170.9,1066.9,2172.8,1301.4,2174.4,1353.3,2170.8,1207.9,2302.7,1060.5,2347.7,957.7,2348.1,859.3,2330.2,739.3,2255.8,667.9,2115.9
578.0,9.617,668.3,2118.5,762.0,2051.7,891.2,2020.1,977.7,2056.8,1068.7,2035.7,1213.3,2092.6,1355.2,2172.0,1302.0,2175.6,1069.1,2160.2,977.7,2160.4,886.4,2143.4,716.7,2121.7,716.7,2121.7,880.4,2159.9,971.7,2172.3,1063.5,2174.6,1302.0,2175.6,1355.2,2172.0,1207.2,2303.4,1057.1,2345.7,956.3,2345.0,859.4,2328.1,739.7,2256.5,668.3,2118.5
579.0,9.633,669.5,2118.4,763.0,2052.7,892.7,2020.8,979.9,2057.8,1072.2,2036.5,1216.0,2093.7,1356.8,2171.7,1303.8,2175.6,1072.8,2161.2,979.9,2161.4,888.1,2144.2,717.3,2121.8,717.3,2121.8,881.7,2160.8,973.5,2173.3,1066.6,2175.3,1303.8,2175.6,1356.8,2171.7,1209.2,2303.9,1059.7,2347.0,957.7,2346.8,860.1,2329.6,740.1,2256.7,669.5,2118.4
580.0,9.65,672.4,2116.3,765.9,2050.8,895.2,2020.4,980.3,2057.3,1069.9,2036.1,1214.0,2092.7,1356.7,2170.5,1303.7,2174.7,1071.0,2159.8,981.0,2159.7,891.4,2142.6,720.0,2120.3,720.0,2120.3,885.5,2160.5,975.2,2172.6,1065.6,2174.8,1303.7,2174.7,1356.7,2170.5,1208.2,2304.5,1059.2,2347.4,959.8,2347.1,864.2,2330.1,743.8,2257.6,672.4,2116.3
581.0,9.667,671.5,2118.8,764.9,2052.5,894.5,2020.8,981.3,2057.7,1072.8,2036.2,1217.4,2093.1,1359.4,2171.4,1305.8,2175.6,1074.3,2162.0,982.2,2162.1,890.9,2145.2,719.2,2122.4,719.2,2122.4,884.2,2160.0,975.4,2172.0,1067.9,2173.8,1305.8,2175.6,1359.4,2171.4,1211.0,2303.9,1061.3,2347.6,960.0,2347.7,862.7,2330.9,742.5,2258.6,671.5,2118.8
582.0,9.683,672.6,2118.6,766.4,2052.4,896.1,2021.0,982.1,2057.8,1072.8,2036.0,1217.4,2092.5,1359.9,2170.3,1306.5,2174.7,1074.6,2162.1,983.3,2162.5,892.9,2145.8,720.4,2122.4,720.4,2122.4,886.5,2160.0,976.9,2171.8,1068.5,2173.5,1306.5,2174.7,1359.9,2170.3,1211.8,2304.1,1062.4,2348.1,962.0,2348.5,865.4,2331.9,744.5,2259.5,672.6,2118.6
583.0,9.7,671.9,2119.6,765.8,2054.0,895.9,2021.4,981.8,2057.7,1072.4,2036.2,1217.5,2093.0,1360.9,2170.8,1306.7,2175.5,1074.3,2163.0,982.9,2163.3,892.6,2146.9,719.7,2123.7,719.7,2123.7,885.3,2160.2,975.6,2171.8,1067.4,2173.4,1306.7,2175.5,1360.9,2170.8,1211.1,2304.0,1060.8,2347.4,960.4,2347.6,864.0,2331.5,743.3,2260.0,671.9,2119.6
584.0,9.717,672.2,2121.3,766.3,2054.0,896.3,2021.5,982.4,2057.8,1072.8,2036.0,1218.4,2092.3,1362.0,2170.8,1307.9,2175.5,1074.9,2163.0,983.8,2163.6,893.3,2147.4,720.0,2125.0,720.0,2125.0,886.3,2161.6,976.8,2173.1,1068.4,2174.7,1307.9,2175.5,1362.0,2170.8,1212.9,2304.8,1062.2,2348.7,961.9,2349.1,865.4,2333.0,744.4,2261.5,672.2,2121.3
585.0,9.733,673.7,2120.2,767.4,2054.3,897.4,2022.3,983.7,2058.7,1074.8,2037.2,1219.8,2093.3,1362.3,2171.1,1308.4,2175.5,1076.6,2162.8,984.8,2163.3,894.0,2146.8,721.4,2124.0,721.4,2124.0,887.4,2163.1,978.3,2174.7,1070.7,2176.0,1308.4,2175.5,1362.3,2171.1,1214.1,2304.3,1064.1,2347.5,963.2,2347.8,866.3,2331.6,745.3,2260.0,673.7,2120.2
586.0,9.75,673.8,2120.3,768.4,2054.5,898.4,2022.7,984.7,2059.1,1075.7,2037.5,1220.9,2093.8,1363.7,2171.1,1309.9,2175.7,1077.4,2164.1,985.7,2164.6,894.9,2148.1,721.7,2124.2,721.7,2124.2,887.5,2162.9,978.4,2174.7,1070.6,2176.3,1309.9,2175.7,1363.7,2171.1,1214.8,2305.7,1064.2,2349.6,963.4,2349.9,866.5,2333.4,745.7,2260.9,673.8,2120.3
587.0,9.767,674.6,2119.5,768.1,2054.0,897.5,2022.9,983.3,2059.1,1073.8,2037.7,1219.4,2093.3,1363.0,2170.9,1309.1,2175.6,1075.8,2163.2,984.7,2163.6,894.4,2147.1,722.3,2123.6,722.3,2123.6,887.5,2164.5,977.9,2176.2,1069.7,2177.6,1309.1,2175.6,1363.0,2170.9,1214.0,2306.1,1063.2,2350.2,962.9,2350.5,866.5,2334.1,745.9,2261.8,674.6,2119.5
588.0,9.783,660.4,2123.4,760.0,2061.2,887.6,2030.1,971.0,2061.8,1061.0,2045.1,1207.9,2098.8,1360.8,2173.9,1302.7,2184.5,1062.4,2160.1,971.9,2160.1,882.7,2145.5,706.7,2132.3,706.7,2132.3,855.5,2182.8,943.8,2193.0,1037.4,2191.2,1302.7,2184.5,1360.8,2173.9,1186.0,2304.8,1024.9,2344.8,924.9,2344.9,832.7,2329.2,722.4,2260.1,660.4,2123.4
589.0,9.8,664.4,2119.4,762.3,2054.9,896.5,2019.6,982.1,2057.5,1077.1,2035.9,1216.1,2097.8,1356.9,2177.0,1300.9,2182.6,1074.6,2167.0,978.4,2166.6,887.8,2149.3,714.1,2123.2,714.1,2123.2,874.5,2156.5,964.1,2169.0,1060.2,2168.9,1300.9,2182.6,1356.9,2177.0,1196.4,2299.5,1045.6,2344.9,942.1,2346.2,846.3,2329.4,729.6,2255.4,664.4,2119.4
590.0,9.817,671.1,2115.8,766.8,2052.6,897.6,2023.5,982.7,2061.0,1073.6,2039.5,1216.8,2096.4,1359.5,2172.6,1306.5,2175.8,1073.5,2165.1,981.9,2165.3,892.2,2147.9,720.3,2118.8,720.3,2118.8,885.8,2158.3,975.3,2170.6,1066.9,2172.2,1306.5,2175.8,1359.5,2172.6,1208.0,2300.9,1058.3,2344.6,958.3,2344.7,862.8,2327.5,742.7,2253.5,671.1,2115.8
591.0,9.833,671.6,2116.0,767.5,2055.2,895.6,2026.3,982.8,2063.8,1075.9,2042.9,1217.8,2099.3,1358.7,2174.3,1305.8,2177.3,1074.5,2164.5,980.6,2165.2,888.5,2147.0,719.1,2119.1,719.1,2119.1,880.5,2154.2,971.9,2167.5,1065.4,2169.6,1305.8,2177.3,1358.7,2174.3,1206.0,2297.2,1055.7,2335.8,953.5,2334.7,856.6,2316.1,741.1,2244.5,671.6,2116.0
592.0,9.85,671.8,2118.7,767.5,2054.6,897.0,2025.1,983.9,2062.3,1075.7,2040.4,1219.4,2096.4,1361.1,2172.6,1308.2,2176.1,1076.2,2164.8,983.7,2165.7,892.3,2148.4,720.3,2121.9,720.3,2121.9,886.6,2159.7,977.8,2172.1,1070.2,2174.0,1308.2,2176.1,1361.1,2172.6,1212.8,2303.3,1063.5,2345.9,962.2,2345.9,865.1,2328.6,744.9,2256.2,671.8,2118.7
593.0,9.867,671.8,2117.2,766.4,2055.2,894.2,2026.2,981.6,2063.5,1074.8,2041.8,1217.9,2097.9,1360.0,2173.2,1306.6,2176.8,1074.7,2165.3,980.8,2166.3,888.8,2148.4,719.0,2120.6,719.0,2120.6,881.1,2157.5,972.7,2170.5,1066.4,2172.3,1306.6,2176.8,1360.0,2173.2,1208.3,2301.0,1057.8,2342.2,955.3,2342.0,858.0,2323.8,741.4,2251.4,671.8,2117.2
594.0,9.883,672.3,2119.7,766.8,2055.8,896.0,2025.6,982.0,2062.1,1073.2,2040.3,1217.1,2096.2,1359.9,2172.5,1306.2,2176.2,1074.4,2164.9,982.4,2166.0,891.9,2149.1,720.2,2122.9,720.2,2122.9,886.0,2159.9,976.4,2171.7,1068.5,2172.9,1306.2,2176.2,1359.9,2172.5,1210.6,2302.3,1061.0,2344.1,960.4,2344.5,864.0,2327.8,744.3,2256.9,672.3,2119.7
595.0,9.9,673.0,2118.0,766.6,2054.7,895.5,2025.7,982.1,2063.3,1074.0,2041.6,1216.7,2097.7,1357.7,2173.3,1304.6,2176.7,1075.0,2165.8,982.3,2166.4,891.3,2148.7,720.5,2121.2,720.5,2121.2,885.0,2159.6,975.8,2172.1,1068.4,2173.8,1304.6,2176.7,1357.7,2173.3,1209.3,2303.8,1060.7,2346.2,959.4,2346.2,862.6,2328.4,743.5,2255.4,673.0,2118.0
596.0,9.917,674.4,2117.2,767.6,2054.2,896.3,2025.5,982.7,2062.7,1074.2,2041.3,1217.3,2097.1,1358.8,2172.8,1305.6,2176.5,1075.1,2164.7,982.8,2165.2,892.0,2147.6,721.9,2120.7,721.9,2120.7,885.8,2160.2,976.4,2172.9,1068.8,2174.6,1305.6,2176.5,1358.8,2172.8,1210.2,2304.4,1061.3,2346.6,960.3,2346.5,863.8,2328.7,744.8,2255.9,674.4,2117.2
597.0,9.933,675.0,2115.5,768.4,2053.5,896.8,2025.3,982.9,2062.5,1074.4,2041.2,1217.9,2096.8,1360.2,2171.8,1306.8,2175.4,1075.1,2164.5,982.8,2165.1,892.3,2147.3,722.3,2119.2,722.3,2119.2,885.8,2158.7,976.2,2171.6,1068.5,2173.4,1306.8,2175.4,1360.2,2171.8,1210.2,2303.1,1060.5,2344.8,959.7,2344.5,863.4,2326.5,745.1,2253.4,675.0,2115.5
598.0,9.95,675.4,2114.4,771.0,2053.5,899.9,2025.4,985.7,2062.5,1076.7,2041.5,1219.9,2096.5,1362.2,2170.3,1309.3,2173.8,1076.7,2163.3,985.0,2163.7,894.5,2146.1,722.5,2118.2,722.5,2118.2,888.1,2156.4,978.3,2169.2,1069.9,2171.6,1309.3,2173.8,1362.2,2170.3,1211.8,2299.6,1062.1,2340.0,961.8,2339.1,865.8,2321.3,747.4,2249.0,675.4,2114.4
599.0,9.967,676.2,2115.5,772.9,2056.1,901.5,2028.1,989.0,2065.0,1082.6,2043.6,1224.1,2097.0,1364.4,2168.3,1312.0,2171.6,1082.3,2163.0,987.7,2164.4,895.6,2146.8,722.8,2118.3,722.8,2118.3,889.1,2154.6,980.7,2167.1,1074.9,2168.3,1312.0,2171.6,1364.4,2168.3,1214.6,2291.5,1065.9,2331.6,963.3,2331.6,866.1,2314.1,748.6,2243.3,676.2,2115.5
600.0,9.983,679.7,2115.5,777.1,2056.9,905.3,2029.3,995.7,2066.0,1093.0,2043.9,1231.3,2096.3,1365.2,2164.7,1314.2,2168.5,1092.9,2163.0,994.3,2165.8,899.4,2148.1,726.6,2118.2,726.6,2118.2,891.9,2156.2,986.2,2168.8,1084.2,2167.8,1314.2,2168.5,1365.2,2164.7,1220.8,2288.8,1075.7,2332.3,969.5,2334.3,869.3,2316.6,751.9,2244.8,679.7,2115.5
601.0,10.0,683.4,2115.0,783.7,2059.4,911.2,2031.5,1002.9,2066.7,1101.1,2044.8,1238.3,2095.5,1370.5,2161.1,1319.9,2165.3,1100.0,2162.2,1000.2,2166.7,903.9,2149.6,730.6,2117.5,730.6,2117.5,895.3,2149.6,990.4,2161.9,1089.3,2160.0,1319.9,2165.3,1370.5,2161.1,1225.5,2280.9,1080.8,2322.1,973.9,2324.5,873.0,2307.4,757.4,2239.0,683.4,2115.0
602.0,10.017,689.6,2117.2,793.5,2063.6,920.7,2035.9,1015.2,2068.5,1116.1,2047.3,1250.8,2094.7,1377.7,2156.9,1328.8,2163.7,1114.5,2159.4,1011.8,2165.9,912.7,2149.6,736.9,2121.1,736.9,2121.1,901.1,2153.3,998.9,2165.1,1100.5,2161.7,1328.8,2163.7,1377.7,2156.9,1235.9,2276.7,1093.7,2317.9,984.3,2321.1,881.1,2305.1,765.6,2239.8,689.6,2117.2
603.0,10.033,700.9,2125.4,808.2,2068.1,935.0,2038.1,1034.9,2067.6,1139.3,2046.0,1272.3,2090.8,1389.5,2152.3,1342.7,2160.4,1138.2,2155.4,1031.9,2164.0,928.1,2149.5,751.0,2129.8,751.0,2129.8,917.1,2156.4,1020.0,2167.4,1125.4,2162.1,1342.7,2160.4,1389.5,2152.3,1261.3,2273.5,1126.0,2317.2,1012.9,2322.3,904.7,2308.3,785.2,2247.2,700.9,2125.4
604.0,10.05,712.7,2131.7,823.2,2071.9,950.5,2040.1,1053.0,2067.7,1160.1,2046.2,1291.0,2089.4,1401.2,2151.1,1355.6,2161.0,1160.1,2152.9,1050.8,2163.0,944.7,2149.9,762.8,2138.2,762.8,2138.2,934.1,2152.8,1039.1,2162.7,1147.5,2155.3,1355.6,2161.0,1401.2,2151.1,1281.0,2266.1,1150.6,2308.3,1035.0,2315.7,924.6,2302.8,802.7,2247.5,712.7,2131.7
605.0,10.067,732.9,2134.5,842.6,2072.7,966.5,2040.5,1071.6,2066.5,1182.2,2043.6,1308.9,2085.4,1411.2,2144.3,1365.8,2156.0,1183.1,2148.3,1069.9,2160.0,962.1,2148.2,783.3,2141.7,783.3,2141.7,952.1,2154.8,1059.2,2164.4,1171.8,2153.9,1365.8,2156.0,1411.2,2144.3,1300.8,2259.4,1177.1,2307.0,1058.0,2318.4,945.3,2306.4,824.8,2251.6,732.9,2134.5
606.0,10.083,749.3,2135.9,859.9,2075.3,981.3,2044.5,1086.7,2069.3,1199.9,2045.8,1323.5,2083.8,1422.5,2137.8,1377.9,2150.0,1201.7,2142.1,1085.8,2154.8,978.3,2143.9,798.5,2143.8,798.5,2143.8,969.8,2161.0,1077.1,2170.4,1192.7,2157.0,1377.9,2150.0,1422.5,2137.8,1317.7,2246.9,1198.1,2296.5,1076.8,2311.0,964.3,2299.9,844.5,2247.2,749.3,2135.9
607.0,10.1,757.3,2134.1,874.6,2077.8,995.6,2049.8,1099.0,2072.6,1209.6,2049.1,1332.2,2081.2,1432.0,2130.1,1387.6,2143.9,1211.9,2140.5,1098.5,2155.4,993.0,2145.6,806.5,2143.4,806.5,2143.4,984.5,2155.8,1089.6,2164.4,1202.2,2150.2,1387.6,2143.9,1432.0,2130.1,1326.9,2235.6,1208.4,2282.3,1090.5,2297.3,980.5,2287.3,860.2,2239.4,757.3,2134.1
608.0,10.117,760.9,2130.5,883.1,2076.4,1005.8,2047.9,1105.9,2070.4,1213.0,2046.3,1336.2,2077.2,1440.1,2123.4,1395.1,2137.5,1215.7,2137.1,1105.8,2152.6,1003.6,2143.6,809.8,2140.3,809.8,2140.3,995.8,2147.6,1097.4,2155.5,1206.3,2141.5,1395.1,2137.5,1440.1,2123.4,1331.7,2226.8,1212.6,2272.2,1098.4,2287.6,991.9,2278.5,869.6,2233.4,760.9,2130.5
609.0,10.133,765.2,2127.4,889.1,2075.5,1012.8,2046.3,1112.2,2068.6,1219.1,2043.6,1340.9,2074.9,1444.5,2118.2,1399.6,2132.5,1222.2,2133.8,1112.2,2150.0,1011.1,2141.3,814.0,2137.4,814.0,2137.4,1004.8,2141.8,1105.4,2149.5,1214.1,2134.8,1399.6,2132.5,1444.5,2118.2,1337.6,2220.9,1220.7,2265.7,1107.1,2282.0,1001.2,2273.7,877.0,2230.2,765.2,2127.4
610.0,10.15,766.8,2126.0,892.3,2073.9,1016.5,2044.6,1115.6,2066.5,1222.2,2041.1,1343.5,2071.8,1447.2,2114.7,1402.3,2129.0,1225.7,2130.4,1115.7,2147.2,1015.1,2138.8,815.5,2136.0,815.5,2136.0,1009.2,2138.9,1109.5,2146.3,1217.9,2131.1,1402.3,2129.0,1447.2,2114.7,1341.0,2216.1,1225.0,2260.3,1111.7,2277.2,1006.2,2269.5,880.7,2227.7,766.8,2126.0
611.0,10.167,766.1,2124.3,893.2,2072.9,1017.8,2042.3,1115.6,2063.9,1221.1,2038.1,1342.1,2069.3,1446.4,2111.7,1401.2,2126.4,1224.5,2127.3,1115.6,2144.3,1016.4,2136.3,814.7,2134.9,814.7,2134.9,1010.8,2136.0,1109.7,2143.1,1217.0,2127.8,1401.2,2126.4,1446.4,2111.7,1339.6,2212.7,1224.2,2255.8,1112.1,2273.0,1008.1,2265.7,882.1,2225.3,766.1,2124.3
612.0,10.183,764.4,2124.1,891.7,2071.9,1016.4,2040.9,1114.0,2062.3,1219.3,2036.8,1340.1,2068.3,1444.3,2111.1,1399.1,2125.5,1222.9,2125.2,1114.2,2142.0,1015.3,2134.2,812.9,2134.4,812.9,2134.4,1009.8,2134.7,1108.5,2141.7,1215.7,2126.4,1399.1,2125.5,1444.3,2111.1,1338.0,2210.8,1223.1,2252.9,1111.1,2270.0,1007.4,2263.0,880.9,2223.8,764.4,2124.1
613.0,10.2,763.2,2124.6,889.3,2070.5,1013.0,2039.0,1111.0,2060.6,1216.6,2035.2,1336.6,2067.5,1439.3,2112.4,1394.0,2126.4,1220.0,2125.1,1110.9,2141.5,1011.6,2133.6,812.3,2134.5,812.3,2134.5,1005.9,2131.1,1105.0,2138.3,1212.5,2123.1,1394.0,2126.4,1439.3,2112.4,1334.1,2209.9,1220.1,2251.0,1107.8,2267.7,1003.6,2260.6,878.4,2222.1,763.2,2124.6
614.0,10.217,760.6,2125.4,886.4,2070.0,1010.9,2038.0,1107.9,2059.8,1212.6,2034.4,1332.7,2067.5,1435.6,2113.9,1390.3,2127.0,1216.1,2124.8,1108.0,2140.8,1009.6,2132.9,809.9,2134.8,809.9,2134.8,1004.9,2131.7,1103.1,2138.7,1209.8,2123.9,1390.3,2127.0,1435.6,2113.9,1331.2,2210.8,1217.4,2251.5,1105.9,2267.9,1002.5,2261.1,876.1,2222.8,760.6,2125.4
615.0,10.233,757.0,2127.9,882.6,2070.6,1007.1,2038.1,1103.9,2060.1,1208.2,2034.7,1328.6,2068.4,1431.9,2116.6,1386.2,2129.3,1211.9,2126.2,1104.1,2141.9,1005.9,2134.1,806.4,2136.9,806.4,2136.9,1001.1,2132.2,1099.1,2139.0,1205.4,2124.7,1386.2,2129.3,1431.9,2116.6,1327.1,2212.2,1212.7,2252.2,1101.6,2268.1,998.4,2261.4,872.2,2223.6,757.0,2127.9
616.0,10.25,756.0,2129.5,880.6,2072.0,1004.5,2039.0,1101.3,2061.1,1205.6,2035.9,1325.6,2070.3,1427.5,2119.5,1381.8,2131.8,1209.0,2126.7,1101.3,2142.1,1003.1,2134.3,805.2,2138.4,805.2,2138.4,998.7,2133.8,1096.8,2140.9,1203.0,2126.7,1381.8,2131.8,1427.5,2119.5,1324.1,2214.6,1210.6,2253.6,1099.5,2269.5,996.3,2262.6,870.5,2225.2,756.0,2129.5
617.0,10.267,756.2,2132.1,880.3,2073.5,1003.5,2039.4,1099.9,2061.7,1203.8,2036.7,1322.8,2072.6,1424.4,2123.3,1378.4,2135.7,1206.8,2128.3,1099.4,2143.7,1001.6,2135.8,805.1,2141.0,805.1,2141.0,996.5,2133.9,1094.0,2141.4,1199.8,2127.5,1378.4,2135.7,1424.4,2123.3,1320.1,2217.5,1206.6,2255.7,1095.9,2271.2,993.2,2263.8,869.2,2226.3,756.2,2132.1
618.0,10.283,755.0,2137.2,878.1,2075.3,1001.2,2040.5,1097.5,2062.8,1200.7,2037.9,1320.4,2074.4,1422.3,2128.0,1376.0,2139.7,1204.1,2131.8,1097.5,2146.7,999.6,2139.1,804.9,2145.2,804.9,2145.2,994.4,2135.3,1092.0,2142.3,1197.1,2128.9,1376.0,2139.7,1422.3,2128.0,1318.3,2221.3,1204.3,2258.6,1094.3,2273.4,991.4,2266.5,867.2,2229.8,755.0,2137.2
619.0,10.3,755.4,2140.4,877.0,2077.1,998.0,2041.9,1095.9,2064.3,1200.7,2039.6,1319.8,2076.6,1419.5,2132.5,1373.0,2144.0,1203.5,2133.9,1095.3,2148.7,995.7,2140.9,805.5,2148.2,805.5,2148.2,990.2,2137.2,1089.4,2144.8,1196.1,2131.6,1373.0,2144.0,1419.5,2132.5,1316.9,2223.8,1203.5,2260.7,1091.7,2275.3,987.5,2267.9,865.9,2231.3,755.4,2140.4
620.0,10.317,757.1,2143.9,877.5,2079.5,997.9,2043.2,1095.1,2065.9,1199.3,2041.1,1317.4,2079.8,1416.2,2136.9,1369.6,2147.9,1202.1,2136.5,1094.5,2150.9,995.6,2143.1,807.2,2151.5,807.2,2151.5,990.2,2138.8,1088.7,2146.5,1194.8,2133.4,1369.6,2147.9,1416.2,2136.9,1314.4,2227.2,1202.0,2263.5,1090.8,2277.9,987.3,2270.4,866.4,2234.1,757.1,2143.9
621.0,10.333,757.6,2147.1,876.9,2082.1,996.9,2045.1,1094.8,2068.0,1199.9,2043.4,1317.5,2082.4,1415.2,2140.6,1368.5,2151.5,1202.7,2138.9,1094.1,2153.2,994.5,2145.1,807.5,2154.5,807.5,2154.5,988.9,2141.1,1088.0,2149.0,1195.0,2135.7,1368.5,2151.5,1415.2,2140.6,1313.9,2229.4,1201.8,2265.6,1089.7,2280.2,985.6,2272.5,865.5,2236.3,757.6,2147.1
622.0,10.35,757.7,2150.8,877.0,2084.1,996.6,2046.8,1094.8,2069.6,1200.2,2044.8,1317.5,2084.4,1414.6,2143.9,1367.9,2154.8,1202.8,2140.2,1094.0,2154.6,994.2,2146.7,807.6,2158.2,807.6,2158.2,988.4,2143.8,1087.8,2151.7,1195.2,2138.4,1367.9,2154.8,1414.6,2143.9,1313.8,2232.0,1201.9,2267.5,1089.5,2282.1,985.1,2274.3,865.5,2238.6,757.7,2150.8
623.0,10.367,757.8,2153.3,877.3,2086.1,997.0,2048.8,1095.4,2071.3,1200.9,2046.6,1318.1,2086.3,1414.5,2146.0,1367.9,2157.0,1203.6,2141.9,1094.7,2156.4,994.7,2148.7,807.8,2160.9,807.8,2160.9,989.1,2145.7,1088.7,2153.4,1196.2,2139.9,1367.9,2157.0,1414.5,2146.0,1314.6,2234.5,1203.1,2269.8,1090.7,2284.4,986.0,2276.8,865.9,2241.5,757.8,2153.3
624.0,10.383,758.9,2156.1,878.3,2088.1,997.6,2050.3,1096.4,2072.7,1201.9,2048.2,1319.3,2088.0,1415.4,2149.0,1368.6,2160.1,1204.6,2144.1,1095.7,2158.6,995.2,2150.8,809.2,2163.9,809.2,2163.9,989.4,2146.6,1089.4,2154.2,1196.9,2140.7,1368.6,2160.1,1415.4,2149.0,1315.4,2236.6,1204.0,2271.3,1091.5,2285.9,986.5,2278.5,866.9,2244.2,758.9,2156.1
625.0,10.4,761.1,2159.4,879.6,2088.7,998.4,2052.0,1098.3,2074.1,1204.5,2050.7,1321.9,2089.4,1415.3,2152.2,1369.3,2163.1,1207.3,2146.1,1097.9,2159.9,996.3,2152.3,811.7,2167.2,811.7,2167.2,990.5,2149.4,1091.6,2156.6,1199.9,2143.2,1369.3,2163.1,1415.3,2152.2,1318.2,2238.5,1207.3,2273.2,1094.1,2287.4,988.0,2280.0,868.4,2246.0,761.1,2159.4
626.0,10.417,760.9,2158.7,878.8,2090.1,998.3,2053.1,1098.5,2075.8,1205.2,2053.5,1322.1,2092.9,1414.1,2154.9,1368.5,2166.1,1207.7,2148.5,1098.1,2161.2,996.1,2152.7,811.2,2168.1,811.2,2168.1,990.5,2149.9,1092.0,2157.3,1200.6,2144.3,1368.5,2166.1,1414.1,2154.9,1317.8,2241.2,1208.5,2275.6,1094.8,2289.7,988.5,2282.0,868.2,2248.0,760.9,2158.7
627.0,10.433,761.6,2161.5,877.9,2090.9,995.0,2056.1,1099.0,2078.6,1209.5,2056.7,1324.9,2094.8,1411.2,2158.4,1367.1,2169.8,1211.4,2149.6,1098.1,2162.9,992.5,2154.1,811.3,2171.5,811.3,2171.5,986.1,2152.6,1091.2,2160.1,1203.6,2145.9,1367.1,2169.8,1411.2,2158.4,1318.8,2242.0,1210.9,2277.0,1093.6,2292.1,983.9,2283.1,866.3,2248.8,761.6,2161.5
628.0,10.45,763.2,2159.5,879.0,2091.7,996.5,2058.8,1099.1,2081.0,1208.0,2060.7,1322.0,2097.6,1408.0,2158.5,1364.3,2170.5,1210.3,2150.0,1098.8,2162.2,994.8,2152.9,812.1,2170.5,812.1,2170.5,988.1,2157.8,1091.7,2164.8,1202.6,2150.6,1364.3,2170.5,1408.0,2158.5,1315.6,2244.7,1209.6,2279.7,1093.9,2294.4,985.9,2285.8,867.3,2251.2,763.2,2159.5
629.0,10.467,764.5,2159.2,879.5,2092.6,996.3,2060.7,1099.5,2083.0,1208.9,2062.8,1321.9,2099.2,1406.9,2158.8,1363.4,2171.1,1211.3,2150.6,1099.2,2162.9,994.8,2153.3,813.0,2170.5,813.0,2170.5,987.5,2161.1,1091.5,2168.1,1203.1,2153.2,1363.4,2171.1,1406.9,2158.8,1314.8,2245.9,1210.0,2281.5,1093.7,2296.6,985.5,2287.8,867.4,2252.7,764.5,2159.2
630.0,10.483,764.8,2160.9,879.3,2094.1,995.9,2061.4,1099.2,2084.2,1209.3,2064.3,1322.4,2101.2,1407.0,2161.1,1363.4,2173.4,1211.6,2152.2,1099.0,2163.9,994.4,2154.2,813.2,2172.7,813.2,2172.7,987.1,2162.7,1091.3,2169.9,1203.6,2155.0,1363.4,2173.4,1407.0,2161.1,1315.0,2246.9,1210.2,2282.8,1093.2,2298.2,984.8,2289.1,867.3,2253.7,764.8,2160.9
631.0,10.5,763.4,2163.3,877.7,2095.4,994.4,2062.4,1098.6,2085.4,1210.0,2065.2,1324.3,2102.4,1408.4,2163.4,1364.7,2175.3,1212.4,2154.5,1098.6,2166.1,992.8,2156.5,812.0,2175.1,812.0,2175.1,985.8,2163.4,1091.1,2170.8,1204.8,2155.8,1364.7,2175.3,1408.4,2163.4,1317.3,2247.8,1211.5,2283.9,1093.0,2299.5,983.4,2290.2,865.9,2254.7,763.4,2163.3
632.0,10.517,763.4,2167.4,877.6,2096.3,994.7,2062.3,1098.7,2085.3,1209.6,2064.1,1324.5,2101.8,1409.5,2165.6,1365.7,2176.6,1212.2,2156.2,1098.5,2168.6,992.9,2159.5,812.6,2177.5,812.6,2177.5,986.4,2161.5,1091.4,2169.0,1204.4,2154.5,1365.7,2176.6,1409.5,2165.6,1318.4,2249.0,1211.1,2284.8,1093.3,2299.8,983.5,2290.6,865.8,2255.3,763.4,2167.4
633.0,10.533,763.8,2168.2,877.2,2098.2,995.0,2062.0,1098.4,2085.7,1209.0,2064.4,1324.1,2103.8,1410.1,2167.5,1365.6,2178.4,1211.6,2157.8,1098.1,2169.6,993.1,2160.1,812.9,2178.1,812.9,2178.1,986.9,2160.6,1091.3,2168.6,1204.2,2154.5,1365.6,2178.4,1410.1,2167.5,1318.1,2250.6,1211.0,2286.2,1093.3,2301.2,984.0,2292.0,865.9,2256.4,763.8,2168.2
634.0,10.55,763.1,2169.1,875.2,2099.5,992.8,2062.2,1096.3,2086.2,1207.5,2064.5,1323.1,2104.9,1409.7,2168.7,1364.7,2179.0,1210.0,2158.7,1096.1,2170.3,991.0,2160.7,812.6,2178.4,812.6,2178.4,985.3,2161.3,1089.9,2169.6,1203.3,2155.7,1364.7,2179.0,1409.7,2168.7,1317.9,2251.8,1210.5,2287.3,1092.1,2302.2,982.6,2293.1,864.6,2257.3,763.1,2169.1
635.0,10.567,761.6,2172.5,874.9,2100.1,991.8,2062.8,1094.7,2085.8,1204.6,2063.6,1320.5,2103.5,1408.8,2168.7,1363.4,2178.9,1207.2,2159.1,1094.3,2171.6,989.8,2162.9,812.0,2180.3,812.0,2180.3,983.7,2161.7,1087.7,2169.5,1199.8,2155.7,1363.4,2178.9,1408.8,2168.7,1315.7,2251.9,1207.1,2287.4,1090.0,2301.9,981.0,2293.5,863.8,2258.4,761.6,2172.5
636.0,10.583,760.6,2173.0,873.7,2100.7,990.4,2062.8,1093.0,2086.2,1202.8,2063.6,1318.6,2104.7,1408.0,2170.4,1361.8,2180.0,1205.7,2159.7,1092.7,2172.3,988.5,2163.4,810.6,2180.5,810.6,2180.5,982.1,2162.4,1085.8,2170.5,1197.9,2156.5,1361.8,2180.0,1408.0,2170.4,1313.4,2252.9,1204.4,2287.5,1087.4,2301.9,978.8,2293.5,861.9,2258.8,760.6,2173.0
637.0,10.6,760.2,2173.9,873.5,2101.3,989.8,2063.3,1092.7,2086.7,1202.6,2064.1,1318.2,2105.1,1407.2,2171.2,1360.9,2180.8,1205.1,2160.1,1092.1,2172.9,987.6,2164.0,810.4,2181.3,810.4,2181.3,981.1,2162.7,1085.1,2171.0,1197.2,2157.3,1360.9,2180.8,1407.2,2171.2,1313.0,2253.8,1204.1,2288.2,1087.0,2302.5,978.2,2293.9,861.7,2259.1,760.2,2173.9
638.0,10.617,760.1,2174.0,873.7,2102.1,990.2,2063.6,1092.9,2086.9,1202.6,2064.1,1318.6,2105.9,1408.0,2171.7,1361.7,2181.3,1205.1,2160.1,1092.2,2173.0,987.9,2164.2,810.1,2181.6,810.1,2181.6,981.5,2163.0,1085.5,2171.4,1197.3,2158.0,1361.7,2181.3,1408.0,2171.7,1313.6,2255.2,1204.5,2288.9,1087.6,2303.0,978.8,2294.4,862.1,2259.7,760.1,2174.0
639.0,10.633,760.9,2174.8,875.0,2102.9,991.5,2064.3,1093.6,2087.3,1202.6,2064.6,1318.4,2106.1,1407.9,2171.8,1361.6,2181.6,1204.9,2159.9,1092.7,2172.9,989.0,2164.3,810.8,2182.5,810.8,2182.5,982.5,2164.3,1085.7,2172.8,1196.9,2159.1,1361.6,2181.6,1407.9,2171.8,1313.1,2255.6,1203.8,2289.1,1087.6,2303.3,979.6,2294.6,863.1,2260.1,760.9,2174.8
640.0,10.65,760.5,2174.9,875.1,2103.6,992.1,2064.7,1093.9,2088.1,1202.7,2065.1,1319.2,2106.6,1409.1,2172.2,1362.7,2182.1,1205.0,2161.4,1093.1,2174.3,989.5,2165.7,810.7,2183.1,810.7,2183.1,983.3,2163.5,1086.5,2171.9,1197.4,2158.4,1362.7,2182.1,1409.1,2172.2,1314.2,2256.0,1204.8,2289.8,1088.7,2304.2,980.8,2295.5,863.8,2261.2,760.5,2174.9
641.0,10.667,762.2,2174.4,875.7,2103.4,992.6,2064.0,1094.5,2087.7,1203.4,2065.0,1318.8,2107.9,1408.0,2173.5,1361.9,2183.4,1205.5,2161.4,1093.3,2173.9,989.9,2164.9,812.0,2182.5,812.0,2182.5,983.4,2162.6,1086.3,2171.4,1197.5,2158.2,1361.9,2183.4,1408.0,2173.5,1313.1,2257.4,1204.3,2290.7,1088.1,2304.6,980.3,2295.5,863.7,2260.4,762.2,2174.4
642.0,10.683,761.9,2176.0,876.0,2104.8,993.6,2064.6,1094.7,2088.0,1202.9,2064.6,1319.3,2107.5,1410.2,2172.8,1363.4,2182.7,1205.3,2161.8,1093.9,2174.6,991.2,2166.2,811.9,2183.7,811.9,2183.7,985.4,2164.1,1087.7,2172.5,1198.1,2159.2,1363.4,2182.7,1410.2,2172.8,1314.7,2257.3,1205.3,2291.7,1089.8,2306.0,982.6,2297.6,865.1,2262.7,761.9,2176.0
643.0,10.7,762.0,2176.0,876.1,2104.8,993.8,2064.9,1094.7,2088.4,1202.7,2065.0,1318.8,2107.7,1409.7,2172.9,1363.0,2182.7,1205.2,2161.6,1093.8,2174.5,991.4,2166.0,811.9,2183.5,811.9,2183.5,985.7,2164.8,1087.7,2173.2,1197.9,2159.9,1363.0,2182.7,1409.7,2172.9,1314.2,2257.6,1204.9,2291.9,1089.5,2306.2,982.5,2297.8,865.0,2262.8,762.0,2176.0
644.0,10.717,761.9,2175.5,876.8,2104.4,994.8,2065.2,1095.2,2088.4,1202.5,2065.1,1319.0,2107.6,1410.2,2172.8,1363.9,2182.7,1204.8,2162.0,1094.2,2175.1,992.2,2166.8,811.9,2183.1,811.9,2183.1,986.5,2164.6,1088.0,2173.1,1197.3,2160.1,1363.9,2182.7,1410.2,2172.8,1314.4,2258.4,1204.5,2292.2,1090.1,2306.2,983.5,2297.6,865.7,2262.4,761.9,2175.5
645.0,10.733,761.7,2176.6,876.4,2104.8,994.1,2064.6,1094.5,2087.7,1201.8,2064.4,1318.5,2107.5,1410.0,2173.2,1363.1,2183.1,1204.2,2161.4,1093.5,2174.4,991.5,2166.2,811.8,2183.9,811.8,2183.9,985.6,2164.7,1087.2,2173.2,1196.7,2160.2,1363.1,2183.1,1410.0,2173.2,1313.8,2258.2,1203.7,2292.0,1089.2,2306.1,982.5,2297.7,865.3,2262.7,761.7,2176.6
646.0,10.75,762.1,2175.3,875.9,2104.2,993.1,2064.9,1093.9,2088.4,1202.0,2064.9,1318.4,2107.8,1408.8,2173.4,1362.2,2183.0,1204.4,2161.8,1093.0,2174.9,990.5,2166.3,811.8,2183.0,811.8,2183.0,984.8,2165.0,1086.9,2173.7,1197.2,2160.4,1362.2,2183.0,1408.8,2173.4,1313.6,2257.9,1204.2,2291.9,1088.8,2306.2,981.7,2297.5,864.8,2262.2,762.1,2175.3
647.0,10.767,760.1,2175.9,874.7,2104.3,992.3,2065.3,1093.0,2088.8,1201.1,2065.0,1317.6,2107.6,1408.5,2173.2,1361.9,2182.8,1203.6,2161.5,1092.2,2175.0,989.8,2166.5,809.9,2183.4,809.9,2183.4,984.0,2165.0,1086.0,2173.6,1196.2,2160.0,1361.9,2182.8,1408.5,2173.2,1312.8,2257.9,1203.0,2291.7,1087.8,2306.1,980.7,2297.5,863.3,2262.4,760.1,2175.9
648.0,10.783,760.0,2176.1,874.1,2103.8,991.9,2064.9,1092.3,2088.6,1200.1,2064.7,1316.7,2107.3,1407.7,2173.6,1361.2,2182.9,1202.8,2162.1,1091.6,2175.5,989.5,2167.1,809.8,2183.4,809.8,2183.4,984.0,2164.8,1085.6,2173.3,1195.5,2159.8,1361.2,2182.9,1407.7,2173.6,1312.2,2257.7,1202.2,2291.7,1087.3,2306.1,980.4,2297.5,862.8,2262.2,760.0,2176.1
649.0,10.8,760.2,2176.8,874.7,2104.1,992.2,2064.9,1092.4,2088.5,1199.9,2064.6,1316.4,2107.2,1408.0,2173.5,1361.2,2182.9,1202.5,2162.1,1091.7,2175.6,989.8,2167.3,810.2,2183.9,810.2,2183.9,984.0,2164.6,1085.3,2173.0,1194.9,2159.6,1361.2,2182.9,1408.0,2173.5,1311.7,2257.8,1201.6,2291.9,1087.0,2306.2,980.4,2297.7,863.2,2262.4,760.2,2176.8
650.0,10.817,761.1,2176.9,875.0,2104.2,992.5,2064.7,1093.0,2088.2,1200.8,2064.3,1317.3,2107.4,1408.5,2173.8,1361.7,2183.2,1203.6,2162.3,1092.3,2175.7,990.2,2167.4,811.0,2184.0,811.0,2184.0,984.6,2165.0,1086.2,2173.5,1196.2,2159.9,1361.7,2183.2,1408.5,2173.8,1312.7,2257.9,1202.8,2292.3,1087.9,2306.8,981.0,2298.3,863.7,2262.9,761.1,2176.9
651.0,10.833,761.0,2175.7,875.0,2103.9,992.8,2064.5,1093.1,2088.2,1200.7,2064.3,1317.3,2107.5,1408.8,2173.4,1362.1,2182.7,1203.3,2161.7,1092.2,2175.1,990.4,2166.6,810.9,2182.8,810.9,2182.8,984.9,2164.8,1086.3,2173.5,1196.1,2160.2,1362.1,2182.7,1408.8,2173.4,1312.8,2258.3,1202.8,2292.6,1088.0,2306.9,981.3,2298.2,863.7,2262.4,761.0,2175.7
652.0,10.85,762.1,2175.5,875.3,2102.5,992.7,2064.2,1093.0,2088.1,1200.7,2064.2,1317.0,2107.2,1407.6,2174.0,1361.2,2182.8,1203.4,2161.7,1092.2,2175.0,990.3,2166.4,812.0,2182.4,812.0,2182.4,984.7,2164.6,1086.2,2173.4,1196.1,2160.0,1361.2,2182.8,1407.6,2174.0,1312.5,2258.5,1202.5,2292.1,1087.6,2306.2,980.8,2297.3,863.4,2261.3,762.1,2175.5
653.0,10.867,762.4,2175.6,875.4,2101.4,992.0,2063.2,1093.0,2086.9,1201.1,2063.2,1317.4,2106.1,1407.8,2173.8,1361.5,2182.6,1203.6,2160.8,1092.0,2174.1,989.3,2165.6,812.6,2181.9,812.6,2181.9,983.2,2164.5,1085.4,2173.5,1195.6,2160.3,1361.5,2182.6,1407.8,2173.8,1312.5,2258.5,1202.1,2292.2,1086.8,2305.9,979.4,2296.8,863.1,2260.6,762.4,2175.6
654.0,10.883,762.4,2174.8,874.9,2100.7,991.4,2062.8,1092.9,2086.6,1201.6,2062.9,1317.7,2105.8,1407.7,2173.6,1361.4,2182.2,1204.1,2161.0,1091.9,2174.3,988.7,2165.5,812.7,2181.0,812.7,2181.0,982.5,2164.4,1085.2,2173.5,1196.1,2160.3,1361.4,2182.2,1407.7,2173.6,1312.9,2258.5,1202.6,2292.7,1086.7,2306.4,978.7,2297.3,862.5,2260.5,762.4,2174.8
655.0,10.9,763.4,2174.8,874.8,2099.1,990.8,2061.3,1092.8,2085.4,1202.3,2061.4,1318.1,2105.3,1407.9,2174.1,1361.6,2181.9,1204.7,2159.4,1091.6,2172.7,988.1,2163.8,813.7,2179.9,813.7,2179.9,982.2,2164.5,1085.4,2173.8,1197.1,2160.6,1361.6,2181.9,1407.9,2174.1,1313.6,2258.2,1203.3,2292.5,1086.6,2306.0,978.1,2296.7,862.3,2259.2,763.4,2174.8
656.0,10.917,765.0,2171.8,872.1,2093.9,986.2,2056.8,1092.1,2082.5,1206.8,2058.4,1322.1,2103.4,1407.5,2175.0,1361.8,2181.1,1208.8,2156.9,1090.6,2169.6,983.1,2159.4,815.3,2176.1,815.3,2176.1,977.4,2164.2,1084.7,2174.9,1201.7,2161.3,1361.8,2181.1,1407.5,2175.0,1317.2,2257.1,1207.4,2293.2,1085.4,2307.1,972.9,2296.1,859.1,2255.8,765.0,2171.8
657.0,10.933,763.5,2164.1,867.3,2085.7,982.0,2048.6,1088.9,2075.6,1204.5,2052.0,1321.0,2099.5,1407.1,2173.4,1361.2,2177.2,1205.9,2152.8,1086.8,2164.0,978.2,2152.6,814.6,2166.3,814.6,2166.3,972.8,2159.0,1081.3,2170.7,1199.4,2158.3,1361.2,2177.2,1407.1,2173.4,1316.2,2256.9,1204.6,2293.0,1081.3,2305.3,967.6,2293.5,853.7,2250.4,763.5,2164.1
658.0,10.95,765.8,2156.5,863.5,2074.3,976.1,2038.9,1086.0,2067.2,1205.6,2044.2,1321.1,2094.7,1404.0,2172.6,1358.8,2174.1,1206.4,2145.8,1083.3,2155.4,971.6,2142.5,817.1,2156.6,817.1,2156.6,965.5,2155.9,1077.5,2168.9,1199.8,2157.3,1358.8,2174.1,1404.0,2172.6,1315.6,2255.0,1204.2,2291.0,1076.7,2301.9,959.6,2288.4,848.6,2241.6,765.8,2156.5
659.0,10.967,769.1,2149.2,861.5,2063.3,972.5,2028.9,1085.8,2058.8,1209.4,2036.2,1324.9,2089.4,1404.0,2170.9,1359.3,2169.6,1209.8,2140.0,1082.6,2148.2,967.6,2133.9,821.3,2147.2,821.3,2147.2,961.4,2152.8,1076.9,2167.5,1203.8,2156.1,1359.3,2169.6,1404.0,2170.9,1319.4,2253.9,1207.9,2291.5,1075.9,2301.7,955.3,2286.6,845.8,2235.3,769.1,2149.2
660.0,10.983,772.4,2139.0,860.2,2047.6,973.3,2014.0,1085.7,2045.2,1209.6,2021.8,1326.3,2075.3,1400.0,2162.4,1357.3,2158.8,1210.1,2124.9,1082.9,2133.1,968.8,2118.6,823.6,2135.8,823.6,2135.8,963.8,2165.6,1079.2,2180.8,1207.1,2167.8,1357.3,2158.8,1400.0,2162.4,1321.6,2256.0,1209.9,2300.2,1077.2,2312.0,956.4,2295.5,844.1,2236.7,772.4,2139.0
661.0,11.0,774.3,2120.7,856.8,2034.0,972.2,2001.7,1082.3,2034.3,1205.4,2012.5,1322.1,2069.0,1396.3,2153.3,1354.5,2150.6,1204.5,2113.3,1078.3,2118.8,966.4,2102.4,824.0,2117.7,824.0,2117.7,957.7,2178.8,1071.6,2196.2,1199.5,2184.3,1354.5,2150.6,1396.3,2153.3,1314.4,2264.3,1199.9,2315.7,1067.1,2326.2,947.8,2307.1,836.2,2235.1,774.3,2120.7
662.0,11.017,768.6,2117.6,856.5,2032.0,977.2,1998.8,1082.8,2030.9,1199.7,2009.3,1319.4,2066.2,1400.7,2150.2,1358.1,2148.3,1199.0,2113.1,1079.0,2118.0,971.4,2102.6,819.1,2114.9,819.1,2114.9,962.8,2177.3,1072.0,2193.5,1193.5,2183.2,1358.1,2148.3,1400.7,2150.2,1312.1,2266.8,1193.6,2318.1,1067.1,2327.0,952.1,2309.0,835.7,2236.2,768.6,2117.6
663.0,11.033,771.7,2111.3,857.4,2030.3,975.4,2000.8,1085.3,2033.6,1208.0,2012.5,1326.6,2067.5,1404.9,2146.8,1363.1,2144.7,1206.6,2112.0,1080.8,2116.9,969.1,2099.9,822.4,2108.1,822.4,2108.1,958.9,2179.2,1072.3,2197.3,1200.0,2186.1,1363.1,2144.7,1404.9,2146.8,1318.2,2262.5,1200.1,2316.9,1067.7,2326.6,948.8,2306.9,835.2,2230.3,771.7,2111.3
664.0,11.05,775.6,2099.6,863.3,2026.5,981.5,2001.9,1088.2,2034.3,1207.1,2014.3,1324.9,2067.1,1406.2,2139.3,1365.8,2138.3,1205.1,2108.9,1083.1,2113.6,974.6,2096.1,825.7,2097.2,825.7,2097.2,962.3,2181.1,1072.3,2199.9,1195.9,2189.2,1365.8,2138.3,1406.2,2139.3,1315.2,2262.0,1195.3,2317.3,1067.1,2325.8,951.6,2305.1,838.7,2224.6,775.6,2099.6
665.0,11.067,781.0,2097.5,866.1,2024.8,981.6,1998.9,1089.9,2031.4,1210.3,2011.5,1327.1,2064.8,1407.5,2136.0,1366.6,2134.6,1207.8,2107.0,1084.3,2111.1,974.2,2093.4,832.2,2093.3,832.2,2093.3,960.7,2176.0,1072.3,2195.2,1197.7,2184.7,1366.6,2134.6,1407.5,2136.0,1317.1,2257.3,1197.7,2314.4,1067.4,2322.9,950.7,2302.0,840.9,2220.8,781.0,2097.5
666.0,11.083,780.4,2083.2,864.8,2020.4,979.6,2000.8,1088.2,2033.2,1210.0,2013.2,1325.0,2062.5,1405.0,2125.2,1365.3,2125.0,1207.5,2102.1,1082.5,2107.4,972.4,2088.5,830.0,2080.7,830.0,2080.7,957.9,2178.0,1069.7,2197.9,1196.5,2185.8,1365.3,2125.0,1405.0,2125.2,1313.8,2252.5,1195.5,2311.9,1064.2,2321.4,947.4,2299.6,838.4,2214.8,780.4,2083.2
667.0,11.1,777.6,2084.6,862.5,2019.2,978.2,1997.2,1087.1,2030.0,1209.4,2009.2,1325.8,2059.4,1406.8,2124.4,1366.2,2123.7,1207.1,2101.3,1081.7,2106.5,971.3,2088.0,827.8,2081.7,827.8,2081.7,958.5,2172.5,1070.6,2192.0,1197.9,2180.1,1366.2,2123.7,1406.8,2124.4,1316.0,2248.9,1197.3,2308.7,1065.3,2318.7,947.9,2297.4,837.6,2213.8,777.6,2084.6
668.0,11.117,776.5,2080.5,860.9,2015.7,977.5,1994.6,1086.7,2027.3,1209.9,2005.9,1325.3,2055.2,1404.5,2119.1,1364.4,2119.3,1208.0,2097.2,1081.6,2103.2,971.1,2084.7,825.6,2078.4,825.6,2078.4,958.4,2173.9,1070.8,2193.1,1199.1,2179.9,1364.4,2119.3,1404.5,2119.1,1315.3,2246.6,1197.9,2308.6,1065.0,2319.9,947.3,2298.8,835.7,2214.2,776.5,2080.5
669.0,11.133,772.1,2082.5,858.1,2018.1,975.7,1997.2,1083.5,2029.6,1205.3,2008.1,1321.5,2056.9,1402.7,2120.2,1362.4,2120.4,1203.8,2098.1,1078.9,2104.2,969.7,2086.1,820.7,2080.6,820.7,2080.6,958.0,2175.2,1069.0,2194.0,1195.9,2181.2,1362.4,2120.4,1402.7,2120.2,1312.6,2246.8,1194.7,2307.7,1063.4,2318.8,946.8,2298.2,833.8,2214.7,772.1,2082.5
670.0,11.15,775.9,2083.6,861.8,2022.0,977.1,2001.4,1082.6,2033.1,1201.2,2011.8,1316.3,2060.4,1398.5,2120.8,1358.0,2121.2,1199.8,2100.9,1078.0,2107.2,971.4,2089.5,825.0,2081.7,825.0,2081.7,959.6,2173.5,1068.0,2192.3,1191.5,2180.1,1358.0,2121.2,1398.5,2120.8,1308.0,2247.7,1191.5,2307.2,1063.5,2317.8,949.6,2297.6,838.4,2215.4,775.9,2083.6
671.0,11.167,775.2,2076.6,861.9,2022.0,978.2,2006.4,1083.3,2038.6,1202.4,2017.3,1315.9,2061.8,1396.4,2115.6,1357.9,2117.4,1201.0,2102.0,1078.7,2108.9,972.6,2090.2,822.8,2076.8,822.8,2076.8,960.4,2175.2,1068.4,2194.3,1192.5,2181.1,1357.9,2117.4,1396.4,2115.6,1306.6,2245.1,1191.2,2305.8,1062.8,2317.3,949.2,2296.2,836.8,2211.7,775.2,2076.6
672.0,11.183,770.6,2072.1,860.1,2022.9,977.6,2008.6,1080.7,2040.1,1197.3,2019.9,1312.2,2062.9,1396.4,2112.6,1357.8,2115.5,1195.7,2102.1,1076.1,2109.0,971.8,2090.3,818.1,2073.2,818.1,2073.2,959.1,2176.0,1065.1,2195.2,1186.5,2182.9,1357.8,2115.5,1396.4,2112.6,1302.7,2245.6,1185.6,2305.7,1059.9,2316.3,948.3,2295.3,834.9,2210.4,770.6,2072.1
673.0,11.2,765.0,2075.7,856.5,2027.0,975.6,2012.2,1077.2,2043.4,1192.7,2022.8,1308.5,2065.4,1394.8,2114.6,1355.8,2117.8,1191.4,2102.8,1072.9,2110.1,970.2,2091.9,811.6,2077.5,811.6,2077.5,958.7,2180.2,1063.5,2198.8,1183.6,2186.3,1355.8,2117.8,1394.8,2114.6,1300.0,2246.5,1182.6,2305.6,1058.0,2316.6,947.9,2296.3,832.5,2213.0,765.0,2075.7
674.0,11.217,768.6,2087.5,858.8,2031.6,975.2,2013.0,1079.2,2044.4,1196.4,2023.0,1311.1,2069.1,1395.4,2124.0,1355.3,2125.9,1195.3,2109.3,1074.9,2116.4,969.7,2098.8,817.2,2087.3,817.2,2087.3,958.9,2173.8,1065.8,2192.0,1187.5,2179.8,1355.3,2125.9,1395.4,2124.0,1303.5,2247.8,1187.7,2304.8,1061.5,2315.7,949.0,2296.2,836.0,2216.8,768.6,2087.5
675.0,11.233,767.0,2104.1,860.6,2043.8,974.7,2021.2,1079.3,2051.1,1196.3,2028.9,1310.9,2075.5,1397.4,2132.7,1355.7,2135.3,1195.8,2115.7,1075.3,2123.9,969.7,2108.4,815.7,2103.6,815.7,2103.6,960.3,2171.4,1067.1,2188.4,1188.2,2176.1,1355.7,2135.3,1397.4,2132.7,1304.7,2245.6,1189.4,2298.9,1063.7,2310.5,951.6,2292.4,840.3,2220.3,767.0,2104.1
676.0,11.25,763.5,2101.8,857.7,2044.9,974.5,2024.6,1078.0,2054.7,1194.2,2032.9,1310.7,2077.5,1398.7,2131.7,1357.5,2134.1,1194.2,2118.0,1074.6,2125.9,970.1,2109.9,812.0,2101.7,812.0,2101.7,961.5,2176.2,1067.4,2193.2,1187.8,2181.0,1357.5,2134.1,1398.7,2131.7,1305.6,2247.6,1188.9,2302.4,1064.1,2313.8,952.6,2295.9,838.2,2222.0,763.5,2101.8
677.0,11.267,761.9,2100.1,854.7,2043.0,971.1,2023.1,1075.6,2054.1,1193.1,2032.0,1310.2,2076.9,1398.4,2131.8,1356.8,2133.7,1192.9,2120.2,1072.1,2127.8,966.5,2111.2,810.9,2099.5,810.9,2099.5,958.2,2172.3,1065.3,2189.5,1186.8,2177.7,1356.8,2133.7,1398.4,2131.8,1304.9,2247.4,1187.6,2302.6,1061.5,2313.7,948.7,2295.4,834.8,2220.4,761.9,2100.1
678.0,11.283,762.6,2097.5,853.8,2043.1,969.7,2024.1,1074.9,2055.7,1193.6,2033.7,1310.8,2078.2,1399.3,2131.1,1357.6,2132.7,1193.2,2121.3,1071.3,2128.5,964.9,2111.2,811.7,2096.7,811.7,2096.7,956.5,2172.8,1064.5,2190.7,1187.4,2179.0,1357.6,2132.7,1399.3,2131.1,1305.5,2247.1,1188.1,2303.7,1060.4,2314.7,947.0,2296.0,833.9,2219.3,762.6,2097.5
679.0,11.3,761.8,2100.8,854.8,2043.4,971.5,2023.1,1076.5,2054.2,1194.5,2032.1,1312.1,2077.3,1400.6,2132.5,1358.8,2134.1,1194.4,2120.4,1073.1,2127.9,967.0,2111.3,811.3,2099.8,811.3,2099.8,958.7,2173.4,1066.3,2190.7,1188.4,2179.0,1358.8,2134.1,1400.6,2132.5,1307.2,2247.8,1189.6,2303.4,1062.9,2314.4,949.6,2296.2,835.3,2221.2,761.8,2100.8
680.0,11.317,761.0,2099.1,853.1,2042.0,969.7,2022.3,1075.7,2053.8,1195.0,2031.8,1312.8,2076.6,1400.6,2131.9,1359.1,2133.2,1194.8,2120.5,1072.3,2127.9,965.1,2110.8,810.6,2098.1,810.6,2098.1,957.0,2171.4,1065.7,2189.0,1189.0,2177.2,1359.1,2133.2,1400.6,2131.9,1307.9,2246.7,1190.3,2302.0,1062.3,2313.0,947.9,2294.6,833.5,2219.3,761.0,2099.1
681.0,11.333,760.5,2097.1,852.6,2039.8,969.8,2020.1,1074.9,2051.5,1192.8,2029.5,1311.2,2074.2,1400.2,2129.6,1358.5,2131.0,1192.7,2118.3,1071.5,2125.5,965.2,2108.7,810.0,2095.8,810.0,2095.8,956.8,2172.7,1064.6,2190.2,1186.7,2178.6,1358.5,2131.0,1400.2,2129.6,1306.2,2246.9,1187.7,2303.2,1060.8,2313.9,947.5,2295.6,832.8,2219.3,760.5,2097.1
682.0,11.35,760.0,2091.2,851.6,2036.1,969.0,2017.7,1074.6,2049.6,1193.5,2027.8,1311.7,2072.5,1399.8,2127.2,1358.4,2128.6,1192.9,2115.7,1070.9,2123.0,964.1,2105.3,809.2,2090.8,809.2,2090.8,955.6,2170.6,1064.1,2188.7,1187.1,2177.0,1358.4,2128.6,1399.8,2127.2,1306.1,2245.9,1187.8,2302.4,1060.0,2313.2,946.0,2294.1,831.2,2216.6,760.0,2091.2
683.0,11.367,761.3,2089.6,853.0,2034.3,970.1,2016.1,1076.4,2048.1,1196.3,2026.1,1314.4,2071.1,1401.8,2125.7,1360.5,2127.0,1195.6,2114.2,1072.5,2121.6,965.0,2103.8,810.6,2089.1,810.6,2089.1,956.1,2169.7,1065.3,2188.1,1189.3,2176.3,1360.5,2127.0,1401.8,2125.7,1308.3,2245.0,1189.8,2302.0,1061.1,2312.9,946.3,2293.3,832.0,2214.9,761.3,2089.6
684.0,11.383,764.0,2084.2,855.6,2031.9,973.7,2014.3,1077.9,2046.3,1196.1,2024.5,1313.4,2068.6,1400.1,2120.8,1359.4,2123.0,1195.3,2110.9,1074.1,2118.4,968.6,2100.4,812.3,2085.0,812.3,2085.0,959.3,2172.3,1066.6,2190.6,1189.1,2178.2,1359.4,2123.0,1400.1,2120.8,1306.6,2244.8,1189.2,2303.2,1062.0,2314.7,949.0,2295.1,833.9,2214.9,764.0,2084.2
685.0,11.4,764.0,2085.6,857.3,2032.3,975.8,2014.6,1079.5,2045.9,1197.0,2024.6,1314.0,2069.1,1401.9,2121.4,1361.5,2123.6,1196.3,2107.1,1075.8,2114.3,971.0,2096.8,812.0,2086.2,812.0,2086.2,961.4,2174.5,1068.0,2192.8,1189.8,2180.8,1361.5,2123.6,1401.9,2121.4,1307.9,2243.7,1190.1,2300.2,1063.8,2311.3,951.8,2291.9,836.0,2213.2,764.0,2085.6
686.0,11.417,768.6,2090.6,860.4,2036.4,975.9,2017.8,1082.5,2049.5,1203.3,2027.7,1318.8,2072.7,1403.4,2125.5,1362.8,2127.2,1202.6,2113.2,1078.6,2120.7,971.0,2102.8,817.5,2091.0,817.5,2091.0,961.5,2167.3,1070.8,2185.7,1195.9,2172.9,1362.8,2127.2,1403.4,2125.5,1312.1,2240.7,1196.7,2296.0,1067.1,2307.8,952.4,2288.4,839.2,2212.4,768.6,2090.6
687.0,11.433,765.8,2094.4,859.1,2037.1,974.6,2017.1,1080.2,2048.2,1198.8,2026.4,1315.9,2071.7,1404.2,2126.8,1362.4,2128.8,1198.3,2114.6,1076.4,2122.1,969.6,2105.2,815.6,2093.8,815.6,2093.8,960.4,2164.7,1068.7,2182.4,1191.3,2170.9,1362.4,2128.8,1404.2,2126.8,1310.2,2240.9,1192.7,2294.9,1065.3,2305.6,951.6,2287.0,838.7,2212.6,765.8,2094.4
688.0,11.45,763.8,2089.9,855.9,2032.1,974.0,2012.3,1078.6,2044.2,1196.1,2022.1,1314.8,2067.7,1403.9,2123.9,1362.1,2125.3,1195.9,2113.1,1075.2,2120.1,969.4,2103.0,813.5,2089.1,813.5,2089.1,961.0,2165.2,1068.4,2182.7,1190.0,2171.2,1362.1,2125.3,1403.9,2123.9,1309.4,2242.3,1190.7,2298.7,1064.3,2309.4,951.2,2290.9,835.7,2213.9,763.8,2089.9
689.0,11.467,764.4,2085.8,857.3,2033.3,975.6,2015.1,1079.6,2047.2,1197.4,2025.2,1315.2,2069.5,1403.8,2121.2,1362.8,2123.3,1196.8,2112.2,1075.9,2119.4,970.7,2101.7,812.9,2086.2,812.9,2086.2,962.0,2167.9,1068.8,2186.0,1190.8,2174.2,1362.8,2123.3,1403.8,2121.2,1309.1,2241.5,1190.8,2298.7,1064.1,2309.9,951.6,2290.6,836.2,2211.8,764.4,2085.8
690.0,11.483,768.0,2078.6,859.4,2027.7,977.3,2011.1,1080.9,2043.0,1198.9,2021.3,1315.8,2065.1,1403.0,2115.5,1362.6,2117.9,1198.1,2105.8,1077.1,2113.1,972.2,2094.9,816.0,2079.5,816.0,2079.5,962.4,2171.4,1069.2,2190.0,1191.7,2177.7,1362.6,2117.9,1403.0,2115.5,1309.0,2241.4,1191.7,2300.1,1064.7,2311.4,952.3,2291.7,837.4,2210.4,768.0,2078.6
691.0,11.5,772.4,2079.2,863.5,2029.1,979.2,2014.9,1084.3,2046.4,1203.4,2025.2,1318.5,2067.8,1403.5,2117.0,1364.1,2119.1,1202.4,2106.4,1080.1,2114.1,974.0,2095.6,820.4,2079.6,820.4,2079.6,963.3,2171.6,1071.2,2190.7,1194.7,2178.1,1364.1,2119.1,1403.5,2117.0,1311.1,2240.3,1194.6,2298.0,1066.7,2309.1,953.3,2288.8,840.5,2208.1,772.4,2079.2
692.0,11.517,772.8,2096.5,864.7,2038.7,979.2,2018.5,1085.4,2049.7,1205.2,2027.4,1321.1,2072.9,1407.2,2128.3,1365.6,2129.8,1204.6,2114.4,1081.6,2122.1,974.2,2105.3,822.1,2095.5,822.1,2095.5,965.5,2167.2,1074.4,2185.1,1198.2,2172.9,1365.6,2129.8,1407.2,2128.3,1315.5,2240.6,1199.3,2295.3,1070.8,2306.7,956.6,2288.0,844.7,2213.4,772.8,2096.5
693.0,11.533,770.6,2091.8,862.8,2035.6,979.7,2016.7,1084.6,2048.3,1203.0,2026.5,1320.4,2071.4,1408.0,2125.8,1366.8,2127.2,1202.7,2113.8,1081.1,2121.0,975.0,2103.7,819.8,2091.2,819.8,2091.2,966.3,2169.8,1074.1,2187.6,1196.7,2175.7,1366.8,2127.2,1408.0,2125.8,1315.0,2243.1,1197.5,2299.2,1070.3,2310.2,956.8,2291.4,842.3,2214.4,770.6,2091.8
694.0,11.55,768.9,2091.3,862.0,2036.1,980.1,2016.7,1084.2,2048.3,1201.6,2026.7,1319.4,2072.0,1408.0,2125.8,1366.6,2127.7,1201.2,2113.8,1080.7,2120.8,975.4,2103.6,817.8,2091.0,817.8,2091.0,966.6,2170.7,1073.5,2188.5,1195.1,2177.0,1366.6,2127.7,1408.0,2125.8,1313.8,2244.3,1195.9,2300.5,1069.6,2311.3,957.0,2292.6,841.7,2215.4,768.9,2091.3
695.0,11.567,770.0,2087.5,862.7,2036.3,981.3,2019.1,1084.9,2050.8,1202.6,2029.4,1319.8,2073.1,1407.7,2123.6,1367.0,2125.9,1202.1,2112.2,1081.4,2119.2,976.7,2101.3,817.9,2088.3,817.9,2088.3,967.4,2176.4,1074.1,2194.6,1196.1,2182.4,1367.0,2125.9,1407.7,2123.6,1313.7,2245.3,1196.3,2302.5,1069.6,2313.7,957.5,2294.5,841.6,2215.3,770.0,2087.5
696.0,11.583,772.9,2093.3,865.5,2036.9,982.0,2017.5,1087.0,2048.5,1205.7,2026.8,1321.3,2072.7,1407.4,2126.4,1366.6,2128.6,1205.2,2111.9,1083.2,2119.2,977.2,2102.1,821.5,2093.5,821.5,2093.5,967.6,2171.9,1075.4,2189.7,1198.4,2177.3,1366.6,2128.6,1407.4,2126.4,1315.2,2244.2,1199.3,2299.5,1071.6,2310.9,958.3,2292.0,844.3,2215.7,772.9,2093.3
697.0,11.6,773.3,2098.9,866.2,2042.7,981.4,2022.3,1088.1,2053.7,1208.7,2031.6,1325.0,2077.6,1411.4,2132.0,1369.5,2134.1,1208.0,2117.9,1084.3,2125.4,976.5,2108.2,822.4,2099.1,822.4,2099.1,967.2,2172.1,1076.6,2190.3,1201.4,2177.9,1369.5,2134.1,1411.4,2132.0,1318.8,2246.0,1202.5,2300.6,1073.0,2312.2,958.3,2293.1,845.7,2218.0,773.3,2098.9
698.0,11.617,770.9,2097.8,863.3,2040.3,981.1,2020.1,1086.2,2051.9,1204.5,2029.8,1323.0,2075.3,1411.8,2130.8,1369.6,2132.4,1204.4,2119.9,1083.0,2126.9,976.6,2109.8,820.7,2097.2,820.7,2097.2,968.7,2170.7,1076.7,2188.0,1199.1,2176.4,1369.6,2132.4,1411.8,2130.8,1318.3,2247.3,1200.4,2303.4,1073.1,2314.5,959.4,2296.2,843.9,2220.2,770.9,2097.8
699.0,11.633,772.3,2095.8,864.0,2039.3,981.9,2019.8,1086.9,2051.5,1205.4,2029.3,1323.4,2074.2,1410.7,2128.9,1369.1,2130.9,1205.2,2118.0,1083.6,2125.2,977.4,2108.1,821.5,2095.5,821.5,2095.5,968.9,2175.2,1076.9,2192.7,1199.8,2180.4,1369.1,2130.9,1410.7,2128.9,1318.0,2248.3,1200.4,2305.9,1072.9,2317.4,959.1,2298.9,843.7,2221.1,772.3,2095.8
700.0,11.65,774.4,2096.9,866.0,2040.4,983.0,2022.0,1088.4,2053.5,1207.5,2031.3,1324.5,2075.6,1411.1,2129.8,1370.0,2131.4,1207.4,2117.6,1085.2,2125.2,978.7,2108.0,823.4,2096.5,823.4,2096.5,970.1,2177.3,1078.3,2194.8,1201.8,2182.1,1370.0,2131.4,1411.1,2129.8,1319.3,2247.7,1202.4,2304.7,1074.4,2316.5,960.5,2297.8,845.7,2220.7,774.4,2096.9
701.0,11.667,774.0,2102.0,866.5,2043.4,982.8,2022.9,1088.6,2054.0,1207.7,2031.6,1325.0,2077.2,1412.5,2132.7,1370.7,2134.4,1207.8,2119.9,1085.5,2127.4,978.6,2110.8,823.6,2101.0,823.6,2101.0,970.2,2173.8,1078.7,2191.2,1201.9,2178.8,1370.7,2134.4,1412.5,2132.7,1320.3,2247.3,1203.4,2302.8,1075.5,2314.3,961.3,2296.2,847.0,2221.2,774.0,2102.0
702.0,11.683,774.4,2099.0,866.0,2041.6,982.3,2022.5,1088.2,2054.3,1207.6,2032.1,1325.1,2077.4,1412.7,2132.2,1371.1,2133.5,1207.4,2120.7,1084.9,2127.7,977.7,2110.4,824.4,2097.9,824.4,2097.9,969.0,2173.7,1077.8,2191.5,1201.5,2179.7,1371.1,2133.5,1412.7,2132.2,1320.1,2248.5,1202.7,2304.8,1074.4,2315.8,959.9,2297.1,845.9,2220.3,774.4,2099.0
703.0,11.7,773.7,2105.2,866.2,2046.3,981.2,2026.1,1088.5,2057.1,1209.4,2034.6,1325.6,2079.9,1411.9,2135.4,1370.2,2137.2,1209.3,2120.4,1085.1,2128.4,976.8,2111.7,822.8,2104.3,822.8,2104.3,967.9,2176.4,1077.9,2193.9,1203.0,2181.2,1370.2,2137.2,1411.9,2135.4,1320.4,2247.6,1204.1,2302.1,1074.4,2313.8,959.1,2295.4,846.2,2221.3,773.7,2105.2
704.0,11.717,771.8,2093.2,867.7,2047.2,986.2,2032.9,1090.3,2064.5,1208.5,2043.1,1325.7,2083.7,1414.7,2128.9,1374.5,2132.2,1208.4,2123.1,1087.1,2131.0,982.0,2112.8,819.4,2095.5,819.4,2095.5,972.9,2180.6,1079.7,2198.8,1202.2,2186.0,1374.5,2132.2,1414.7,2128.9,1319.6,2248.1,1202.3,2304.0,1075.4,2315.8,963.2,2296.4,846.4,2218.7,771.8,2093.2
705.0,11.733,774.8,2094.2,866.4,2042.0,983.3,2024.5,1089.0,2056.0,1208.3,2033.6,1325.2,2076.8,1412.1,2127.1,1370.9,2129.9,1208.2,2121.1,1085.7,2129.0,978.8,2111.5,824.1,2094.6,824.1,2094.6,969.5,2175.0,1078.1,2192.7,1201.8,2179.6,1370.9,2129.9,1412.1,2127.1,1319.3,2247.9,1202.8,2305.9,1074.5,2318.0,960.2,2299.4,845.5,2221.3,774.8,2094.2
706.0,11.75,774.7,2099.9,864.9,2042.2,981.4,2021.8,1087.8,2053.9,1208.0,2031.5,1325.6,2077.1,1411.9,2133.0,1369.9,2134.3,1207.9,2120.0,1084.6,2127.2,977.1,2109.8,824.0,2099.4,824.0,2099.4,969.2,2174.5,1078.6,2192.1,1203.1,2179.8,1369.9,2134.3,1411.9,2133.0,1320.8,2248.6,1204.2,2305.4,1074.8,2317.2,959.9,2298.5,845.6,2221.9,774.7,2099.9
707.0,11.767,773.3,2102.5,865.3,2043.9,981.1,2023.8,1088.5,2055.3,1209.5,2032.9,1326.6,2078.4,1413.3,2134.0,1371.5,2135.4,1209.4,2120.4,1085.2,2127.9,976.7,2110.9,822.8,2101.6,822.8,2101.6,968.0,2175.2,1078.2,2192.9,1203.4,2180.5,1371.5,2135.4,1413.3,2134.0,1321.6,2248.4,1204.8,2304.3,1074.8,2315.8,959.2,2297.1,845.3,2221.4,773.3,2102.5
708.0,11.783,772.1,2103.9,864.7,2045.8,981.1,2025.9,1088.1,2056.9,1208.2,2034.6,1325.5,2079.6,1412.7,2134.4,1371.3,2136.1,1208.4,2121.8,1085.0,2129.4,976.9,2112.7,822.0,2102.8,822.0,2102.8,968.2,2175.3,1077.8,2192.6,1202.2,2180.3,1371.3,2136.1,1412.7,2134.4,1320.9,2248.3,1203.8,2303.3,1074.8,2314.5,959.6,2296.4,845.0,2221.5,772.1,2103.9
709.0,11.8,770.4,2102.4,862.9,2044.7,981.2,2023.3,1085.6,2055.0,1203.2,2033.0,1322.2,2078.5,1412.1,2134.0,1369.7,2135.5,1203.6,2122.9,1083.0,2129.3,977.3,2112.5,820.3,2101.7,820.3,2101.7,970.0,2173.2,1077.3,2190.2,1199.2,2178.9,1369.7,2135.5,1412.1,2134.0,1318.7,2248.7,1201.0,2304.2,1074.1,2315.0,961.1,2297.3,844.7,2222.2,770.4,2102.4
710.0,11.817,770.1,2098.3,860.9,2041.9,978.6,2022.3,1084.9,2054.2,1205.0,2031.8,1322.2,2077.3,1408.9,2131.2,1367.5,2133.1,1205.1,2119.7,1081.8,2126.7,974.4,2109.3,819.0,2097.8,819.0,2097.8,965.8,2176.3,1075.0,2193.9,1199.6,2181.6,1367.5,2133.1,1408.9,2131.2,1317.2,2249.2,1200.3,2306.4,1071.0,2317.8,956.1,2299.1,840.6,2221.3,770.1,2098.3
711.0,11.833,771.4,2098.7,861.2,2040.6,978.3,2021.1,1084.5,2053.0,1204.7,2030.2,1321.9,2075.1,1408.3,2130.5,1366.9,2131.9,1204.9,2117.9,1081.7,2125.1,974.3,2107.9,820.5,2097.6,820.5,2097.6,966.2,2176.8,1075.5,2194.2,1200.1,2181.6,1366.9,2131.9,1408.3,2130.5,1317.5,2247.9,1201.0,2305.8,1071.7,2317.4,956.7,2299.0,841.6,2221.4,771.4,2098.7
712.0,11.85,770.9,2097.4,860.7,2038.0,979.1,2017.8,1084.9,2049.6,1204.9,2026.8,1322.2,2072.2,1407.9,2129.1,1366.6,2130.5,1205.2,2114.2,1082.1,2121.6,975.2,2104.6,819.5,2096.9,819.5,2096.9,967.1,2179.1,1076.0,2196.3,1200.7,2183.1,1366.6,2130.5,1407.9,2129.1,1317.5,2248.6,1201.0,2306.7,1071.7,2318.9,957.0,2300.4,840.5,2222.5,770.9,2097.4
713.0,11.867,771.1,2095.1,862.4,2036.8,980.7,2017.5,1085.6,2048.7,1204.3,2026.8,1321.3,2072.3,1408.8,2128.0,1367.6,2129.7,1204.4,2111.7,1082.6,2118.6,976.7,2101.6,819.6,2094.7,819.6,2094.7,968.1,2178.1,1076.0,2195.5,1199.3,2183.2,1367.6,2129.7,1408.8,2128.0,1316.9,2247.7,1200.1,2304.4,1072.2,2315.6,958.6,2297.2,842.3,2219.9,771.1,2095.1
714.0,11.883,774.1,2091.6,863.2,2035.1,981.5,2017.0,1086.1,2049.1,1205.1,2027.8,1321.8,2072.8,1407.1,2128.0,1366.4,2129.7,1205.1,2111.2,1083.3,2117.6,977.5,2099.6,821.8,2092.2,821.8,2092.2,968.9,2180.3,1076.8,2198.2,1200.6,2185.6,1366.4,2129.7,1407.1,2128.0,1316.5,2249.1,1200.7,2306.1,1072.2,2317.6,958.8,2298.4,842.5,2219.4,774.1,2091.6
715.0,11.9,771.8,2102.3,865.2,2042.3,983.0,2021.1,1087.8,2051.7,1205.5,2030.1,1322.1,2076.6,1409.0,2133.7,1368.1,2135.7,1205.8,2115.1,1084.8,2122.3,979.1,2106.0,820.7,2102.2,820.7,2102.2,970.1,2177.5,1077.4,2194.5,1199.5,2182.2,1368.1,2135.7,1409.0,2133.7,1317.1,2249.7,1200.9,2302.8,1074.4,2313.9,961.4,2295.8,845.2,2221.8,771.8,2102.3
716.0,11.917,771.5,2102.1,864.1,2044.1,980.7,2024.3,1087.0,2055.2,1206.5,2033.2,1322.9,2078.9,1409.8,2133.7,1368.7,2135.7,1206.6,2120.0,1083.7,2127.4,976.3,2110.6,821.0,2101.3,821.0,2101.3,967.0,2175.7,1076.0,2193.2,1199.7,2181.0,1368.7,2135.7,1409.8,2133.7,1317.8,2249.6,1201.2,2304.4,1072.9,2315.2,958.2,2296.9,843.6,2221.6,771.5,2102.1
717.0,11.933,770.5,2098.0,860.6,2042.5,978.5,2023.9,1083.6,2055.8,1202.6,2033.2,1320.2,2077.0,1407.5,2130.7,1366.2,2132.6,1202.7,2119.7,1080.8,2127.1,974.4,2109.8,819.3,2097.5,819.3,2097.5,966.3,2181.9,1074.4,2199.3,1197.8,2186.6,1366.2,2132.6,1407.5,2130.7,1315.6,2251.0,1198.5,2309.7,1070.3,2321.5,956.5,2303.0,840.7,2224.2,770.5,2098.0
718.0,11.95,773.1,2099.5,863.8,2043.0,980.6,2023.4,1087.1,2055.0,1207.6,2032.6,1324.0,2077.7,1409.4,2131.8,1368.4,2133.7,1207.5,2120.5,1083.9,2128.0,976.2,2110.7,822.6,2099.0,822.6,2099.0,967.3,2176.7,1076.7,2194.4,1201.6,2181.6,1368.4,2133.7,1409.4,2131.8,1318.7,2249.5,1202.6,2306.8,1073.1,2318.6,958.0,2300.0,843.4,2222.7,773.1,2099.5
719.0,11.967,772.6,2102.3,863.3,2044.1,979.8,2024.3,1086.1,2055.9,1206.1,2033.2,1323.7,2078.1,1411.7,2133.4,1369.8,2134.7,1206.4,2121.6,1083.2,2128.9,975.7,2112.0,822.6,2100.8,822.6,2100.8,967.8,2175.5,1077.0,2192.8,1201.3,2180.6,1369.8,2134.7,1411.7,2133.4,1319.9,2248.3,1202.8,2305.0,1073.8,2316.3,958.9,2298.2,844.3,2222.1,772.6,2102.3
720.0,11.983,771.3,2095.9,862.6,2040.4,981.0,2021.4,1086.9,2053.4,1206.6,2030.9,1324.7,2075.4,1412.3,2129.5,1370.8,2131.3,1206.7,2119.1,1083.9,2126.6,976.8,2109.2,820.6,2095.6,820.6,2095.6,968.2,2176.6,1077.0,2194.3,1201.2,2181.7,1370.8,2131.3,1412.3,2129.5,1319.6,2249.5,1201.9,2307.1,1073.1,2318.7,958.5,2299.9,842.3,2221.4,771.3,2095.9
721.0,12.0,773.3,2087.4,863.4,2035.4,982.0,2018.7,1087.5,2050.9,1207.7,2028.8,1324.8,2072.0,1411.1,2123.1,1370.7,2125.6,1207.5,2113.7,1084.3,2121.1,977.6,2102.9,821.5,2088.1,821.5,2088.1,968.1,2179.6,1076.7,2197.9,1201.5,2184.7,1370.7,2125.6,1411.1,2123.1,1318.6,2248.2,1201.4,2308.0,1072.0,2320.0,957.6,2300.4,841.4,2218.6,773.3,2087.4
722.0,12.017,774.3,2079.3,864.5,2029.7,982.9,2015.4,1087.8,2046.9,1207.4,2025.4,1322.9,2068.0,1407.1,2117.0,1368.1,2120.0,1206.5,2105.0,1084.0,2112.8,978.0,2094.2,821.5,2080.7,821.5,2080.7,966.9,2181.9,1075.1,2200.7,1199.4,2187.2,1368.1,2120.0,1407.1,2117.0,1315.4,2246.7,1199.1,2306.1,1070.4,2317.9,956.8,2297.6,841.1,2214.5,774.3,2079.3
723.0,12.033,774.2,2085.7,866.3,2032.7,985.1,2015.9,1088.9,2046.9,1206.4,2025.0,1321.9,2068.8,1408.0,2120.5,1368.7,2123.1,1205.9,2106.6,1085.4,2114.5,980.5,2096.9,822.4,2086.1,822.4,2086.1,969.9,2180.2,1076.6,2198.3,1198.5,2185.5,1368.7,2123.1,1408.0,2120.5,1315.8,2247.4,1199.3,2304.9,1073.0,2316.1,960.7,2296.9,844.2,2216.9,774.2,2085.7
724.0,12.05,774.0,2098.0,867.4,2040.7,985.8,2020.7,1089.8,2051.6,1206.8,2028.8,1322.9,2074.1,1411.6,2129.0,1370.7,2130.7,1207.1,2113.8,1086.8,2121.7,981.7,2105.2,823.3,2097.3,823.3,2097.3,973.0,2174.9,1079.7,2192.0,1200.9,2179.9,1370.7,2130.7,1411.6,2129.0,1319.1,2246.8,1203.1,2301.1,1077.2,2312.1,964.9,2294.5,848.1,2220.0,774.0,2098.0
725.0,12.067,773.1,2098.4,868.4,2041.6,986.7,2020.6,1091.0,2051.0,1208.2,2028.6,1324.0,2074.4,1412.8,2128.0,1372.1,2130.8,1208.1,2113.0,1087.4,2121.0,982.0,2104.8,822.3,2098.1,822.3,2098.1,972.2,2173.6,1079.2,2190.8,1200.5,2178.8,1372.1,2130.8,1412.8,2128.0,1319.3,2246.2,1203.0,2299.7,1077.0,2310.5,964.4,2292.7,848.1,2218.5,773.1,2098.4
726.0,12.083,774.9,2084.6,867.5,2036.0,985.4,2021.9,1090.0,2053.6,1208.9,2031.1,1324.8,2072.9,1412.8,2120.5,1373.0,2122.8,1208.4,2112.5,1086.4,2120.9,980.6,2102.5,823.5,2085.1,823.5,2085.1,970.4,2177.4,1078.1,2195.9,1201.3,2183.2,1373.0,2122.8,1412.8,2120.5,1319.1,2245.5,1202.3,2303.1,1074.6,2314.4,961.3,2295.0,845.4,2214.8,774.9,2084.6
727.0,12.1,776.8,2084.7,868.4,2035.7,986.6,2018.7,1090.3,2050.1,1208.2,2027.3,1323.7,2070.2,1410.4,2118.5,1370.5,2121.6,1207.5,2111.1,1086.5,2119.6,981.7,2101.9,825.0,2085.4,825.0,2085.4,971.1,2178.2,1077.8,2196.5,1200.2,2183.2,1370.5,2121.6,1410.4,2118.5,1317.1,2246.4,1200.7,2305.8,1073.9,2317.9,961.6,2298.5,846.1,2217.4,776.8,2084.7
728.0,12.117,776.8,2094.7,870.4,2040.5,987.9,2020.8,1092.6,2052.1,1210.8,2029.0,1326.3,2074.2,1413.8,2126.2,1373.0,2128.6,1210.4,2115.7,1088.9,2124.0,983.0,2107.0,826.3,2094.5,826.3,2094.5,973.1,2173.0,1080.6,2190.8,1203.0,2178.2,1373.0,2128.6,1413.8,2126.2,1320.8,2246.8,1204.8,2302.9,1077.7,2314.5,964.7,2295.8,849.3,2219.1,776.8,2094.7
729.0,12.133,773.5,2100.7,868.2,2043.0,987.8,2021.0,1090.4,2052.6,1206.0,2029.4,1324.2,2075.3,1415.4,2131.0,1373.2,2132.2,1206.3,2118.3,1087.5,2125.9,983.6,2109.6,823.4,2099.8,823.4,2099.8,976.2,2171.7,1081.6,2188.7,1201.2,2177.5,1373.2,2132.2,1415.4,2131.0,1321.1,2247.3,1203.7,2301.6,1079.1,2312.4,968.0,2294.9,850.1,2220.6,773.5,2100.7
730.0,12.15,771.6,2093.4,866.3,2040.3,985.6,2021.3,1089.9,2052.6,1207.5,2029.9,1324.7,2073.9,1414.4,2125.3,1373.2,2127.9,1207.3,2117.0,1086.4,2125.0,980.9,2108.1,821.3,2093.3,821.3,2093.3,971.5,2172.5,1078.6,2190.0,1200.3,2177.9,1373.2,2127.9,1414.4,2125.3,1319.6,2246.5,1202.0,2302.5,1075.6,2313.5,962.7,2295.3,845.7,2218.3,771.6,2093.4
731.0,12.167,773.3,2091.4,867.3,2037.8,987.7,2017.9,1089.9,2049.7,1205.7,2026.8,1323.6,2071.4,1414.0,2123.7,1372.5,2126.1,1205.5,2114.7,1086.6,2122.5,983.1,2105.5,822.6,2091.5,822.6,2091.5,974.3,2174.0,1079.6,2191.5,1199.6,2179.5,1372.5,2126.1,1414.0,2123.7,1318.7,2247.7,1200.9,2305.0,1076.1,2316.3,965.0,2297.9,847.0,2219.4,773.3,2091.4
732.0,12.183,772.4,2089.7,869.0,2035.2,990.3,2016.4,1091.4,2046.8,1204.9,2025.0,1322.6,2069.4,1413.8,2122.1,1373.3,2124.7,1204.8,2109.6,1088.1,2117.2,985.7,2100.8,821.8,2089.8,821.8,2089.8,975.7,2176.4,1079.8,2193.6,1197.5,2182.2,1373.3,2124.7,1413.8,2122.1,1317.8,2248.1,1199.3,2303.5,1077.0,2313.5,967.1,2295.6,848.0,2218.0,772.4,2089.7
733.0,12.2,775.5,2081.9,868.8,2031.2,988.3,2015.4,1091.0,2046.4,1207.1,2024.5,1323.1,2067.4,1411.0,2117.2,1371.3,2119.9,1206.6,2106.1,1087.3,2114.2,983.4,2096.4,824.0,2082.6,824.0,2082.6,972.2,2179.5,1078.1,2197.7,1198.8,2185.1,1371.3,2119.9,1411.0,2117.2,1316.9,2247.1,1200.1,2304.8,1074.9,2315.7,963.5,2296.7,846.4,2215.9,775.5,2081.9
734.0,12.217,777.4,2090.6,871.6,2036.0,990.2,2016.6,1094.0,2047.2,1210.5,2025.0,1325.6,2069.9,1412.1,2122.4,1372.5,2125.0,1210.0,2110.5,1090.2,2118.5,985.2,2101.7,827.2,2090.3,827.2,2090.3,974.1,2175.8,1080.6,2193.6,1201.4,2181.2,1372.5,2125.0,1412.1,2122.4,1319.7,2247.6,1203.5,2304.4,1078.2,2315.3,965.9,2296.9,849.6,2218.8,777.4,2090.6
735.0,12.233,777.7,2100.8,873.3,2042.9,991.1,2021.3,1094.1,2051.7,1209.5,2028.7,1325.1,2074.6,1414.9,2129.5,1373.6,2131.6,1209.7,2114.8,1090.8,2122.9,986.7,2107.0,827.6,2100.1,827.6,2100.1,977.8,2171.6,1083.3,2188.4,1202.7,2176.6,1373.6,2131.6,1414.9,2129.5,1321.4,2245.7,1205.8,2298.5,1081.7,2309.4,970.6,2292.1,854.3,2219.6,777.7,2100.8
736.0,12.25,774.8,2096.0,872.2,2042.9,991.1,2024.8,1094.4,2054.9,1210.0,2032.8,1326.0,2075.7,1415.5,2125.9,1375.4,2128.6,1210.2,2115.0,1091.2,2123.5,986.8,2107.1,824.4,2096.1,824.4,2096.1,977.2,2175.5,1083.0,2192.7,1202.7,2180.6,1375.4,2128.6,1415.5,2125.9,1321.9,2246.0,1205.6,2299.9,1081.4,2310.6,969.9,2293.0,852.2,2218.6,774.8,2096.0
737.0,12.267,773.4,2099.3,869.2,2044.0,988.0,2023.4,1091.2,2054.2,1207.2,2031.2,1324.2,2075.6,1414.2,2128.3,1373.2,2130.2,1207.4,2116.7,1088.1,2124.9,983.8,2108.7,823.0,2098.6,823.0,2098.6,974.9,2174.9,1080.8,2191.9,1200.9,2179.7,1373.2,2130.2,1414.2,2128.3,1320.2,2246.2,1203.3,2300.5,1078.6,2311.6,967.1,2294.1,849.8,2219.9,773.4,2099.3
738.0,12.283,767.3,2089.2,865.2,2036.5,986.6,2018.0,1089.6,2048.6,1205.5,2026.5,1323.2,2070.6,1413.7,2121.2,1373.7,2124.3,1205.4,2111.6,1086.1,2119.7,981.9,2102.9,816.7,2090.0,816.7,2090.0,971.3,2174.6,1077.2,2192.0,1197.3,2179.8,1373.7,2124.3,1413.7,2121.2,1317.5,2246.8,1199.0,2302.1,1074.4,2312.6,962.7,2294.4,843.1,2216.9,767.3,2089.2
739.0,12.3,770.6,2068.8,865.1,2020.9,989.4,2005.7,1088.4,2037.1,1201.5,2015.6,1318.9,2057.8,1407.6,2105.6,1369.3,2109.7,1200.5,2096.6,1084.6,2104.0,984.1,2085.9,817.9,2071.5,817.9,2071.5,971.5,2185.7,1074.3,2204.0,1192.5,2191.4,1369.3,2109.7,1407.6,2105.6,1311.1,2249.0,1192.6,2311.3,1070.1,2322.4,961.6,2302.5,840.5,2215.5,770.6,2068.8
740.0,12.317,762.3,2073.3,855.5,2010.5,984.0,1987.6,1083.2,2019.5,1195.4,1998.5,1317.2,2047.5,1404.4,2110.5,1364.8,2113.8,1194.4,2090.2,1079.5,2096.0,978.2,2079.0,810.2,2075.9,810.2,2075.9,966.4,2182.6,1070.0,2200.1,1187.5,2188.5,1364.8,2113.8,1404.4,2110.5,1308.4,2256.8,1186.9,2316.7,1064.7,2326.4,954.9,2306.8,830.4,2220.1,762.3,2073.3
741.0,12.333,759.9,2090.9,846.4,2008.6,969.5,1978.6,1077.5,2011.3,1198.8,1988.6,1321.9,2043.1,1403.9,2124.3,1361.1,2123.6,1198.3,2090.3,1074.2,2096.3,964.0,2079.9,809.9,2089.7,809.9,2089.7,956.1,2168.5,1068.9,2185.6,1195.3,2174.2,1361.1,2123.6,1403.9,2124.3,1316.2,2252.3,1196.1,2307.9,1064.5,2318.1,945.9,2299.3,825.8,2220.8,759.9,2090.9
742.0,12.35,759.9,2116.4,851.0,2027.6,970.0,1993.2,1079.2,2023.1,1199.5,2000.0,1322.4,2053.4,1407.1,2138.0,1362.6,2137.0,1200.2,2101.2,1076.9,2108.8,965.8,2095.2,811.5,2114.2,811.5,2114.2,960.7,2158.4,1073.9,2173.3,1198.5,2162.4,1362.6,2137.0,1407.1,2138.0,1320.9,2246.7,1203.1,2294.0,1073.0,2304.2,954.3,2288.9,835.9,2225.9,759.9,2116.4
743.0,12.367,762.9,2131.3,860.3,2049.4,977.9,2017.1,1085.3,2046.7,1203.0,2022.3,1325.1,2070.0,1413.8,2147.1,1367.8,2147.4,1204.8,2123.2,1083.9,2132.8,974.8,2120.0,814.5,2130.5,814.5,2130.5,971.8,2153.9,1082.3,2167.4,1203.4,2156.2,1367.8,2147.4,1413.8,2147.1,1325.1,2243.5,1208.6,2287.8,1082.0,2299.3,966.1,2285.3,848.2,2229.7,762.9,2131.3
744.0,12.383,763.3,2137.2,867.7,2062.7,985.6,2031.3,1088.5,2059.5,1200.9,2034.3,1322.7,2078.3,1417.0,2147.9,1370.3,2149.8,1203.3,2133.6,1087.5,2145.1,982.8,2133.6,814.5,2137.8,814.5,2137.8,980.1,2148.3,1085.6,2160.2,1200.9,2148.7,1370.3,2149.8,1417.0,2147.9,1322.6,2238.9,1205.8,2278.9,1085.2,2291.0,974.3,2278.6,856.0,2229.2,763.3,2137.2
745.0,12.4,762.2,2139.3,871.1,2068.7,989.7,2038.6,1090.4,2065.5,1199.6,2040.7,1322.0,2080.8,1419.4,2145.8,1372.6,2149.6,1202.6,2138.0,1090.2,2150.1,987.7,2139.4,813.7,2141.6,813.7,2141.6,985.0,2148.9,1088.0,2159.5,1199.9,2147.6,1372.6,2149.6,1419.4,2145.8,1322.6,2236.3,1206.0,2276.3,1088.7,2288.8,980.4,2278.0,860.6,2231.5,762.2,2139.3
746.0,12.417,759.4,2139.0,871.6,2073.4,991.9,2044.1,1091.9,2070.3,1200.6,2044.9,1323.2,2082.7,1422.9,2142.7,1375.9,2147.8,1203.9,2140.0,1091.9,2153.2,990.3,2142.8,810.6,2142.4,810.6,2142.4,988.0,2151.0,1090.2,2161.2,1201.4,2148.7,1375.9,2147.8,1422.9,2142.7,1324.4,2234.9,1208.0,2275.9,1091.4,2289.5,984.0,2279.4,861.9,2233.6,759.4,2139.0
747.0,12.433,760.0,2138.5,874.1,2077.2,994.5,2048.4,1095.0,2074.2,1204.5,2048.5,1326.5,2084.4,1426.1,2139.6,1379.3,2146.2,1207.8,2142.5,1095.0,2156.5,993.0,2146.2,811.1,2142.6,811.1,2142.6,990.8,2150.8,1093.2,2161.0,1205.2,2147.8,1379.3,2146.2,1426.1,2139.6,1327.8,2232.5,1212.4,2275.4,1095.2,2290.0,987.3,2280.3,864.9,2234.5,760.0,2138.5
748.0,12.45,760.0,2138.6,877.5,2079.7,998.7,2051.9,1098.5,2076.7,1207.3,2050.3,1329.2,2084.0,1430.0,2135.4,1383.7,2143.4,1211.1,2142.7,1098.8,2157.9,997.7,2148.3,811.1,2143.9,811.1,2143.9,995.6,2152.1,1097.1,2161.6,1208.3,2147.6,1383.7,2143.4,1430.0,2135.4,1331.1,2230.3,1216.2,2274.3,1099.8,2289.8,992.8,2281.0,868.6,2236.0,760.0,2138.6
749.0,12.467,760.4,2138.3,879.2,2080.8,1001.3,2054.1,1101.2,2078.8,1210.6,2051.9,1332.7,2084.1,1433.6,2133.7,1387.6,2141.6,1214.6,2143.0,1101.8,2158.7,1000.7,2149.1,811.5,2143.7,811.5,2143.7,999.5,2153.9,1101.3,2163.3,1213.0,2148.7,1387.6,2141.6,1433.6,2133.7,1335.8,2229.1,1221.2,2274.3,1104.4,2290.6,997.2,2282.0,871.2,2237.1,760.4,2138.3
750.0,12.483,760.8,2138.0,882.0,2083.1,1005.1,2056.1,1103.9,2080.1,1212.0,2053.7,1334.1,2084.8,1436.3,2131.7,1390.1,2140.9,1216.1,2143.2,1104.5,2159.3,1004.5,2150.2,811.5,2144.5,811.5,2144.5,1003.1,2153.8,1103.6,2162.9,1214.0,2148.3,1390.1,2140.9,1436.3,2131.7,1336.9,2228.4,1222.4,2273.2,1107.1,2289.6,1001.0,2281.3,874.3,2237.4,760.8,2138.0
751.0,12.5,760.8,2138.8,883.3,2084.3,1006.3,2057.4,1105.4,2081.3,1213.8,2054.4,1336.1,2084.6,1438.4,2131.3,1392.3,2140.8,1217.7,2144.7,1105.9,2161.4,1005.5,2152.3,811.8,2145.4,811.8,2145.4,1003.8,2154.0,1104.7,2163.1,1215.2,2147.9,1392.3,2140.8,1438.4,2131.3,1338.5,2227.8,1223.5,2273.4,1108.0,2290.4,1001.8,2282.1,875.2,2238.4,760.8,2138.8
752.0,12.517,761.0,2138.6,884.3,2085.7,1008.7,2058.6,1106.7,2082.3,1213.8,2055.7,1336.0,2086.5,1439.1,2131.4,1393.2,2141.2,1217.8,2145.4,1107.3,2161.7,1008.1,2152.8,811.9,2145.3,811.9,2145.3,1007.0,2154.2,1106.7,2163.1,1215.9,2148.5,1393.2,2141.2,1439.1,2131.4,1339.1,2229.3,1224.6,2274.4,1110.4,2290.9,1005.1,2283.1,877.0,2239.4,761.0,2138.6
753.0,12.533,761.7,2139.4,885.0,2086.4,1009.2,2059.3,1107.5,2083.3,1215.2,2056.6,1337.4,2086.9,1440.0,2132.4,1393.8,2142.1,1219.3,2146.3,1108.2,2162.9,1008.6,2153.8,812.4,2146.4,812.4,2146.4,1007.6,2154.8,1107.6,2163.8,1217.3,2148.7,1393.8,2142.1,1440.0,2132.4,1340.1,2229.0,1225.6,2274.4,1110.9,2291.4,1005.3,2283.4,877.5,2240.1,761.7,2139.4
754.0,12.55,763.0,2139.8,886.2,2086.7,1010.7,2059.5,1108.6,2083.7,1215.8,2057.1,1338.1,2087.9,1440.8,2133.9,1394.5,2143.2,1219.7,2147.4,1109.1,2163.6,1010.0,2154.5,813.7,2146.5,813.7,2146.5,1009.3,2154.3,1108.9,2163.4,1218.0,2148.7,1394.5,2143.2,1440.8,2133.9,1340.8,2230.1,1226.0,2275.1,1111.9,2291.8,1006.7,2283.7,878.8,2240.2,763.0,2139.8
755.0,12.567,764.9,2140.4,889.2,2087.7,1013.7,2059.8,1111.0,2083.5,1217.5,2057.2,1339.3,2088.4,1441.8,2133.9,1395.6,2144.2,1221.3,2147.2,1111.4,2163.4,1012.7,2154.5,815.6,2148.0,815.6,2148.0,1011.5,2154.1,1110.5,2163.0,1219.0,2148.4,1395.6,2144.2,1441.8,2133.9,1341.3,2230.7,1227.3,2274.8,1113.8,2291.4,1009.2,2283.5,881.5,2240.8,764.9,2140.4
756.0,12.583,766.2,2141.3,889.9,2087.3,1013.4,2059.3,1111.8,2083.1,1219.5,2056.6,1340.7,2088.5,1441.8,2135.5,1395.7,2145.4,1223.0,2146.8,1111.9,2163.1,1012.2,2154.0,817.1,2148.8,817.1,2148.8,1010.7,2154.4,1110.8,2163.5,1220.5,2148.7,1395.7,2145.4,1441.8,2135.5,1342.2,2231.4,1228.7,2275.2,1114.1,2291.9,1008.5,2283.8,881.6,2241.4,766.2,2141.3
757.0,12.6,765.8,2142.5,889.9,2087.3,1013.8,2059.2,1111.5,2082.7,1217.7,2056.7,1339.6,2088.3,1441.1,2136.5,1394.9,2146.1,1221.4,2146.7,1111.7,2163.0,1012.7,2154.3,816.8,2149.7,816.8,2149.7,1011.3,2155.2,1110.5,2164.0,1218.8,2149.4,1394.9,2146.1,1441.1,2136.5,1341.3,2232.5,1226.9,2275.5,1113.7,2291.8,1008.9,2283.8,881.8,2241.8,765.8,2142.5
758.0,12.617,766.0,2143.4,889.5,2087.0,1013.2,2058.5,1111.1,2082.1,1217.7,2056.0,1339.5,2088.1,1440.5,2137.3,1394.3,2146.7,1221.4,2146.6,1111.4,2162.7,1012.1,2154.1,817.1,2150.3,817.1,2150.3,1010.6,2154.9,1110.2,2163.6,1218.9,2149.0,1394.3,2146.7,1440.5,2137.3,1341.1,2232.6,1226.8,2275.6,1113.3,2291.9,1008.1,2283.9,881.3,2242.1,766.0,2143.4
759.0,12.633,765.7,2143.7,889.5,2087.4,1013.2,2058.1,1110.5,2081.5,1216.3,2055.5,1338.0,2088.1,1439.4,2137.5,1393.1,2147.1,1219.9,2146.1,1110.7,2162.1,1012.0,2153.6,816.8,2150.8,816.8,2150.8,1010.2,2155.1,1109.1,2163.8,1217.0,2149.3,1393.1,2147.1,1439.4,2137.5,1339.3,2233.3,1225.0,2275.9,1112.2,2292.0,1007.7,2284.1,881.1,2242.4,765.7,2143.7
760.0,12.65,765.4,2142.8,889.2,2087.3,1012.5,2057.6,1110.0,2080.9,1216.1,2055.2,1337.2,2088.4,1438.3,2137.3,1391.7,2147.6,1219.6,2145.4,1110.0,2161.3,1011.1,2152.7,816.1,2150.5,816.1,2150.5,1008.7,2154.6,1107.8,2163.4,1216.0,2148.8,1391.7,2147.6,1438.3,2137.3,1337.6,2233.2,1223.8,2275.2,1110.7,2291.4,1006.1,2283.4,880.3,2242.0,765.4,2142.8
761.0,12.667,765.6,2144.4,889.1,2087.8,1011.8,2057.3,1109.9,2080.2,1216.9,2054.4,1337.3,2087.8,1437.6,2137.5,1391.1,2148.0,1220.3,2144.3,1109.9,2160.6,1010.5,2152.2,816.5,2152.1,816.5,2152.1,1007.8,2154.8,1107.4,2163.5,1216.5,2148.4,1391.1,2148.0,1437.6,2137.5,1337.6,2232.5,1224.5,2274.2,1110.6,2290.6,1005.5,2282.8,880.1,2242.3,765.6,2144.4
762.0,12.683,765.1,2144.4,888.3,2086.9,1011.1,2056.6,1109.0,2079.8,1215.5,2053.9,1336.5,2087.2,1437.0,2138.1,1390.4,2148.2,1219.1,2144.9,1109.2,2161.0,1010.0,2152.5,816.0,2152.2,816.0,2152.2,1007.4,2154.0,1106.8,2162.6,1215.5,2147.7,1390.4,2148.2,1437.0,2138.1,1337.0,2232.6,1223.5,2274.0,1110.0,2290.4,1005.1,2282.6,879.5,2242.3,765.1,2144.4
763.0,12.7,766.0,2145.2,888.8,2086.6,1011.6,2055.9,1109.3,2079.3,1215.9,2053.3,1336.6,2087.2,1436.5,2138.9,1389.9,2148.9,1219.7,2144.9,1109.5,2161.0,1010.4,2152.5,816.6,2152.9,816.6,2152.9,1007.8,2153.4,1107.1,2162.1,1215.9,2147.2,1389.9,2148.9,1436.5,2138.9,1336.8,2232.7,1223.5,2274.0,1109.9,2290.4,1005.1,2282.5,879.7,2242.4,766.0,2145.2
764.0,12.717,767.4,2146.1,889.8,2087.1,1012.1,2055.2,1110.1,2078.4,1216.9,2052.7,1336.9,2087.2,1436.7,2139.0,1389.8,2149.4,1220.5,2144.7,1110.1,2160.5,1010.9,2152.2,818.2,2153.6,818.2,2153.6,1008.0,2153.1,1107.4,2161.9,1216.4,2147.1,1389.8,2149.4,1436.7,2139.0,1336.9,2232.6,1224.1,2274.3,1110.4,2290.6,1005.5,2282.8,880.8,2242.6,767.4,2146.1
765.0,12.733,768.7,2145.8,890.8,2086.2,1013.3,2054.3,1111.0,2077.7,1217.4,2051.9,1337.2,2086.5,1436.2,2139.1,1389.5,2149.4,1220.9,2143.9,1111.1,2159.7,1012.0,2151.3,819.4,2153.4,819.4,2153.4,1009.3,2153.3,1108.5,2161.9,1217.0,2147.1,1389.5,2149.4,1436.2,2139.1,1337.3,2233.1,1224.9,2274.5,1111.5,2290.8,1006.9,2283.1,882.0,2243.1,768.7,2145.8
766.0,12.75,769.9,2145.5,891.7,2085.8,1013.8,2053.8,1111.8,2077.3,1218.6,2051.5,1337.9,2086.2,1436.6,2138.8,1389.8,2149.0,1222.2,2143.9,1111.8,2159.6,1012.5,2151.2,820.7,2152.9,820.7,2152.9,1009.6,2152.3,1109.0,2161.0,1218.0,2146.0,1389.8,2149.0,1436.6,2138.8,1337.6,2232.2,1225.6,2273.8,1111.8,2290.2,1006.9,2282.4,882.6,2242.4,769.9,2145.5
767.0,12.767,771.4,2145.3,892.5,2084.6,1013.9,2052.3,1112.2,2075.8,1219.2,2050.2,1339.0,2084.9,1437.2,2138.8,1390.3,2148.6,1222.7,2142.4,1112.2,2158.1,1012.5,2149.7,822.2,2152.4,822.2,2152.4,1009.4,2152.5,1109.2,2161.5,1218.4,2146.6,1390.3,2148.6,1437.2,2138.8,1338.7,2232.0,1226.2,2273.6,1112.1,2289.9,1006.9,2281.8,883.3,2241.6,771.4,2145.3
768.0,12.783,772.7,2144.1,893.8,2083.3,1015.5,2050.8,1113.4,2074.2,1220.0,2048.6,1339.8,2083.6,1437.7,2137.7,1390.9,2147.2,1223.5,2140.5,1113.4,2156.2,1014.1,2147.8,823.8,2151.1,823.8,2151.1,1011.6,2151.3,1111.2,2160.2,1220.0,2145.5,1390.9,2147.2,1437.7,2137.7,1340.2,2230.9,1228.3,2271.9,1114.6,2288.1,1009.6,2280.2,885.4,2240.5,772.7,2144.1
769.0,12.8,774.0,2143.9,894.5,2082.5,1015.5,2049.6,1114.1,2072.8,1221.4,2047.1,1340.2,2082.6,1437.2,2137.0,1390.5,2146.8,1224.9,2138.4,1114.1,2154.0,1014.3,2145.6,824.7,2151.0,824.7,2151.0,1011.4,2149.9,1111.5,2158.7,1221.1,2143.7,1390.5,2146.8,1437.2,2137.0,1340.3,2229.0,1229.2,2269.6,1114.7,2286.0,1009.3,2278.1,885.7,2239.1,774.0,2143.9
770.0,12.817,773.0,2143.0,894.6,2081.4,1016.5,2048.6,1114.6,2071.7,1221.4,2046.0,1340.2,2081.4,1437.7,2136.0,1391.1,2146.1,1224.9,2137.6,1114.7,2153.3,1015.2,2145.0,823.8,2150.5,823.8,2150.5,1012.4,2148.3,1112.1,2156.7,1221.0,2141.8,1391.1,2146.1,1437.7,2136.0,1340.3,2228.2,1229.3,2268.3,1115.5,2284.6,1010.5,2277.1,885.9,2238.6,773.0,2143.0
771.0,12.833,774.5,2143.2,895.0,2079.9,1016.2,2046.8,1114.5,2070.0,1221.3,2044.3,1339.9,2080.0,1436.9,2135.9,1390.2,2145.4,1224.9,2136.6,1114.6,2152.3,1015.0,2144.0,825.5,2150.0,825.5,2150.0,1012.1,2147.7,1111.9,2156.1,1221.0,2141.2,1390.2,2145.4,1436.9,2135.9,1340.0,2227.5,1229.0,2267.7,1115.1,2283.9,1010.0,2276.3,886.0,2237.8,774.5,2143.2
772.0,12.85,774.8,2143.0,894.8,2078.8,1016.0,2045.2,1114.4,2068.3,1221.3,2042.4,1339.8,2078.5,1436.4,2134.8,1389.9,2144.0,1225.0,2134.9,1114.6,2150.5,1014.9,2142.4,825.9,2149.4,825.9,2149.4,1012.1,2146.3,1112.0,2154.5,1221.2,2139.4,1389.9,2144.0,1436.4,2134.8,1340.1,2226.0,1229.4,2266.1,1115.3,2282.3,1010.0,2275.1,886.0,2236.9,774.8,2143.0
773.0,12.867,773.3,2142.5,893.5,2076.6,1013.9,2043.9,1113.1,2066.9,1220.6,2041.3,1338.5,2077.4,1434.5,2134.8,1388.1,2144.8,1224.3,2134.3,1113.3,2149.9,1012.8,2141.8,824.5,2149.6,824.5,2149.6,1009.1,2145.4,1109.6,2153.6,1219.3,2138.6,1388.1,2144.8,1434.5,2134.8,1338.0,2225.9,1227.5,2265.8,1113.0,2281.8,1007.1,2274.3,884.0,2236.0,773.3,2142.5
774.0,12.883,774.4,2142.0,892.2,2076.3,1012.4,2041.7,1112.0,2065.2,1220.2,2039.6,1338.5,2077.0,1434.0,2135.3,1387.1,2144.2,1223.7,2133.0,1112.0,2147.9,1011.1,2139.6,825.5,2148.1,825.5,2148.1,1008.0,2143.6,1109.2,2152.3,1219.8,2137.4,1387.1,2144.2,1434.0,2135.3,1338.5,2225.0,1228.0,2264.8,1112.4,2280.8,1006.0,2273.1,883.4,2234.8,774.4,2142.0
775.0,12.9,773.7,2141.7,891.1,2074.9,1010.4,2040.6,1110.8,2064.3,1219.8,2038.6,1337.5,2076.4,1432.4,2135.8,1385.7,2144.6,1223.0,2132.7,1110.4,2147.9,1008.7,2139.3,824.8,2147.4,824.8,2147.4,1005.1,2142.7,1106.8,2151.6,1218.2,2136.7,1385.7,2144.6,1432.4,2135.8,1336.4,2224.6,1225.6,2264.6,1109.3,2280.6,1002.3,2272.4,881.2,2233.4,773.7,2141.7
776.0,12.917,774.2,2141.3,889.3,2072.0,1006.6,2037.7,1108.8,2062.1,1219.7,2036.4,1337.4,2075.7,1430.6,2138.0,1383.7,2145.5,1222.4,2132.6,1107.9,2147.5,1004.3,2138.5,825.6,2146.0,825.6,2146.0,1000.1,2139.7,1103.8,2149.3,1217.1,2134.7,1383.7,2145.5,1430.6,2138.0,1335.5,2225.1,1224.0,2264.3,1105.7,2279.8,996.9,2270.5,878.3,2230.5,774.2,2141.3
777.0,12.933,774.3,2139.4,886.3,2067.7,1003.4,2034.0,1106.8,2059.6,1219.5,2034.1,1337.8,2074.7,1430.1,2140.1,1383.7,2145.2,1222.1,2130.2,1105.9,2144.0,1001.0,2134.2,826.0,2142.3,826.0,2142.3,998.0,2138.5,1103.1,2148.9,1218.2,2135.0,1383.7,2145.2,1430.1,2140.1,1336.9,2224.1,1224.9,2262.8,1104.8,2277.6,994.6,2267.5,876.0,2226.3,774.3,2139.4
778.0,12.95,774.2,2136.4,883.5,2062.5,1001.0,2030.5,1105.3,2056.9,1219.2,2031.9,1337.7,2073.7,1429.1,2141.4,1383.4,2144.5,1221.8,2127.1,1104.4,2139.9,998.6,2129.2,826.0,2137.9,826.0,2137.9,996.1,2139.9,1102.3,2150.9,1218.8,2137.6,1383.4,2144.5,1429.1,2141.4,1337.6,2225.1,1225.2,2263.3,1103.9,2276.9,992.4,2266.3,873.2,2223.3,774.2,2136.4
779.0,12.967,774.1,2131.4,875.8,2051.8,990.2,2018.3,1100.3,2047.4,1220.3,2023.0,1339.9,2069.7,1427.8,2145.2,1381.4,2145.0,1221.7,2126.2,1098.2,2136.8,986.2,2124.1,827.8,2130.2,827.8,2130.2,982.7,2128.4,1095.0,2141.6,1217.8,2129.7,1381.4,2145.0,1427.8,2145.2,1338.0,2225.3,1223.9,2263.3,1095.7,2274.9,978.4,2261.9,863.8,2215.2,774.1,2131.4
780.0,12.983,775.9,2122.7,868.0,2037.6,978.5,2005.6,1098.0,2036.6,1229.3,2012.1,1347.3,2063.1,1426.2,2143.8,1380.7,2141.4,1229.3,2118.4,1094.5,2127.8,973.3,2112.7,830.6,2119.0,830.6,2119.0,968.2,2127.9,1090.2,2143.6,1224.9,2131.1,1380.7,2141.4,1426.2,2143.8,1343.6,2226.2,1230.3,2268.7,1090.2,2280.3,963.3,2264.4,853.2,2210.0,775.9,2122.7
781.0,13.0,775.5,2106.5,869.2,2017.1,990.2,1981.8,1098.3,2012.5,1216.3,1987.9,1339.7,2042.1,1424.3,2127.7,1379.0,2126.2,1216.7,2098.3,1095.5,2106.3,985.5,2092.9,829.6,2104.1,829.6,2104.1,980.4,2143.4,1092.2,2157.9,1214.3,2146.8,1379.0,2126.2,1424.3,2127.7,1337.6,2241.1,1220.0,2290.8,1092.2,2301.7,974.7,2286.6,854.2,2222.1,775.5,2106.5
782.0,13.017,781.0,2096.0,874.7,1997.9,1006.3,1957.9,1107.1,1988.6,1216.0,1963.5,1344.5,2018.9,1427.0,2113.6,1382.0,2113.2,1216.8,2079.1,1105.2,2086.4,1002.4,2074.8,835.2,2095.4,835.2,2095.4,997.7,2167.0,1103.1,2180.3,1217.4,2168.6,1382.0,2113.2,1427.0,2113.6,1343.9,2259.1,1223.9,2321.8,1103.6,2334.8,991.5,2320.0,859.7,2244.3,781.0,2096.0
783.0,13.033,791.7,2078.6,877.8,1986.7,1018.6,1955.6,1115.9,1983.9,1223.6,1958.5,1352.0,2005.7,1427.6,2090.8,1386.2,2093.8,1225.8,2049.0,1115.9,2057.9,1018.5,2046.4,840.2,2077.9,840.2,2077.9,1011.4,2248.4,1114.3,2262.0,1230.0,2244.3,1386.2,2093.8,1427.6,2090.8,1353.8,2286.2,1234.5,2378.4,1113.7,2397.1,1003.7,2383.1,861.2,2282.5,791.7,2078.6
784.0,13.05,804.0,2045.0,887.4,1961.6,1034.5,1936.8,1121.4,1962.0,1218.0,1934.2,1340.7,1973.3,1410.2,2048.9,1370.0,2055.4,1220.4,2017.8,1122.0,2029.8,1036.0,2020.4,850.1,2044.4,850.1,2044.4,1029.7,2266.2,1122.7,2276.2,1228.4,2252.7,1370.0,2055.4,1410.2,2048.9,1343.6,2282.2,1230.8,2392.8,1120.3,2416.0,1019.3,2406.3,869.3,2294.0,804.0,2045.0
785.0,13.067,803.2,2026.3,890.7,1949.4,1045.6,1929.9,1128.5,1953.1,1220.5,1924.0,1344.7,1957.2,1417.4,2024.4,1377.4,2033.9,1223.8,2002.4,1130.0,2016.5,1048.6,2008.2,848.3,2026.8,848.3,2026.8,1043.9,2277.5,1133.2,2285.4,1234.9,2259.2,1377.4,2033.9,1417.4,2024.4,1350.7,2281.2,1237.8,2402.6,1131.4,2428.0,1033.5,2421.0,874.0,2302.4,803.2,2026.3
786.0,13.083,800.4,2011.9,893.8,1937.9,1049.4,1915.9,1130.3,1939.1,1217.9,1910.5,1345.3,1945.0,1427.7,2010.0,1385.4,2021.9,1221.3,2002.6,1131.9,2015.6,1051.7,2007.7,849.3,2014.0,849.3,2014.0,1046.1,2246.4,1133.0,2253.7,1229.4,2229.9,1385.4,2021.9,1427.7,2010.0,1351.1,2270.7,1235.8,2392.0,1133.8,2416.4,1038.2,2410.0,878.6,2292.6,800.4,2011.9
787.0,13.1,799.8,2000.6,893.0,1928.0,1048.5,1908.2,1131.0,1931.4,1219.9,1902.2,1348.3,1935.0,1432.7,1998.4,1389.9,2011.0,1224.3,1996.9,1133.6,2010.8,1051.8,2002.8,849.5,2002.0,849.5,2002.0,1047.8,2236.4,1136.1,2242.9,1233.7,2217.4,1389.9,2011.0,1432.7,1998.4,1355.5,2260.6,1239.9,2385.8,1136.8,2412.0,1039.4,2406.0,879.1,2287.5,799.8,2000.6
788.0,13.117,801.9,1991.3,895.3,1920.3,1052.0,1901.8,1135.0,1924.3,1224.0,1894.3,1352.5,1925.3,1437.3,1986.4,1394.0,1999.7,1228.8,1986.2,1137.9,2000.8,1056.1,1993.1,851.2,1992.4,851.2,1992.4,1053.0,2239.5,1141.7,2245.7,1239.8,2218.9,1394.0,1999.7,1437.3,1986.4,1361.3,2257.5,1246.4,2388.1,1142.9,2415.5,1045.0,2410.1,882.8,2288.4,801.9,1991.3
789.0,13.133,814.2,1983.6,903.6,1915.1,1055.4,1900.7,1140.3,1923.0,1233.6,1892.4,1358.2,1919.6,1437.9,1977.4,1395.8,1990.4,1237.9,1976.2,1142.8,1992.7,1059.5,1984.2,861.1,1983.8,861.1,1983.8,1056.1,2247.1,1146.6,2254.8,1249.3,2225.3,1395.8,1990.4,1437.9,1977.4,1366.5,2247.2,1254.6,2383.3,1146.9,2413.3,1047.8,2406.9,890.9,2281.9,814.2,1983.6
790.0,13.15,815.4,1979.2,903.4,1909.6,1053.5,1894.8,1140.4,1917.9,1235.1,1886.9,1359.9,1914.4,1438.3,1974.3,1396.0,1986.5,1239.1,1974.0,1142.4,1990.7,1057.0,1981.7,863.3,1978.4,863.3,1978.4,1053.9,2238.9,1146.4,2247.2,1250.6,2217.8,1396.0,1986.5,1438.3,1974.3,1368.4,2243.7,1256.3,2380.2,1146.9,2410.1,1045.8,2402.8,890.7,2276.6,815.4,1979.2
791.0,13.167,800.3,1979.3,893.1,1907.7,1051.1,1895.4,1142.3,1917.3,1243.5,1885.8,1372.4,1908.7,1448.9,1967.9,1408.8,1980.7,1247.8,1962.0,1144.6,1981.0,1055.4,1972.3,844.9,1979.8,844.9,1979.8,1053.7,2261.0,1151.0,2269.7,1261.9,2237.9,1408.8,1980.7,1448.9,1967.9,1382.3,2243.6,1266.8,2384.3,1151.3,2416.5,1045.5,2409.0,880.9,2280.1,800.3,1979.3
792.0,13.183,815.3,1976.0,903.8,1903.7,1051.5,1885.1,1140.8,1908.2,1238.3,1877.4,1363.4,1907.4,1442.9,1969.9,1399.7,1982.3,1241.9,1970.1,1142.1,1986.7,1054.1,1977.6,864.0,1976.4,864.0,1976.4,1049.5,2222.5,1144.2,2232.0,1250.7,2203.7,1399.7,1982.3,1442.9,1969.9,1370.4,2235.7,1258.4,2368.8,1146.5,2398.3,1043.6,2389.7,891.7,2266.1,815.3,1976.0
793.0,13.2,794.5,1980.1,889.5,1903.1,1050.7,1887.2,1139.5,1908.0,1235.7,1876.0,1368.7,1900.3,1451.4,1964.0,1409.1,1978.2,1242.1,1962.6,1144.0,1980.7,1056.8,1974.1,843.1,1980.4,843.1,1980.4,1059.1,2248.2,1154.6,2253.8,1260.2,2223.4,1409.1,1978.2,1451.4,1964.0,1384.8,2244.8,1268.9,2385.0,1158.2,2415.9,1053.7,2411.7,882.5,2287.6,794.5,1980.1
794.0,13.217,813.4,1972.3,902.1,1898.2,1050.5,1878.7,1140.6,1902.2,1238.5,1870.9,1365.3,1901.6,1445.8,1966.4,1401.8,1978.8,1242.5,1968.2,1142.5,1984.6,1053.5,1975.6,863.7,1972.7,863.7,1972.7,1050.6,2215.2,1146.3,2224.1,1253.3,2196.0,1401.8,1978.8,1445.8,1966.4,1374.5,2234.1,1262.4,2368.4,1149.8,2398.0,1045.5,2390.1,891.5,2266.5,813.4,1972.3
795.0,13.233,795.8,1976.7,890.0,1900.2,1044.8,1879.2,1138.4,1903.0,1238.7,1870.7,1371.5,1901.5,1455.8,1968.6,1410.7,1981.3,1243.9,1974.2,1141.5,1990.9,1048.9,1982.5,848.4,1977.0,848.4,1977.0,1047.4,2211.1,1146.8,2218.8,1255.9,2191.0,1410.7,1981.3,1455.8,1968.6,1383.0,2236.4,1266.7,2371.5,1151.6,2401.4,1043.3,2394.8,881.1,2273.1,795.8,1976.7
796.0,13.25,807.4,1974.6,897.4,1898.3,1046.1,1875.5,1138.1,1899.1,1238.0,1867.2,1364.8,1900.2,1447.1,1966.6,1401.9,1978.8,1242.5,1969.3,1140.1,1985.9,1049.2,1977.0,858.7,1975.1,858.7,1975.1,1045.3,2202.3,1142.6,2210.7,1251.4,2182.8,1401.9,1978.8,1447.1,1966.6,1372.8,2227.3,1260.6,2358.3,1146.1,2387.8,1040.4,2380.7,886.6,2261.8,807.4,1974.6
797.0,13.267,814.6,1973.5,902.1,1895.9,1049.3,1875.3,1138.4,1898.8,1234.2,1867.4,1360.9,1899.5,1441.7,1968.4,1396.8,1980.1,1238.5,1967.9,1140.6,1983.9,1052.6,1975.5,866.2,1972.9,866.2,1972.9,1050.5,2210.1,1145.3,2218.3,1250.1,2191.1,1396.8,1980.1,1441.7,1968.4,1371.2,2234.0,1259.9,2366.7,1149.2,2395.6,1045.8,2388.4,892.5,2266.9,814.6,1973.5
798.0,13.283,795.9,1977.5,889.4,1900.2,1043.3,1878.4,1137.2,1902.6,1238.6,1870.5,1370.9,1902.5,1454.2,1970.5,1409.2,1982.8,1243.4,1974.8,1139.7,1991.1,1046.7,1982.5,848.0,1978.5,848.0,1978.5,1044.0,2208.8,1143.7,2217.0,1254.0,2189.6,1409.2,1982.8,1454.2,1970.5,1380.5,2235.3,1263.6,2368.5,1147.5,2397.8,1038.9,2390.3,878.6,2268.2,795.9,1977.5
799.0,13.3,812.0,1977.9,899.0,1899.2,1044.7,1876.2,1137.7,1900.6,1238.8,1868.6,1364.8,1902.8,1443.5,1972.9,1398.5,1983.9,1242.8,1971.4,1139.6,1987.6,1047.5,1978.4,863.6,1977.6,863.6,1977.6,1044.6,2203.0,1143.2,2212.0,1253.2,2184.2,1398.5,1983.9,1443.5,1972.9,1373.4,2229.9,1262.4,2360.5,1146.5,2390.1,1039.6,2382.3,888.2,2263.0,812.0,1977.9
800.0,13.317,813.2,1979.8,902.1,1901.6,1049.3,1877.4,1140.3,1901.1,1238.5,1869.7,1365.4,1903.7,1446.5,1972.3,1401.2,1984.1,1242.8,1973.1,1142.3,1988.9,1052.2,1980.4,865.0,1979.8,865.0,1979.8,1048.6,2203.2,1144.9,2211.8,1251.9,2184.8,1401.2,1984.1,1446.5,1972.3,1373.8,2231.5,1262.1,2361.4,1149.2,2390.3,1044.4,2383.0,892.0,2264.8,813.2,1979.8
801.0,13.333,820.1,1982.2,907.5,1902.6,1052.9,1877.6,1144.8,1901.1,1244.2,1869.4,1367.9,1904.3,1445.4,1973.6,1400.2,1985.0,1248.1,1971.2,1146.2,1987.4,1055.4,1978.9,871.1,1981.8,871.1,1981.8,1050.5,2203.8,1147.4,2212.5,1255.8,2184.8,1400.2,1985.0,1445.4,1973.6,1374.7,2229.7,1265.4,2359.4,1151.1,2388.9,1045.9,2381.6,896.3,2264.1,820.1,1982.2
802.0,13.35,808.6,1977.0,899.2,1898.9,1048.2,1874.2,1140.2,1897.7,1239.5,1866.3,1367.8,1900.3,1450.4,1968.5,1405.0,1980.6,1243.9,1970.3,1142.2,1986.2,1051.2,1977.8,860.5,1977.3,860.5,1977.3,1047.3,2201.1,1144.6,2209.7,1252.6,2182.8,1405.0,1980.6,1450.4,1968.5,1376.2,2229.3,1263.1,2359.9,1149.1,2388.8,1043.3,2381.6,889.1,2262.9,808.6,1977.0
803.0,13.367,821.9,1979.2,909.0,1902.5,1053.8,1877.9,1143.3,1901.4,1240.4,1870.0,1363.3,1905.2,1442.0,1972.3,1396.7,1983.8,1244.1,1971.3,1144.7,1987.1,1056.3,1978.4,873.0,1979.0,873.0,1979.0,1051.2,2201.7,1145.7,2210.3,1251.6,2183.1,1396.7,1983.8,1442.0,1972.3,1369.8,2229.0,1261.4,2357.3,1149.6,2386.3,1046.9,2379.1,898.1,2262.0,821.9,1979.2
804.0,13.383,809.7,1977.7,902.0,1900.9,1053.3,1879.7,1141.7,1903.1,1236.1,1872.3,1365.5,1904.3,1448.1,1971.8,1403.5,1984.0,1240.7,1973.9,1144.0,1989.6,1056.6,1981.5,861.5,1978.1,861.5,1978.1,1053.6,2209.5,1147.4,2217.4,1250.6,2191.2,1403.5,1984.0,1448.1,1971.8,1374.8,2236.4,1260.9,2367.0,1151.8,2395.2,1049.1,2388.2,891.9,2268.2,809.7,1977.7
805.0,13.4,830.4,1984.7,915.0,1909.6,1055.8,1884.6,1148.4,1908.5,1250.2,1876.6,1368.0,1912.3,1442.1,1977.3,1397.7,1987.6,1253.0,1972.1,1148.5,1988.5,1057.4,1978.8,879.6,1983.4,879.6,1983.4,1049.8,2203.2,1146.8,2213.5,1257.5,2185.6,1397.7,1987.6,1442.1,1977.3,1371.9,2223.6,1266.6,2349.5,1150.0,2379.0,1045.6,2370.7,902.5,2255.5,830.4,1984.7
806.0,13.417,808.3,1972.9,898.2,1896.9,1047.1,1874.3,1138.6,1898.5,1238.0,1867.6,1366.0,1901.5,1448.5,1969.2,1403.5,1980.9,1241.8,1969.1,1140.3,1984.6,1049.7,1975.3,859.7,1973.3,859.7,1973.3,1045.4,2202.7,1142.5,2211.6,1250.7,2185.0,1403.5,1980.9,1448.5,1969.2,1373.4,2229.2,1259.7,2359.2,1145.6,2387.6,1040.1,2379.8,886.5,2259.9,808.3,1972.9
807.0,13.433,823.5,1982.5,909.8,1904.5,1054.1,1880.5,1145.9,1904.2,1245.4,1873.1,1368.3,1907.8,1445.1,1976.0,1400.3,1987.1,1248.9,1972.9,1147.0,1988.7,1056.3,1979.7,874.4,1981.9,874.4,1981.9,1050.5,2205.4,1147.3,2214.6,1255.8,2187.2,1400.3,1987.1,1445.1,1976.0,1374.3,2230.4,1265.4,2358.6,1151.0,2387.5,1046.1,2379.8,898.1,2262.7,823.5,1982.5
808.0,13.45,807.2,1978.3,900.1,1900.7,1051.5,1878.4,1142.6,1902.5,1240.4,1871.4,1370.7,1904.0,1454.1,1972.0,1409.2,1984.1,1244.8,1975.0,1144.7,1990.7,1054.4,1982.1,859.3,1978.7,859.3,1978.7,1050.5,2205.6,1147.0,2214.1,1253.6,2187.9,1409.2,1984.1,1454.1,1972.0,1378.9,2234.1,1263.5,2364.9,1151.0,2393.2,1045.8,2385.6,889.0,2265.5,807.2,1978.3
809.0,13.467,819.3,1981.1,906.0,1902.6,1050.3,1878.5,1143.4,1903.0,1244.9,1871.5,1368.5,1907.1,1446.0,1976.2,1400.9,1987.0,1248.3,1973.6,1144.3,1989.3,1052.3,1979.9,870.4,1980.7,870.4,1980.7,1046.5,2201.1,1144.7,2210.7,1255.2,2183.3,1400.9,1987.0,1446.0,1976.2,1373.9,2228.6,1263.9,2356.6,1147.6,2385.6,1041.2,2377.2,893.2,2259.6,819.3,1981.1
810.0,13.483,816.5,1984.0,906.9,1906.7,1054.7,1882.7,1146.2,1906.6,1244.7,1875.3,1372.2,1909.1,1452.1,1976.9,1406.9,1988.7,1248.5,1978.6,1147.7,1994.2,1057.2,1985.7,868.6,1984.2,868.6,1984.2,1052.5,2206.3,1149.2,2215.3,1256.5,2188.8,1406.9,1988.7,1452.1,1976.9,1379.6,2235.4,1267.3,2365.5,1153.9,2394.3,1048.7,2386.7,896.1,2268.2,816.5,1984.0
811.0,13.5,823.1,1983.6,908.7,1905.2,1051.3,1879.7,1145.4,1904.2,1248.3,1872.8,1370.4,1909.7,1446.2,1978.5,1401.2,1988.8,1251.3,1974.4,1145.8,1989.8,1052.8,1980.2,873.9,1983.0,873.9,1983.0,1045.8,2199.4,1144.7,2209.7,1256.5,2182.5,1401.2,1988.8,1446.2,1978.5,1374.5,2227.5,1265.4,2354.0,1147.7,2382.7,1040.9,2374.0,895.6,2257.3,823.1,1983.6
812.0,13.517,813.5,1978.6,905.0,1902.5,1053.6,1880.2,1146.8,1904.0,1248.1,1872.8,1374.7,1905.5,1453.9,1971.8,1409.5,1984.0,1251.3,1972.4,1147.6,1988.6,1055.5,1979.5,864.1,1979.4,864.1,1979.4,1049.2,2208.4,1147.4,2218.0,1257.7,2190.5,1409.5,1984.0,1453.9,1971.8,1379.8,2230.8,1266.5,2362.0,1150.5,2391.4,1044.0,2382.9,891.8,2262.6,813.5,1978.6
813.0,13.533,822.0,1983.9,909.2,1905.2,1053.8,1880.9,1148.3,1904.7,1251.8,1872.8,1373.7,1907.3,1449.4,1975.0,1404.6,1986.0,1255.2,1970.6,1149.1,1987.1,1056.0,1977.8,872.2,1983.1,872.2,1983.1,1049.2,2206.7,1148.5,2216.1,1261.2,2187.3,1404.6,1986.0,1449.4,1975.0,1378.5,2226.2,1270.1,2355.9,1151.7,2386.3,1044.5,2378.6,896.5,2262.1,822.0,1983.9
814.0,13.55,809.6,1980.7,901.8,1900.3,1052.0,1877.2,1144.4,1901.3,1244.0,1869.8,1372.1,1902.8,1453.6,1972.8,1408.6,1984.7,1248.2,1972.6,1146.2,1988.5,1054.7,1980.0,861.2,1980.7,861.2,1980.7,1050.2,2206.9,1147.9,2215.5,1256.5,2188.3,1408.6,1984.7,1453.6,1972.8,1379.6,2232.5,1265.5,2363.9,1151.1,2393.0,1044.9,2385.4,889.6,2266.2,809.6,1980.7
815.0,13.567,824.3,1985.4,909.8,1906.8,1052.0,1881.1,1146.1,1905.5,1248.7,1874.3,1370.4,1910.8,1446.1,1979.9,1400.9,1990.1,1251.7,1975.3,1146.5,1990.8,1053.6,1981.2,875.2,1984.3,875.2,1984.3,1046.5,2199.3,1145.3,2209.3,1256.9,2182.1,1400.9,1990.1,1446.1,1979.9,1374.4,2226.6,1266.0,2352.7,1148.5,2381.5,1041.9,2373.2,897.1,2257.9,824.3,1985.4
816.0,13.583,813.9,1984.1,902.2,1905.8,1050.8,1885.9,1147.9,1910.5,1255.1,1877.9,1381.0,1909.2,1455.9,1977.2,1412.0,1987.6,1258.7,1971.9,1149.1,1989.1,1053.4,1979.2,863.6,1983.2,863.6,1983.2,1047.6,2223.6,1150.1,2233.7,1266.9,2204.1,1412.0,1987.6,1455.9,1977.2,1386.9,2233.3,1274.4,2367.9,1152.2,2398.8,1041.6,2390.4,888.5,2268.4,813.9,1984.1
817.0,13.6,835.2,1986.2,913.4,1908.6,1051.3,1888.5,1150.4,1912.9,1262.2,1880.3,1379.1,1913.3,1445.7,1980.3,1403.1,1988.4,1265.1,1963.7,1150.8,1981.5,1053.9,1970.4,881.8,1983.2,881.8,1983.2,1046.6,2227.6,1150.4,2239.7,1272.1,2207.7,1403.1,1988.4,1445.7,1980.3,1383.0,2223.4,1277.9,2356.0,1151.2,2388.6,1040.3,2378.9,899.5,2258.6,835.2,1986.2
818.0,13.617,824.1,1982.7,911.0,1904.5,1056.0,1881.4,1152.4,1905.6,1258.9,1872.6,1381.8,1906.0,1455.4,1973.3,1410.8,1984.8,1262.2,1971.4,1153.0,1989.0,1058.0,1979.5,873.9,1982.5,873.9,1982.5,1051.8,2211.6,1153.1,2221.8,1269.1,2191.5,1410.8,1984.8,1455.4,1973.3,1386.4,2227.7,1277.0,2361.8,1155.5,2393.9,1046.0,2385.2,897.8,2264.7,824.1,1982.7
819.0,13.633,821.1,1981.3,910.8,1908.0,1057.1,1884.1,1150.5,1907.7,1253.2,1875.5,1375.1,1909.5,1453.9,1972.1,1409.0,1983.5,1256.6,1973.2,1151.1,1990.1,1059.2,1980.6,871.1,1980.9,871.1,1980.9,1052.1,2204.1,1149.9,2213.8,1261.4,2185.5,1409.0,1983.5,1453.9,1972.1,1379.6,2224.5,1271.1,2353.8,1153.7,2384.1,1047.9,2376.6,898.7,2260.2,821.1,1981.3
820.0,13.65,814.4,1986.3,905.3,1906.6,1053.2,1880.3,1149.3,1904.2,1254.0,1871.9,1378.6,1907.0,1457.4,1975.6,1411.7,1987.4,1258.0,1975.4,1150.4,1992.0,1055.6,1983.1,865.6,1986.1,865.6,1986.1,1048.9,2201.4,1149.4,2210.5,1263.1,2182.3,1411.7,1987.4,1457.4,1975.6,1383.4,2227.0,1272.2,2356.8,1152.7,2386.9,1043.9,2379.5,892.4,2263.7,814.4,1986.3
821.0,13.667,828.9,1989.7,916.8,1909.2,1061.4,1882.9,1154.3,1906.7,1255.0,1874.5,1377.7,1910.6,1453.2,1980.9,1407.2,1992.1,1258.2,1978.9,1154.9,1995.0,1063.2,1986.5,881.1,1989.1,881.1,1989.1,1056.1,2203.4,1153.8,2212.4,1263.6,2184.7,1407.2,1992.1,1453.2,1980.9,1382.4,2232.8,1273.9,2361.5,1158.0,2391.2,1052.2,2384.0,904.5,2268.5,828.9,1989.7
822.0,13.683,822.2,1987.4,912.2,1911.0,1059.1,1886.9,1152.8,1910.7,1255.3,1878.9,1378.9,1912.3,1456.7,1978.3,1411.8,1989.5,1258.7,1977.2,1153.5,1993.7,1061.1,1984.6,872.7,1986.6,872.7,1986.6,1054.0,2208.7,1152.4,2218.2,1264.0,2190.3,1411.8,1989.5,1456.7,1978.3,1383.4,2229.0,1272.9,2358.4,1155.5,2388.1,1049.1,2380.6,899.3,2264.6,822.2,1987.4
823.0,13.7,820.1,1988.7,913.0,1908.7,1061.0,1882.5,1156.2,1906.1,1259.0,1874.2,1384.4,1909.0,1463.5,1977.6,1417.8,1989.7,1262.6,1978.7,1157.0,1995.2,1062.9,1986.8,872.0,1989.0,872.0,1989.0,1055.3,2202.0,1155.0,2211.1,1266.6,2183.6,1417.8,1989.7,1463.5,1977.6,1388.6,2230.4,1276.5,2359.3,1159.0,2388.9,1051.0,2381.6,899.8,2266.1,820.1,1988.7
824.0,13.717,823.6,1986.2,912.7,1907.9,1059.0,1882.0,1155.4,1906.4,1260.7,1874.2,1384.9,1909.4,1462.3,1977.7,1416.6,1988.7,1264.0,1976.6,1155.9,1993.0,1060.8,1983.6,875.1,1985.4,875.1,1985.4,1053.4,2200.9,1154.3,2210.8,1268.7,2182.8,1416.6,1988.7,1462.3,1977.7,1388.9,2226.9,1277.9,2355.8,1157.6,2385.7,1048.7,2377.7,899.6,2261.5,823.6,1986.2
825.0,13.733,822.0,1986.5,912.8,1907.0,1060.4,1881.1,1156.1,1905.2,1260.0,1873.0,1385.4,1907.9,1463.7,1976.9,1417.8,1988.6,1263.6,1977.7,1156.9,1994.1,1062.3,1985.2,874.1,1986.3,874.1,1986.3,1055.2,2200.0,1155.6,2209.3,1268.5,2181.5,1417.8,1988.6,1463.7,1976.9,1389.9,2228.4,1278.2,2357.9,1159.3,2387.8,1050.7,2380.3,899.8,2264.2,822.0,1986.5
826.0,13.75,823.0,1986.3,913.0,1910.2,1059.6,1885.3,1153.4,1909.1,1255.8,1876.9,1379.0,1911.2,1458.2,1977.0,1412.9,1988.4,1259.5,1976.4,1154.4,1993.1,1062.0,1984.0,873.9,1985.5,873.9,1985.5,1055.4,2203.5,1153.7,2212.6,1264.9,2184.6,1412.9,1988.4,1458.2,1977.0,1384.0,2226.6,1274.2,2354.9,1157.1,2384.9,1050.8,2378.0,900.7,2263.5,823.0,1986.3
827.0,13.767,819.4,1987.2,908.7,1907.2,1055.5,1881.6,1150.9,1906.2,1254.9,1874.3,1380.8,1910.3,1459.5,1980.4,1413.9,1991.6,1258.5,1979.9,1151.9,1995.8,1057.5,1986.7,871.4,1987.3,871.4,1987.3,1050.9,2201.1,1151.1,2210.7,1264.0,2183.4,1413.9,1991.6,1459.5,1980.4,1385.5,2231.1,1273.0,2359.4,1154.2,2388.6,1045.6,2380.4,895.3,2263.5,819.4,1987.2
828.0,13.783,822.7,1986.1,911.3,1909.5,1057.2,1884.7,1151.2,1909.3,1254.0,1877.5,1377.7,1913.1,1455.7,1980.5,1410.5,1991.1,1257.3,1979.0,1151.8,1994.9,1058.9,1985.3,873.9,1985.6,873.9,1985.6,1051.9,2202.3,1150.7,2212.1,1262.3,2184.7,1410.5,1991.1,1455.7,1980.5,1381.7,2229.4,1270.9,2357.0,1153.4,2386.2,1046.5,2378.2,897.7,2262.1,822.7,1986.1
829.0,13.8,820.2,1985.9,910.9,1906.9,1058.6,1882.4,1153.3,1906.6,1256.0,1874.6,1381.5,1909.3,1460.1,1978.4,1414.6,1989.8,1259.4,1978.3,1154.1,1994.6,1060.4,1985.5,872.2,1985.6,872.2,1985.6,1053.2,2202.9,1152.7,2212.0,1264.4,2184.5,1414.6,1989.8,1460.1,1978.4,1385.7,2230.5,1273.5,2359.6,1155.8,2389.0,1048.1,2381.6,897.1,2265.2,820.2,1985.9
830.0,13.817,831.0,1987.9,916.6,1909.0,1058.6,1882.8,1155.4,1907.9,1261.7,1875.3,1382.6,1912.8,1456.9,1982.5,1411.0,1992.0,1264.7,1978.7,1155.5,1995.3,1060.0,1985.3,882.4,1986.3,882.4,1986.3,1052.5,2195.4,1153.6,2205.8,1268.8,2177.7,1411.0,1992.0,1456.9,1982.5,1385.3,2224.6,1277.5,2350.7,1156.4,2380.8,1047.3,2372.2,903.1,2257.7,831.0,1987.9
831.0,13.833,816.5,1986.7,908.6,1908.1,1057.9,1884.0,1153.0,1908.0,1256.9,1875.7,1382.6,1909.3,1462.2,1977.1,1417.0,1989.1,1260.9,1978.3,1154.3,1995.1,1060.3,1986.2,867.8,1986.9,867.8,1986.9,1053.9,2204.7,1153.8,2213.7,1266.5,2185.2,1417.0,1989.1,1462.2,1977.1,1387.4,2228.5,1274.9,2358.3,1156.6,2388.5,1048.3,2381.2,895.4,2265.2,816.5,1986.7
832.0,13.85,823.9,1989.8,911.5,1909.7,1056.3,1883.0,1152.3,1907.7,1257.2,1875.7,1380.5,1912.5,1457.2,1982.6,1411.6,1992.9,1260.5,1979.0,1152.8,1994.9,1058.0,1985.5,875.3,1988.8,875.3,1988.8,1050.7,2201.4,1151.3,2211.2,1265.3,2183.5,1411.6,1992.9,1457.2,1982.6,1384.2,2229.3,1273.8,2357.0,1153.9,2386.6,1045.2,2378.4,897.7,2262.7,823.9,1989.8
833.0,13.867,814.6,1991.1,905.1,1909.4,1054.8,1884.2,1150.2,1908.6,1254.0,1877.0,1382.3,1912.2,1460.8,1984.0,1415.9,1994.8,1257.8,1979.7,1151.5,1995.6,1057.0,1986.6,866.4,1991.0,866.4,1991.0,1050.9,2211.4,1151.5,2221.0,1264.5,2194.1,1415.9,1994.8,1460.8,1984.0,1388.0,2237.3,1273.5,2366.2,1154.8,2395.1,1045.6,2387.0,892.1,2268.8,814.6,1991.1
834.0,13.883,821.1,1988.1,909.0,1911.1,1055.4,1886.9,1149.7,1911.9,1253.8,1880.3,1377.7,1915.7,1455.6,1983.1,1410.8,1993.6,1257.2,1979.9,1150.5,1995.5,1057.4,1985.6,871.6,1987.7,871.6,1987.7,1050.7,2209.4,1149.8,2219.6,1263.0,2192.0,1410.8,1993.6,1455.6,1983.1,1382.0,2232.6,1270.8,2361.2,1151.9,2390.4,1044.6,2381.9,895.1,2264.0,821.1,1988.1
835.0,13.9,822.3,1990.3,910.4,1911.2,1055.8,1885.4,1151.2,1910.0,1255.0,1877.7,1378.6,1913.7,1456.0,1982.8,1410.3,1993.9,1258.5,1982.1,1151.9,1998.2,1057.7,1988.9,874.1,1989.9,874.1,1989.9,1050.8,2202.6,1150.9,2212.1,1263.8,2184.4,1410.3,1993.9,1456.0,1982.8,1383.1,2232.1,1273.0,2360.1,1154.2,2389.6,1045.8,2381.8,897.2,2266.1,822.3,1990.3
836.0,13.917,820.4,1991.6,908.7,1911.3,1055.0,1884.2,1150.8,1908.8,1255.5,1876.2,1379.4,1912.6,1457.1,1982.4,1411.1,1993.3,1259.3,1980.4,1151.8,1996.6,1057.3,1987.5,872.0,1990.7,872.0,1990.7,1051.0,2203.6,1151.4,2213.0,1265.2,2184.8,1411.1,1993.3,1457.1,1982.4,1384.4,2231.2,1274.1,2360.1,1154.4,2390.1,1045.7,2382.5,895.9,2266.8,820.4,1991.6
837.0,13.933,818.1,1988.7,906.2,1909.4,1052.1,1883.8,1149.2,1908.4,1255.6,1875.8,1380.0,1911.5,1457.0,1980.6,1411.5,1991.3,1259.3,1978.8,1150.1,1995.3,1054.2,1985.8,869.5,1988.0,869.5,1988.0,1047.9,2204.7,1149.9,2214.5,1265.3,2186.0,1411.5,1991.3,1457.0,1980.6,1384.9,2230.6,1273.9,2360.4,1152.7,2390.6,1042.5,2382.5,892.9,2265.4,818.1,1988.7
838.0,13.95,818.7,1991.8,906.0,1911.8,1051.1,1885.2,1147.0,1910.1,1252.0,1877.5,1376.2,1914.2,1453.6,1984.2,1407.8,1995.0,1256.0,1983.1,1148.3,1999.3,1053.6,1990.0,870.5,1991.2,870.5,1991.2,1048.0,2202.5,1148.7,2212.0,1262.7,2183.9,1407.8,1995.0,1453.6,1984.2,1381.6,2232.6,1271.2,2361.1,1151.4,2390.9,1042.2,2382.9,893.2,2266.7,818.7,1991.8
839.0,13.967,820.2,1989.9,908.6,1914.3,1054.3,1889.5,1147.6,1914.3,1250.1,1882.3,1373.9,1917.8,1452.4,1983.9,1407.4,1995.0,1253.8,1984.6,1148.6,2000.5,1056.5,1990.9,870.9,1989.8,870.9,1989.8,1050.5,2205.2,1148.5,2214.9,1259.9,2187.4,1407.4,1995.0,1452.4,1983.9,1378.5,2232.8,1267.8,2360.4,1150.8,2389.7,1044.4,2381.5,895.5,2264.9,820.2,1989.9
840.0,13.983,818.8,1990.2,908.8,1914.2,1056.5,1889.2,1149.6,1913.7,1251.2,1881.3,1375.9,1916.2,1455.1,1982.7,1409.6,1994.2,1255.0,1984.9,1150.8,2001.1,1058.8,1992.0,870.5,1989.9,870.5,1989.9,1053.0,2205.4,1151.0,2214.3,1261.4,2186.7,1409.6,1994.2,1455.1,1982.7,1381.4,2234.2,1270.5,2363.0,1154.1,2392.5,1047.6,2385.4,896.1,2269.3,818.8,1990.2
841.0,14.0,817.5,1987.6,905.9,1908.7,1052.1,1883.8,1149.7,1909.0,1257.1,1876.2,1380.8,1912.5,1457.6,1981.7,1412.2,1992.0,1260.5,1979.4,1150.4,1996.1,1053.9,1986.0,868.8,1986.9,868.8,1986.9,1047.2,2201.9,1149.6,2211.9,1265.8,2183.6,1412.2,1992.0,1457.6,1981.7,1384.7,2229.0,1273.9,2357.2,1151.9,2387.3,1041.3,2378.9,891.9,2262.0,817.5,1987.6
842.0,14.017,818.3,1991.2,907.4,1907.1,1053.9,1879.2,1152.3,1904.2,1259.3,1871.5,1385.1,1908.5,1462.5,1982.0,1416.0,1993.1,1263.2,1980.2,1153.3,1996.5,1055.9,1987.5,871.0,1990.8,871.0,1990.8,1049.4,2198.8,1152.5,2208.4,1268.6,2180.5,1416.0,1993.1,1462.5,1982.0,1390.0,2230.8,1278.0,2359.9,1156.0,2390.0,1044.5,2381.7,894.4,2265.4,818.3,1991.2
843.0,14.033,817.6,1984.9,905.6,1902.7,1052.3,1877.8,1150.1,1902.5,1257.4,1870.0,1382.8,1905.7,1459.8,1977.6,1414.3,1988.2,1261.1,1973.5,1151.0,1990.2,1054.3,1980.6,869.3,1984.3,869.3,1984.3,1047.3,2205.7,1150.1,2215.7,1266.7,2187.1,1414.3,1988.2,1459.8,1977.6,1387.3,2229.7,1274.9,2360.1,1152.7,2390.2,1041.6,2381.7,891.4,2263.0,817.6,1984.9
844.0,14.05,821.8,1988.3,909.9,1908.8,1055.7,1882.1,1151.1,1906.6,1255.7,1874.4,1378.8,1910.8,1456.3,1980.3,1410.8,1990.8,1259.0,1976.5,1151.7,1992.6,1057.5,1983.1,873.1,1987.2,873.1,1987.2,1050.4,2202.7,1150.5,2212.4,1264.1,2184.5,1410.8,1990.8,1456.3,1980.3,1383.0,2228.4,1272.9,2356.4,1153.4,2386.0,1045.3,2378.2,896.5,2262.7,821.8,1988.3
845.0,14.067,818.0,1989.4,907.3,1908.8,1055.5,1882.7,1150.6,1907.6,1254.3,1875.3,1381.0,1911.6,1459.7,1982.6,1414.0,1993.4,1257.9,1981.3,1151.5,1997.2,1057.3,1988.0,870.3,1989.1,870.3,1989.1,1050.8,2205.7,1150.9,2215.4,1263.7,2188.4,1414.0,1993.4,1459.7,1982.6,1385.9,2235.5,1272.6,2364.8,1153.9,2393.7,1045.3,2385.4,893.9,2267.0,818.0,1989.4
846.0,14.083,818.8,1990.1,906.1,1911.6,1051.9,1885.1,1147.8,1910.4,1252.8,1877.8,1376.9,1915.5,1454.9,1985.3,1408.8,1995.4,1256.2,1983.3,1148.4,1999.3,1053.7,1989.4,870.9,1989.2,870.9,1989.2,1047.0,2201.1,1147.5,2211.0,1261.5,2183.5,1408.8,1995.4,1454.9,1985.3,1381.0,2233.2,1269.9,2360.5,1150.0,2389.7,1041.1,2381.5,892.3,2265.0,818.8,1990.1
847.0,14.1,813.6,1987.1,901.0,1903.6,1048.3,1879.4,1144.9,1904.9,1250.7,1872.9,1378.2,1909.2,1455.5,1983.9,1410.1,1994.5,1254.4,1978.7,1146.2,1994.4,1050.4,1984.8,865.8,1987.3,865.8,1987.3,1044.9,2209.4,1147.1,2219.3,1262.1,2191.5,1410.1,1994.5,1455.5,1983.9,1383.7,2237.8,1269.6,2368.4,1148.9,2397.8,1038.1,2388.6,886.8,2267.8,813.6,1987.1
848.0,14.117,827.6,1991.2,911.3,1909.9,1053.5,1882.7,1149.8,1908.7,1256.2,1876.9,1377.1,1916.0,1451.1,1988.2,1405.2,1997.4,1259.0,1980.8,1149.8,1995.8,1054.6,1985.5,878.8,1989.8,878.8,1989.8,1046.6,2201.2,1147.7,2212.0,1263.6,2184.6,1405.2,1997.4,1451.1,1988.2,1379.5,2230.9,1270.8,2357.1,1149.2,2386.1,1040.1,2376.7,896.1,2260.0,827.6,1991.2
849.0,14.133,815.2,1990.7,903.6,1907.9,1050.6,1883.1,1147.8,1908.4,1254.2,1876.2,1380.3,1912.5,1457.7,1985.6,1412.1,1996.0,1257.6,1982.3,1148.6,1998.1,1052.1,1988.4,867.3,1990.4,867.3,1990.4,1045.1,2207.5,1147.5,2217.5,1263.1,2189.7,1412.1,1996.0,1457.7,1985.6,1384.2,2236.2,1270.6,2365.3,1149.3,2394.5,1038.5,2385.6,888.4,2266.9,815.2,1990.7
850.0,14.15,818.8,1993.9,905.2,1912.2,1050.8,1885.2,1147.0,1911.0,1252.6,1878.3,1377.1,1916.7,1453.8,1989.6,1407.8,1999.5,1256.1,1985.5,1147.8,2001.1,1052.6,1991.3,871.0,1993.0,871.0,1993.0,1046.5,2204.5,1147.7,2214.3,1262.5,2186.8,1407.8,1999.5,1453.8,1989.6,1381.5,2237.2,1270.2,2365.1,1149.7,2394.3,1039.9,2385.7,891.0,2268.3,818.8,1993.9
851.0,14.167,821.4,1991.6,907.1,1910.4,1051.6,1886.3,1147.9,1911.4,1253.9,1879.8,1378.3,1915.9,1454.0,1987.5,1409.4,1997.4,1257.0,1981.3,1148.3,1997.2,1053.1,1987.1,872.5,1991.0,872.5,1991.0,1045.4,2213.9,1146.8,2224.7,1262.2,2197.0,1409.4,1997.4,1454.0,1987.5,1381.8,2237.6,1269.5,2366.2,1148.5,2395.3,1038.8,2385.7,891.7,2265.9,821.4,1991.6
852.0,14.183,820.1,1992.0,906.1,1912.1,1051.6,1887.0,1146.8,1912.3,1251.4,1880.2,1376.4,1916.9,1453.6,1987.6,1408.2,1997.8,1254.9,1984.2,1147.8,1999.9,1053.5,1990.1,872.0,1991.3,872.0,1991.3,1047.4,2211.0,1147.8,2221.1,1261.6,2193.5,1408.2,1997.8,1453.6,1987.6,1381.5,2239.6,1270.1,2368.9,1150.5,2398.2,1041.6,2389.5,892.5,2270.3,820.1,1992.0
853.0,14.2,816.7,1995.1,906.4,1915.4,1054.1,1887.8,1148.5,1913.1,1251.1,1880.7,1376.3,1917.9,1456.5,1988.2,1410.1,1998.6,1254.9,1988.6,1149.4,2004.1,1056.0,1994.9,869.3,1994.1,869.3,1994.1,1049.6,2202.1,1148.5,2211.4,1260.2,2184.3,1410.1,1998.6,1456.5,1988.2,1380.7,2236.2,1268.6,2363.1,1151.2,2391.9,1043.8,2383.9,893.1,2268.3,816.7,1995.1
854.0,14.217,813.6,1989.6,901.5,1907.9,1049.4,1884.3,1147.4,1909.2,1255.1,1876.6,1381.9,1911.5,1458.9,1983.3,1413.4,1994.2,1258.7,1980.2,1148.2,1996.8,1051.1,1987.1,865.5,1989.5,865.5,1989.5,1043.9,2215.9,1147.2,2226.1,1264.6,2197.1,1413.4,1994.2,1458.9,1983.3,1386.0,2238.5,1272.1,2371.1,1149.2,2401.5,1037.4,2392.4,886.6,2271.0,813.6,1989.6
855.0,14.233,815.5,1992.3,903.5,1911.2,1050.9,1884.4,1146.6,1910.0,1251.6,1877.8,1376.3,1915.2,1455.2,1986.9,1408.8,1996.8,1255.2,1983.3,1147.4,1998.7,1052.7,1988.9,867.5,1991.3,867.5,1991.3,1045.9,2206.0,1146.4,2215.7,1260.8,2188.0,1408.8,1996.8,1455.2,1986.9,1380.3,2235.3,1268.1,2363.6,1148.0,2392.7,1039.1,2384.4,889.0,2267.0,815.5,1992.3
856.0,14.25,814.6,1997.2,902.1,1914.2,1049.0,1887.1,1146.6,1912.3,1253.4,1879.3,1378.8,1916.6,1456.0,1989.5,1409.9,2000.2,1257.3,1986.8,1147.6,2003.1,1051.0,1993.7,867.0,1996.5,867.0,1996.5,1044.6,2209.1,1147.1,2218.7,1263.2,2190.4,1409.9,2000.2,1456.0,1989.5,1383.4,2239.0,1271.3,2368.6,1149.5,2398.7,1038.3,2390.5,888.2,2273.1,814.6,1997.2
857.0,14.267,812.0,1995.1,900.4,1916.2,1048.0,1890.1,1140.5,1916.0,1242.3,1884.1,1366.8,1922.7,1447.2,1992.9,1401.6,2003.3,1245.9,1990.9,1141.5,2005.8,1049.8,1995.9,863.7,1995.1,863.7,1995.1,1043.5,2206.5,1140.9,2216.0,1251.5,2189.4,1401.6,2003.3,1447.2,1992.9,1370.4,2241.6,1257.8,2367.3,1141.6,2395.4,1035.3,2386.8,885.0,2269.3,812.0,1995.1
858.0,14.283,825.7,2006.1,909.7,1928.9,1051.2,1902.5,1140.1,1928.2,1237.6,1897.4,1357.8,1937.2,1435.5,2006.1,1390.3,2015.7,1240.9,2001.4,1140.7,2015.3,1052.9,2005.5,876.8,2005.3,876.8,2005.3,1046.1,2210.4,1139.4,2220.3,1245.6,2194.8,1390.3,2015.7,1435.5,2006.1,1360.7,2247.5,1252.1,2368.2,1140.3,2395.0,1038.4,2386.3,894.9,2272.4,825.7,2006.1
859.0,14.3,805.0,2027.6,893.7,1944.5,1041.1,1917.0,1128.6,1942.5,1223.3,1913.7,1350.1,1953.9,1430.3,2029.4,1386.4,2037.8,1227.2,2013.2,1130.6,2025.3,1043.4,2016.5,855.8,2027.0,855.8,2027.0,1040.1,2225.3,1133.3,2233.4,1236.3,2210.8,1386.4,2037.8,1430.3,2029.4,1356.5,2262.3,1243.1,2374.0,1134.5,2397.9,1032.7,2390.4,880.7,2282.9,805.0,2027.6
860.0,14.317,787.5,2071.1,876.7,1967.3,1022.0,1938.0,1124.8,1967.8,1236.0,1941.8,1372.8,1987.7,1451.6,2085.4,1408.0,2087.9,1238.4,2040.2,1125.5,2048.6,1021.9,2036.7,839.8,2071.1,839.8,2071.1,1018.2,2238.4,1128.1,2251.8,1247.2,2236.2,1408.0,2087.9,1451.6,2085.4,1379.8,2287.5,1254.9,2382.4,1129.7,2400.1,1012.6,2386.0,862.7,2284.4,787.5,2071.1
861.0,14.333,775.4,2107.9,875.1,2004.1,1012.2,1967.8,1121.4,1997.0,1238.3,1973.6,1374.6,2022.6,1460.3,2120.9,1414.2,2123.8,1240.4,2077.5,1121.2,2085.5,1010.3,2073.8,829.8,2110.4,829.8,2110.4,1006.0,2202.0,1120.7,2215.9,1243.2,2204.0,1414.2,2123.8,1460.3,2120.9,1378.7,2276.0,1252.4,2345.8,1123.5,2359.3,1002.7,2345.0,862.8,2266.7,775.4,2107.9
862.0,14.35,768.0,2123.7,883.9,2026.7,1019.7,1980.4,1123.7,2009.1,1231.9,1983.1,1367.2,2035.3,1467.6,2126.6,1415.8,2132.1,1235.5,2115.2,1124.3,2124.4,1017.5,2115.6,828.5,2128.7,828.5,2128.7,1014.5,2120.2,1122.1,2129.1,1233.7,2120.9,1415.8,2132.1,1467.6,2126.6,1370.4,2246.1,1246.6,2295.4,1127.9,2306.8,1013.4,2297.9,875.1,2246.3,768.0,2123.7
863.0,14.367,768.9,2122.0,891.2,2043.1,1021.8,2006.5,1124.6,2032.5,1233.4,2006.4,1363.1,2047.9,1464.2,2120.1,1414.9,2128.1,1236.3,2118.7,1124.4,2131.7,1019.3,2122.8,825.8,2128.3,825.8,2128.3,1016.1,2128.4,1121.7,2137.4,1233.2,2126.1,1414.9,2128.1,1464.2,2120.1,1364.8,2230.6,1244.3,2277.9,1126.5,2291.6,1014.9,2282.8,881.3,2234.8,768.9,2122.0
864.0,14.383,764.6,2115.7,885.0,2050.6,1011.8,2019.3,1118.9,2045.5,1235.6,2019.0,1361.1,2055.5,1459.6,2115.0,1411.3,2125.3,1237.8,2120.8,1118.0,2135.6,1009.0,2125.0,818.3,2123.2,818.3,2123.2,1004.0,2139.3,1113.6,2150.1,1233.0,2135.5,1411.3,2125.3,1459.6,2115.0,1359.5,2224.2,1240.9,2276.6,1115.9,2293.2,1000.9,2282.6,872.4,2230.5,764.6,2115.7
865.0,14.4,758.9,2112.2,883.9,2057.2,1011.5,2030.6,1115.3,2056.1,1228.8,2030.3,1356.0,2060.8,1460.1,2111.2,1412.4,2121.6,1231.3,2124.2,1114.7,2139.8,1009.1,2129.2,811.0,2120.2,811.0,2120.2,1004.9,2141.7,1111.1,2152.2,1227.1,2137.7,1412.4,2121.6,1460.1,2111.2,1355.3,2217.1,1234.0,2267.9,1112.6,2284.2,1001.3,2273.8,871.9,2222.8,758.9,2112.2
866.0,14.417,753.7,2110.9,882.0,2059.5,1008.4,2035.5,1111.5,2059.5,1224.0,2033.9,1350.7,2062.2,1458.5,2107.5,1410.9,2119.3,1226.5,2126.2,1110.9,2142.4,1005.9,2132.4,806.1,2119.2,806.1,2119.2,1000.7,2137.6,1106.1,2147.4,1220.6,2133.0,1410.9,2119.3,1458.5,2107.5,1349.6,2212.0,1227.7,2261.0,1107.9,2276.6,997.8,2267.1,869.6,2218.2,753.7,2110.9
867.0,14.433,751.4,2108.8,878.6,2059.9,1005.0,2036.9,1108.5,2061.3,1222.0,2035.7,1349.0,2063.2,1456.3,2106.3,1409.1,2117.5,1224.7,2126.2,1108.1,2142.3,1002.8,2131.9,803.0,2117.0,803.0,2117.0,998.7,2136.7,1104.3,2146.8,1220.1,2131.8,1409.1,2117.5,1456.3,2106.3,1348.6,2208.6,1227.2,2258.1,1106.2,2274.6,995.7,2264.8,867.2,2215.9,751.4,2108.8
868.0,14.45,749.3,2109.6,876.8,2061.4,1003.0,2038.4,1106.0,2063.1,1219.3,2036.7,1346.3,2063.5,1453.9,2106.2,1406.6,2116.3,1222.3,2126.7,1105.8,2143.5,1001.3,2133.1,800.8,2116.9,800.8,2116.9,998.8,2135.2,1103.7,2145.3,1219.2,2130.2,1406.6,2116.3,1453.9,2106.2,1347.2,2205.6,1226.1,2255.1,1105.5,2272.1,995.5,2262.5,866.6,2214.5,749.3,2109.6
869.0,14.467,745.9,2108.6,874.0,2060.3,1000.9,2038.5,1103.2,2063.4,1215.9,2036.9,1343.4,2063.5,1452.6,2105.4,1405.3,2116.1,1219.4,2128.2,1103.4,2145.0,999.4,2134.7,797.0,2116.5,797.0,2116.5,996.3,2133.5,1100.6,2143.2,1215.4,2128.0,1405.3,2116.1,1452.6,2105.4,1343.7,2205.1,1221.6,2254.6,1101.7,2271.5,992.1,2262.0,863.0,2213.5,745.9,2108.6
870.0,14.483,743.7,2107.9,872.5,2061.4,1000.1,2040.1,1101.6,2065.1,1213.7,2038.4,1341.1,2064.3,1451.0,2105.1,1403.8,2115.9,1217.0,2128.2,1101.9,2145.4,998.6,2134.9,794.3,2116.1,794.3,2116.1,996.1,2133.4,1099.7,2142.9,1213.6,2127.9,1403.8,2115.9,1451.0,2105.1,1341.7,2204.9,1219.8,2254.1,1100.8,2271.3,991.9,2261.8,861.8,2213.7,743.7,2107.9
871.0,14.5,743.6,2108.2,872.6,2061.8,999.8,2041.3,1101.4,2066.2,1213.6,2039.6,1340.9,2065.5,1450.7,2105.9,1403.7,2116.4,1217.1,2128.5,1101.6,2145.7,998.4,2135.2,794.0,2116.3,794.0,2116.3,996.1,2134.3,1099.7,2144.0,1213.8,2129.0,1403.7,2116.4,1450.7,2105.9,1341.7,2205.1,1219.8,2253.8,1100.7,2270.8,991.7,2261.1,862.0,2213.1,743.6,2108.2
872.0,14.517,744.7,2108.0,872.4,2063.1,999.2,2042.5,1101.4,2067.9,1214.6,2041.3,1341.5,2067.0,1450.4,2106.7,1403.5,2116.9,1217.8,2129.5,1101.5,2146.7,997.6,2135.7,794.9,2116.0,794.9,2116.0,995.5,2134.5,1099.8,2144.6,1215.0,2129.3,1403.5,2116.9,1450.4,2106.7,1342.3,2205.1,1220.9,2254.0,1100.6,2271.4,991.1,2261.4,861.8,2213.3,744.7,2108.0
873.0,14.533,745.6,2108.8,874.2,2064.6,1001.4,2043.9,1103.2,2068.9,1215.7,2042.2,1342.4,2068.1,1451.5,2107.1,1404.7,2117.7,1218.9,2130.5,1103.1,2147.8,999.7,2137.0,795.7,2117.0,795.7,2117.0,997.6,2135.6,1101.3,2145.6,1215.8,2130.4,1404.7,2117.7,1451.5,2107.1,1343.0,2206.6,1221.7,2255.2,1102.2,2272.4,993.2,2262.5,863.5,2214.4,745.6,2108.8
874.0,14.55,745.6,2110.3,874.5,2065.3,1001.3,2045.2,1103.7,2070.4,1217.2,2043.8,1343.4,2069.5,1452.1,2108.8,1405.4,2120.0,1220.6,2132.3,1103.8,2149.5,999.7,2138.5,795.7,2119.1,795.7,2119.1,996.6,2136.9,1101.0,2146.9,1216.4,2131.4,1405.4,2120.0,1452.1,2108.8,1343.1,2207.7,1222.0,2256.5,1101.6,2273.8,991.9,2263.8,862.7,2215.7,745.6,2110.3
875.0,14.567,746.3,2111.3,876.8,2066.2,1004.3,2046.3,1105.3,2070.8,1216.6,2044.4,1343.4,2069.5,1453.6,2108.3,1406.9,2119.6,1220.0,2132.8,1105.5,2150.1,1002.8,2139.8,796.6,2120.0,796.6,2120.0,999.7,2138.8,1102.5,2148.2,1215.7,2133.1,1406.9,2119.6,1453.6,2108.3,1343.4,2209.2,1221.3,2257.7,1103.3,2274.3,995.0,2264.9,865.0,2217.0,746.3,2111.3
876.0,14.583,747.6,2111.7,877.0,2066.7,1004.8,2046.4,1106.5,2070.9,1218.6,2044.4,1346.0,2069.3,1456.1,2108.3,1409.2,2119.1,1222.2,2132.7,1106.9,2149.9,1003.6,2139.4,798.2,2119.9,798.2,2119.9,1001.3,2139.1,1105.1,2148.7,1219.2,2133.6,1409.2,2119.1,1456.1,2108.3,1347.4,2208.4,1225.6,2257.6,1106.5,2274.4,997.4,2265.3,866.7,2217.7,747.6,2111.7
877.0,14.6,747.6,2112.5,878.5,2067.6,1006.5,2046.8,1108.9,2070.8,1221.6,2043.9,1349.2,2068.5,1459.5,2106.8,1412.6,2118.0,1225.3,2132.2,1109.2,2150.0,1005.3,2140.0,798.4,2120.7,798.4,2120.7,1002.7,2138.8,1107.0,2148.2,1221.8,2132.6,1412.6,2118.0,1459.5,2106.8,1350.3,2207.2,1228.4,2256.4,1108.7,2273.7,999.1,2264.8,868.1,2217.7,747.6,2112.5
878.0,14.617,747.7,2111.5,879.9,2067.8,1008.6,2047.6,1111.0,2071.5,1223.8,2044.2,1352.0,2067.7,1463.0,2104.8,1416.1,2116.7,1227.6,2132.2,1111.5,2150.7,1007.5,2140.7,798.4,2120.4,798.4,2120.4,1005.0,2139.3,1109.4,2148.6,1224.1,2132.7,1416.1,2116.7,1463.0,2104.8,1353.3,2206.7,1230.8,2256.6,1111.2,2274.5,1001.6,2265.6,869.6,2218.2,747.7,2111.5
879.0,14.633,746.8,2111.0,879.4,2068.1,1008.7,2047.3,1111.3,2071.1,1224.2,2043.7,1353.0,2067.1,1464.8,2103.3,1417.8,2115.5,1228.1,2132.2,1111.8,2150.7,1007.7,2140.8,797.6,2120.0,797.6,2120.0,1005.1,2139.0,1109.5,2148.3,1224.5,2132.2,1417.8,2115.5,1464.8,2103.3,1354.4,2205.9,1231.3,2256.5,1111.5,2274.4,1001.7,2265.7,869.2,2218.3,746.8,2111.0
880.0,14.65,744.6,2110.1,878.2,2067.7,1008.0,2047.3,1111.0,2071.4,1224.5,2044.1,1354.3,2066.6,1467.2,2102.2,1420.0,2114.6,1228.5,2133.1,1111.6,2151.6,1006.9,2141.7,795.4,2119.4,795.4,2119.4,1004.0,2138.4,1108.9,2147.7,1224.3,2131.7,1420.0,2114.6,1467.2,2102.2,1355.5,2205.0,1231.2,2256.4,1110.8,2274.6,1000.6,2265.7,867.8,2217.7,744.6,2110.1
881.0,14.667,742.1,2109.0,875.7,2068.4,1005.6,2047.9,1109.6,2071.9,1224.5,2044.5,1354.2,2066.7,1467.0,2101.0,1419.8,2113.9,1228.3,2132.5,1110.1,2151.3,1004.5,2141.2,792.8,2118.7,792.8,2118.7,1001.6,2138.6,1107.4,2148.2,1224.3,2131.8,1419.8,2113.9,1467.0,2101.0,1355.3,2204.0,1231.4,2255.9,1109.6,2274.5,998.6,2265.5,865.6,2217.3,742.1,2109.0
882.0,14.683,738.1,2108.5,873.0,2068.4,1003.7,2048.6,1107.6,2072.7,1222.4,2045.2,1353.2,2066.5,1467.3,2100.1,1420.1,2113.0,1226.4,2133.2,1108.3,2152.1,1002.8,2141.9,788.9,2118.4,788.9,2118.4,999.9,2139.6,1105.7,2149.1,1222.4,2132.6,1420.1,2113.0,1467.3,2100.1,1354.5,2203.6,1229.4,2256.6,1107.7,2275.4,996.8,2266.4,862.8,2217.7,738.1,2108.5
883.0,14.7,734.3,2108.3,870.3,2067.9,1001.2,2049.3,1105.8,2072.9,1221.2,2045.4,1352.1,2065.8,1466.5,2098.5,1419.5,2112.4,1225.4,2133.5,1106.7,2152.7,1000.4,2142.8,785.2,2118.7,785.2,2118.7,996.9,2140.3,1103.3,2149.4,1220.7,2132.8,1419.5,2112.4,1466.5,2098.5,1353.1,2203.6,1228.0,2257.4,1105.8,2276.2,994.0,2267.6,859.7,2218.5,734.3,2108.3
884.0,14.717,731.8,2108.1,867.7,2068.6,998.9,2049.8,1103.9,2073.6,1219.8,2046.2,1351.3,2066.5,1466.4,2098.6,1419.1,2112.4,1224.0,2134.5,1104.8,2153.5,998.1,2143.5,782.8,2118.3,782.8,2118.3,994.9,2140.6,1101.7,2149.9,1219.6,2133.4,1419.1,2112.4,1466.4,2098.6,1352.7,2203.8,1227.1,2258.2,1104.2,2277.1,992.1,2268.3,857.5,2218.9,731.8,2108.1
885.0,14.733,730.4,2108.3,866.9,2068.7,997.6,2050.6,1102.7,2073.9,1218.6,2046.6,1349.8,2066.7,1465.4,2098.1,1418.3,2112.6,1223.0,2134.5,1103.7,2153.8,996.9,2143.9,781.5,2119.0,781.5,2119.0,992.9,2142.0,1099.8,2151.1,1217.7,2134.3,1418.3,2112.6,1465.4,2098.1,1350.8,2204.3,1225.1,2258.4,1102.3,2277.2,990.2,2268.7,856.0,2219.5,730.4,2108.3
886.0,14.75,729.8,2108.0,865.9,2069.2,997.1,2050.2,1101.9,2074.2,1217.6,2046.7,1349.4,2067.3,1465.0,2099.2,1417.8,2113.0,1221.4,2135.1,1102.4,2154.4,995.9,2144.2,780.7,2118.3,780.7,2118.3,992.3,2141.9,1098.9,2151.5,1216.5,2135.1,1417.8,2113.0,1465.0,2099.2,1350.1,2205.8,1223.6,2260.4,1100.9,2279.3,989.0,2270.0,854.9,2219.6,729.8,2108.0
887.0,14.767,728.9,2109.1,866.3,2069.0,996.8,2051.7,1101.8,2075.0,1217.3,2047.9,1349.0,2067.1,1464.6,2098.8,1417.9,2113.3,1221.3,2135.8,1102.5,2155.3,995.8,2145.5,779.9,2119.9,779.9,2119.9,991.6,2142.9,1098.3,2151.9,1215.7,2135.5,1417.9,2113.3,1464.6,2098.8,1349.5,2205.4,1222.8,2260.3,1100.5,2279.1,988.6,2270.1,855.0,2219.9,728.9,2109.1
888.0,14.783,729.2,2109.4,866.2,2069.4,996.2,2052.7,1102.6,2075.0,1218.9,2048.8,1350.4,2067.0,1464.4,2098.6,1418.3,2113.6,1222.5,2134.5,1103.0,2154.3,994.9,2144.6,780.5,2120.2,780.5,2120.2,990.7,2144.6,1098.8,2153.3,1217.0,2136.5,1418.3,2113.6,1464.4,2098.6,1350.6,2206.0,1224.6,2260.4,1101.6,2279.3,988.4,2270.8,855.0,2221.7,729.2,2109.4
889.0,14.8,728.7,2109.4,867.0,2071.4,996.7,2054.8,1104.2,2076.1,1221.3,2050.3,1351.9,2067.7,1464.0,2097.4,1418.8,2114.1,1224.2,2134.7,1104.1,2155.0,994.9,2145.4,779.4,2121.8,779.4,2121.8,989.7,2145.0,1098.8,2153.4,1217.5,2136.1,1418.8,2114.1,1464.0,2097.4,1350.4,2206.1,1225.5,2260.6,1101.9,2280.1,988.1,2271.4,855.4,2222.9,728.7,2109.4
890.0,14.817,730.3,2110.6,867.7,2070.7,995.9,2054.6,1105.2,2075.1,1223.5,2050.8,1354.1,2067.1,1463.9,2097.9,1419.4,2115.3,1226.1,2133.9,1105.0,2153.8,994.0,2144.2,781.2,2123.4,781.2,2123.4,988.0,2146.6,1098.8,2155.0,1218.9,2137.7,1419.4,2115.3,1463.9,2097.9,1351.9,2206.4,1227.4,2261.6,1102.5,2280.8,987.2,2271.9,856.0,2223.4,730.3,2110.6
891.0,14.833,729.7,2108.3,866.8,2073.7,995.9,2057.7,1105.3,2078.2,1224.8,2053.7,1352.8,2070.9,1460.5,2097.0,1417.0,2115.9,1227.2,2133.5,1104.8,2153.3,994.1,2143.3,779.0,2123.2,779.0,2123.2,988.1,2148.4,1098.8,2156.5,1220.0,2137.8,1417.0,2115.9,1460.5,2097.0,1349.1,2206.7,1228.0,2261.4,1102.2,2282.1,987.1,2273.0,854.9,2224.7,729.7,2108.3
892.0,14.85,729.8,2108.5,866.6,2073.3,995.0,2057.0,1104.7,2077.5,1224.5,2053.9,1352.6,2071.7,1459.8,2098.8,1416.1,2118.2,1226.6,2133.7,1104.1,2152.9,993.0,2142.7,779.2,2124.0,779.2,2124.0,986.4,2148.8,1097.3,2157.3,1218.8,2139.1,1416.1,2118.2,1459.8,2098.8,1348.2,2208.3,1226.9,2262.9,1100.7,2283.0,985.5,2273.4,854.4,2224.9,729.8,2108.5
893.0,14.867,728.5,2111.2,864.1,2073.5,992.8,2057.4,1102.0,2078.2,1221.0,2054.8,1350.2,2072.3,1457.7,2101.8,1413.9,2119.8,1223.5,2135.0,1101.9,2153.8,991.0,2143.7,778.3,2125.3,778.3,2125.3,984.8,2149.9,1095.6,2158.3,1216.4,2140.7,1413.9,2119.8,1457.7,2101.8,1346.9,2209.4,1224.2,2263.3,1098.6,2282.6,983.4,2273.3,852.1,2224.9,728.5,2111.2
894.0,14.883,729.4,2111.8,863.8,2073.4,992.0,2056.6,1099.9,2078.7,1217.9,2054.7,1347.0,2074.0,1455.6,2105.4,1411.0,2121.9,1220.3,2136.8,1099.7,2155.1,990.0,2144.4,779.0,2125.2,779.0,2125.2,984.0,2148.9,1093.7,2157.9,1213.5,2141.1,1411.0,2121.9,1455.6,2105.4,1343.9,2211.4,1220.6,2264.5,1095.8,2283.4,981.6,2273.7,851.1,2224.7,729.4,2111.8
895.0,14.9,731.5,2112.6,864.2,2074.4,992.5,2056.0,1099.1,2079.1,1216.5,2054.6,1344.6,2076.3,1452.9,2108.4,1408.1,2124.0,1218.8,2138.5,1098.6,2156.3,990.2,2145.2,780.7,2125.5,780.7,2125.5,984.6,2147.0,1093.0,2156.7,1212.2,2140.3,1408.1,2124.0,1452.9,2108.4,1341.2,2213.3,1218.5,2265.4,1094.3,2284.0,981.1,2273.8,851.3,2224.3,731.5,2112.6
896.0,14.917,732.8,2113.6,864.4,2073.7,992.8,2054.7,1098.5,2078.5,1214.7,2053.9,1342.4,2078.1,1450.1,2112.8,1405.3,2126.7,1217.0,2139.0,1097.9,2156.3,990.4,2144.9,782.4,2125.7,782.4,2125.7,985.7,2145.2,1093.3,2155.1,1211.2,2139.4,1405.3,2126.7,1450.1,2112.8,1339.7,2216.5,1217.8,2265.5,1094.9,2283.1,982.4,2272.8,851.8,2224.3,732.8,2113.6
897.0,14.933,736.7,2112.3,863.7,2071.0,991.7,2051.5,1096.9,2076.4,1212.8,2052.5,1340.3,2080.5,1446.3,2118.2,1401.5,2130.4,1215.0,2139.6,1096.0,2155.3,989.1,2142.8,786.5,2123.7,786.5,2123.7,984.4,2145.4,1091.7,2156.3,1209.7,2141.6,1401.5,2130.4,1446.3,2118.2,1337.3,2222.9,1215.5,2269.8,1092.6,2285.9,980.2,2274.7,850.5,2224.3,736.7,2112.3
898.0,14.95,743.8,2115.2,855.3,2060.9,976.5,2037.5,1092.0,2066.1,1218.8,2042.4,1344.9,2078.3,1440.0,2131.3,1394.7,2137.7,1219.9,2138.5,1090.0,2151.3,972.7,2136.0,796.5,2121.7,796.5,2121.7,967.9,2139.2,1085.8,2153.2,1215.2,2139.6,1394.7,2137.7,1440.0,2131.3,1341.7,2228.1,1222.1,2275.1,1087.2,2289.5,964.6,2275.3,842.2,2221.6,743.8,2115.2
899.0,14.967,751.2,2116.5,864.7,2039.0,993.0,2005.6,1097.3,2032.7,1208.4,2010.1,1340.5,2053.8,1439.6,2127.1,1393.4,2131.3,1211.0,2119.7,1096.9,2129.7,990.2,2118.5,807.1,2121.9,807.1,2121.9,986.9,2128.9,1094.1,2139.8,1208.5,2129.7,1393.4,2131.3,1439.6,2127.1,1341.2,2233.5,1219.1,2275.4,1098.9,2286.2,986.0,2275.0,855.3,2224.6,751.2,2116.5
900.0,14.983,756.9,2100.4,845.7,2003.5,982.2,1966.4,1088.7,1997.6,1201.7,1971.2,1342.5,2021.7,1430.3,2114.3,1384.1,2116.6,1206.6,2094.5,1091.7,2101.5,983.1,2090.0,814.1,2102.7,814.1,2102.7,984.8,2177.6,1097.1,2189.0,1215.9,2176.4,1384.1,2116.6,1430.3,2114.3,1352.7,2277.8,1228.3,2353.9,1102.2,2370.2,982.2,2356.8,840.3,2274.2,756.9,2100.4
901.0,15.0,782.0,2065.8,860.6,1981.6,1011.1,1961.2,1099.6,1987.1,1194.2,1959.0,1326.1,1996.0,1400.9,2073.3,1360.6,2079.1,1199.9,2047.1,1104.3,2058.0,1016.5,2049.3,832.8,2064.7,832.8,2064.7,1021.9,2279.8,1117.4,2286.5,1220.5,2264.2,1360.6,2079.1,1400.9,2073.3,1343.1,2310.8,1229.2,2422.5,1120.5,2446.1,1015.4,2439.2,854.7,2328.6,782.0,2065.8
902.0,15.017,784.7,2039.5,869.0,1973.2,1030.5,1969.2,1106.0,1992.4,1188.2,1963.0,1317.5,1986.9,1395.9,2043.6,1358.9,2051.2,1192.9,2028.7,1109.9,2043.3,1036.3,2035.2,829.8,2037.2,829.8,2037.2,1047.2,2311.0,1130.2,2315.5,1221.0,2290.3,1358.9,2051.2,1395.9,2043.6,1337.9,2309.6,1224.7,2430.6,1129.3,2455.2,1036.1,2451.1,862.6,2330.5,784.7,2039.5
903.0,15.033,796.0,2012.5,871.8,1960.9,1031.4,1975.8,1107.8,1999.5,1194.0,1966.3,1315.3,1979.0,1385.7,2023.7,1349.9,2028.3,1197.1,2015.3,1110.4,2035.1,1037.1,2024.0,839.2,2002.7,839.2,2002.7,1057.3,2308.5,1142.0,2314.0,1237.3,2282.5,1349.9,2028.3,1385.7,2023.7,1341.9,2287.2,1237.5,2410.7,1138.8,2437.2,1043.9,2434.2,868.6,2313.7,796.0,2012.5
904.0,15.05,782.8,2011.8,868.6,1953.7,1027.9,1953.5,1105.8,1976.6,1188.8,1945.2,1316.1,1972.2,1400.8,2026.9,1357.7,2034.9,1195.9,2024.0,1111.9,2039.0,1035.6,2030.5,834.3,2008.1,834.3,2008.1,1048.7,2256.2,1133.7,2258.6,1225.2,2231.4,1357.7,2034.9,1400.8,2026.9,1341.0,2282.9,1233.8,2396.5,1137.6,2420.4,1042.3,2419.7,868.2,2310.1,782.8,2011.8
905.0,15.067,798.6,1990.4,878.2,1943.1,1039.7,1957.2,1114.1,1979.2,1197.1,1946.8,1322.0,1963.5,1400.4,2007.2,1361.6,2015.7,1202.1,2007.2,1118.5,2025.3,1046.6,2015.8,845.4,1984.4,845.4,1984.4,1062.6,2289.7,1145.4,2293.4,1238.1,2262.7,1361.6,2015.7,1400.4,2007.2,1348.4,2284.0,1242.3,2410.8,1145.6,2436.0,1052.6,2435.7,875.9,2311.8,798.6,1990.4
906.0,15.083,797.2,1991.9,879.8,1942.1,1041.4,1953.1,1116.1,1974.7,1198.7,1942.7,1324.8,1959.3,1406.8,2003.6,1366.8,2013.2,1204.6,2006.2,1121.1,2023.9,1048.9,2015.1,844.5,1986.7,844.5,1986.7,1064.6,2285.2,1147.2,2288.4,1239.2,2258.1,1366.8,2013.2,1406.8,2003.6,1351.2,2280.4,1244.0,2407.5,1147.9,2432.8,1055.2,2432.7,878.3,2310.2,797.2,1991.9
907.0,15.1,794.2,1993.4,879.8,1939.7,1045.5,1946.7,1119.0,1968.2,1199.0,1936.5,1328.8,1954.0,1413.9,2000.3,1374.3,2011.0,1205.4,2004.6,1124.5,2021.1,1053.3,2013.3,842.0,1989.7,842.0,1989.7,1067.9,2287.2,1149.2,2289.7,1238.8,2261.7,1374.3,2011.0,1413.9,2000.3,1355.8,2285.7,1245.5,2416.9,1151.4,2442.0,1059.5,2441.7,878.6,2315.7,794.2,1993.4
908.0,15.117,796.3,1978.4,879.6,1939.5,1046.9,1961.1,1122.0,1982.8,1204.6,1948.9,1334.1,1961.6,1418.1,1999.4,1378.7,2006.0,1210.2,2006.7,1127.0,2025.8,1054.9,2016.1,845.3,1969.8,845.3,1969.8,1076.5,2284.9,1160.3,2287.4,1252.8,2256.6,1378.7,2006.0,1418.1,1999.4,1367.8,2276.7,1259.7,2404.0,1163.1,2428.6,1068.7,2430.1,882.3,2305.9,796.3,1978.4
909.0,15.133,785.1,1982.2,875.9,1940.2,1043.2,1953.1,1122.9,1974.6,1209.5,1940.1,1342.1,1957.0,1432.1,1998.1,1389.7,2006.7,1216.8,2010.1,1129.3,2028.8,1052.2,2020.2,837.1,1976.3,837.1,1976.3,1071.2,2265.3,1158.9,2266.6,1254.9,2235.4,1389.7,2006.7,1432.1,1998.1,1375.2,2268.9,1265.3,2393.9,1164.8,2420.0,1067.1,2422.5,880.2,2306.6,785.1,1982.2
910.0,15.15,797.1,1976.4,888.7,1937.6,1057.8,1956.0,1130.9,1974.9,1211.8,1941.3,1343.3,1948.7,1431.4,1981.3,1392.2,1990.7,1217.7,1996.2,1136.1,2016.8,1066.2,2009.7,844.8,1969.4,844.8,1969.4,1089.5,2286.9,1170.9,2287.6,1261.3,2255.0,1392.2,1990.7,1431.4,1981.3,1378.3,2262.9,1268.8,2393.3,1174.6,2420.2,1083.2,2423.7,893.7,2303.3,797.1,1976.4
911.0,15.167,810.3,1980.0,901.2,1941.4,1067.6,1957.1,1138.9,1974.9,1216.7,1941.3,1346.2,1949.1,1433.8,1981.3,1393.9,1991.4,1222.6,1997.8,1144.1,2018.5,1076.4,2012.4,858.3,1972.3,858.3,1972.3,1098.8,2288.6,1177.9,2288.7,1265.2,2256.2,1393.9,1991.4,1433.8,1981.3,1381.4,2264.9,1273.9,2396.7,1182.6,2423.8,1093.8,2428.4,907.3,2309.2,810.3,1980.0
912.0,15.183,812.1,1981.1,903.2,1946.9,1070.4,1964.8,1142.3,1982.2,1218.9,1947.7,1351.0,1956.4,1442.4,1986.1,1401.1,1994.8,1227.1,2006.2,1149.7,2026.1,1081.5,2020.6,863.6,1970.8,863.6,1970.8,1108.1,2274.6,1188.0,2272.7,1274.4,2240.9,1401.1,1994.8,1442.4,1986.1,1393.7,2259.2,1288.2,2386.4,1197.6,2412.3,1107.5,2419.7,916.4,2307.0,812.1,1981.1
913.0,15.2,811.2,1984.9,898.7,1956.0,1066.9,1977.9,1139.7,1997.4,1215.8,1964.1,1345.1,1976.0,1436.9,2002.3,1394.4,2005.5,1223.3,2016.7,1146.8,2033.0,1078.3,2025.1,864.8,1966.1,864.8,1966.1,1113.9,2257.0,1194.8,2254.5,1280.3,2222.8,1394.4,2005.5,1436.9,2002.3,1396.2,2250.4,1295.1,2362.6,1205.6,2385.4,1114.7,2393.8,919.5,2299.3,811.2,1984.9
914.0,15.217,808.0,1983.3,894.7,1945.0,1068.9,1967.2,1141.3,1987.6,1218.7,1952.6,1349.9,1959.1,1440.8,1991.5,1399.9,1995.8,1225.6,2003.3,1147.6,2021.2,1080.3,2012.8,856.8,1966.5,856.8,1966.5,1119.4,2271.2,1199.7,2269.9,1286.7,2241.3,1399.9,1995.8,1440.8,1991.5,1401.5,2257.4,1298.6,2376.2,1207.3,2397.4,1117.0,2405.2,915.1,2301.6,808.0,1983.3
915.0,15.233,818.4,1980.1,899.7,1945.7,1070.0,1972.0,1137.4,1993.9,1208.6,1963.6,1340.8,1973.3,1434.2,2003.8,1395.1,2005.0,1214.5,2012.8,1143.1,2024.9,1080.7,2014.8,868.4,1961.8,868.4,1961.8,1123.6,2270.6,1199.7,2271.3,1280.3,2246.8,1395.1,2005.0,1434.2,2003.8,1397.4,2269.3,1294.6,2380.2,1209.6,2395.9,1123.8,2401.3,924.1,2299.0,818.4,1980.1
916.0,15.25,812.0,1982.0,894.4,1937.9,1064.9,1959.7,1135.9,1983.8,1212.0,1953.8,1344.2,1966.5,1434.8,2005.2,1396.9,2006.2,1218.2,2006.4,1141.9,2017.4,1075.3,2005.9,861.8,1964.3,861.8,1964.3,1115.5,2264.0,1195.5,2266.8,1280.7,2243.3,1396.9,2006.2,1434.8,2005.2,1399.1,2268.4,1295.8,2381.7,1205.9,2397.6,1116.0,2400.7,917.0,2296.9,812.0,1982.0
917.0,15.267,815.6,1982.2,896.8,1936.8,1062.3,1958.4,1129.9,1981.8,1203.5,1952.3,1331.9,1966.5,1423.6,2004.9,1387.5,2006.9,1209.9,2004.3,1136.2,2015.2,1072.9,2003.8,865.0,1965.8,865.0,1965.8,1117.0,2261.4,1193.6,2263.7,1275.5,2240.0,1387.5,2006.9,1423.6,2004.9,1389.2,2265.4,1290.4,2376.4,1204.6,2392.5,1117.7,2395.7,921.6,2294.2,815.6,1982.2
918.0,15.283,826.2,1987.6,907.2,1939.5,1066.2,1958.0,1130.3,1979.9,1200.6,1950.8,1324.7,1962.8,1414.2,2002.1,1378.8,2005.1,1205.9,2001.3,1135.3,2013.4,1075.4,2003.2,873.6,1972.6,873.6,1972.6,1118.9,2263.1,1191.7,2265.6,1269.9,2242.4,1378.8,2005.1,1414.2,2002.1,1379.4,2260.1,1283.1,2370.6,1201.2,2386.8,1118.6,2389.8,930.4,2288.4,826.2,1987.6
919.0,15.3,823.2,1989.1,906.2,1939.9,1062.0,1953.0,1130.5,1975.3,1206.0,1944.2,1327.2,1960.2,1411.5,2002.5,1376.6,2006.6,1211.0,1999.6,1135.0,2014.0,1070.1,2003.4,870.5,1977.8,870.5,1977.8,1107.9,2256.5,1184.9,2259.8,1267.9,2235.1,1376.6,2006.6,1411.5,2002.5,1376.3,2258.0,1281.9,2368.5,1194.7,2387.8,1108.3,2389.5,924.7,2286.9,823.2,1989.1
920.0,15.317,822.0,1985.5,908.2,1939.3,1061.8,1955.7,1126.2,1976.7,1195.1,1946.4,1314.7,1961.6,1401.9,2002.3,1366.3,2006.4,1199.2,2003.8,1129.7,2017.2,1068.8,2007.2,870.5,1973.4,870.5,1973.4,1106.2,2250.9,1179.2,2253.4,1255.7,2230.2,1366.3,2006.4,1401.9,2002.3,1364.3,2257.9,1269.5,2362.8,1189.0,2379.2,1107.0,2381.2,925.3,2281.3,822.0,1985.5
921.0,15.333,816.5,1983.1,904.2,1938.2,1059.2,1953.5,1123.3,1974.9,1191.5,1945.6,1313.0,1960.7,1402.0,1999.7,1366.2,2003.9,1195.4,2003.9,1126.6,2016.2,1065.8,2005.9,864.5,1972.7,864.5,1972.7,1103.0,2244.2,1175.5,2247.6,1251.1,2226.8,1366.2,2003.9,1402.0,1999.7,1362.5,2257.3,1266.2,2360.7,1186.3,2375.5,1104.6,2376.7,922.1,2275.0,816.5,1983.1
922.0,15.35,819.4,1979.7,905.3,1937.8,1058.9,1956.5,1120.0,1979.1,1185.2,1950.9,1305.4,1968.3,1395.9,2005.7,1360.9,2007.9,1189.1,2009.4,1123.5,2019.4,1065.5,2007.8,868.0,1968.0,868.0,1968.0,1106.1,2238.3,1176.1,2242.3,1248.4,2222.6,1360.9,2007.9,1395.9,2005.7,1358.5,2258.8,1264.3,2357.7,1188.0,2370.3,1108.6,2370.6,926.0,2271.4,819.4,1979.7
923.0,15.367,834.9,1984.2,920.5,1941.9,1066.0,1951.3,1128.9,1971.0,1198.3,1941.2,1314.2,1951.8,1396.9,1984.8,1362.8,1992.1,1201.1,1994.6,1130.7,2009.8,1071.4,2000.3,878.5,1977.0,878.5,1977.0,1104.2,2252.3,1174.5,2258.2,1250.8,2235.3,1362.8,1992.1,1396.9,1984.8,1357.6,2249.4,1265.5,2359.4,1184.8,2378.1,1106.5,2377.6,937.0,2273.9,834.9,1984.2
924.0,15.383,829.8,1980.2,919.2,1934.5,1073.2,1950.4,1129.8,1969.4,1189.3,1941.6,1314.4,1948.5,1402.2,1984.4,1369.4,1990.3,1191.5,1994.8,1131.1,2007.8,1077.9,1999.5,874.2,1971.8,874.2,1971.8,1111.2,2273.8,1176.6,2279.5,1244.0,2262.4,1369.4,1990.3,1402.2,1984.4,1361.4,2269.0,1259.3,2383.6,1187.0,2397.4,1112.7,2396.6,933.8,2279.6,829.8,1980.2
925.0,15.4,835.3,1983.7,916.6,1936.4,1064.5,1947.0,1126.2,1966.9,1192.3,1938.5,1315.8,1948.1,1399.2,1989.6,1365.1,1994.9,1193.8,1994.1,1126.9,2007.3,1068.6,1998.3,880.4,1975.6,880.4,1975.6,1099.1,2270.7,1169.5,2277.9,1243.9,2259.1,1365.1,1994.9,1399.2,1989.6,1359.6,2267.5,1259.2,2381.2,1179.6,2396.2,1101.4,2394.4,930.1,2279.3,835.3,1983.7
926.0,15.417,836.0,1987.3,916.8,1935.6,1064.4,1941.9,1127.2,1960.4,1194.4,1931.1,1318.4,1940.9,1401.6,1984.0,1366.7,1991.2,1197.6,1988.4,1129.3,2002.8,1070.0,1995.7,881.1,1979.6,881.1,1979.6,1096.7,2272.0,1167.6,2278.1,1243.4,2258.0,1366.7,1991.2,1401.6,1984.0,1359.8,2263.3,1259.0,2381.3,1177.9,2398.6,1099.3,2398.0,929.5,2283.5,836.0,1987.3
927.0,15.433,830.7,1984.2,913.8,1935.6,1062.0,1938.4,1123.2,1956.1,1188.4,1927.8,1312.9,1940.5,1399.1,1980.7,1362.9,1990.0,1192.4,1987.4,1126.1,2001.6,1068.0,1995.6,876.2,1979.1,876.2,1979.1,1089.8,2265.5,1158.6,2270.3,1232.4,2249.9,1362.9,1990.0,1399.1,1980.7,1349.2,2260.7,1247.1,2377.8,1168.0,2395.8,1091.4,2395.8,923.2,2281.0,830.7,1984.2
928.0,15.45,822.3,1977.3,911.8,1931.6,1065.0,1933.4,1119.3,1949.4,1175.7,1924.8,1309.7,1938.4,1410.3,1974.1,1372.8,1986.3,1180.6,1985.4,1123.5,1997.2,1071.5,1993.1,868.5,1976.5,868.5,1976.5,1088.6,2279.4,1150.8,2283.3,1215.9,2265.5,1372.8,1986.3,1410.3,1974.1,1342.7,2271.9,1229.4,2393.7,1158.9,2410.1,1088.7,2409.6,918.2,2285.4,822.3,1977.3
929.0,15.467,846.2,1996.7,932.9,1943.9,1074.1,1931.0,1126.5,1946.0,1182.7,1922.4,1307.2,1942.0,1403.3,1980.8,1364.5,1994.5,1188.3,1980.4,1130.8,1992.8,1081.3,1990.0,889.3,1997.9,889.3,1997.9,1090.3,2273.9,1148.0,2279.5,1212.7,2259.7,1364.5,1994.5,1403.3,1980.8,1331.3,2259.6,1225.6,2377.1,1155.9,2397.3,1091.2,2394.8,938.1,2280.4,846.2,1996.7
930.0,15.483,844.6,1992.1,936.8,1951.6,1072.3,1938.6,1127.9,1955.7,1189.1,1933.6,1310.3,1955.7,1412.8,1985.0,1373.3,1999.4,1194.1,1991.7,1131.2,2003.5,1077.9,1997.6,888.1,1997.0,888.1,1997.0,1079.3,2240.6,1138.6,2249.9,1207.0,2231.8,1373.3,1999.4,1412.8,1985.0,1327.2,2240.0,1221.1,2347.3,1147.3,2367.0,1081.8,2360.6,939.0,2252.7,844.6,1992.1
931.0,15.5,831.0,1985.0,931.2,1950.2,1069.8,1938.3,1127.0,1955.3,1190.2,1932.7,1312.4,1951.9,1420.7,1975.4,1380.8,1991.2,1195.9,1993.3,1130.7,2005.9,1075.5,1999.8,875.5,1991.7,875.5,1991.7,1076.7,2216.8,1137.4,2225.0,1207.3,2206.7,1380.8,1991.2,1420.7,1975.4,1329.1,2220.1,1221.4,2322.6,1146.1,2342.4,1079.3,2337.4,932.7,2235.9,831.0,1985.0
932.0,15.517,860.7,1999.6,952.3,1954.5,1082.9,1936.7,1132.7,1953.4,1187.5,1929.8,1301.0,1952.7,1400.6,1984.3,1360.2,1997.9,1193.1,1994.1,1136.4,2005.7,1089.0,2002.0,904.4,2002.5,904.4,2002.5,1092.9,2212.4,1145.7,2218.2,1207.5,2199.5,1360.2,1997.9,1400.6,1984.3,1318.5,2218.6,1220.6,2318.2,1153.6,2338.4,1094.6,2335.5,955.6,2240.4,860.7,1999.6
933.0,15.533,871.4,2001.1,955.0,1954.6,1077.3,1936.5,1131.0,1954.9,1190.5,1930.7,1300.6,1956.0,1395.5,1990.5,1354.6,2002.1,1195.6,1999.1,1134.1,2010.5,1082.7,2005.4,916.0,2001.8,916.0,2001.8,1085.3,2203.1,1141.7,2210.7,1208.1,2192.0,1354.6,2002.1,1395.5,1990.5,1316.0,2216.4,1220.5,2315.5,1148.8,2335.7,1086.4,2330.6,957.0,2234.5,871.4,2001.1
934.0,15.55,876.1,2001.8,957.6,1955.0,1076.7,1934.8,1132.1,1953.7,1193.9,1929.0,1301.5,1956.1,1394.3,1991.3,1352.7,2002.2,1198.8,2000.4,1134.9,2011.8,1081.8,2006.4,920.8,2002.1,920.8,2002.1,1084.2,2190.7,1142.1,2198.6,1210.7,2179.4,1352.7,2002.2,1394.3,1991.3,1316.0,2208.6,1223.1,2305.3,1149.2,2326.1,1085.4,2320.6,959.7,2227.4,876.1,2001.8
935.0,15.567,894.6,2010.9,966.7,1954.8,1077.9,1929.5,1129.9,1949.1,1186.6,1924.4,1288.3,1956.7,1376.2,2000.8,1333.6,2009.6,1192.0,2002.6,1132.9,2012.4,1083.4,2007.9,940.0,2008.0,940.0,2008.0,1086.5,2179.6,1140.3,2186.8,1203.9,2168.5,1333.6,2009.6,1376.2,2000.8,1302.9,2207.8,1216.3,2299.9,1147.4,2319.8,1087.5,2314.7,970.3,2226.2,894.6,2010.9
936.0,15.583,924.8,2029.8,978.4,1954.7,1076.1,1918.4,1132.1,1939.9,1192.2,1913.7,1284.8,1958.5,1356.2,2022.3,1311.5,2026.1,1197.2,2003.6,1134.4,2011.6,1081.2,2007.2,971.8,2021.5,971.8,2021.5,1083.6,2170.3,1141.1,2178.4,1208.9,2160.1,1311.5,2026.1,1356.2,2022.3,1298.6,2214.6,1222.6,2303.9,1149.0,2324.0,1085.6,2318.1,983.2,2233.4,924.8,2029.8
937.0,15.6,921.0,2027.5,978.8,1958.3,1077.9,1924.2,1133.8,1944.7,1194.4,1918.3,1288.2,1958.6,1361.6,2015.1,1317.9,2020.3,1199.7,2004.3,1136.5,2013.7,1083.3,2009.7,967.5,2020.1,967.5,2020.1,1086.4,2172.9,1143.6,2181.0,1211.6,2161.7,1317.9,2020.3,1361.6,2015.1,1303.3,2208.7,1226.6,2300.1,1152.8,2321.8,1089.8,2316.2,985.1,2231.4,921.0,2027.5
938.0,15.617,917.0,2027.0,973.2,1956.4,1073.7,1923.9,1127.9,1944.1,1186.8,1918.5,1281.6,1958.0,1354.9,2016.8,1311.7,2022.4,1191.9,2000.6,1130.6,2009.6,1079.3,2005.6,962.3,2019.9,962.3,2019.9,1083.0,2186.9,1138.9,2194.8,1205.6,2175.5,1311.7,2022.4,1354.9,2016.8,1296.6,2217.0,1218.2,2310.1,1146.1,2331.1,1084.3,2325.2,978.3,2237.1,917.0,2027.0
939.0,15.633,912.5,2021.1,969.2,1955.1,1069.7,1923.2,1124.9,1943.2,1185.2,1917.7,1279.9,1957.3,1354.5,2011.9,1311.4,2017.5,1190.4,1998.4,1127.7,2007.6,1075.3,2003.0,958.0,2014.3,958.0,2014.3,1078.1,2182.2,1134.9,2190.6,1202.8,2171.2,1311.4,2017.5,1354.5,2011.9,1294.8,2211.7,1216.6,2304.1,1143.1,2325.1,1080.5,2319.4,974.8,2231.5,912.5,2021.1
940.0,15.65,914.4,2020.3,970.8,1953.2,1069.3,1920.8,1124.0,1941.8,1185.1,1915.7,1276.8,1956.5,1348.9,2012.5,1305.8,2017.1,1189.8,1996.8,1126.2,2006.0,1074.4,2001.1,958.7,2013.0,958.7,2013.0,1077.4,2172.5,1133.6,2180.7,1202.2,2160.6,1305.8,2017.1,1348.9,2012.5,1289.2,2202.6,1212.7,2292.3,1139.1,2313.8,1077.1,2307.4,974.3,2221.7,914.4,2020.3
941.0,15.667,917.3,2025.1,971.5,1953.9,1069.6,1920.4,1123.3,1941.1,1181.6,1915.5,1274.3,1956.7,1347.9,2015.9,1304.1,2020.6,1187.4,1998.9,1126.5,2007.5,1075.8,2003.5,962.6,2017.1,962.6,2017.1,1080.0,2175.5,1134.9,2183.3,1200.8,2163.9,1304.1,2020.6,1347.9,2015.9,1289.3,2208.9,1213.0,2299.0,1142.0,2319.9,1081.0,2314.2,977.5,2228.9,917.3,2025.1
942.0,15.683,912.4,2026.1,969.1,1950.5,1068.2,1915.3,1122.8,1935.6,1181.6,1909.8,1275.7,1951.1,1349.0,2013.8,1304.8,2018.4,1187.5,1995.8,1126.2,2004.7,1074.4,2001.4,958.7,2018.2,958.7,2018.2,1079.2,2169.3,1135.3,2176.2,1201.6,2157.0,1304.8,2018.4,1349.0,2013.8,1291.4,2204.4,1214.6,2294.1,1142.9,2315.2,1080.8,2310.2,975.5,2227.2,912.4,2026.1
943.0,15.7,917.0,2019.0,972.4,1952.8,1071.0,1920.4,1124.3,1940.6,1183.5,1914.9,1275.8,1955.1,1349.3,2009.4,1306.4,2014.5,1188.8,1994.1,1127.0,2003.1,1076.9,1998.8,961.3,2011.8,961.3,2011.8,1080.2,2176.9,1134.7,2185.2,1201.6,2165.3,1306.4,2014.5,1349.3,2009.4,1290.1,2204.0,1213.7,2295.6,1141.6,2317.1,1081.3,2311.1,977.8,2224.3,917.0,2019.0
944.0,15.717,912.8,2023.6,969.0,1947.9,1066.6,1912.6,1122.2,1933.3,1182.2,1907.4,1275.7,1949.2,1349.0,2012.1,1304.7,2016.2,1187.9,1994.7,1125.2,2003.6,1072.4,2000.0,959.3,2015.5,959.3,2015.5,1076.1,2161.1,1133.0,2168.5,1200.4,2149.3,1304.7,2016.2,1349.0,2012.1,1290.1,2198.7,1213.1,2286.8,1140.4,2307.9,1077.5,2302.3,974.3,2220.0,912.8,2023.6
945.0,15.733,918.4,2017.7,975.6,1949.2,1073.7,1915.4,1127.8,1935.3,1186.3,1910.0,1278.4,1951.0,1352.9,2006.7,1309.4,2011.3,1191.8,1993.1,1130.6,2001.7,1079.4,1997.8,964.6,2010.0,964.6,2010.0,1081.4,2162.7,1136.5,2170.7,1202.5,2151.9,1309.4,2011.3,1352.9,2006.7,1292.9,2196.8,1216.7,2285.1,1145.2,2305.7,1084.3,2300.6,981.4,2217.7,918.4,2017.7
946.0,15.75,920.8,2022.0,976.5,1948.2,1073.8,1913.5,1127.2,1934.1,1184.6,1908.9,1276.8,1950.7,1350.3,2011.5,1306.7,2015.9,1190.2,1994.7,1130.1,2002.9,1079.5,1999.3,966.9,2013.8,966.9,2013.8,1082.4,2161.9,1136.8,2169.5,1201.6,2151.0,1306.7,2015.9,1350.3,2011.5,1290.8,2199.3,1214.3,2286.6,1144.2,2306.9,1083.8,2301.1,981.7,2218.4,920.8,2022.0
947.0,15.767,924.7,2021.8,981.6,1950.1,1078.7,1915.3,1130.9,1935.4,1187.5,1909.7,1278.8,1950.9,1352.8,2009.0,1309.0,2013.7,1193.3,1993.3,1134.0,2002.1,1084.9,1998.8,970.3,2013.7,970.3,2013.7,1088.5,2162.7,1141.6,2169.9,1205.5,2150.8,1309.0,2013.7,1352.8,2009.0,1293.6,2196.5,1218.7,2284.8,1149.4,2306.0,1090.4,2301.0,987.9,2219.3,924.7,2021.8
948.0,15.783,928.2,2023.2,980.0,1949.8,1074.6,1915.1,1127.7,1935.8,1185.6,1910.3,1275.2,1953.0,1345.4,2014.0,1302.0,2017.9,1191.0,1994.0,1130.5,2002.4,1080.4,1998.5,973.3,2014.5,973.3,2014.5,1083.9,2166.8,1138.2,2174.7,1203.5,2155.6,1302.0,2017.9,1345.4,2014.0,1289.1,2201.5,1215.3,2289.6,1144.8,2310.3,1084.7,2304.2,985.2,2220.7,928.2,2023.2
949.0,15.8,925.2,2022.4,976.9,1945.4,1071.8,1909.4,1126.1,1930.2,1184.3,1904.6,1274.8,1948.5,1345.6,2012.9,1301.4,2016.4,1189.8,1991.7,1129.0,1999.8,1077.6,1996.1,971.4,2013.3,971.4,2013.3,1081.2,2160.5,1136.8,2168.1,1202.4,2149.6,1301.4,2016.4,1345.6,2012.9,1289.5,2199.8,1215.5,2287.3,1144.4,2307.6,1082.9,2302.0,982.8,2219.4,925.2,2022.4
950.0,15.817,932.6,2022.0,984.1,1950.7,1077.9,1913.9,1131.7,1934.3,1190.1,1908.4,1279.4,1952.5,1350.1,2011.2,1306.0,2014.9,1195.8,1993.9,1134.6,2002.2,1083.8,1998.3,979.1,2013.0,979.1,2013.0,1086.2,2159.6,1141.1,2167.8,1207.1,2149.1,1306.0,2014.9,1350.1,2011.2,1294.4,2197.6,1222.2,2285.1,1150.5,2305.8,1089.9,2300.7,991.4,2218.9,932.6,2022.0
951.0,15.833,929.3,2024.5,981.7,1953.1,1076.1,1917.0,1130.9,1937.3,1190.6,1911.5,1280.6,1954.9,1351.6,2013.4,1307.9,2017.3,1196.2,1995.6,1133.7,2004.1,1082.0,2000.2,975.3,2015.7,975.3,2015.7,1084.4,2163.5,1140.1,2171.6,1207.5,2152.6,1307.9,2017.3,1351.6,2013.4,1295.1,2198.5,1221.4,2285.9,1148.5,2306.8,1087.1,2301.4,988.0,2219.4,929.3,2024.5
952.0,15.85,933.0,2024.9,982.2,1951.3,1074.9,1915.9,1128.0,1937.3,1186.3,1911.8,1274.7,1956.2,1342.6,2018.5,1299.6,2021.6,1191.0,1995.4,1130.1,2003.2,1079.9,1998.7,977.7,2015.9,977.7,2015.9,1082.6,2166.9,1137.0,2175.6,1203.0,2157.1,1299.6,2021.6,1342.6,2018.5,1287.4,2204.0,1214.4,2290.4,1143.2,2310.3,1083.0,2303.4,986.5,2219.4,933.0,2024.9
953.0,15.867,929.8,2024.3,981.6,1952.4,1075.2,1915.5,1127.8,1936.0,1184.3,1910.4,1273.7,1954.5,1346.1,2014.1,1301.5,2017.6,1190.1,1997.2,1130.9,2005.1,1081.2,2001.4,976.3,2015.1,976.3,2015.1,1084.3,2156.5,1137.8,2164.1,1201.7,2145.9,1301.5,2017.6,1346.1,2014.1,1288.7,2197.3,1216.1,2282.4,1146.6,2302.5,1087.3,2297.5,988.9,2217.6,929.8,2024.3
954.0,15.883,925.5,2028.0,977.9,1951.2,1072.3,1911.3,1127.6,1932.1,1186.6,1905.7,1276.9,1951.6,1347.9,2015.6,1302.8,2018.9,1192.5,1997.9,1130.7,2006.0,1078.1,2002.7,973.2,2018.7,973.2,2018.7,1081.0,2151.2,1137.3,2158.6,1203.8,2140.4,1302.8,2018.9,1347.9,2015.6,1291.8,2197.3,1218.6,2282.8,1146.4,2303.2,1084.1,2298.4,984.9,2219.3,925.5,2028.0
955.0,15.9,938.6,2025.8,984.3,1950.0,1074.3,1911.5,1131.1,1933.1,1194.1,1906.3,1280.4,1954.4,1343.9,2019.0,1299.9,2021.5,1198.7,1994.0,1133.1,2002.1,1079.3,1997.3,984.8,2016.3,984.8,2016.3,1081.3,2159.8,1139.5,2168.8,1210.4,2149.5,1299.9,2021.5,1343.9,2019.0,1293.7,2201.4,1224.2,2288.7,1147.7,2310.0,1083.8,2303.5,989.9,2220.4,938.6,2025.8
956.0,15.917,934.5,2021.1,983.6,1950.1,1076.9,1914.6,1130.8,1935.6,1190.6,1909.5,1279.4,1953.7,1348.1,2013.1,1304.6,2016.8,1195.7,1992.9,1133.2,2001.2,1082.5,1996.8,979.6,2012.4,979.6,2012.4,1085.4,2167.0,1140.4,2175.7,1208.1,2156.3,1304.6,2016.8,1348.1,2013.1,1293.4,2201.1,1221.1,2290.1,1148.0,2311.3,1087.3,2304.9,989.8,2220.1,934.5,2021.1
957.0,15.933,929.0,2024.3,979.5,1954.9,1074.4,1919.1,1127.6,1939.7,1186.4,1914.1,1276.0,1958.0,1347.7,2015.7,1304.1,2019.7,1192.0,1997.1,1130.5,2005.2,1080.3,2000.9,974.2,2015.7,974.2,2015.7,1082.7,2168.0,1136.9,2176.5,1203.4,2157.6,1304.1,2019.7,1347.7,2015.7,1290.0,2202.6,1216.2,2290.0,1144.5,2310.4,1084.3,2304.5,985.6,2221.0,929.0,2024.3
958.0,15.95,931.3,2026.4,981.0,1955.1,1074.1,1916.7,1126.1,1938.0,1182.6,1912.4,1270.6,1959.2,1341.7,2019.7,1297.2,2022.8,1187.9,2000.1,1128.7,2007.4,1079.4,2003.1,977.6,2017.2,977.6,2017.2,1081.4,2156.5,1134.3,2164.5,1198.3,2146.7,1297.2,2022.8,1341.7,2019.7,1283.6,2201.5,1211.6,2285.4,1142.0,2305.0,1083.2,2299.4,986.8,2218.7,931.3,2026.4
959.0,15.967,933.2,2028.4,983.3,1954.2,1075.3,1912.9,1127.2,1934.5,1182.9,1908.1,1269.4,1957.2,1340.1,2020.4,1294.4,2022.9,1188.4,2002.5,1129.8,2009.6,1080.5,2005.8,980.7,2018.7,980.7,2018.7,1082.7,2140.3,1135.3,2147.5,1198.2,2130.3,1294.4,2022.9,1340.1,2020.4,1282.3,2195.1,1212.3,2275.9,1143.5,2295.3,1084.9,2290.6,989.6,2214.3,933.2,2028.4
960.0,15.983,935.6,2030.2,985.6,1952.8,1076.2,1909.2,1129.0,1931.3,1185.2,1904.5,1271.6,1955.7,1341.2,2022.1,1294.7,2023.7,1190.7,2004.7,1131.6,2011.4,1081.2,2007.8,984.5,2020.0,984.5,2020.0,1083.4,2128.5,1136.8,2135.4,1200.1,2118.7,1294.7,2023.7,1341.2,2022.1,1284.3,2191.3,1214.9,2269.9,1145.6,2289.0,1085.9,2284.5,992.1,2210.8,935.6,2030.2
961.0,16.0,941.1,2027.2,990.2,1951.6,1078.7,1908.8,1132.0,1931.2,1188.8,1904.2,1273.2,1955.0,1341.4,2019.5,1295.0,2020.6,1194.2,2004.2,1134.4,2011.3,1083.5,2007.4,989.8,2016.3,989.8,2016.3,1085.6,2119.3,1139.1,2126.5,1202.8,2109.6,1295.0,2020.6,1341.4,2019.5,1285.4,2183.7,1217.9,2261.0,1148.1,2280.6,1088.5,2275.9,997.1,2203.3,941.1,2027.2
962.0,16.017,934.5,2030.5,987.3,1958.3,1075.6,1914.4,1130.0,1936.4,1188.6,1908.2,1270.6,1958.4,1341.9,2019.2,1294.1,2020.7,1194.6,2007.2,1132.9,2015.2,1081.3,2011.6,982.9,2019.9,982.9,2019.9,1084.8,2105.4,1139.0,2110.9,1203.8,2093.3,1294.1,2020.7,1341.9,2019.2,1283.4,2170.3,1219.0,2243.0,1148.1,2263.5,1088.0,2260.8,995.8,2196.6,934.5,2030.5
963.0,16.033,934.3,2029.8,988.7,1959.8,1075.6,1918.6,1129.7,1939.8,1187.4,1912.2,1270.3,1958.8,1343.2,2016.2,1295.7,2018.1,1193.7,2008.7,1132.9,2017.4,1081.5,2014.1,983.1,2019.6,983.1,2019.6,1085.4,2104.2,1139.2,2109.7,1203.1,2092.2,1295.7,2018.1,1343.2,2016.2,1284.1,2166.4,1219.0,2238.8,1149.2,2259.3,1089.7,2256.6,998.3,2193.2,934.3,2029.8
964.0,16.05,934.8,2029.2,982.5,1949.2,1070.5,1905.2,1127.4,1928.6,1188.8,1901.1,1272.9,1954.7,1338.6,2024.0,1292.1,2024.3,1193.6,2003.2,1129.3,2010.2,1074.6,2005.6,983.3,2018.2,983.3,2018.2,1076.2,2119.1,1133.6,2126.6,1201.9,2109.4,1292.1,2024.3,1338.6,2024.0,1283.2,2185.0,1214.9,2261.9,1140.7,2281.6,1077.1,2275.7,986.8,2202.1,934.8,2029.2
965.0,16.067,938.0,2029.6,987.6,1952.9,1075.5,1907.9,1129.1,1931.0,1186.0,1903.4,1268.6,1956.8,1336.6,2023.3,1289.2,2023.9,1191.0,2006.6,1131.2,2013.6,1080.1,2009.5,987.1,2018.7,987.1,2018.7,1082.4,2109.1,1136.0,2115.5,1199.5,2099.0,1289.2,2023.9,1336.6,2023.3,1279.7,2180.9,1214.1,2254.8,1144.4,2274.1,1084.7,2269.8,994.1,2200.9,938.0,2029.6
966.0,16.083,934.4,2027.4,984.8,1950.6,1074.2,1906.2,1127.9,1928.7,1184.5,1901.1,1270.1,1952.8,1340.0,2018.8,1292.6,2020.1,1190.0,2004.3,1130.5,2011.6,1079.2,2008.0,983.8,2016.9,983.8,2016.9,1082.1,2114.5,1136.1,2121.0,1199.5,2104.3,1292.6,2020.1,1340.0,2018.8,1282.9,2183.0,1215.2,2260.1,1145.5,2279.8,1085.5,2275.8,992.4,2204.7,934.4,2027.4
967.0,16.1,929.6,2032.4,978.7,1953.6,1065.1,1905.8,1122.5,1929.9,1183.1,1901.4,1266.6,1956.9,1335.6,2025.8,1286.6,2025.4,1188.5,2012.1,1124.9,2018.7,1069.7,2014.5,980.3,2020.9,980.3,2020.9,1072.6,2090.7,1129.9,2097.0,1196.9,2081.1,1286.6,2025.4,1335.6,2025.8,1278.0,2172.8,1212.7,2243.4,1139.2,2262.6,1075.9,2258.7,986.4,2194.2,929.6,2032.4
968.0,16.117,927.5,2031.4,981.5,1958.4,1068.5,1916.1,1123.1,1937.4,1180.8,1909.5,1263.9,1957.3,1335.8,2017.8,1288.1,2019.3,1186.9,2008.9,1126.4,2017.4,1074.4,2014.3,976.9,2020.9,976.9,2020.9,1078.5,2102.5,1132.9,2107.5,1196.7,2090.1,1288.1,2019.3,1335.8,2017.8,1277.8,2168.3,1213.0,2240.8,1143.1,2261.2,1083.0,2258.8,991.1,2196.1,927.5,2031.4
969.0,16.133,930.4,2030.2,979.4,1954.4,1066.5,1907.2,1120.7,1931.0,1178.2,1903.1,1260.4,1958.2,1329.9,2024.4,1281.5,2024.6,1183.5,2010.7,1123.0,2017.0,1071.0,2012.8,979.9,2019.1,979.9,2019.1,1073.6,2096.3,1127.7,2102.5,1191.6,2086.8,1281.5,2024.6,1329.9,2024.4,1271.4,2175.3,1206.7,2246.4,1136.4,2265.3,1076.2,2261.4,986.4,2195.4,930.4,2030.2
970.0,16.15,929.1,2026.9,979.4,1955.5,1067.6,1911.1,1121.8,1934.0,1180.0,1905.8,1263.6,1957.5,1334.2,2018.9,1286.5,2020.4,1185.4,2008.6,1124.3,2016.1,1072.7,2011.8,978.3,2016.8,978.3,2016.8,1076.4,2106.2,1130.6,2112.6,1195.3,2095.9,1286.5,2020.4,1334.2,2018.9,1276.5,2176.8,1211.6,2252.3,1140.5,2272.6,1080.3,2269.0,988.2,2200.5,929.1,2026.9
971.0,16.167,929.8,2032.8,980.7,1956.6,1070.9,1913.5,1123.5,1935.0,1178.9,1907.6,1264.7,1957.1,1334.8,2021.1,1288.3,2023.4,1184.9,2006.8,1126.6,2014.5,1076.6,2011.5,978.5,2022.6,978.5,2022.6,1079.9,2129.3,1132.8,2135.5,1195.1,2118.3,1288.3,2023.4,1334.8,2021.1,1278.9,2190.3,1211.0,2269.6,1142.7,2289.7,1083.6,2286.0,988.9,2213.9,929.8,2032.8
972.0,16.183,934.4,2029.8,981.4,1953.4,1068.5,1909.5,1123.3,1932.6,1182.0,1904.9,1265.2,1958.1,1331.5,2024.6,1284.6,2025.1,1186.9,2006.4,1125.3,2013.5,1073.0,2009.1,982.9,2018.8,982.9,2018.8,1075.2,2119.1,1130.4,2126.3,1195.9,2109.3,1284.6,2025.1,1331.5,2024.6,1276.7,2186.5,1210.7,2263.0,1139.0,2282.8,1077.8,2277.7,987.9,2205.5,934.4,2029.8
973.0,16.2,928.6,2029.8,979.8,1957.6,1066.5,1912.6,1122.0,1936.0,1181.3,1907.4,1263.1,1960.7,1333.4,2023.7,1285.1,2023.9,1186.2,2011.7,1123.9,2019.2,1070.9,2014.6,978.0,2019.0,978.0,2019.0,1073.8,2093.7,1129.1,2099.9,1194.4,2083.6,1285.1,2023.9,1333.4,2023.7,1274.2,2170.6,1209.8,2239.9,1138.0,2259.5,1077.0,2255.7,987.4,2191.9,928.6,2029.8
974.0,16.217,922.0,2033.5,981.4,1964.9,1071.5,1921.7,1126.0,1942.9,1183.4,1914.6,1267.9,1961.6,1344.1,2018.2,1295.4,2020.9,1190.0,2015.4,1129.7,2024.3,1077.7,2021.4,971.9,2024.2,971.9,2024.2,1082.0,2093.6,1136.1,2097.6,1199.2,2080.3,1295.4,2020.9,1344.1,2018.2,1281.7,2163.9,1215.9,2233.4,1146.6,2253.7,1086.8,2252.6,991.7,2194.2,922.0,2033.5
975.0,16.233,927.9,2026.9,983.1,1961.4,1072.3,1921.3,1126.1,1942.4,1184.5,1915.8,1268.9,1962.2,1343.5,2016.1,1296.6,2018.5,1190.1,2006.8,1129.0,2014.7,1078.0,2010.7,975.5,2017.7,975.5,2017.7,1081.3,2114.8,1135.0,2120.9,1199.8,2103.4,1296.6,2018.5,1343.5,2016.1,1282.1,2170.6,1215.0,2244.2,1144.2,2264.2,1085.3,2261.1,991.8,2194.9,927.9,2026.9
976.0,16.25,931.6,2031.0,983.2,1955.0,1072.3,1913.7,1128.6,1935.5,1188.8,1908.4,1274.6,1957.3,1344.7,2021.9,1298.1,2022.6,1194.3,2004.0,1131.1,2012.0,1077.5,2008.1,979.8,2020.1,979.8,2020.1,1080.2,2123.8,1136.7,2130.5,1203.6,2112.9,1298.1,2022.6,1344.7,2021.9,1286.9,2180.4,1217.2,2256.0,1144.4,2275.8,1082.3,2271.2,989.6,2201.0,931.6,2031.0
977.0,16.267,933.1,2028.3,988.8,1960.2,1077.1,1917.4,1133.1,1939.0,1193.4,1910.8,1275.8,1959.3,1348.4,2016.3,1300.5,2018.3,1199.0,2007.5,1135.8,2016.0,1082.6,2012.2,981.8,2018.7,981.8,2018.7,1086.3,2097.8,1141.9,2102.9,1208.2,2085.4,1300.5,2018.3,1348.4,2016.3,1288.6,2162.7,1224.2,2233.4,1151.7,2254.0,1090.8,2251.8,998.3,2190.4,933.1,2028.3
978.0,16.283,932.1,2033.2,984.6,1955.9,1072.3,1908.3,1129.1,1931.1,1188.9,1902.9,1272.8,1956.8,1343.6,2023.5,1294.6,2023.9,1194.6,2010.0,1131.9,2017.1,1077.5,2013.6,982.6,2022.5,982.6,2022.5,1080.8,2090.8,1137.4,2096.0,1203.3,2079.8,1294.6,2023.9,1343.6,2023.5,1285.0,2169.2,1219.5,2238.6,1147.2,2258.0,1084.8,2255.2,993.3,2193.7,932.1,2033.2
979.0,16.3,932.1,2028.8,989.6,1961.4,1079.1,1921.2,1132.5,1941.3,1189.7,1914.1,1273.8,1958.0,1349.2,2012.0,1302.5,2014.7,1196.3,2004.6,1136.1,2013.6,1085.7,2010.7,980.2,2018.9,980.2,2018.9,1089.6,2111.7,1142.6,2116.7,1206.0,2098.5,1302.5,2014.7,1349.2,2012.0,1288.4,2163.9,1221.8,2237.5,1152.6,2258.3,1094.2,2256.6,999.6,2193.5,932.1,2028.8
980.0,16.317,936.9,2029.6,984.9,1951.2,1073.3,1908.4,1129.8,1931.2,1191.0,1904.2,1275.1,1956.2,1341.0,2023.4,1295.7,2023.7,1195.9,2001.0,1131.7,2008.1,1077.7,2003.7,984.4,2018.3,984.4,2018.3,1079.0,2127.0,1135.9,2134.6,1204.3,2117.0,1295.7,2023.7,1341.0,2023.4,1285.8,2184.4,1216.7,2261.9,1142.5,2281.6,1079.7,2275.7,988.9,2201.5,936.9,2029.6
981.0,16.333,939.9,2035.5,986.2,1951.0,1071.4,1902.9,1127.0,1926.3,1185.2,1898.5,1268.2,1954.4,1334.3,2028.3,1286.3,2027.1,1190.7,2005.5,1129.5,2011.8,1076.2,2008.4,989.8,2022.6,989.8,2022.6,1079.1,2104.4,1134.7,2110.6,1199.6,2094.3,1286.3,2027.1,1334.3,2028.3,1279.9,2178.7,1214.2,2251.1,1143.2,2270.3,1081.5,2265.7,993.4,2198.8,939.9,2035.5
982.0,16.35,936.3,2033.4,985.1,1951.4,1071.5,1903.5,1126.6,1926.7,1184.2,1898.6,1267.6,1953.6,1335.5,2025.5,1287.3,2024.9,1189.5,2006.4,1129.0,2013.1,1076.1,2009.7,986.5,2021.4,986.5,2021.4,1079.2,2097.9,1134.3,2103.7,1198.3,2087.6,1287.3,2024.9,1335.5,2025.5,1279.4,2175.3,1213.6,2246.3,1143.2,2265.5,1082.2,2261.6,992.5,2196.9,936.3,2033.4
983.0,16.367,935.9,2034.6,985.0,1952.5,1071.6,1905.2,1127.7,1927.7,1186.4,1899.4,1270.2,1952.7,1337.4,2023.5,1289.3,2023.6,1192.1,2005.4,1130.5,2012.8,1076.9,2009.8,986.1,2022.9,986.1,2022.9,1080.7,2104.2,1136.9,2109.7,1202.2,2092.8,1289.3,2023.6,1337.4,2023.5,1283.6,2176.5,1218.4,2250.4,1146.8,2270.5,1084.7,2267.3,993.8,2202.0,935.9,2034.6
984.0,16.383,931.3,2034.1,984.8,1955.9,1071.9,1911.6,1127.2,1933.3,1185.0,1905.7,1269.0,1955.7,1339.2,2022.0,1291.8,2022.4,1190.6,2007.2,1130.0,2014.9,1077.0,2012.0,981.1,2022.9,981.1,2022.9,1080.5,2102.0,1135.7,2107.3,1199.8,2090.5,1291.8,2022.4,1339.2,2022.0,1282.1,2170.4,1215.6,2241.3,1145.4,2260.9,1084.5,2257.8,993.1,2195.3,931.3,2034.1
985.0,16.4,930.9,2033.7,987.1,1958.5,1076.2,1914.5,1129.8,1935.9,1186.1,1907.7,1269.6,1956.3,1341.9,2019.0,1294.5,2020.6,1192.2,2008.6,1132.9,2017.1,1081.7,2014.5,980.3,2023.1,980.3,2023.1,1085.3,2102.0,1138.6,2106.6,1201.0,2089.4,1294.5,2020.6,1341.9,2019.0,1282.8,2168.9,1216.5,2240.5,1148.2,2260.7,1089.0,2258.4,995.6,2196.6,930.9,2033.7
986.0,16.417,925.5,2037.0,982.9,1959.8,1072.8,1915.0,1127.9,1936.3,1185.2,1908.2,1270.4,1956.9,1344.1,2020.8,1296.2,2022.4,1191.5,2010.5,1131.2,2018.6,1078.6,2016.4,975.4,2026.2,975.4,2026.2,1082.2,2101.8,1136.9,2106.1,1200.3,2089.1,1296.2,2022.4,1344.1,2020.8,1283.8,2169.1,1216.0,2240.6,1146.6,2260.6,1086.1,2258.5,991.7,2197.4,925.5,2037.0
987.0,16.433,923.3,2033.8,982.5,1960.3,1072.4,1918.7,1128.4,1939.1,1187.4,1911.5,1272.9,1957.0,1347.3,2016.6,1300.1,2019.0,1193.7,2008.5,1131.8,2017.3,1078.3,2014.9,972.6,2024.1,972.6,2024.1,1082.1,2104.7,1137.9,2109.1,1203.0,2091.4,1300.1,2019.0,1347.3,2016.6,1286.9,2165.5,1218.8,2237.7,1147.9,2258.2,1086.5,2256.1,991.4,2195.2,923.3,2033.8
988.0,16.45,927.2,2032.8,980.6,1955.8,1070.1,1913.1,1127.6,1935.1,1188.9,1907.9,1275.3,1957.1,1345.7,2022.0,1299.0,2023.1,1194.5,2006.4,1130.2,2014.2,1075.1,2010.6,976.0,2022.2,976.0,2022.2,1077.7,2116.4,1135.4,2122.9,1203.3,2105.5,1299.0,2023.1,1345.7,2022.0,1287.5,2177.3,1217.6,2252.3,1143.8,2272.3,1080.3,2267.9,987.0,2199.5,927.2,2032.8
989.0,16.467,925.9,2035.6,982.3,1961.6,1070.5,1920.5,1128.1,1941.5,1189.9,1913.5,1273.7,1959.1,1346.0,2019.7,1299.0,2020.8,1195.9,2006.7,1131.1,2015.7,1076.3,2012.6,974.2,2024.5,974.2,2024.5,1080.4,2111.2,1137.8,2116.1,1205.8,2097.4,1299.0,2020.8,1346.0,2019.7,1287.1,2164.4,1220.0,2237.4,1146.3,2258.6,1083.7,2256.0,990.8,2194.1,925.9,2035.6
990.0,16.483,919.4,2036.1,977.7,1962.2,1068.6,1920.5,1126.7,1941.7,1188.5,1914.0,1275.4,1960.4,1348.7,2021.4,1301.7,2023.7,1194.5,2011.2,1129.9,2020.2,1074.2,2017.1,968.4,2026.5,968.4,2026.5,1077.7,2111.6,1135.9,2116.8,1203.7,2098.9,1301.7,2023.7,1348.7,2021.4,1288.5,2171.9,1218.8,2245.3,1145.1,2266.1,1081.4,2263.2,985.6,2199.6,919.4,2036.1
991.0,16.5,915.0,2038.3,975.3,1964.4,1065.4,1923.0,1124.5,1943.8,1186.9,1915.4,1272.6,1961.0,1347.3,2021.1,1299.6,2023.2,1193.3,2013.7,1128.1,2023.4,1071.3,2020.6,964.8,2028.5,964.8,2028.5,1075.2,2101.3,1134.1,2105.4,1202.1,2087.2,1299.6,2023.2,1347.3,2021.1,1286.2,2164.8,1218.0,2235.3,1144.1,2256.2,1079.6,2254.4,984.0,2195.8,915.0,2038.3
992.0,16.517,903.5,2043.4,967.6,1966.3,1060.9,1925.9,1120.3,1946.7,1182.5,1918.4,1271.6,1962.8,1350.0,2025.1,1302.1,2027.3,1189.5,2017.3,1124.5,2027.0,1067.3,2024.6,953.4,2034.0,953.4,2034.0,1072.2,2102.2,1131.6,2105.7,1199.2,2088.4,1302.1,2027.3,1350.0,2025.1,1286.3,2167.1,1214.5,2235.9,1141.0,2256.0,1075.9,2254.3,976.2,2197.1,903.5,2043.4
993.0,16.533,881.3,2026.4,956.6,1961.3,1060.1,1928.0,1116.9,1948.6,1176.6,1922.6,1272.5,1962.4,1361.8,2014.4,1315.9,2019.1,1183.2,2015.3,1120.7,2024.5,1065.5,2020.8,930.1,2021.1,930.1,2021.1,1067.8,2110.1,1125.1,2114.8,1189.9,2099.4,1315.9,2019.1,1361.8,2014.4,1285.1,2170.7,1203.0,2239.7,1132.5,2257.1,1069.3,2254.0,960.6,2189.9,881.3,2026.4
994.0,16.55,848.5,2003.4,937.2,1952.5,1055.4,1923.8,1111.1,1944.5,1170.8,1920.0,1276.7,1955.0,1377.1,1996.1,1332.4,2005.1,1176.9,2008.1,1114.9,2017.2,1060.1,2012.3,896.0,2004.0,896.0,2004.0,1062.0,2118.4,1119.6,2122.7,1184.7,2107.7,1332.4,2005.1,1377.1,1996.1,1287.9,2172.7,1195.7,2246.0,1125.1,2262.6,1061.4,2259.3,937.4,2187.5,848.5,2003.4
995.0,16.567,814.8,1979.6,924.1,1952.1,1056.7,1936.7,1111.3,1956.1,1171.1,1932.2,1289.8,1953.6,1410.4,1972.6,1367.2,1987.0,1177.3,2007.3,1115.3,2019.7,1061.4,2013.6,861.1,1986.5,861.1,1986.5,1063.7,2131.5,1120.7,2136.3,1185.3,2121.4,1367.2,1987.0,1410.4,1972.6,1302.3,2168.8,1195.4,2247.7,1125.6,2264.5,1062.4,2261.0,922.7,2181.9,814.8,1979.6
996.0,16.583,792.2,1976.6,914.0,1957.9,1051.0,1948.3,1109.6,1968.1,1173.7,1944.1,1298.2,1960.7,1431.3,1970.3,1387.1,1986.5,1180.3,2017.3,1113.7,2031.4,1055.6,2024.2,839.0,1986.4,839.0,1986.4,1057.0,2117.1,1117.6,2122.5,1185.4,2109.1,1387.1,1986.5,1431.3,1970.3,1310.5,2160.7,1195.7,2235.8,1122.6,2251.7,1055.8,2247.6,911.5,2171.7,792.2,1976.6
997.0,16.6,782.0,1994.8,907.8,1965.5,1045.3,1946.4,1104.5,1966.4,1165.7,1941.6,1293.5,1964.5,1430.6,1984.5,1383.1,2000.9,1173.0,2032.5,1109.0,2046.1,1049.7,2040.6,832.4,2005.1,832.4,2005.1,1049.7,2091.9,1110.6,2095.7,1175.0,2085.6,1383.1,2000.9,1430.6,1984.5,1305.3,2164.8,1188.4,2231.2,1118.0,2245.0,1050.2,2242.5,905.9,2176.8,782.0,1994.8
998.0,16.617,760.7,2032.9,872.9,1969.6,1010.2,1933.6,1087.6,1958.6,1169.0,1934.7,1305.1,1976.3,1432.4,2034.3,1382.2,2043.7,1176.6,2047.5,1092.5,2055.6,1013.6,2048.3,814.3,2040.4,814.3,2040.4,1013.9,2085.9,1094.5,2091.2,1180.1,2083.0,1382.2,2043.7,1432.4,2034.3,1315.4,2185.0,1192.9,2239.5,1100.8,2250.7,1013.5,2245.8,870.4,2186.9,760.7,2032.9
999.0,16.633,750.9,2072.4,853.5,1986.1,985.4,1945.4,1079.8,1972.6,1180.5,1946.5,1322.2,1992.4,1436.8,2072.6,1386.9,2078.0,1188.5,2068.9,1085.2,2078.2,988.4,2070.3,806.9,2077.7,806.9,2077.7,989.5,2099.6,1088.0,2106.8,1193.1,2096.7,1386.9,2078.0,1436.8,2072.6,1334.0,2203.4,1207.0,2256.6,1095.1,2269.7,990.1,2261.4,852.1,2204.5,750.9,2072.4
1000.0,16.65,743.9,2094.3,845.5,2003.6,975.1,1960.1,1077.2,1986.9,1185.6,1960.9,1332.3,2005.2,1445.8,2089.8,1395.0,2095.8,1194.4,2084.5,1083.7,2094.5,978.8,2086.6,801.6,2100.6,801.6,2100.6,979.5,2108.8,1086.4,2116.8,1199.1,2107.0,1395.0,2095.8,1445.8,2089.8,1347.3,2212.4,1217.4,2264.8,1097.0,2278.3,984.3,2269.9,847.6,2217.0,743.9,2094.3
1001.0,16.667,743.8,2097.2,846.1,2016.1,971.2,1978.7,1077.5,2004.5,1192.9,1978.8,1333.1,2017.4,1440.4,2090.8,1392.2,2097.0,1200.0,2086.0,1082.3,2097.7,973.8,2088.7,798.7,2102.9,798.7,2102.9,975.4,2122.2,1085.9,2131.4,1205.3,2119.0,1392.2,2097.0,1440.4,2090.8,1346.4,2204.2,1221.9,2257.3,1095.5,2272.7,979.8,2264.2,847.0,2212.7,743.8,2097.2
1002.0,16.683,739.8,2095.2,846.2,2023.9,970.4,1991.6,1075.6,2017.1,1190.7,1990.8,1327.9,2025.5,1438.4,2088.2,1390.5,2095.1,1197.4,2090.6,1079.6,2104.0,972.7,2094.6,792.5,2100.7,792.5,2100.7,973.8,2122.1,1082.4,2131.4,1201.0,2118.0,1390.5,2095.1,1438.4,2088.2,1339.1,2197.3,1214.8,2249.9,1089.8,2266.1,975.9,2257.5,845.2,2206.8,739.8,2095.2
1003.0,16.7,734.9,2088.3,845.7,2027.1,969.8,1998.4,1072.9,2022.7,1185.8,1996.1,1323.3,2025.9,1439.9,2078.0,1391.4,2086.2,1193.2,2094.6,1077.3,2109.6,972.6,2100.5,787.2,2094.0,787.2,2094.0,972.8,2113.1,1078.6,2121.5,1194.8,2107.2,1391.4,2086.2,1439.9,2078.0,1333.6,2185.1,1207.5,2237.6,1085.3,2254.2,974.1,2246.8,844.0,2198.0,734.9,2088.3
1004.0,16.717,730.2,2082.5,845.5,2028.7,970.3,2001.9,1071.0,2025.6,1181.8,1999.4,1318.8,2026.1,1440.1,2070.5,1391.6,2080.6,1189.1,2094.0,1075.4,2109.6,973.0,2100.6,781.5,2089.6,781.5,2089.6,971.7,2107.7,1074.8,2115.7,1188.5,2101.4,1391.6,2080.6,1440.1,2070.5,1327.3,2176.6,1200.3,2228.2,1080.7,2244.8,972.3,2237.9,842.3,2190.3,730.2,2082.5
1005.0,16.733,730.0,2078.4,844.9,2027.2,968.7,2002.2,1069.3,2025.5,1180.3,1999.3,1316.9,2023.8,1438.0,2065.3,1389.8,2075.5,1187.8,2091.9,1074.0,2107.7,971.8,2098.8,781.0,2085.4,781.0,2085.4,971.5,2105.8,1074.5,2113.5,1188.4,2098.8,1389.8,2075.5,1438.0,2065.3,1326.6,2170.7,1200.6,2223.4,1080.9,2240.5,972.6,2233.8,842.8,2186.4,730.0,2078.4
