frame,timestamp,upper_x_0,upper_y_0,upper_x_1,upper_y_1,upper_x_2,upper_y_2,upper_x_3,upper_y_3,upper_x_4,upper_y_4,upper_x_5,upper_y_5,upper_x_6,upper_y_6,upper_x_7,upper_y_7,upper_x_8,upper_y_8,upper_x_9,upper_y_9,upper_x_10,upper_y_10,upper_x_11,upper_y_11,lower_x_0,lower_y_0,lower_x_1,lower_y_1,lower_x_2,lower_y_2,lower_x_3,lower_y_3,lower_x_4,lower_y_4,lower_x_5,lower_y_5,lower_x_6,lower_y_6,lower_x_7,lower_y_7,lower_x_8,lower_y_8,lower_x_9,lower_y_9,lower_x_10,lower_y_10,lower_x_11,lower_y_11
1.0,0.0,787.0,2167.1,886.9,2099.8,992.9,2061.3,1080.2,2084.1,1173.5,2062.9,1279.3,2104.2,1365.9,2165.1,1320.1,2173.4,1176.8,2159.3,1080.5,2169.0,991.9,2161.6,832.9,2171.9,832.9,2171.9,985.7,2160.3,1074.0,2168.5,1169.4,2158.9,1320.1,2173.4,1365.9,2165.1,1275.7,2250.3,1175.8,2287.3,1075.2,2298.6,981.6,2291.3,876.7,2254.1,787.0,2167.1
2.0,0.017,786.7,2165.6,885.1,2097.7,989.3,2060.7,1077.4,2083.0,1172.4,2061.5,1276.0,2102.1,1360.8,2163.2,1315.3,2170.8,1175.7,2152.5,1077.7,2163.1,988.5,2155.7,831.7,2169.8,831.7,2169.8,983.6,2159.2,1072.7,2167.2,1169.8,2156.3,1315.3,2170.8,1360.8,2163.2,1273.2,2243.6,1175.7,2279.2,1073.7,2291.5,979.6,2284.6,875.7,2250.1,786.7,2165.6
3.0,0.033,786.1,2164.8,885.2,2096.3,990.2,2059.2,1077.3,2081.3,1170.8,2059.6,1275.4,2100.0,1361.0,2161.5,1315.4,2169.0,1174.5,2151.6,1078.0,2162.2,989.9,2155.2,831.5,2169.0,831.5,2169.0,985.8,2158.2,1074.0,2165.8,1169.7,2155.0,1315.4,2169.0,1361.0,2161.5,1273.9,2243.4,1176.3,2279.1,1075.7,2291.6,982.3,2285.1,876.8,2250.9,786.1,2164.8
4.0,0.05,785.9,2163.3,884.4,2094.2,989.2,2058.0,1076.7,2080.1,1170.4,2058.4,1274.9,2098.4,1360.4,2160.6,1314.9,2167.7,1174.2,2149.2,1077.4,2160.2,988.9,2153.0,831.2,2166.9,831.2,2166.9,985.1,2157.3,1073.6,2164.8,1169.5,2153.8,1314.9,2167.7,1360.4,2160.6,1273.6,2241.3,1175.9,2276.6,1075.0,2289.0,981.4,2282.5,876.1,2248.6,785.9,2163.3
5.0,0.067,786.3,2162.1,885.6,2092.5,991.0,2055.6,1078.3,2077.7,1172.0,2055.6,1277.0,2095.5,1363.2,2157.7,1317.5,2165.1,1175.9,2147.4,1079.2,2158.4,990.9,2151.6,831.9,2165.9,831.9,2165.9,987.1,2154.4,1075.4,2161.8,1171.2,2150.8,1317.5,2165.1,1363.2,2157.7,1275.9,2238.6,1177.8,2274.6,1077.0,2287.3,983.6,2281.0,877.7,2247.1,786.3,2162.1
6.0,0.083,786.8,2160.5,885.4,2090.3,990.2,2053.8,1077.6,2075.8,1171.5,2053.6,1276.2,2093.5,1361.7,2156.3,1316.1,2163.4,1175.4,2145.2,1078.5,2156.3,990.0,2149.5,832.4,2164.1,832.4,2164.1,986.2,2152.9,1074.7,2160.4,1170.8,2149.3,1316.1,2163.4,1361.7,2156.3,1275.3,2236.9,1177.5,2272.3,1076.5,2284.8,982.7,2278.4,877.3,2244.7,786.8,2160.5
7.0,0.1,785.5,2159.9,883.7,2089.8,988.0,2052.9,1075.6,2074.7,1169.6,2052.6,1274.1,2092.7,1359.6,2155.5,1314.1,2162.5,1173.4,2143.9,1076.3,2155.0,987.9,2148.2,831.1,2163.2,831.1,2163.2,983.9,2153.1,1072.5,2160.6,1168.7,2149.7,1314.1,2162.5,1359.6,2155.5,1273.2,2236.4,1175.4,2271.9,1074.3,2284.4,980.5,2278.0,875.6,2244.1,785.5,2159.9
8.0,0.117,782.2,2160.4,880.4,2089.8,984.5,2053.2,1072.2,2075.0,1166.3,2052.8,1270.7,2092.6,1356.4,2155.5,1310.7,2162.6,1170.3,2143.8,1073.2,2155.1,984.5,2148.3,827.8,2163.8,827.8,2163.8,980.3,2152.5,1069.1,2159.8,1165.3,2148.8,1310.7,2162.6,1356.4,2155.5,1269.9,2235.9,1172.3,2271.1,1071.1,2283.5,977.3,2277.2,872.4,2244.1,782.2,2160.4
9.0,0.133,778.8,2161.4,877.1,2090.6,980.9,2053.5,1068.7,2075.3,1162.8,2053.1,1267.2,2093.1,1352.6,2156.3,1306.8,2163.3,1166.8,2144.4,1069.7,2155.6,981.0,2149.0,824.4,2165.0,824.4,2165.0,976.9,2152.7,1065.8,2160.1,1162.0,2149.1,1306.8,2163.3,1352.6,2156.3,1266.6,2236.6,1169.3,2271.5,1068.0,2284.0,974.2,2277.8,869.3,2245.0,778.8,2161.4
10.0,0.15,776.1,2162.3,874.1,2091.5,978.1,2054.7,1065.8,2076.6,1159.9,2054.3,1264.4,2094.3,1350.0,2157.4,1304.3,2164.2,1163.9,2145.6,1066.9,2156.8,978.3,2150.1,821.6,2165.6,821.6,2165.6,974.6,2154.5,1063.3,2161.9,1159.5,2150.9,1304.3,2164.2,1350.0,2157.4,1264.1,2238.0,1166.6,2273.3,1065.5,2285.8,971.6,2279.5,866.5,2246.3,776.1,2162.3
11.0,0.167,772.9,2163.6,871.5,2092.5,976.3,2055.3,1063.3,2077.2,1156.5,2054.9,1261.1,2095.4,1347.0,2159.0,1301.1,2166.0,1160.7,2146.8,1064.5,2157.9,976.6,2151.3,818.3,2167.3,818.3,2167.3,972.8,2154.6,1060.9,2161.7,1156.2,2150.9,1301.1,2166.0,1347.0,2159.0,1260.7,2239.9,1163.3,2274.3,1063.0,2286.7,969.7,2280.7,863.8,2248.0,772.9,2163.6
12.0,0.183,770.2,2163.8,868.9,2093.2,973.6,2056.3,1060.8,2078.2,1154.3,2055.9,1258.9,2096.4,1344.9,2159.5,1299.0,2166.8,1158.4,2147.5,1061.8,2158.7,973.7,2152.0,815.5,2167.6,815.5,2167.6,969.6,2156.2,1057.9,2163.5,1153.6,2152.6,1299.0,2166.8,1344.9,2159.5,1258.1,2240.9,1160.4,2275.8,1059.7,2288.4,966.3,2282.1,860.7,2248.7,770.2,2163.8
13.0,0.2,767.3,2165.6,866.4,2094.5,971.4,2057.2,1058.6,2078.9,1152.0,2056.4,1256.5,2097.0,1342.3,2160.4,1296.4,2167.7,1156.3,2148.6,1059.8,2160.1,971.8,2153.6,812.8,2169.4,812.8,2169.4,967.8,2156.1,1056.0,2163.1,1151.5,2152.0,1296.4,2167.7,1342.3,2160.4,1255.9,2241.6,1158.4,2276.0,1058.0,2288.6,964.5,2282.7,858.4,2250.2,767.3,2165.6
14.0,0.217,764.8,2166.4,863.2,2095.5,967.8,2058.1,1055.4,2079.9,1149.5,2057.7,1254.0,2098.3,1339.6,2161.8,1293.7,2168.9,1153.7,2149.4,1056.5,2160.6,968.0,2154.0,810.4,2170.0,810.4,2170.0,964.1,2158.1,1052.8,2165.3,1149.1,2154.3,1293.7,2168.9,1339.6,2161.8,1253.4,2242.4,1156.1,2277.0,1054.9,2289.4,961.0,2283.4,855.4,2250.5,764.8,2166.4
15.0,0.233,761.6,2167.3,859.9,2095.9,964.5,2058.5,1052.3,2080.5,1146.6,2058.1,1251.3,2098.8,1336.8,2162.8,1290.7,2169.8,1150.7,2150.1,1053.5,2161.4,964.7,2154.7,807.1,2170.9,807.1,2170.9,960.7,2158.8,1049.6,2166.1,1146.1,2155.0,1290.7,2169.8,1336.8,2162.8,1250.6,2243.3,1152.9,2278.1,1051.5,2290.7,957.4,2284.5,851.9,2251.4,761.6,2167.3
16.0,0.25,760.4,2167.9,858.4,2096.3,963.0,2059.6,1050.6,2081.8,1144.7,2059.4,1249.5,2099.7,1335.1,2163.7,1289.0,2170.4,1149.0,2150.9,1051.9,2162.1,963.4,2155.3,805.9,2171.2,805.9,2171.2,959.9,2160.2,1048.7,2167.5,1145.0,2156.4,1289.0,2170.4,1335.1,2163.7,1249.4,2244.0,1151.8,2279.2,1050.5,2291.9,956.5,2285.6,850.9,2252.3,760.4,2167.9
17.0,0.267,758.5,2169.3,856.8,2097.5,961.0,2060.7,1049.0,2082.6,1143.5,2060.0,1248.3,2100.3,1333.8,2164.3,1287.4,2171.2,1147.6,2152.0,1050.1,2163.6,961.2,2157.0,804.0,2172.6,804.0,2172.6,957.1,2160.3,1046.2,2167.6,1142.8,2156.5,1287.4,2171.2,1333.8,2164.3,1247.5,2244.9,1149.6,2280.1,1048.0,2292.9,953.6,2286.5,848.8,2253.2,758.5,2169.3
18.0,0.283,757.8,2170.2,856.0,2098.8,960.1,2062.0,1048.3,2084.0,1142.8,2061.4,1247.7,2101.5,1333.2,2165.1,1286.9,2172.0,1147.0,2153.3,1049.5,2164.7,960.4,2158.1,803.5,2173.4,803.5,2173.4,956.5,2161.2,1045.8,2168.6,1142.5,2157.5,1286.9,2172.0,1333.2,2165.1,1247.2,2245.4,1149.5,2281.0,1047.7,2293.6,953.3,2287.4,848.4,2254.0,757.8,2170.2
19.0,0.3,756.8,2171.3,855.3,2099.8,959.8,2063.1,1047.8,2085.2,1142.2,2062.5,1247.4,2102.4,1333.4,2166.0,1287.1,2172.9,1146.6,2154.1,1049.2,2165.6,960.4,2159.0,802.5,2174.5,802.5,2174.5,956.8,2163.1,1045.9,2170.3,1142.5,2159.1,1287.1,2172.9,1333.4,2166.0,1247.4,2246.4,1149.5,2282.0,1047.9,2294.8,953.6,2288.7,847.9,2255.4,756.8,2171.3
20.0,0.317,756.6,2171.9,855.2,2100.2,960.1,2063.4,1047.6,2085.3,1141.4,2062.8,1246.6,2102.9,1332.9,2166.8,1286.6,2173.7,1145.8,2154.4,1049.0,2165.9,960.7,2159.4,802.3,2175.3,802.3,2175.3,957.2,2163.8,1045.8,2170.9,1141.8,2159.7,1286.6,2173.7,1332.9,2166.8,1246.7,2247.6,1148.8,2282.7,1047.9,2295.5,954.0,2289.5,847.9,2256.5,756.6,2171.9
21.0,0.333,755.4,2171.9,854.1,2100.6,959.0,2064.0,1046.7,2085.9,1140.7,2063.3,1246.1,2103.5,1332.5,2167.1,1286.3,2174.0,1145.2,2155.0,1048.0,2166.5,959.5,2159.9,800.9,2175.2,800.9,2175.2,955.9,2163.8,1044.6,2171.0,1140.9,2159.7,1286.3,2174.0,1332.5,2167.1,1245.8,2247.7,1147.5,2282.8,1046.4,2295.5,952.4,2289.3,846.4,2256.2,755.4,2171.9
22.0,0.35,755.4,2171.1,854.4,2099.8,959.7,2063.1,1046.9,2085.1,1140.4,2062.6,1246.0,2102.7,1332.6,2166.4,1286.2,2173.4,1144.9,2154.4,1048.4,2165.8,960.3,2159.3,801.1,2174.6,801.1,2174.6,956.8,2163.8,1045.2,2170.9,1140.8,2159.7,1286.2,2173.4,1332.6,2166.4,1246.0,2247.6,1147.7,2282.9,1047.0,2295.6,953.4,2289.6,847.0,2256.4,755.4,2171.1
23.0,0.367,755.1,2170.0,854.5,2099.2,959.9,2062.5,1046.9,2084.3,1140.1,2061.9,1245.6,2101.8,1332.8,2165.0,1286.4,2172.3,1144.5,2153.8,1048.3,2165.3,960.3,2158.8,800.8,2173.7,800.8,2173.7,956.5,2162.1,1044.6,2169.2,1139.9,2158.1,1286.4,2172.3,1332.8,2165.0,1245.2,2246.5,1146.8,2281.7,1046.4,2294.4,953.1,2288.4,846.7,2255.4,755.1,2170.0
24.0,0.383,756.0,2169.1,855.2,2098.1,960.5,2061.4,1047.7,2083.3,1141.2,2060.8,1247.0,2100.8,1334.4,2164.3,1288.0,2171.3,1145.5,2152.9,1049.0,2164.3,960.9,2157.7,801.8,2172.5,801.8,2172.5,957.2,2161.2,1045.5,2168.4,1141.1,2157.4,1288.0,2171.3,1334.4,2164.3,1246.7,2245.3,1147.9,2280.7,1047.3,2293.3,953.8,2287.2,847.6,2253.9,756.0,2169.1
25.0,0.4,757.2,2167.7,856.5,2096.2,961.5,2059.9,1049.3,2082.0,1143.5,2059.3,1249.0,2099.2,1335.4,2162.8,1289.2,2169.7,1147.9,2151.5,1050.5,2163.0,961.9,2156.4,802.9,2171.1,802.9,2171.1,958.2,2160.0,1047.1,2167.3,1143.5,2156.0,1289.2,2169.7,1335.4,2162.8,1248.7,2243.9,1150.2,2279.5,1048.9,2292.3,954.7,2286.0,848.5,2252.4,757.2,2167.7
26.0,0.417,758.1,2165.8,857.1,2094.3,962.0,2058.4,1050.2,2080.5,1145.1,2057.8,1250.8,2097.5,1337.1,2161.0,1290.8,2167.8,1149.3,2149.3,1051.5,2160.8,962.4,2154.0,803.8,2169.0,803.8,2169.0,958.9,2159.6,1048.3,2167.0,1145.4,2155.8,1290.8,2167.8,1337.1,2161.0,1250.9,2242.2,1152.2,2278.5,1050.2,2291.4,955.6,2285.0,849.5,2251.0,758.1,2165.8
27.0,0.433,758.3,2163.5,857.1,2092.9,961.6,2056.9,1050.4,2078.9,1145.7,2056.1,1250.9,2096.2,1336.7,2159.1,1290.6,2165.9,1149.7,2147.3,1051.3,2158.9,961.8,2152.0,803.9,2166.6,803.9,2166.6,958.1,2157.2,1048.0,2164.9,1145.5,2153.8,1290.6,2165.9,1336.7,2159.1,1250.6,2240.6,1152.3,2276.4,1049.8,2289.0,954.8,2282.5,849.3,2248.3,758.3,2163.5
28.0,0.45,758.8,2161.8,857.7,2090.3,962.2,2054.2,1051.1,2076.1,1146.8,2053.4,1252.0,2093.7,1337.1,2157.3,1290.9,2164.0,1150.8,2144.6,1052.1,2156.1,962.3,2149.2,804.6,2165.0,804.6,2165.0,958.9,2155.3,1049.1,2163.0,1146.9,2151.8,1290.9,2164.0,1337.1,2157.3,1251.9,2238.6,1153.9,2274.2,1051.1,2286.9,955.7,2280.4,850.1,2246.4,758.8,2161.8
29.0,0.467,757.8,2159.7,857.4,2088.6,962.0,2052.2,1050.9,2074.2,1146.3,2051.5,1251.9,2092.0,1337.6,2155.5,1291.4,2162.1,1150.1,2143.2,1051.7,2154.8,961.9,2147.9,803.8,2162.8,803.8,2162.8,958.3,2152.9,1048.5,2160.7,1146.0,2149.9,1291.4,2162.1,1337.6,2155.5,1251.7,2237.4,1153.0,2272.9,1050.5,2285.2,955.2,2278.6,849.5,2244.4,757.8,2159.7
30.0,0.483,757.6,2157.5,857.0,2086.3,961.7,2049.7,1050.0,2071.9,1144.7,2049.1,1250.2,2089.8,1336.4,2153.5,1290.3,2160.0,1148.6,2141.3,1050.9,2152.6,961.6,2145.8,803.6,2160.6,803.6,2160.6,958.0,2150.3,1047.6,2158.0,1144.4,2147.4,1290.3,2160.0,1336.4,2153.5,1250.0,2235.1,1151.4,2270.5,1049.5,2282.8,954.8,2276.2,849.2,2242.0,757.6,2157.5
31.0,0.5,757.4,2156.4,856.8,2084.6,961.6,2048.1,1049.6,2070.3,1144.0,2047.5,1249.7,2087.9,1335.9,2152.3,1289.6,2158.7,1148.0,2139.8,1050.7,2151.2,961.8,2144.5,803.4,2159.5,803.4,2159.5,958.4,2148.7,1047.6,2156.2,1144.0,2145.5,1289.6,2158.7,1335.9,2152.3,1249.7,2233.6,1151.2,2269.0,1049.7,2281.3,955.2,2274.8,849.2,2241.1,757.4,2156.4
32.0,0.517,757.5,2155.3,856.3,2083.6,960.6,2047.2,1049.0,2069.4,1143.9,2046.6,1249.2,2087.3,1334.8,2151.6,1288.6,2157.9,1147.8,2138.4,1049.9,2149.8,960.7,2142.9,803.3,2158.3,803.3,2158.3,957.4,2147.6,1047.0,2155.3,1144.0,2144.4,1288.6,2157.9,1334.8,2151.6,1249.2,2232.2,1151.0,2267.2,1048.9,2279.6,954.2,2273.0,848.7,2239.3,757.5,2155.3
33.0,0.533,756.3,2155.1,856.0,2083.0,960.9,2046.4,1048.9,2068.4,1143.1,2045.7,1248.8,2086.4,1335.2,2151.1,1288.8,2157.6,1147.2,2137.6,1050.0,2149.1,961.2,2142.4,802.2,2158.4,802.2,2158.4,957.8,2146.8,1047.0,2154.2,1143.3,2143.5,1288.8,2157.6,1335.2,2151.1,1248.9,2232.0,1150.5,2266.6,1049.1,2279.0,954.7,2272.7,848.5,2239.6,756.3,2155.1
34.0,0.55,756.4,2154.8,856.5,2083.1,961.7,2046.3,1049.1,2068.2,1142.4,2045.4,1248.0,2086.0,1334.7,2150.3,1288.2,2157.1,1146.6,2137.9,1050.3,2149.5,962.0,2143.0,802.2,2158.3,802.2,2158.3,958.3,2145.5,1046.9,2152.7,1142.3,2141.9,1288.2,2157.1,1334.7,2150.3,1247.8,2231.7,1149.5,2266.1,1049.0,2278.5,955.2,2272.4,848.8,2239.6,756.4,2154.8
35.0,0.567,756.6,2155.6,856.3,2083.3,961.2,2046.1,1049.2,2068.0,1143.2,2045.3,1248.6,2086.1,1334.9,2150.7,1288.4,2157.4,1147.5,2137.9,1050.4,2149.4,961.6,2142.9,802.6,2158.8,802.6,2158.8,957.9,2145.2,1047.0,2152.3,1143.1,2141.6,1288.4,2157.4,1334.9,2150.7,1248.5,2231.2,1150.4,2265.7,1049.2,2278.0,954.9,2272.0,848.8,2239.5,756.6,2155.6
36.0,0.583,756.6,2155.4,856.9,2083.5,962.1,2046.3,1050.1,2067.9,1144.1,2045.4,1249.7,2086.1,1336.6,2150.5,1290.1,2157.3,1148.2,2137.5,1051.2,2149.0,962.4,2142.5,802.7,2158.8,802.7,2158.8,958.6,2145.5,1047.7,2152.7,1143.7,2142.2,1290.1,2157.3,1336.6,2150.5,1249.5,2231.1,1151.2,2265.2,1050.1,2277.2,955.9,2271.4,849.5,2238.9,756.6,2155.4
37.0,0.6,757.4,2155.3,857.7,2083.0,963.2,2045.8,1050.6,2067.4,1144.1,2045.0,1249.7,2086.0,1336.5,2150.7,1290.0,2157.4,1148.3,2137.2,1051.8,2148.3,963.5,2142.0,803.5,2158.7,803.5,2158.7,959.9,2145.6,1048.5,2152.7,1144.2,2142.2,1290.0,2157.4,1336.5,2150.7,1249.7,2231.3,1151.4,2265.0,1050.8,2276.9,957.0,2271.1,850.2,2238.7,757.4,2155.3
38.0,0.617,757.8,2155.1,858.5,2082.8,964.3,2045.4,1051.4,2067.2,1144.5,2044.7,1250.2,2085.6,1337.3,2150.5,1290.7,2157.4,1148.6,2137.2,1052.6,2148.4,964.6,2142.1,803.7,2158.8,803.7,2158.8,960.9,2144.7,1049.2,2151.8,1144.4,2141.3,1290.7,2157.4,1337.3,2150.5,1250.0,2231.1,1151.5,2264.8,1051.3,2276.9,957.9,2271.0,850.9,2238.9,757.8,2155.1
39.0,0.633,758.4,2155.5,858.7,2082.8,964.5,2045.3,1051.9,2067.1,1145.4,2044.6,1251.0,2085.8,1337.8,2150.9,1291.4,2157.7,1149.6,2136.9,1053.1,2148.1,964.8,2141.7,804.4,2159.0,804.4,2159.0,961.2,2145.5,1049.8,2152.6,1145.4,2142.0,1291.4,2157.7,1337.8,2150.9,1250.9,2231.2,1152.5,2265.0,1051.9,2277.1,958.2,2271.2,851.2,2239.0,758.4,2155.5
40.0,0.65,759.6,2154.7,859.5,2082.2,965.0,2045.4,1052.6,2067.4,1146.3,2045.0,1252.0,2085.7,1338.4,2150.6,1292.1,2157.1,1150.4,2137.3,1053.8,2148.5,965.3,2141.9,805.7,2158.0,805.7,2158.0,962.0,2145.8,1050.7,2153.0,1146.6,2142.4,1292.1,2157.1,1338.4,2150.6,1252.1,2231.2,1153.7,2265.6,1052.8,2277.8,958.8,2271.7,852.0,2238.8,759.6,2154.7
41.0,0.667,760.2,2154.8,859.9,2082.3,965.5,2045.4,1053.2,2067.3,1147.1,2044.9,1252.6,2085.7,1338.9,2150.7,1292.7,2157.3,1151.3,2137.4,1054.4,2148.6,965.8,2142.0,806.3,2158.1,806.3,2158.1,962.2,2145.9,1051.1,2153.1,1147.2,2142.3,1292.7,2157.3,1338.9,2150.7,1252.5,2231.4,1154.2,2265.8,1053.1,2278.0,959.0,2272.0,852.2,2239.1,760.2,2154.8
42.0,0.683,759.7,2154.7,859.9,2082.6,965.9,2045.2,1053.3,2067.1,1146.8,2044.9,1252.5,2085.6,1339.4,2150.2,1293.0,2157.3,1151.0,2137.3,1054.5,2148.4,966.1,2141.9,805.8,2158.2,805.8,2158.2,962.4,2145.4,1050.9,2152.6,1146.6,2142.0,1293.0,2157.3,1339.4,2150.2,1252.2,2231.1,1153.7,2265.6,1052.9,2277.7,959.2,2271.8,852.1,2239.0,759.7,2154.7
43.0,0.7,760.1,2154.7,859.5,2082.7,964.4,2045.1,1052.9,2066.9,1147.8,2044.7,1252.6,2085.9,1338.6,2150.4,1292.1,2157.6,1151.7,2137.1,1053.8,2148.2,964.4,2141.5,806.2,2158.3,806.2,2158.3,959.9,2145.4,1049.5,2152.9,1146.5,2142.1,1292.1,2157.6,1338.6,2150.4,1251.5,2230.7,1153.6,2264.9,1051.5,2276.9,956.8,2270.8,851.2,2238.0,760.1,2154.7
44.0,0.717,759.3,2154.3,859.3,2082.5,964.7,2044.7,1052.8,2066.2,1147.1,2044.3,1252.3,2085.2,1338.7,2149.5,1292.1,2156.9,1151.1,2136.9,1053.9,2147.8,964.7,2141.3,805.5,2158.1,805.5,2158.1,960.2,2144.6,1049.6,2151.9,1146.1,2141.4,1292.1,2156.9,1338.7,2149.5,1251.5,2230.2,1153.4,2264.2,1051.9,2276.1,957.5,2270.3,851.2,2237.8,759.3,2154.3
45.0,0.733,759.1,2153.9,858.7,2081.7,963.7,2044.0,1052.5,2065.7,1147.6,2043.4,1252.7,2084.5,1338.4,2149.2,1292.0,2156.3,1151.6,2136.2,1053.4,2147.4,963.7,2140.7,805.2,2157.4,805.2,2157.4,959.4,2144.1,1049.3,2151.5,1146.6,2140.7,1292.0,2156.3,1338.4,2149.2,1251.9,2229.6,1153.8,2264.2,1051.5,2276.4,956.5,2270.3,850.6,2237.4,759.1,2153.9
46.0,0.75,759.3,2153.5,858.4,2080.7,963.5,2043.2,1052.0,2064.9,1146.8,2042.6,1252.1,2083.6,1338.1,2148.5,1291.8,2155.2,1151.1,2135.2,1053.2,2146.2,963.9,2139.7,805.6,2156.5,805.6,2156.5,960.3,2143.6,1049.9,2150.8,1146.9,2140.1,1291.8,2155.2,1338.1,2148.5,1252.2,2228.2,1154.3,2262.7,1052.3,2274.8,957.6,2269.0,851.1,2236.5,759.3,2153.5
47.0,0.767,758.3,2152.8,857.7,2079.8,962.9,2042.2,1051.5,2063.9,1146.5,2041.6,1251.9,2082.6,1337.8,2147.8,1291.2,2154.6,1150.7,2134.4,1052.7,2145.6,963.1,2139.1,804.6,2156.0,804.6,2156.0,959.2,2142.8,1049.1,2150.1,1146.3,2139.3,1291.2,2154.6,1337.8,2147.8,1251.6,2227.7,1153.5,2262.3,1051.4,2274.5,956.4,2268.6,850.2,2235.9,758.3,2152.8
48.0,0.783,756.6,2151.7,857.0,2079.2,962.6,2041.2,1051.2,2062.5,1146.0,2040.3,1251.5,2081.3,1337.7,2146.1,1291.1,2153.5,1150.2,2132.5,1052.4,2143.8,962.9,2137.6,802.7,2155.5,802.7,2155.5,958.7,2142.3,1048.4,2149.3,1145.4,2138.3,1291.1,2153.5,1337.7,2146.1,1250.9,2226.7,1152.6,2260.8,1050.7,2273.0,955.8,2267.3,849.1,2235.1,756.6,2151.7
49.0,0.8,756.8,2150.1,857.0,2077.0,962.7,2039.3,1050.7,2061.0,1145.1,2038.6,1250.6,2079.8,1337.1,2145.1,1290.5,2152.3,1149.4,2131.2,1052.0,2142.5,963.0,2136.1,802.7,2153.7,802.7,2153.7,958.9,2140.5,1048.0,2147.6,1144.6,2136.7,1290.5,2152.3,1337.1,2145.1,1249.9,2225.6,1151.5,2259.8,1049.9,2272.1,955.6,2266.1,848.9,2233.6,756.8,2150.1
50.0,0.817,757.5,2148.2,857.6,2075.4,963.0,2037.9,1050.9,2059.3,1144.9,2037.1,1250.3,2078.1,1337.0,2143.0,1290.5,2150.1,1149.1,2129.3,1052.1,2140.4,963.3,2134.1,803.7,2151.6,803.7,2151.6,959.1,2139.7,1048.1,2146.7,1144.4,2136.0,1290.5,2150.1,1337.0,2143.0,1249.8,2223.9,1151.5,2258.1,1050.3,2270.1,956.2,2264.4,849.6,2231.9,757.5,2148.2
51.0,0.833,758.1,2146.9,857.5,2073.8,962.8,2036.1,1051.4,2057.7,1146.4,2035.4,1251.3,2077.0,1336.6,2142.2,1290.2,2149.3,1150.7,2127.9,1052.6,2139.1,963.1,2132.6,804.1,2150.5,804.1,2150.5,959.0,2137.2,1048.8,2144.4,1146.1,2133.4,1290.2,2149.3,1336.6,2142.2,1250.8,2222.4,1153.2,2256.1,1051.0,2268.2,956.0,2262.4,849.6,2230.0,758.1,2146.9
52.0,0.85,758.4,2145.7,857.9,2072.3,963.3,2034.2,1051.9,2055.7,1146.8,2033.6,1252.1,2075.1,1337.5,2140.6,1291.2,2147.6,1151.0,2126.0,1053.1,2137.0,963.6,2130.6,804.6,2149.1,804.6,2149.1,959.6,2136.5,1049.4,2143.7,1146.6,2132.9,1291.2,2147.6,1337.5,2140.6,1251.8,2220.9,1154.0,2254.9,1051.9,2266.9,956.9,2261.2,850.3,2228.8,758.4,2145.7
53.0,0.867,759.2,2143.9,858.6,2070.6,964.2,2032.5,1052.5,2054.0,1147.1,2031.9,1252.4,2073.5,1338.2,2138.9,1291.8,2145.9,1151.4,2124.3,1053.8,2135.2,964.6,2128.8,805.4,2147.3,805.4,2147.3,960.8,2134.9,1050.3,2142.1,1147.2,2131.3,1291.8,2145.9,1338.2,2138.9,1252.3,2219.1,1154.5,2253.3,1052.7,2265.3,958.1,2259.6,851.2,2227.1,759.2,2143.9
54.0,0.883,759.2,2142.8,859.4,2069.7,965.3,2031.2,1053.3,2052.6,1147.6,2030.5,1252.8,2072.2,1339.4,2137.5,1292.7,2144.7,1151.8,2123.2,1054.6,2134.0,965.7,2127.8,805.3,2146.4,805.3,2146.4,961.6,2132.7,1050.7,2139.8,1147.2,2129.2,1292.7,2144.7,1339.4,2137.5,1252.4,2217.6,1154.5,2251.5,1053.1,2263.4,958.9,2258.0,851.8,2226.0,759.2,2142.8
55.0,0.9,760.9,2141.0,860.6,2067.5,965.9,2029.8,1054.6,2051.5,1149.7,2029.3,1254.7,2070.9,1340.1,2136.8,1293.8,2143.6,1153.8,2121.5,1055.7,2132.6,966.1,2126.0,807.0,2144.5,807.0,2144.5,962.2,2132.0,1052.0,2139.4,1149.3,2128.4,1293.8,2143.6,1340.1,2136.8,1254.2,2216.6,1156.4,2250.4,1054.2,2262.5,959.3,2256.6,852.7,2224.2,760.9,2141.0
56.0,0.917,760.3,2139.8,860.4,2066.0,966.0,2028.2,1054.8,2049.9,1149.6,2027.7,1254.8,2069.6,1340.8,2135.4,1294.4,2142.1,1153.8,2119.9,1055.9,2130.9,966.3,2124.4,806.5,2143.1,806.5,2143.1,962.4,2129.9,1052.2,2137.1,1149.3,2126.4,1294.4,2142.1,1340.8,2135.4,1254.5,2215.0,1156.5,2248.4,1054.4,2260.3,959.5,2254.6,852.4,2222.6,760.3,2139.8
57.0,0.933,760.1,2137.7,860.2,2063.8,966.3,2026.0,1055.2,2048.0,1150.5,2025.7,1255.4,2067.5,1341.2,2133.6,1294.6,2140.5,1154.8,2118.2,1056.4,2129.4,966.7,2122.8,806.0,2141.3,806.0,2141.3,962.6,2128.5,1052.6,2135.6,1150.1,2124.6,1294.6,2140.5,1341.2,2133.6,1254.7,2213.7,1156.9,2247.5,1054.3,2259.8,959.3,2254.0,851.8,2221.8,760.1,2137.7
58.0,0.95,760.4,2135.3,860.8,2062.1,966.4,2023.9,1056.0,2045.9,1151.9,2023.4,1256.3,2065.4,1341.6,2131.0,1295.1,2138.3,1155.8,2115.9,1056.7,2127.4,966.3,2120.8,806.2,2138.9,806.2,2138.9,961.6,2126.1,1052.0,2133.4,1150.2,2122.0,1295.1,2138.3,1341.6,2131.0,1254.4,2210.9,1156.6,2244.9,1053.4,2257.5,958.0,2251.4,851.6,2219.0,760.4,2135.3
59.0,0.967,758.2,2131.8,860.1,2059.9,966.5,2022.8,1056.3,2044.7,1152.4,2022.2,1258.2,2062.8,1345.0,2127.0,1298.4,2134.5,1156.5,2114.5,1057.3,2126.1,966.6,2119.5,804.1,2135.8,804.1,2135.8,962.0,2123.9,1052.8,2131.1,1151.0,2119.9,1298.4,2134.5,1345.0,2127.0,1256.9,2207.9,1157.9,2242.7,1054.5,2255.3,958.8,2249.3,851.2,2216.6,758.2,2131.8
60.0,0.983,754.5,2125.6,857.6,2057.5,964.4,2021.9,1055.7,2043.6,1153.6,2021.4,1260.7,2060.5,1349.4,2121.0,1302.8,2129.5,1157.3,2112.8,1056.3,2124.5,964.1,2117.6,800.3,2130.0,800.3,2130.0,958.3,2123.5,1050.6,2131.2,1150.7,2119.9,1302.8,2129.5,1349.4,2121.0,1258.6,2204.8,1157.4,2242.0,1052.2,2254.6,955.1,2248.1,847.8,2213.0,754.5,2125.6
61.0,1.0,750.4,2119.8,855.8,2054.9,964.4,2021.3,1056.1,2043.2,1154.9,2020.6,1263.5,2057.7,1354.7,2115.2,1308.1,2124.1,1158.7,2111.2,1057.0,2123.4,964.3,2116.2,796.0,2124.8,796.0,2124.8,958.7,2122.0,1051.6,2129.7,1152.4,2118.4,1308.1,2124.1,1354.7,2115.2,1261.9,2201.4,1158.9,2240.0,1052.9,2252.9,955.3,2246.3,845.8,2210.0,750.4,2119.8
62.0,1.017,744.6,2113.0,853.8,2051.7,964.9,2019.6,1056.8,2041.3,1155.8,2018.6,1267.4,2053.5,1362.9,2107.4,1316.1,2117.4,1159.7,2108.6,1057.8,2121.2,964.8,2114.0,790.2,2118.9,790.2,2118.9,958.8,2119.4,1051.9,2127.1,1153.0,2116.0,1316.1,2117.4,1362.9,2107.4,1265.9,2196.9,1159.5,2237.5,1053.3,2250.6,955.4,2244.1,843.4,2206.2,744.6,2113.0
63.0,1.033,739.3,2106.8,851.1,2048.7,963.0,2018.3,1056.5,2039.9,1157.4,2016.9,1270.5,2049.5,1367.8,2100.1,1321.0,2110.9,1161.4,2106.0,1057.6,2119.4,963.0,2112.0,784.7,2113.6,784.7,2113.6,956.2,2116.3,1050.8,2124.1,1153.7,2112.3,1321.0,2110.9,1367.8,2100.1,1268.4,2191.3,1160.2,2233.6,1052.0,2247.4,952.7,2240.6,839.9,2202.0,739.3,2106.8
64.0,1.05,734.6,2099.1,849.8,2046.1,963.6,2017.0,1057.1,2038.3,1158.2,2015.3,1272.5,2046.2,1373.1,2092.2,1326.2,2104.8,1162.0,2103.2,1057.9,2117.1,963.3,2109.4,779.5,2107.6,779.5,2107.6,955.2,2113.1,1049.8,2121.0,1152.9,2109.2,1326.2,2104.8,1373.1,2092.2,1269.5,2186.9,1159.4,2229.7,1051.1,2243.6,951.9,2236.8,837.6,2197.5,734.6,2099.1
65.0,1.067,729.4,2092.9,848.4,2043.4,964.2,2016.0,1056.5,2036.9,1156.3,2013.8,1272.3,2042.7,1377.0,2085.3,1329.9,2098.8,1160.2,2100.6,1057.5,2114.9,963.9,2107.4,774.0,2102.3,774.0,2102.3,955.2,2110.3,1048.7,2117.8,1150.3,2106.3,1329.9,2098.8,1377.0,2085.3,1269.1,2182.7,1156.5,2226.0,1049.7,2239.7,951.6,2233.3,835.4,2193.5,729.4,2092.9
66.0,1.083,726.9,2087.7,847.4,2040.1,963.9,2013.6,1056.5,2034.2,1156.5,2011.5,1273.7,2039.2,1380.0,2080.3,1332.7,2094.5,1160.2,2097.4,1057.3,2111.8,963.5,2104.3,771.5,2097.8,771.5,2097.8,953.8,2108.4,1047.6,2116.0,1149.5,2104.5,1332.7,2094.5,1380.0,2080.3,1269.8,2179.4,1155.7,2223.0,1048.5,2236.7,950.3,2230.0,833.7,2189.6,726.9,2087.7
67.0,1.1,724.3,2084.3,844.7,2038.0,961.5,2012.1,1054.7,2032.9,1155.5,2010.1,1273.5,2037.1,1380.7,2077.2,1333.3,2091.2,1159.2,2095.6,1055.7,2110.1,961.2,2102.3,768.9,2094.2,768.9,2094.2,952.1,2106.2,1046.5,2113.9,1149.2,2102.4,1333.3,2091.2,1380.7,2077.2,1270.1,2176.3,1155.2,2220.8,1047.3,2234.6,948.4,2228.0,831.4,2187.0,724.3,2084.3
68.0,1.117,723.3,2081.4,844.1,2036.2,961.1,2010.7,1055.3,2031.6,1157.5,2008.9,1275.3,2035.3,1382.2,2074.4,1334.9,2088.9,1161.2,2094.3,1056.2,2108.8,960.6,2100.8,767.9,2091.8,767.9,2091.8,950.9,2104.8,1046.3,2112.6,1150.5,2100.7,1334.9,2088.9,1382.2,2074.4,1271.3,2173.7,1156.5,2218.9,1047.1,2232.9,947.3,2226.2,830.1,2184.9,723.3,2081.4
69.0,1.133,719.4,2078.1,842.3,2034.5,960.5,2009.4,1054.0,2030.0,1155.0,2007.2,1274.0,2032.9,1383.8,2070.5,1335.9,2085.6,1158.6,2092.3,1054.8,2107.3,959.9,2099.5,764.0,2088.8,764.0,2088.8,949.4,2102.7,1044.1,2110.3,1147.0,2098.7,1335.9,2085.6,1383.8,2070.5,1269.4,2171.6,1152.7,2216.9,1044.4,2230.8,945.4,2224.3,827.7,2182.8,719.4,2078.1
70.0,1.15,716.4,2075.7,839.4,2032.8,957.8,2008.0,1052.6,2028.8,1155.4,2006.0,1274.7,2031.2,1384.6,2068.0,1336.7,2083.3,1159.3,2091.2,1053.6,2106.2,957.4,2098.2,760.9,2086.4,760.9,2086.4,946.7,2100.5,1042.7,2108.0,1147.5,2096.1,1336.7,2083.3,1384.6,2068.0,1270.0,2168.3,1153.0,2214.3,1042.9,2228.5,942.5,2221.9,824.6,2180.2,716.4,2075.7
71.0,1.167,714.4,2072.8,837.4,2031.3,955.9,2007.5,1051.4,2028.7,1155.4,2005.9,1275.1,2030.2,1385.7,2065.8,1337.8,2081.3,1159.2,2090.5,1052.5,2105.5,955.5,2097.1,758.7,2083.7,758.7,2083.7,944.6,2100.2,1041.3,2108.0,1147.2,2095.8,1337.8,2081.3,1385.7,2065.8,1270.2,2166.1,1152.3,2213.5,1041.0,2228.0,940.0,2221.1,822.2,2178.4,714.4,2072.8
72.0,1.183,713.1,2071.9,836.3,2030.4,954.8,2005.8,1050.8,2026.8,1155.3,2004.2,1274.9,2029.1,1385.3,2064.9,1337.2,2080.7,1159.0,2088.8,1051.7,2103.9,954.2,2095.5,757.3,2082.9,757.3,2082.9,942.7,2098.8,1039.9,2106.6,1146.3,2094.4,1337.2,2080.7,1385.3,2064.9,1269.1,2165.0,1151.2,2211.8,1039.4,2226.1,938.0,2219.2,820.5,2176.8,713.1,2071.9
73.0,1.2,711.6,2069.6,835.3,2028.8,954.4,2005.0,1051.0,2026.4,1156.3,2003.5,1276.3,2028.3,1387.2,2063.5,1339.2,2079.0,1159.9,2088.0,1051.8,2103.3,953.7,2094.7,755.8,2080.3,755.8,2080.3,942.6,2097.0,1040.2,2105.1,1147.4,2092.7,1339.2,2079.0,1387.2,2063.5,1270.5,2163.5,1151.8,2210.7,1039.3,2225.2,937.3,2217.9,819.4,2174.8,711.6,2069.6
74.0,1.217,711.6,2067.2,836.1,2027.0,955.3,2004.0,1052.3,2025.1,1157.9,2002.4,1278.8,2026.0,1390.9,2060.3,1342.6,2076.0,1161.8,2086.0,1053.4,2101.6,954.9,2093.1,755.9,2078.2,755.9,2078.2,943.8,2095.8,1041.9,2103.5,1149.6,2091.0,1342.6,2076.0,1390.9,2060.3,1273.6,2160.1,1154.1,2207.4,1041.2,2222.1,938.8,2215.1,820.3,2172.4,711.6,2067.2
75.0,1.233,711.6,2063.3,836.3,2024.0,954.7,2001.9,1053.0,2023.1,1160.1,2000.2,1281.0,2023.0,1392.3,2056.7,1344.1,2072.5,1163.7,2083.6,1053.9,2099.5,954.0,2090.8,756.1,2074.4,756.1,2074.4,942.6,2092.8,1042.1,2100.8,1151.2,2088.1,1344.1,2072.5,1392.3,2056.7,1275.6,2156.4,1156.0,2204.4,1041.5,2219.4,938.0,2212.0,820.3,2168.8,711.6,2063.3
76.0,1.25,711.7,2059.4,837.6,2021.7,956.4,2000.4,1054.3,2021.4,1161.3,1998.2,1282.3,2021.0,1393.9,2053.0,1346.0,2068.7,1164.6,2080.2,1054.8,2096.6,955.5,2088.0,755.9,2070.5,755.9,2070.5,944.8,2090.9,1044.0,2099.1,1152.9,2086.2,1346.0,2068.7,1393.9,2053.0,1277.1,2154.3,1157.4,2201.9,1043.3,2217.0,939.9,2209.3,821.6,2165.6,711.7,2059.4
77.0,1.267,710.0,2056.1,835.3,2018.4,954.1,1997.9,1053.1,2019.0,1161.4,1996.1,1282.9,2018.2,1394.9,2050.2,1346.7,2065.8,1164.8,2078.4,1053.8,2094.6,953.3,2085.7,754.4,2067.1,754.4,2067.1,942.4,2088.4,1042.7,2096.5,1153.1,2083.6,1346.7,2065.8,1394.9,2050.2,1277.8,2150.7,1157.4,2199.2,1041.7,2214.2,937.3,2206.5,819.2,2162.5,710.0,2056.1
78.0,1.283,709.1,2053.7,835.5,2017.0,955.2,1995.9,1054.2,2016.9,1162.2,1994.1,1284.4,2015.7,1397.7,2046.9,1349.3,2063.0,1165.7,2077.0,1054.9,2093.2,954.3,2084.3,753.7,2065.0,753.7,2065.0,943.1,2085.5,1043.4,2093.5,1153.5,2080.9,1349.3,2063.0,1397.7,2046.9,1279.1,2148.3,1158.1,2197.1,1042.7,2212.1,938.3,2204.6,819.4,2160.6,709.1,2053.7
79.0,1.3,710.4,2052.0,836.4,2014.9,955.4,1994.2,1055.0,2015.3,1163.9,1992.2,1285.5,2014.0,1398.4,2044.8,1350.2,2060.7,1167.3,2074.7,1055.6,2091.1,954.6,2082.2,755.0,2063.0,755.0,2063.0,943.4,2083.3,1044.2,2091.5,1155.1,2078.5,1350.2,2060.7,1398.4,2044.8,1280.4,2145.3,1159.8,2194.2,1043.5,2209.3,938.7,2201.7,820.3,2157.9,710.4,2052.0
80.0,1.317,710.4,2051.0,835.7,2013.5,954.5,1992.9,1054.7,2014.2,1164.6,1990.8,1286.3,2012.9,1398.1,2044.4,1350.1,2059.7,1168.0,2073.6,1055.3,2090.1,953.7,2080.9,755.1,2061.6,755.1,2061.6,943.6,2081.3,1045.2,2089.7,1157.0,2076.6,1350.1,2059.7,1398.1,2044.4,1282.0,2143.9,1161.7,2192.7,1044.5,2208.0,938.9,2200.1,820.3,2156.2,710.4,2051.0
81.0,1.333,710.3,2049.9,835.0,2012.5,953.6,1991.8,1054.6,2013.1,1165.4,1989.9,1287.2,2011.7,1399.1,2042.8,1350.7,2058.3,1169.1,2072.3,1055.4,2088.8,953.0,2079.7,755.0,2060.4,755.0,2060.4,942.5,2081.6,1044.8,2090.0,1157.8,2076.5,1350.7,2058.3,1399.1,2042.8,1282.7,2142.3,1162.4,2191.8,1044.1,2207.3,937.8,2199.6,819.6,2155.4,710.3,2049.9
82.0,1.35,710.9,2049.5,835.2,2012.2,953.2,1991.8,1054.0,2013.2,1164.7,1989.8,1286.5,2011.6,1398.5,2042.4,1350.1,2057.8,1168.3,2072.1,1054.7,2088.7,952.5,2079.6,755.3,2059.7,755.3,2059.7,941.7,2081.5,1043.8,2090.0,1156.6,2076.4,1350.1,2057.8,1398.5,2042.4,1281.5,2141.9,1160.7,2191.6,1042.6,2207.3,936.4,2199.3,819.2,2154.7,710.9,2049.5
83.0,1.367,711.5,2049.6,835.6,2012.2,953.4,1991.4,1054.3,2012.9,1165.3,1989.8,1287.0,2011.7,1399.0,2042.7,1350.4,2058.3,1168.8,2072.3,1055.0,2088.8,952.6,2079.5,756.0,2060.1,756.0,2060.1,941.3,2081.8,1043.5,2090.3,1156.6,2076.8,1350.4,2058.3,1399.0,2042.7,1281.4,2142.4,1160.6,2192.4,1042.1,2207.9,936.0,2199.8,819.3,2154.9,711.5,2049.6
84.0,1.383,712.8,2050.0,837.0,2012.7,954.9,1991.8,1055.3,2013.3,1165.7,1990.1,1287.1,2012.0,1398.9,2043.0,1350.3,2058.9,1169.3,2072.5,1056.0,2089.0,954.1,2079.9,757.2,2060.6,757.2,2060.6,942.8,2082.0,1044.6,2090.4,1157.2,2076.8,1350.3,2058.9,1398.9,2043.0,1281.5,2142.8,1161.2,2192.6,1043.3,2208.3,937.5,2200.3,820.6,2155.7,712.8,2050.0
85.0,1.4,712.8,2049.7,837.9,2012.5,956.6,1992.0,1056.6,2013.3,1166.9,1990.0,1288.1,2011.8,1399.9,2042.4,1351.6,2058.7,1170.7,2071.3,1057.6,2088.1,956.1,2079.0,756.8,2060.9,756.8,2060.9,944.9,2083.7,1046.2,2091.8,1158.8,2077.8,1351.6,2058.7,1399.9,2042.4,1282.5,2142.9,1162.5,2192.4,1044.8,2208.5,939.3,2200.7,821.3,2156.4,712.8,2049.7
86.0,1.417,713.4,2050.4,838.8,2013.2,957.7,1992.1,1057.5,2013.3,1167.4,1990.0,1288.8,2012.2,1401.1,2042.7,1352.7,2059.1,1171.2,2071.7,1058.3,2088.5,957.2,2079.7,757.3,2061.6,757.3,2061.6,945.7,2084.1,1046.7,2092.3,1158.9,2078.2,1352.7,2059.1,1401.1,2042.7,1282.9,2143.9,1162.5,2193.2,1045.2,2209.3,940.1,2201.4,822.0,2157.0,713.4,2050.4
87.0,1.433,713.4,2050.2,839.3,2013.8,958.5,1992.7,1058.1,2014.2,1168.0,1990.8,1289.5,2013.0,1402.2,2042.8,1353.6,2059.5,1171.9,2073.6,1059.0,2090.4,957.9,2081.4,757.4,2061.8,757.4,2061.8,946.1,2083.4,1047.0,2091.5,1159.2,2077.5,1353.6,2059.5,1402.2,2042.8,1283.2,2144.3,1162.5,2194.2,1045.2,2210.3,940.2,2202.4,822.1,2157.5,713.4,2050.2
88.0,1.45,714.3,2050.6,839.2,2013.4,958.4,1992.5,1058.7,2014.2,1169.5,1990.8,1291.1,2013.2,1403.0,2043.8,1354.6,2060.0,1173.6,2073.9,1059.7,2090.5,957.9,2081.3,758.4,2061.9,758.4,2061.9,946.8,2083.4,1048.5,2091.7,1161.6,2077.8,1354.6,2060.0,1403.0,2043.8,1285.5,2144.9,1165.1,2194.7,1046.9,2210.7,940.9,2202.6,822.5,2157.6,714.3,2050.6
89.0,1.467,714.4,2050.6,839.5,2013.7,958.5,1992.7,1059.1,2014.4,1170.2,1990.8,1291.6,2013.3,1403.3,2043.6,1354.9,2060.0,1174.2,2073.8,1060.0,2090.5,958.0,2081.3,758.2,2062.0,758.2,2062.0,946.7,2083.7,1048.6,2092.1,1162.0,2078.1,1354.9,2060.0,1403.3,2043.6,1285.8,2144.8,1165.3,2195.0,1046.8,2211.2,940.6,2203.0,822.5,2157.6,714.4,2050.6
90.0,1.483,714.8,2050.2,839.7,2013.7,958.9,1992.8,1059.9,2014.7,1171.4,1990.9,1293.1,2013.2,1404.6,2043.2,1356.2,2059.4,1175.4,2074.4,1060.9,2091.3,958.5,2081.9,758.9,2061.5,758.9,2061.5,947.9,2082.9,1050.2,2091.4,1164.0,2077.4,1356.2,2059.4,1404.6,2043.2,1287.9,2144.7,1167.6,2195.1,1048.7,2211.4,942.0,2203.2,823.4,2157.7,714.8,2050.2
91.0,1.5,714.6,2049.0,840.5,2012.7,960.9,1991.9,1060.6,2013.6,1170.4,1990.1,1293.1,2012.3,1406.5,2042.1,1358.0,2058.6,1174.7,2073.6,1061.8,2090.3,960.7,2081.1,758.7,2060.7,758.7,2060.7,949.9,2082.8,1051.0,2091.0,1163.2,2077.4,1358.0,2058.6,1406.5,2042.1,1288.1,2145.1,1166.8,2195.1,1049.5,2210.8,944.0,2203.0,824.1,2157.6,714.6,2049.0
92.0,1.517,715.5,2048.5,841.7,2013.0,962.1,1991.8,1061.6,2013.3,1171.3,1989.9,1293.5,2012.4,1406.3,2041.6,1358.1,2058.4,1175.4,2072.4,1062.6,2089.1,961.8,2079.9,759.3,2060.5,759.3,2060.5,950.9,2082.8,1051.8,2091.1,1163.9,2077.6,1358.1,2058.4,1406.3,2041.6,1288.2,2145.1,1167.6,2194.7,1050.5,2210.4,945.1,2202.5,825.3,2157.2,715.5,2048.5
93.0,1.533,714.5,2048.2,841.5,2012.4,962.0,1991.3,1061.5,2012.5,1171.0,1989.3,1293.9,2011.5,1407.5,2041.2,1358.9,2058.1,1175.0,2071.5,1062.5,2088.3,961.6,2079.2,758.3,2060.5,758.3,2060.5,950.0,2082.7,1051.0,2090.9,1162.8,2077.6,1358.9,2058.1,1407.5,2041.2,1288.2,2145.4,1166.5,2194.3,1049.5,2209.7,944.2,2201.8,824.5,2156.7,714.5,2048.2
94.0,1.55,715.3,2048.5,842.0,2012.2,962.4,1991.3,1062.2,2012.6,1171.9,1989.3,1294.9,2011.4,1408.0,2041.5,1359.6,2058.2,1176.0,2072.0,1063.3,2088.9,962.0,2079.8,759.3,2060.6,759.3,2060.6,950.7,2082.4,1052.0,2090.7,1164.0,2077.3,1359.6,2058.2,1408.0,2041.5,1289.6,2145.5,1167.8,2194.4,1050.7,2209.8,945.0,2201.9,825.3,2156.8,715.3,2048.5
95.0,1.567,714.9,2047.7,842.3,2011.8,963.4,1990.9,1063.1,2012.2,1172.7,1989.0,1295.5,2011.2,1408.6,2041.2,1360.3,2058.0,1176.7,2071.2,1064.2,2088.1,963.0,2078.7,759.0,2060.1,759.0,2060.1,952.0,2082.1,1053.3,2090.4,1165.1,2077.2,1360.3,2058.0,1408.6,2041.2,1290.4,2145.7,1169.2,2194.4,1052.2,2209.7,946.5,2201.9,825.7,2157.0,714.9,2047.7
96.0,1.583,714.9,2047.3,842.1,2011.3,963.4,1990.1,1063.2,2011.7,1173.0,1988.5,1295.6,2011.1,1408.6,2041.2,1360.3,2057.9,1177.0,2071.2,1064.3,2087.8,963.1,2078.4,759.0,2059.7,759.0,2059.7,952.4,2081.6,1053.8,2089.9,1165.8,2076.6,1360.3,2057.9,1408.6,2041.2,1290.7,2145.3,1169.8,2194.4,1052.6,2209.8,946.8,2202.0,825.7,2156.8,714.9,2047.3
97.0,1.6,716.0,2046.9,843.4,2010.8,964.7,1989.6,1064.3,2011.3,1173.8,1988.2,1296.6,2011.0,1409.5,2041.0,1361.4,2057.6,1177.8,2071.5,1065.3,2088.0,964.2,2078.6,760.2,2059.1,760.2,2059.1,953.3,2081.0,1054.4,2089.5,1166.1,2076.4,1361.4,2057.6,1409.5,2041.0,1291.3,2145.4,1169.9,2194.5,1053.1,2209.7,947.4,2201.6,826.7,2155.9,716.0,2046.9
98.0,1.617,715.0,2045.5,842.8,2009.5,964.9,1988.6,1064.5,2010.3,1174.1,1987.2,1297.6,2009.9,1411.4,2039.8,1363.2,2056.6,1178.2,2070.5,1065.7,2087.1,964.5,2077.7,759.0,2058.0,759.0,2058.0,953.5,2080.3,1054.6,2088.6,1166.4,2075.5,1363.2,2056.6,1411.4,2039.8,1292.2,2144.7,1169.9,2193.6,1053.0,2208.7,947.3,2200.7,825.7,2154.9,715.0,2045.5
99.0,1.633,717.2,2045.3,844.5,2008.0,966.0,1986.9,1065.6,2008.5,1175.0,1985.6,1298.1,2008.5,1410.9,2039.8,1362.6,2056.2,1179.1,2068.6,1066.8,2085.1,965.7,2075.7,761.5,2057.7,761.5,2057.7,954.8,2079.4,1056.0,2087.7,1167.6,2074.7,1362.6,2056.2,1410.9,2039.8,1293.1,2143.9,1171.6,2192.0,1054.8,2206.9,949.1,2199.0,827.8,2154.0,717.2,2045.3
100.0,1.65,715.7,2042.7,843.9,2006.7,965.9,1985.9,1065.6,2007.5,1175.1,1984.5,1298.7,2007.2,1412.3,2037.6,1363.9,2054.3,1179.2,2067.2,1066.8,2083.9,965.6,2074.4,759.9,2055.5,759.9,2055.5,954.6,2077.7,1056.0,2086.0,1167.7,2073.1,1363.9,2054.3,1412.3,2037.6,1293.6,2142.8,1171.6,2190.9,1054.7,2205.8,948.8,2197.9,827.0,2152.6,715.7,2042.7
101.0,1.667,716.0,2041.6,844.8,2005.9,966.8,1985.1,1066.3,2006.6,1175.7,1983.7,1299.0,2006.2,1412.8,2036.3,1364.5,2053.4,1179.7,2066.2,1067.3,2083.0,966.2,2073.5,760.0,2054.7,760.0,2054.7,954.5,2076.9,1055.7,2085.2,1167.3,2072.2,1364.5,2053.4,1412.8,2036.3,1293.1,2141.5,1171.0,2189.6,1054.2,2204.6,948.6,2196.5,827.1,2151.2,716.0,2041.6
102.0,1.683,716.1,2041.9,844.1,2004.9,966.1,1983.6,1065.9,2005.3,1175.6,1982.2,1298.7,2005.0,1412.0,2036.1,1363.6,2052.8,1179.7,2065.5,1067.1,2082.1,965.7,2072.7,760.3,2054.6,760.3,2054.6,954.4,2076.4,1055.9,2084.6,1167.7,2071.7,1363.6,2052.8,1412.0,2036.1,1293.3,2140.9,1171.4,2189.4,1054.4,2204.3,948.4,2196.5,826.9,2151.2,716.1,2041.9
103.0,1.7,714.9,2041.2,842.9,2004.4,964.9,1983.2,1064.5,2004.8,1173.8,1981.8,1297.5,2004.5,1411.1,2035.5,1362.7,2052.1,1178.0,2065.4,1065.8,2082.0,964.6,2072.6,759.2,2053.8,759.2,2053.8,953.6,2074.8,1054.9,2083.0,1166.3,2070.2,1362.7,2052.1,1411.1,2035.5,1292.4,2140.2,1170.4,2188.5,1053.7,2203.4,947.9,2195.5,826.1,2150.3,714.9,2041.2
104.0,1.717,714.1,2040.2,842.1,2003.4,964.1,1982.2,1063.7,2003.6,1173.1,1980.6,1296.1,2003.3,1409.0,2034.2,1360.7,2050.9,1177.3,2063.3,1065.0,2080.0,963.9,2070.6,758.1,2052.9,758.1,2052.9,952.9,2074.7,1054.1,2082.9,1165.7,2069.9,1360.7,2050.9,1409.0,2034.2,1291.0,2139.0,1169.7,2187.2,1052.9,2202.2,947.2,2194.5,825.3,2149.6,714.1,2040.2
105.0,1.733,711.7,2039.8,840.0,2003.3,962.2,1981.6,1061.1,2003.2,1169.7,1980.1,1293.3,2003.1,1407.4,2034.2,1358.7,2051.1,1174.0,2063.4,1062.4,2080.2,962.0,2070.8,755.7,2052.8,755.7,2052.8,950.6,2073.3,1051.1,2081.4,1161.9,2068.6,1358.7,2051.1,1407.4,2034.2,1287.8,2139.1,1165.8,2187.0,1049.7,2202.0,944.6,2194.2,823.0,2149.3,711.7,2039.8
106.0,1.75,710.1,2039.4,838.1,2002.4,960.5,1980.5,1059.5,2002.0,1168.2,1978.9,1291.2,2001.9,1404.6,2033.4,1356.1,2050.3,1172.6,2062.4,1061.0,2079.2,960.5,2069.9,754.1,2052.5,754.1,2052.5,949.3,2072.7,1049.9,2080.6,1160.7,2067.7,1356.1,2050.3,1404.6,2033.4,1285.9,2138.2,1164.6,2186.2,1048.6,2201.2,943.4,2193.7,821.2,2149.3,710.1,2039.4
107.0,1.767,708.6,2038.8,837.3,2002.1,959.8,1980.1,1057.9,2001.6,1165.7,1978.5,1289.5,2001.5,1404.7,2032.6,1355.8,2049.6,1170.1,2062.3,1059.4,2079.1,959.7,2069.9,752.6,2051.8,752.6,2051.8,948.0,2072.5,1047.7,2080.4,1157.6,2067.5,1355.8,2049.6,1404.7,2032.6,1283.8,2138.0,1161.2,2186.0,1046.1,2201.0,941.8,2193.4,820.0,2148.6,708.6,2038.8
108.0,1.783,706.6,2038.7,835.0,2001.4,957.3,1979.3,1055.7,2000.5,1163.7,1977.5,1287.7,2000.6,1402.8,2031.9,1354.0,2048.9,1168.2,2060.9,1057.2,2077.7,957.2,2068.7,750.6,2051.6,750.6,2051.6,945.4,2072.2,1045.3,2080.0,1155.6,2067.1,1354.0,2048.9,1402.8,2031.9,1282.0,2137.3,1159.3,2185.1,1043.9,2200.0,939.3,2192.4,817.8,2147.9,706.6,2038.7
109.0,1.8,704.2,2037.7,832.6,2000.6,955.4,1978.9,1053.7,2000.2,1161.7,1977.2,1285.9,2000.2,1401.2,2031.7,1352.4,2048.5,1166.3,2060.9,1055.4,2077.7,955.4,2068.7,748.2,2050.7,748.2,2050.7,943.8,2071.5,1043.7,2079.2,1153.9,2066.3,1352.4,2048.5,1401.2,2031.7,1280.3,2137.2,1157.4,2184.6,1042.1,2199.4,937.5,2191.9,815.3,2147.3,704.2,2037.7
110.0,1.817,702.9,2037.7,831.5,2000.6,954.0,1978.5,1052.4,1999.6,1160.3,1976.8,1284.5,1999.4,1399.7,2030.9,1350.8,2048.1,1164.7,2060.0,1053.9,2076.9,953.8,2067.9,747.0,2050.8,747.0,2050.8,941.6,2071.6,1041.6,2079.5,1151.8,2066.6,1350.8,2048.1,1399.7,2030.9,1278.5,2136.6,1155.6,2184.2,1040.2,2198.9,935.6,2191.4,814.0,2147.0,702.9,2037.7
111.0,1.833,702.6,2038.2,831.4,2000.9,953.5,1978.6,1052.3,1999.7,1160.6,1976.6,1284.4,1999.3,1399.1,2030.6,1350.2,2047.7,1165.0,2059.7,1053.7,2076.9,953.3,2068.0,746.6,2051.3,746.6,2051.3,941.2,2071.5,1041.6,2079.4,1152.1,2066.3,1350.2,2047.7,1399.1,2030.6,1278.7,2136.4,1156.1,2184.1,1040.4,2199.2,935.5,2191.6,814.2,2147.3,702.6,2038.2
112.0,1.85,702.2,2038.5,830.5,2001.0,952.6,1978.7,1051.2,1999.5,1159.4,1976.7,1283.3,1999.0,1398.1,2030.6,1349.0,2048.0,1164.0,2059.5,1052.9,2076.6,952.6,2067.8,746.3,2051.8,746.3,2051.8,940.1,2072.1,1040.3,2079.8,1150.8,2066.8,1349.0,2048.0,1398.1,2030.6,1277.4,2136.1,1154.8,2183.8,1039.1,2198.7,934.4,2191.4,813.2,2147.5,702.2,2038.5
113.0,1.867,702.2,2038.2,830.9,2001.0,953.4,1979.0,1051.6,2000.2,1159.3,1977.3,1283.7,1999.7,1399.1,2031.1,1350.2,2048.3,1163.9,2060.9,1053.2,2077.8,953.4,2068.9,746.4,2051.5,746.4,2051.5,941.3,2071.7,1041.1,2079.6,1151.1,2066.7,1350.2,2048.3,1399.1,2031.1,1278.0,2136.9,1155.0,2184.9,1039.8,2199.8,935.5,2192.3,813.8,2147.7,702.2,2038.2
114.0,1.883,701.0,2038.5,829.7,2001.6,952.1,1979.5,1050.7,2000.4,1158.8,1977.9,1283.3,2000.5,1398.6,2031.7,1349.6,2049.0,1163.2,2060.9,1052.2,2077.7,951.9,2068.7,745.1,2051.9,745.1,2051.9,939.5,2072.3,1039.7,2080.2,1150.1,2067.4,1349.6,2049.0,1398.6,2031.7,1277.3,2137.5,1154.1,2185.0,1038.5,2199.7,933.7,2192.1,812.3,2147.7,701.0,2038.5
115.0,1.9,701.0,2039.3,828.7,2001.7,950.7,1979.5,1049.6,2000.7,1158.1,1978.0,1282.3,2000.8,1396.8,2032.6,1348.0,2049.6,1162.6,2061.6,1051.2,2078.2,950.7,2069.1,745.2,2052.4,745.2,2052.4,938.7,2072.4,1039.2,2080.4,1150.1,2067.7,1348.0,2049.6,1396.8,2032.6,1276.8,2137.6,1154.0,2185.3,1038.0,2200.0,932.9,2192.4,811.6,2147.9,701.0,2039.3
116.0,1.917,699.6,2039.2,828.5,2001.8,951.2,1979.7,1049.8,2000.8,1158.2,1978.0,1282.1,2000.7,1396.5,2032.1,1347.9,2049.6,1162.8,2060.8,1051.5,2077.7,951.3,2068.7,743.5,2052.8,743.5,2052.8,939.2,2073.2,1039.4,2081.1,1150.1,2068.1,1347.9,2049.6,1396.5,2032.1,1276.4,2137.9,1154.1,2185.6,1038.2,2200.6,933.4,2193.1,811.2,2148.8,699.6,2039.2
117.0,1.933,698.4,2040.7,827.0,2003.2,949.2,1981.1,1047.8,2002.0,1155.9,1979.3,1280.1,2001.9,1395.2,2033.3,1346.2,2050.5,1160.5,2062.6,1049.4,2079.5,949.2,2070.6,742.5,2053.9,742.5,2053.9,936.8,2073.8,1037.0,2081.6,1147.4,2068.8,1346.2,2050.5,1395.2,2033.3,1274.3,2138.7,1151.3,2186.2,1035.6,2201.0,930.9,2193.5,809.5,2149.4,698.4,2040.7
118.0,1.95,696.9,2041.2,825.0,2003.6,947.0,1981.6,1046.2,2002.6,1155.0,1979.8,1279.1,2002.4,1393.6,2033.7,1344.8,2050.8,1159.6,2062.6,1047.8,2079.5,947.1,2070.5,740.9,2054.3,740.9,2054.3,935.0,2074.9,1035.7,2082.9,1146.8,2070.0,1344.8,2050.8,1393.6,2033.7,1273.5,2139.3,1150.9,2187.1,1034.6,2201.9,929.3,2194.4,807.9,2150.0,696.9,2041.2
119.0,1.967,695.9,2041.4,823.9,2004.4,945.9,1982.4,1044.7,2003.5,1153.2,1980.5,1277.2,2003.0,1392.0,2033.9,1343.2,2051.2,1157.9,2063.5,1046.5,2080.4,946.1,2071.4,739.8,2054.7,739.8,2054.7,933.7,2075.6,1034.1,2083.4,1144.9,2070.5,1343.2,2051.2,1392.0,2033.9,1271.5,2139.9,1148.8,2188.1,1032.8,2203.0,927.9,2195.5,806.5,2151.0,695.9,2041.4
120.0,1.983,694.5,2041.4,822.9,2004.9,945.4,1982.8,1043.9,2004.1,1152.3,1981.0,1276.1,2004.1,1391.2,2034.7,1342.3,2052.1,1157.0,2064.1,1045.6,2081.1,945.6,2072.0,738.2,2054.8,738.2,2054.8,933.6,2075.9,1033.6,2083.9,1144.3,2070.7,1342.3,2052.1,1391.2,2034.7,1270.4,2141.0,1148.0,2188.8,1032.2,2204.0,927.6,2196.4,805.6,2151.8,694.5,2041.4
121.0,2.0,693.6,2041.9,822.1,2005.4,944.6,1983.3,1042.9,2004.4,1151.1,1981.3,1275.1,2004.3,1390.7,2035.0,1341.7,2052.2,1155.9,2064.4,1044.6,2081.5,944.9,2072.5,737.5,2055.2,737.5,2055.2,933.2,2075.9,1033.0,2083.8,1143.5,2070.8,1341.7,2052.2,1390.7,2035.0,1269.7,2141.1,1147.3,2188.6,1031.8,2203.6,927.3,2196.1,805.1,2151.8,693.6,2041.9
122.0,2.017,693.5,2041.9,821.1,2005.2,943.2,1983.5,1042.1,2004.9,1151.0,1981.8,1274.7,2004.8,1388.9,2036.0,1340.3,2052.9,1155.6,2064.8,1043.7,2081.7,943.3,2072.4,737.5,2055.0,737.5,2055.0,932.0,2076.8,1032.6,2085.0,1143.7,2071.9,1340.3,2052.9,1388.9,2036.0,1269.6,2141.7,1147.7,2189.7,1031.5,2204.7,926.3,2197.0,804.5,2152.2,693.5,2041.9
123.0,2.033,694.0,2042.4,821.7,2005.6,943.7,1984.0,1042.4,2005.3,1151.0,1982.3,1274.6,2005.4,1388.8,2036.5,1340.2,2053.5,1155.6,2065.1,1044.0,2082.0,943.9,2072.8,737.8,2055.7,737.8,2055.7,932.3,2077.4,1032.5,2085.5,1143.4,2072.4,1340.2,2053.5,1388.8,2036.5,1269.1,2142.0,1147.2,2189.8,1031.2,2204.9,926.4,2197.2,804.7,2152.4,694.0,2042.4
124.0,2.05,693.3,2042.6,821.2,2006.2,943.3,1984.5,1042.3,2005.8,1151.4,1983.1,1275.0,2006.1,1388.9,2036.8,1340.3,2054.0,1155.9,2065.8,1043.8,2082.5,943.3,2073.2,737.1,2056.0,737.1,2056.0,931.5,2077.3,1032.1,2085.6,1143.5,2072.6,1340.3,2054.0,1388.9,2036.8,1269.2,2142.3,1147.3,2190.2,1030.8,2205.1,925.6,2197.2,804.0,2152.3,693.3,2042.6
125.0,2.067,693.4,2042.9,821.4,2006.3,943.7,1984.6,1042.4,2006.0,1150.8,1983.2,1274.8,2006.2,1389.4,2037.3,1340.7,2054.4,1155.4,2066.8,1044.0,2083.4,943.8,2074.1,737.4,2056.1,737.4,2056.1,932.3,2077.3,1032.6,2085.4,1143.3,2072.6,1340.7,2054.4,1389.4,2037.3,1269.5,2142.8,1147.2,2190.8,1031.3,2205.6,926.4,2197.9,804.5,2153.1,693.4,2042.9
126.0,2.083,694.7,2043.0,822.1,2006.1,943.8,1984.6,1043.2,2006.1,1152.7,1983.3,1275.4,2006.5,1388.3,2037.7,1339.9,2054.5,1157.2,2066.4,1044.6,2083.0,943.8,2073.6,738.7,2056.1,738.7,2056.1,932.4,2077.5,1033.3,2085.8,1145.1,2072.6,1339.9,2054.5,1388.3,2037.7,1269.9,2142.3,1148.9,2190.3,1032.0,2205.4,926.6,2197.5,805.1,2152.6,694.7,2043.0
127.0,2.1,695.1,2042.6,823.4,2006.7,945.4,1984.7,1044.2,2006.1,1152.8,1983.4,1275.5,2006.9,1388.9,2037.7,1340.4,2055.2,1157.0,2066.2,1045.3,2083.0,945.0,2073.8,739.0,2056.2,739.0,2056.2,933.0,2077.5,1033.2,2085.9,1144.1,2072.7,1340.4,2055.2,1388.9,2037.7,1268.9,2143.2,1147.7,2190.5,1031.7,2205.4,927.0,2197.5,805.7,2152.8,695.1,2042.6
128.0,2.117,695.8,2041.6,824.4,2006.7,946.9,1985.2,1045.2,2006.7,1153.4,1983.9,1276.2,2007.0,1390.5,2036.8,1342.0,2054.4,1157.9,2067.2,1046.5,2084.1,946.7,2074.8,739.5,2055.3,739.5,2055.3,934.6,2077.8,1034.2,2086.0,1144.7,2072.6,1342.0,2054.4,1390.5,2036.8,1269.6,2143.2,1147.9,2191.1,1032.4,2206.3,928.0,2198.4,806.3,2153.1,695.8,2041.6
129.0,2.133,696.5,2042.7,824.6,2006.4,946.7,1984.7,1045.1,2006.3,1153.1,1983.6,1276.3,2006.5,1390.5,2037.6,1342.0,2054.7,1157.5,2067.0,1046.4,2083.6,946.5,2074.3,740.4,2056.0,740.4,2056.0,934.7,2077.7,1034.5,2085.9,1144.8,2072.9,1342.0,2054.7,1390.5,2037.6,1270.2,2142.9,1148.3,2190.8,1032.9,2205.7,928.6,2197.9,807.0,2153.0,696.5,2042.7
130.0,2.15,695.9,2042.3,824.7,2007.1,946.8,1985.6,1045.8,2007.1,1154.7,1984.4,1277.4,2007.3,1391.2,2037.2,1342.8,2054.9,1159.1,2067.3,1047.0,2084.0,946.5,2074.6,739.5,2056.1,739.5,2056.1,933.9,2077.9,1034.3,2086.2,1145.5,2072.9,1342.8,2054.9,1391.2,2037.2,1270.5,2142.9,1148.8,2190.8,1032.5,2205.9,927.6,2197.9,806.3,2152.9,695.9,2042.3
131.0,2.167,696.0,2042.7,824.8,2007.9,947.3,1987.0,1045.5,2008.6,1153.6,1985.9,1276.5,2008.5,1391.0,2038.0,1342.8,2055.3,1158.0,2068.5,1046.8,2085.1,947.1,2075.7,739.7,2056.0,739.7,2056.0,935.6,2079.4,1035.2,2087.7,1145.4,2074.6,1342.8,2055.3,1391.0,2038.0,1270.4,2143.9,1148.7,2192.2,1033.4,2207.1,929.2,2199.2,807.2,2153.7,696.0,2042.7
132.0,2.183,696.3,2044.3,824.5,2008.9,946.9,1987.4,1045.1,2008.9,1153.2,1986.4,1275.7,2009.4,1389.5,2039.6,1341.3,2056.8,1157.5,2069.1,1046.3,2085.5,946.6,2076.1,740.1,2057.6,740.1,2057.6,935.1,2080.2,1034.7,2088.5,1145.0,2075.6,1341.3,2056.8,1389.5,2039.6,1269.6,2145.2,1148.3,2193.5,1033.0,2208.2,928.7,2200.3,807.0,2155.0,696.3,2044.3
133.0,2.2,696.4,2045.5,824.5,2010.2,946.6,1988.9,1045.6,2010.5,1154.6,1987.8,1276.9,2010.8,1390.0,2041.1,1341.9,2058.3,1158.8,2070.6,1046.7,2087.2,946.2,2077.7,740.2,2058.8,740.2,2058.8,934.8,2081.4,1035.2,2089.9,1146.4,2076.8,1341.9,2058.3,1390.0,2041.1,1270.8,2146.1,1149.7,2194.4,1033.5,2209.3,928.5,2201.3,806.9,2155.9,696.4,2045.5
134.0,2.217,698.1,2046.8,826.4,2011.6,948.3,1990.2,1046.5,2011.7,1154.7,1989.1,1277.1,2012.2,1390.4,2042.2,1342.1,2059.5,1158.9,2072.0,1047.6,2088.4,947.8,2079.0,742.0,2060.2,742.0,2060.2,936.1,2082.4,1035.9,2090.8,1146.3,2077.9,1342.1,2059.5,1390.4,2042.2,1270.7,2147.7,1149.7,2195.7,1034.2,2210.5,929.9,2202.4,808.7,2157.1,698.1,2046.8
135.0,2.233,699.7,2047.8,827.4,2012.5,948.6,1991.3,1047.5,2013.0,1156.6,1990.2,1278.8,2013.3,1391.4,2043.6,1342.9,2060.6,1160.6,2073.2,1048.5,2089.8,948.0,2080.3,743.6,2060.9,743.6,2060.9,936.5,2083.1,1036.9,2091.8,1148.2,2078.6,1342.9,2060.6,1391.4,2043.6,1272.3,2148.3,1151.3,2196.7,1035.0,2211.8,930.0,2203.4,809.7,2157.7,699.7,2047.8
136.0,2.25,699.3,2048.0,827.5,2013.0,949.4,1992.2,1047.9,2014.0,1156.6,1991.4,1279.0,2014.3,1392.4,2044.3,1343.9,2061.3,1160.6,2074.1,1048.9,2090.6,948.8,2081.0,743.2,2061.2,743.2,2061.2,937.4,2084.2,1037.4,2092.7,1148.3,2079.7,1343.9,2061.3,1392.4,2044.3,1272.7,2149.4,1151.2,2197.7,1035.3,2212.6,930.6,2204.3,809.7,2158.6,699.3,2048.0
137.0,2.267,698.9,2048.3,827.3,2013.8,949.5,1993.1,1048.4,2014.8,1157.4,1992.4,1280.1,2014.9,1393.7,2044.6,1345.2,2062.0,1161.6,2074.6,1049.5,2091.1,949.0,2081.4,742.7,2061.9,742.7,2061.9,937.2,2085.5,1037.7,2094.1,1148.9,2081.1,1345.2,2062.0,1393.7,2044.6,1273.7,2150.0,1152.0,2198.4,1035.7,2213.2,930.7,2205.1,809.3,2159.3,698.9,2048.3
138.0,2.283,698.7,2049.2,827.6,2014.7,950.3,1993.6,1048.7,2015.2,1157.1,1992.9,1279.9,2015.7,1393.5,2045.5,1345.1,2063.1,1161.2,2075.4,1049.9,2091.7,949.9,2082.1,742.6,2063.0,742.6,2063.0,938.1,2085.9,1038.1,2094.3,1148.7,2081.6,1345.1,2063.1,1393.5,2045.5,1273.5,2151.1,1152.0,2199.2,1036.4,2213.8,931.8,2205.8,809.9,2160.2,698.7,2049.2
139.0,2.3,699.7,2050.1,828.1,2015.5,950.3,1994.5,1049.2,2016.1,1158.2,1993.6,1280.5,2016.2,1393.5,2045.9,1345.1,2063.5,1162.4,2076.2,1050.3,2092.6,949.9,2083.0,743.5,2063.7,743.5,2063.7,938.1,2087.0,1038.5,2095.5,1149.8,2082.4,1345.1,2063.5,1393.5,2045.9,1274.0,2151.2,1152.9,2200.2,1036.6,2215.2,931.6,2207.1,810.3,2161.2,699.7,2050.1
140.0,2.317,699.6,2050.9,828.8,2016.7,951.3,1995.6,1049.6,2017.1,1157.6,1994.7,1280.2,2017.1,1394.0,2046.5,1345.5,2064.2,1161.9,2077.4,1050.8,2093.8,951.0,2084.4,743.6,2064.6,743.6,2064.6,939.2,2086.8,1038.9,2095.2,1149.1,2082.3,1345.5,2064.2,1394.0,2046.5,1273.8,2151.9,1152.5,2200.3,1037.2,2215.0,932.9,2207.1,811.2,2161.8,699.6,2050.9
141.0,2.333,700.7,2051.1,829.2,2016.7,951.4,1995.7,1050.3,2017.4,1159.3,1994.9,1281.4,2017.6,1394.2,2047.4,1345.8,2064.9,1163.4,2077.7,1051.4,2094.2,951.0,2084.5,744.6,2064.7,744.6,2064.7,939.5,2087.3,1039.8,2095.9,1151.0,2082.9,1345.8,2064.9,1394.2,2047.4,1275.0,2152.2,1154.3,2200.9,1038.1,2215.8,933.1,2207.7,811.6,2161.9,700.7,2051.1
142.0,2.35,701.2,2050.8,830.6,2016.5,953.1,1996.0,1051.6,2017.6,1160.2,1995.1,1282.4,2017.6,1395.3,2046.9,1347.1,2064.5,1164.4,2077.4,1052.7,2094.1,952.7,2084.5,745.0,2064.5,745.0,2064.5,941.1,2087.6,1041.0,2096.1,1151.8,2082.9,1347.1,2064.5,1395.3,2046.9,1275.8,2152.2,1154.8,2200.5,1039.0,2215.5,934.4,2207.3,812.6,2161.5,701.2,2050.8
143.0,2.367,701.5,2051.3,829.9,2016.1,952.3,1995.5,1050.6,2017.1,1158.9,1994.6,1281.5,2017.2,1395.0,2047.3,1346.6,2064.4,1163.3,2077.3,1051.9,2093.7,952.1,2084.2,745.4,2064.5,745.4,2064.5,940.9,2087.4,1040.6,2095.8,1151.1,2082.8,1346.6,2064.4,1395.0,2047.3,1275.5,2152.0,1154.2,2200.3,1038.7,2215.0,934.3,2207.1,812.4,2161.5,701.5,2051.3
144.0,2.383,701.4,2051.2,829.7,2016.8,952.0,1995.9,1050.9,2017.6,1159.9,1995.2,1282.0,2018.0,1395.0,2047.3,1346.7,2064.9,1164.1,2077.7,1051.9,2094.1,951.5,2084.4,745.2,2064.6,745.2,2064.6,939.8,2088.2,1040.1,2096.8,1151.3,2083.8,1346.7,2064.9,1395.0,2047.3,1275.4,2152.5,1154.3,2201.2,1038.1,2215.9,933.1,2207.7,811.8,2161.7,701.4,2051.2
145.0,2.4,700.4,2050.6,830.0,2016.7,953.0,1995.9,1051.4,2017.4,1159.6,1994.9,1282.0,2017.3,1395.3,2046.8,1347.0,2064.5,1163.6,2076.7,1052.4,2093.2,952.4,2083.6,744.3,2064.4,744.3,2064.4,940.9,2088.2,1040.7,2096.6,1151.1,2083.7,1347.0,2064.5,1395.3,2046.8,1275.5,2152.5,1154.4,2200.7,1039.0,2215.5,934.5,2207.4,812.3,2161.7,700.4,2050.6
146.0,2.417,700.8,2050.0,830.1,2016.5,953.5,1995.9,1051.6,2017.4,1159.8,1995.0,1282.2,2017.8,1396.1,2046.5,1348.0,2064.3,1164.1,2077.2,1052.7,2093.7,953.1,2084.1,744.5,2063.9,744.5,2063.9,941.9,2087.9,1041.4,2096.2,1151.9,2083.1,1348.0,2064.3,1396.1,2046.5,1275.9,2152.6,1154.7,2200.8,1039.4,2215.6,935.1,2207.6,812.3,2161.7,700.8,2050.0
147.0,2.433,702.5,2050.7,831.9,2016.7,954.8,1996.2,1053.0,2017.7,1161.2,1995.0,1283.4,2017.2,1396.3,2046.5,1348.4,2064.1,1165.2,2077.0,1054.1,2093.6,954.3,2084.0,746.4,2064.5,746.4,2064.5,943.3,2087.5,1043.0,2096.0,1153.2,2082.9,1348.4,2064.1,1396.3,2046.5,1277.4,2152.1,1156.7,2200.3,1041.4,2215.3,937.0,2207.2,814.6,2161.6,702.5,2050.7
148.0,2.45,703.4,2050.9,832.6,2016.5,955.5,1995.5,1053.8,2017.1,1162.3,1994.4,1284.3,2017.3,1397.0,2046.2,1349.3,2063.8,1166.6,2076.6,1054.9,2093.2,955.1,2083.8,747.0,2064.5,747.0,2064.5,944.1,2087.5,1043.8,2095.9,1154.5,2082.7,1349.3,2063.8,1397.0,2046.2,1278.1,2151.9,1157.5,2200.3,1042.0,2215.3,937.4,2207.2,815.1,2161.3,703.4,2050.9
149.0,2.467,703.3,2051.0,833.1,2017.5,956.4,1996.8,1054.7,2018.1,1163.1,1995.3,1285.2,2017.4,1398.8,2045.8,1350.7,2063.8,1167.4,2077.0,1055.9,2093.9,956.0,2084.4,746.9,2064.9,746.9,2064.9,944.4,2088.6,1044.1,2096.9,1154.7,2083.5,1350.7,2063.8,1398.8,2045.8,1278.8,2152.2,1157.7,2200.6,1042.2,2215.7,937.8,2207.8,815.3,2162.2,703.3,2051.0
150.0,2.483,704.9,2051.8,834.9,2018.1,958.1,1997.3,1056.2,2018.4,1164.2,1995.7,1286.5,2017.9,1400.0,2045.8,1352.3,2063.8,1168.5,2077.1,1057.3,2094.0,957.9,2084.8,748.4,2065.7,748.4,2065.7,946.6,2089.6,1046.0,2097.8,1156.2,2084.4,1352.3,2063.8,1400.0,2045.8,1280.5,2152.6,1159.5,2201.2,1044.5,2216.3,940.4,2208.5,817.6,2162.9,704.9,2051.8
151.0,2.5,706.2,2052.8,836.0,2018.8,959.3,1998.3,1056.9,2019.5,1164.2,1996.7,1286.4,2018.4,1400.1,2046.6,1352.4,2064.4,1168.7,2078.2,1058.2,2095.1,959.2,2085.9,750.0,2066.5,750.0,2066.5,948.1,2090.1,1047.1,2098.2,1156.5,2084.8,1352.4,2064.4,1400.1,2046.6,1280.9,2153.3,1160.1,2201.7,1045.7,2216.8,942.0,2209.2,818.9,2164.0,706.2,2052.8
152.0,2.517,705.8,2053.4,836.0,2019.4,959.3,1998.8,1057.2,2020.0,1164.6,1997.0,1287.0,2018.7,1400.8,2047.0,1352.9,2064.7,1169.1,2079.0,1058.5,2096.0,959.2,2086.7,749.8,2067.0,749.8,2067.0,948.0,2089.7,1047.3,2097.8,1156.8,2084.6,1352.9,2064.7,1400.8,2047.0,1281.5,2154.0,1160.6,2202.5,1046.1,2217.5,942.0,2209.9,818.9,2164.6,705.8,2053.4
153.0,2.533,705.7,2054.0,835.5,2019.2,958.7,1998.6,1056.5,2019.9,1163.7,1996.9,1286.6,2018.5,1400.2,2047.9,1352.2,2065.3,1168.0,2079.0,1057.8,2096.0,958.4,2086.7,749.7,2067.7,749.7,2067.7,947.6,2089.5,1047.0,2097.6,1156.3,2084.8,1352.2,2065.3,1400.2,2047.9,1281.6,2154.5,1160.2,2202.6,1045.9,2217.4,941.7,2209.7,818.8,2164.6,705.7,2054.0
154.0,2.55,705.7,2054.3,834.7,2019.7,957.5,1998.5,1055.8,2019.9,1164.0,1997.0,1286.3,2019.2,1399.4,2048.1,1351.4,2065.7,1168.5,2079.1,1057.3,2095.9,957.4,2086.6,749.6,2067.9,749.6,2067.9,946.3,2090.8,1046.1,2098.9,1156.4,2085.6,1351.4,2065.7,1399.4,2048.1,1280.8,2154.4,1160.0,2203.2,1044.7,2218.3,940.2,2210.6,817.7,2165.3,705.7,2054.3
155.0,2.567,704.8,2054.7,834.4,2020.1,957.4,1998.9,1055.4,2020.0,1162.9,1997.1,1285.2,2018.9,1398.7,2047.7,1350.7,2065.5,1167.3,2079.0,1056.8,2095.9,957.3,2086.7,748.6,2068.3,748.6,2068.3,945.8,2091.3,1045.2,2099.3,1154.8,2086.1,1350.7,2065.5,1398.7,2047.7,1279.5,2154.6,1158.6,2203.4,1043.9,2218.4,939.8,2210.9,817.2,2165.7,704.8,2054.7
156.0,2.583,703.5,2054.1,833.0,2020.0,956.3,1999.6,1054.3,2020.9,1162.1,1997.9,1284.8,2019.4,1398.4,2047.8,1350.5,2065.4,1166.7,2080.2,1055.8,2097.1,956.3,2087.8,747.4,2067.6,747.4,2067.6,945.3,2090.9,1044.8,2099.0,1154.7,2085.7,1350.5,2065.4,1398.4,2047.8,1279.5,2154.7,1158.2,2203.7,1043.4,2218.7,939.0,2211.1,816.0,2165.4,703.5,2054.1
157.0,2.6,703.2,2054.1,832.5,2019.9,955.6,1999.5,1054.0,2021.0,1162.1,1998.0,1284.6,2019.8,1398.1,2048.0,1350.2,2065.5,1166.6,2080.4,1055.3,2097.4,955.5,2088.0,747.2,2067.4,747.2,2067.4,944.6,2090.9,1044.3,2099.1,1154.6,2085.8,1350.2,2065.5,1398.1,2048.0,1279.1,2154.9,1158.0,2204.1,1042.8,2219.2,938.2,2211.5,815.4,2165.4,703.2,2054.1
158.0,2.617,703.5,2054.4,833.2,2020.0,955.8,1999.8,1054.3,2020.9,1162.5,1998.2,1284.9,2019.5,1398.1,2047.8,1350.2,2065.6,1166.8,2080.3,1055.5,2097.2,955.5,2087.9,747.4,2068.0,747.4,2068.0,943.7,2091.4,1043.6,2099.7,1154.0,2086.5,1350.2,2065.6,1398.1,2047.8,1278.9,2154.8,1157.5,2203.8,1042.2,2218.8,937.6,2210.9,815.5,2165.0,703.5,2054.4
159.0,2.633,703.3,2054.8,832.7,2020.2,955.3,1999.8,1053.6,2021.1,1161.7,1997.9,1284.2,2019.4,1397.8,2048.1,1349.7,2065.7,1166.1,2079.8,1054.8,2096.8,955.1,2087.6,747.0,2068.2,747.0,2068.2,943.7,2092.5,1043.3,2100.7,1153.6,2087.3,1349.7,2065.7,1397.8,2048.1,1278.4,2154.6,1156.9,2203.7,1041.6,2218.9,937.3,2211.1,815.2,2165.2,703.3,2054.8
160.0,2.65,703.1,2054.5,832.5,2020.3,955.6,1999.6,1053.4,2020.9,1161.0,1998.0,1283.5,2019.7,1397.1,2048.1,1349.1,2065.9,1165.6,2079.9,1054.8,2096.8,955.5,2087.6,746.8,2068.2,746.8,2068.2,944.3,2092.4,1043.6,2100.6,1153.4,2087.2,1349.1,2065.9,1397.1,2048.1,1277.9,2155.1,1156.9,2204.0,1042.1,2219.1,938.1,2211.4,815.4,2165.6,703.1,2054.5
161.0,2.667,702.9,2055.6,832.3,2020.2,955.0,2000.0,1053.0,2021.2,1160.7,1998.1,1283.0,2019.6,1396.3,2048.8,1348.4,2066.3,1165.2,2079.6,1054.5,2096.6,955.0,2087.5,746.9,2069.0,746.9,2069.0,944.0,2093.0,1043.5,2101.1,1153.3,2087.8,1348.4,2066.3,1396.3,2048.8,1277.9,2155.4,1157.0,2204.1,1042.2,2219.1,938.1,2211.5,815.4,2166.2,702.9,2055.6
162.0,2.683,702.2,2055.8,831.4,2021.4,954.1,2000.9,1052.4,2022.1,1160.4,1999.0,1282.7,2020.5,1395.7,2049.1,1347.8,2066.8,1164.8,2081.3,1053.9,2098.3,954.0,2089.0,746.2,2069.3,746.2,2069.3,942.7,2092.5,1042.6,2100.7,1152.6,2087.4,1347.8,2066.8,1395.7,2049.1,1277.4,2155.8,1156.4,2205.0,1041.4,2220.0,936.8,2212.4,814.5,2166.7,702.2,2055.8
163.0,2.7,702.5,2056.3,831.9,2022.5,954.6,2002.0,1052.5,2023.3,1160.0,2000.1,1282.2,2021.7,1395.8,2049.5,1347.8,2067.2,1164.4,2082.8,1053.8,2099.7,954.4,2090.5,746.6,2069.6,746.6,2069.6,943.4,2092.9,1042.7,2101.1,1152.3,2087.7,1347.8,2067.2,1395.8,2049.5,1276.9,2156.6,1156.0,2205.9,1041.4,2221.0,937.4,2213.4,815.0,2167.5,702.5,2056.3
164.0,2.717,702.8,2057.0,832.7,2022.9,956.1,2002.4,1053.1,2023.4,1159.4,2000.5,1282.3,2021.9,1396.5,2050.0,1348.7,2067.8,1164.1,2082.6,1054.7,2099.5,956.1,2090.6,746.8,2070.6,746.8,2070.6,945.2,2094.5,1043.7,2102.5,1152.2,2089.3,1348.7,2067.8,1396.5,2050.0,1277.4,2157.7,1156.1,2206.6,1042.7,2221.5,939.4,2214.1,816.1,2168.7,702.8,2057.0
165.0,2.733,702.3,2057.2,832.0,2024.0,955.2,2003.6,1052.9,2024.7,1160.0,2001.6,1282.5,2023.0,1396.4,2050.5,1348.4,2068.5,1164.7,2083.9,1054.3,2101.0,955.2,2091.9,746.3,2071.0,746.3,2071.0,943.7,2094.9,1042.8,2102.9,1152.1,2089.5,1348.4,2068.5,1396.4,2050.5,1276.9,2158.3,1155.7,2207.2,1041.4,2222.3,937.6,2214.7,814.8,2169.0,702.3,2057.2
166.0,2.75,702.2,2058.3,831.1,2024.4,954.2,2003.8,1052.2,2025.1,1159.8,2002.0,1282.5,2023.5,1396.2,2051.5,1348.1,2069.2,1164.5,2084.5,1053.8,2101.3,954.2,2092.2,746.3,2071.6,746.3,2071.6,943.5,2095.6,1043.0,2103.6,1152.8,2090.2,1348.1,2069.2,1396.2,2051.5,1277.6,2158.6,1156.7,2208.2,1041.9,2223.3,937.6,2215.8,814.7,2169.9,702.2,2058.3
167.0,2.767,701.3,2058.8,831.0,2025.5,954.4,2005.1,1052.1,2026.3,1159.4,2003.1,1282.2,2023.8,1395.9,2051.4,1347.9,2069.3,1164.1,2085.6,1053.8,2102.6,954.5,2093.4,745.4,2072.5,745.4,2072.5,943.6,2096.1,1042.8,2104.0,1152.3,2090.5,1347.9,2069.3,1395.9,2051.4,1277.3,2158.8,1156.2,2208.5,1041.8,2223.8,937.8,2216.4,814.5,2170.6,701.3,2058.8
168.0,2.783,700.9,2059.9,830.4,2026.1,953.4,2005.7,1051.2,2027.1,1158.5,2003.9,1281.6,2024.9,1395.8,2052.8,1347.7,2070.5,1163.2,2087.1,1052.9,2104.1,953.5,2094.9,745.3,2073.4,745.3,2073.4,942.5,2096.6,1041.8,2104.7,1151.3,2091.3,1347.7,2070.5,1395.8,2052.8,1276.8,2160.2,1155.4,2210.0,1040.9,2225.3,936.8,2217.7,813.9,2171.8,700.9,2059.9
169.0,2.8,701.0,2061.8,829.9,2027.5,952.4,2006.6,1050.9,2027.9,1159.1,2004.9,1281.3,2026.1,1394.1,2054.5,1346.0,2072.3,1163.6,2086.6,1052.3,2103.5,952.3,2094.3,745.1,2075.3,745.1,2075.3,941.1,2099.4,1041.1,2107.6,1151.5,2094.1,1346.0,2072.3,1394.1,2054.5,1276.1,2160.9,1155.5,2210.7,1040.0,2226.0,935.4,2218.3,813.4,2172.5,701.0,2061.8
170.0,2.817,701.0,2061.4,830.5,2028.2,953.6,2007.2,1051.2,2028.5,1158.5,2005.4,1280.5,2026.8,1393.9,2054.2,1346.0,2072.4,1163.1,2087.8,1052.8,2104.7,953.6,2095.6,744.9,2075.3,744.9,2075.3,942.3,2098.5,1041.3,2106.5,1150.8,2093.0,1346.0,2072.4,1393.9,2054.2,1275.0,2161.6,1154.5,2210.9,1040.2,2226.2,936.3,2218.7,813.5,2173.1,701.0,2061.4
171.0,2.833,702.5,2061.5,832.1,2027.9,955.1,2007.0,1052.5,2028.0,1159.4,2004.6,1281.0,2026.1,1393.9,2053.8,1346.2,2071.9,1164.0,2086.3,1054.0,2103.4,955.2,2094.4,746.3,2075.2,746.3,2075.2,944.6,2099.0,1043.4,2106.9,1152.4,2093.4,1346.2,2071.9,1393.9,2053.8,1276.2,2161.3,1156.5,2210.4,1042.5,2225.9,939.0,2218.6,815.8,2173.4,702.5,2061.5
172.0,2.85,702.5,2060.6,832.5,2027.2,955.8,2006.6,1053.1,2027.7,1159.9,2004.4,1282.1,2025.5,1396.1,2052.8,1348.2,2070.9,1164.5,2085.9,1054.7,2103.0,955.9,2094.0,746.4,2074.4,746.4,2074.4,945.0,2098.8,1043.8,2106.8,1152.6,2093.3,1348.2,2070.9,1396.1,2052.8,1277.2,2160.8,1156.6,2210.3,1042.7,2225.6,939.3,2218.3,816.0,2172.7,702.5,2060.6
173.0,2.867,703.3,2061.1,832.9,2027.5,956.1,2006.6,1053.6,2027.7,1160.4,2004.2,1282.6,2025.4,1396.3,2052.6,1348.5,2070.5,1165.2,2086.1,1055.2,2103.2,956.3,2094.3,747.3,2074.5,747.3,2074.5,945.8,2098.1,1044.7,2106.0,1153.7,2092.5,1348.5,2070.5,1396.3,2052.6,1278.1,2160.3,1157.9,2209.8,1043.9,2225.2,940.3,2218.1,816.9,2172.7,703.3,2061.1
174.0,2.883,704.3,2061.2,833.4,2026.9,955.9,2006.1,1053.5,2027.0,1160.5,2003.6,1282.9,2024.4,1396.4,2052.3,1348.5,2070.2,1165.2,2085.1,1055.1,2102.4,956.1,2093.6,748.2,2074.6,748.2,2074.6,945.0,2098.9,1044.0,2106.7,1153.2,2093.0,1348.5,2070.2,1396.4,2052.3,1278.1,2159.7,1157.3,2209.6,1043.1,2225.1,939.4,2217.8,817.1,2172.4,704.3,2061.2
175.0,2.9,702.4,2061.3,831.8,2027.4,955.0,2006.3,1052.4,2027.3,1159.2,2004.3,1281.7,2025.1,1395.9,2052.7,1347.8,2070.8,1164.0,2086.2,1054.2,2103.0,955.3,2094.2,746.6,2074.8,746.6,2074.8,944.1,2098.7,1042.9,2106.5,1151.8,2093.0,1347.8,2070.8,1395.9,2052.7,1276.9,2159.9,1156.0,2209.6,1042.1,2224.9,938.6,2217.8,815.6,2172.6,702.4,2061.3
176.0,2.917,700.8,2060.5,830.4,2027.5,953.6,2007.0,1051.2,2027.9,1158.3,2004.6,1280.8,2025.3,1394.7,2052.2,1346.8,2070.4,1163.0,2085.5,1052.8,2102.8,953.8,2093.8,744.5,2074.3,744.5,2074.3,942.6,2099.3,1041.7,2107.2,1151.0,2093.4,1346.8,2070.4,1394.7,2052.2,1275.8,2160.1,1154.9,2210.0,1040.6,2225.6,936.9,2218.2,813.9,2172.5,700.8,2060.5
177.0,2.933,700.1,2061.8,829.0,2027.6,951.8,2007.2,1050.0,2028.3,1157.6,2005.2,1280.2,2025.4,1393.7,2053.4,1345.8,2071.1,1162.5,2086.7,1051.8,2103.8,952.2,2094.6,744.4,2075.2,744.4,2075.2,941.5,2099.3,1041.0,2107.2,1150.9,2093.6,1345.8,2071.1,1393.7,2053.4,1275.8,2159.8,1155.2,2210.0,1040.3,2225.4,936.1,2218.2,813.1,2172.8,700.1,2061.8
178.0,2.95,700.6,2062.4,829.2,2028.1,951.9,2007.4,1049.5,2028.5,1156.6,2005.4,1279.2,2026.1,1392.8,2054.3,1344.8,2071.9,1161.4,2087.3,1051.3,2104.3,952.2,2095.2,744.9,2075.6,744.9,2075.6,941.4,2100.1,1040.5,2108.0,1149.8,2094.5,1344.8,2071.9,1392.8,2054.3,1274.8,2161.2,1154.0,2211.4,1039.7,2226.7,935.9,2219.4,813.3,2173.7,700.6,2062.4
179.0,2.967,701.4,2063.1,829.6,2029.7,952.0,2008.8,1049.9,2030.1,1157.7,2007.0,1279.4,2027.9,1392.4,2055.0,1344.5,2073.1,1162.5,2088.6,1051.6,2105.5,952.2,2096.4,745.3,2076.5,745.3,2076.5,941.3,2101.9,1040.5,2109.9,1150.5,2096.0,1344.5,2073.1,1392.4,2055.0,1274.3,2161.6,1154.3,2212.6,1039.3,2228.4,935.4,2220.9,813.4,2174.7,701.4,2063.1
180.0,2.983,701.1,2063.7,830.1,2030.1,953.4,2009.2,1050.7,2030.4,1157.6,2007.1,1279.9,2028.1,1393.6,2055.5,1345.9,2073.6,1162.5,2089.1,1052.5,2106.1,953.8,2097.1,745.0,2077.2,745.0,2077.2,943.1,2102.1,1041.7,2110.0,1150.8,2096.2,1345.9,2073.6,1393.6,2055.5,1275.2,2163.0,1154.8,2213.3,1040.7,2228.8,937.3,2221.6,814.0,2175.7,701.1,2063.7
181.0,3.0,701.4,2065.5,830.0,2030.9,952.5,2010.2,1049.9,2031.4,1156.8,2007.8,1279.5,2028.6,1393.4,2056.8,1345.4,2074.4,1161.8,2090.1,1051.8,2107.3,953.0,2098.4,745.5,2078.6,745.5,2078.6,942.3,2102.3,1041.1,2110.1,1150.1,2096.3,1345.4,2074.4,1393.4,2056.8,1275.0,2163.5,1154.1,2213.7,1040.1,2229.3,936.6,2222.0,814.0,2176.3,701.4,2065.5
182.0,3.017,700.5,2066.1,829.6,2031.9,952.3,2011.3,1049.7,2032.3,1156.6,2008.7,1279.4,2029.0,1393.1,2056.7,1345.2,2074.6,1161.6,2090.9,1051.7,2108.3,952.8,2099.6,744.7,2079.5,744.7,2079.5,942.0,2102.9,1040.9,2110.5,1149.9,2096.6,1345.2,2074.6,1393.1,2056.7,1275.0,2163.8,1154.1,2214.2,1040.1,2230.0,936.5,2222.8,813.8,2177.4,700.5,2066.1
183.0,3.033,699.0,2066.4,828.3,2032.3,951.4,2011.5,1048.9,2032.3,1155.7,2008.8,1278.5,2029.4,1392.5,2056.9,1344.5,2074.9,1160.9,2091.4,1051.0,2108.8,952.0,2100.1,743.4,2079.8,743.4,2079.8,941.3,2102.2,1040.2,2109.8,1149.2,2096.0,1344.5,2074.9,1392.5,2056.9,1274.3,2164.4,1153.7,2214.4,1039.8,2230.0,936.1,2223.1,812.7,2178.0,699.0,2066.4
184.0,3.05,699.1,2066.4,828.1,2032.6,950.8,2011.5,1048.6,2032.4,1156.0,2008.9,1278.1,2029.8,1391.7,2057.1,1343.7,2075.4,1161.1,2091.1,1050.5,2108.5,951.2,2099.6,743.2,2080.0,743.2,2080.0,940.1,2103.1,1039.3,2110.8,1148.9,2096.8,1343.7,2075.4,1391.7,2057.1,1273.3,2164.4,1153.1,2214.5,1038.5,2230.3,934.6,2223.2,811.9,2178.0,699.1,2066.4
185.0,3.067,700.6,2067.1,830.0,2033.5,953.0,2011.9,1050.0,2032.7,1156.3,2009.1,1278.3,2030.4,1391.9,2057.5,1344.1,2075.9,1161.3,2091.6,1051.8,2109.0,953.4,2100.4,744.5,2080.8,744.5,2080.8,942.6,2103.3,1040.9,2110.9,1149.4,2097.1,1344.1,2075.9,1391.9,2057.5,1273.6,2165.5,1153.7,2215.4,1040.2,2231.2,937.1,2224.2,814.1,2179.0,700.6,2067.1
186.0,3.083,701.8,2067.5,830.2,2033.6,952.5,2012.3,1050.8,2033.2,1158.8,2009.6,1280.3,2031.1,1392.4,2058.3,1344.7,2076.6,1163.7,2091.7,1052.6,2109.1,952.9,2100.2,745.8,2081.1,745.8,2081.1,942.2,2103.8,1041.8,2111.8,1152.0,2097.6,1344.7,2076.6,1392.4,2058.3,1275.5,2165.7,1156.4,2215.8,1041.3,2231.7,936.9,2224.4,814.4,2178.9,701.8,2067.5
187.0,3.1,703.8,2067.6,832.5,2034.1,955.0,2012.8,1052.3,2033.7,1159.1,2010.2,1280.4,2031.2,1393.1,2058.1,1345.3,2076.6,1164.2,2092.2,1054.1,2109.5,955.5,2100.8,747.7,2081.4,747.7,2081.4,944.5,2104.8,1043.0,2112.5,1152.1,2098.2,1345.3,2076.6,1393.1,2058.1,1275.4,2165.8,1156.2,2216.1,1042.3,2232.1,938.9,2225.0,816.4,2179.6,703.8,2067.6
188.0,3.117,703.8,2067.4,832.8,2033.9,955.6,2013.2,1053.1,2034.1,1159.9,2010.5,1281.7,2031.1,1394.9,2058.1,1347.1,2076.2,1164.8,2092.1,1054.8,2109.6,956.0,2100.8,747.9,2080.8,747.9,2080.8,945.3,2105.4,1044.1,2113.1,1153.1,2099.2,1347.1,2076.2,1394.9,2058.1,1277.2,2166.1,1157.4,2216.4,1043.5,2232.2,939.9,2225.1,816.9,2179.6,703.8,2067.4
189.0,3.133,704.2,2068.2,833.7,2034.4,956.5,2013.3,1053.3,2034.1,1159.1,2010.6,1281.0,2031.4,1394.5,2058.6,1346.5,2076.9,1164.0,2093.1,1055.0,2110.6,956.9,2101.9,748.4,2081.9,748.4,2081.9,945.8,2104.6,1043.8,2112.2,1151.8,2098.4,1346.5,2076.9,1394.5,2058.6,1276.2,2166.9,1156.2,2216.7,1043.3,2232.4,940.4,2225.4,817.7,2180.2,704.2,2068.2
190.0,3.15,704.3,2068.4,832.9,2034.5,955.3,2013.3,1052.7,2034.3,1159.5,2010.7,1280.7,2031.8,1393.4,2059.1,1345.6,2077.3,1164.4,2093.0,1054.4,2110.5,955.6,2101.6,748.3,2081.8,748.3,2081.8,944.7,2104.9,1043.4,2112.7,1152.3,2098.7,1345.6,2077.3,1393.4,2059.1,1275.8,2166.7,1156.6,2216.9,1042.7,2232.8,939.3,2225.6,816.9,2180.2,704.3,2068.4
191.0,3.167,704.4,2069.2,832.8,2033.7,955.3,2012.3,1052.4,2033.2,1158.6,2009.8,1280.5,2030.8,1393.0,2059.8,1345.3,2077.7,1163.6,2092.4,1054.3,2109.7,955.8,2101.0,748.6,2082.5,748.6,2082.5,945.0,2105.4,1043.4,2112.9,1151.9,2099.1,1345.3,2077.7,1393.0,2059.8,1275.9,2166.8,1156.3,2216.8,1042.9,2232.5,939.6,2225.5,817.1,2180.5,704.4,2069.2
192.0,3.183,707.4,2072.4,834.5,2033.2,956.3,2010.3,1054.5,2030.8,1161.3,2007.9,1281.9,2029.7,1392.3,2061.9,1344.8,2079.3,1166.1,2090.8,1056.1,2108.1,956.6,2099.7,751.9,2084.9,751.9,2084.9,945.7,2103.7,1044.9,2110.9,1153.9,2096.8,1344.8,2079.3,1392.3,2061.9,1276.7,2166.3,1158.4,2214.9,1044.4,2230.5,940.5,2223.8,818.7,2180.7,707.4,2072.4
193.0,3.2,713.2,2078.9,839.2,2033.8,959.3,2010.1,1057.8,2029.6,1163.9,2006.7,1282.6,2029.8,1388.3,2067.3,1341.9,2084.2,1168.0,2089.2,1058.9,2107.0,959.0,2099.3,757.8,2091.0,757.8,2091.0,948.0,2104.0,1047.5,2110.4,1155.6,2096.2,1341.9,2084.2,1388.3,2067.3,1276.6,2169.3,1160.5,2214.8,1047.4,2230.3,943.4,2223.7,823.2,2183.2,713.2,2078.9
194.0,3.217,721.3,2084.6,844.3,2033.7,961.1,2009.5,1060.8,2028.5,1166.9,2006.1,1282.6,2031.7,1382.1,2075.1,1337.0,2090.0,1170.3,2088.9,1061.0,2106.7,960.2,2098.9,766.6,2095.3,766.6,2095.3,950.4,2103.9,1050.9,2110.3,1158.8,2096.2,1337.0,2090.0,1382.1,2075.1,1276.5,2173.5,1164.4,2215.2,1051.5,2230.1,946.8,2223.5,828.7,2185.5,721.3,2084.6
195.0,3.233,728.5,2088.4,846.6,2034.8,961.5,2007.3,1062.2,2027.1,1169.2,2006.2,1280.7,2036.4,1372.2,2083.7,1328.7,2098.7,1171.2,2089.0,1061.4,2104.2,959.8,2095.7,773.3,2099.5,773.3,2099.5,950.9,2102.8,1052.2,2109.8,1160.9,2096.2,1328.7,2098.7,1372.2,2083.7,1273.5,2178.2,1167.5,2218.7,1053.6,2233.6,948.3,2225.7,832.3,2187.8,728.5,2088.4
196.0,3.25,735.4,2090.9,849.8,2032.0,962.1,2005.6,1062.3,2025.8,1168.7,2005.6,1277.9,2037.7,1363.7,2090.0,1321.3,2103.0,1170.7,2088.1,1061.6,2102.2,960.7,2093.3,780.3,2101.5,780.3,2101.5,952.7,2103.4,1053.6,2110.4,1161.8,2096.8,1321.3,2103.0,1363.7,2090.0,1270.7,2181.0,1167.8,2219.5,1054.7,2234.0,949.8,2225.5,835.7,2188.4,735.4,2090.9
197.0,3.267,738.6,2092.3,851.1,2032.6,962.3,2005.4,1061.7,2025.9,1167.3,2006.1,1275.9,2039.2,1360.4,2092.9,1317.9,2105.4,1169.1,2088.9,1060.7,2102.3,960.6,2093.4,783.5,2102.3,783.5,2102.3,952.8,2104.9,1052.8,2112.5,1160.4,2099.1,1317.9,2105.4,1360.4,2092.9,1268.6,2182.8,1166.1,2220.9,1053.7,2235.0,949.6,2226.1,837.1,2188.6,738.6,2092.3
198.0,3.283,740.9,2097.3,851.9,2033.0,963.4,2001.8,1060.8,2023.2,1163.8,2003.2,1272.9,2039.4,1357.9,2098.0,1314.2,2108.9,1165.4,2091.6,1059.7,2103.7,961.2,2095.3,786.9,2105.3,786.9,2105.3,954.6,2100.1,1052.7,2107.7,1157.5,2095.8,1314.2,2108.9,1357.9,2098.0,1266.6,2184.4,1163.6,2221.8,1053.6,2234.9,951.0,2226.5,839.2,2189.8,740.9,2097.3
199.0,3.3,744.1,2098.7,853.8,2032.3,964.9,1999.3,1060.1,2021.1,1161.0,2000.7,1270.3,2038.3,1357.0,2099.0,1312.1,2108.6,1163.1,2090.7,1059.4,2102.4,963.1,2094.2,790.2,2105.6,790.2,2105.6,956.9,2100.1,1053.1,2107.7,1156.0,2096.3,1312.1,2108.6,1357.0,2099.0,1265.1,2184.0,1161.7,2220.7,1053.6,2233.5,953.0,2225.7,841.6,2189.7,744.1,2098.7
200.0,3.317,747.1,2100.3,856.2,2032.5,966.5,1997.7,1060.9,2019.7,1160.9,1998.9,1269.4,2037.7,1356.2,2099.8,1310.6,2109.0,1163.0,2090.4,1060.1,2102.1,964.6,2094.2,793.4,2106.7,793.4,2106.7,958.1,2098.0,1053.4,2105.7,1155.3,2094.5,1310.6,2109.0,1356.2,2099.8,1264.0,2184.0,1161.1,2219.8,1053.9,2232.5,954.2,2224.9,843.9,2189.6,747.1,2100.3
201.0,3.333,748.7,2100.9,856.5,2031.0,965.6,1995.9,1060.9,2017.6,1161.3,1997.0,1269.0,2036.3,1353.9,2100.6,1308.5,2109.5,1163.2,2088.9,1059.9,2100.8,963.5,2092.9,795.4,2106.6,795.4,2106.6,956.6,2096.0,1052.7,2104.0,1154.9,2093.0,1308.5,2109.5,1353.9,2100.6,1263.4,2183.9,1161.0,2218.7,1053.5,2230.7,952.9,2223.0,843.9,2188.4,748.7,2100.9
202.0,3.35,749.2,2100.7,856.1,2029.8,965.4,1993.1,1060.0,2015.1,1159.8,1994.5,1267.6,2035.3,1352.9,2100.9,1306.8,2109.6,1162.0,2087.2,1059.3,2098.5,963.5,2090.6,796.1,2106.5,796.1,2106.5,956.8,2094.9,1052.3,2102.8,1154.2,2092.0,1306.8,2109.6,1352.9,2100.9,1262.4,2184.0,1160.7,2217.8,1053.5,2229.7,953.5,2222.4,844.0,2188.6,749.2,2100.7
203.0,3.367,749.7,2101.1,856.2,2028.9,965.4,1992.0,1059.7,2014.0,1159.3,1992.9,1266.6,2034.1,1351.3,2100.8,1305.3,2109.0,1161.6,2086.5,1059.0,2098.1,963.6,2090.4,796.4,2106.4,796.4,2106.4,957.2,2092.7,1052.4,2100.4,1153.9,2089.6,1305.3,2109.0,1351.3,2100.8,1261.6,2182.7,1160.0,2216.1,1053.2,2228.1,953.3,2220.8,844.1,2187.5,749.7,2101.1
204.0,3.383,750.0,2100.0,856.4,2027.6,965.9,1990.7,1059.5,2013.2,1158.6,1991.7,1266.1,2033.0,1350.9,2099.7,1304.9,2107.6,1161.0,2085.6,1059.0,2097.1,964.2,2089.3,796.7,2105.2,796.7,2105.2,958.4,2091.7,1053.0,2099.5,1154.1,2088.8,1304.9,2107.6,1350.9,2099.7,1261.7,2181.9,1160.3,2215.9,1054.0,2228.0,954.6,2220.6,844.9,2186.8,750.0,2100.0
205.0,3.4,750.5,2099.2,856.2,2026.8,965.4,1989.3,1059.2,2011.7,1158.8,1990.6,1265.7,2032.5,1350.0,2099.4,1303.9,2107.7,1161.1,2084.1,1058.6,2095.3,963.6,2087.5,796.9,2104.7,796.9,2104.7,957.3,2091.4,1052.1,2099.4,1153.8,2088.7,1303.9,2107.7,1350.0,2099.4,1260.8,2181.3,1159.9,2214.9,1053.0,2227.0,953.4,2219.4,844.4,2185.7,750.5,2099.2
206.0,3.417,751.5,2099.9,856.3,2026.3,964.7,1988.1,1058.9,2010.4,1159.0,1989.2,1265.5,2031.9,1349.4,2099.7,1303.1,2107.5,1161.4,2083.1,1058.3,2094.2,963.1,2086.6,798.1,2104.8,798.1,2104.8,956.8,2089.5,1051.9,2097.4,1154.1,2086.6,1303.1,2107.5,1349.4,2099.7,1260.7,2179.8,1160.1,2212.8,1052.8,2224.9,952.9,2217.5,844.5,2184.5,751.5,2099.9
207.0,3.433,751.9,2099.1,856.8,2025.4,965.4,1987.0,1058.9,2009.3,1158.2,1988.0,1264.3,2031.1,1348.3,2099.0,1302.1,2107.0,1160.6,2081.7,1058.2,2092.7,963.7,2085.1,798.4,2104.2,798.4,2104.2,957.4,2089.7,1051.7,2097.6,1153.2,2086.8,1302.1,2107.0,1348.3,2099.0,1259.5,2180.0,1159.3,2212.9,1052.7,2224.9,953.5,2217.6,845.0,2184.5,751.9,2099.1
208.0,3.45,752.8,2099.2,856.6,2025.2,964.7,1986.9,1058.4,2009.3,1158.1,1988.0,1264.1,2031.0,1347.7,2099.0,1301.4,2106.8,1160.6,2082.2,1057.9,2093.2,963.1,2085.5,799.5,2103.9,799.5,2103.9,957.0,2089.6,1051.7,2097.5,1153.5,2086.7,1301.4,2106.8,1347.7,2099.0,1259.6,2179.9,1159.6,2213.3,1052.6,2225.3,953.1,2218.1,845.0,2184.6,752.8,2099.2
209.0,3.467,752.2,2100.0,856.6,2025.1,965.1,1986.3,1058.0,2008.8,1156.9,1987.6,1263.7,2030.9,1348.5,2099.7,1301.9,2107.5,1159.4,2082.1,1057.5,2092.8,963.4,2085.2,798.9,2104.6,798.9,2104.6,957.2,2088.9,1051.1,2096.9,1152.2,2086.6,1301.9,2107.5,1348.5,2099.7,1259.1,2179.4,1158.1,2212.4,1051.9,2224.1,953.1,2216.9,845.0,2183.7,752.2,2100.0
210.0,3.483,752.5,2100.3,856.5,2025.2,964.9,1986.1,1057.8,2008.5,1156.6,1987.2,1263.3,2030.2,1348.1,2098.9,1301.3,2106.9,1159.3,2082.3,1057.6,2093.0,963.6,2085.6,799.4,2105.1,799.4,2105.1,957.4,2088.3,1051.3,2096.1,1152.2,2085.5,1301.3,2106.9,1348.1,2098.9,1259.2,2179.1,1158.7,2212.5,1052.5,2224.4,953.8,2217.3,845.5,2184.3,752.5,2100.3
211.0,3.5,752.6,2100.3,856.0,2024.6,964.0,1985.7,1057.1,2008.5,1156.2,1987.0,1263.2,2030.5,1347.6,2099.9,1300.7,2107.4,1158.9,2083.0,1056.9,2093.5,962.6,2086.0,799.5,2104.8,799.5,2104.8,956.5,2087.1,1050.6,2095.1,1151.9,2084.7,1300.7,2107.4,1347.6,2099.9,1259.0,2179.2,1158.2,2212.5,1051.6,2224.3,952.5,2216.9,844.8,2183.6,752.6,2100.3
212.0,3.517,752.7,2100.9,856.3,2024.6,964.5,1985.4,1057.4,2008.1,1156.0,1986.4,1263.0,2029.9,1347.7,2099.8,1300.8,2107.1,1158.9,2082.7,1057.3,2093.3,963.3,2085.9,799.9,2105.3,799.9,2105.3,957.5,2087.2,1051.5,2095.0,1152.2,2084.7,1300.8,2107.1,1347.7,2099.8,1259.4,2179.5,1158.9,2212.5,1052.9,2224.2,954.0,2217.2,845.7,2184.6,752.7,2100.9
213.0,3.533,753.0,2101.3,856.7,2024.7,964.8,1985.6,1057.8,2008.2,1156.5,1986.7,1263.5,2030.1,1347.9,2100.3,1301.2,2107.5,1159.3,2082.8,1057.6,2093.4,963.5,2086.0,800.1,2105.5,800.1,2105.5,957.6,2087.6,1051.6,2095.6,1152.3,2085.5,1301.2,2107.5,1347.9,2100.3,1259.8,2179.8,1159.0,2212.7,1053.0,2224.1,954.0,2216.9,845.9,2184.1,753.0,2101.3
214.0,3.55,754.5,2101.5,857.8,2024.9,965.6,1985.5,1058.5,2008.2,1157.2,1986.8,1263.7,2030.9,1348.1,2100.9,1301.4,2108.1,1159.9,2082.8,1058.1,2093.2,964.0,2085.7,801.6,2105.6,801.6,2105.6,958.0,2087.8,1051.9,2095.9,1152.8,2085.9,1301.4,2108.1,1348.1,2100.9,1259.7,2180.1,1159.4,2212.7,1053.2,2223.9,954.4,2216.7,846.8,2183.8,754.5,2101.5
215.0,3.567,755.3,2102.1,858.9,2025.3,966.9,1986.0,1059.9,2008.6,1158.9,1987.1,1265.4,2031.0,1349.4,2101.0,1302.8,2108.2,1161.7,2082.8,1059.6,2093.3,965.5,2086.0,802.5,2106.3,802.5,2106.3,959.8,2088.5,1053.9,2096.5,1155.1,2086.2,1302.8,2108.2,1349.4,2101.0,1261.9,2180.2,1161.8,2212.9,1055.3,2224.5,956.3,2217.4,848.1,2184.7,755.3,2102.1
216.0,3.583,756.1,2102.0,859.7,2025.2,968.0,1985.6,1060.8,2008.3,1159.8,1986.8,1266.7,2031.1,1350.9,2101.5,1304.2,2108.7,1162.6,2082.8,1060.6,2093.1,966.6,2085.7,803.2,2106.4,803.2,2106.4,961.1,2088.1,1055.1,2096.1,1156.3,2085.9,1304.2,2108.7,1350.9,2101.5,1263.2,2180.3,1162.9,2212.6,1056.5,2224.1,957.5,2217.0,849.1,2184.6,756.1,2102.0
217.0,3.6,757.9,2102.4,861.4,2024.9,969.5,1985.0,1062.2,2007.6,1161.2,1986.4,1267.8,2031.0,1352.3,2101.7,1305.4,2109.0,1164.0,2082.5,1062.0,2092.6,968.1,2085.2,805.2,2106.8,805.2,2106.8,962.2,2088.0,1056.1,2096.0,1157.3,2086.0,1305.4,2109.0,1352.3,2101.7,1264.2,2180.3,1163.9,2212.6,1057.5,2223.9,958.7,2216.9,850.5,2184.4,757.9,2102.4
218.0,3.617,759.2,2101.6,862.2,2025.2,969.8,1985.6,1063.2,2008.5,1162.6,1987.1,1269.0,2031.2,1353.0,2101.1,1306.1,2108.2,1165.4,2082.8,1063.0,2092.9,968.5,2085.3,806.4,2105.9,806.4,2105.9,962.6,2088.1,1057.2,2096.2,1158.8,2086.2,1306.1,2108.2,1353.0,2101.1,1265.6,2180.0,1165.8,2212.5,1058.8,2223.8,959.5,2216.7,851.6,2184.2,759.2,2101.6
219.0,3.633,759.0,2101.6,862.2,2025.1,970.1,1984.9,1063.3,2007.7,1162.4,1986.4,1269.3,2030.6,1354.3,2100.7,1307.0,2107.9,1165.2,2082.3,1063.1,2092.4,968.7,2084.9,806.4,2105.7,806.4,2105.7,962.8,2088.5,1057.2,2096.6,1158.5,2086.8,1307.0,2107.9,1354.3,2100.7,1265.9,2180.0,1165.5,2213.0,1058.7,2224.2,959.6,2217.2,851.7,2184.5,759.0,2101.6
220.0,3.65,759.1,2101.7,862.8,2024.9,970.8,1984.9,1063.7,2007.7,1162.4,1986.0,1269.3,2030.5,1354.4,2100.8,1307.1,2108.0,1165.2,2082.1,1063.4,2092.4,969.5,2085.1,806.3,2105.9,806.3,2105.9,963.8,2087.7,1057.7,2095.7,1158.6,2085.8,1307.1,2108.0,1354.4,2100.8,1265.9,2179.9,1165.3,2212.6,1059.0,2223.9,960.2,2216.9,852.2,2184.3,759.1,2101.7
221.0,3.667,759.3,2101.5,862.6,2024.2,970.4,1984.3,1063.4,2007.3,1162.5,1985.5,1269.3,2030.1,1353.9,2100.6,1306.6,2107.7,1165.3,2082.0,1063.2,2092.3,969.1,2084.9,806.5,2105.7,806.5,2105.7,963.4,2087.2,1057.6,2095.2,1158.9,2085.2,1306.6,2107.7,1353.9,2100.6,1265.9,2179.8,1165.6,2212.5,1059.0,2223.9,959.9,2216.8,851.9,2184.1,759.3,2101.5
222.0,3.683,759.9,2101.0,863.2,2023.9,971.0,1984.1,1063.7,2007.2,1162.5,1985.4,1269.0,2029.8,1353.6,2100.2,1306.5,2107.1,1165.4,2081.7,1063.6,2092.0,969.8,2084.5,807.2,2105.1,807.2,2105.1,964.3,2087.4,1058.1,2095.5,1159.1,2085.4,1306.5,2107.1,1353.6,2100.2,1265.9,2179.4,1165.8,2212.3,1059.6,2223.8,960.8,2216.7,852.6,2183.9,759.9,2101.0
223.0,3.7,759.8,2101.0,863.0,2023.9,970.9,1984.0,1063.7,2007.3,1162.7,1985.5,1269.1,2030.1,1353.7,2100.4,1306.7,2107.5,1165.6,2082.0,1063.6,2092.1,969.7,2084.6,806.8,2105.2,806.8,2105.2,963.8,2086.9,1057.7,2095.1,1158.9,2085.1,1306.7,2107.5,1353.7,2100.4,1265.6,2179.3,1165.3,2212.1,1058.8,2223.4,960.0,2216.2,852.0,2183.4,759.8,2101.0
224.0,3.717,760.2,2100.3,863.5,2023.9,971.4,1983.9,1064.0,2007.2,1162.8,1985.3,1269.3,2030.0,1353.9,2099.9,1306.9,2107.0,1165.7,2081.8,1063.9,2092.1,970.1,2084.5,807.2,2104.6,807.2,2104.6,964.5,2086.8,1058.3,2095.0,1159.3,2085.0,1306.9,2107.0,1353.9,2099.9,1266.0,2179.7,1165.9,2212.5,1059.5,2224.0,960.9,2216.7,852.7,2183.7,760.2,2100.3
225.0,3.733,760.7,2101.2,864.2,2024.0,972.4,1984.4,1064.7,2007.4,1163.1,1985.6,1269.7,2030.1,1355.1,2100.2,1307.9,2107.2,1166.2,2081.7,1064.8,2091.9,971.4,2084.7,807.8,2105.2,807.8,2105.2,965.9,2088.2,1059.3,2096.1,1159.9,2086.0,1307.9,2107.2,1355.1,2100.2,1266.7,2179.5,1166.3,2212.4,1060.4,2223.8,962.1,2216.9,853.5,2184.2,760.7,2101.2
226.0,3.75,760.8,2101.3,864.7,2024.2,972.8,1984.7,1065.7,2007.7,1164.7,1985.7,1271.2,2030.1,1355.7,2100.3,1308.7,2107.4,1167.7,2081.8,1065.6,2092.4,971.7,2085.0,807.9,2105.6,807.9,2105.6,966.0,2087.9,1060.0,2096.0,1161.2,2085.6,1308.7,2107.4,1355.7,2100.3,1267.9,2180.1,1167.8,2212.7,1061.3,2224.3,962.3,2217.2,853.8,2184.6,760.8,2101.3
227.0,3.767,761.2,2101.6,865.1,2024.7,973.5,1985.0,1066.0,2008.0,1164.8,1985.8,1271.2,2030.8,1356.1,2100.6,1309.1,2107.8,1167.9,2082.0,1065.9,2092.5,972.4,2085.3,808.1,2105.8,808.1,2105.8,967.0,2088.0,1060.5,2096.0,1161.6,2085.7,1309.1,2107.8,1356.1,2100.6,1268.0,2180.1,1167.8,2212.8,1061.6,2224.4,963.0,2217.5,854.2,2184.7,761.2,2101.6
228.0,3.783,761.5,2102.2,865.5,2024.8,973.9,1985.1,1066.7,2008.0,1165.6,1986.0,1272.4,2030.4,1357.4,2100.6,1310.3,2107.9,1168.9,2082.5,1066.9,2093.0,973.0,2085.7,808.7,2106.5,808.7,2106.5,967.4,2088.4,1061.2,2096.3,1162.4,2086.0,1310.3,2107.9,1357.4,2100.6,1269.4,2180.2,1169.0,2212.9,1062.6,2224.5,963.7,2217.6,854.7,2185.2,761.5,2102.2
229.0,3.8,762.2,2102.6,865.8,2025.2,974.1,1985.3,1067.1,2008.3,1166.2,1986.5,1273.2,2030.7,1358.0,2101.3,1310.8,2108.6,1169.4,2083.4,1067.3,2093.7,973.1,2086.3,809.5,2107.0,809.5,2107.0,967.3,2088.6,1061.4,2096.6,1162.7,2086.6,1310.8,2108.6,1358.0,2101.3,1270.1,2180.6,1169.6,2213.8,1063.0,2225.2,963.8,2218.3,855.1,2185.6,762.2,2102.6
230.0,3.817,762.4,2103.2,865.8,2025.4,974.1,1985.2,1067.2,2008.3,1166.6,1986.5,1273.5,2031.3,1358.4,2102.0,1311.1,2109.3,1169.7,2083.8,1067.3,2093.9,973.0,2086.6,809.8,2107.4,809.8,2107.4,967.1,2088.8,1061.3,2096.9,1162.9,2086.9,1311.1,2109.3,1358.4,2102.0,1270.2,2181.2,1169.6,2214.2,1062.7,2225.4,963.5,2218.4,854.9,2185.5,762.4,2103.2
231.0,3.833,762.8,2103.4,866.1,2026.0,974.4,1985.9,1067.3,2008.8,1166.4,1987.1,1273.3,2031.9,1358.4,2102.2,1311.2,2109.3,1169.4,2084.2,1067.4,2094.3,973.2,2087.0,810.3,2107.3,810.3,2107.3,967.5,2089.2,1061.6,2097.3,1162.8,2087.5,1311.2,2109.3,1358.4,2102.2,1270.3,2181.8,1169.7,2214.6,1063.1,2225.6,964.0,2218.8,855.5,2185.8,762.8,2103.4
232.0,3.85,763.3,2103.5,866.8,2026.2,975.3,1986.4,1068.3,2009.3,1167.4,1987.6,1274.5,2032.0,1359.7,2102.1,1312.6,2109.2,1170.7,2084.3,1068.6,2094.5,974.5,2087.2,810.7,2107.5,810.7,2107.5,969.1,2089.8,1063.3,2097.7,1164.5,2087.7,1312.6,2109.2,1359.7,2102.1,1272.0,2181.5,1171.6,2214.5,1065.0,2225.7,965.8,2219.0,856.6,2186.2,763.3,2103.5
233.0,3.867,763.4,2104.1,867.1,2026.2,975.8,1986.6,1068.8,2009.7,1168.2,1987.8,1275.3,2032.2,1360.1,2102.8,1313.1,2109.9,1171.6,2084.8,1069.1,2095.0,974.9,2087.7,810.8,2108.4,810.8,2108.4,969.4,2089.8,1063.7,2097.8,1165.3,2087.6,1313.1,2109.9,1360.1,2102.8,1272.6,2181.8,1172.1,2214.7,1065.2,2226.1,965.8,2219.2,856.5,2186.6,763.4,2104.1
234.0,3.883,764.6,2103.4,868.2,2026.9,977.0,1987.5,1069.2,2010.7,1167.8,1988.8,1274.7,2033.0,1360.1,2102.5,1313.1,2109.7,1171.2,2085.2,1069.5,2095.4,976.1,2088.0,811.7,2107.6,811.7,2107.6,970.9,2090.0,1064.3,2097.9,1165.1,2087.8,1313.1,2109.7,1360.1,2102.5,1271.9,2181.5,1171.5,2214.7,1065.4,2226.1,966.9,2219.3,857.8,2186.3,764.6,2103.4
235.0,3.9,765.9,2103.6,869.4,2026.9,978.1,1987.3,1070.5,2010.7,1169.2,1988.7,1275.9,2033.2,1361.4,2102.9,1314.3,2110.0,1172.5,2085.7,1070.6,2095.9,977.1,2088.5,813.1,2107.6,813.1,2107.6,971.9,2090.0,1065.3,2097.9,1166.2,2087.7,1314.3,2110.0,1361.4,2102.9,1272.9,2181.9,1172.4,2215.2,1066.2,2226.8,967.7,2219.9,858.7,2186.7,765.9,2103.6
236.0,3.917,767.3,2103.1,870.9,2026.7,979.8,1986.8,1072.0,2009.9,1170.4,1988.3,1276.8,2033.2,1362.4,2102.5,1315.2,2110.0,1173.7,2085.0,1072.1,2095.1,978.8,2087.7,814.6,2107.3,814.6,2107.3,973.2,2089.7,1066.4,2097.6,1167.1,2087.5,1315.2,2110.0,1362.4,2102.5,1273.5,2182.0,1173.3,2214.8,1067.4,2226.0,969.0,2219.3,860.0,2186.4,767.3,2103.1
237.0,3.933,767.2,2103.7,870.6,2026.3,979.1,1986.2,1072.0,2009.3,1171.2,1987.7,1278.0,2032.4,1363.1,2102.8,1315.8,2110.1,1174.5,2084.8,1072.2,2095.0,978.1,2087.5,814.6,2107.9,814.6,2107.9,972.1,2089.3,1066.1,2097.3,1167.6,2087.2,1315.8,2110.1,1363.1,2102.8,1274.5,2181.6,1173.9,2214.6,1067.2,2225.9,968.1,2219.0,859.5,2186.1,767.2,2103.7
238.0,3.95,767.1,2103.4,870.3,2025.7,978.8,1985.7,1072.2,2008.8,1172.0,1987.1,1278.8,2032.0,1363.4,2102.6,1316.2,2109.8,1175.3,2084.0,1072.4,2094.1,977.8,2086.6,814.6,2107.6,814.6,2107.6,972.2,2088.9,1066.8,2097.0,1168.8,2086.8,1316.2,2109.8,1363.4,2102.6,1275.7,2181.2,1175.5,2214.0,1068.2,2225.3,968.5,2218.4,859.7,2185.7,767.1,2103.4
239.0,3.967,767.1,2103.3,870.5,2025.4,979.3,1985.4,1071.8,2008.2,1170.5,1986.6,1277.8,2031.5,1363.3,2102.2,1316.0,2109.4,1173.9,2083.2,1072.2,2093.1,978.6,2085.9,814.6,2107.5,814.6,2107.5,973.2,2089.5,1066.9,2097.4,1167.9,2087.5,1316.0,2109.4,1363.3,2102.2,1275.4,2181.5,1174.8,2214.0,1068.7,2225.0,969.8,2218.4,860.4,2185.9,767.1,2103.3
240.0,3.983,767.1,2103.1,870.4,2025.3,979.4,1985.3,1071.7,2008.2,1170.2,1986.8,1277.6,2031.6,1363.2,2102.3,1316.1,2109.3,1173.6,2083.4,1072.1,2093.1,978.6,2085.8,814.6,2107.2,814.6,2107.2,973.3,2089.7,1066.9,2097.7,1167.7,2088.0,1316.1,2109.3,1363.2,2102.3,1275.3,2181.5,1174.6,2214.1,1068.6,2224.9,969.9,2218.2,860.4,2185.5,767.1,2103.1
241.0,4.0,767.0,2102.8,870.0,2025.2,978.2,1985.3,1071.1,2008.2,1170.4,1986.6,1277.3,2031.2,1362.2,2101.7,1315.0,2109.0,1173.7,2083.4,1071.4,2093.3,977.4,2085.9,814.4,2107.1,814.4,2107.1,971.6,2089.1,1065.7,2097.2,1167.2,2087.2,1315.0,2109.0,1362.2,2101.7,1274.4,2180.6,1174.0,2213.7,1067.2,2224.8,968.0,2218.0,859.5,2185.0,767.0,2102.8
242.0,4.017,766.0,2103.1,869.6,2024.8,978.3,1984.7,1070.7,2007.6,1169.4,1985.8,1276.9,2030.3,1362.5,2101.2,1315.1,2108.5,1172.9,2082.9,1071.1,2092.9,977.5,2085.8,813.3,2107.3,813.3,2107.3,971.9,2088.3,1065.6,2096.1,1166.6,2086.1,1315.1,2108.5,1362.5,2101.2,1274.2,2180.1,1173.2,2213.1,1067.0,2224.4,968.2,2217.7,859.2,2185.1,766.0,2103.1
243.0,4.033,766.7,2102.1,870.0,2023.8,979.0,1984.1,1071.1,2007.2,1169.5,1985.2,1277.0,2029.9,1362.6,2100.9,1315.3,2107.7,1173.0,2082.1,1071.5,2092.1,978.3,2084.9,814.0,2106.0,814.0,2106.0,973.3,2088.0,1066.7,2095.8,1167.4,2085.8,1315.3,2107.7,1362.6,2100.9,1274.8,2179.7,1173.9,2212.7,1068.0,2224.1,969.4,2217.3,860.0,2184.6,766.7,2102.1
244.0,4.05,767.3,2102.6,870.4,2024.2,979.0,1984.2,1071.2,2007.2,1169.7,1985.2,1277.1,2030.1,1362.9,2101.0,1315.4,2107.8,1173.3,2082.4,1071.7,2092.5,978.4,2085.4,814.7,2106.2,814.7,2106.2,973.3,2087.8,1066.7,2095.6,1167.5,2085.5,1315.4,2107.8,1362.9,2101.0,1274.8,2179.5,1174.0,2212.5,1068.1,2223.9,969.4,2217.3,860.3,2184.5,767.3,2102.6
245.0,4.067,768.3,2101.9,871.3,2024.3,979.7,1984.2,1072.3,2007.0,1171.2,1985.2,1278.1,2030.0,1363.2,2100.1,1316.0,2107.2,1174.7,2081.9,1072.7,2091.9,979.0,2084.8,815.7,2105.7,815.7,2105.7,974.0,2087.7,1067.7,2095.5,1169.0,2085.3,1316.0,2107.2,1363.2,2100.1,1275.8,2178.7,1175.6,2211.7,1069.2,2223.1,970.3,2216.5,861.3,2184.0,768.3,2101.9
246.0,4.083,768.6,2101.4,871.9,2023.4,980.5,1983.2,1072.9,2006.1,1171.7,1984.2,1278.3,2029.2,1363.9,2099.8,1316.5,2106.8,1175.1,2081.0,1073.2,2091.2,979.6,2084.1,816.0,2105.2,816.0,2105.2,974.4,2086.9,1067.9,2094.7,1169.0,2084.5,1316.5,2106.8,1363.9,2099.8,1275.6,2178.2,1175.4,2211.0,1069.1,2222.4,970.4,2215.8,861.5,2183.3,768.6,2101.4
247.0,4.1,769.0,2101.2,872.7,2023.0,981.5,1982.9,1073.7,2006.0,1172.1,1984.1,1279.0,2028.6,1364.8,2099.5,1317.2,2106.5,1175.6,2081.2,1074.1,2091.5,980.7,2084.3,816.5,2105.1,816.5,2105.1,975.5,2086.4,1068.7,2094.0,1169.5,2083.7,1317.2,2106.5,1364.8,2099.5,1276.2,2177.5,1175.8,2210.5,1069.9,2222.1,971.5,2215.6,862.3,2183.3,769.0,2101.2
248.0,4.117,769.8,2101.1,873.7,2022.7,982.6,1983.2,1074.5,2006.4,1172.7,1984.3,1280.1,2028.7,1366.3,2099.6,1318.8,2106.4,1176.3,2081.7,1075.0,2092.0,981.9,2084.9,817.4,2104.9,817.4,2104.9,977.1,2086.1,1070.2,2093.7,1170.7,2083.6,1318.8,2106.4,1366.3,2099.6,1277.9,2177.9,1177.0,2211.0,1071.3,2222.6,973.0,2215.9,863.5,2183.4,769.8,2101.1
249.0,4.133,770.7,2100.6,874.2,2022.8,982.5,1983.2,1074.9,2006.2,1173.7,1984.3,1280.5,2028.8,1366.0,2099.3,1318.5,2106.5,1177.1,2080.8,1075.2,2091.1,981.7,2083.9,818.1,2104.6,818.1,2104.6,976.2,2086.4,1069.7,2094.2,1170.8,2083.9,1318.5,2106.5,1366.0,2099.3,1277.5,2177.9,1177.2,2210.6,1070.9,2222.1,972.2,2215.4,863.5,2182.9,770.7,2100.6
250.0,4.15,771.3,2100.4,874.7,2023.1,982.9,1983.0,1075.8,2005.9,1174.9,1984.2,1281.7,2028.9,1367.2,2099.1,1319.8,2106.4,1178.2,2081.0,1075.9,2091.2,981.9,2083.9,818.9,2104.5,818.9,2104.5,976.1,2086.5,1070.1,2094.5,1171.6,2084.3,1319.8,2106.4,1367.2,2099.1,1278.6,2177.8,1178.2,2210.7,1071.5,2221.9,972.5,2215.2,864.0,2182.7,771.3,2100.4
251.0,4.167,771.5,2100.5,875.3,2022.8,984.0,1982.4,1076.4,2005.2,1175.1,1983.6,1282.1,2028.6,1367.8,2099.2,1320.4,2106.5,1178.4,2080.8,1076.7,2090.7,983.0,2083.5,819.1,2104.7,819.1,2104.7,977.5,2085.4,1071.1,2093.2,1172.1,2083.3,1320.4,2106.5,1367.8,2099.2,1279.3,2177.7,1178.8,2210.0,1072.6,2221.1,973.9,2214.6,864.9,2182.4,771.5,2100.5
252.0,4.183,771.8,2099.9,875.8,2022.7,984.9,1982.3,1077.5,2005.2,1176.1,1983.5,1283.3,2028.4,1369.0,2098.5,1321.7,2105.8,1179.5,2080.4,1077.8,2090.4,984.0,2083.1,819.3,2104.2,819.3,2104.2,978.6,2085.2,1072.4,2092.9,1173.4,2083.2,1321.7,2105.8,1369.0,2098.5,1280.8,2177.7,1180.4,2209.9,1074.2,2220.9,975.3,2214.5,865.6,2182.5,771.8,2099.9
253.0,4.2,772.7,2099.1,877.3,2021.8,986.4,1982.1,1078.2,2004.8,1176.0,1983.1,1283.3,2027.3,1369.4,2097.5,1322.1,2104.8,1179.4,2079.4,1078.6,2089.7,985.6,2082.6,820.1,2103.4,820.1,2103.4,980.0,2085.4,1073.1,2093.2,1173.1,2083.2,1322.1,2104.8,1369.4,2097.5,1280.6,2177.3,1179.9,2209.7,1074.7,2220.8,976.5,2214.3,866.8,2182.1,772.7,2099.1
254.0,4.217,772.7,2099.4,876.9,2021.9,985.7,1981.6,1078.3,2004.3,1177.0,1982.5,1284.1,2027.3,1369.6,2097.9,1322.1,2105.2,1180.2,2079.2,1078.5,2089.4,984.7,2082.3,820.3,2103.6,820.3,2103.6,979.1,2084.3,1073.0,2092.1,1174.0,2082.1,1322.1,2105.2,1369.6,2097.9,1281.3,2177.0,1180.9,2208.9,1074.7,2220.0,975.8,2213.5,866.5,2181.7,772.7,2099.4
255.0,4.233,773.5,2099.7,877.5,2022.3,986.2,1982.0,1078.5,2004.8,1176.8,1982.9,1283.9,2027.5,1369.5,2097.9,1322.0,2105.3,1180.0,2080.0,1078.8,2090.1,985.2,2083.0,821.1,2103.9,821.1,2103.9,979.7,2084.5,1073.3,2092.3,1173.8,2082.4,1322.0,2105.3,1369.5,2097.9,1281.3,2177.2,1180.9,2209.6,1075.1,2220.8,976.4,2214.3,867.2,2182.2,773.5,2099.7
256.0,4.25,773.4,2099.7,877.4,2022.2,986.0,1982.2,1078.7,2004.8,1177.4,1983.0,1284.4,2027.4,1369.4,2097.8,1322.1,2105.3,1180.6,2079.3,1079.0,2089.5,985.1,2082.4,820.9,2104.1,820.9,2104.1,979.5,2085.4,1073.5,2093.2,1174.4,2083.2,1322.1,2105.3,1369.4,2097.8,1281.7,2177.2,1181.7,2209.7,1075.4,2220.9,976.4,2214.3,867.2,2182.3,773.4,2099.7
257.0,4.267,773.1,2099.8,877.2,2022.4,986.0,1982.5,1078.4,2005.3,1177.1,1983.3,1284.4,2028.0,1369.5,2098.4,1322.3,2105.8,1180.3,2080.3,1078.7,2090.4,985.0,2083.2,820.6,2104.2,820.6,2104.2,979.5,2085.1,1073.3,2093.0,1174.3,2083.1,1322.3,2105.8,1369.5,2098.4,1281.8,2177.9,1181.3,2210.2,1075.1,2221.3,976.2,2214.7,866.8,2182.4,773.1,2099.8
258.0,4.283,772.4,2100.1,876.5,2023.1,985.5,1982.4,1078.1,2005.2,1177.0,1983.5,1284.1,2028.3,1369.8,2098.4,1322.2,2106.2,1180.3,2080.8,1078.4,2090.8,984.5,2083.5,820.0,2104.6,820.0,2104.6,978.6,2085.1,1072.6,2092.9,1173.7,2082.9,1322.2,2106.2,1369.8,2098.4,1281.0,2177.5,1180.6,2210.3,1074.2,2221.6,975.2,2215.1,865.9,2182.8,772.4,2100.1
259.0,4.3,772.1,2100.1,876.5,2023.1,985.8,1982.8,1078.0,2005.5,1176.3,1983.9,1283.5,2028.8,1369.3,2099.0,1321.9,2106.7,1179.5,2080.5,1078.2,2090.4,984.8,2083.2,819.5,2104.8,819.5,2104.8,979.0,2086.2,1072.5,2094.0,1173.1,2084.2,1321.9,2106.7,1369.3,2099.0,1280.5,2178.7,1179.9,2210.8,1074.1,2221.8,975.5,2215.3,865.8,2183.1,772.1,2100.1
260.0,4.317,772.3,2100.5,876.1,2023.4,984.5,1983.2,1077.2,2006.0,1176.1,1984.3,1283.0,2029.0,1368.3,2099.3,1320.8,2106.8,1179.1,2080.7,1077.3,2090.7,983.3,2083.4,819.7,2104.8,819.7,2104.8,977.3,2086.4,1071.3,2094.4,1172.5,2084.4,1320.8,2106.8,1368.3,2099.3,1279.6,2178.3,1179.1,2210.7,1072.7,2221.7,973.7,2215.0,865.1,2182.7,772.3,2100.5
261.0,4.333,770.6,2101.1,874.8,2024.0,983.9,1983.4,1076.6,2006.1,1175.6,1984.4,1282.5,2029.2,1368.3,2099.4,1320.7,2107.3,1178.7,2081.0,1076.8,2091.0,982.9,2083.8,817.9,2105.7,817.9,2105.7,976.9,2086.5,1070.8,2094.3,1172.0,2084.2,1320.7,2107.3,1368.3,2099.4,1279.2,2178.2,1178.7,2210.5,1072.2,2221.8,973.2,2215.3,864.0,2183.4,770.6,2101.1
262.0,4.35,771.3,2101.3,874.6,2024.1,983.3,1984.2,1076.1,2006.9,1175.5,1985.2,1282.2,2029.6,1367.3,2099.7,1319.9,2107.3,1178.9,2080.9,1076.4,2091.1,982.4,2083.8,818.4,2105.6,818.4,2105.6,976.7,2088.3,1070.8,2096.1,1172.5,2085.8,1319.9,2107.3,1367.3,2099.7,1279.2,2178.2,1179.0,2211.0,1072.1,2222.4,972.9,2215.9,864.0,2183.6,771.3,2101.3
263.0,4.367,771.6,2101.3,875.6,2024.2,984.4,1984.2,1076.8,2006.8,1175.6,1985.0,1282.3,2029.5,1367.9,2099.3,1320.5,2107.0,1178.9,2081.3,1077.1,2091.5,983.4,2084.4,818.9,2105.7,818.9,2105.7,977.6,2087.8,1071.3,2095.5,1172.3,2085.4,1320.5,2107.0,1367.9,2099.3,1279.2,2178.8,1178.8,2211.6,1072.6,2222.9,973.8,2216.4,864.8,2184.0,771.6,2101.3
264.0,4.383,773.1,2101.6,876.8,2023.9,985.6,1984.1,1078.0,2006.9,1176.7,1985.1,1283.5,2029.9,1368.8,2100.2,1321.5,2107.5,1180.1,2081.8,1078.3,2091.8,984.7,2084.6,820.6,2105.7,820.6,2105.7,979.2,2087.5,1072.9,2095.2,1174.0,2085.1,1321.5,2107.5,1368.8,2100.2,1280.8,2179.1,1180.5,2211.6,1074.3,2222.7,975.5,2216.2,866.3,2183.9,773.1,2101.6
265.0,4.4,774.5,2101.7,878.7,2024.0,987.7,1984.1,1079.6,2006.9,1177.7,1985.1,1284.7,2030.0,1370.4,2100.2,1323.3,2107.3,1181.1,2081.7,1079.9,2091.6,986.8,2084.5,822.1,2105.8,822.1,2105.8,981.8,2087.7,1075.0,2095.5,1175.4,2085.7,1323.3,2107.3,1370.4,2100.2,1282.5,2179.5,1182.3,2211.8,1076.7,2222.8,978.3,2216.4,868.5,2184.3,774.5,2101.7
266.0,4.417,774.6,2101.6,878.6,2024.1,987.5,1984.3,1079.9,2007.2,1178.5,1985.5,1285.8,2030.5,1371.3,2100.8,1324.1,2107.9,1181.7,2082.3,1080.1,2092.2,986.5,2084.9,822.2,2105.7,822.2,2105.7,981.1,2087.6,1074.9,2095.5,1175.7,2085.9,1324.1,2107.9,1371.3,2100.8,1283.3,2180.3,1182.6,2212.6,1076.5,2223.4,977.6,2216.6,868.2,2183.9,774.6,2101.6
267.0,4.433,775.5,2101.6,879.8,2024.1,989.0,1983.8,1080.9,2006.7,1178.7,1985.1,1285.9,2030.1,1371.6,2100.5,1324.4,2107.8,1181.8,2082.2,1081.0,2091.9,987.9,2084.7,823.1,2105.8,823.1,2105.8,982.6,2086.7,1075.8,2094.6,1175.9,2085.1,1324.4,2107.8,1371.6,2100.5,1283.4,2179.9,1183.0,2211.8,1077.6,2222.5,979.3,2216.0,869.5,2183.9,775.5,2101.6
268.0,4.45,775.8,2101.8,879.7,2024.1,988.2,1983.7,1081.2,2006.4,1180.2,1984.9,1287.1,2030.1,1371.9,2100.6,1324.7,2108.0,1183.3,2081.8,1081.3,2091.7,987.1,2084.5,823.4,2106.1,823.4,2106.1,981.3,2086.8,1075.5,2094.8,1176.8,2084.9,1324.7,2108.0,1371.9,2100.6,1284.0,2179.9,1183.7,2211.9,1077.2,2222.9,977.9,2216.2,869.0,2183.8,775.8,2101.8
269.0,4.467,776.4,2101.3,880.8,2023.2,990.2,1982.6,1082.5,2005.3,1180.8,1984.0,1287.7,2029.4,1372.7,2100.0,1325.6,2107.4,1184.2,2080.6,1082.9,2090.2,989.5,2083.1,823.9,2106.0,823.9,2106.0,984.1,2086.5,1077.6,2094.1,1178.2,2084.4,1325.6,2107.4,1372.7,2100.0,1285.2,2179.3,1185.4,2211.1,1079.6,2222.0,980.9,2215.6,870.6,2183.7,776.4,2101.3
270.0,4.483,777.1,2100.3,881.2,2022.3,990.5,1981.8,1083.3,2004.7,1182.0,1983.5,1289.3,2028.7,1374.4,2099.3,1327.4,2106.5,1185.4,2080.4,1083.7,2089.8,989.8,2082.4,824.8,2104.9,824.8,2104.9,984.4,2085.7,1078.5,2093.6,1179.5,2084.0,1327.4,2106.5,1374.4,2099.3,1287.0,2178.6,1186.9,2210.6,1080.6,2221.4,981.5,2214.9,871.3,2182.8,777.1,2100.3
271.0,4.5,777.6,2099.2,881.5,2021.3,990.5,1981.0,1083.5,2003.8,1182.4,1982.5,1289.7,2027.5,1374.4,2098.0,1327.3,2105.2,1185.8,2079.1,1083.9,2088.6,989.8,2081.2,825.3,2103.8,825.3,2103.8,984.4,2084.6,1078.7,2092.5,1180.0,2082.9,1327.3,2105.2,1374.4,2098.0,1287.4,2177.6,1187.6,2209.7,1081.0,2220.5,981.7,2214.0,871.6,2181.9,777.6,2099.2
272.0,4.517,777.3,2097.8,881.3,2020.7,990.2,1980.4,1082.8,2003.2,1181.3,1981.9,1288.6,2026.8,1374.1,2096.7,1326.9,2104.2,1184.7,2078.3,1083.2,2087.9,989.5,2080.5,824.7,2102.7,824.7,2102.7,983.6,2084.3,1077.5,2092.2,1178.4,2082.5,1326.9,2104.2,1374.1,2096.7,1286.0,2177.2,1185.7,2209.5,1079.6,2220.3,980.7,2213.7,871.0,2181.3,777.3,2097.8
273.0,4.533,777.9,2095.9,880.2,2022.0,988.7,1983.1,1081.4,2006.5,1180.4,1985.1,1287.4,2028.8,1372.2,2096.1,1325.6,2103.6,1183.8,2080.5,1081.9,2090.1,988.1,2082.0,825.2,2100.8,825.2,2100.8,982.8,2087.9,1076.9,2096.2,1178.2,2086.3,1325.6,2103.6,1372.2,2096.1,1285.3,2178.5,1185.6,2212.9,1078.9,2224.0,979.9,2216.9,870.4,2182.3,777.9,2095.9
274.0,4.55,780.1,2097.8,882.5,2029.6,990.0,1991.1,1080.7,2014.4,1177.6,1992.9,1283.4,2035.2,1368.1,2098.2,1321.5,2107.8,1180.4,2087.7,1080.8,2098.0,988.9,2089.7,826.8,2104.2,826.8,2104.2,981.8,2097.3,1073.7,2106.1,1172.6,2095.6,1321.5,2107.8,1368.1,2098.2,1278.9,2186.9,1179.3,2224.0,1075.0,2235.8,978.1,2228.0,870.8,2190.6,780.1,2097.8
275.0,4.567,784.8,2107.4,886.6,2040.4,994.2,1999.9,1079.6,2023.8,1169.7,2001.6,1275.2,2044.9,1361.6,2108.2,1314.7,2117.9,1172.5,2100.7,1079.8,2110.5,993.0,2102.6,832.1,2113.9,832.1,2113.9,986.5,2101.4,1072.9,2109.6,1164.8,2099.9,1314.7,2117.9,1361.6,2108.2,1270.9,2198.9,1171.7,2235.7,1074.2,2247.2,982.3,2239.7,875.5,2202.6,784.8,2107.4
276.0,4.583,795.3,2118.0,894.9,2043.1,1002.5,1997.5,1080.2,2020.3,1159.8,1999.2,1263.2,2047.5,1349.4,2118.7,1302.5,2127.2,1162.7,2100.2,1080.3,2108.3,1001.3,2102.3,843.2,2123.0,843.2,2123.0,994.9,2109.1,1073.4,2116.4,1154.8,2108.5,1302.5,2127.2,1349.4,2118.7,1259.2,2212.1,1162.0,2244.0,1075.1,2253.0,991.0,2246.9,884.8,2212.3,795.3,2118.0
277.0,4.6,813.3,2124.7,902.3,2031.3,1010.3,1976.9,1081.0,2000.2,1151.2,1978.9,1251.3,2037.5,1327.1,2125.8,1280.5,2134.0,1153.5,2087.6,1080.9,2093.4,1008.9,2089.0,860.9,2128.3,860.9,2128.3,1001.5,2133.5,1073.7,2140.2,1146.7,2132.8,1280.5,2134.0,1327.1,2125.8,1246.3,2243.2,1153.9,2282.7,1075.0,2292.4,996.0,2286.0,890.5,2242.8,813.3,2124.7
278.0,4.617,817.0,2128.8,903.5,2030.5,1012.9,1974.6,1079.7,1996.6,1145.5,1975.5,1244.3,2035.6,1318.1,2127.3,1271.9,2136.3,1148.3,2080.5,1080.1,2086.2,1012.3,2083.2,862.9,2132.1,862.9,2132.1,1004.3,2154.7,1072.8,2160.7,1141.9,2152.5,1271.9,2136.3,1318.1,2127.3,1239.6,2256.1,1148.4,2298.6,1073.8,2308.8,998.2,2303.1,891.4,2257.1,817.0,2128.8
279.0,4.633,822.0,2127.7,906.0,2026.7,1013.8,1970.3,1079.8,1991.9,1145.2,1970.3,1241.3,2031.3,1311.7,2124.9,1265.9,2133.8,1147.8,2073.1,1079.9,2079.4,1013.0,2076.7,866.7,2129.9,866.7,2129.9,1004.6,2160.2,1072.2,2166.2,1140.9,2157.0,1265.9,2133.8,1311.7,2124.9,1235.5,2256.4,1146.3,2300.7,1072.2,2311.9,997.4,2305.9,893.0,2258.3,822.0,2127.7
280.0,4.65,822.2,2123.1,906.3,2023.1,1014.4,1966.1,1078.0,1988.8,1139.6,1966.3,1235.8,2028.2,1308.8,2121.4,1261.9,2129.3,1142.5,2078.0,1078.4,2083.8,1013.7,2081.2,868.7,2124.4,868.7,2124.4,1006.5,2141.0,1071.6,2146.0,1136.2,2138.0,1261.9,2129.3,1308.8,2121.4,1230.8,2251.1,1141.8,2294.3,1071.5,2304.7,998.7,2299.5,893.8,2253.7,822.2,2123.1
281.0,4.667,825.5,2121.0,910.1,2019.8,1016.0,1962.3,1079.4,1984.0,1140.8,1961.8,1235.4,2022.9,1308.0,2116.4,1261.1,2124.2,1144.0,2070.1,1080.1,2076.4,1015.8,2074.4,871.3,2122.2,871.3,2122.2,1008.7,2133.8,1073.4,2138.5,1137.7,2130.3,1261.1,2124.2,1308.0,2116.4,1230.9,2239.6,1143.9,2279.8,1074.0,2290.2,1002.1,2285.7,898.9,2244.1,825.5,2121.0
282.0,4.683,827.7,2117.4,912.2,2016.2,1018.6,1957.9,1081.3,1979.5,1141.2,1957.8,1236.7,2019.3,1310.2,2112.8,1263.3,2121.0,1144.3,2068.1,1081.9,2073.8,1018.2,2072.0,874.1,2118.6,874.1,2118.6,1010.6,2132.2,1074.7,2137.0,1137.7,2129.6,1263.3,2121.0,1310.2,2112.8,1232.4,2239.9,1144.7,2281.7,1075.9,2291.6,1004.6,2287.1,901.1,2243.8,827.7,2117.4
283.0,4.7,828.8,2113.5,914.0,2014.3,1020.1,1957.6,1082.6,1978.0,1143.7,1956.7,1238.2,2016.7,1310.0,2107.9,1264.2,2117.3,1145.8,2058.3,1082.4,2064.5,1019.0,2062.8,873.0,2115.5,873.0,2115.5,1010.1,2145.7,1074.2,2151.1,1138.6,2142.7,1264.2,2117.3,1310.0,2107.9,1232.4,2239.3,1144.5,2283.1,1074.5,2293.7,1003.7,2288.7,901.3,2242.5,828.8,2113.5
284.0,4.717,834.7,2107.6,917.4,2006.3,1024.3,1949.9,1083.4,1971.3,1140.3,1949.9,1235.2,2011.3,1308.1,2104.4,1262.3,2111.5,1143.0,2057.0,1083.7,2061.9,1023.7,2060.2,880.4,2107.9,880.4,2107.9,1017.5,2134.0,1078.2,2139.0,1138.3,2131.9,1262.3,2111.5,1308.1,2104.4,1232.1,2236.4,1145.0,2279.6,1079.3,2289.1,1011.2,2284.6,907.1,2238.3,834.7,2107.6
285.0,4.733,837.8,2106.4,917.9,2006.6,1022.1,1952.6,1082.5,1973.1,1141.6,1951.7,1234.2,2010.4,1304.5,2101.2,1259.4,2108.5,1144.3,2050.2,1082.9,2056.1,1022.1,2054.3,881.9,2106.1,881.9,2106.1,1015.5,2146.0,1077.5,2151.3,1140.1,2142.3,1259.4,2108.5,1304.5,2101.2,1231.4,2233.8,1146.3,2280.0,1078.4,2290.8,1009.5,2286.3,907.9,2238.8,837.8,2106.4
286.0,4.75,839.2,2107.0,920.8,2003.0,1026.1,1945.0,1084.4,1965.8,1139.9,1943.3,1233.4,2005.2,1305.3,2100.0,1258.8,2106.7,1143.0,2052.4,1085.0,2058.1,1026.0,2057.3,885.5,2106.3,885.5,2106.3,1020.7,2127.6,1080.4,2131.7,1139.2,2123.9,1258.8,2106.7,1305.3,2100.0,1231.4,2230.9,1146.8,2275.0,1082.4,2285.6,1015.2,2282.1,912.3,2237.9,839.2,2107.0
287.0,4.767,840.3,2107.1,922.7,2004.5,1028.1,1948.0,1084.8,1967.5,1139.0,1946.3,1232.1,2005.9,1304.5,2099.0,1259.0,2106.2,1142.0,2045.6,1085.4,2051.1,1028.3,2050.7,884.6,2106.7,884.6,2106.7,1022.5,2141.7,1080.8,2145.8,1138.5,2137.7,1259.0,2106.2,1304.5,2099.0,1230.4,2230.5,1145.6,2274.1,1082.4,2284.4,1017.3,2281.3,914.2,2237.0,840.3,2107.1
288.0,4.783,841.1,2108.4,924.1,2003.0,1029.6,1943.6,1086.4,1964.2,1139.4,1941.5,1233.0,2003.8,1305.5,2099.3,1258.6,2106.2,1142.8,2054.7,1087.3,2060.2,1029.7,2060.2,888.1,2107.9,888.1,2107.9,1024.8,2121.1,1082.9,2124.4,1139.0,2117.2,1258.6,2106.2,1305.5,2099.3,1231.6,2229.5,1147.4,2272.5,1085.5,2282.8,1019.7,2280.1,916.2,2237.7,841.1,2108.4
289.0,4.8,841.1,2106.3,924.5,2005.3,1029.5,1948.9,1086.9,1968.6,1142.3,1947.1,1235.3,2005.9,1306.9,2097.1,1261.7,2105.2,1145.0,2047.3,1087.3,2053.2,1029.4,2052.7,885.3,2106.5,885.3,2106.5,1023.2,2141.0,1082.1,2145.5,1141.0,2137.1,1261.7,2105.2,1306.9,2097.1,1233.0,2229.3,1148.1,2274.6,1083.8,2285.5,1018.0,2281.9,915.4,2236.5,841.1,2106.3
290.0,4.817,842.6,2105.7,925.8,2003.8,1030.8,1946.4,1087.0,1966.2,1139.7,1943.0,1233.0,2002.2,1306.5,2093.5,1259.6,2101.5,1143.7,2053.1,1088.4,2059.7,1031.7,2059.9,889.0,2105.2,889.0,2105.2,1026.9,2126.5,1084.2,2129.6,1140.2,2121.2,1259.6,2101.5,1306.5,2093.5,1232.4,2226.7,1148.6,2273.4,1087.1,2285.0,1022.2,2282.9,918.8,2239.3,842.6,2105.7
291.0,4.833,841.0,2105.4,922.1,2004.9,1026.8,1949.5,1084.7,1969.9,1140.4,1948.5,1234.3,2007.6,1306.4,2098.9,1260.7,2106.3,1143.4,2051.7,1085.4,2057.0,1026.9,2055.9,886.0,2105.1,886.0,2105.1,1021.1,2138.8,1080.6,2143.6,1139.8,2135.9,1260.7,2106.3,1306.4,2098.9,1232.5,2231.8,1146.8,2277.8,1082.2,2288.0,1015.6,2284.0,913.5,2237.0,841.0,2105.4
292.0,4.85,841.7,2103.7,925.2,2002.2,1031.0,1945.9,1086.5,1965.8,1139.1,1943.2,1232.5,2001.9,1306.2,2092.9,1260.1,2100.8,1143.0,2050.1,1087.8,2056.4,1031.8,2056.4,887.5,2103.7,887.5,2103.7,1027.0,2129.1,1083.7,2132.4,1139.6,2123.8,1260.1,2100.8,1306.2,2092.9,1231.5,2226.2,1147.3,2272.2,1086.0,2283.7,1021.7,2281.1,917.6,2237.2,841.7,2103.7
293.0,4.867,841.4,2105.5,926.1,2005.3,1032.1,1948.5,1087.5,1968.2,1139.4,1945.7,1233.6,2003.9,1308.5,2093.9,1262.1,2102.1,1143.3,2052.9,1088.8,2059.2,1032.9,2059.4,887.4,2105.5,887.4,2105.5,1028.2,2129.7,1084.7,2132.8,1140.0,2124.7,1262.1,2102.1,1308.5,2093.9,1233.1,2226.2,1148.2,2271.7,1087.4,2282.8,1023.4,2280.7,919.1,2237.4,841.4,2105.5
294.0,4.883,841.6,2108.8,924.5,2005.6,1030.5,1946.3,1086.5,1967.0,1138.8,1944.9,1233.8,2006.6,1308.6,2100.7,1261.8,2108.1,1142.2,2056.7,1087.4,2061.6,1030.6,2061.4,888.3,2108.5,888.3,2108.5,1025.3,2125.9,1082.6,2129.6,1138.2,2122.9,1261.8,2108.1,1308.6,2100.7,1232.4,2231.5,1146.2,2274.8,1084.9,2284.4,1020.2,2281.3,916.7,2237.6,841.6,2108.8
295.0,4.9,844.5,2112.4,925.5,2009.4,1030.7,1950.9,1087.5,1972.9,1140.5,1949.7,1236.1,2011.7,1310.2,2105.7,1263.1,2111.8,1144.0,2068.3,1088.4,2073.3,1030.6,2072.6,892.7,2110.6,892.7,2110.6,1026.5,2122.3,1084.4,2126.6,1140.4,2120.2,1263.1,2111.8,1310.2,2105.7,1235.2,2234.8,1148.4,2279.9,1086.6,2289.5,1020.6,2285.8,918.2,2240.2,844.5,2112.4
296.0,4.917,843.6,2110.7,926.0,2009.7,1031.0,1953.4,1086.1,1973.8,1138.1,1951.6,1232.7,2010.6,1308.2,2102.2,1261.9,2108.6,1141.8,2058.0,1087.3,2063.3,1031.6,2063.1,889.7,2109.2,889.7,2109.2,1027.7,2134.1,1084.2,2138.0,1139.4,2131.0,1261.9,2108.6,1308.2,2102.2,1233.2,2230.7,1147.4,2274.6,1086.6,2284.4,1022.8,2281.5,919.8,2237.8,843.6,2110.7
297.0,4.933,844.1,2115.5,925.6,2007.1,1032.4,1943.9,1087.8,1967.5,1136.6,1942.7,1234.9,2008.9,1313.2,2108.8,1263.6,2113.5,1141.2,2078.9,1089.3,2083.4,1032.6,2083.5,896.0,2112.5,896.0,2112.5,1029.6,2096.6,1085.7,2099.7,1137.3,2095.4,1263.6,2113.5,1313.2,2108.8,1235.3,2235.3,1147.1,2277.6,1089.1,2286.1,1024.0,2283.2,919.9,2241.0,844.1,2115.5
298.0,4.95,845.1,2110.7,927.1,2012.8,1031.6,1959.2,1087.3,1979.2,1141.0,1956.5,1234.3,2012.7,1308.3,2100.4,1262.9,2107.9,1144.7,2057.5,1088.5,2064.1,1032.4,2063.7,890.0,2109.4,890.0,2109.4,1027.9,2147.3,1084.9,2151.5,1142.0,2142.7,1262.9,2107.9,1308.3,2100.4,1234.2,2233.1,1148.9,2281.3,1086.6,2292.7,1022.4,2289.5,919.9,2242.7,845.1,2110.7
299.0,4.967,844.5,2112.7,926.9,2010.0,1032.9,1952.4,1089.0,1972.9,1142.1,1950.2,1236.5,2010.3,1310.7,2103.2,1264.3,2110.5,1146.1,2058.8,1090.3,2064.6,1033.6,2064.5,890.6,2112.0,890.6,2112.0,1028.9,2135.2,1086.2,2138.8,1142.8,2130.9,1264.3,2110.5,1310.7,2103.2,1236.0,2233.8,1150.5,2278.4,1088.4,2289.1,1023.6,2286.2,919.7,2242.1,844.5,2112.7
300.0,4.983,846.0,2114.7,927.1,2008.5,1033.3,1947.3,1088.8,1970.6,1137.8,1945.7,1235.6,2009.8,1314.0,2107.3,1264.6,2112.2,1142.6,2079.2,1090.7,2084.1,1034.0,2084.1,897.7,2111.6,897.7,2111.6,1031.5,2100.5,1087.5,2103.6,1139.3,2098.7,1264.6,2112.2,1314.0,2107.3,1236.8,2234.9,1149.3,2278.7,1091.2,2287.6,1026.3,2285.0,922.2,2242.3,846.0,2114.7
301.0,5.0,846.6,2113.3,930.1,2015.7,1034.5,1962.1,1089.9,1981.3,1143.5,1958.9,1236.2,2014.0,1310.2,2100.9,1265.1,2108.9,1147.2,2055.4,1091.1,2062.4,1035.5,2062.3,890.4,2112.4,890.4,2112.4,1030.8,2152.8,1087.3,2156.7,1144.4,2147.4,1265.1,2108.9,1310.2,2100.9,1236.0,2231.9,1151.1,2279.3,1088.9,2291.1,1025.4,2288.2,922.9,2242.7,846.6,2113.3
302.0,5.017,847.2,2111.7,928.4,2012.0,1032.8,1957.4,1089.9,1977.4,1145.3,1955.3,1238.7,2012.6,1311.1,2102.1,1265.7,2109.9,1148.8,2055.3,1090.9,2061.5,1033.4,2060.9,891.7,2110.8,891.7,2110.8,1028.3,2149.9,1086.8,2154.4,1145.9,2145.6,1265.7,2109.9,1311.1,2102.1,1238.0,2234.1,1152.8,2282.2,1088.4,2293.6,1022.8,2290.0,920.9,2242.7,847.2,2111.7
303.0,5.033,847.8,2111.6,930.4,2008.3,1036.2,1951.3,1091.4,1971.4,1143.4,1948.3,1237.6,2006.9,1312.8,2099.3,1266.0,2106.2,1147.9,2056.6,1093.4,2062.7,1037.7,2063.1,894.4,2110.0,894.4,2110.0,1034.4,2133.4,1090.8,2136.3,1146.2,2127.9,1266.0,2106.2,1312.8,2099.3,1239.0,2229.1,1154.8,2275.1,1093.8,2286.4,1029.9,2284.6,925.1,2241.8,847.8,2111.6
304.0,5.05,846.1,2113.5,929.6,2012.3,1035.8,1955.3,1092.5,1975.8,1145.8,1952.5,1241.3,2011.0,1316.3,2101.9,1269.1,2109.8,1150.0,2063.9,1094.0,2070.4,1036.7,2070.5,893.1,2112.6,893.1,2112.6,1032.2,2135.5,1090.0,2139.0,1146.7,2130.9,1269.1,2109.8,1316.3,2101.9,1241.2,2234.5,1155.0,2282.3,1092.6,2293.5,1027.1,2290.9,922.9,2245.3,846.1,2113.5
305.0,5.067,846.6,2112.8,928.2,2006.0,1035.4,1944.6,1092.1,1967.2,1143.0,1942.5,1240.5,2006.8,1317.1,2104.8,1268.1,2110.9,1147.4,2073.3,1093.6,2078.7,1035.8,2078.8,897.7,2110.8,897.7,2110.8,1032.4,2106.1,1089.8,2109.2,1143.7,2103.3,1268.1,2110.9,1317.1,2104.8,1240.5,2236.1,1153.4,2281.3,1093.3,2291.2,1027.2,2288.5,922.2,2244.7,846.6,2112.8
306.0,5.083,847.9,2108.8,929.6,2008.4,1035.4,1953.4,1091.7,1973.9,1145.9,1951.1,1240.3,2009.0,1314.4,2099.0,1268.4,2106.4,1149.5,2055.8,1092.8,2061.7,1036.1,2061.3,893.4,2107.5,893.4,2107.5,1031.6,2144.5,1089.1,2148.7,1147.0,2140.2,1268.4,2106.4,1314.4,2099.0,1240.1,2233.4,1154.2,2283.1,1090.9,2294.5,1026.0,2291.2,922.6,2243.0,847.9,2108.8
307.0,5.1,846.6,2110.7,931.6,2011.0,1038.3,1954.3,1094.0,1974.2,1146.8,1950.6,1240.7,2008.4,1316.4,2097.4,1269.5,2105.9,1151.4,2060.1,1096.0,2067.0,1039.8,2067.5,893.1,2110.5,893.1,2110.5,1035.9,2131.0,1092.5,2133.7,1148.6,2124.5,1269.5,2105.9,1316.4,2097.4,1241.0,2228.0,1156.9,2274.6,1095.3,2286.7,1031.1,2285.1,925.5,2242.5,846.6,2110.7
308.0,5.117,846.6,2114.9,928.8,2010.4,1035.2,1951.1,1092.7,1972.4,1146.5,1948.7,1242.3,2010.3,1317.0,2105.3,1269.1,2112.4,1150.8,2066.8,1094.2,2072.5,1035.9,2072.5,895.1,2113.9,895.1,2113.9,1031.8,2124.4,1090.3,2127.8,1147.4,2120.3,1269.1,2112.4,1317.0,2105.3,1242.0,2234.7,1156.2,2280.0,1093.3,2290.7,1026.9,2288.0,922.6,2244.5,846.6,2114.9
309.0,5.133,846.0,2112.3,930.4,2008.8,1037.6,1950.5,1093.8,1971.1,1146.6,1947.7,1241.8,2007.5,1317.1,2100.4,1270.0,2107.9,1150.8,2060.5,1095.3,2066.5,1038.5,2067.0,893.4,2111.5,893.4,2111.5,1034.3,2129.3,1091.5,2132.3,1147.8,2124.2,1270.0,2107.9,1317.1,2100.4,1241.7,2230.7,1156.0,2276.9,1094.1,2288.1,1029.2,2286.0,923.6,2242.4,846.0,2112.3
310.0,5.15,848.2,2112.1,929.5,2007.4,1035.8,1948.5,1093.1,1970.4,1146.4,1946.3,1242.4,2008.6,1317.4,2104.1,1269.5,2110.4,1150.6,2067.9,1094.5,2073.5,1036.4,2073.2,897.7,2110.5,897.7,2110.5,1032.9,2117.9,1091.1,2121.4,1147.6,2114.2,1269.5,2110.4,1317.4,2104.1,1242.5,2233.6,1156.5,2278.6,1094.2,2288.9,1027.8,2286.1,923.4,2242.3,848.2,2112.1
311.0,5.167,847.7,2109.0,929.6,2007.2,1034.5,1951.8,1091.4,1972.6,1146.1,1949.7,1240.2,2008.4,1314.2,2099.7,1268.1,2105.8,1149.9,2057.6,1092.6,2063.3,1035.2,2062.9,894.4,2107.1,894.4,2107.1,1031.4,2132.3,1089.5,2136.2,1147.6,2128.0,1268.1,2105.8,1314.2,2099.7,1240.5,2226.8,1155.2,2272.7,1091.6,2283.6,1026.3,2280.6,923.1,2235.9,847.7,2109.0
312.0,5.183,844.0,2111.8,927.2,2004.8,1035.8,1943.9,1091.3,1966.4,1141.0,1942.0,1239.3,2006.3,1317.6,2104.6,1268.9,2110.0,1145.7,2071.5,1093.1,2076.5,1036.6,2076.7,895.2,2110.0,895.2,2110.0,1034.3,2102.8,1090.5,2105.5,1143.1,2100.0,1268.9,2110.0,1317.6,2104.6,1240.5,2232.6,1153.0,2274.9,1094.3,2284.1,1029.4,2281.9,922.3,2240.3,844.0,2111.8
313.0,5.2,847.2,2106.9,929.8,2009.1,1034.5,1956.9,1090.5,1976.7,1145.3,1954.0,1238.5,2009.4,1312.6,2096.5,1267.6,2103.6,1148.9,2052.0,1091.5,2058.7,1035.3,2058.2,891.7,2105.4,891.7,2105.4,1030.9,2148.7,1088.1,2153.1,1146.5,2143.5,1267.6,2103.6,1312.6,2096.5,1238.4,2228.5,1152.9,2277.4,1089.4,2289.3,1025.3,2285.9,922.6,2238.6,847.2,2106.9
314.0,5.217,846.5,2108.8,929.7,2010.2,1034.1,1956.0,1091.5,1975.6,1147.5,1953.4,1240.1,2009.7,1312.4,2097.9,1267.5,2105.5,1150.9,2052.0,1092.3,2058.7,1034.5,2058.4,891.0,2108.2,891.0,2108.2,1029.6,2143.4,1088.2,2147.7,1147.9,2138.2,1267.5,2105.5,1312.4,2097.9,1239.4,2226.2,1155.1,2271.9,1090.2,2283.6,1024.8,2280.4,922.3,2235.9,846.5,2108.8
315.0,5.233,847.6,2108.0,930.0,2006.1,1035.0,1950.9,1091.4,1970.9,1145.6,1948.1,1239.0,2006.1,1312.4,2097.3,1266.8,2103.8,1149.6,2052.9,1092.8,2059.3,1036.0,2059.3,893.6,2106.6,893.6,2106.6,1032.2,2134.2,1089.7,2137.9,1147.4,2128.9,1266.8,2103.8,1312.4,2097.3,1239.5,2225.6,1155.2,2270.9,1092.3,2282.3,1027.5,2279.7,923.8,2236.1,847.6,2108.0
316.0,5.25,846.7,2110.3,930.7,2006.5,1038.1,1947.5,1092.7,1969.5,1142.1,1944.9,1238.7,2005.8,1316.6,2099.6,1268.5,2105.4,1147.4,2070.2,1095.1,2076.2,1039.5,2076.7,896.9,2108.3,896.9,2108.3,1037.8,2105.4,1093.1,2107.7,1145.4,2101.0,1268.5,2105.4,1316.6,2099.6,1240.8,2226.6,1155.3,2270.7,1097.0,2281.2,1033.1,2279.7,926.4,2238.6,846.7,2110.3
317.0,5.267,846.7,2109.6,928.6,2011.2,1033.1,1958.7,1090.5,1978.4,1147.3,1956.3,1239.9,2011.7,1311.8,2099.4,1267.1,2106.9,1150.9,2051.8,1091.6,2058.5,1034.1,2057.8,890.4,2108.8,890.4,2108.8,1029.3,2153.5,1088.0,2158.1,1148.5,2148.1,1267.1,2106.9,1311.8,2099.4,1239.4,2230.3,1154.7,2278.6,1089.3,2290.6,1023.7,2287.1,921.1,2240.1,846.7,2109.6
318.0,5.283,847.6,2106.5,931.6,2007.7,1038.1,1954.8,1092.6,1974.9,1144.6,1951.9,1238.2,2008.1,1312.8,2096.3,1267.5,2103.7,1148.8,2055.0,1094.2,2061.9,1039.4,2061.8,892.9,2105.9,892.9,2105.9,1035.7,2139.4,1091.3,2142.7,1146.7,2133.4,1267.5,2103.7,1312.8,2096.3,1238.5,2229.5,1153.9,2276.5,1093.2,2288.4,1030.2,2285.6,924.8,2240.5,847.6,2106.5
319.0,5.3,846.8,2110.8,933.0,2011.2,1039.6,1955.8,1093.7,1975.5,1143.9,1951.5,1237.8,2008.8,1314.5,2097.8,1267.8,2105.4,1148.6,2061.5,1095.6,2068.9,1041.1,2069.7,893.9,2110.2,893.9,2110.2,1038.1,2126.8,1092.8,2129.1,1146.0,2120.2,1267.8,2105.4,1314.5,2097.8,1238.7,2227.8,1154.5,2272.1,1095.9,2284.0,1033.3,2282.5,927.3,2241.7,846.8,2110.8
320.0,5.317,847.0,2117.0,930.9,2013.1,1038.2,1954.4,1095.0,1975.6,1147.9,1951.9,1244.0,2013.2,1318.7,2107.3,1271.4,2114.4,1151.8,2069.8,1096.1,2075.6,1038.5,2075.8,895.4,2116.2,895.4,2116.2,1034.3,2128.6,1092.0,2132.1,1148.2,2124.7,1271.4,2114.4,1318.7,2107.3,1243.3,2238.3,1156.6,2283.7,1094.7,2294.1,1029.0,2291.3,923.8,2246.9,847.0,2117.0
321.0,5.333,849.7,2118.0,933.1,2017.1,1039.0,1961.2,1095.2,1982.0,1148.3,1958.6,1243.1,2017.2,1318.0,2108.0,1271.7,2114.5,1152.7,2068.9,1096.7,2075.3,1040.0,2075.3,896.8,2116.5,896.8,2116.5,1036.6,2137.1,1093.6,2140.6,1150.1,2132.2,1271.7,2114.5,1318.0,2108.0,1243.4,2235.9,1157.7,2280.9,1096.0,2291.8,1031.2,2289.2,926.7,2245.5,849.7,2118.0
322.0,5.35,850.2,2118.5,931.5,2012.8,1039.4,1951.9,1095.1,1975.1,1144.8,1950.0,1242.6,2014.4,1320.6,2111.6,1271.4,2116.7,1149.9,2083.6,1097.3,2088.6,1040.4,2088.5,902.3,2116.0,902.3,2116.0,1038.6,2104.6,1094.9,2107.3,1147.4,2101.7,1271.4,2116.7,1320.6,2111.6,1244.2,2239.6,1157.4,2282.8,1098.8,2292.0,1033.4,2289.9,927.0,2248.0,850.2,2118.5
323.0,5.367,853.2,2113.7,936.7,2019.2,1040.4,1968.0,1097.2,1987.1,1153.6,1965.3,1245.1,2018.7,1316.6,2102.1,1273.0,2110.6,1157.1,2056.9,1098.1,2063.9,1041.1,2063.4,896.1,2113.7,896.1,2113.7,1035.6,2161.4,1093.5,2166.0,1153.9,2155.3,1273.0,2110.6,1316.6,2102.1,1244.0,2232.5,1160.0,2280.6,1094.9,2293.2,1030.4,2289.6,928.5,2243.1,853.2,2113.7
324.0,5.383,848.9,2116.0,934.0,2019.5,1040.5,1967.4,1095.2,1986.4,1147.9,1963.6,1241.7,2017.9,1317.6,2103.3,1272.8,2110.8,1152.4,2059.5,1096.9,2066.8,1042.2,2067.0,893.3,2115.0,893.3,2115.0,1039.0,2156.7,1094.8,2160.2,1151.1,2150.6,1272.8,2110.8,1317.6,2103.3,1243.6,2235.6,1158.6,2282.6,1097.4,2294.4,1034.5,2292.3,928.5,2248.0,848.9,2116.0
325.0,5.4,849.7,2114.1,932.1,2020.2,1036.5,1968.9,1093.0,1988.2,1149.3,1965.7,1240.6,2020.1,1313.1,2103.5,1268.8,2112.1,1153.1,2058.9,1094.1,2066.2,1037.7,2065.5,893.0,2114.2,893.0,2114.2,1032.7,2161.4,1090.3,2165.9,1150.3,2155.2,1268.8,2112.1,1313.1,2103.5,1239.8,2236.4,1156.4,2284.7,1091.7,2297.2,1027.2,2294.0,924.5,2247.3,849.7,2114.1
326.0,5.417,849.2,2114.5,931.4,2017.1,1037.1,1964.3,1091.7,1983.8,1144.6,1961.2,1237.5,2017.0,1312.1,2103.7,1266.8,2111.3,1149.2,2059.5,1093.6,2066.1,1038.9,2066.0,893.7,2113.8,893.7,2113.8,1035.3,2153.7,1091.1,2157.3,1147.7,2147.8,1266.8,2111.3,1312.1,2103.7,1238.6,2236.8,1154.9,2283.7,1093.3,2295.4,1030.3,2293.0,925.6,2248.0,849.2,2114.5
327.0,5.433,847.8,2116.4,931.8,2015.8,1038.0,1960.5,1093.2,1980.8,1145.8,1957.3,1239.3,2014.9,1314.2,2104.8,1268.0,2112.0,1150.4,2064.1,1094.9,2070.9,1039.4,2071.1,894.0,2115.4,894.0,2115.4,1036.1,2138.9,1092.1,2142.0,1148.1,2133.0,1268.0,2112.0,1314.2,2104.8,1239.8,2233.9,1155.6,2279.3,1094.5,2291.0,1030.8,2288.8,925.6,2246.3,847.8,2116.4
328.0,5.45,848.1,2119.8,929.9,2018.9,1036.3,1963.5,1091.8,1984.5,1143.6,1961.2,1239.1,2019.8,1314.6,2110.9,1268.0,2117.7,1148.3,2073.0,1093.6,2079.1,1037.7,2079.0,895.5,2118.3,895.5,2118.3,1034.5,2141.1,1090.7,2144.6,1145.9,2136.6,1268.0,2117.7,1314.6,2110.9,1239.9,2243.5,1153.6,2290.3,1093.1,2301.1,1028.7,2298.2,923.7,2252.8,848.1,2119.8
329.0,5.467,846.6,2122.3,927.6,2017.0,1034.4,1956.8,1090.4,1980.0,1140.4,1954.5,1238.1,2018.3,1316.0,2114.8,1266.7,2119.4,1145.5,2087.4,1092.5,2092.8,1035.5,2092.8,898.5,2119.1,898.5,2119.1,1034.0,2108.9,1090.5,2111.7,1143.2,2105.9,1266.7,2119.4,1316.0,2114.8,1239.9,2242.2,1152.9,2286.2,1094.1,2295.8,1028.6,2293.5,923.2,2251.2,846.6,2122.3
330.0,5.483,850.4,2118.4,931.9,2021.7,1035.7,1969.3,1092.8,1988.4,1149.7,1966.6,1239.9,2021.7,1309.8,2107.4,1266.2,2115.4,1153.4,2057.3,1093.9,2064.1,1036.9,2063.5,893.2,2118.1,893.2,2118.1,1031.8,2165.4,1090.0,2169.9,1150.8,2159.0,1266.2,2115.4,1309.8,2107.4,1239.3,2236.8,1157.1,2283.7,1091.6,2296.2,1026.8,2293.0,924.5,2247.6,850.4,2118.4
331.0,5.5,848.6,2118.0,929.7,2021.6,1035.2,1970.1,1090.6,1989.1,1144.9,1966.8,1237.0,2020.8,1310.9,2105.9,1266.5,2113.0,1149.7,2058.9,1092.6,2065.8,1037.5,2065.4,892.3,2116.3,892.3,2116.3,1034.5,2165.4,1090.9,2169.2,1149.1,2158.6,1266.5,2113.0,1310.9,2105.9,1239.4,2237.9,1156.3,2286.4,1093.4,2298.7,1029.9,2296.7,924.9,2251.5,848.6,2118.0
332.0,5.517,848.8,2119.2,930.2,2021.6,1034.7,1968.2,1090.1,1987.5,1143.9,1964.7,1235.9,2020.1,1309.2,2106.4,1263.8,2114.0,1148.7,2062.3,1092.2,2069.0,1036.9,2069.1,893.3,2118.3,893.3,2118.3,1033.9,2155.9,1090.2,2159.3,1147.8,2149.2,1263.8,2114.0,1309.2,2106.4,1237.8,2236.4,1155.6,2283.6,1093.1,2295.9,1029.6,2294.0,925.6,2250.4,848.8,2119.2
333.0,5.533,847.5,2119.4,928.2,2021.2,1032.3,1966.8,1088.2,1986.7,1142.1,1963.3,1234.2,2019.3,1308.5,2106.5,1262.6,2113.6,1146.9,2065.6,1090.2,2072.6,1034.4,2072.6,893.0,2117.4,893.0,2117.4,1031.8,2148.2,1088.4,2151.7,1145.7,2141.9,1262.6,2113.6,1308.5,2106.5,1236.3,2234.7,1153.6,2282.5,1091.2,2294.8,1027.1,2292.9,923.9,2249.4,847.5,2119.4
334.0,5.55,847.5,2118.0,925.9,2017.7,1029.4,1962.7,1086.4,1983.4,1141.2,1959.9,1233.4,2017.8,1306.3,2107.5,1260.3,2113.4,1146.0,2066.1,1088.3,2072.5,1031.2,2072.1,893.9,2115.3,893.9,2115.3,1029.0,2140.8,1086.7,2144.6,1144.8,2135.2,1260.3,2113.4,1306.3,2107.5,1235.4,2234.6,1152.9,2281.6,1089.5,2293.5,1024.1,2290.9,921.7,2247.0,847.5,2118.0
335.0,5.567,845.6,2118.3,925.4,2019.2,1029.2,1965.7,1085.4,1986.0,1139.4,1962.5,1232.2,2018.8,1305.8,2106.9,1260.1,2113.3,1144.3,2066.3,1087.5,2073.3,1031.3,2073.1,891.4,2116.1,891.4,2116.1,1028.9,2147.6,1085.8,2151.4,1143.2,2141.8,1260.1,2113.3,1305.8,2106.9,1234.3,2236.4,1150.9,2284.5,1088.5,2296.6,1023.9,2294.0,920.9,2248.9,845.6,2118.3
336.0,5.583,846.1,2118.3,925.6,2019.6,1029.0,1964.9,1085.0,1985.2,1138.4,1961.1,1230.3,2018.5,1304.2,2106.3,1258.0,2112.6,1143.6,2067.8,1087.2,2074.9,1031.2,2074.9,892.6,2115.8,892.6,2115.8,1029.4,2138.5,1085.9,2141.7,1142.6,2131.9,1258.0,2112.6,1304.2,2106.3,1232.7,2233.3,1150.9,2279.7,1089.0,2292.0,1024.7,2290.1,921.9,2247.6,846.1,2118.3
337.0,5.6,845.0,2119.9,923.0,2019.8,1026.4,1965.8,1083.5,1986.5,1138.4,1963.1,1231.1,2020.5,1303.8,2109.6,1258.2,2115.3,1143.5,2067.2,1085.8,2073.6,1028.7,2073.1,891.1,2117.1,891.1,2117.1,1026.7,2147.8,1084.6,2151.7,1143.0,2142.2,1258.2,2115.3,1303.8,2109.6,1233.9,2237.3,1151.2,2284.7,1087.6,2296.5,1022.1,2293.9,919.1,2249.1,845.0,2119.9
338.0,5.617,844.5,2120.4,923.5,2017.8,1026.9,1961.9,1083.2,1983.0,1136.0,1958.7,1230.0,2017.4,1304.9,2109.0,1257.7,2114.0,1141.8,2071.6,1086.0,2078.2,1029.5,2078.3,892.5,2117.1,892.5,2117.1,1028.5,2130.1,1085.2,2133.1,1141.2,2124.2,1257.7,2114.0,1304.9,2109.0,1233.4,2233.1,1150.2,2278.4,1088.9,2290.2,1024.1,2288.2,920.7,2246.7,844.5,2120.4
339.0,5.633,842.0,2120.2,922.2,2018.7,1027.8,1962.0,1083.3,1983.2,1134.6,1958.9,1229.5,2018.6,1306.4,2109.7,1259.0,2115.3,1140.6,2074.4,1086.2,2080.6,1030.5,2080.7,890.6,2117.6,890.6,2117.6,1029.5,2126.7,1085.3,2129.4,1139.8,2121.3,1259.0,2115.3,1306.4,2109.7,1233.1,2235.7,1149.4,2279.5,1089.4,2290.3,1025.3,2288.8,919.6,2248.1,842.0,2120.2
340.0,5.65,843.1,2121.2,921.6,2020.9,1024.2,1965.1,1082.4,1985.6,1138.5,1962.1,1231.1,2020.0,1303.8,2109.5,1257.4,2115.9,1143.8,2068.2,1084.8,2074.9,1026.6,2074.6,889.6,2119.0,889.6,2119.0,1024.2,2140.5,1083.0,2144.3,1142.5,2134.5,1257.4,2115.9,1303.8,2109.5,1233.3,2233.5,1151.0,2279.4,1086.3,2291.5,1020.0,2289.1,917.9,2246.6,843.1,2121.2
341.0,5.667,843.4,2119.3,921.4,2017.1,1024.4,1960.0,1081.3,1981.4,1134.6,1956.6,1228.3,2016.2,1302.9,2107.8,1255.5,2112.8,1140.2,2072.6,1083.9,2079.1,1026.8,2079.1,892.0,2115.8,892.0,2115.8,1025.8,2124.4,1083.0,2127.6,1139.4,2119.1,1255.5,2112.8,1302.9,2107.8,1231.7,2231.7,1148.9,2277.3,1087.0,2288.8,1021.6,2286.7,918.9,2245.1,843.4,2119.3
342.0,5.683,841.4,2120.1,921.0,2020.0,1025.4,1965.0,1081.5,1986.0,1134.2,1962.2,1229.0,2018.9,1304.9,2108.2,1258.1,2114.3,1140.5,2072.1,1084.7,2078.6,1028.6,2078.6,888.8,2117.6,888.8,2117.6,1027.4,2136.3,1083.9,2139.3,1139.9,2130.1,1258.1,2114.3,1304.9,2108.2,1232.8,2234.3,1149.0,2280.7,1087.7,2292.5,1023.1,2290.6,918.4,2248.7,841.4,2120.1
343.0,5.7,842.4,2119.7,921.4,2018.6,1024.4,1963.2,1081.3,1984.2,1135.0,1960.2,1229.0,2017.7,1303.5,2107.8,1256.9,2113.4,1140.6,2070.5,1083.9,2077.1,1027.0,2077.1,889.9,2116.7,889.9,2116.7,1025.4,2134.3,1082.7,2137.8,1139.7,2128.8,1256.9,2113.4,1303.5,2107.8,1232.2,2233.0,1148.6,2279.3,1086.4,2291.1,1021.2,2288.6,918.4,2246.0,842.4,2119.7
344.0,5.717,841.7,2119.8,920.8,2019.5,1025.2,1963.8,1081.1,1985.1,1133.5,1960.5,1228.0,2018.4,1304.6,2107.8,1257.5,2113.0,1139.6,2073.7,1084.1,2080.2,1028.1,2080.2,889.9,2116.2,889.9,2116.2,1027.6,2129.9,1083.8,2132.8,1139.4,2124.2,1257.5,2113.0,1304.6,2107.8,1232.2,2232.6,1148.4,2278.7,1087.5,2290.2,1023.2,2288.4,918.8,2246.4,841.7,2119.8
345.0,5.733,843.3,2118.9,920.6,2019.1,1023.0,1963.9,1080.8,1984.4,1136.6,1961.0,1229.1,2018.1,1301.4,2106.9,1255.5,2113.1,1141.9,2065.7,1083.2,2072.4,1025.5,2072.0,889.6,2116.2,889.6,2116.2,1023.3,2142.4,1081.7,2146.3,1141.0,2136.5,1255.5,2113.1,1301.4,2106.9,1231.8,2232.7,1149.6,2279.9,1085.2,2292.1,1019.2,2289.6,917.4,2245.9,843.3,2118.9
346.0,5.75,843.8,2119.4,923.1,2016.3,1027.0,1958.6,1082.7,1979.9,1134.6,1955.4,1229.0,2014.7,1304.6,2106.7,1257.3,2112.0,1140.5,2071.3,1085.5,2077.8,1029.5,2078.1,892.2,2116.1,892.2,2116.1,1028.5,2124.0,1084.5,2126.9,1139.6,2118.4,1257.3,2112.0,1304.6,2106.7,1232.5,2230.7,1149.0,2275.7,1088.6,2287.3,1024.3,2285.4,920.8,2244.5,843.8,2119.4
347.0,5.767,844.3,2121.5,922.8,2021.0,1026.1,1964.0,1083.9,1984.5,1138.9,1960.8,1232.5,2018.9,1306.0,2108.6,1259.5,2115.2,1144.5,2069.8,1086.4,2076.4,1028.6,2076.3,891.3,2119.2,891.3,2119.2,1026.5,2138.2,1084.7,2141.8,1143.2,2132.4,1259.5,2115.2,1306.0,2108.6,1235.3,2234.3,1152.5,2280.7,1088.7,2292.7,1022.7,2290.6,919.9,2248.1,844.3,2121.5
348.0,5.783,843.6,2119.7,923.7,2017.6,1028.6,1958.8,1084.3,1980.2,1135.4,1955.4,1230.7,2015.1,1307.6,2106.8,1259.6,2112.6,1141.6,2076.4,1087.3,2082.6,1031.3,2083.0,893.1,2116.9,893.1,2116.9,1030.2,2117.7,1086.1,2120.3,1140.2,2112.4,1259.6,2112.6,1307.6,2106.8,1234.4,2231.4,1150.7,2276.5,1090.9,2287.7,1026.6,2286.3,922.0,2246.0,843.6,2119.7
349.0,5.8,843.8,2121.7,923.4,2021.1,1025.5,1965.0,1083.7,1985.0,1139.4,1961.7,1232.2,2018.8,1304.4,2108.0,1258.4,2114.9,1144.8,2067.3,1086.2,2074.1,1028.0,2074.1,890.0,2119.9,890.0,2119.9,1025.3,2140.8,1084.0,2144.3,1143.3,2134.6,1258.4,2114.9,1304.4,2108.0,1234.6,2231.8,1152.4,2277.5,1088.0,2289.6,1021.9,2287.4,920.0,2245.7,843.8,2121.7
350.0,5.817,842.5,2120.7,922.8,2018.8,1026.1,1962.9,1082.9,1983.3,1136.0,1959.4,1230.4,2016.4,1304.8,2106.8,1258.4,2112.9,1141.8,2071.0,1085.8,2077.8,1028.7,2078.1,890.4,2118.2,890.4,2118.2,1027.3,2131.2,1084.6,2134.0,1140.9,2125.0,1258.4,2112.9,1304.8,2106.8,1233.9,2231.3,1150.7,2277.0,1089.1,2288.9,1023.9,2287.1,920.4,2246.2,842.5,2120.7
351.0,5.833,842.5,2125.2,922.1,2018.9,1024.1,1960.7,1084.0,1981.8,1138.9,1957.4,1234.2,2016.4,1307.1,2110.7,1260.4,2116.2,1144.5,2079.1,1086.6,2086.0,1026.2,2086.4,892.5,2122.1,892.5,2122.1,1024.2,2119.1,1084.3,2121.6,1142.3,2113.1,1260.4,2116.2,1307.1,2110.7,1236.8,2231.0,1153.1,2276.4,1089.4,2288.1,1021.2,2286.3,919.2,2246.4,842.5,2125.2
352.0,5.85,845.5,2120.7,924.9,2014.9,1025.1,1960.3,1086.0,1979.9,1143.3,1957.4,1235.4,2013.8,1303.5,2107.4,1259.7,2112.6,1146.9,2062.3,1087.0,2069.4,1026.0,2069.1,892.0,2117.6,892.0,2117.6,1022.7,2137.7,1084.2,2140.7,1144.8,2130.9,1259.7,2112.6,1303.5,2107.4,1235.9,2228.2,1153.5,2273.2,1087.6,2285.4,1019.4,2282.5,919.6,2241.5,845.5,2120.7
353.0,5.867,844.5,2125.8,924.7,2014.3,1024.3,1957.0,1089.3,1977.0,1149.5,1954.0,1241.9,2012.4,1306.4,2111.5,1262.2,2116.8,1152.4,2069.5,1089.6,2076.9,1024.1,2076.9,893.1,2122.7,893.1,2122.7,1020.0,2124.3,1085.5,2126.8,1148.6,2117.5,1262.2,2116.8,1306.4,2111.5,1240.5,2228.2,1158.3,2271.8,1089.5,2283.9,1017.2,2280.9,918.0,2241.8,844.5,2125.8
354.0,5.883,846.3,2125.2,925.3,2019.5,1023.7,1966.6,1089.7,1985.6,1153.0,1962.8,1241.9,2019.2,1303.9,2110.8,1262.0,2117.9,1155.6,2066.9,1089.8,2074.8,1023.9,2074.2,892.3,2123.8,892.3,2123.8,1019.9,2137.3,1086.1,2139.7,1152.5,2128.2,1262.0,2117.9,1303.9,2110.8,1240.0,2229.0,1160.9,2274.9,1089.4,2289.0,1016.6,2285.5,918.4,2245.0,846.3,2125.2
355.0,5.9,846.9,2122.3,926.6,2015.9,1025.7,1961.3,1090.6,1980.8,1151.2,1957.5,1240.3,2015.8,1302.6,2108.7,1259.7,2116.1,1153.9,2070.6,1090.8,2078.3,1025.8,2077.9,894.4,2121.7,894.4,2121.7,1021.5,2122.7,1086.3,2124.3,1149.6,2113.4,1259.7,2116.1,1302.6,2108.7,1237.2,2229.0,1158.7,2273.6,1090.0,2287.3,1018.2,2284.1,919.4,2244.6,846.9,2122.3
356.0,5.917,847.0,2118.8,925.1,2018.7,1023.4,1968.9,1088.3,1987.3,1150.9,1966.6,1239.2,2020.7,1298.4,2107.9,1257.7,2116.1,1153.4,2061.8,1088.8,2068.5,1024.1,2067.2,891.1,2120.0,891.1,2120.0,1019.1,2148.7,1084.6,2151.3,1150.6,2138.9,1257.7,2116.1,1298.4,2107.9,1236.1,2231.7,1158.2,2278.4,1087.2,2292.7,1015.6,2288.7,917.6,2246.4,847.0,2118.8
357.0,5.933,847.3,2117.2,927.3,2016.5,1028.7,1962.8,1091.4,1983.0,1151.2,1961.6,1242.2,2017.8,1305.8,2107.5,1263.1,2114.4,1154.0,2066.7,1092.2,2072.4,1029.2,2071.2,893.4,2117.2,893.4,2117.2,1026.3,2130.2,1089.6,2132.8,1152.6,2122.4,1263.1,2114.4,1305.8,2107.5,1240.7,2226.2,1161.5,2270.8,1093.2,2284.1,1023.2,2281.0,922.2,2241.0,847.3,2117.2
358.0,5.95,847.0,2117.6,924.9,2015.7,1025.2,1962.9,1089.0,1983.4,1150.1,1961.7,1242.0,2017.4,1306.6,2108.2,1263.4,2113.8,1153.4,2066.4,1090.1,2072.3,1026.1,2070.8,893.5,2115.9,893.5,2115.9,1023.6,2132.3,1088.1,2135.7,1152.5,2125.6,1263.4,2113.8,1306.6,2108.2,1242.1,2226.2,1161.4,2271.9,1091.7,2284.8,1020.4,2281.2,920.4,2239.9,847.0,2117.6
359.0,5.967,848.6,2116.6,926.3,2015.3,1027.1,1961.0,1088.3,1982.4,1147.3,1960.2,1239.5,2017.1,1306.6,2107.5,1262.7,2112.5,1150.7,2065.9,1089.4,2071.2,1028.0,2069.7,894.3,2114.1,894.3,2114.1,1025.9,2132.8,1087.8,2136.5,1150.1,2126.7,1262.7,2112.5,1306.6,2107.5,1239.7,2226.1,1158.1,2273.1,1090.4,2286.1,1021.6,2282.3,921.7,2239.6,848.6,2116.6
360.0,5.983,847.3,2115.7,925.8,2013.8,1025.4,1959.6,1086.7,1980.3,1144.6,1957.7,1237.4,2014.5,1306.2,2105.7,1261.3,2111.2,1148.2,2066.9,1087.7,2073.3,1026.2,2072.3,894.3,2113.3,894.3,2113.3,1023.4,2127.0,1085.1,2130.8,1146.0,2121.6,1261.3,2111.2,1306.2,2105.7,1237.5,2226.8,1154.8,2273.0,1088.4,2285.5,1019.5,2281.5,921.1,2239.3,847.3,2115.7
361.0,6.0,850.2,2118.0,928.6,2015.0,1028.3,1960.2,1089.9,1980.7,1148.7,1957.7,1240.3,2014.0,1307.6,2105.2,1262.8,2110.7,1152.6,2065.5,1091.0,2072.8,1029.3,2072.1,896.9,2115.1,896.9,2115.1,1026.7,2130.4,1088.6,2134.0,1150.7,2123.5,1262.8,2110.7,1307.6,2105.2,1240.5,2224.9,1159.0,2271.6,1091.7,2285.0,1022.5,2281.7,923.8,2240.5,850.2,2118.0
362.0,6.017,849.2,2116.7,929.3,2017.1,1029.4,1963.2,1089.6,1983.5,1146.9,1960.2,1238.9,2015.9,1309.0,2104.3,1263.8,2110.3,1150.7,2068.0,1090.6,2075.6,1030.3,2075.0,896.0,2114.1,896.0,2114.1,1027.8,2130.5,1088.3,2134.2,1148.6,2124.2,1263.8,2110.3,1309.0,2104.3,1239.2,2226.2,1156.7,2272.8,1091.2,2285.8,1023.4,2282.6,924.4,2240.7,849.2,2116.7
363.0,6.033,848.7,2116.8,928.4,2015.9,1029.3,1960.2,1089.0,1980.8,1144.8,1957.6,1238.1,2014.8,1310.2,2105.4,1264.0,2110.6,1149.0,2070.7,1090.3,2077.6,1030.3,2077.1,897.2,2113.8,897.2,2113.8,1028.4,2120.7,1088.5,2124.0,1147.2,2115.2,1264.0,2110.6,1310.2,2105.4,1239.5,2225.3,1156.7,2269.8,1092.4,2281.7,1024.9,2279.3,924.9,2239.4,848.7,2116.8
364.0,6.05,849.1,2116.7,927.8,2015.7,1028.7,1961.2,1089.4,1981.7,1147.5,1958.7,1239.3,2015.2,1309.0,2105.4,1263.9,2110.7,1151.7,2065.1,1090.7,2072.3,1029.9,2071.6,896.0,2113.9,896.0,2113.9,1027.9,2130.0,1089.0,2133.7,1150.3,2123.6,1263.9,2110.7,1309.0,2105.4,1240.5,2224.6,1158.9,2269.6,1092.3,2282.3,1024.0,2279.7,923.7,2239.2,849.1,2116.7
365.0,6.067,848.6,2114.7,929.0,2015.3,1030.2,1962.4,1089.8,1982.5,1146.8,1959.4,1238.9,2015.0,1309.1,2103.5,1264.3,2109.2,1150.7,2064.8,1090.8,2072.4,1031.2,2071.7,895.1,2112.2,895.1,2112.2,1028.8,2132.3,1088.8,2136.2,1148.9,2126.3,1264.3,2109.2,1309.1,2103.5,1239.6,2225.9,1156.9,2271.7,1091.7,2284.3,1024.3,2281.1,924.0,2238.9,848.6,2114.7
366.0,6.083,850.2,2115.4,929.4,2010.5,1031.3,1952.0,1090.7,1973.9,1145.9,1950.0,1239.6,2011.4,1310.7,2106.8,1263.9,2111.5,1149.7,2071.0,1091.4,2077.2,1031.4,2076.6,899.6,2112.4,899.6,2112.4,1028.9,2111.9,1088.7,2115.7,1146.8,2107.9,1263.9,2111.5,1310.7,2106.8,1239.4,2228.3,1155.7,2272.3,1091.9,2283.4,1024.1,2280.0,924.3,2238.4,850.2,2115.4
367.0,6.1,851.3,2115.0,931.8,2015.3,1034.0,1960.5,1092.8,1980.6,1149.2,1957.4,1241.2,2014.5,1312.0,2103.4,1266.9,2109.4,1153.5,2063.4,1094.2,2070.6,1035.3,2070.1,898.0,2113.1,898.0,2113.1,1033.3,2129.2,1092.7,2132.7,1152.2,2122.9,1266.9,2109.4,1312.0,2103.4,1242.6,2225.1,1161.1,2269.2,1096.4,2281.7,1029.6,2279.2,928.0,2238.9,851.3,2115.0
368.0,6.117,851.1,2112.4,932.5,2013.6,1034.6,1958.5,1093.9,1978.7,1150.6,1955.4,1242.6,2012.9,1312.8,2101.3,1267.5,2107.7,1154.5,2063.0,1094.8,2070.5,1035.4,2069.9,897.9,2111.0,897.9,2111.0,1032.8,2125.3,1092.6,2129.2,1152.4,2119.4,1267.5,2107.7,1312.8,2101.3,1243.0,2224.1,1161.3,2267.9,1096.2,2280.4,1029.0,2277.5,927.8,2236.4,851.1,2112.4
369.0,6.133,851.0,2110.1,931.4,2012.8,1033.0,1961.2,1092.0,1981.6,1148.8,1958.0,1240.9,2012.8,1312.9,2098.9,1268.0,2104.7,1153.5,2062.4,1093.8,2070.1,1034.9,2069.3,897.7,2107.8,897.7,2107.8,1033.4,2127.8,1092.8,2131.4,1152.7,2121.1,1268.0,2104.7,1312.9,2098.9,1243.0,2221.2,1161.1,2267.0,1096.2,2279.9,1029.4,2277.1,927.7,2235.8,851.0,2110.1
370.0,6.15,850.0,2108.7,930.7,2009.4,1033.5,1954.7,1092.6,1975.1,1149.3,1952.1,1241.5,2010.0,1312.2,2099.2,1267.0,2105.0,1153.2,2059.2,1093.7,2066.2,1034.4,2065.4,896.9,2107.1,896.9,2107.1,1032.0,2123.9,1091.8,2127.8,1151.7,2118.5,1267.0,2105.0,1312.2,2099.2,1242.4,2222.3,1160.5,2265.7,1095.4,2277.5,1028.2,2274.6,926.3,2233.2,850.0,2108.7
371.0,6.167,847.9,2108.7,928.7,2010.6,1030.5,1958.5,1090.3,1978.9,1147.9,1955.4,1240.4,2010.7,1312.4,2098.0,1267.3,2103.6,1152.5,2060.2,1091.9,2067.8,1032.2,2066.9,894.6,2106.5,894.6,2106.5,1030.4,2126.1,1090.6,2130.0,1151.3,2120.2,1267.3,2103.6,1312.4,2098.0,1242.3,2219.8,1160.0,2264.8,1094.1,2277.2,1026.5,2274.2,924.7,2232.7,847.9,2108.7
372.0,6.183,846.6,2109.4,928.6,2009.7,1031.1,1954.9,1090.3,1975.3,1147.0,1952.2,1239.9,2009.4,1312.0,2098.8,1266.6,2104.4,1151.0,2059.0,1091.3,2066.2,1032.0,2065.7,893.4,2107.5,893.4,2107.5,1029.6,2121.8,1089.3,2125.8,1149.1,2116.8,1266.6,2104.4,1312.0,2098.8,1240.9,2219.1,1157.8,2261.9,1092.8,2273.6,1025.7,2270.6,924.0,2230.0,846.6,2109.4
373.0,6.2,845.2,2107.8,927.0,2010.4,1028.7,1956.2,1088.8,1976.4,1146.9,1953.4,1239.7,2010.0,1312.2,2097.4,1266.8,2103.4,1150.8,2058.9,1089.8,2066.1,1029.6,2065.3,891.9,2106.0,891.9,2106.0,1027.0,2122.5,1087.6,2126.9,1148.8,2117.8,1266.8,2103.4,1312.2,2097.4,1240.8,2217.6,1157.7,2261.3,1091.3,2273.0,1023.5,2269.9,922.7,2228.7,845.2,2107.8
374.0,6.217,845.3,2107.7,926.7,2006.9,1029.0,1950.7,1088.6,1971.5,1145.6,1948.3,1239.1,2006.8,1311.6,2097.8,1265.6,2103.2,1149.5,2059.0,1089.6,2065.7,1029.5,2065.1,892.9,2105.5,892.9,2105.5,1026.9,2115.9,1087.2,2120.1,1147.2,2111.8,1265.6,2103.2,1311.6,2097.8,1239.9,2217.8,1156.3,2260.5,1090.8,2271.6,1023.2,2268.5,922.1,2227.7,845.3,2107.7
375.0,6.233,844.4,2106.9,926.8,2007.7,1030.3,1952.1,1088.9,1973.0,1144.4,1949.2,1239.0,2006.8,1313.6,2095.9,1267.1,2101.4,1148.6,2062.0,1090.1,2069.0,1031.2,2068.7,892.5,2104.5,892.5,2104.5,1029.4,2115.5,1088.5,2119.4,1147.0,2111.1,1267.1,2101.4,1313.6,2095.9,1240.8,2219.0,1156.3,2263.9,1092.4,2275.3,1025.6,2272.6,922.9,2230.7,844.4,2106.9
376.0,6.25,846.3,2107.7,927.6,2008.3,1029.8,1952.4,1089.1,1973.0,1145.7,1949.7,1239.0,2007.3,1311.7,2096.8,1265.7,2102.5,1149.6,2058.6,1090.1,2065.5,1030.6,2065.0,893.7,2105.5,893.7,2105.5,1028.1,2119.5,1087.9,2123.7,1147.7,2115.1,1265.7,2102.5,1311.7,2096.8,1240.2,2218.5,1157.0,2262.6,1091.8,2274.1,1024.6,2271.2,923.5,2229.8,846.3,2107.7
377.0,6.267,843.6,2108.3,926.2,2005.6,1029.9,1949.2,1088.7,1970.0,1144.3,1946.6,1238.6,2004.8,1312.7,2097.1,1266.3,2102.4,1148.6,2058.5,1090.1,2065.3,1030.9,2065.0,891.7,2105.9,891.7,2105.9,1028.7,2114.9,1088.1,2118.5,1146.7,2110.2,1266.3,2102.4,1312.7,2097.1,1240.2,2217.9,1155.9,2261.1,1091.9,2272.2,1024.9,2269.6,922.0,2229.2,843.6,2108.3
378.0,6.283,844.0,2108.7,926.0,2006.7,1029.8,1950.4,1088.0,1971.8,1142.3,1947.4,1237.4,2006.0,1312.7,2097.5,1265.8,2102.3,1147.2,2064.2,1089.8,2071.0,1031.3,2070.9,893.0,2105.6,893.0,2105.6,1030.0,2110.0,1088.6,2113.3,1145.8,2105.4,1265.8,2102.3,1312.7,2097.5,1240.1,2219.6,1155.6,2263.6,1092.8,2274.8,1026.2,2272.4,922.8,2231.6,844.0,2108.7
379.0,6.3,843.3,2107.5,924.6,2010.2,1027.5,1957.3,1086.5,1977.6,1143.5,1954.3,1236.7,2009.3,1310.3,2096.0,1264.8,2102.5,1147.8,2058.0,1088.0,2065.3,1028.9,2064.7,889.5,2105.4,889.5,2105.4,1026.2,2131.9,1085.8,2136.1,1146.0,2126.4,1264.8,2102.5,1310.3,2096.0,1238.2,2221.2,1154.2,2268.2,1088.8,2280.5,1021.9,2277.5,919.9,2233.8,843.3,2107.5
380.0,6.317,841.6,2107.6,923.0,2008.6,1025.6,1953.6,1085.0,1974.2,1142.0,1950.9,1235.4,2008.2,1309.0,2097.5,1263.1,2102.9,1146.1,2058.3,1086.2,2065.3,1026.6,2064.6,888.7,2105.2,888.7,2105.2,1024.1,2121.9,1084.0,2126.1,1144.0,2117.1,1263.1,2102.9,1309.0,2097.5,1236.6,2218.7,1152.7,2262.6,1087.4,2274.1,1020.1,2271.2,918.4,2229.8,841.6,2107.6
381.0,6.333,842.5,2107.4,923.3,2009.3,1025.8,1955.3,1084.6,1976.0,1141.1,1952.5,1234.3,2009.2,1308.1,2097.4,1262.4,2102.6,1145.4,2059.3,1086.1,2066.3,1027.2,2065.5,889.5,2104.7,889.5,2104.7,1025.3,2123.6,1084.6,2127.8,1144.0,2118.8,1262.4,2102.6,1308.1,2097.4,1236.3,2219.3,1152.8,2263.8,1088.0,2275.4,1021.3,2272.5,919.3,2230.6,842.5,2107.4
382.0,6.35,841.9,2107.3,922.8,2008.5,1025.8,1953.9,1084.6,1974.8,1140.9,1951.4,1234.3,2009.0,1308.2,2098.1,1262.3,2103.2,1145.2,2060.1,1086.0,2066.9,1026.8,2066.1,889.3,2104.7,889.3,2104.7,1024.7,2120.5,1084.2,2124.6,1143.4,2116.0,1262.3,2103.2,1308.2,2098.1,1236.1,2219.9,1152.3,2263.2,1087.7,2274.3,1020.7,2271.4,918.4,2229.8,841.9,2107.3
383.0,6.367,840.5,2107.7,922.2,2009.2,1025.9,1954.7,1084.6,1975.6,1140.8,1952.3,1234.9,2009.7,1309.8,2098.6,1263.9,2103.7,1145.0,2060.2,1085.9,2066.8,1027.0,2066.0,887.8,2105.2,887.8,2105.2,1024.8,2123.1,1084.1,2127.2,1143.4,2118.8,1263.9,2103.7,1309.8,2098.6,1236.7,2220.8,1152.1,2264.5,1087.5,2275.5,1020.7,2272.6,917.8,2230.5,840.5,2107.7
384.0,6.383,839.8,2108.3,921.9,2007.1,1025.3,1951.4,1084.3,1972.8,1140.0,1949.0,1234.3,2007.4,1309.4,2099.0,1262.7,2103.8,1144.3,2061.8,1085.6,2068.5,1026.1,2067.9,888.0,2105.5,888.0,2105.5,1023.8,2113.0,1083.3,2116.8,1141.8,2108.6,1262.7,2103.8,1309.4,2099.0,1235.4,2218.8,1150.6,2261.1,1086.5,2271.9,1019.4,2268.9,917.0,2228.5,839.8,2108.3
385.0,6.4,839.4,2107.8,921.0,2009.6,1024.1,1956.8,1083.5,1977.6,1140.8,1954.6,1234.8,2010.5,1309.4,2098.7,1263.8,2103.9,1145.0,2059.3,1084.9,2066.2,1025.3,2065.2,886.2,2105.1,886.2,2105.1,1022.7,2128.4,1082.8,2132.8,1143.1,2123.8,1263.8,2103.9,1309.4,2098.7,1236.3,2221.2,1151.1,2266.0,1085.6,2277.3,1018.1,2274.0,915.8,2231.0,839.4,2107.8
386.0,6.417,837.4,2106.6,919.8,2007.7,1023.9,1954.1,1082.7,1975.4,1138.8,1952.1,1233.8,2009.0,1310.2,2098.7,1263.8,2103.6,1143.0,2061.4,1084.1,2068.1,1024.9,2067.0,885.2,2104.1,885.2,2104.1,1022.6,2119.9,1082.2,2124.1,1141.0,2115.8,1263.8,2103.6,1310.2,2098.7,1235.3,2220.9,1149.4,2264.7,1085.1,2275.6,1018.0,2272.4,914.8,2230.2,837.4,2106.6
387.0,6.433,833.0,2106.7,915.7,2009.5,1019.9,1957.2,1080.1,1978.6,1138.7,1955.9,1233.8,2012.1,1311.2,2100.3,1265.3,2104.9,1142.5,2058.7,1081.1,2065.1,1020.6,2063.6,879.5,2103.9,879.5,2103.9,1017.8,2127.6,1078.8,2132.4,1140.3,2124.2,1265.3,2104.9,1311.2,2100.3,1234.8,2220.0,1147.5,2263.5,1080.7,2274.0,1012.6,2270.3,909.8,2227.2,833.0,2106.7
388.0,6.45,825.2,2104.8,911.0,2012.7,1015.9,1959.5,1079.4,1981.9,1141.6,1958.7,1236.9,2016.1,1315.7,2101.3,1268.5,2107.3,1144.9,2068.2,1079.8,2074.7,1015.6,2072.1,872.8,2104.1,872.8,2104.1,1012.0,2105.9,1076.1,2110.7,1140.8,2102.7,1268.5,2107.3,1315.7,2101.3,1235.4,2213.4,1147.9,2252.7,1077.5,2263.1,1006.3,2259.1,903.5,2220.0,825.2,2104.8
389.0,6.467,813.7,2104.0,903.7,2017.0,1008.8,1966.6,1079.0,1989.6,1149.2,1966.2,1246.7,2021.4,1327.0,2102.0,1279.4,2108.3,1152.2,2077.1,1079.1,2084.6,1007.8,2080.7,862.1,2104.5,862.1,2104.5,1003.6,2094.1,1074.5,2099.7,1146.7,2091.7,1279.4,2108.3,1327.0,2102.0,1244.1,2205.9,1153.6,2243.1,1075.7,2253.4,997.9,2248.5,894.7,2210.7,813.7,2104.0
390.0,6.483,800.3,2100.0,895.6,2022.6,1003.5,1974.6,1080.0,1998.3,1159.1,1974.5,1259.8,2027.0,1344.9,2100.1,1296.9,2107.8,1161.4,2079.2,1079.3,2087.7,1001.8,2082.1,847.9,2102.2,847.9,2102.2,997.3,2094.8,1074.6,2101.7,1155.7,2093.0,1296.9,2107.8,1344.9,2100.1,1256.4,2199.7,1161.7,2237.0,1074.9,2248.1,991.5,2242.2,885.8,2204.1,800.3,2100.0
391.0,6.5,790.7,2099.9,889.8,2023.3,998.4,1979.6,1081.1,2003.1,1168.0,1979.1,1270.8,2027.2,1357.0,2097.7,1309.2,2106.0,1171.1,2079.5,1080.9,2089.7,997.4,2083.6,837.6,2102.8,837.6,2102.8,992.1,2097.4,1075.3,2104.6,1164.2,2094.0,1309.2,2106.0,1357.0,2097.7,1267.0,2192.4,1169.2,2231.3,1074.8,2243.9,985.7,2237.5,878.6,2199.2,790.7,2099.9
392.0,6.517,783.1,2095.1,887.5,2020.7,998.5,1978.4,1082.5,2000.9,1170.9,1977.5,1275.8,2023.1,1364.2,2091.5,1316.6,2101.9,1173.5,2074.5,1082.1,2085.6,997.0,2079.7,829.5,2100.1,829.5,2100.1,989.7,2099.0,1074.5,2106.1,1164.9,2095.2,1316.6,2101.9,1364.2,2091.5,1270.5,2189.6,1169.8,2228.6,1074.0,2241.3,983.7,2234.7,874.4,2196.3,783.1,2095.1
393.0,6.533,777.6,2091.7,884.1,2019.9,996.9,1978.0,1081.6,2000.3,1170.8,1977.2,1277.8,2021.4,1368.7,2087.2,1320.6,2098.6,1173.6,2074.4,1081.4,2085.6,995.6,2079.7,823.9,2097.5,823.9,2097.5,987.6,2099.9,1073.1,2106.8,1164.5,2095.7,1320.6,2098.6,1368.7,2087.2,1272.2,2188.4,1169.0,2229.9,1072.3,2243.0,981.2,2236.5,870.4,2196.5,777.6,2091.7
394.0,6.55,773.3,2086.3,883.2,2018.2,997.2,1978.1,1083.3,2000.3,1174.5,1977.4,1282.8,2019.6,1375.9,2081.5,1328.0,2094.4,1177.2,2073.6,1082.8,2085.2,995.5,2079.0,819.5,2093.6,819.5,2093.6,986.5,2096.2,1073.4,2103.3,1166.8,2091.9,1328.0,2094.4,1375.9,2081.5,1276.1,2182.7,1171.2,2224.7,1072.4,2238.2,980.2,2231.4,868.4,2191.2,773.3,2086.3
395.0,6.567,770.6,2082.6,882.6,2017.2,996.2,1979.6,1084.4,2001.1,1178.6,1978.4,1286.8,2018.6,1379.5,2077.0,1332.2,2089.8,1181.4,2070.8,1084.1,2083.1,994.7,2076.8,816.5,2090.2,816.5,2090.2,986.3,2091.1,1075.4,2098.4,1171.7,2086.3,1332.2,2089.8,1379.5,2077.0,1280.9,2174.0,1176.4,2214.2,1075.0,2227.8,980.8,2221.2,868.4,2182.8,770.6,2082.6
396.0,6.583,770.5,2077.4,882.1,2016.0,993.4,1981.7,1083.2,2003.5,1179.6,1981.9,1288.0,2019.2,1381.6,2073.6,1334.6,2086.1,1182.1,2072.2,1082.5,2084.0,991.5,2076.9,816.2,2084.6,816.2,2084.6,982.0,2086.8,1072.5,2094.8,1171.1,2083.0,1334.6,2086.1,1381.6,2073.6,1281.0,2165.7,1175.0,2205.8,1071.5,2218.8,976.1,2211.2,866.8,2172.3,770.5,2077.4
397.0,6.6,769.4,2073.8,882.5,2013.8,994.7,1980.0,1083.5,2001.5,1179.3,1979.8,1288.1,2016.6,1383.2,2069.2,1336.3,2081.6,1182.1,2069.3,1083.2,2081.1,993.1,2074.2,814.9,2081.1,814.9,2081.1,984.7,2081.7,1074.3,2089.4,1172.2,2077.7,1336.3,2081.6,1383.2,2069.2,1282.3,2160.0,1176.4,2199.6,1073.7,2212.7,979.1,2205.6,868.3,2167.5,769.4,2073.8
398.0,6.617,769.5,2070.6,882.2,2011.8,993.4,1978.8,1083.6,2000.7,1181.0,1978.7,1289.6,2014.7,1384.5,2066.3,1337.7,2078.5,1183.7,2068.4,1083.1,2080.6,991.7,2073.2,815.0,2077.8,815.0,2077.8,983.1,2076.7,1073.9,2084.7,1173.4,2072.7,1337.7,2078.5,1384.5,2066.3,1283.4,2154.8,1177.5,2194.3,1073.1,2207.6,977.5,2200.2,867.8,2162.4,769.5,2070.6
399.0,6.633,769.1,2069.0,882.7,2010.5,994.2,1977.5,1084.1,1999.0,1181.2,1977.0,1290.0,2012.8,1385.5,2063.7,1338.7,2075.9,1184.1,2066.0,1083.7,2078.3,992.6,2071.3,814.4,2076.2,814.4,2076.2,984.2,2075.0,1074.8,2082.9,1174.0,2071.0,1338.7,2075.9,1385.5,2063.7,1284.3,2152.2,1178.4,2191.3,1074.3,2204.6,978.9,2197.4,868.7,2159.9,769.1,2069.0
400.0,6.65,768.9,2067.2,882.1,2009.0,994.0,1976.0,1083.9,1997.7,1181.1,1976.2,1290.0,2011.7,1385.7,2062.5,1339.0,2075.0,1184.0,2065.0,1083.6,2076.9,992.4,2069.6,814.2,2074.6,814.2,2074.6,983.6,2073.9,1074.2,2081.8,1173.7,2070.0,1339.0,2075.0,1385.7,2062.5,1284.0,2150.8,1177.9,2190.1,1073.7,2203.0,978.3,2195.9,867.9,2158.3,768.9,2067.2
401.0,6.667,768.4,2067.5,882.2,2008.2,993.8,1974.5,1083.6,1996.0,1180.6,1974.3,1289.2,2010.2,1384.9,2061.9,1337.8,2074.5,1183.6,2063.8,1083.4,2075.9,992.2,2069.0,813.8,2074.9,813.8,2074.9,983.2,2072.4,1073.6,2080.1,1172.8,2068.2,1337.8,2074.5,1384.9,2061.9,1282.9,2149.7,1176.9,2188.5,1073.0,2201.6,977.8,2194.5,867.7,2157.6,768.4,2067.5
402.0,6.683,767.8,2067.6,880.4,2007.2,991.4,1973.1,1082.1,1994.6,1180.0,1973.1,1288.5,2009.7,1383.2,2062.8,1336.1,2075.0,1183.0,2062.7,1081.8,2074.5,989.8,2067.4,813.3,2074.8,813.3,2074.8,980.6,2071.6,1072.0,2079.4,1172.2,2067.6,1336.1,2075.0,1383.2,2062.8,1282.1,2149.2,1176.5,2187.2,1071.5,2200.0,975.5,2193.0,866.0,2156.6,767.8,2067.6
403.0,6.7,767.0,2068.3,879.1,2006.0,990.5,1971.2,1080.4,1993.1,1177.3,1971.7,1286.1,2009.2,1381.3,2064.3,1333.9,2075.9,1180.2,2062.9,1080.1,2074.4,988.8,2067.2,812.8,2075.0,812.8,2075.0,979.5,2069.8,1070.1,2077.6,1169.2,2066.3,1333.9,2075.9,1381.3,2064.3,1279.5,2149.9,1173.3,2187.0,1069.3,2199.3,974.0,2192.2,864.5,2156.0,767.0,2068.3
404.0,6.717,767.0,2069.5,877.8,2005.5,988.4,1970.1,1078.9,1991.9,1176.4,1970.3,1284.6,2008.4,1378.2,2065.1,1330.9,2076.3,1179.4,2061.4,1078.7,2072.9,986.9,2065.8,812.8,2075.9,812.8,2075.9,978.0,2069.6,1069.2,2077.3,1169.0,2065.8,1330.9,2076.3,1378.2,2065.1,1278.4,2149.6,1173.2,2186.4,1068.7,2198.8,972.7,2191.9,863.6,2156.2,767.0,2069.5
405.0,6.733,767.9,2070.6,877.7,2004.7,987.7,1968.7,1078.2,1990.3,1175.7,1968.8,1283.6,2007.8,1375.9,2066.3,1328.6,2077.0,1178.6,2059.9,1078.0,2071.3,986.2,2064.3,813.8,2076.6,813.8,2076.6,977.8,2069.8,1069.2,2077.5,1168.9,2066.2,1328.6,2077.0,1375.9,2066.3,1278.0,2150.1,1173.6,2186.4,1069.0,2198.7,972.9,2191.8,864.3,2156.5,767.9,2070.6
406.0,6.75,768.5,2071.2,877.3,2004.0,987.6,1967.2,1077.8,1989.4,1175.0,1967.7,1282.7,2007.9,1374.7,2068.0,1327.3,2078.1,1178.1,2060.7,1077.7,2071.9,986.2,2064.7,814.7,2076.8,814.7,2076.8,978.4,2067.9,1069.4,2075.6,1168.8,2064.3,1327.3,2078.1,1374.7,2068.0,1277.2,2150.9,1173.3,2186.8,1069.0,2199.1,973.1,2192.1,864.1,2157.0,768.5,2071.2
407.0,6.767,769.3,2072.1,877.2,2004.2,986.5,1966.8,1077.5,1988.8,1175.4,1967.4,1282.5,2008.2,1373.6,2068.6,1326.1,2078.9,1178.4,2060.5,1077.1,2071.5,984.9,2064.5,815.6,2077.5,815.6,2077.5,976.4,2068.8,1068.1,2076.6,1168.5,2065.1,1326.1,2078.9,1373.6,2068.6,1276.4,2151.2,1172.8,2187.1,1067.6,2199.4,971.1,2192.4,863.5,2157.2,769.3,2072.1
408.0,6.783,769.7,2073.7,876.9,2004.3,985.6,1966.3,1077.1,1988.5,1175.6,1966.8,1282.7,2007.8,1373.0,2069.8,1325.2,2079.7,1178.4,2060.4,1076.7,2071.5,983.9,2064.5,816.1,2078.8,816.1,2078.8,975.4,2068.5,1067.6,2076.4,1168.4,2064.9,1325.2,2079.7,1373.0,2069.8,1276.5,2151.4,1173.0,2187.4,1067.3,2199.8,970.3,2192.6,863.4,2157.8,769.7,2073.7
409.0,6.8,769.9,2074.2,876.9,2004.1,985.5,1966.4,1077.2,1988.5,1176.0,1966.7,1282.6,2007.5,1372.3,2069.8,1324.7,2079.5,1179.1,2059.9,1077.0,2071.2,984.1,2064.2,816.4,2079.0,816.4,2079.0,976.2,2068.8,1068.6,2076.6,1169.8,2064.7,1324.7,2079.5,1372.3,2069.8,1277.0,2150.7,1174.4,2187.0,1068.3,2199.8,971.0,2192.9,863.8,2158.3,769.9,2074.2
410.0,6.817,769.3,2074.6,876.1,2004.3,984.5,1966.4,1076.3,1988.3,1175.1,1966.5,1281.9,2007.5,1371.7,2069.8,1324.0,2079.5,1178.2,2060.2,1076.2,2071.4,983.2,2064.6,816.0,2079.4,816.0,2079.4,975.1,2068.5,1067.7,2076.2,1168.9,2064.5,1324.0,2079.5,1371.7,2069.8,1276.4,2150.9,1173.7,2186.8,1067.6,2199.3,970.3,2192.5,863.2,2158.3,769.3,2074.6
411.0,6.833,769.8,2075.0,876.3,2004.1,984.6,1965.9,1076.3,1987.9,1175.2,1966.0,1281.3,2007.3,1370.7,2070.0,1322.9,2079.7,1178.5,2059.5,1076.3,2070.7,983.5,2063.8,816.3,2079.8,816.3,2079.8,975.5,2068.6,1068.0,2076.2,1169.2,2064.4,1322.9,2079.7,1370.7,2070.0,1275.9,2150.5,1174.0,2186.3,1067.9,2198.9,970.6,2192.4,863.5,2158.4,769.8,2075.0
412.0,6.85,769.9,2075.0,876.1,2003.9,984.3,1965.8,1076.0,1988.1,1174.8,1966.1,1281.0,2007.5,1370.3,2070.7,1322.5,2079.9,1178.1,2060.1,1076.0,2071.2,983.2,2064.2,816.6,2079.5,816.6,2079.5,975.7,2068.1,1068.0,2075.7,1169.3,2064.0,1322.5,2079.9,1370.3,2070.7,1275.9,2150.7,1173.9,2186.6,1067.9,2199.2,970.6,2192.5,863.4,2158.2,769.9,2075.0
413.0,6.867,770.3,2074.9,876.3,2003.7,984.6,1965.6,1076.3,1987.8,1175.2,1965.9,1281.5,2007.4,1370.6,2070.7,1323.0,2080.0,1178.6,2059.9,1076.4,2071.0,983.5,2063.9,817.0,2079.5,817.0,2079.5,976.0,2067.6,1068.5,2075.2,1169.8,2063.5,1323.0,2080.0,1370.6,2070.7,1276.4,2150.6,1174.5,2186.1,1068.4,2198.7,971.0,2192.0,863.7,2157.9,770.3,2074.9
414.0,6.883,771.2,2075.1,877.1,2003.7,985.4,1965.3,1077.1,1987.8,1176.1,1965.5,1282.3,2007.1,1371.0,2070.7,1323.3,2079.8,1179.4,2059.1,1077.2,2070.4,984.4,2063.4,817.7,2079.6,817.7,2079.6,977.3,2068.1,1069.8,2075.7,1171.2,2063.9,1323.3,2079.8,1371.0,2070.7,1277.5,2150.6,1176.0,2186.6,1069.8,2199.4,972.4,2192.7,864.9,2158.5,771.2,2075.1
415.0,6.9,772.6,2076.1,878.6,2003.7,986.7,1965.2,1078.3,1987.2,1177.1,1964.9,1283.2,2006.7,1372.1,2070.5,1324.5,2079.4,1180.5,2058.4,1078.4,2069.9,985.8,2063.2,819.3,2080.2,819.3,2080.2,978.9,2067.8,1071.3,2075.3,1172.4,2063.4,1324.5,2079.4,1372.1,2070.5,1278.9,2150.0,1177.5,2185.4,1071.5,2198.2,974.3,2191.8,866.8,2158.3,772.6,2076.1
416.0,6.917,773.1,2075.6,878.5,2003.5,986.3,1964.8,1078.4,1986.8,1177.9,1964.6,1283.7,2006.4,1372.3,2070.1,1324.6,2079.4,1181.3,2058.1,1078.6,2069.3,985.4,2062.5,819.7,2080.0,819.7,2080.0,978.0,2067.7,1070.9,2075.3,1172.8,2063.5,1324.6,2079.4,1372.3,2070.1,1279.0,2149.8,1177.9,2185.4,1071.2,2198.1,973.5,2191.6,866.4,2158.0,773.1,2075.6
417.0,6.933,772.5,2075.3,878.3,2003.1,986.5,1964.8,1078.3,1986.8,1177.2,1964.4,1283.5,2005.9,1372.4,2069.5,1324.8,2078.5,1180.9,2058.0,1078.6,2069.5,985.9,2062.8,819.2,2079.6,819.2,2079.6,978.7,2067.2,1071.2,2074.6,1172.6,2062.5,1324.8,2078.5,1372.4,2069.5,1279.1,2149.6,1177.7,2184.9,1071.6,2197.7,974.2,2191.3,866.4,2157.8,772.5,2075.3
418.0,6.95,771.9,2075.4,877.3,2002.9,985.5,1963.8,1077.4,1986.0,1176.2,1963.5,1282.9,2005.5,1372.4,2069.4,1324.3,2078.4,1179.9,2058.8,1077.7,2070.2,984.8,2063.5,818.8,2079.4,818.8,2079.4,977.8,2064.9,1070.4,2072.3,1171.6,2060.6,1324.3,2078.4,1372.4,2069.4,1278.7,2149.1,1177.1,2185.0,1070.9,2197.7,973.3,2191.4,865.8,2157.8,771.9,2075.4
419.0,6.967,772.0,2074.6,876.4,2002.1,984.1,1963.4,1076.2,1985.6,1175.3,1963.3,1281.6,2004.9,1370.7,2068.7,1322.8,2077.5,1179.0,2058.0,1076.7,2069.2,983.6,2062.3,818.8,2078.5,818.8,2078.5,976.5,2065.4,1069.2,2072.8,1170.7,2061.1,1322.8,2077.5,1370.7,2068.7,1277.5,2148.2,1176.2,2184.3,1069.7,2197.0,972.0,2190.7,864.9,2156.9,772.0,2074.6
420.0,6.983,771.5,2074.6,875.9,2002.0,983.5,1963.4,1075.6,1985.5,1174.9,1963.0,1281.1,2004.8,1370.0,2068.5,1322.2,2077.2,1178.7,2057.3,1076.1,2068.8,983.0,2062.1,818.2,2078.3,818.2,2078.3,976.1,2065.4,1069.0,2072.7,1170.7,2060.7,1322.2,2077.2,1370.0,2068.5,1277.3,2148.1,1176.0,2184.0,1069.4,2196.8,971.6,2190.6,864.4,2157.0,771.5,2074.6
421.0,7.0,771.7,2074.4,876.1,2002.2,983.6,1963.4,1075.3,1985.4,1174.2,1963.0,1280.2,2004.8,1369.3,2068.3,1321.4,2077.2,1178.0,2057.4,1075.8,2068.7,983.1,2062.0,818.3,2078.3,818.3,2078.3,976.0,2064.9,1068.4,2072.3,1169.7,2060.5,1321.4,2077.2,1369.3,2068.3,1276.1,2147.6,1174.9,2183.3,1068.8,2196.1,971.4,2189.8,864.5,2156.3,771.7,2074.4
422.0,7.017,771.9,2074.7,876.7,2001.9,984.2,1963.2,1075.5,1985.1,1173.6,1962.5,1280.0,2004.1,1369.2,2068.3,1321.2,2077.0,1177.4,2057.3,1076.1,2068.9,983.7,2062.3,818.8,2078.6,818.8,2078.6,977.0,2063.7,1069.1,2070.9,1169.5,2059.2,1321.2,2077.0,1369.2,2068.3,1276.4,2147.5,1175.2,2182.5,1069.8,2195.2,972.8,2189.2,865.6,2156.5,771.9,2074.7
423.0,7.033,771.6,2074.5,876.5,2002.2,983.9,1963.2,1075.4,1985.3,1173.8,1962.6,1279.9,2004.4,1368.9,2068.2,1320.8,2077.1,1177.6,2057.8,1075.9,2069.3,983.3,2062.6,818.5,2078.5,818.5,2078.5,976.2,2063.8,1068.4,2071.1,1169.2,2059.3,1320.8,2077.1,1368.9,2068.2,1275.8,2147.9,1174.8,2183.4,1069.0,2196.1,971.8,2189.9,864.9,2156.8,771.6,2074.5
424.0,7.05,771.1,2074.6,876.0,2002.5,983.8,1963.3,1075.2,1985.4,1173.5,1962.7,1279.6,2004.6,1368.7,2068.3,1320.8,2077.2,1177.3,2057.8,1075.7,2069.3,983.3,2062.6,817.8,2078.7,817.8,2078.7,976.5,2063.7,1068.6,2070.9,1169.3,2059.2,1320.8,2077.2,1368.7,2068.3,1275.7,2147.9,1174.8,2183.3,1069.2,2196.1,972.1,2190.1,864.7,2157.2,771.1,2074.6
425.0,7.067,770.5,2074.9,875.7,2002.3,983.5,1963.3,1074.6,1985.0,1172.6,1962.6,1279.0,2004.4,1368.6,2068.2,1320.7,2077.2,1176.4,2057.0,1075.2,2068.5,983.1,2062.1,817.2,2078.9,817.2,2078.9,976.1,2064.8,1067.9,2071.9,1168.2,2060.3,1320.7,2077.2,1368.6,2068.2,1275.2,2148.0,1173.7,2183.1,1068.6,2195.7,971.8,2189.8,864.4,2156.9,770.5,2074.9
426.0,7.083,769.9,2074.5,874.7,2002.5,982.9,1963.1,1073.8,1985.0,1171.6,1962.5,1277.9,2004.8,1367.6,2068.3,1319.7,2077.4,1175.5,2057.4,1074.4,2068.6,982.5,2062.1,816.6,2078.6,816.6,2078.6,975.6,2064.5,1067.3,2071.6,1167.5,2060.0,1319.7,2077.4,1367.6,2068.3,1274.2,2148.6,1173.1,2183.6,1068.0,2196.1,971.3,2190.2,863.5,2157.2,769.9,2074.5
427.0,7.1,770.9,2074.6,875.2,2002.0,983.0,1962.4,1074.0,1984.3,1171.8,1961.9,1278.0,2004.2,1366.8,2068.7,1319.0,2077.4,1175.6,2056.6,1074.6,2067.9,982.6,2061.3,817.7,2078.6,817.7,2078.6,976.0,2064.2,1067.8,2071.5,1167.9,2060.0,1319.0,2077.4,1366.8,2068.7,1274.5,2148.5,1173.8,2183.3,1068.8,2195.8,972.0,2189.8,864.5,2156.9,770.9,2074.6
428.0,7.117,771.3,2074.3,875.1,2001.6,982.8,1961.8,1073.9,1983.8,1172.0,1961.2,1277.7,2003.8,1366.1,2068.1,1318.3,2076.9,1175.9,2056.0,1074.5,2067.3,982.5,2060.7,817.9,2078.1,817.9,2078.1,975.8,2064.5,1067.7,2071.7,1168.1,2060.0,1318.3,2076.9,1366.1,2068.1,1274.1,2148.4,1173.7,2183.6,1068.4,2196.2,971.6,2190.2,864.2,2157.1,771.3,2074.3
429.0,7.133,772.0,2074.2,875.7,2001.3,983.3,1961.3,1074.1,1983.3,1171.7,1961.0,1277.6,2003.6,1366.0,2068.4,1318.2,2077.2,1175.5,2055.5,1074.6,2066.6,982.8,2060.0,818.7,2078.1,818.7,2078.1,976.0,2065.2,1067.6,2072.6,1167.6,2061.1,1318.2,2077.2,1366.0,2068.4,1273.9,2148.8,1173.4,2183.8,1068.4,2196.2,971.9,2190.1,864.8,2156.9,772.0,2074.2
430.0,7.15,772.0,2073.8,875.6,2000.4,983.0,1960.8,1073.5,1982.8,1170.9,1960.5,1276.9,2003.1,1365.6,2068.2,1317.7,2076.9,1174.7,2055.2,1074.1,2066.2,982.6,2059.6,818.8,2077.6,818.8,2077.6,975.6,2065.5,1066.9,2072.8,1166.7,2061.2,1317.7,2076.9,1365.6,2068.2,1273.0,2148.7,1172.3,2183.8,1067.6,2196.1,971.4,2190.0,864.4,2156.5,772.0,2073.8
431.0,7.167,773.8,2072.4,876.9,2000.4,984.0,1960.9,1074.0,1983.1,1171.0,1960.5,1276.2,2003.1,1364.0,2067.4,1316.3,2076.1,1174.6,2055.3,1074.5,2066.5,983.4,2059.8,820.5,2076.3,820.5,2076.3,977.1,2065.4,1068.0,2072.9,1167.2,2061.1,1316.3,2076.1,1364.0,2067.4,1272.6,2149.2,1172.8,2185.2,1068.7,2198.0,972.8,2191.7,866.1,2157.5,773.8,2072.4
432.0,7.183,776.2,2071.1,878.2,2000.3,984.8,1960.8,1073.8,1983.0,1169.7,1960.4,1274.2,2003.0,1361.9,2066.2,1314.3,2075.2,1173.3,2054.9,1074.1,2066.1,984.2,2059.3,822.8,2074.8,822.8,2074.8,977.5,2066.7,1067.3,2074.4,1165.5,2062.5,1314.3,2075.2,1361.9,2066.2,1270.2,2149.7,1170.8,2186.8,1067.7,2199.7,972.9,2193.3,867.1,2157.9,776.2,2071.1
433.0,7.2,778.1,2070.2,878.9,1998.9,985.1,1959.6,1073.8,1982.0,1169.4,1959.2,1273.3,2002.0,1360.2,2065.7,1312.8,2074.3,1172.9,2052.8,1074.1,2064.0,984.6,2057.1,824.5,2073.5,824.5,2073.5,978.4,2068.0,1067.8,2075.8,1165.7,2063.9,1312.8,2074.3,1360.2,2065.7,1269.7,2150.3,1171.1,2188.0,1068.2,2201.0,973.7,2194.5,868.1,2158.4,778.1,2070.2
434.0,7.217,779.8,2069.6,879.8,1997.5,985.8,1957.6,1074.2,1980.2,1169.7,1957.0,1272.9,2001.1,1359.6,2065.8,1312.5,2074.0,1173.2,2050.7,1074.4,2061.7,985.3,2054.8,826.0,2072.6,826.0,2072.6,979.3,2068.3,1068.4,2076.1,1166.1,2064.3,1312.5,2074.0,1359.6,2065.8,1269.5,2150.6,1171.2,2188.2,1068.6,2201.1,974.4,2194.6,868.9,2158.1,779.8,2069.6
435.0,7.233,781.9,2068.8,881.1,1995.8,986.6,1955.6,1074.9,1978.4,1170.2,1955.1,1273.0,2000.0,1358.5,2065.6,1311.5,2073.8,1173.4,2048.9,1074.8,2059.9,985.8,2052.9,827.9,2071.8,827.9,2071.8,979.8,2068.0,1068.8,2076.1,1166.4,2064.5,1311.5,2073.8,1358.5,2065.6,1269.4,2151.3,1171.5,2188.8,1069.0,2201.7,974.8,2194.7,869.9,2157.8,781.9,2068.8
436.0,7.25,785.3,2066.0,883.1,1993.2,988.7,1952.7,1076.3,1976.1,1171.1,1952.6,1273.2,1998.8,1357.8,2064.4,1311.2,2072.6,1174.2,2047.6,1076.1,2058.1,987.9,2050.7,831.3,2069.1,831.3,2069.1,982.3,2067.1,1070.6,2075.6,1167.7,2064.0,1311.2,2072.6,1357.8,2064.4,1269.7,2152.4,1172.8,2190.7,1070.7,2203.6,977.0,2196.3,871.9,2157.9,785.3,2066.0
437.0,7.267,789.4,2064.6,884.7,1988.3,989.7,1945.4,1076.6,1969.2,1170.4,1945.4,1271.6,1994.3,1353.7,2063.6,1307.1,2071.1,1173.3,2042.9,1076.1,2053.2,988.6,2045.9,835.5,2067.1,835.5,2067.1,983.1,2064.1,1070.8,2072.7,1167.0,2061.2,1307.1,2071.1,1353.7,2063.6,1267.7,2153.3,1172.1,2191.7,1070.8,2204.8,977.6,2197.3,873.4,2158.4,789.4,2064.6
438.0,7.283,792.6,2062.0,887.2,1982.6,992.4,1937.2,1078.4,1960.6,1170.9,1937.2,1271.7,1988.4,1353.0,2060.7,1306.4,2068.5,1173.4,2035.4,1077.6,2045.0,990.9,2038.3,838.7,2064.5,838.7,2064.5,984.9,2060.7,1071.8,2069.2,1166.9,2058.3,1306.4,2068.5,1353.0,2060.7,1267.5,2152.1,1172.4,2189.7,1072.2,2202.3,979.8,2194.9,875.9,2156.3,792.6,2062.0
439.0,7.3,793.4,2059.6,888.1,1976.6,994.2,1931.4,1078.6,1954.7,1168.3,1931.6,1269.3,1983.0,1350.6,2058.3,1304.3,2065.5,1171.2,2031.3,1078.3,2040.5,993.2,2034.2,839.9,2061.9,839.9,2061.9,987.4,2057.3,1072.7,2065.1,1164.9,2054.7,1304.3,2065.5,1350.6,2058.3,1265.9,2150.7,1170.9,2187.1,1073.5,2198.9,982.5,2192.1,877.1,2154.4,793.4,2059.6
440.0,7.317,793.9,2056.2,887.5,1971.5,994.3,1924.0,1077.4,1947.5,1164.9,1924.3,1266.7,1977.4,1348.5,2055.0,1301.9,2061.0,1167.8,2028.0,1077.2,2036.6,993.2,2030.7,841.3,2057.4,841.3,2057.4,988.5,2048.3,1072.6,2055.6,1162.6,2046.0,1301.9,2061.0,1348.5,2055.0,1264.2,2147.3,1169.2,2182.9,1073.8,2194.2,983.9,2188.0,877.7,2151.2,793.9,2056.2
441.0,7.333,795.8,2053.0,889.6,1961.4,997.1,1912.6,1077.3,1936.3,1160.1,1912.6,1263.2,1967.3,1345.7,2050.4,1298.8,2054.8,1164.0,2023.7,1078.1,2031.8,996.9,2026.8,844.8,2053.3,844.8,2053.3,993.8,2034.8,1075.0,2040.8,1160.2,2032.0,1298.8,2054.8,1345.7,2050.4,1262.8,2142.8,1168.2,2176.9,1077.5,2187.7,990.0,2182.6,881.5,2148.0,795.8,2053.0
442.0,7.35,800.4,2048.8,892.3,1951.7,999.7,1899.8,1078.5,1922.8,1159.0,1899.7,1260.9,1956.7,1339.9,2045.1,1293.3,2049.1,1162.4,2011.0,1078.9,2018.6,999.1,2014.5,849.3,2048.5,849.3,2048.5,996.0,2032.4,1076.0,2038.0,1159.1,2029.4,1293.3,2049.1,1339.9,2045.1,1260.4,2140.3,1167.9,2174.2,1079.2,2184.9,992.9,2180.2,884.8,2145.7,800.4,2048.8
443.0,7.367,804.8,2038.7,891.4,1935.9,998.8,1881.7,1074.9,1905.4,1152.0,1881.7,1253.2,1943.3,1330.7,2036.8,1284.1,2039.3,1155.4,1999.4,1075.5,2005.8,998.4,2001.8,854.6,2036.7,854.6,2036.7,995.8,2027.5,1073.5,2033.1,1153.4,2025.3,1284.1,2039.3,1330.7,2036.8,1253.8,2141.6,1162.7,2178.8,1076.9,2189.1,992.4,2184.4,884.1,2145.6,804.8,2038.7
444.0,7.383,806.3,2035.5,891.0,1923.1,999.8,1866.4,1072.6,1889.9,1144.0,1866.3,1247.7,1929.6,1325.9,2032.0,1278.8,2033.3,1148.0,1986.7,1073.9,1992.7,1000.2,1990.1,856.5,2031.9,856.5,2031.9,998.4,2030.9,1072.9,2035.8,1147.3,2028.8,1278.8,2033.3,1325.9,2032.0,1250.2,2145.4,1157.2,2185.0,1076.5,2194.9,995.0,2190.6,884.8,2149.7,806.3,2035.5
445.0,7.4,807.6,2032.0,891.6,1916.6,1000.8,1857.7,1071.8,1880.3,1141.5,1857.2,1244.0,1922.5,1321.0,2027.9,1273.7,2031.0,1144.9,1973.7,1072.5,1979.7,1000.8,1977.8,855.9,2029.3,855.9,2029.3,996.0,2041.5,1068.9,2046.5,1142.0,2039.0,1273.7,2031.0,1321.0,2027.9,1243.5,2149.3,1150.2,2190.9,1071.0,2201.3,991.3,2196.5,882.5,2152.5,807.6,2032.0
446.0,7.417,811.5,2028.1,893.7,1911.9,1004.1,1854.6,1073.6,1875.7,1141.7,1853.7,1244.6,1917.8,1320.9,2023.8,1275.1,2027.2,1145.3,1961.5,1074.5,1967.5,1004.6,1965.9,858.5,2025.3,858.5,2025.3,999.5,2063.8,1071.1,2069.3,1143.2,2061.1,1275.1,2027.2,1320.9,2023.8,1245.4,2156.4,1151.4,2201.3,1073.7,2211.4,995.5,2206.7,884.9,2158.3,811.5,2028.1
447.0,7.433,814.1,2029.9,895.9,1907.7,1008.2,1843.8,1076.7,1865.0,1142.2,1841.0,1245.3,1908.2,1320.7,2018.2,1272.9,2023.4,1146.9,1962.4,1078.6,1968.7,1009.8,1968.7,863.0,2027.3,863.0,2027.3,1004.3,2056.8,1074.6,2060.7,1144.3,2051.9,1272.9,2023.4,1320.7,2018.2,1246.4,2160.7,1153.9,2211.2,1078.3,2223.0,1000.5,2219.9,887.7,2170.7,814.1,2029.9
448.0,7.45,822.7,2026.8,897.6,1900.7,1008.5,1835.5,1073.0,1855.0,1133.9,1832.6,1232.4,1899.7,1301.8,2013.7,1254.8,2020.2,1138.3,1942.7,1075.2,1948.5,1010.8,1949.1,869.1,2023.7,869.1,2023.7,1003.7,2087.4,1070.6,2090.8,1136.3,2080.2,1254.8,2020.2,1301.8,2013.7,1232.8,2172.5,1144.9,2229.5,1073.2,2242.4,999.3,2239.8,888.1,2185.7,822.7,2026.8
449.0,7.467,847.7,2007.1,908.2,1892.8,1010.4,1840.6,1071.8,1859.6,1133.5,1837.5,1218.7,1898.0,1270.1,1998.7,1229.6,2004.7,1136.4,1924.2,1073.0,1931.3,1012.7,1929.4,888.4,2001.9,888.4,2001.9,1005.9,2125.6,1070.5,2131.0,1137.9,2114.9,1229.6,2004.7,1270.1,1998.7,1218.3,2175.4,1142.9,2244.7,1070.6,2261.2,999.2,2256.5,896.1,2189.2,847.7,2007.1
450.0,7.483,878.9,1995.5,923.7,1895.4,1011.4,1852.0,1070.8,1872.8,1134.4,1850.9,1206.5,1907.8,1247.1,1996.3,1209.6,1998.5,1135.3,1924.0,1070.1,1930.7,1012.6,1925.3,917.3,1987.0,917.3,1987.0,1005.8,2128.6,1068.1,2137.1,1137.8,2118.8,1209.6,1998.5,1247.1,1996.3,1204.6,2165.4,1140.2,2236.0,1066.3,2253.4,998.1,2246.1,910.6,2175.1,878.9,1995.5
451.0,7.5,904.2,1989.1,937.7,1887.6,1013.1,1846.2,1076.8,1868.4,1147.1,1845.5,1210.7,1903.1,1239.2,1992.3,1202.6,1992.2,1146.9,1918.7,1074.8,1926.4,1013.4,1919.3,942.5,1978.1,942.5,1978.1,1004.7,2118.7,1070.7,2129.5,1147.5,2108.6,1202.6,1992.2,1239.2,1992.3,1205.9,2152.6,1148.7,2226.6,1067.9,2246.3,996.2,2236.3,923.3,2162.4,904.2,1989.1
452.0,7.517,911.8,1986.3,944.2,1883.1,1018.1,1840.2,1078.7,1861.4,1145.3,1838.2,1207.8,1895.5,1236.2,1986.2,1199.0,1986.6,1145.1,1912.1,1076.9,1920.4,1018.6,1914.2,950.6,1975.1,950.6,1975.1,1010.4,2118.1,1073.4,2128.2,1146.6,2106.7,1199.0,1986.6,1236.2,1986.2,1203.7,2150.1,1148.6,2225.9,1071.4,2246.4,1002.7,2237.4,931.0,2164.2,911.8,1986.3
453.0,7.533,915.4,1985.6,947.2,1881.7,1019.5,1838.4,1079.7,1859.3,1146.0,1836.4,1206.4,1893.6,1233.1,1984.4,1196.1,1984.5,1145.7,1909.1,1077.7,1917.3,1019.8,1911.3,954.0,1973.8,954.0,1973.8,1010.8,2112.8,1073.4,2122.5,1146.2,2100.9,1196.1,1984.5,1233.1,1984.4,1201.4,2144.1,1147.8,2218.4,1071.0,2238.9,1003.0,2230.1,933.5,2158.8,915.4,1985.6
454.0,7.55,915.0,1980.5,946.9,1878.2,1019.3,1836.1,1079.9,1856.9,1146.8,1834.0,1207.4,1890.5,1234.2,1979.6,1197.8,1979.9,1146.4,1905.1,1077.9,1913.3,1019.7,1907.1,953.0,1968.9,953.0,1968.9,1010.8,2112.9,1073.7,2122.9,1147.1,2101.1,1197.8,1979.9,1234.2,1979.6,1202.6,2141.5,1148.7,2216.7,1071.5,2237.3,1003.1,2228.1,933.2,2155.2,915.0,1980.5
455.0,7.567,917.3,1980.5,948.4,1875.1,1020.8,1832.5,1081.3,1853.8,1147.6,1831.1,1208.7,1888.9,1234.9,1981.3,1198.1,1980.4,1147.2,1903.8,1079.4,1911.4,1021.1,1905.1,956.0,1968.4,956.0,1968.4,1012.6,2110.0,1075.7,2120.2,1148.6,2099.2,1198.1,1980.4,1234.9,1981.3,1204.6,2141.9,1150.5,2215.9,1073.6,2235.7,1005.1,2226.4,935.1,2153.9,917.3,1980.5
456.0,7.583,917.7,1981.7,948.7,1874.8,1020.4,1829.8,1081.4,1850.5,1147.9,1827.4,1209.0,1886.0,1235.1,1979.3,1198.0,1979.1,1147.9,1901.1,1079.7,1909.3,1021.1,1903.7,956.4,1969.7,956.4,1969.7,1013.1,2108.2,1076.5,2118.1,1149.5,2096.6,1198.0,1979.1,1235.1,1979.3,1205.6,2140.2,1152.5,2214.5,1075.4,2235.1,1006.6,2226.4,936.7,2155.0,917.7,1981.7
457.0,7.6,914.1,1978.3,945.7,1872.2,1018.6,1827.7,1080.7,1848.9,1148.4,1825.7,1210.1,1884.1,1236.7,1976.5,1199.6,1976.4,1148.6,1899.9,1079.1,1908.0,1019.4,1902.1,952.6,1966.4,952.6,1966.4,1012.1,2104.7,1076.5,2114.6,1150.7,2093.1,1199.6,1976.4,1236.7,1976.5,1206.9,2137.3,1153.2,2212.0,1074.8,2232.5,1004.9,2223.6,933.4,2151.5,914.1,1978.3
458.0,7.617,913.1,1976.5,944.9,1870.5,1017.7,1825.9,1081.5,1846.7,1150.9,1823.7,1213.3,1881.9,1239.8,1973.3,1202.8,1974.0,1151.2,1897.5,1079.9,1905.9,1018.7,1900.2,951.3,1965.1,951.3,1965.1,1010.6,2105.8,1076.7,2116.0,1152.6,2094.4,1202.8,1974.0,1239.8,1973.3,1210.0,2136.5,1155.5,2213.0,1075.3,2234.0,1003.8,2224.6,932.5,2150.7,913.1,1976.5
459.0,7.633,910.6,1975.4,943.0,1869.3,1016.2,1823.7,1080.5,1844.6,1149.9,1821.6,1212.9,1880.6,1240.2,1972.3,1202.7,1973.0,1150.3,1897.5,1078.9,1905.6,1017.0,1900.0,949.2,1964.0,949.2,1964.0,1009.0,2100.3,1075.5,2110.3,1151.5,2089.0,1202.7,1973.0,1240.2,1972.3,1209.8,2134.5,1154.9,2210.0,1074.6,2230.6,1002.6,2221.4,930.8,2148.2,910.6,1975.4
460.0,7.65,908.9,1976.4,942.8,1868.5,1016.5,1820.6,1080.8,1840.8,1149.0,1818.2,1212.8,1877.9,1241.2,1970.9,1203.2,1972.7,1149.6,1895.7,1079.4,1903.9,1017.4,1899.2,947.7,1965.6,947.7,1965.6,1008.8,2099.9,1075.1,2109.5,1149.8,2088.5,1203.2,1972.7,1241.2,1970.9,1209.4,2135.4,1153.9,2210.9,1074.8,2231.5,1003.0,2222.5,930.8,2149.5,908.9,1976.4
461.0,7.667,884.6,1983.3,928.8,1870.1,1013.0,1819.3,1077.3,1838.3,1143.6,1815.9,1215.2,1875.5,1250.3,1973.8,1211.8,1976.9,1145.4,1895.5,1077.2,1903.8,1014.8,1900.8,924.2,1974.3,924.2,1974.3,1008.4,2103.7,1075.3,2111.1,1147.8,2091.5,1211.8,1976.9,1250.3,1973.8,1214.6,2141.8,1153.2,2214.4,1076.1,2233.9,1003.4,2227.2,918.3,2158.6,884.6,1983.3
462.0,7.683,886.1,1979.6,930.8,1873.6,1014.8,1826.0,1075.4,1845.2,1137.9,1823.1,1209.8,1880.7,1249.2,1972.9,1211.1,1975.2,1140.0,1899.3,1075.6,1907.2,1017.1,1903.7,925.1,1970.3,925.1,1970.3,1012.2,2102.7,1075.2,2110.1,1143.6,2091.4,1211.1,1975.2,1249.2,1972.9,1210.8,2139.5,1149.1,2210.2,1076.1,2228.6,1007.4,2222.2,921.9,2154.1,886.1,1979.6
463.0,7.7,885.0,1980.4,929.2,1870.1,1012.5,1820.7,1077.2,1840.1,1143.8,1817.8,1216.4,1876.3,1253.6,1972.1,1215.0,1974.6,1145.6,1896.8,1077.0,1905.1,1014.4,1901.6,924.9,1971.1,924.9,1971.1,1008.2,2100.8,1075.2,2108.9,1147.9,2089.7,1215.0,1974.6,1253.6,1972.1,1216.4,2138.7,1153.9,2211.0,1076.6,2230.1,1004.0,2223.0,919.7,2154.1,885.0,1980.4
464.0,7.717,891.4,1977.6,930.8,1872.5,1010.7,1826.5,1075.1,1846.6,1142.8,1824.4,1212.3,1882.3,1248.5,1973.6,1210.6,1974.4,1144.6,1898.8,1074.9,1906.4,1012.8,1901.7,930.4,1966.9,930.4,1966.9,1007.1,2100.1,1073.7,2108.9,1147.5,2089.7,1210.6,1974.4,1248.5,1973.6,1212.7,2134.9,1152.6,2206.3,1074.3,2225.0,1002.3,2217.4,921.7,2147.9,891.4,1977.6
465.0,7.733,873.9,1981.0,923.2,1870.2,1012.7,1820.4,1076.4,1839.5,1141.2,1817.1,1218.0,1875.2,1260.2,1971.6,1221.3,1975.0,1143.7,1897.1,1077.0,1905.4,1015.3,1902.4,914.1,1972.6,914.1,1972.6,1010.3,2103.3,1076.5,2110.3,1147.3,2091.8,1221.3,1975.0,1260.2,1971.6,1219.7,2143.0,1153.7,2215.3,1078.2,2233.9,1006.0,2228.0,914.2,2159.6,873.9,1981.0
466.0,7.75,851.2,1986.8,913.3,1873.7,1013.5,1820.6,1073.7,1837.8,1133.0,1816.1,1218.0,1874.1,1270.6,1972.4,1230.6,1978.9,1136.6,1896.9,1075.6,1905.3,1017.0,1904.7,891.3,1981.7,891.3,1981.7,1012.3,2110.9,1075.5,2115.6,1140.3,2099.1,1230.6,1978.9,1270.6,1972.4,1220.9,2151.8,1147.5,2221.6,1077.8,2239.0,1008.3,2235.2,904.5,2169.4,851.2,1986.8
467.0,7.767,853.6,1989.5,917.2,1872.9,1018.3,1816.3,1077.3,1833.5,1134.4,1812.1,1219.7,1872.8,1273.3,1974.8,1232.8,1981.6,1137.7,1897.6,1078.8,1905.3,1021.1,1905.2,894.2,1985.1,894.2,1985.1,1014.8,2104.8,1076.6,2109.5,1139.1,2094.3,1232.8,1981.6,1273.3,1974.8,1221.3,2153.1,1146.9,2220.4,1079.3,2236.7,1011.1,2232.9,907.8,2168.5,853.6,1989.5
468.0,7.783,851.9,1990.4,914.2,1875.2,1015.0,1820.7,1076.0,1837.9,1135.9,1816.6,1221.4,1875.8,1273.9,1976.3,1233.7,1982.8,1139.4,1898.0,1077.8,1905.9,1018.3,1905.2,892.0,1985.4,892.0,1985.4,1013.1,2111.5,1077.0,2116.3,1142.5,2100.3,1233.7,1982.8,1273.9,1976.3,1223.9,2154.1,1149.8,2223.0,1079.3,2239.7,1009.1,2235.9,905.2,2170.7,851.9,1990.4
469.0,7.8,849.0,1991.4,917.7,1873.1,1021.8,1813.4,1082.3,1830.9,1140.5,1810.0,1229.7,1871.8,1286.8,1976.4,1245.2,1984.5,1143.4,1900.2,1083.5,1907.5,1023.8,1907.5,890.7,1988.9,890.7,1988.9,1016.2,2096.1,1079.6,2101.0,1143.1,2087.2,1245.2,1984.5,1286.8,1976.4,1230.0,2152.3,1151.9,2217.0,1082.9,2232.4,1013.2,2228.3,907.7,2165.7,849.0,1991.4
470.0,7.817,848.4,1993.4,916.7,1874.3,1021.2,1814.8,1081.5,1831.9,1139.3,1811.2,1229.5,1872.9,1287.7,1978.1,1245.9,1985.9,1142.6,1899.1,1083.1,1906.3,1023.8,1906.5,889.8,1990.5,889.8,1990.5,1017.0,2103.0,1080.2,2107.9,1143.3,2094.4,1245.9,1985.9,1287.7,1978.1,1231.2,2155.9,1152.3,2221.4,1083.7,2236.5,1014.2,2232.7,907.7,2169.4,848.4,1993.4
471.0,7.833,850.2,1988.2,917.7,1875.1,1020.9,1818.9,1082.3,1835.9,1142.2,1815.2,1230.5,1874.2,1286.7,1973.4,1245.9,1982.2,1145.5,1899.1,1083.8,1907.1,1023.6,1906.5,890.7,1986.1,890.7,1986.1,1016.6,2104.8,1080.8,2109.9,1146.1,2094.9,1245.9,1982.2,1286.7,1973.4,1231.5,2152.0,1154.4,2219.4,1083.8,2235.6,1013.3,2231.5,907.9,2167.0,850.2,1988.2
472.0,7.85,842.7,1993.6,917.4,1877.8,1025.9,1818.0,1086.6,1834.9,1144.9,1814.3,1238.8,1874.5,1303.2,1976.7,1260.6,1986.4,1148.5,1902.4,1088.3,1910.1,1028.5,1910.4,884.3,1992.9,884.3,1992.9,1021.1,2100.2,1084.5,2104.7,1148.1,2091.5,1260.6,1986.4,1303.2,1976.7,1240.0,2153.8,1157.3,2218.1,1088.2,2233.2,1018.5,2229.9,908.1,2168.4,842.7,1993.6
473.0,7.867,846.3,1993.8,919.1,1876.7,1026.0,1816.6,1086.8,1833.5,1144.7,1812.6,1237.3,1873.4,1299.2,1976.7,1256.7,1985.9,1148.4,1903.1,1088.6,1910.8,1028.7,1911.2,888.3,1992.6,888.3,1992.6,1021.9,2096.1,1085.5,2100.5,1148.6,2087.4,1256.7,1985.9,1299.2,1976.7,1239.2,2153.6,1158.3,2217.8,1089.6,2232.9,1019.5,2229.7,910.2,2168.6,846.3,1993.8
474.0,7.883,846.8,1991.9,921.6,1875.8,1031.0,1814.6,1088.7,1831.9,1142.8,1810.8,1237.7,1872.1,1304.2,1974.9,1260.8,1984.3,1147.0,1907.2,1091.1,1914.2,1034.0,1914.9,890.2,1991.1,890.2,1991.1,1028.1,2086.6,1088.6,2090.5,1147.7,2078.8,1260.8,1984.3,1304.2,1974.9,1240.7,2153.5,1158.2,2217.3,1093.4,2231.5,1026.0,2228.9,914.2,2168.4,846.8,1991.9
475.0,7.9,841.5,1993.3,919.9,1878.0,1031.3,1816.4,1090.3,1833.5,1145.5,1812.4,1243.1,1872.9,1313.4,1975.1,1269.2,1985.2,1149.9,1909.6,1092.8,1917.0,1034.3,1917.9,885.5,1993.4,885.5,1993.4,1028.1,2083.8,1089.9,2087.4,1150.0,2075.8,1269.2,1985.2,1313.4,1975.1,1246.2,2151.9,1161.1,2214.7,1095.1,2229.0,1026.6,2226.7,912.7,2167.9,841.5,1993.3
476.0,7.917,838.2,1996.1,918.0,1881.3,1029.8,1820.6,1090.4,1837.3,1148.1,1816.9,1246.1,1876.5,1316.6,1978.3,1272.7,1989.1,1152.1,1908.4,1092.5,1916.0,1032.5,1916.6,881.1,1997.0,881.1,1997.0,1025.2,2093.1,1088.6,2097.2,1151.3,2085.2,1272.7,1989.1,1316.6,1978.3,1247.9,2153.6,1161.4,2215.7,1093.0,2230.0,1023.2,2227.2,909.5,2168.3,838.2,1996.1
477.0,7.933,836.5,1997.9,915.5,1880.4,1027.0,1817.1,1088.5,1835.1,1145.7,1813.2,1245.0,1875.2,1316.6,1980.2,1271.0,1989.8,1150.2,1917.4,1091.1,1924.8,1029.9,1925.5,882.3,1997.6,882.3,1997.6,1023.4,2073.6,1087.5,2077.1,1149.4,2066.1,1271.0,1989.8,1316.6,1980.2,1247.6,2152.2,1160.9,2213.4,1092.9,2227.5,1021.8,2225.1,908.1,2168.4,836.5,1997.9
478.0,7.95,838.9,1999.7,916.4,1881.3,1026.9,1818.8,1088.6,1836.8,1146.2,1814.7,1245.2,1876.3,1315.9,1981.6,1270.4,1990.5,1151.1,1917.8,1091.6,1925.4,1030.3,1926.1,884.6,1998.6,884.6,1998.6,1024.9,2076.1,1089.2,2079.5,1151.6,2068.0,1270.4,1990.5,1315.9,1981.6,1249.0,2152.2,1163.1,2213.9,1094.7,2228.3,1023.4,2226.1,910.0,2169.5,838.9,1999.7
479.0,7.967,839.7,2000.7,918.3,1882.7,1029.6,1819.8,1090.3,1837.5,1146.9,1815.7,1246.3,1877.0,1318.4,1981.8,1273.0,1991.2,1151.8,1917.2,1093.2,1924.7,1033.1,1925.6,884.9,2000.0,884.9,2000.0,1027.3,2079.7,1090.6,2083.0,1152.0,2071.7,1273.0,1991.2,1318.4,1981.8,1249.9,2153.5,1163.3,2215.2,1095.9,2229.4,1025.7,2227.4,911.8,2170.7,839.7,2000.7
480.0,7.983,840.3,1999.1,920.5,1881.4,1033.9,1818.5,1091.4,1835.8,1144.5,1814.3,1244.0,1875.8,1317.8,1980.0,1272.7,1990.1,1149.6,1914.7,1094.5,1921.8,1037.4,1923.3,884.8,1999.0,884.8,1999.0,1031.8,2081.9,1091.9,2084.7,1149.8,2073.7,1272.7,1990.1,1317.8,1980.0,1247.6,2155.1,1160.7,2216.6,1096.9,2230.6,1029.7,2228.9,913.9,2172.0,840.3,1999.1
481.0,8.0,840.3,2003.2,920.5,1886.9,1032.1,1824.9,1093.0,1841.7,1151.3,1820.5,1250.2,1880.4,1322.1,1983.4,1277.6,1994.3,1155.5,1912.9,1095.1,1921.0,1034.8,1922.1,883.1,2003.6,883.1,2003.6,1027.6,2094.7,1091.0,2098.8,1154.3,2086.7,1277.6,1994.3,1322.1,1983.4,1251.9,2155.1,1163.9,2216.7,1095.0,2231.3,1025.1,2228.6,912.4,2171.0,840.3,2003.2
482.0,8.017,840.1,2001.4,917.8,1882.3,1028.3,1817.8,1089.9,1836.0,1147.6,1812.8,1246.5,1875.1,1318.1,1981.1,1271.8,1990.3,1152.7,1919.9,1092.9,1927.9,1031.7,1929.1,886.2,2000.0,886.2,2000.0,1025.9,2069.5,1089.9,2072.7,1152.2,2060.8,1271.8,1990.3,1318.1,1981.1,1249.6,2149.5,1163.3,2210.9,1095.0,2225.8,1023.9,2223.8,911.3,2168.7,840.1,2001.4
483.0,8.033,835.4,2000.8,916.4,1882.9,1029.0,1818.9,1090.6,1836.9,1148.2,1814.3,1249.1,1876.2,1323.9,1981.3,1277.8,1991.0,1153.2,1919.9,1093.5,1927.8,1032.1,1928.9,881.4,2000.6,881.4,2000.6,1025.8,2069.0,1089.8,2072.4,1151.9,2061.4,1277.8,1991.0,1323.9,1981.3,1252.0,2149.4,1163.2,2208.6,1095.1,2222.6,1024.1,2220.6,909.5,2166.2,835.4,2000.8
484.0,8.05,837.6,2000.9,918.8,1884.1,1030.5,1819.8,1091.4,1836.8,1148.9,1814.5,1247.1,1875.7,1319.5,1979.0,1274.0,1990.0,1153.8,1916.2,1094.2,1924.5,1033.7,1926.0,882.3,2001.5,882.3,2001.5,1026.5,2072.4,1089.7,2075.3,1151.7,2063.3,1274.0,1990.0,1319.5,1979.0,1249.0,2146.5,1162.8,2205.8,1094.9,2220.7,1024.9,2219.0,911.4,2165.7,837.6,2000.9
485.0,8.067,834.6,2001.3,915.8,1884.3,1027.7,1820.2,1089.6,1837.9,1148.2,1815.3,1248.0,1877.0,1322.4,1981.4,1276.3,1991.4,1153.1,1917.9,1092.2,1926.2,1030.7,1927.3,879.7,2001.3,879.7,2001.3,1024.0,2069.5,1088.1,2072.8,1151.2,2061.3,1276.3,1991.4,1322.4,1981.4,1250.1,2145.9,1161.9,2204.0,1093.0,2218.4,1022.0,2216.3,908.6,2163.2,834.6,2001.3
486.0,8.083,835.2,2001.8,917.1,1884.8,1028.8,1821.0,1090.5,1838.4,1149.0,1816.0,1248.1,1877.3,1321.3,1981.0,1275.9,1991.1,1153.8,1916.5,1092.9,1924.9,1031.7,1926.3,879.8,2002.0,879.8,2002.0,1025.1,2071.1,1089.0,2074.4,1152.1,2062.7,1275.9,1991.1,1321.3,1981.0,1250.3,2144.6,1163.0,2202.1,1094.1,2216.6,1023.5,2214.6,909.9,2162.1,835.2,2001.8
487.0,8.1,833.7,2003.9,915.1,1885.1,1025.9,1820.4,1089.1,1837.6,1149.0,1815.1,1248.1,1877.0,1320.3,1982.3,1274.5,1992.4,1153.7,1917.2,1091.6,1925.7,1028.8,1927.2,878.8,2003.9,878.8,2003.9,1021.8,2069.9,1087.2,2073.2,1151.6,2061.5,1274.5,1992.4,1320.3,1982.3,1250.1,2144.9,1162.7,2202.5,1092.5,2217.0,1020.3,2214.9,907.7,2162.8,833.7,2003.9
488.0,8.117,835.8,2002.3,915.4,1885.0,1025.3,1821.5,1088.2,1838.9,1148.2,1816.4,1246.0,1877.6,1316.4,1981.5,1271.0,1991.5,1153.0,1917.4,1090.8,1925.9,1028.3,1927.1,880.5,2002.1,880.5,2002.1,1021.4,2072.3,1086.6,2075.7,1151.3,2063.4,1271.0,1991.5,1316.4,1981.5,1247.9,2145.2,1162.1,2204.0,1091.6,2218.9,1019.6,2216.7,907.9,2163.5,835.8,2002.3
489.0,8.133,834.5,2003.8,915.7,1886.6,1026.4,1821.8,1088.5,1839.1,1147.4,1816.7,1246.0,1878.4,1318.9,1982.6,1272.7,1993.3,1152.2,1919.1,1091.1,1927.4,1029.3,1928.9,879.4,2004.2,879.4,2004.2,1021.8,2069.9,1086.1,2073.1,1149.5,2061.4,1272.7,1993.3,1318.9,1982.6,1247.2,2145.6,1160.2,2203.3,1090.9,2217.9,1020.0,2215.9,908.0,2163.8,834.5,2003.8
490.0,8.15,835.1,2003.6,915.6,1886.4,1026.5,1821.8,1088.8,1839.5,1147.9,1816.9,1246.5,1878.6,1318.8,1982.6,1272.9,1992.9,1152.9,1920.7,1091.5,1929.0,1029.5,1930.3,880.4,2003.7,880.4,2003.7,1022.5,2068.8,1087.0,2072.1,1150.7,2060.2,1272.9,1992.9,1318.8,1982.6,1248.3,2146.0,1161.7,2204.5,1092.2,2219.2,1020.8,2217.2,908.3,2164.4,835.1,2003.6
491.0,8.167,834.8,2005.6,914.8,1888.1,1025.3,1823.9,1088.1,1841.4,1147.6,1818.8,1246.2,1880.1,1318.2,1984.4,1272.1,1994.2,1152.7,1921.7,1091.1,1930.0,1028.7,1931.2,880.3,2005.4,880.3,2005.4,1022.4,2069.7,1087.5,2072.8,1151.5,2060.9,1272.1,1994.2,1318.2,1984.4,1249.0,2146.2,1163.0,2204.0,1093.1,2218.6,1021.3,2217.0,908.6,2165.5,834.8,2005.6
492.0,8.183,832.9,2006.6,914.9,1888.6,1027.1,1824.2,1089.2,1841.9,1147.9,1819.5,1248.1,1881.1,1322.0,1985.9,1275.9,1996.0,1153.1,1923.2,1092.1,1931.2,1030.3,1932.5,878.4,2006.9,878.4,2006.9,1023.9,2069.9,1088.2,2073.1,1151.5,2061.8,1275.9,1996.0,1322.0,1985.9,1250.6,2148.7,1162.7,2205.8,1093.6,2220.0,1022.3,2218.1,908.2,2166.3,832.9,2006.6
493.0,8.2,831.9,2004.2,915.6,1889.3,1028.3,1826.3,1089.0,1844.1,1146.3,1821.4,1246.2,1881.5,1321.8,1983.2,1276.2,1993.6,1151.5,1924.2,1091.9,1932.4,1031.6,1933.7,877.2,2004.9,877.2,2004.9,1025.5,2068.3,1088.2,2071.2,1149.9,2059.8,1276.2,1993.6,1321.8,1983.2,1248.9,2146.0,1161.1,2203.4,1093.6,2217.7,1023.9,2216.1,909.0,2164.6,831.9,2004.2
494.0,8.217,830.3,2004.2,914.5,1887.8,1028.5,1824.2,1088.0,1842.2,1143.0,1819.3,1245.0,1880.6,1324.0,1984.0,1277.3,1994.0,1148.6,1926.7,1091.3,1934.5,1032.0,1936.1,876.5,2004.5,876.5,2004.5,1026.0,2063.8,1087.5,2066.4,1146.8,2056.3,1277.3,1994.0,1324.0,1984.0,1248.3,2148.9,1158.3,2206.0,1093.0,2219.3,1024.2,2217.9,908.1,2166.1,830.3,2004.2
495.0,8.233,831.4,2002.9,915.8,1888.4,1030.1,1825.3,1089.0,1843.6,1143.8,1820.6,1245.3,1881.9,1325.2,1984.1,1278.6,1994.4,1149.0,1927.6,1091.9,1935.1,1033.2,1936.3,877.3,2003.4,877.3,2003.4,1026.8,2064.5,1087.6,2067.3,1146.7,2057.3,1278.6,1994.4,1325.2,1984.1,1247.8,2149.1,1157.4,2206.3,1092.4,2219.5,1024.4,2217.7,908.7,2165.3,831.4,2002.9
496.0,8.25,828.1,2005.9,914.8,1891.6,1030.0,1827.3,1088.1,1844.9,1141.9,1822.3,1243.8,1882.7,1325.5,1984.6,1278.3,1996.1,1147.3,1927.7,1091.4,1935.4,1033.4,1937.2,873.9,2007.4,873.9,2007.4,1026.3,2067.5,1086.5,2069.5,1144.5,2059.2,1278.3,1996.1,1325.5,1984.6,1246.0,2149.1,1155.5,2205.9,1091.5,2219.6,1024.3,2218.8,907.5,2168.4,828.1,2005.9
497.0,8.267,829.5,2009.2,914.6,1891.9,1028.8,1826.0,1087.8,1844.0,1142.1,1820.9,1243.3,1882.9,1323.3,1987.5,1275.9,1998.0,1147.9,1928.8,1091.1,1936.5,1032.4,1938.4,875.7,2009.8,875.7,2009.8,1025.8,2063.7,1086.6,2065.8,1145.2,2055.5,1275.9,1998.0,1323.3,1987.5,1245.9,2149.0,1156.5,2204.6,1091.9,2218.2,1024.0,2217.4,908.0,2168.2,829.5,2009.2
498.0,8.283,831.5,2002.2,915.4,1889.4,1029.3,1826.9,1087.4,1845.4,1141.6,1822.7,1242.8,1883.0,1322.9,1983.9,1276.4,1994.4,1146.9,1929.2,1090.5,1936.5,1032.5,1937.5,877.4,2002.8,877.4,2002.8,1026.1,2066.6,1086.2,2069.4,1144.7,2059.0,1276.4,1994.4,1322.9,1983.9,1245.2,2149.2,1155.1,2207.3,1090.8,2220.6,1023.5,2218.9,908.2,2166.0,831.5,2002.2
499.0,8.3,828.5,2005.0,912.9,1891.8,1026.8,1828.6,1085.9,1846.5,1141.2,1824.0,1243.0,1884.5,1324.0,1985.9,1276.9,1996.6,1146.3,1928.1,1088.8,1935.8,1029.9,1937.0,874.2,2005.7,874.2,2005.7,1023.1,2071.4,1084.2,2074.3,1143.8,2063.8,1276.9,1996.6,1324.0,1985.9,1245.2,2150.5,1154.3,2208.0,1088.8,2221.5,1020.7,2220.0,905.7,2167.4,828.5,2005.0
500.0,8.317,828.4,2003.5,912.0,1890.4,1025.8,1827.6,1085.2,1845.5,1140.9,1823.1,1242.1,1883.4,1321.7,1984.7,1274.9,1995.3,1146.2,1926.7,1088.1,1934.3,1029.0,1935.4,873.9,2004.2,873.9,2004.2,1022.2,2070.9,1083.7,2073.8,1143.9,2063.1,1274.9,1995.3,1321.7,1984.7,1244.3,2149.1,1154.2,2206.8,1088.2,2220.3,1019.8,2218.8,904.8,2166.2,828.4,2003.5
501.0,8.333,827.9,2004.0,911.6,1890.0,1025.0,1827.2,1084.1,1845.7,1139.1,1822.4,1240.7,1883.2,1320.7,1985.4,1273.5,1995.0,1144.5,1930.2,1087.2,1937.9,1028.3,1939.0,874.5,2003.9,874.5,2003.9,1022.3,2064.8,1083.4,2067.5,1142.7,2057.1,1273.5,1995.0,1320.7,1985.4,1243.6,2148.5,1153.4,2206.2,1088.3,2219.7,1020.0,2218.2,905.0,2166.1,827.9,2004.0
502.0,8.35,825.6,2002.9,911.1,1890.6,1025.2,1827.9,1084.2,1846.2,1139.2,1823.4,1240.8,1883.6,1321.6,1984.3,1274.3,1995.6,1144.4,1929.9,1087.1,1937.6,1028.2,1938.7,871.4,2004.1,871.4,2004.1,1020.7,2066.0,1081.6,2068.8,1140.9,2058.3,1274.3,1995.6,1321.6,1984.3,1241.9,2148.6,1150.9,2206.4,1085.7,2219.9,1017.8,2218.1,903.0,2165.7,825.6,2002.9
503.0,8.367,821.7,2008.0,909.1,1893.4,1023.7,1827.5,1083.3,1845.1,1139.1,1822.2,1240.3,1884.2,1320.0,1987.0,1272.3,1998.9,1144.0,1928.8,1085.8,1937.0,1026.2,1938.9,867.3,2009.9,867.3,2009.9,1017.8,2065.1,1079.3,2067.7,1139.4,2057.0,1272.3,1998.9,1320.0,1987.0,1240.1,2148.1,1149.6,2203.5,1083.6,2217.4,1015.2,2216.1,900.5,2166.1,821.7,2008.0
504.0,8.383,823.6,2003.0,910.1,1890.3,1025.2,1826.6,1082.3,1844.8,1135.3,1822.1,1236.3,1883.5,1317.5,1984.7,1270.4,1995.6,1140.5,1929.9,1085.2,1937.2,1028.1,1938.6,869.5,2004.3,869.5,2004.3,1020.8,2062.5,1079.8,2064.9,1137.0,2054.9,1270.4,1995.6,1317.5,1984.7,1237.3,2147.7,1146.7,2203.3,1083.7,2216.2,1017.5,2214.9,901.9,2163.7,823.6,2003.0
505.0,8.4,820.3,2005.2,907.8,1893.6,1022.6,1829.7,1080.5,1846.9,1134.3,1824.1,1235.1,1884.2,1316.8,1983.9,1269.1,1995.9,1139.8,1928.6,1083.5,1936.8,1026.0,1938.7,865.7,2007.0,865.7,2007.0,1018.3,2066.6,1077.9,2068.5,1136.1,2057.6,1269.1,1995.9,1316.8,1983.9,1236.1,2146.8,1146.1,2202.8,1082.2,2216.8,1015.5,2216.1,899.8,2166.4,820.3,2005.2
506.0,8.417,821.9,2003.9,907.9,1892.2,1022.1,1827.8,1080.1,1845.4,1134.0,1822.6,1234.5,1883.2,1315.1,1983.3,1267.3,1995.2,1139.4,1929.6,1083.2,1937.5,1025.4,1939.2,867.7,2005.6,867.7,2005.6,1017.6,2063.7,1077.3,2065.9,1135.5,2055.1,1267.3,1995.2,1315.1,1983.3,1235.3,2146.7,1145.8,2203.4,1081.7,2217.3,1014.9,2216.5,900.0,2166.0,821.9,2003.9
507.0,8.433,821.8,2004.7,908.0,1893.4,1021.4,1828.7,1080.0,1846.3,1134.6,1823.5,1234.5,1884.5,1313.1,1984.4,1265.5,1996.6,1139.6,1931.4,1082.8,1939.6,1024.3,1941.2,867.6,2006.9,867.6,2006.9,1016.0,2061.7,1076.4,2064.2,1135.2,2053.5,1265.5,1996.6,1313.1,1984.4,1234.3,2147.1,1145.6,2203.2,1080.9,2217.1,1013.4,2215.9,899.6,2165.5,821.8,2004.7
508.0,8.45,822.3,2006.8,907.5,1893.5,1020.2,1828.9,1080.0,1846.6,1136.1,1823.3,1235.2,1884.3,1312.3,1985.3,1264.9,1996.9,1141.6,1930.8,1083.1,1939.4,1023.5,1941.1,868.0,2008.3,868.0,2008.3,1016.1,2061.2,1077.6,2063.6,1137.9,2052.1,1264.9,1996.9,1312.3,1985.3,1236.0,2145.5,1148.4,2201.6,1082.3,2216.2,1013.6,2215.1,899.9,2165.8,822.3,2006.8
509.0,8.467,824.8,2003.3,909.4,1890.2,1022.0,1826.6,1082.7,1845.4,1140.0,1821.8,1239.9,1882.9,1316.6,1983.8,1269.5,1994.5,1145.4,1933.7,1085.6,1941.9,1025.0,1942.9,871.6,2004.4,871.6,2004.4,1017.9,2056.3,1080.3,2059.2,1141.8,2048.0,1269.5,1994.5,1316.6,1983.8,1240.7,2144.7,1152.3,2202.8,1085.0,2217.3,1015.2,2215.4,901.5,2163.9,824.8,2003.3
510.0,8.483,825.1,2004.3,908.3,1890.2,1020.2,1826.8,1081.5,1845.8,1139.6,1822.0,1239.2,1883.2,1315.6,1984.9,1268.1,1994.9,1145.2,1934.2,1084.7,1942.1,1023.5,1943.1,872.0,2004.7,872.0,2004.7,1016.9,2054.5,1080.0,2057.1,1142.4,2045.6,1268.1,1994.9,1315.6,1984.9,1240.6,2142.7,1152.6,2200.4,1084.4,2215.0,1014.0,2213.4,900.8,2162.9,825.1,2004.3
511.0,8.5,826.4,2008.3,907.7,1892.8,1018.4,1828.0,1081.4,1847.2,1141.1,1823.0,1238.8,1885.1,1312.9,1988.3,1265.1,1997.9,1146.8,1935.7,1084.6,1943.5,1021.8,1944.4,873.4,2008.0,873.4,2008.0,1015.1,2054.6,1079.7,2057.0,1143.8,2045.0,1265.1,1997.9,1312.9,1988.3,1240.0,2142.7,1154.2,2199.9,1084.2,2214.8,1012.5,2213.6,900.4,2164.8,826.4,2008.3
512.0,8.517,828.0,2008.6,909.9,1892.7,1020.8,1828.3,1083.6,1847.9,1142.7,1823.7,1242.6,1886.0,1318.4,1989.8,1270.3,1998.9,1148.3,1939.0,1086.7,1946.7,1024.0,1947.5,875.9,2007.8,875.9,2007.8,1017.8,2052.4,1082.2,2055.3,1145.6,2044.1,1270.3,1998.9,1318.4,1989.8,1244.3,2144.7,1156.3,2201.9,1086.9,2216.3,1015.2,2214.5,903.0,2164.6,828.0,2008.6
513.0,8.533,828.6,2004.8,911.5,1892.2,1023.1,1829.4,1085.6,1849.1,1144.7,1825.2,1245.0,1886.3,1322.1,1987.3,1274.4,1996.9,1150.2,1939.6,1088.4,1947.3,1026.0,1947.7,876.3,2004.9,876.3,2004.9,1019.3,2052.3,1083.3,2055.5,1146.7,2044.4,1274.4,1996.9,1322.1,1987.3,1246.0,2143.6,1157.1,2201.1,1087.8,2215.3,1016.5,2213.2,904.0,2162.1,828.6,2004.8
514.0,8.55,830.2,2006.1,911.9,1894.0,1022.3,1831.4,1085.7,1851.2,1145.9,1826.7,1245.6,1887.9,1322.5,1988.5,1274.3,1997.7,1151.2,1941.2,1088.4,1949.3,1025.2,1949.6,878.0,2005.4,878.0,2005.4,1018.7,2052.7,1083.6,2056.0,1148.0,2044.6,1274.3,1997.7,1322.5,1988.5,1246.8,2143.7,1158.2,2201.5,1087.9,2216.0,1015.8,2213.8,904.6,2162.6,830.2,2006.1
515.0,8.567,830.8,2007.8,912.3,1892.8,1023.8,1828.6,1086.6,1849.1,1145.2,1824.4,1246.9,1887.4,1325.4,1990.8,1276.8,1999.2,1151.0,1944.6,1089.7,1952.0,1027.0,1952.5,879.7,2006.5,879.7,2006.5,1021.2,2046.7,1085.5,2049.9,1148.2,2039.6,1276.8,1999.2,1325.4,1990.8,1249.2,2146.1,1159.2,2203.4,1090.2,2217.0,1018.4,2214.9,905.8,2164.0,830.8,2007.8
516.0,8.583,830.6,2007.5,915.3,1894.6,1028.5,1830.4,1089.4,1849.6,1146.3,1825.5,1247.7,1886.9,1327.4,1988.2,1279.0,1998.6,1152.0,1940.3,1092.7,1948.2,1031.8,1949.3,878.4,2008.0,878.4,2008.0,1025.5,2053.8,1088.0,2056.4,1149.1,2045.8,1279.0,1998.6,1327.4,1988.2,1249.7,2146.6,1160.1,2203.7,1093.0,2217.8,1023.1,2216.5,908.7,2166.4,830.6,2007.5
517.0,8.6,829.3,2010.6,913.1,1894.7,1025.8,1827.9,1089.0,1848.9,1147.1,1823.8,1250.3,1889.2,1329.9,1994.1,1280.5,2002.8,1153.1,1951.8,1092.2,1959.1,1028.8,1959.9,879.6,2010.4,879.6,2010.4,1022.5,2035.0,1087.0,2038.1,1149.1,2029.0,1280.5,2002.8,1329.9,1994.1,1252.1,2147.4,1161.2,2201.6,1092.7,2214.4,1020.3,2212.3,906.5,2163.3,829.3,2010.6
518.0,8.617,827.8,2007.8,913.7,1894.4,1027.8,1829.5,1089.4,1849.1,1146.5,1825.2,1249.5,1888.1,1329.8,1990.6,1281.3,2000.9,1152.0,1943.5,1092.3,1951.2,1030.5,1952.2,876.3,2008.8,876.3,2008.8,1023.4,2047.9,1086.6,2050.9,1147.7,2041.3,1281.3,2000.9,1329.8,1990.6,1250.3,2148.1,1158.9,2203.0,1091.6,2216.1,1020.9,2214.2,906.2,2164.1,827.8,2007.8
519.0,8.633,828.6,2010.3,913.6,1897.1,1026.2,1833.1,1088.1,1852.7,1146.0,1828.5,1247.8,1890.1,1327.8,1992.2,1279.3,2001.6,1151.5,1944.6,1091.0,1952.4,1029.0,1953.3,876.9,2010.3,876.9,2010.3,1022.8,2049.1,1086.2,2051.9,1148.0,2041.7,1279.3,2001.6,1327.8,1992.2,1249.4,2144.8,1158.7,2199.7,1090.8,2213.3,1020.1,2211.5,906.8,2162.8,828.6,2010.3
520.0,8.65,827.7,2012.3,911.9,1897.4,1024.0,1832.4,1086.7,1852.7,1145.2,1828.2,1246.7,1891.2,1325.8,1994.8,1276.9,2003.3,1151.1,1948.1,1090.0,1955.6,1027.2,1956.4,876.6,2011.8,876.6,2011.8,1021.6,2041.3,1085.6,2043.9,1148.0,2033.9,1276.9,2003.3,1325.8,1994.8,1248.7,2142.9,1159.1,2195.9,1090.6,2209.2,1019.1,2207.7,905.9,2161.0,827.7,2012.3
521.0,8.667,826.8,2008.7,912.2,1897.1,1025.1,1834.3,1086.2,1854.2,1143.5,1830.3,1245.2,1892.3,1325.2,1992.8,1277.3,2002.5,1148.8,1945.0,1088.9,1952.7,1027.7,1953.2,874.2,2009.3,874.2,2009.3,1020.9,2053.1,1083.4,2056.4,1144.7,2046.5,1277.3,2002.5,1325.2,1992.8,1245.8,2148.6,1154.7,2203.5,1087.4,2216.7,1017.4,2214.2,904.1,2163.3,826.8,2008.7
522.0,8.683,827.0,2014.7,910.9,1900.2,1022.0,1834.6,1085.4,1855.4,1144.2,1830.2,1245.9,1894.5,1324.6,1998.3,1275.1,2006.4,1149.9,1955.2,1088.3,1963.1,1024.6,1963.8,876.9,2013.9,876.9,2013.9,1018.7,2035.8,1083.4,2038.9,1145.8,2029.5,1275.1,2006.4,1324.6,1998.3,1247.2,2145.4,1157.2,2197.5,1088.5,2210.5,1016.1,2208.5,904.4,2161.5,827.0,2014.7
523.0,8.7,826.3,2010.9,911.6,1899.5,1024.9,1835.7,1085.9,1856.7,1142.1,1831.7,1244.8,1894.3,1325.8,1995.2,1276.9,2003.8,1148.2,1956.0,1089.3,1963.4,1028.1,1963.9,875.9,2010.7,875.9,2010.7,1022.7,2040.5,1085.0,2043.2,1145.0,2034.0,1276.9,2003.8,1325.8,1995.2,1247.0,2148.0,1156.2,2202.5,1090.0,2215.5,1019.8,2213.7,905.3,2164.7,826.3,2010.9
524.0,8.717,827.5,2013.2,912.4,1900.6,1024.4,1836.0,1086.1,1855.9,1143.5,1831.0,1244.3,1893.9,1322.8,1995.6,1273.9,2004.9,1148.9,1951.4,1088.8,1959.9,1027.0,1960.8,876.3,2013.1,876.3,2013.1,1020.4,2046.7,1083.4,2049.6,1144.5,2039.3,1273.9,2004.9,1322.8,1995.6,1244.8,2148.6,1155.2,2203.2,1088.0,2217.1,1017.3,2215.2,905.1,2166.2,827.5,2013.2
525.0,8.733,825.7,2010.6,912.7,1902.3,1025.3,1839.8,1086.2,1859.4,1143.2,1835.1,1244.1,1895.6,1324.5,1993.4,1276.1,2003.4,1148.5,1950.9,1088.9,1959.3,1027.9,1960.0,873.7,2011.5,873.7,2011.5,1021.1,2049.4,1083.3,2052.3,1144.0,2041.9,1276.1,2003.4,1324.5,1993.4,1244.4,2146.4,1154.4,2200.7,1087.6,2214.4,1018.1,2212.5,905.1,2163.8,825.7,2010.6
526.0,8.75,827.1,2015.3,913.9,1904.8,1025.8,1841.5,1085.4,1861.3,1140.5,1836.4,1241.7,1897.8,1322.7,1997.3,1273.9,2006.4,1146.0,1954.1,1088.2,1962.5,1028.6,1963.6,875.6,2015.1,875.6,2015.1,1022.7,2049.8,1083.5,2052.5,1142.2,2042.5,1273.9,2006.4,1322.7,1997.3,1242.9,2149.2,1152.7,2203.0,1088.0,2216.5,1019.6,2214.8,907.2,2166.9,827.1,2015.3
527.0,8.767,826.5,2013.7,915.0,1903.7,1028.7,1840.5,1086.8,1859.9,1140.1,1835.8,1241.7,1896.6,1323.3,1995.5,1275.2,2004.7,1145.9,1952.0,1089.8,1960.0,1031.6,1961.4,874.9,2014.2,874.9,2014.2,1026.5,2048.2,1085.8,2050.5,1142.8,2040.9,1275.2,2004.7,1323.3,1995.5,1243.8,2147.3,1154.1,2199.2,1091.1,2212.1,1024.2,2211.0,909.4,2164.3,826.5,2013.7
528.0,8.783,825.6,2014.6,910.9,1902.5,1023.0,1838.0,1083.6,1858.3,1139.7,1833.6,1240.8,1896.6,1320.5,1998.0,1271.7,2006.8,1145.2,1953.7,1086.3,1961.5,1025.6,1962.4,874.3,2014.3,874.3,2014.3,1019.6,2045.5,1081.4,2048.4,1141.3,2038.6,1271.7,2006.8,1320.5,1998.0,1241.7,2148.7,1152.0,2201.9,1086.0,2215.0,1016.6,2213.1,904.4,2165.1,825.6,2014.6
529.0,8.8,822.5,2013.3,911.2,1902.8,1025.0,1837.3,1083.7,1856.8,1137.1,1832.5,1239.1,1894.9,1321.3,1995.2,1272.2,2005.0,1142.5,1953.2,1086.3,1961.3,1027.4,1962.7,871.5,2014.2,871.5,2014.2,1020.9,2042.1,1080.7,2044.6,1137.9,2035.5,1272.2,2005.0,1321.3,1995.2,1239.7,2147.0,1149.2,2198.3,1085.9,2211.0,1018.4,2209.8,904.4,2163.5,822.5,2013.3
530.0,8.817,823.2,2009.6,909.1,1900.6,1021.7,1839.5,1081.8,1859.6,1137.6,1835.2,1239.1,1895.7,1319.1,1994.0,1271.3,2002.7,1143.1,1952.6,1084.7,1960.5,1024.5,1961.1,871.7,2009.5,871.7,2009.5,1019.4,2047.8,1080.8,2050.7,1140.4,2040.7,1271.3,2002.7,1319.1,1994.0,1241.0,2147.1,1150.8,2201.2,1085.3,2214.4,1016.2,2212.3,902.5,2162.9,823.2,2009.6
531.0,8.833,821.9,2013.2,910.1,1901.1,1022.5,1837.1,1082.7,1856.9,1137.5,1832.8,1240.0,1894.4,1320.9,1995.1,1272.4,2005.3,1143.0,1956.5,1085.8,1964.2,1025.0,1965.6,871.3,2014.4,871.3,2014.4,1017.4,2039.2,1078.8,2041.3,1137.3,2032.1,1272.4,2005.3,1320.9,1995.1,1239.6,2146.4,1148.3,2199.2,1083.6,2212.0,1014.6,2210.0,902.2,2162.4,821.9,2013.2
532.0,8.85,821.1,2015.8,906.1,1900.6,1014.9,1838.9,1080.8,1858.2,1140.6,1834.3,1243.0,1894.2,1318.4,1998.1,1271.2,2006.1,1144.7,1956.2,1082.6,1965.4,1016.2,1966.2,871.0,2014.7,871.0,2014.7,1009.0,2042.8,1076.2,2045.8,1139.6,2035.8,1271.2,2006.1,1318.4,1998.1,1242.3,2146.7,1150.9,2200.8,1081.1,2214.0,1006.8,2210.9,897.8,2162.2,821.1,2015.8
533.0,8.867,820.5,2016.3,904.3,1902.5,1012.7,1843.2,1082.5,1861.7,1146.6,1839.0,1246.3,1896.5,1315.8,1999.2,1270.6,2008.6,1149.8,1953.6,1083.7,1963.0,1013.6,1963.0,869.0,2016.2,869.0,2016.2,1005.9,2049.9,1077.0,2052.5,1144.7,2041.4,1270.6,2008.6,1315.8,1999.2,1244.2,2146.8,1156.0,2201.5,1081.8,2215.6,1004.2,2212.2,895.3,2163.6,820.5,2016.3
534.0,8.883,822.8,2015.2,906.3,1899.8,1013.0,1842.2,1084.7,1860.0,1150.8,1837.1,1248.2,1895.0,1314.7,1997.8,1270.6,2006.9,1153.8,1950.3,1085.6,1960.2,1014.0,1960.1,870.9,2015.3,870.9,2015.3,1006.3,2047.3,1079.1,2049.4,1148.6,2037.5,1270.6,2006.9,1314.7,1997.8,1245.7,2143.9,1160.2,2198.2,1084.4,2212.8,1005.5,2209.3,897.2,2161.7,822.8,2015.2
535.0,8.9,822.9,2014.5,906.1,1899.0,1012.3,1844.0,1083.2,1862.6,1148.1,1840.0,1245.6,1896.6,1312.6,1998.2,1268.9,2006.5,1152.9,1956.1,1085.8,1965.0,1015.2,1964.6,871.5,2014.8,871.5,2014.8,1007.9,2047.6,1079.7,2048.9,1148.2,2036.6,1268.9,2006.5,1312.6,1998.2,1244.3,2144.7,1159.3,2200.5,1084.7,2215.3,1006.6,2211.8,897.1,2163.4,822.9,2014.5
536.0,8.917,822.8,2013.0,905.7,1898.7,1010.7,1844.8,1081.7,1862.9,1147.5,1841.4,1243.5,1897.6,1308.8,1998.1,1265.5,2007.1,1151.7,1950.8,1084.0,1959.2,1013.5,1958.4,869.9,2014.4,869.9,2014.4,1005.3,2058.1,1077.3,2059.8,1146.8,2047.0,1265.5,2007.1,1308.8,1998.1,1241.1,2146.0,1157.1,2202.6,1081.5,2217.7,1003.7,2214.0,895.6,2164.5,822.8,2013.0
537.0,8.933,821.8,2011.0,906.1,1900.2,1014.2,1842.5,1082.9,1861.5,1146.4,1840.9,1243.2,1900.5,1310.5,2000.6,1266.4,2010.9,1149.9,1954.7,1084.8,1961.0,1015.9,1959.7,869.4,2014.4,869.4,2014.4,1007.2,2046.9,1077.2,2048.7,1144.4,2038.1,1266.4,2010.9,1310.5,2000.6,1239.4,2147.0,1155.0,2200.1,1081.6,2213.2,1005.5,2209.6,896.1,2162.0,821.8,2011.0
538.0,8.95,821.7,2015.3,906.2,1901.6,1015.0,1840.7,1083.6,1860.0,1147.0,1839.1,1245.6,1899.6,1313.4,2003.6,1268.2,2012.7,1149.6,1953.3,1084.6,1959.9,1015.5,1959.4,869.1,2016.8,869.1,2016.8,1007.7,2044.9,1077.7,2047.4,1144.8,2037.6,1268.2,2012.7,1313.4,2003.6,1242.0,2145.7,1155.3,2197.2,1081.9,2210.4,1005.5,2206.6,897.0,2160.5,821.7,2015.3
539.0,8.967,821.2,2017.1,906.7,1904.2,1016.6,1842.1,1082.8,1861.0,1144.3,1840.9,1243.2,1901.2,1313.9,2004.8,1268.6,2014.4,1146.4,1946.8,1083.4,1952.9,1016.8,1952.7,867.0,2018.6,867.0,2018.6,1008.7,2056.3,1076.6,2059.1,1141.9,2049.7,1268.6,2014.4,1313.9,2004.8,1239.6,2147.9,1151.7,2198.9,1080.0,2211.8,1006.2,2208.1,897.4,2161.9,821.2,2017.1
540.0,8.983,821.9,2015.1,906.6,1902.7,1015.4,1838.6,1081.2,1858.9,1141.8,1835.9,1241.5,1899.5,1314.6,2002.5,1267.5,2010.4,1144.4,1956.5,1081.7,1963.7,1015.4,1963.6,870.1,2014.5,870.1,2014.5,1008.6,2033.5,1075.6,2036.6,1139.5,2027.8,1267.5,2010.4,1314.6,2002.5,1238.4,2143.9,1149.5,2194.1,1079.0,2206.9,1005.1,2203.1,897.6,2156.5,821.9,2015.1
541.0,9.0,823.4,2019.7,910.5,1904.9,1020.5,1838.5,1084.0,1858.4,1141.8,1834.0,1240.5,1899.3,1315.9,2004.3,1267.9,2012.4,1144.4,1955.4,1084.1,1963.5,1020.4,1964.5,871.2,2018.8,871.2,2018.8,1013.1,2034.7,1077.5,2037.0,1138.4,2028.2,1267.9,2012.4,1315.9,2004.3,1236.9,2145.6,1147.7,2193.8,1080.3,2206.8,1009.0,2204.1,900.7,2159.9,823.4,2019.7
542.0,9.017,824.6,2019.2,910.7,1904.9,1020.0,1840.4,1083.3,1859.6,1140.9,1836.7,1239.5,1899.7,1314.6,2004.2,1267.0,2012.9,1144.0,1952.7,1084.1,1960.5,1020.4,1961.3,872.0,2018.9,872.0,2018.9,1012.2,2043.5,1076.6,2046.0,1137.7,2036.8,1267.0,2012.9,1314.6,2004.2,1236.1,2147.1,1147.0,2195.9,1079.6,2208.5,1008.5,2205.8,900.6,2161.2,824.6,2019.2
543.0,9.033,824.4,2016.4,911.7,1905.4,1020.8,1845.2,1083.5,1863.0,1142.2,1842.2,1240.1,1901.3,1315.3,2002.3,1269.2,2011.5,1144.6,1941.1,1083.7,1949.0,1021.0,1949.4,868.8,2016.6,868.8,2016.6,1012.3,2065.9,1076.4,2069.3,1138.9,2059.3,1269.2,2011.5,1315.3,2002.3,1236.5,2146.2,1146.4,2195.8,1078.2,2208.6,1008.2,2205.4,900.7,2158.8,824.4,2016.4
544.0,9.05,822.7,2013.7,910.4,1901.9,1020.5,1838.6,1083.8,1858.6,1141.7,1836.5,1242.2,1899.9,1318.3,2003.3,1271.0,2011.6,1144.1,1954.5,1083.9,1961.9,1019.9,1961.8,870.5,2014.1,870.5,2014.1,1011.1,2038.0,1075.7,2041.8,1136.9,2033.8,1271.0,2011.6,1318.3,2003.3,1237.6,2146.0,1145.7,2193.1,1078.2,2204.2,1006.6,2200.2,898.7,2153.6,822.7,2013.7
545.0,9.067,826.1,2016.2,913.3,1902.6,1023.8,1838.7,1085.2,1858.0,1141.4,1835.7,1240.3,1899.2,1316.2,2003.4,1268.9,2012.3,1144.3,1950.1,1085.7,1957.4,1023.8,1958.1,873.0,2016.6,873.0,2016.6,1015.2,2046.5,1077.9,2049.5,1137.7,2040.7,1268.9,2012.3,1316.2,2003.4,1236.4,2148.4,1146.1,2196.7,1080.2,2208.7,1010.6,2205.6,902.1,2159.6,826.1,2016.2
546.0,9.083,823.6,2017.8,912.8,1902.0,1024.2,1837.7,1085.5,1856.4,1141.6,1834.4,1241.5,1897.8,1318.9,2003.6,1271.5,2012.0,1144.4,1945.8,1086.0,1953.3,1024.3,1954.5,870.5,2017.9,870.5,2017.9,1015.9,2047.8,1078.8,2050.5,1138.3,2042.0,1271.5,2012.0,1318.9,2003.6,1238.4,2146.7,1147.0,2193.0,1081.4,2204.6,1011.8,2202.0,901.8,2157.8,823.6,2017.8
547.0,9.1,824.9,2013.2,912.3,1899.3,1024.3,1835.9,1085.0,1855.2,1140.3,1832.8,1240.1,1896.4,1317.6,2000.9,1270.4,2009.8,1143.3,1945.5,1085.6,1952.8,1024.6,1953.4,871.7,2013.6,871.7,2013.6,1016.2,2050.6,1078.4,2053.8,1137.2,2045.4,1270.4,2009.8,1317.6,2000.9,1237.2,2151.4,1145.9,2201.0,1080.9,2212.6,1011.7,2209.4,901.3,2161.4,824.9,2013.2
548.0,9.117,823.8,2017.3,911.8,1902.4,1023.7,1836.2,1084.3,1855.4,1139.8,1833.4,1238.7,1898.7,1315.8,2004.6,1268.0,2013.9,1142.6,1946.7,1084.8,1953.7,1023.7,1954.6,870.4,2018.0,870.4,2018.0,1014.4,2047.5,1076.3,2050.3,1135.3,2042.1,1268.0,2013.9,1315.8,2004.6,1234.1,2149.5,1143.4,2195.9,1078.3,2207.4,1009.5,2204.6,899.9,2159.5,823.8,2017.3
549.0,9.133,823.3,2012.1,910.9,1899.9,1022.5,1836.6,1083.5,1856.2,1140.1,1834.0,1238.9,1898.2,1316.4,2001.4,1269.1,2009.9,1142.9,1945.7,1083.9,1952.7,1022.4,1953.1,869.8,2012.4,869.8,2012.4,1014.1,2044.8,1076.6,2048.1,1136.6,2039.6,1269.1,2009.9,1316.4,2001.4,1235.1,2145.1,1144.4,2191.7,1078.3,2203.1,1009.0,2200.0,899.4,2153.9,823.3,2012.1
550.0,9.15,821.8,2015.1,910.5,1900.7,1023.5,1835.5,1084.1,1854.4,1140.1,1832.7,1239.4,1897.3,1317.8,2002.5,1270.2,2011.8,1143.1,1942.4,1084.8,1949.3,1023.7,1950.2,868.2,2016.1,868.2,2016.1,1014.8,2049.6,1076.9,2052.3,1136.5,2043.9,1270.2,2011.8,1317.8,2002.5,1235.7,2147.1,1144.8,2193.0,1079.1,2204.3,1010.3,2201.9,899.1,2157.4,821.8,2015.1
551.0,9.167,823.4,2015.2,909.7,1899.7,1021.1,1833.7,1082.9,1853.5,1140.1,1830.8,1239.4,1896.7,1316.4,2002.4,1268.2,2011.1,1143.4,1946.7,1083.7,1953.5,1021.5,1954.3,870.4,2015.2,870.4,2015.2,1012.8,2042.9,1075.9,2045.9,1136.7,2037.5,1268.2,2011.1,1316.4,2002.4,1235.6,2146.3,1144.9,2194.1,1077.9,2205.9,1007.7,2202.9,898.4,2156.8,823.4,2015.2
552.0,9.183,823.0,2012.5,910.8,1897.4,1023.2,1832.2,1083.5,1851.1,1139.6,1829.3,1238.6,1893.9,1316.1,1999.0,1268.7,2008.3,1142.7,1938.1,1084.2,1945.0,1023.6,1946.1,868.7,2013.1,868.7,2013.1,1014.7,2049.5,1076.6,2052.3,1136.5,2043.5,1268.7,2008.3,1316.1,1999.0,1235.0,2144.4,1144.2,2191.7,1078.4,2203.5,1009.6,2201.0,899.1,2155.3,823.0,2012.5
553.0,9.2,825.1,2003.6,908.8,1893.7,1020.0,1831.7,1082.0,1852.3,1140.3,1829.6,1239.3,1894.3,1315.8,1995.6,1268.8,2003.5,1143.3,1944.0,1082.4,1950.6,1020.1,1950.1,872.0,2003.1,872.0,2003.1,1012.6,2040.5,1076.1,2044.7,1138.1,2036.0,1268.8,2003.5,1315.8,1995.6,1236.2,2143.2,1145.7,2193.1,1077.7,2204.8,1007.0,2200.9,897.7,2150.9,825.1,2003.6
554.0,9.217,823.0,2010.8,910.1,1895.8,1021.3,1829.6,1082.3,1849.0,1139.0,1827.1,1237.6,1893.2,1315.1,1998.6,1267.1,2007.7,1141.9,1939.7,1082.8,1946.0,1021.3,1946.8,869.3,2011.4,869.3,2011.4,1011.8,2040.0,1074.3,2043.2,1134.7,2035.0,1267.1,2007.7,1315.1,1998.6,1233.1,2140.7,1142.6,2186.3,1076.1,2197.6,1006.9,2194.7,898.1,2150.0,823.0,2010.8
555.0,9.233,824.3,2004.8,908.3,1890.8,1019.0,1826.5,1081.8,1847.1,1140.9,1825.2,1240.0,1891.8,1317.0,1996.8,1269.6,2003.5,1143.9,1939.4,1082.3,1945.1,1019.0,1944.8,871.5,2003.9,871.5,2003.9,1011.6,2031.8,1076.0,2035.9,1138.8,2028.2,1269.6,2003.5,1317.0,1996.8,1237.5,2135.7,1147.2,2180.8,1078.3,2191.2,1007.0,2187.7,898.0,2141.7,824.3,2004.8
556.0,9.25,822.2,2006.6,908.5,1894.8,1019.4,1832.3,1082.5,1852.2,1142.7,1830.5,1242.4,1894.5,1321.5,1996.2,1274.1,2003.9,1146.3,1939.3,1083.6,1945.6,1020.2,1945.5,868.5,2006.4,868.5,2006.4,1012.9,2036.7,1077.5,2040.4,1141.5,2032.1,1274.1,2003.9,1321.5,1996.2,1240.7,2132.8,1149.7,2177.8,1079.9,2188.8,1008.6,2185.8,898.6,2141.3,822.2,2006.6
557.0,9.267,819.9,2003.3,907.1,1899.4,1016.2,1840.7,1082.2,1860.7,1147.3,1838.5,1245.9,1900.1,1324.1,1994.2,1277.4,2002.2,1150.5,1945.6,1082.7,1952.7,1016.3,1951.6,865.7,2003.6,865.7,2003.6,1009.1,2029.1,1076.6,2033.5,1145.2,2024.4,1277.4,2002.2,1324.1,1994.2,1243.2,2124.3,1152.6,2168.4,1078.3,2180.0,1004.2,2176.2,896.4,2131.9,819.9,2003.3
558.0,9.283,812.2,2000.1,905.0,1901.5,1015.0,1845.0,1085.9,1867.6,1156.2,1844.5,1258.5,1904.8,1340.8,1995.4,1293.6,2001.4,1158.5,1958.5,1085.4,1965.5,1013.7,1962.7,860.4,2000.1,860.4,2000.1,1008.2,2001.7,1080.4,2007.0,1153.6,1999.4,1293.6,2001.4,1340.8,1995.4,1255.9,2111.4,1161.2,2151.1,1082.0,2161.8,1003.4,2156.8,894.5,2115.8,812.2,2000.1
559.0,9.3,802.1,2000.3,901.4,1909.9,1011.4,1857.5,1088.0,1879.8,1165.9,1855.9,1269.7,1911.8,1355.8,1993.9,1308.3,2000.6,1168.8,1967.3,1087.7,1976.4,1010.4,1972.9,850.5,2001.6,850.5,2001.6,1005.3,1988.5,1082.6,1993.8,1162.9,1985.1,1308.3,2000.6,1355.8,1993.9,1267.1,2096.2,1170.5,2131.9,1084.5,2143.3,1001.2,2138.6,891.2,2102.9,802.1,2000.3
560.0,9.317,794.0,1997.0,896.9,1911.2,1008.4,1861.4,1089.4,1883.9,1172.9,1860.6,1279.7,1913.3,1367.9,1991.1,1320.3,1998.5,1175.8,1969.1,1089.3,1978.6,1007.4,1974.2,842.5,1999.7,842.5,1999.7,1002.7,1984.3,1084.6,1990.1,1170.5,1981.2,1320.3,1998.5,1367.9,1991.1,1277.7,2089.2,1178.8,2124.9,1087.1,2136.9,999.3,2131.7,887.3,2096.7,794.0,1997.0
561.0,9.333,788.0,1995.1,892.6,1910.7,1004.2,1863.3,1089.5,1885.1,1178.2,1862.3,1286.3,1912.7,1374.5,1988.9,1327.2,1996.9,1181.1,1965.2,1089.4,1975.7,1003.3,1970.8,836.1,1998.5,836.1,1998.5,997.8,1985.8,1084.1,1992.2,1175.2,1982.7,1327.2,1996.9,1374.5,1988.9,1284.1,2084.4,1183.8,2119.4,1087.0,2131.4,995.3,2125.9,882.7,2091.4,788.0,1995.1
562.0,9.35,784.9,1993.3,887.8,1909.2,997.3,1863.3,1087.6,1885.1,1182.7,1863.0,1291.2,1912.6,1377.6,1988.2,1330.2,1996.2,1185.2,1962.1,1087.1,1972.7,995.9,1967.0,832.1,1996.4,832.1,1996.4,988.8,1987.9,1080.1,1995.3,1177.8,1984.9,1330.2,1996.2,1377.6,1988.2,1287.2,2079.9,1185.4,2115.7,1082.1,2128.1,985.8,2121.2,876.4,2085.7,784.9,1993.3
563.0,9.367,783.3,1991.6,887.3,1908.5,997.0,1864.2,1088.6,1885.9,1185.3,1863.4,1295.0,1910.5,1382.8,1984.1,1335.3,1991.8,1188.2,1961.6,1088.6,1972.6,996.2,1967.1,830.5,1994.1,830.5,1994.1,989.6,1987.0,1082.2,1994.1,1181.4,1983.2,1335.3,1991.8,1382.8,1984.1,1292.2,2074.7,1189.1,2112.2,1084.2,2125.2,986.8,2118.6,876.5,2082.8,783.3,1991.6
564.0,9.383,782.8,1988.2,887.7,1906.9,997.5,1863.2,1089.6,1884.7,1187.2,1862.3,1296.9,1908.4,1385.9,1980.3,1338.3,1988.3,1190.2,1959.7,1089.6,1970.9,996.7,1965.3,829.8,1991.0,829.8,1991.0,989.6,1982.1,1082.6,1989.2,1182.7,1978.0,1338.3,1988.3,1385.9,1980.3,1293.6,2068.3,1190.1,2105.2,1084.5,2118.3,986.8,2111.8,876.7,2077.0,782.8,1988.2
565.0,9.4,784.0,1986.4,890.1,1906.8,999.9,1864.0,1090.9,1884.9,1187.0,1862.5,1297.1,1907.4,1388.3,1976.9,1340.7,1984.8,1190.3,1958.6,1091.1,1970.3,999.4,1965.1,831.0,1988.7,831.0,1988.7,992.5,1980.6,1084.3,1987.4,1182.8,1976.2,1340.7,1984.8,1388.3,1976.9,1294.6,2064.8,1190.5,2101.6,1086.5,2114.6,990.0,2108.5,879.7,2074.2,784.0,1986.4
566.0,9.417,782.9,1982.3,889.7,1905.3,999.0,1864.0,1090.8,1885.0,1188.1,1862.3,1298.2,1905.7,1390.2,1972.9,1342.5,1980.9,1191.5,1956.7,1091.0,1968.9,998.6,1963.3,829.6,1985.0,829.6,1985.0,991.8,1976.7,1084.3,1983.6,1183.9,1972.1,1342.5,1980.9,1390.2,1972.9,1295.6,2059.0,1191.6,2095.4,1086.4,2108.6,989.4,2102.5,879.4,2068.8,782.9,1982.3
567.0,9.433,782.1,1978.4,889.9,1903.5,999.7,1863.5,1091.4,1884.4,1188.9,1861.7,1299.2,1903.3,1391.8,1968.2,1344.5,1976.1,1192.7,1955.6,1092.1,1968.0,999.8,1962.3,829.2,1981.2,829.2,1981.2,994.2,1971.4,1086.7,1977.9,1186.4,1966.3,1344.5,1976.1,1391.8,1968.2,1298.1,2052.9,1194.6,2089.5,1089.5,2103.0,992.4,2097.4,880.9,2064.6,782.1,1978.4
568.0,9.45,780.2,1977.0,888.7,1902.2,998.8,1863.2,1090.9,1883.6,1189.1,1860.5,1299.1,1901.1,1391.3,1965.3,1344.1,1973.1,1193.3,1952.2,1092.1,1965.3,999.5,1959.8,827.0,1980.1,827.0,1980.1,994.8,1970.1,1087.8,1976.2,1188.2,1964.1,1344.1,1973.1,1391.3,1965.3,1299.3,2049.1,1197.0,2084.9,1091.2,2099.0,993.7,2094.0,880.8,2062.6,780.2,1977.0
569.0,9.467,779.2,1976.4,887.2,1900.9,997.1,1861.9,1089.9,1882.3,1188.7,1859.6,1299.6,1900.0,1391.9,1964.6,1344.6,1972.3,1193.0,1951.6,1091.1,1964.3,997.8,1958.8,826.2,1979.3,826.2,1979.3,993.1,1969.0,1086.7,1975.2,1188.0,1963.2,1344.6,1972.3,1391.9,1964.6,1299.8,2047.6,1196.9,2083.6,1090.3,2097.4,992.0,2092.3,879.5,2060.6,779.2,1976.4
570.0,9.483,778.5,1975.7,886.8,1901.0,997.2,1862.0,1089.6,1882.8,1188.1,1859.6,1299.2,1899.7,1392.3,1963.6,1344.9,1971.4,1192.5,1952.7,1091.0,1965.6,998.1,1960.0,825.4,1978.7,825.4,1978.7,993.5,1967.9,1086.8,1974.0,1187.6,1962.0,1344.9,1971.4,1392.3,1963.6,1299.7,2047.4,1196.4,2084.3,1090.2,2098.3,992.3,2093.3,879.1,2061.2,778.5,1975.7
571.0,9.5,778.7,1976.0,886.5,1901.3,996.7,1862.4,1089.7,1883.3,1188.7,1860.3,1300.0,1900.4,1393.0,1964.7,1345.4,1972.3,1193.1,1953.8,1091.1,1966.5,997.5,1960.8,825.9,1978.9,825.9,1978.9,992.8,1967.7,1086.6,1974.1,1188.0,1962.1,1345.4,1972.3,1393.0,1964.7,1300.3,2048.2,1196.8,2084.7,1090.0,2098.4,991.5,2093.3,878.7,2061.2,778.7,1976.0
572.0,9.517,778.9,1976.8,887.5,1902.4,998.1,1863.0,1091.0,1883.7,1189.9,1860.8,1301.2,1901.4,1394.6,1965.4,1347.0,1973.4,1194.1,1953.9,1092.1,1966.4,998.6,1960.8,825.9,1979.9,825.9,1979.9,993.3,1968.6,1087.1,1975.0,1188.4,1963.2,1347.0,1973.4,1394.6,1965.4,1300.9,2048.9,1196.9,2084.7,1090.2,2098.3,991.9,2093.1,879.1,2061.2,778.9,1976.8
573.0,9.533,780.1,1977.6,887.8,1902.6,998.1,1863.3,1091.8,1884.2,1191.9,1861.1,1302.7,1902.1,1395.0,1966.5,1347.6,1974.5,1196.2,1954.8,1093.0,1967.5,998.7,1961.7,827.3,1980.7,827.3,1980.7,993.5,1969.2,1088.1,1975.6,1190.5,1963.5,1347.6,1974.5,1395.0,1966.5,1302.4,2049.9,1199.1,2086.2,1091.3,2100.0,992.1,2094.7,879.4,2062.6,780.1,1977.6
574.0,9.55,780.0,1979.3,888.0,1904.4,999.0,1864.5,1092.3,1885.4,1192.0,1862.0,1303.3,1902.9,1396.2,1967.9,1348.5,1975.8,1196.3,1956.9,1093.6,1969.6,999.6,1963.8,827.4,1982.5,827.4,1982.5,994.9,1969.2,1089.2,1975.4,1191.1,1963.4,1348.5,1975.8,1396.2,1967.9,1303.3,2051.2,1199.7,2087.5,1092.3,2101.4,993.3,2096.4,880.0,2064.7,780.0,1979.3
575.0,9.567,780.8,1980.8,889.2,1905.7,1000.3,1866.1,1093.2,1887.0,1192.3,1863.9,1304.0,1904.9,1397.0,1970.1,1349.4,1977.8,1196.6,1959.1,1094.4,1971.7,1000.8,1965.8,828.6,1983.9,828.6,1983.9,996.1,1969.8,1090.1,1976.1,1191.5,1964.3,1349.4,1977.8,1397.0,1970.1,1304.1,2053.3,1200.1,2088.9,1093.4,2102.3,994.6,2097.2,881.1,2065.5,780.8,1980.8
576.0,9.583,781.4,1982.7,889.3,1907.8,1000.1,1868.2,1093.3,1889.3,1192.6,1866.0,1303.8,1907.3,1396.5,1972.3,1348.8,1980.0,1196.9,1961.5,1094.5,1974.2,1000.6,1968.2,829.1,1985.7,829.1,1985.7,995.6,1971.5,1089.8,1977.8,1191.4,1965.8,1348.8,1980.0,1396.5,1972.3,1303.4,2055.5,1199.7,2091.1,1092.7,2104.6,993.8,2099.5,880.7,2067.7,781.4,1982.7
577.0,9.6,781.4,1985.1,888.8,1909.3,999.5,1870.0,1093.2,1891.5,1193.2,1868.1,1304.5,1909.4,1396.8,1975.4,1349.1,1982.8,1197.5,1963.9,1094.5,1976.3,1000.1,1970.1,829.4,1988.1,829.4,1988.1,995.6,1973.1,1090.3,1979.5,1192.6,1967.7,1349.1,1982.8,1396.8,1975.4,1304.6,2057.6,1201.0,2093.3,1093.3,2106.7,993.8,2101.5,880.5,2069.7,781.4,1985.1
578.0,9.617,782.0,1986.6,889.7,1911.3,1000.8,1872.0,1093.6,1893.7,1192.7,1870.4,1304.2,1911.7,1397.1,1977.7,1349.3,1985.0,1197.0,1966.2,1094.9,1978.5,1001.2,1972.3,829.9,1989.6,829.9,1989.6,996.8,1975.1,1090.7,1981.6,1192.0,1969.9,1349.3,1985.0,1397.1,1977.7,1304.1,2059.9,1200.2,2095.3,1093.5,2108.6,994.7,2103.3,881.3,2071.3,782.0,1986.6
579.0,9.633,782.4,1988.2,890.8,1914.2,1001.9,1875.0,1094.7,1896.4,1193.6,1873.0,1304.9,1914.0,1398.2,1978.7,1350.4,1986.6,1197.7,1968.8,1095.8,1981.3,1002.3,1975.1,830.3,1991.6,830.3,1991.6,997.6,1977.3,1091.4,1983.7,1192.4,1972.1,1350.4,1986.6,1398.2,1978.7,1304.7,2062.0,1200.8,2097.9,1094.3,2111.3,995.7,2106.1,882.3,2074.0,782.4,1988.2
580.0,9.65,783.8,1990.1,891.7,1915.8,1002.8,1877.5,1095.6,1898.9,1194.8,1875.2,1305.8,1915.8,1398.7,1980.3,1351.2,1987.9,1199.3,1970.0,1097.1,1982.7,1003.5,1976.6,831.8,1993.3,831.8,1993.3,999.4,1980.5,1093.3,1986.7,1194.7,1974.6,1351.2,1987.9,1398.7,1980.3,1306.4,2063.4,1203.1,2099.5,1096.4,2113.2,997.7,2108.2,883.8,2076.3,783.8,1990.1
581.0,9.667,785.1,1991.5,893.1,1917.2,1004.0,1878.6,1096.7,1900.1,1195.7,1876.1,1306.7,1917.2,1399.4,1981.7,1351.8,1989.3,1200.1,1972.2,1098.0,1985.1,1004.5,1979.1,833.1,1994.8,833.1,1994.8,1000.4,1980.1,1094.1,1986.5,1195.3,1974.3,1351.8,1989.3,1399.4,1981.7,1307.0,2065.2,1203.5,2101.0,1097.0,2114.9,998.4,2109.6,884.9,2077.4,785.1,1991.5
582.0,9.683,785.8,1992.2,894.1,1918.3,1005.3,1879.4,1097.3,1901.0,1195.4,1877.2,1306.4,1918.4,1399.6,1982.6,1352.0,1990.4,1199.9,1973.5,1098.6,1986.3,1005.8,1980.3,833.7,1995.6,833.7,1995.6,1001.5,1980.6,1094.4,1986.9,1194.7,1974.8,1352.0,1990.4,1399.6,1982.6,1306.4,2066.3,1202.9,2101.9,1097.3,2115.6,999.3,2110.4,885.7,2078.2,785.8,1992.2
583.0,9.7,785.1,1993.9,893.7,1919.8,1005.3,1880.4,1097.3,1901.7,1195.5,1878.1,1306.6,1919.5,1399.6,1983.8,1352.1,1992.0,1199.9,1973.9,1098.6,1986.5,1005.9,1980.5,833.1,1997.6,833.1,1997.6,1001.4,1982.5,1094.4,1988.8,1194.8,1976.9,1352.1,1992.0,1399.6,1983.8,1306.7,2068.0,1203.4,2103.3,1097.7,2116.7,999.7,2111.7,885.5,2079.7,785.1,1993.9
584.0,9.717,784.3,1995.2,892.2,1921.3,1003.6,1882.0,1096.5,1903.7,1195.7,1879.9,1306.8,1921.2,1399.3,1985.4,1351.9,1993.2,1200.1,1975.7,1097.8,1988.3,1004.2,1982.1,832.4,1998.6,832.4,1998.6,1000.1,1984.2,1094.1,1990.7,1195.5,1978.7,1351.9,1993.2,1399.3,1985.4,1307.3,2069.4,1204.3,2105.2,1097.5,2118.9,998.6,2113.7,884.4,2081.4,784.3,1995.2
585.0,9.733,784.7,1997.1,892.4,1923.2,1003.5,1884.0,1095.7,1905.5,1194.2,1881.6,1305.0,1922.8,1397.8,1986.8,1350.2,1994.7,1198.8,1977.5,1097.2,1990.1,1004.2,1984.0,832.8,2000.7,832.8,2000.7,1000.0,1986.2,1093.3,1992.5,1194.0,1980.5,1350.2,1994.7,1397.8,1986.8,1305.5,2071.0,1202.7,2106.8,1096.6,2120.4,998.4,2115.4,884.6,2083.4,784.7,1997.1
586.0,9.75,784.6,1998.7,891.6,1924.9,1002.1,1885.4,1095.6,1907.0,1195.4,1883.4,1306.1,1924.7,1397.8,1988.8,1350.5,1997.0,1199.7,1978.7,1096.8,1991.2,1002.5,1984.8,832.3,2002.3,832.3,2002.3,997.7,1988.1,1092.2,1994.9,1194.3,1983.0,1350.5,1997.0,1397.8,1988.8,1306.0,2072.5,1203.0,2108.6,1095.5,2122.2,996.2,2116.7,883.4,2083.9,784.6,1998.7
587.0,9.767,784.8,2000.3,892.1,1926.7,1003.2,1886.9,1096.1,1908.4,1195.1,1884.9,1305.9,1926.0,1398.3,1990.0,1350.7,1998.5,1199.7,1980.5,1097.5,1993.0,1003.8,1986.7,832.7,2004.2,832.7,2004.2,998.9,1988.8,1092.9,1995.2,1194.2,1983.2,1350.7,1998.5,1398.3,1990.0,1305.9,2073.4,1203.0,2109.1,1096.2,2122.8,997.4,2117.7,884.0,2085.8,784.8,2000.3
588.0,9.783,786.0,2000.4,893.8,1926.6,1005.4,1886.7,1097.5,1908.0,1195.7,1884.2,1306.5,1925.8,1399.1,1989.6,1351.8,1997.9,1200.5,1980.1,1099.0,1992.8,1006.2,1986.9,833.9,2004.1,833.9,2004.1,1002.1,1988.8,1095.1,1995.0,1195.6,1982.8,1351.8,1997.9,1399.1,1989.6,1307.1,2073.9,1204.5,2109.0,1098.7,2122.8,1000.7,2117.9,886.2,2086.4,786.0,2000.4
589.0,9.8,786.4,2001.2,894.1,1926.6,1005.2,1886.7,1097.5,1907.9,1195.7,1884.1,1306.7,1925.4,1399.8,1989.7,1352.3,1998.0,1200.4,1980.0,1099.0,1992.7,1006.0,1986.9,834.3,2004.6,834.3,2004.6,1001.3,1989.6,1094.4,1995.7,1195.0,1983.6,1352.3,1998.0,1399.8,1989.7,1307.0,2073.9,1203.8,2109.3,1097.9,2122.9,999.9,2118.1,886.2,2086.3,786.4,2001.2
590.0,9.817,786.9,2001.3,894.5,1927.0,1005.6,1886.8,1097.6,1908.1,1195.4,1884.5,1306.3,1925.9,1399.1,1990.2,1351.7,1998.4,1200.0,1980.1,1099.0,1992.6,1006.3,1986.8,834.9,2004.8,834.9,2004.8,1001.8,1989.3,1094.7,1995.6,1194.8,1983.7,1351.7,1998.4,1399.1,1990.2,1306.8,2074.2,1204.0,2109.4,1098.4,2122.8,1000.6,2117.9,886.9,2086.4,786.9,2001.3
591.0,9.833,786.4,2001.7,893.4,1927.4,1004.5,1887.4,1097.1,1908.8,1195.9,1885.1,1306.5,1926.6,1398.5,1991.0,1351.2,1999.0,1200.5,1980.5,1098.6,1993.0,1005.2,1986.9,834.3,2005.1,834.3,2005.1,1001.0,1989.9,1094.7,1996.2,1195.8,1984.2,1351.2,1999.0,1398.5,1991.0,1307.2,2074.5,1204.9,2109.9,1098.5,2123.5,999.9,2118.6,886.0,2087.0,786.4,2001.7
592.0,9.85,785.9,2002.6,893.4,1927.9,1004.6,1888.2,1097.2,1909.4,1195.6,1885.7,1306.6,1926.7,1398.7,1991.4,1351.7,1999.1,1200.2,1980.8,1098.6,1993.4,1005.3,1987.4,834.0,2005.8,834.0,2005.8,1001.2,1991.2,1094.8,1997.5,1195.5,1985.5,1351.7,1999.1,1398.7,1991.4,1307.6,2075.2,1204.9,2110.5,1098.8,2124.0,1000.4,2119.1,886.2,2087.6,785.9,2002.6
593.0,9.867,785.9,2003.3,893.1,1928.3,1004.2,1888.7,1096.9,1909.8,1195.2,1886.0,1306.1,1927.3,1397.6,1992.5,1350.8,1999.9,1199.9,1981.0,1098.4,1993.7,1005.1,1987.9,833.9,2006.5,833.9,2006.5,1001.3,1991.3,1095.0,1997.5,1195.5,1985.5,1350.8,1999.9,1397.6,1992.5,1307.5,2076.1,1205.1,2110.6,1099.2,2124.0,1000.7,2119.1,886.3,2088.0,785.9,2003.3
594.0,9.883,786.3,2003.5,893.3,1927.2,1004.3,1887.8,1096.8,1909.0,1194.9,1885.3,1306.0,1926.2,1397.7,1992.3,1350.6,1999.5,1199.8,1980.9,1098.6,1993.6,1005.3,1987.7,834.4,2006.5,834.4,2006.5,1001.7,1991.1,1095.3,1997.1,1195.6,1985.0,1350.6,1999.5,1397.7,1992.3,1307.6,2075.7,1205.1,2110.8,1099.3,2124.4,1000.9,2119.5,886.5,2088.4,786.3,2003.5
595.0,9.9,787.5,2003.0,894.4,1926.4,1005.1,1886.9,1098.2,1908.1,1197.0,1884.3,1307.3,1925.5,1397.4,1991.8,1350.5,1999.3,1201.8,1979.5,1099.9,1992.5,1006.1,1986.6,835.3,2006.3,835.3,2006.3,1002.6,1990.8,1096.6,1996.7,1197.7,1984.1,1350.5,1999.3,1397.4,1991.8,1308.4,2074.9,1207.0,2110.3,1100.5,2124.5,1001.6,2119.5,887.5,2088.4,787.5,2003.0
596.0,9.917,786.9,2003.0,894.3,1925.4,1004.6,1886.9,1098.3,1907.2,1196.8,1884.1,1307.4,1924.3,1397.2,1991.8,1350.7,1999.5,1201.2,1978.8,1099.6,1992.2,1005.1,1986.5,835.1,2006.3,835.1,2006.3,1000.3,1991.8,1094.9,1997.5,1195.6,1985.2,1350.7,1999.5,1397.2,1991.8,1307.2,2076.1,1204.8,2110.8,1098.7,2124.2,999.4,2119.3,886.1,2088.5,786.9,2003.0
597.0,9.933,786.5,2002.9,893.8,1923.8,1003.5,1886.3,1098.7,1906.2,1197.9,1883.6,1308.4,1922.9,1396.4,1991.6,1350.7,1999.3,1201.9,1978.2,1099.8,1991.8,1003.8,1986.1,834.9,2006.0,834.9,2006.0,998.6,1990.9,1094.6,1996.1,1196.0,1983.5,1350.7,1999.3,1396.4,1991.6,1307.5,2075.3,1205.4,2110.1,1098.5,2123.7,998.1,2118.6,885.1,2088.3,786.5,2002.9
598.0,9.95,785.9,1999.6,892.7,1923.9,1002.1,1886.8,1098.8,1906.5,1200.0,1884.8,1308.7,1924.4,1393.8,1990.4,1349.3,1999.8,1203.0,1976.9,1099.1,1990.1,1001.8,1983.7,833.4,2004.2,833.4,2004.2,996.1,1990.9,1093.4,1996.5,1196.6,1983.8,1349.3,1999.8,1393.8,1990.4,1306.1,2075.6,1206.4,2111.9,1097.7,2125.9,996.0,2120.0,883.8,2088.2,785.9,1999.6
599.0,9.967,785.6,1998.6,891.6,1923.9,999.9,1888.2,1098.4,1907.7,1201.7,1885.8,1308.6,1925.3,1391.2,1990.2,1347.6,2000.2,1204.3,1976.3,1098.0,1990.1,999.3,1983.4,832.6,2003.7,832.6,2003.7,992.8,1991.8,1091.4,1997.6,1196.8,1983.9,1347.6,2000.2,1391.2,1990.2,1304.5,2076.0,1205.8,2112.8,1095.2,2127.5,992.2,2120.9,881.2,2088.0,785.6,1998.6
600.0,9.983,784.5,1997.3,890.6,1923.6,999.5,1887.3,1097.7,1907.6,1201.1,1886.6,1308.3,1926.9,1390.6,1992.1,1346.7,2002.2,1203.6,1977.2,1097.5,1989.7,998.8,1982.4,831.0,2003.4,831.0,2003.4,992.2,1992.0,1090.7,1998.2,1196.3,1985.0,1346.7,2002.2,1390.6,1992.1,1303.5,2076.9,1204.8,2113.3,1093.9,2127.7,991.1,2120.5,880.0,2087.4,784.5,1997.3
601.0,10.0,784.8,2000.3,891.5,1924.3,1001.0,1886.1,1097.9,1906.2,1199.2,1885.1,1307.8,1925.7,1391.8,1993.2,1347.0,2002.5,1201.8,1977.6,1097.9,1989.9,1000.3,1983.4,832.0,2005.2,832.0,2005.2,994.2,1991.8,1091.6,1997.8,1195.0,1985.5,1347.0,2002.5,1391.8,1993.2,1304.3,2077.4,1204.2,2113.6,1095.3,2127.3,993.5,2120.9,882.0,2088.8,784.8,2000.3
602.0,10.017,784.6,2001.5,891.5,1924.5,1001.7,1885.3,1097.2,1905.8,1197.2,1884.3,1307.2,1925.3,1393.8,1993.0,1348.2,2001.6,1200.7,1978.4,1097.8,1990.6,1001.6,1984.4,832.2,2005.8,832.2,2005.8,996.0,1991.6,1092.2,1997.4,1194.6,1985.1,1348.2,2001.6,1393.8,1993.0,1305.0,2076.9,1203.6,2112.6,1095.7,2126.2,995.0,2120.4,882.5,2088.6,784.6,2001.5
603.0,10.033,785.5,2001.5,892.2,1924.6,1002.4,1884.9,1097.9,1905.9,1198.0,1883.7,1307.7,1925.4,1394.8,1993.5,1348.5,2001.4,1201.6,1979.0,1098.4,1991.7,1002.2,1985.3,833.1,2005.2,833.1,2005.2,997.2,1989.7,1093.2,1995.9,1195.7,1983.4,1348.5,2001.4,1394.8,1993.5,1305.7,2076.4,1204.3,2111.9,1096.4,2125.9,995.7,2120.1,883.3,2088.4,785.5,2001.5
604.0,10.05,785.4,2000.5,893.0,1924.2,1003.8,1884.3,1098.3,1905.4,1197.7,1883.2,1307.9,1925.0,1396.6,1992.7,1350.3,2000.7,1201.2,1977.9,1098.8,1990.4,1003.6,1984.0,833.0,2004.5,833.0,2004.5,998.4,1989.8,1093.6,1996.0,1195.3,1983.9,1350.3,2000.7,1396.6,1992.7,1306.1,2076.0,1203.8,2110.8,1096.7,2124.4,996.9,2118.6,883.9,2087.2,785.4,2000.5
605.0,10.067,785.7,2000.7,892.5,1924.0,1002.2,1884.5,1097.9,1905.6,1198.9,1883.0,1308.4,1925.2,1396.0,1993.2,1349.4,2000.9,1202.5,1977.8,1098.3,1990.7,1002.0,1984.2,833.2,2004.4,833.2,2004.4,996.9,1987.5,1093.3,1993.9,1196.6,1981.3,1349.4,2000.9,1396.0,1993.2,1306.4,2074.2,1205.0,2107.8,1096.2,2121.8,995.3,2115.9,883.3,2085.3,785.7,2000.7
606.0,10.083,785.6,2000.7,892.6,1924.3,1002.5,1884.6,1097.2,1905.8,1196.8,1883.2,1306.9,1925.5,1395.8,1993.4,1349.1,2000.4,1200.5,1978.3,1097.8,1990.9,1002.4,1984.5,833.7,2003.9,833.7,2003.9,998.0,1986.0,1093.5,1992.4,1195.3,1980.6,1349.1,2000.4,1395.8,1993.4,1306.1,2074.2,1204.4,2107.3,1097.1,2120.5,997.0,2114.9,884.4,2084.7,785.6,2000.7
607.0,10.1,784.6,2000.9,891.4,1924.4,1001.2,1884.9,1096.1,1906.3,1196.4,1884.0,1306.5,1926.4,1395.3,1994.5,1348.8,2001.4,1199.9,1978.1,1096.5,1990.5,1000.9,1983.8,832.5,2004.1,832.5,2004.1,996.5,1986.4,1092.2,1993.2,1194.6,1981.6,1348.8,2001.4,1395.3,1994.5,1305.5,2074.2,1203.6,2106.6,1095.6,2119.6,995.4,2113.7,883.1,2083.3,784.6,2000.9
608.0,10.117,784.4,2001.7,891.5,1924.4,1001.4,1885.0,1095.9,1906.3,1195.6,1883.9,1305.9,1926.5,1394.7,1995.2,1348.4,2001.7,1199.2,1978.2,1096.3,1990.6,1001.1,1984.1,832.4,2004.7,832.4,2004.7,996.9,1985.5,1092.2,1992.3,1194.1,1980.7,1348.4,2001.7,1394.7,1995.2,1305.1,2074.2,1203.1,2105.9,1095.8,2118.6,995.9,2112.7,883.4,2082.7,784.4,2001.7
609.0,10.133,783.3,2003.1,890.8,1924.7,1001.3,1884.4,1095.5,1905.6,1194.8,1883.2,1305.4,1926.7,1395.2,1996.1,1348.4,2002.5,1198.8,1978.5,1096.2,1990.6,1001.4,1984.4,831.5,2005.9,831.5,2005.9,997.4,1984.7,1092.4,1991.2,1194.0,1979.9,1348.4,2002.5,1395.2,1996.1,1305.2,2074.1,1203.2,2105.1,1096.2,2117.7,996.5,2112.4,883.1,2083.3,783.3,2003.1
610.0,10.15,783.6,2002.5,891.1,1924.6,1001.8,1883.8,1095.8,1905.4,1195.1,1883.2,1305.2,1927.2,1394.5,1996.7,1348.0,2003.2,1198.8,1978.7,1096.3,1990.4,1001.6,1983.9,832.0,2005.5,832.0,2005.5,997.5,1984.1,1092.3,1990.9,1193.8,1979.8,1348.0,2003.2,1394.5,1996.7,1304.6,2074.7,1203.0,2105.5,1096.1,2117.7,996.5,2112.0,883.1,2082.6,783.6,2002.5
611.0,10.167,784.4,2002.9,891.2,1924.4,1001.5,1884.3,1095.8,1905.7,1195.6,1883.2,1305.7,1927.0,1394.3,1996.7,1347.9,2002.7,1199.5,1977.9,1096.5,1989.9,1001.5,1983.5,832.7,2005.4,832.7,2005.4,998.2,1985.1,1093.4,1991.8,1195.4,1980.4,1347.9,2002.7,1394.3,1996.7,1305.9,2074.0,1204.7,2105.0,1097.4,2117.6,997.4,2112.1,884.0,2082.8,784.4,2002.9
612.0,10.183,783.6,2003.9,890.7,1924.3,1001.3,1883.6,1095.5,1905.1,1195.0,1882.6,1305.3,1926.8,1394.4,1997.5,1347.7,2003.4,1198.9,1978.5,1096.2,1990.3,1001.3,1984.0,832.1,2006.4,832.1,2006.4,997.7,1984.4,1092.8,1991.0,1194.4,1979.9,1347.7,2003.4,1394.4,1997.5,1305.5,2074.7,1203.8,2105.3,1096.8,2117.5,996.9,2112.1,883.2,2083.1,783.6,2003.9
613.0,10.2,784.1,2004.7,891.4,1924.3,1001.9,1883.9,1096.1,1905.4,1195.4,1882.6,1306.2,1926.5,1395.3,1997.8,1348.5,2003.5,1199.4,1979.0,1096.9,1991.1,1001.9,1984.9,832.8,2007.1,832.8,2007.1,998.6,1984.9,1093.7,1991.4,1195.2,1980.1,1348.5,2003.5,1395.3,1997.8,1306.6,2074.9,1204.5,2105.7,1097.6,2118.3,997.7,2112.9,884.0,2083.9,784.1,2004.7
614.0,10.217,784.1,2005.8,891.2,1924.9,1002.5,1883.9,1096.3,1905.6,1195.4,1882.8,1306.3,1926.8,1395.3,1998.5,1348.5,2004.5,1199.6,1980.1,1097.5,1991.9,1002.8,1985.9,832.9,2008.4,832.9,2008.4,999.6,1985.7,1094.5,1991.9,1195.8,1980.7,1348.5,2004.5,1395.3,1998.5,1307.1,2076.5,1205.2,2107.8,1098.5,2120.3,998.7,2115.1,884.1,2086.0,784.1,2005.8
615.0,10.233,785.8,2006.0,893.1,1924.8,1004.5,1883.3,1097.9,1905.2,1196.6,1882.4,1307.5,1927.1,1395.9,1999.3,1349.4,2005.4,1200.6,1980.1,1098.8,1991.8,1004.4,1985.7,834.6,2008.8,834.6,2008.8,1001.1,1986.5,1095.6,1993.1,1196.5,1982.0,1349.4,2005.4,1395.9,1999.3,1307.8,2078.2,1205.8,2109.5,1099.5,2121.9,1000.0,2116.3,885.6,2086.7,785.8,2006.0
616.0,10.25,786.6,2005.9,893.3,1924.5,1004.9,1883.3,1098.8,1905.3,1198.1,1882.3,1309.0,1926.8,1397.4,1998.8,1351.0,2004.8,1202.4,1980.2,1100.0,1991.8,1005.2,1985.6,835.5,2008.6,835.5,2008.6,1002.2,1986.7,1097.2,1993.1,1198.7,1981.7,1351.0,2004.8,1397.4,1998.8,1310.0,2077.7,1208.3,2109.6,1101.3,2122.3,1001.4,2116.8,886.3,2087.0,786.6,2005.9
617.0,10.267,786.8,2005.2,893.4,1923.7,1004.8,1882.2,1099.3,1904.1,1199.3,1881.4,1310.1,1926.3,1397.5,1998.6,1351.1,2004.8,1203.3,1978.8,1100.2,1990.1,1004.9,1983.8,835.7,2008.2,835.7,2008.2,1001.5,1987.4,1097.1,1994.1,1199.4,1983.0,1351.1,2004.8,1397.5,1998.6,1310.7,2078.0,1209.0,2109.9,1101.3,2122.3,1000.8,2116.6,886.2,2086.2,786.8,2005.2
618.0,10.283,787.4,2004.2,893.4,1922.6,1004.5,1881.8,1098.9,1904.0,1199.0,1881.0,1309.7,1925.7,1397.0,1998.1,1350.7,2003.7,1203.2,1978.5,1099.9,1990.2,1004.7,1983.7,836.2,2006.7,836.2,2006.7,1001.8,1986.9,1097.4,1993.8,1199.7,1982.3,1350.7,2003.7,1397.0,1998.1,1310.6,2077.4,1209.2,2109.7,1101.4,2122.4,1000.9,2116.6,886.3,2085.8,787.4,2004.2
619.0,10.3,786.3,2004.0,892.0,1922.7,1002.7,1881.2,1097.4,1903.3,1197.9,1880.7,1308.0,1926.3,1395.7,1998.6,1349.0,2004.7,1201.7,1978.2,1098.1,1989.3,1002.6,1982.8,835.0,2006.6,835.0,2006.6,998.6,1986.9,1094.4,1994.1,1197.1,1983.2,1349.0,2004.7,1395.7,1998.6,1308.0,2077.8,1206.2,2109.4,1098.1,2121.4,997.6,2115.4,884.2,2084.4,786.3,2004.0
620.0,10.317,785.4,2003.3,891.2,1921.4,1002.4,1879.5,1097.0,1901.6,1197.1,1879.0,1307.9,1924.7,1395.6,1997.7,1348.9,2003.5,1201.1,1977.4,1097.8,1988.5,1002.4,1982.0,834.4,2005.9,834.4,2005.9,999.0,1985.3,1094.8,1992.4,1197.2,1981.5,1348.9,2003.5,1395.6,1997.7,1308.6,2077.3,1206.9,2109.0,1099.0,2120.9,998.4,2115.1,884.0,2084.5,785.4,2003.3
621.0,10.333,785.3,2002.4,890.5,1919.9,1001.5,1878.1,1096.2,1900.6,1196.5,1877.5,1307.2,1923.2,1394.5,1996.5,1348.0,2002.0,1200.5,1976.8,1097.0,1988.1,1001.5,1981.7,834.2,2004.5,834.2,2004.5,998.4,1984.8,1094.1,1992.0,1196.7,1981.0,1348.0,2002.0,1394.5,1996.5,1308.0,2076.5,1206.0,2109.2,1098.1,2121.4,997.3,2115.4,883.3,2083.9,785.3,2002.4
622.0,10.35,785.2,2000.6,890.5,1918.3,1001.5,1876.6,1095.9,1899.1,1196.2,1876.4,1307.3,1922.1,1394.4,1995.9,1347.9,2001.4,1200.0,1974.6,1096.7,1985.6,1001.4,1978.9,834.1,2003.2,834.1,2003.2,998.3,1984.4,1094.0,1991.9,1196.6,1981.1,1347.9,2001.4,1394.4,1995.9,1308.1,2075.8,1206.1,2107.8,1098.1,2119.8,997.5,2113.6,883.3,2082.2,785.2,2000.6
623.0,10.367,785.4,1999.6,890.5,1917.5,1001.4,1875.5,1096.3,1898.1,1197.2,1875.2,1308.0,1921.5,1395.1,1995.0,1348.6,2000.4,1201.1,1973.8,1097.1,1984.7,1001.3,1978.1,834.4,2002.1,834.4,2002.1,998.4,1982.3,1094.5,1989.8,1197.7,1979.0,1348.6,2000.4,1395.1,1995.0,1309.0,2074.3,1207.4,2105.9,1098.8,2118.0,997.8,2111.9,883.6,2080.7,785.4,1999.6
624.0,10.383,784.8,1999.1,890.0,1917.5,1000.6,1875.4,1095.7,1897.8,1196.9,1875.3,1307.5,1921.3,1394.2,1994.3,1347.7,2000.2,1200.6,1973.1,1096.3,1984.0,1000.2,1977.2,833.6,2001.9,833.6,2001.9,996.5,1981.6,1092.9,1989.2,1196.5,1978.5,1347.7,2000.2,1394.2,1994.3,1307.7,2073.3,1206.1,2104.7,1097.1,2116.6,995.8,2110.3,882.4,2079.3,784.8,1999.1
625.0,10.4,784.7,1999.2,889.8,1917.4,999.9,1875.8,1095.4,1898.1,1197.0,1875.5,1307.4,1921.2,1393.4,1994.2,1347.0,1999.8,1200.8,1972.9,1096.1,1983.9,999.7,1977.2,833.5,2001.9,833.5,2001.9,996.3,1981.2,1093.1,1988.9,1197.0,1978.0,1347.0,1999.8,1393.4,1994.2,1308.0,2072.4,1206.8,2103.4,1097.4,2115.4,995.8,2109.1,882.6,2078.4,784.7,1999.2
626.0,10.417,784.6,1999.5,888.6,1918.1,998.5,1876.3,1094.5,1899.0,1197.0,1876.5,1307.2,1922.6,1392.4,1995.4,1346.2,2001.1,1200.5,1974.0,1095.0,1984.7,998.1,1977.6,833.4,2002.2,833.4,2002.2,994.6,1983.2,1092.0,1991.2,1196.8,1980.4,1346.2,2001.1,1392.4,1995.4,1307.6,2074.3,1206.4,2106.2,1096.1,2118.1,993.9,2111.5,881.2,2079.6,784.6,1999.5
627.0,10.433,783.8,2001.6,887.7,1918.9,997.8,1876.6,1094.2,1899.2,1196.9,1876.5,1307.4,1923.2,1392.4,1997.0,1346.0,2002.9,1200.4,1975.4,1094.7,1986.1,997.3,1979.2,832.8,2004.4,832.8,2004.4,993.5,1985.1,1091.3,1993.2,1196.4,1982.4,1346.0,2002.9,1392.4,1997.0,1307.7,2077.5,1206.2,2109.9,1095.7,2121.8,993.0,2115.1,880.2,2082.7,783.8,2001.6
628.0,10.45,785.4,2002.9,887.9,1919.6,997.5,1877.1,1094.5,1900.3,1198.1,1877.3,1308.3,1924.5,1391.9,1999.0,1345.5,2004.7,1201.6,1977.8,1094.8,1988.6,996.8,1981.3,834.6,2005.3,834.6,2005.3,992.9,1988.0,1091.3,1996.5,1197.4,1985.3,1345.5,2004.7,1391.9,1999.0,1308.1,2081.0,1206.7,2115.1,1095.2,2127.5,991.7,2120.3,879.7,2086.1,785.4,2002.9
629.0,10.467,786.2,2004.8,888.0,1921.2,997.5,1879.1,1095.3,1902.4,1199.8,1879.4,1309.9,1926.6,1392.2,2001.3,1346.1,2007.3,1203.1,1980.1,1095.3,1991.0,996.7,1983.6,835.4,2007.4,835.4,2007.4,992.4,1993.6,1091.5,2002.7,1198.5,1991.3,1346.1,2007.3,1392.2,2001.3,1309.1,2086.0,1207.4,2121.5,1095.0,2133.9,990.8,2126.2,879.0,2090.1,786.2,2004.8
630.0,10.483,785.1,2004.7,889.3,1923.1,1001.5,1878.6,1095.5,1901.8,1195.7,1879.4,1306.2,1927.5,1391.2,2001.8,1344.6,2010.0,1198.6,1980.0,1095.4,1990.7,1000.2,1983.4,833.8,2009.5,833.8,2009.5,994.1,1998.9,1089.6,2007.7,1192.2,1996.8,1344.6,2010.0,1391.2,2001.8,1303.4,2093.3,1200.7,2128.7,1092.6,2140.9,992.0,2133.2,878.7,2096.2,785.1,2004.7
631.0,10.5,781.3,2007.1,890.8,1929.7,1008.0,1884.5,1095.7,1907.3,1187.4,1885.0,1302.0,1931.7,1395.7,2003.0,1348.3,2011.7,1191.4,1988.1,1096.7,1998.3,1007.7,1991.9,831.4,2013.1,831.4,2013.1,1003.1,1999.3,1092.3,2006.8,1186.1,1997.7,1348.3,2011.7,1395.7,2003.0,1302.2,2099.8,1196.7,2133.4,1097.1,2144.0,1002.4,2138.1,883.0,2103.0,781.3,2007.1
632.0,10.517,780.4,2010.6,889.2,1933.6,1006.8,1888.8,1094.5,1912.2,1185.7,1889.4,1301.4,1935.6,1395.5,2006.8,1348.1,2015.3,1189.9,1994.5,1095.6,2004.9,1006.7,1998.3,830.7,2016.3,830.7,2016.3,1002.4,2003.5,1091.4,2011.1,1184.7,2001.9,1348.1,2015.3,1395.5,2006.8,1301.8,2105.6,1195.0,2140.9,1095.8,2151.7,1001.1,2145.5,881.3,2108.8,780.4,2010.6
633.0,10.533,780.7,2012.0,888.9,1935.7,1006.5,1889.2,1093.1,1912.8,1183.0,1890.0,1298.2,1937.5,1392.9,2008.5,1344.9,2017.9,1186.9,1997.7,1094.0,2007.5,1006.0,2001.0,831.2,2017.8,831.2,2017.8,1000.4,2004.0,1088.3,2011.5,1180.3,2002.6,1344.9,2017.9,1392.9,2008.5,1297.1,2109.7,1190.1,2145.5,1092.2,2156.0,998.5,2149.8,879.8,2112.1,780.7,2012.0
634.0,10.55,781.9,2013.2,890.2,1932.3,1009.3,1883.5,1093.2,1906.7,1179.4,1883.9,1295.7,1933.6,1391.7,2009.1,1343.1,2018.7,1183.3,1992.8,1094.1,2002.5,1008.8,1996.8,832.5,2018.9,832.5,2018.9,1002.5,2010.8,1087.8,2018.0,1176.2,2009.7,1343.1,2018.7,1391.7,2009.1,1294.2,2117.0,1185.9,2153.9,1091.4,2164.0,1000.1,2158.0,880.5,2118.7,781.9,2013.2
635.0,10.567,785.3,2013.4,888.0,1920.7,1008.1,1864.8,1091.0,1888.8,1174.8,1865.8,1291.9,1923.3,1385.0,2010.7,1335.2,2020.2,1178.1,1985.0,1091.5,1993.2,1007.1,1988.1,836.9,2018.2,836.9,2018.2,999.4,2013.1,1084.0,2020.4,1170.4,2012.9,1335.2,2020.2,1385.0,2010.7,1288.9,2130.9,1180.0,2172.0,1087.0,2182.2,995.9,2175.6,876.7,2131.4,785.3,2013.4
636.0,10.583,785.2,2013.3,887.2,1915.2,1010.4,1855.4,1092.3,1880.0,1173.5,1855.8,1293.5,1916.2,1388.0,2008.6,1337.1,2018.2,1177.8,1985.1,1093.8,1992.9,1010.2,1988.5,838.9,2018.0,838.9,2018.0,1003.5,2008.1,1087.3,2014.4,1171.4,2007.4,1337.1,2018.2,1388.0,2008.6,1292.7,2136.7,1183.0,2181.3,1091.9,2191.9,1000.8,2186.3,877.7,2140.9,785.2,2013.3
637.0,10.6,784.9,2013.4,887.6,1914.9,1011.9,1853.8,1093.1,1878.0,1173.1,1854.5,1295.0,1914.2,1391.6,2006.8,1340.0,2016.5,1178.3,1984.4,1095.8,1991.4,1013.0,1987.5,839.3,2018.8,839.3,2018.8,1007.3,2004.7,1090.7,2010.3,1173.7,2004.0,1340.0,2016.5,1391.6,2006.8,1296.9,2133.8,1187.4,2177.5,1097.2,2187.8,1006.7,2183.4,881.1,2140.5,784.9,2013.4
638.0,10.617,783.7,2013.1,887.7,1913.0,1012.6,1851.8,1094.0,1876.2,1174.0,1851.8,1296.0,1912.2,1392.6,2006.0,1341.2,2015.2,1179.3,1984.3,1096.5,1992.1,1013.4,1988.3,838.3,2018.0,838.3,2018.0,1007.8,2000.0,1091.2,2005.5,1173.9,1999.1,1341.2,2015.2,1392.6,2006.0,1297.5,2132.7,1187.3,2175.7,1097.5,2186.1,1006.6,2181.6,880.5,2138.9,783.7,2013.1
639.0,10.633,782.2,2014.2,885.7,1912.3,1010.4,1850.8,1093.1,1875.4,1174.1,1850.9,1296.9,1911.5,1393.9,2006.9,1342.2,2015.5,1179.7,1984.6,1095.8,1992.4,1011.4,1988.7,837.2,2018.6,837.2,2018.6,1006.0,1997.9,1090.7,2003.4,1174.5,1997.1,1342.2,2015.5,1393.9,2006.9,1299.1,2131.7,1188.3,2174.6,1097.2,2185.0,1005.2,2180.5,879.0,2138.5,782.2,2014.2
640.0,10.65,783.2,2014.0,886.2,1912.0,1010.0,1851.8,1093.9,1876.6,1176.8,1851.9,1299.0,1911.4,1394.0,2006.3,1342.9,2014.2,1182.5,1985.1,1096.8,1993.1,1011.1,1989.1,838.4,2018.0,838.4,2018.0,1006.6,1997.1,1092.6,2002.7,1178.3,1995.9,1342.9,2014.2,1394.0,2006.3,1302.1,2128.7,1192.4,2172.2,1099.5,2183.1,1006.2,2178.4,880.2,2136.6,783.2,2014.0
641.0,10.667,780.6,2013.4,884.3,1913.3,1007.7,1852.7,1092.3,1877.4,1176.2,1852.7,1297.8,1912.9,1393.3,2006.3,1342.0,2015.0,1181.4,1985.3,1094.5,1993.5,1008.2,1989.4,835.0,2017.7,835.0,2017.7,1002.3,1994.8,1088.8,2000.7,1175.5,1993.9,1342.0,2015.0,1393.3,2006.3,1298.7,2127.3,1188.3,2169.2,1094.6,2179.7,1000.9,2174.7,876.4,2133.2,780.6,2013.4
642.0,10.683,781.7,2014.3,885.4,1912.4,1008.8,1853.2,1093.2,1877.9,1176.8,1853.2,1299.4,1912.0,1394.9,2006.3,1343.9,2013.7,1182.5,1985.2,1096.0,1993.6,1010.0,1989.6,836.7,2017.9,836.7,2017.9,1006.0,1994.8,1092.5,2000.7,1178.8,1994.1,1343.9,2013.7,1394.9,2006.3,1303.1,2125.8,1192.9,2167.9,1099.4,2178.4,1005.7,2173.7,879.8,2132.8,781.7,2014.3
643.0,10.7,778.6,2014.0,883.2,1913.4,1006.5,1853.8,1091.1,1878.1,1175.1,1853.5,1297.2,1912.1,1393.7,2005.6,1342.2,2014.2,1180.6,1984.6,1093.8,1993.3,1007.5,1989.5,832.9,2018.3,832.9,2018.3,1001.6,1994.7,1088.2,2000.3,1174.8,1993.5,1342.2,2014.2,1393.7,2005.6,1298.8,2124.5,1187.8,2166.1,1094.1,2176.7,1000.4,2172.0,875.8,2131.7,778.6,2014.0
644.0,10.717,778.0,2014.1,882.9,1913.2,1006.1,1853.6,1091.0,1878.1,1175.3,1853.7,1297.4,1912.8,1393.7,2006.8,1342.3,2015.1,1180.6,1984.2,1093.3,1992.7,1006.7,1988.7,832.2,2018.4,832.2,2018.4,1001.0,1993.8,1087.8,1999.7,1174.8,1993.3,1342.3,2015.1,1393.7,2006.8,1298.7,2124.1,1187.7,2164.4,1093.7,2174.7,999.8,2169.7,875.3,2129.7,778.0,2014.1
645.0,10.733,777.4,2013.6,881.9,1912.9,1004.5,1853.8,1090.0,1878.4,1175.2,1854.1,1297.0,1913.2,1392.7,2007.0,1341.5,2015.0,1180.3,1984.0,1092.1,1992.4,1004.9,1988.2,831.4,2017.7,831.4,2017.7,999.3,1993.0,1086.7,1999.2,1174.6,1992.8,1341.5,2015.0,1392.7,2007.0,1298.2,2123.0,1187.3,2163.1,1092.3,2173.2,997.9,2167.9,874.1,2127.7,777.4,2013.6
646.0,10.75,776.6,2014.3,881.4,1913.4,1004.1,1854.3,1089.3,1878.9,1174.2,1854.3,1296.0,1913.3,1392.4,2007.0,1341.0,2014.9,1179.5,1984.0,1091.7,1992.5,1004.9,1988.4,830.5,2018.4,830.5,2018.4,999.5,1992.3,1086.7,1998.2,1174.2,1991.7,1341.0,2014.9,1392.4,2007.0,1297.8,2121.8,1187.1,2161.5,1092.5,2171.7,998.4,2166.7,874.2,2127.5,776.6,2014.3
647.0,10.767,776.6,2014.5,881.2,1913.3,1003.8,1854.2,1089.5,1878.7,1174.9,1854.4,1296.7,1913.3,1392.4,2007.3,1341.2,2014.9,1180.2,1983.4,1091.9,1991.7,1004.6,1987.6,830.7,2018.5,830.7,2018.5,999.6,1992.8,1087.3,1998.7,1175.4,1992.3,1341.2,2014.9,1392.4,2007.3,1298.9,2121.5,1188.6,2160.9,1093.5,2171.0,998.9,2166.1,874.5,2127.1,776.6,2014.5
648.0,10.783,776.3,2013.2,880.8,1913.2,1003.5,1855.2,1089.4,1879.5,1175.5,1855.6,1297.1,1913.8,1392.3,2006.5,1341.5,2014.2,1180.6,1982.7,1091.7,1991.0,1004.1,1986.6,830.2,2017.2,830.2,2017.2,999.2,1995.5,1087.2,2001.7,1176.1,1995.0,1341.5,2014.2,1392.3,2006.5,1299.2,2121.5,1189.0,2161.6,1093.2,2171.7,998.3,2166.7,873.8,2126.9,776.3,2013.2
649.0,10.8,776.5,2012.5,880.8,1912.5,1003.2,1854.0,1089.5,1878.5,1175.7,1854.2,1297.1,1912.9,1392.0,2005.8,1340.8,2013.5,1181.0,1984.8,1091.9,1993.1,1003.9,1988.7,830.9,2016.6,830.9,2016.6,999.0,1988.2,1087.4,1994.3,1176.2,1987.8,1340.8,2013.5,1392.0,2005.8,1299.2,2119.6,1189.6,2159.0,1093.7,2169.2,998.3,2164.3,874.0,2125.5,776.5,2012.5
650.0,10.817,775.6,2012.7,880.6,1913.3,1003.5,1855.8,1089.1,1880.2,1174.7,1855.8,1296.5,1913.2,1392.2,2005.1,1341.3,2013.1,1180.0,1984.0,1091.5,1992.7,1004.2,1988.4,829.6,2016.7,829.6,2016.7,999.3,1994.8,1087.0,2000.7,1175.3,1993.9,1341.3,2013.1,1392.2,2005.1,1298.7,2121.3,1188.2,2162.7,1092.9,2173.3,998.1,2168.4,873.5,2127.9,775.6,2012.7
651.0,10.833,775.9,2014.4,880.6,1914.0,1002.8,1856.0,1089.1,1880.5,1175.6,1855.9,1297.0,1914.1,1392.1,2007.0,1341.0,2014.6,1180.7,1984.0,1091.3,1992.7,1003.4,1988.4,829.8,2018.1,829.8,2018.1,998.7,1994.0,1087.0,2000.1,1176.1,1993.4,1341.0,2014.6,1392.1,2007.0,1299.1,2120.8,1189.0,2161.3,1092.8,2171.9,997.6,2166.8,873.7,2127.1,775.9,2014.4
652.0,10.85,774.5,2015.2,880.1,1915.2,1003.3,1856.4,1088.8,1880.7,1174.3,1856.4,1295.8,1915.0,1392.0,2007.6,1340.7,2015.8,1179.5,1984.4,1091.1,1992.9,1004.0,1988.8,828.3,2019.4,828.3,2019.4,998.8,1994.8,1086.3,2000.6,1174.4,1994.1,1340.7,2015.8,1392.0,2007.6,1297.5,2121.8,1187.2,2161.6,1092.1,2171.9,997.7,2167.2,873.0,2128.2,774.5,2015.2
653.0,10.867,774.1,2016.5,879.4,1916.4,1002.1,1857.4,1088.5,1881.3,1175.2,1857.3,1296.6,1915.7,1392.7,2008.2,1341.2,2016.6,1180.5,1984.5,1090.9,1992.9,1002.8,1988.8,827.9,2020.8,827.9,2020.8,997.3,1996.0,1085.7,2002.0,1175.1,1995.4,1341.2,2016.6,1392.7,2008.2,1298.3,2121.1,1188.1,2160.6,1091.7,2170.7,996.6,2166.2,872.4,2127.7,774.1,2016.5
654.0,10.883,774.4,2016.0,879.8,1916.1,1002.6,1857.3,1089.1,1881.5,1175.8,1857.2,1297.3,1915.3,1393.4,2007.6,1341.8,2015.9,1181.1,1985.5,1091.6,1994.0,1003.4,1989.9,828.4,2020.3,828.4,2020.3,998.1,1994.4,1086.6,2000.3,1175.9,1993.6,1341.8,2015.9,1393.4,2007.6,1299.1,2120.7,1189.0,2161.0,1092.6,2171.5,997.4,2166.9,873.0,2128.2,774.4,2016.0
655.0,10.9,774.7,2016.2,879.9,1915.9,1002.9,1857.7,1088.8,1882.3,1174.7,1858.1,1296.6,1916.1,1393.2,2008.9,1341.8,2016.7,1179.9,1986.0,1091.3,1994.2,1003.7,1989.9,828.6,2020.2,828.6,2020.2,998.7,1997.2,1086.6,2003.2,1175.1,1996.8,1341.8,2016.7,1393.2,2008.9,1298.8,2122.8,1188.1,2163.7,1092.5,2174.1,997.8,2169.2,873.2,2129.4,774.7,2016.2
656.0,10.917,773.8,2016.4,879.4,1915.9,1001.9,1857.7,1089.0,1882.3,1175.8,1857.7,1297.5,1915.9,1393.0,2008.9,1341.6,2016.6,1181.1,1987.9,1091.3,1996.6,1002.5,1992.3,828.1,2020.4,828.1,2020.4,997.3,1990.7,1086.1,1996.6,1175.6,1990.0,1341.6,2016.6,1393.0,2008.9,1299.0,2120.5,1188.5,2160.1,1092.0,2170.4,996.2,2165.5,872.2,2127.0,773.8,2016.4
657.0,10.933,773.9,2017.4,879.3,1917.0,1002.1,1859.6,1088.9,1883.8,1176.1,1859.2,1297.6,1916.3,1392.4,2008.4,1341.4,2016.5,1181.5,1986.0,1091.6,1994.9,1003.1,1990.8,827.7,2021.5,827.7,2021.5,998.5,1999.4,1087.4,2005.1,1177.3,1998.0,1341.4,2016.5,1392.4,2008.4,1300.2,2122.9,1190.3,2164.7,1093.5,2175.8,997.6,2171.1,872.7,2131.5,773.9,2017.4
658.0,10.95,773.0,2016.0,878.9,1916.8,1001.8,1858.6,1088.7,1883.3,1175.5,1858.8,1297.0,1916.7,1392.6,2008.8,1341.2,2017.0,1180.7,1988.9,1091.1,1997.6,1002.4,1993.2,827.3,2020.5,827.3,2020.5,997.0,1991.9,1085.8,1997.8,1175.1,1991.2,1341.2,2017.0,1392.6,2008.8,1298.4,2121.8,1188.1,2161.8,1091.6,2172.2,995.9,2167.3,871.5,2128.5,773.0,2016.0
659.0,10.967,773.6,2017.0,878.9,1917.3,1001.9,1860.2,1088.6,1884.7,1175.9,1860.1,1297.4,1917.4,1392.8,2009.3,1341.8,2017.3,1181.4,1986.7,1091.2,1995.4,1003.0,1991.1,827.2,2021.4,827.2,2021.4,998.5,1999.9,1087.2,2005.7,1177.3,1998.5,1341.8,2017.3,1392.8,2009.3,1300.0,2123.3,1190.1,2164.9,1093.1,2176.0,997.4,2171.2,872.2,2131.5,773.6,2017.0
660.0,10.983,773.6,2017.1,879.9,1917.7,1002.9,1860.2,1089.7,1884.6,1176.5,1860.0,1298.1,1917.4,1393.8,2009.3,1342.6,2017.4,1181.8,1988.8,1092.1,1997.8,1003.6,1993.6,827.7,2021.4,827.7,2021.4,998.4,1993.9,1087.1,1999.8,1176.4,1992.9,1342.6,2017.4,1393.8,2009.3,1299.7,2122.1,1189.2,2162.0,1092.9,2172.6,997.2,2167.7,872.6,2129.1,773.6,2017.1
661.0,11.0,774.4,2017.7,879.8,1918.1,1002.5,1861.5,1089.6,1885.7,1177.2,1861.2,1298.4,1918.4,1393.7,2010.2,1342.6,2017.9,1182.8,1987.3,1092.3,1996.1,1003.7,1991.7,828.2,2022.0,828.2,2022.0,999.2,1999.4,1088.3,2005.2,1178.6,1998.1,1342.6,2017.9,1393.7,2010.2,1301.3,2122.8,1191.7,2162.7,1094.5,2173.3,998.6,2168.7,873.4,2130.1,774.4,2017.7
662.0,11.017,774.1,2018.1,881.1,1918.2,1004.5,1860.2,1091.1,1884.6,1177.4,1860.0,1299.5,1918.0,1395.7,2010.5,1344.2,2018.6,1182.7,1989.4,1093.5,1998.2,1005.2,1994.1,828.4,2022.6,828.4,2022.6,1000.1,1994.8,1088.6,2000.7,1177.5,1994.2,1344.2,2018.6,1395.7,2010.5,1301.3,2124.0,1190.6,2163.7,1094.6,2174.1,999.2,2169.4,874.0,2130.7,774.1,2018.1
663.0,11.033,775.0,2018.6,882.3,1919.6,1006.1,1862.7,1091.8,1886.6,1177.7,1862.7,1299.4,1919.2,1396.4,2010.6,1345.4,2018.7,1183.3,1987.3,1094.6,1995.8,1007.2,1991.6,828.7,2023.3,828.7,2023.3,1002.6,2001.4,1090.4,2006.9,1179.0,2000.4,1345.4,2018.7,1396.4,2010.6,1302.3,2123.2,1192.1,2162.3,1096.6,2172.3,1002.1,2168.2,875.9,2130.3,775.0,2018.6
664.0,11.05,776.3,2018.0,883.3,1919.0,1006.9,1861.8,1093.6,1886.2,1180.2,1861.4,1302.0,1918.5,1397.7,2009.7,1346.5,2018.0,1185.5,1990.6,1096.0,1999.5,1007.6,1995.4,830.6,2022.5,830.6,2022.5,1003.0,1996.3,1091.6,2002.1,1180.7,1995.4,1346.5,2018.0,1397.7,2009.7,1304.4,2124.2,1194.0,2165.3,1097.8,2176.0,1002.2,2171.3,876.6,2131.9,776.3,2018.0
665.0,11.067,777.5,2017.9,884.0,1919.3,1007.2,1862.3,1093.4,1886.4,1180.0,1862.2,1301.4,1919.3,1397.7,2010.2,1346.6,2018.4,1185.1,1987.6,1095.7,1996.1,1007.9,1991.8,831.3,2022.4,831.3,2022.4,1002.9,2001.6,1091.2,2007.6,1180.3,2001.1,1346.6,2018.4,1397.7,2010.2,1303.6,2124.4,1193.4,2164.9,1097.3,2175.2,1002.3,2170.5,877.2,2131.0,777.5,2017.9
666.0,11.083,777.3,2017.7,884.8,1918.6,1007.8,1860.7,1094.7,1885.1,1181.7,1860.3,1303.1,1917.9,1399.0,2009.4,1347.3,2017.9,1186.9,1990.0,1096.9,1999.0,1008.3,1994.8,831.6,2022.5,831.6,2022.5,1002.7,1993.4,1091.5,1999.3,1181.1,1992.6,1347.3,2017.9,1399.0,2009.4,1304.4,2122.2,1194.1,2162.3,1097.5,2173.0,1001.8,2168.2,877.3,2129.7,777.3,2017.7
667.0,11.1,777.7,2017.3,884.1,1918.0,1007.2,1860.8,1093.8,1885.0,1180.7,1860.6,1302.2,1917.7,1398.2,2009.2,1346.9,2017.3,1185.9,1987.0,1096.1,1995.6,1007.9,1991.3,831.4,2021.5,831.4,2021.5,1003.0,1999.5,1091.6,2005.5,1181.2,1998.7,1346.9,2017.3,1398.2,2009.2,1304.4,2122.6,1194.0,2163.7,1097.4,2174.4,1002.1,2169.6,877.2,2130.1,777.7,2017.3
668.0,11.117,777.8,2017.7,884.6,1917.6,1007.5,1859.7,1094.4,1883.9,1181.5,1859.4,1303.1,1916.9,1398.3,2009.1,1347.1,2017.2,1186.7,1988.0,1096.7,1996.9,1008.0,1992.8,832.0,2021.9,832.0,2021.9,1002.9,1994.1,1091.7,2000.0,1181.4,1993.2,1347.1,2017.2,1398.3,2009.1,1304.7,2121.2,1194.4,2161.2,1097.8,2171.8,1002.0,2167.0,877.5,2128.5,777.8,2017.7
669.0,11.133,776.2,2017.2,882.9,1918.0,1006.4,1860.7,1092.8,1884.6,1179.6,1860.2,1301.4,1917.3,1397.9,2008.4,1346.7,2016.7,1185.1,1986.0,1095.3,1994.8,1007.4,1990.8,829.7,2021.6,829.7,2021.6,1002.5,1999.7,1090.9,2005.5,1180.4,1998.6,1346.7,2016.7,1397.9,2008.4,1303.8,2122.3,1193.2,2162.8,1096.8,2173.5,1001.6,2169.0,876.2,2129.8,776.2,2017.2
670.0,11.15,776.3,2017.4,883.4,1917.5,1006.2,1859.1,1092.9,1883.3,1179.3,1858.5,1301.0,1916.4,1397.4,2008.4,1345.7,2016.8,1184.6,1988.7,1095.2,1997.7,1006.9,1993.8,830.5,2021.8,830.5,2021.8,1001.2,1990.9,1089.6,1996.6,1178.6,1990.0,1345.7,2016.8,1397.4,2008.4,1302.3,2120.5,1191.7,2159.9,1095.7,2170.4,1000.3,2165.7,876.0,2127.9,776.3,2017.4
671.0,11.167,774.9,2016.8,882.0,1918.1,1005.5,1861.7,1091.8,1885.6,1178.4,1860.9,1300.0,1917.4,1396.3,2007.7,1345.5,2015.8,1183.9,1986.0,1094.3,1995.1,1006.6,1991.1,828.4,2020.9,828.4,2020.9,1002.2,2000.3,1090.4,2006.0,1179.6,1998.9,1345.5,2015.8,1396.3,2007.7,1302.8,2122.0,1192.4,2163.0,1096.4,2173.9,1001.3,2169.4,875.4,2130.0,774.9,2016.8
672.0,11.183,773.9,2017.7,881.7,1917.8,1005.0,1860.0,1091.3,1884.0,1177.5,1859.4,1299.2,1917.0,1395.8,2009.0,1344.5,2017.2,1183.1,1988.5,1093.9,1997.6,1005.8,1993.6,827.9,2022.3,827.9,2022.3,1000.6,1989.9,1088.8,1995.4,1177.5,1988.9,1344.5,2017.2,1395.8,2009.0,1301.0,2119.6,1190.6,2157.5,1094.9,2167.8,999.8,2163.4,874.6,2126.7,773.9,2017.7
673.0,11.2,774.4,2018.4,880.4,1919.4,1003.6,1862.6,1090.6,1886.6,1178.2,1861.7,1299.5,1917.5,1395.6,2007.7,1344.7,2016.2,1184.1,1987.2,1093.6,1996.2,1005.2,1992.1,828.1,2022.6,828.1,2022.6,1000.7,2001.8,1089.6,2007.2,1179.9,1999.6,1344.7,2016.2,1395.6,2007.7,1302.8,2121.6,1193.3,2164.4,1096.0,2176.0,1000.3,2171.9,874.4,2132.7,774.4,2018.4
674.0,11.217,773.9,2018.2,881.6,1919.3,1004.4,1861.8,1090.5,1885.8,1176.4,1861.1,1297.7,1918.2,1394.6,2009.2,1343.3,2017.5,1181.6,1990.2,1092.8,1999.3,1005.0,1995.3,828.2,2022.6,828.2,2022.6,999.6,1991.8,1087.4,1997.3,1175.8,1990.7,1343.3,2017.5,1394.6,2009.2,1299.2,2120.7,1188.8,2159.7,1093.5,2170.0,998.8,2165.6,874.2,2128.1,773.9,2018.2
675.0,11.233,773.4,2018.4,879.9,1919.7,1002.6,1863.8,1089.2,1887.8,1176.5,1863.3,1297.7,1919.2,1393.9,2009.7,1343.1,2017.7,1182.0,1987.2,1091.8,1996.3,1003.7,1992.1,826.6,2022.6,826.6,2022.6,999.1,2002.7,1087.6,2008.5,1177.5,2001.2,1343.1,2017.7,1393.9,2009.7,1300.4,2122.3,1190.3,2163.2,1093.5,2174.2,998.2,2169.7,873.2,2130.8,773.4,2018.4
676.0,11.25,773.5,2018.9,880.4,1919.5,1003.3,1862.7,1089.9,1887.2,1176.6,1862.3,1298.1,1919.3,1394.3,2010.8,1343.3,2018.4,1182.1,1991.1,1092.4,2000.1,1004.1,1995.9,827.6,2022.9,827.6,2022.9,999.6,1993.5,1088.0,1999.2,1177.2,1992.4,1343.3,2018.4,1394.3,2010.8,1300.5,2121.5,1190.2,2160.5,1094.1,2171.0,998.7,2166.3,873.7,2128.7,773.5,2018.9
677.0,11.267,772.7,2019.8,879.3,1920.9,1002.2,1864.7,1088.6,1888.6,1175.3,1864.2,1297.0,1919.8,1393.3,2010.5,1342.5,2018.5,1181.0,1988.4,1091.4,1997.4,1003.5,1993.3,826.0,2024.0,826.0,2024.0,999.1,2003.2,1087.4,2008.8,1176.9,2001.7,1342.5,2018.5,1393.3,2010.5,1300.2,2122.8,1189.9,2163.6,1093.6,2174.5,998.5,2170.1,873.1,2131.7,772.7,2019.8
678.0,11.283,772.5,2019.8,879.3,1919.9,1002.2,1863.0,1089.1,1887.6,1176.3,1862.8,1297.8,1920.1,1393.6,2012.0,1342.7,2019.4,1181.7,1990.9,1091.5,1999.7,1003.0,1995.5,826.5,2023.7,826.5,2023.7,998.7,1994.8,1087.4,2000.6,1177.2,1993.9,1342.7,2019.4,1393.6,2012.0,1300.3,2121.9,1190.2,2160.8,1093.5,2171.3,997.8,2166.5,872.8,2128.7,772.5,2019.8
679.0,11.3,771.5,2020.1,878.0,1921.3,1000.3,1864.7,1087.5,1888.5,1175.3,1864.2,1296.5,1920.3,1392.6,2010.9,1341.6,2019.1,1180.7,1988.6,1090.1,1997.6,1001.4,1993.4,824.9,2024.4,824.9,2024.4,996.3,2002.1,1085.4,2008.0,1175.9,2000.9,1341.6,2019.1,1392.6,2010.9,1298.9,2122.2,1188.8,2162.6,1091.5,2173.4,995.8,2168.9,871.3,2130.6,771.5,2020.1
680.0,11.317,771.9,2020.2,878.8,1920.0,1001.5,1862.8,1088.2,1887.2,1174.9,1862.5,1296.5,1919.7,1392.4,2011.7,1341.2,2019.1,1180.4,1991.5,1090.8,2000.4,1002.4,1996.3,826.1,2024.0,826.1,2024.0,998.2,1992.3,1086.7,1998.0,1175.9,1991.5,1341.2,2019.1,1392.4,2011.7,1299.2,2121.0,1189.2,2159.8,1093.1,2170.1,997.6,2165.6,872.7,2128.5,771.9,2020.2
681.0,11.333,771.5,2019.5,878.3,1920.5,1000.7,1864.5,1087.3,1888.1,1174.4,1863.7,1295.5,1919.2,1391.4,2009.7,1340.7,2017.7,1179.9,1987.0,1089.9,1996.2,1001.9,1992.2,824.7,2023.6,824.7,2023.6,997.1,2002.6,1085.5,2008.3,1175.3,2001.0,1340.7,2017.7,1391.4,2009.7,1298.2,2121.2,1188.1,2161.6,1091.6,2172.4,996.5,2168.0,871.8,2129.8,771.5,2019.5
682.0,11.35,771.4,2018.5,878.6,1919.0,1001.1,1861.8,1087.6,1886.0,1174.0,1861.5,1295.6,1918.6,1391.5,2010.2,1340.5,2017.7,1179.2,1990.0,1089.8,1999.1,1001.6,1995.0,825.4,2022.2,825.4,2022.2,997.1,1991.0,1085.3,1996.9,1174.2,1990.6,1340.5,2017.7,1391.5,2010.2,1297.7,2119.9,1187.2,2158.3,1091.5,2168.4,996.2,2163.7,872.0,2126.3,771.4,2018.5
683.0,11.367,771.2,2018.2,877.7,1919.1,999.8,1863.5,1086.6,1887.2,1174.1,1862.6,1295.3,1917.9,1391.2,2008.4,1340.5,2016.3,1179.8,1986.9,1089.3,1996.2,1001.0,1992.2,824.6,2022.2,824.6,2022.2,996.4,1999.8,1085.1,2005.5,1175.3,1998.0,1340.5,2016.3,1391.2,2008.4,1298.2,2119.2,1188.1,2159.7,1091.2,2170.8,995.8,2166.3,871.3,2128.2,771.2,2018.2
684.0,11.383,770.8,2018.0,878.4,1918.2,1001.4,1860.7,1087.3,1884.7,1173.1,1859.7,1294.9,1916.8,1391.9,2008.3,1340.6,2016.2,1178.8,1988.8,1090.0,1997.9,1002.5,1994.2,824.9,2022.1,824.9,2022.1,997.9,1990.2,1085.6,1995.5,1173.9,1988.9,1340.6,2016.2,1391.9,2008.3,1297.5,2118.3,1187.2,2157.1,1092.0,2167.8,997.3,2163.5,872.2,2126.9,770.8,2018.0
685.0,11.4,771.2,2017.5,878.0,1917.9,1000.1,1861.4,1086.7,1885.0,1173.7,1860.6,1295.2,1916.5,1391.6,2007.7,1340.4,2015.6,1179.4,1985.8,1089.5,1995.0,1001.3,1991.1,824.8,2021.7,824.8,2021.7,996.6,1996.7,1085.1,2002.3,1174.7,1995.1,1340.4,2015.6,1391.6,2007.7,1298.1,2117.8,1187.8,2157.5,1091.3,2168.3,996.2,2163.9,871.8,2126.7,771.2,2017.5
686.0,11.417,771.2,2016.9,878.8,1917.1,1002.0,1859.3,1088.0,1883.4,1174.2,1858.6,1296.0,1916.0,1392.8,2007.9,1341.6,2015.8,1179.7,1987.4,1090.6,1996.4,1002.8,1992.6,825.3,2021.1,825.3,2021.1,998.3,1989.6,1086.2,1995.2,1174.8,1988.5,1341.6,2015.8,1392.8,2007.9,1298.5,2117.6,1188.1,2156.0,1092.6,2166.4,997.8,2162.0,872.6,2125.4,771.2,2016.9
687.0,11.433,771.2,2017.1,878.7,1916.9,1001.2,1860.0,1087.8,1883.5,1174.7,1859.1,1296.5,1915.3,1392.9,2006.9,1341.7,2014.9,1180.3,1984.6,1090.4,1993.9,1002.2,1990.2,824.9,2021.2,824.9,2021.2,997.5,1994.7,1085.9,2000.3,1175.4,1993.3,1341.7,2014.9,1392.9,2006.9,1299.1,2116.7,1188.5,2155.8,1092.2,2166.5,997.0,2162.2,872.4,2125.3,771.2,2017.1
688.0,11.45,771.6,2016.6,879.6,1916.4,1002.5,1858.1,1088.9,1881.9,1175.0,1857.4,1296.9,1914.9,1393.3,2006.9,1342.0,2014.9,1180.4,1986.8,1091.3,1996.0,1003.2,1992.4,826.1,2020.7,826.1,2020.7,998.5,1986.3,1086.6,1991.8,1175.2,1985.4,1342.0,2014.9,1393.3,2006.9,1299.1,2116.4,1188.8,2154.2,1093.3,2164.5,998.1,2160.2,873.3,2124.1,771.6,2016.6
689.0,11.467,772.5,2015.4,879.1,1916.9,1001.6,1860.6,1087.9,1884.2,1175.0,1860.3,1296.4,1916.1,1392.6,2006.6,1341.9,2014.6,1180.3,1982.2,1090.4,1991.1,1002.6,1987.0,825.5,2019.7,825.5,2019.7,998.1,2000.2,1086.4,2006.1,1176.1,1999.0,1341.9,2014.6,1392.6,2006.6,1299.2,2117.6,1189.0,2157.5,1092.5,2168.2,997.6,2163.7,873.0,2125.5,772.5,2015.4
690.0,11.483,773.6,2016.5,879.1,1916.7,1000.5,1860.2,1089.0,1883.9,1178.4,1859.5,1299.0,1915.4,1392.5,2006.4,1341.9,2014.3,1183.9,1983.7,1091.6,1993.1,1001.6,1989.0,827.1,2020.3,827.1,2020.3,997.3,1996.5,1087.7,2002.5,1179.8,1994.7,1341.9,2014.3,1392.5,2006.4,1301.9,2116.1,1193.1,2156.7,1094.2,2168.1,997.1,2163.5,873.2,2125.7,773.6,2016.5
691.0,11.5,774.1,2016.3,881.0,1916.0,1003.1,1857.9,1089.7,1882.0,1176.1,1857.4,1297.5,1914.6,1393.3,2006.6,1342.0,2014.2,1181.5,1986.6,1092.1,1995.7,1003.8,1991.9,828.4,2019.9,828.4,2019.9,999.3,1986.9,1087.6,1992.6,1176.5,1986.1,1342.0,2014.2,1393.3,2006.6,1299.9,2115.3,1190.1,2153.9,1094.3,2164.3,999.0,2159.9,875.0,2123.4,774.1,2016.3
692.0,11.517,773.9,2016.6,880.7,1917.2,1002.5,1861.3,1089.3,1884.8,1176.7,1860.6,1297.7,1915.7,1393.1,2006.4,1342.6,2014.3,1182.1,1982.3,1091.8,1991.6,1003.6,1987.7,826.9,2020.6,826.9,2020.6,998.9,2001.4,1087.4,2007.4,1177.5,1999.9,1342.6,2014.3,1393.1,2006.4,1300.4,2117.1,1190.5,2157.7,1093.6,2168.8,998.5,2164.2,874.4,2126.0,773.9,2016.6
693.0,11.533,774.7,2017.5,880.5,1916.7,1001.9,1859.5,1090.1,1883.4,1178.9,1858.6,1299.5,1915.4,1393.3,2007.2,1342.4,2014.8,1184.3,1984.8,1092.5,1994.2,1002.7,1990.3,828.7,2020.9,828.7,2020.9,998.5,1994.5,1088.5,2000.4,1179.9,1992.9,1342.4,2014.8,1393.3,2007.2,1302.3,2116.9,1193.5,2157.2,1095.2,2168.4,998.3,2163.9,874.5,2126.2,774.7,2017.5
694.0,11.55,775.6,2017.5,881.3,1916.3,1002.5,1859.0,1090.6,1882.9,1179.1,1858.1,1300.1,1914.7,1394.3,2006.8,1343.3,2014.3,1184.5,1985.5,1093.1,1994.9,1003.4,1991.0,829.9,2020.9,829.9,2020.9,999.1,1992.1,1089.1,1998.0,1180.2,1990.8,1343.3,2014.3,1394.3,2006.8,1303.2,2116.2,1194.0,2156.3,1096.0,2167.3,999.2,2162.8,875.6,2125.6,775.6,2017.5
695.0,11.567,775.6,2017.5,881.4,1916.6,1003.1,1859.4,1090.7,1883.2,1178.8,1858.5,1299.6,1915.2,1394.2,2006.9,1343.2,2014.4,1184.4,1984.1,1093.2,1993.3,1004.2,1989.5,829.5,2020.9,829.5,2020.9,1000.2,1994.5,1089.6,2000.3,1180.4,1993.1,1343.2,2014.4,1394.2,2006.9,1303.0,2116.5,1194.0,2156.2,1096.4,2167.2,1000.2,2162.9,876.0,2125.6,775.6,2017.5
696.0,11.583,775.1,2017.2,881.4,1915.0,1003.5,1857.0,1090.4,1881.4,1177.2,1856.3,1298.7,1914.3,1394.2,2007.7,1342.9,2014.5,1182.8,1986.3,1092.9,1995.3,1004.4,1991.4,829.8,2020.4,829.8,2020.4,1000.6,1986.7,1089.3,1992.3,1178.7,1986.0,1342.9,2014.5,1394.2,2007.7,1302.2,2116.1,1192.6,2154.6,1096.3,2165.0,1000.6,2160.6,876.1,2124.0,775.1,2017.2
697.0,11.6,774.3,2017.0,880.8,1915.2,1002.3,1858.5,1089.4,1882.3,1176.9,1857.8,1298.2,1914.5,1393.5,2007.3,1342.5,2014.6,1182.5,1983.4,1092.1,1992.4,1003.5,1988.5,828.2,2021.0,828.2,2021.0,999.0,1993.4,1088.0,1999.1,1178.2,1992.2,1342.5,2014.6,1393.5,2007.3,1301.5,2116.2,1192.0,2154.4,1095.0,2164.9,999.2,2160.5,875.0,2124.2,774.3,2017.0
698.0,11.617,773.7,2016.1,880.4,1914.8,1002.2,1857.0,1089.3,1881.3,1176.4,1856.3,1297.6,1914.1,1392.7,2006.8,1341.4,2014.1,1181.9,1985.9,1091.8,1995.0,1003.0,1991.0,828.1,2020.0,828.1,2020.0,998.7,1984.8,1087.6,1990.5,1177.2,1984.0,1341.4,2014.1,1392.7,2006.8,1300.4,2115.0,1191.1,2152.8,1094.5,2163.3,998.6,2158.8,874.6,2122.8,773.7,2016.1
699.0,11.633,773.3,2016.2,879.7,1915.6,1001.3,1859.7,1088.6,1883.2,1176.4,1859.3,1297.8,1915.0,1392.5,2007.0,1342.1,2014.4,1181.7,1981.0,1091.1,1989.6,1002.4,1985.5,826.6,2020.4,826.6,2020.4,998.1,1999.0,1087.6,2005.1,1178.1,1998.4,1342.1,2014.4,1392.5,2007.0,1301.6,2117.1,1192.0,2156.0,1094.6,2166.3,998.8,2161.6,874.3,2124.2,773.3,2016.2
700.0,11.65,774.0,2016.7,880.3,1915.9,1001.3,1859.5,1089.6,1883.4,1178.4,1858.5,1299.2,1915.2,1392.6,2006.9,1342.0,2013.8,1183.8,1983.3,1091.9,1992.6,1002.2,1988.5,827.6,2020.2,827.6,2020.2,998.6,1993.1,1088.8,1999.3,1180.2,1992.4,1342.0,2013.8,1392.6,2006.9,1302.9,2116.1,1194.1,2155.0,1095.8,2165.8,998.9,2161.0,874.9,2123.6,774.0,2016.7
701.0,11.667,773.6,2015.1,879.9,1914.8,1001.5,1857.3,1088.7,1882.0,1176.1,1857.1,1297.7,1915.1,1392.5,2007.3,1341.5,2014.0,1181.3,1986.1,1090.9,1994.6,1002.1,1990.3,828.1,2018.9,828.1,2018.9,998.4,1985.5,1087.7,1991.7,1177.6,1985.8,1341.5,2014.0,1392.5,2007.3,1301.3,2115.9,1191.9,2153.5,1095.0,2163.4,998.8,2158.5,874.6,2121.7,773.6,2015.1
702.0,11.683,773.3,2016.4,879.7,1915.9,1001.0,1860.2,1088.2,1884.0,1175.8,1860.1,1297.1,1915.5,1391.5,2007.4,1341.2,2014.4,1181.0,1981.1,1090.6,1989.9,1001.9,1985.6,826.5,2020.4,826.5,2020.4,998.1,1998.7,1087.4,2004.9,1177.7,1998.5,1341.2,2014.4,1391.5,2007.4,1301.2,2116.8,1191.9,2155.5,1094.6,2165.7,998.8,2160.9,874.6,2123.5,773.3,2016.4
703.0,11.7,772.5,2016.9,879.5,1915.4,1001.0,1857.8,1087.9,1882.0,1174.7,1856.9,1295.8,1914.8,1390.8,2007.4,1339.6,2014.3,1180.1,1986.0,1090.3,1995.0,1001.8,1991.1,826.9,2020.5,826.9,2020.5,997.7,1985.5,1086.6,1991.3,1175.8,1985.3,1339.6,2014.3,1390.8,2007.4,1299.2,2115.9,1190.0,2153.1,1093.8,2163.2,998.0,2158.7,873.9,2122.7,772.5,2016.9
704.0,11.717,771.3,2017.8,878.1,1916.7,999.2,1860.5,1086.5,1883.9,1174.4,1859.5,1295.7,1915.7,1390.0,2007.7,1339.6,2015.0,1179.9,1981.9,1089.1,1991.0,1000.2,1987.1,824.6,2022.1,824.6,2022.1,996.1,1997.4,1085.6,2003.3,1176.2,1996.6,1339.6,2015.0,1390.0,2007.7,1299.6,2117.4,1190.5,2155.2,1093.0,2165.6,997.0,2161.0,872.8,2124.6,771.3,2017.8
705.0,11.733,771.5,2017.1,878.1,1915.2,999.2,1858.2,1086.4,1882.5,1173.7,1857.4,1294.9,1915.2,1389.3,2008.4,1338.4,2015.1,1179.1,1985.8,1088.9,1994.6,1000.0,1990.6,825.7,2021.0,825.7,2021.0,995.9,1988.1,1085.2,1994.1,1174.9,1988.0,1338.4,2015.1,1389.3,2008.4,1298.5,2117.1,1189.2,2154.3,1092.4,2164.4,996.4,2159.5,872.4,2123.1,771.5,2017.1
706.0,11.75,771.0,2018.2,876.4,1917.1,997.2,1860.6,1085.1,1884.5,1173.4,1860.1,1294.7,1916.3,1388.7,2008.3,1337.9,2015.2,1179.1,1984.7,1087.9,1993.3,998.5,1989.1,824.9,2022.0,824.9,2022.0,994.5,1996.2,1084.6,2002.2,1175.7,1995.7,1337.9,2015.2,1388.7,2008.3,1299.1,2117.5,1190.3,2156.7,1092.2,2167.0,995.7,2162.5,871.7,2125.5,771.0,2018.2
707.0,11.767,769.4,2017.8,875.3,1916.5,996.5,1859.2,1084.0,1883.8,1171.7,1858.8,1292.9,1916.8,1387.6,2009.4,1336.5,2016.2,1177.4,1988.1,1086.6,1996.6,997.5,1992.4,823.8,2021.6,823.8,2021.6,993.4,1988.0,1083.0,1993.9,1173.3,1987.9,1336.5,2016.2,1387.6,2009.4,1296.7,2117.9,1187.6,2155.3,1090.3,2165.3,993.9,2160.6,869.8,2124.1,769.4,2017.8
708.0,11.783,767.0,2019.2,873.7,1917.9,995.7,1860.6,1082.6,1884.5,1169.6,1859.9,1291.3,1916.6,1387.0,2009.0,1335.8,2016.4,1175.5,1986.1,1085.7,1994.8,997.3,1990.9,821.0,2023.6,821.0,2023.6,993.1,1994.2,1082.2,1999.7,1171.8,1993.3,1335.8,2016.4,1387.0,2009.0,1295.7,2118.7,1186.6,2156.8,1089.9,2167.1,994.2,2163.1,868.9,2127.1,767.0,2019.2
709.0,11.8,766.6,2019.1,873.2,1918.4,994.2,1861.5,1081.9,1885.5,1170.1,1860.8,1291.0,1918.0,1385.9,2009.6,1334.8,2017.0,1175.7,1987.4,1084.5,1996.3,995.2,1992.2,820.2,2023.3,820.2,2023.3,990.1,1992.2,1079.8,1998.1,1170.7,1991.7,1334.8,2017.0,1385.9,2009.6,1293.8,2117.9,1184.4,2155.3,1086.7,2165.5,990.3,2160.8,866.9,2124.4,766.6,2019.1
710.0,11.817,766.2,2017.8,872.4,1917.5,993.9,1861.3,1081.0,1885.2,1168.7,1860.7,1289.8,1917.4,1385.0,2008.8,1334.3,2016.0,1174.3,1984.7,1083.7,1993.3,995.1,1989.1,819.7,2022.1,819.7,2022.1,990.8,1996.5,1080.1,2002.5,1170.6,1996.0,1334.3,2016.0,1385.0,2008.8,1293.7,2118.7,1184.5,2156.9,1087.2,2167.0,991.4,2162.5,866.9,2125.5,766.2,2017.8
711.0,11.833,765.6,2018.2,872.6,1916.9,994.1,1859.6,1081.2,1884.0,1168.4,1858.6,1289.6,1916.1,1385.2,2008.3,1333.8,2015.7,1174.2,1988.3,1084.1,1997.3,995.3,1993.4,819.7,2022.3,819.7,2022.3,990.7,1986.5,1079.7,1992.0,1169.3,1985.7,1333.8,2015.7,1385.2,2008.3,1292.8,2117.0,1183.4,2154.7,1086.7,2165.1,990.8,2160.6,866.6,2124.7,765.6,2018.2
712.0,11.85,765.7,2017.1,872.5,1916.7,995.0,1860.7,1081.4,1884.2,1168.6,1859.8,1290.1,1915.7,1385.7,2006.9,1335.2,2014.7,1174.5,1982.1,1084.5,1991.0,996.7,1987.1,818.8,2021.7,818.8,2021.7,992.7,2001.1,1081.4,2006.7,1171.3,1999.7,1335.2,2014.7,1385.7,2006.9,1294.5,2119.3,1185.3,2158.9,1088.5,2169.8,993.2,2165.7,867.2,2128.3,765.7,2017.1
713.0,11.867,766.7,2016.7,873.0,1916.6,995.0,1860.6,1082.5,1884.3,1170.8,1859.5,1291.3,1915.7,1385.8,2006.3,1335.1,2013.9,1176.7,1983.2,1085.4,1992.2,996.6,1988.1,820.1,2021.0,820.1,2021.0,992.8,1997.1,1082.4,2002.8,1173.5,1995.5,1335.1,2013.9,1385.8,2006.3,1295.6,2117.2,1187.4,2156.7,1089.5,2167.7,993.3,2163.7,867.8,2126.7,766.7,2016.7
714.0,11.883,767.5,2015.8,873.7,1915.6,994.9,1858.8,1082.8,1883.0,1171.3,1858.1,1291.9,1915.2,1386.1,2006.7,1335.1,2014.2,1176.8,1984.5,1085.2,1993.4,995.8,1989.2,821.3,2020.0,821.3,2020.0,991.3,1991.7,1081.2,1997.8,1172.4,1991.1,1335.1,2014.2,1386.1,2006.7,1295.0,2116.6,1186.3,2155.4,1088.2,2166.0,991.6,2161.3,867.6,2124.2,767.5,2015.8
715.0,11.9,767.8,2015.3,874.2,1914.2,995.8,1856.8,1083.5,1881.2,1171.3,1856.0,1292.2,1913.6,1386.9,2005.9,1335.5,2013.2,1177.1,1984.7,1086.3,1993.6,997.1,1989.5,822.1,2019.6,822.1,2019.6,992.8,1987.2,1082.5,1992.9,1172.9,1986.3,1335.5,2013.2,1386.9,2005.9,1295.8,2115.4,1187.3,2153.7,1089.8,2164.3,993.4,2160.1,868.6,2124.0,767.8,2015.3
716.0,11.917,768.8,2014.2,875.1,1913.1,997.0,1856.7,1084.2,1880.8,1171.7,1855.9,1292.8,1912.4,1387.2,2004.5,1336.4,2011.7,1177.5,1981.4,1087.2,1990.2,998.6,1986.2,822.6,2018.4,822.6,2018.4,995.2,1992.3,1084.5,1998.0,1174.7,1991.3,1336.4,2011.7,1387.2,2004.5,1297.7,2115.6,1189.3,2155.4,1092.1,2166.3,996.0,2162.1,870.3,2124.9,768.8,2014.2
717.0,11.933,768.9,2013.8,875.4,1912.1,997.3,1854.7,1084.6,1879.2,1171.9,1854.0,1293.1,1911.5,1387.8,2004.1,1336.7,2011.0,1177.9,1983.4,1087.7,1992.0,998.9,1988.0,823.4,2017.7,823.4,2017.7,995.4,1983.1,1084.7,1988.5,1174.5,1982.2,1336.7,2011.0,1387.8,2004.1,1297.7,2112.6,1189.3,2151.0,1092.4,2161.5,996.1,2157.4,870.7,2121.6,768.9,2013.8
718.0,11.95,768.8,2011.8,875.4,1911.5,997.0,1856.0,1084.2,1879.7,1172.3,1855.8,1293.2,1911.9,1387.5,2003.3,1337.2,2010.5,1177.8,1977.4,1086.8,1985.9,998.2,1981.7,821.7,2016.1,821.7,2016.1,994.2,1993.0,1083.6,1999.2,1174.4,1992.7,1337.2,2010.5,1387.5,2003.3,1297.0,2112.3,1188.1,2150.2,1090.5,2160.4,994.6,2155.7,869.8,2118.6,768.8,2011.8
719.0,11.967,769.3,2010.8,875.0,1910.9,996.1,1854.5,1083.4,1878.7,1171.4,1854.5,1292.0,1911.6,1386.3,2003.0,1335.7,2009.9,1176.7,1979.2,1085.8,1987.7,997.0,1983.4,822.7,2014.5,822.7,2014.5,992.8,1988.1,1082.1,1994.4,1172.7,1987.9,1335.7,2009.9,1386.3,2003.0,1295.1,2111.5,1186.2,2149.4,1088.7,2159.5,992.8,2154.6,869.1,2117.3,769.3,2010.8
720.0,11.983,767.7,2011.1,873.7,1910.2,995.0,1853.0,1082.1,1877.3,1169.4,1852.6,1290.2,1910.6,1385.1,2002.9,1334.1,2009.4,1174.9,1981.1,1084.5,1989.8,995.8,1985.6,822.0,2014.4,822.0,2014.4,992.1,1980.0,1081.1,1986.0,1170.9,1979.8,1334.1,2009.4,1385.1,2002.9,1293.7,2109.5,1184.8,2146.0,1088.1,2155.8,992.3,2151.4,868.3,2115.6,767.7,2011.1
721.0,12.0,766.2,2010.4,873.3,1909.6,994.5,1854.9,1081.3,1878.3,1168.5,1854.9,1289.9,1909.9,1384.3,2002.0,1334.2,2009.2,1174.2,1976.0,1084.2,1984.9,995.8,1980.8,819.2,2015.0,819.2,2015.0,991.0,1992.6,1079.9,1998.5,1169.9,1991.4,1334.2,2009.2,1384.3,2002.0,1292.8,2110.4,1183.2,2147.9,1086.6,2158.2,991.2,2153.3,867.2,2116.6,766.2,2010.4
722.0,12.017,764.2,2011.9,871.6,1910.1,992.5,1855.6,1080.9,1878.1,1168.8,1854.2,1289.7,1909.1,1382.8,2001.2,1333.5,2009.0,1173.8,1978.5,1083.0,1988.5,993.1,1984.9,818.0,2015.8,818.0,2015.8,987.8,1986.8,1077.9,1992.1,1168.3,1985.0,1333.5,2009.0,1382.8,2001.2,1291.4,2110.6,1181.9,2148.0,1084.8,2158.0,988.1,2153.4,864.6,2117.3,764.2,2011.9
723.0,12.033,764.0,2009.8,871.9,1909.1,992.8,1854.7,1082.3,1877.0,1170.0,1854.1,1290.8,1908.9,1381.8,2001.5,1333.2,2009.6,1173.9,1979.4,1083.4,1989.4,992.3,1985.4,817.9,2014.1,817.9,2014.1,986.3,1983.6,1077.4,1988.8,1167.4,1982.1,1333.2,2009.6,1381.8,2001.5,1290.4,2112.3,1181.1,2149.7,1084.1,2159.5,986.6,2154.2,863.9,2117.8,764.0,2009.8
724.0,12.05,763.7,2007.9,870.8,1909.8,990.9,1857.3,1082.8,1879.1,1173.6,1857.0,1291.8,1911.0,1379.8,2001.1,1332.2,2010.8,1177.0,1978.2,1083.4,1988.3,990.2,1983.6,816.5,2013.5,816.5,2013.5,983.3,1986.7,1076.5,1992.1,1169.5,1984.7,1332.2,2010.8,1379.8,2001.1,1289.7,2112.4,1182.7,2150.4,1082.9,2160.6,983.4,2154.8,861.6,2117.7,763.7,2007.9
725.0,12.067,764.0,2007.1,871.3,1909.5,989.4,1858.9,1084.2,1880.3,1177.6,1859.0,1294.1,1911.7,1378.9,2001.7,1332.4,2011.0,1180.1,1978.1,1084.0,1988.5,987.9,1983.1,816.9,2012.6,816.9,2012.6,980.0,1982.3,1075.8,1987.8,1171.3,1980.3,1332.4,2011.0,1378.9,2001.7,1290.3,2108.0,1184.6,2143.7,1082.4,2153.2,980.9,2146.8,860.9,2111.7,764.0,2007.1
726.0,12.083,764.9,2003.4,872.5,1908.1,992.3,1858.1,1084.4,1879.9,1175.4,1857.6,1292.6,1910.3,1379.0,1997.3,1332.1,2007.6,1179.0,1978.9,1085.5,1989.1,992.2,1983.9,817.8,2010.5,817.8,2010.5,985.8,1983.9,1079.2,1988.7,1172.1,1980.7,1332.1,2007.6,1379.0,1997.3,1290.9,2111.0,1186.2,2151.2,1086.3,2162.6,986.7,2156.8,864.1,2119.2,764.9,2003.4
727.0,12.1,765.2,2004.9,872.2,1908.9,990.9,1858.9,1084.5,1880.9,1177.3,1860.1,1294.7,1912.4,1380.3,2001.2,1333.4,2010.3,1180.3,1977.0,1085.1,1986.5,990.1,1980.8,817.8,2011.0,817.8,2011.0,983.7,1988.1,1078.6,1994.1,1173.6,1986.5,1333.4,2010.3,1380.3,2001.2,1292.6,2109.1,1187.1,2147.3,1085.3,2157.4,984.7,2151.0,863.7,2114.2,765.2,2004.9
728.0,12.117,765.1,2006.0,873.3,1909.8,994.0,1857.0,1084.6,1879.2,1173.9,1857.2,1292.9,1910.4,1381.5,1999.2,1333.2,2008.6,1177.5,1977.9,1085.7,1987.6,993.6,1982.9,818.1,2012.1,818.1,2012.1,987.8,1988.3,1079.9,1993.8,1171.6,1986.3,1333.2,2008.6,1381.5,1999.2,1292.1,2111.7,1185.3,2151.7,1086.7,2162.6,988.4,2157.0,865.7,2119.3,765.1,2006.0
729.0,12.133,764.7,2006.6,871.9,1909.5,992.8,1854.8,1083.0,1878.0,1172.6,1855.4,1292.3,1911.2,1382.1,2001.2,1332.7,2010.0,1176.3,1978.9,1084.0,1988.0,992.3,1983.1,817.9,2012.2,817.9,2012.2,986.6,1988.0,1078.6,1993.9,1170.7,1986.8,1332.7,2010.0,1382.1,2001.2,1291.6,2114.0,1183.8,2153.8,1084.7,2164.7,986.4,2158.9,863.9,2120.4,764.7,2006.6
730.0,12.15,764.7,2008.3,871.9,1910.6,993.0,1855.3,1082.7,1878.4,1171.5,1855.8,1291.6,1911.9,1382.4,2003.0,1332.7,2011.2,1175.0,1979.7,1083.4,1989.0,992.2,1984.2,818.1,2013.2,818.1,2013.2,986.6,1988.4,1078.0,1994.7,1169.2,1987.9,1332.7,2011.2,1382.4,2003.0,1290.9,2115.5,1182.2,2154.1,1084.0,2164.4,986.1,2158.7,863.8,2120.6,764.7,2008.3
731.0,12.167,766.0,2009.4,872.1,1910.6,993.1,1855.6,1082.8,1879.3,1171.9,1856.3,1292.6,1912.6,1383.2,2004.6,1333.5,2012.3,1175.9,1980.4,1084.1,1989.7,992.9,1984.7,819.6,2014.3,819.6,2014.3,987.9,1993.5,1079.4,2000.0,1171.0,1992.8,1333.5,2012.3,1383.2,2004.6,1293.1,2119.3,1184.4,2159.5,1085.8,2170.4,987.8,2164.6,864.7,2125.1,766.0,2009.4
732.0,12.183,770.8,2012.6,875.1,1911.9,995.9,1855.8,1083.9,1879.3,1170.3,1856.0,1291.0,1912.7,1381.6,2006.5,1331.7,2013.6,1174.9,1983.0,1085.7,1992.2,996.2,1987.6,825.6,2016.7,825.6,2016.7,992.3,1993.2,1082.1,1999.3,1170.9,1992.4,1331.7,2013.6,1381.6,2006.5,1293.3,2122.6,1185.6,2162.9,1089.6,2173.5,993.1,2168.4,869.6,2129.7,770.8,2012.6
733.0,12.2,776.0,2012.5,876.7,1912.2,997.5,1858.6,1084.6,1882.6,1170.5,1859.3,1291.2,1915.0,1380.1,2008.3,1331.3,2014.1,1175.3,1980.9,1086.6,1989.7,998.6,1984.6,830.1,2015.4,830.1,2015.4,996.7,2013.1,1085.7,2020.0,1174.3,2012.5,1331.3,2014.1,1380.1,2008.3,1296.0,2132.2,1188.8,2177.5,1093.2,2188.8,997.3,2183.2,872.7,2139.0,776.0,2012.5
734.0,12.217,781.0,2013.7,878.2,1915.3,996.2,1865.7,1085.2,1889.3,1175.4,1867.0,1293.2,1920.3,1377.3,2010.8,1330.8,2016.7,1179.8,1977.0,1086.7,1986.1,997.2,1980.0,832.6,2016.4,832.6,2016.4,994.6,2034.5,1085.5,2043.0,1178.7,2033.6,1330.8,2016.7,1377.3,2010.8,1297.0,2135.5,1191.3,2183.3,1091.8,2195.1,994.4,2188.1,872.7,2139.9,781.0,2013.7
735.0,12.233,786.0,2018.3,878.6,1914.5,995.4,1863.0,1085.1,1887.3,1175.6,1864.2,1293.5,1920.0,1374.4,2015.0,1327.6,2019.5,1180.3,1978.4,1087.0,1987.1,996.7,1981.2,838.5,2019.3,838.5,2019.3,995.5,2038.3,1087.5,2047.0,1181.3,2037.6,1327.6,2019.5,1374.4,2015.0,1299.4,2142.7,1194.8,2193.3,1094.5,2205.7,995.7,2198.5,874.6,2148.1,786.0,2018.3
736.0,12.25,787.6,2019.0,879.5,1914.4,996.4,1862.9,1085.8,1887.1,1176.1,1864.0,1293.2,1919.4,1373.1,2015.0,1326.6,2019.7,1180.9,1977.3,1087.6,1986.0,997.8,1980.2,839.7,2020.0,839.7,2020.0,996.1,2043.5,1087.7,2052.2,1181.4,2042.2,1326.6,2019.7,1373.1,2015.0,1298.5,2144.7,1194.2,2196.2,1094.1,2208.9,995.8,2201.5,874.8,2150.2,787.6,2019.0
737.0,12.267,788.1,2021.6,878.2,1914.0,994.8,1861.1,1083.5,1885.5,1172.9,1862.8,1289.9,1920.6,1369.0,2019.8,1322.5,2024.2,1177.4,1975.8,1085.1,1983.9,995.9,1978.0,840.0,2022.5,840.0,2022.5,993.6,2049.5,1084.7,2058.6,1177.5,2049.3,1322.5,2024.2,1369.0,2019.8,1294.8,2151.6,1190.1,2202.3,1090.9,2214.1,993.1,2206.2,872.9,2153.7,788.1,2021.6
738.0,12.283,789.8,2023.7,878.0,1912.4,994.9,1855.9,1082.7,1881.0,1170.8,1858.1,1287.9,1919.3,1365.7,2022.3,1318.8,2026.2,1175.2,1977.4,1084.3,1984.4,995.8,1978.6,842.9,2024.2,842.9,2024.2,993.7,2045.3,1084.0,2054.4,1175.6,2045.8,1318.8,2026.2,1365.7,2022.3,1292.8,2155.2,1188.8,2205.7,1090.7,2216.9,993.4,2209.2,873.1,2156.6,789.8,2023.7
739.0,12.3,791.5,2026.5,878.2,1912.2,996.4,1854.5,1081.2,1879.3,1165.3,1856.6,1284.0,1918.5,1364.4,2024.1,1317.0,2027.5,1170.6,1975.8,1083.6,1982.2,998.4,1977.2,844.8,2026.2,844.8,2026.2,997.4,2054.0,1084.8,2062.6,1172.6,2054.4,1317.0,2027.5,1364.4,2024.1,1291.3,2162.3,1186.3,2214.1,1092.0,2224.9,997.4,2217.9,875.1,2164.2,791.5,2026.5
740.0,12.317,794.7,2027.1,878.9,1911.2,999.0,1853.2,1081.5,1878.3,1163.3,1855.5,1282.9,1917.5,1362.5,2024.6,1315.4,2028.1,1169.1,1974.4,1084.6,1980.3,1001.7,1975.3,848.0,2026.8,848.0,2026.8,1001.7,2067.9,1087.2,2076.3,1173.0,2067.6,1315.4,2028.1,1362.5,2024.6,1291.8,2172.2,1186.9,2228.5,1094.5,2240.0,1001.6,2233.1,876.8,2175.4,794.7,2027.1
741.0,12.333,797.2,2027.2,877.6,1909.0,998.6,1851.1,1081.0,1876.6,1162.9,1853.1,1282.9,1915.1,1360.0,2023.8,1313.2,2027.4,1169.5,1972.5,1084.8,1978.4,1002.4,1973.5,850.4,2026.5,850.4,2026.5,1003.3,2080.7,1089.0,2089.0,1175.5,2079.0,1313.2,2027.4,1360.0,2023.8,1293.4,2179.9,1189.2,2241.9,1096.2,2254.9,1002.6,2248.0,876.1,2185.7,797.2,2027.2
742.0,12.35,801.0,2030.6,878.3,1907.9,998.6,1846.3,1081.3,1872.9,1163.1,1848.4,1282.0,1913.7,1355.5,2027.1,1308.0,2030.1,1169.6,1976.0,1085.2,1981.4,1002.1,1976.7,855.5,2029.0,855.5,2029.0,1003.2,2073.3,1089.2,2081.4,1175.4,2071.5,1308.0,2030.1,1355.5,2027.1,1292.2,2183.3,1189.8,2246.4,1096.7,2259.9,1002.3,2252.8,876.9,2190.4,801.0,2030.6
743.0,12.367,801.3,2032.5,877.9,1909.5,997.3,1847.7,1081.5,1873.8,1164.9,1849.7,1284.1,1915.3,1357.3,2029.2,1309.7,2032.1,1171.0,1974.9,1084.9,1980.5,1000.6,1975.7,855.6,2030.8,855.6,2030.8,1000.9,2080.6,1088.4,2089.4,1176.3,2079.4,1309.7,2032.1,1357.3,2029.2,1293.8,2186.9,1190.8,2249.8,1096.0,2263.1,1000.6,2255.7,876.3,2192.5,801.3,2032.5
744.0,12.383,807.5,2029.9,880.4,1909.8,999.9,1852.7,1081.9,1878.2,1164.1,1854.5,1281.7,1916.6,1351.7,2027.0,1306.2,2030.1,1170.2,1967.1,1085.5,1973.0,1003.9,1967.8,859.2,2027.6,859.2,2027.6,1005.8,2109.3,1091.6,2118.6,1178.8,2107.1,1306.2,2030.1,1351.7,2027.0,1293.5,2195.5,1192.1,2264.3,1098.5,2278.8,1004.9,2271.1,879.4,2202.1,807.5,2029.9
745.0,12.4,805.3,2031.9,878.2,1910.1,998.8,1850.7,1081.9,1876.8,1165.0,1851.8,1283.0,1915.7,1352.4,2027.8,1306.1,2030.9,1171.5,1971.1,1085.8,1977.3,1003.0,1972.2,858.3,2029.5,858.3,2029.5,1005.1,2102.7,1091.9,2111.4,1180.0,2099.4,1306.1,2030.9,1352.4,2027.8,1294.8,2196.4,1193.9,2266.4,1099.2,2281.8,1004.1,2274.5,877.3,2206.1,805.3,2031.9
746.0,12.417,805.7,2031.6,876.8,1909.1,998.1,1850.6,1080.1,1876.6,1162.2,1853.0,1280.4,1917.1,1349.4,2030.7,1303.4,2033.9,1168.1,1966.6,1083.6,1971.7,1002.2,1966.3,857.5,2029.3,857.5,2029.3,1003.6,2119.5,1089.6,2129.0,1177.0,2117.4,1303.4,2033.9,1349.4,2030.7,1291.7,2206.3,1189.6,2277.9,1095.8,2292.3,1001.6,2284.3,874.8,2211.9,805.7,2031.6
747.0,12.433,806.6,2031.0,876.0,1907.6,997.4,1849.3,1079.7,1875.5,1162.3,1850.5,1279.5,1914.6,1345.7,2028.6,1299.7,2031.8,1168.8,1966.4,1083.8,1972.4,1002.0,1967.1,858.7,2028.1,858.7,2028.1,1004.4,2119.8,1090.9,2128.7,1179.0,2115.9,1299.7,2031.8,1345.7,2028.6,1291.9,2207.1,1191.7,2281.7,1097.2,2297.7,1002.2,2290.1,874.4,2216.8,806.6,2031.0
748.0,12.45,810.1,2031.5,875.9,1906.3,996.6,1847.2,1079.0,1873.8,1162.0,1849.1,1279.1,1914.5,1343.3,2031.0,1297.4,2033.4,1168.2,1965.3,1082.9,1970.5,1001.1,1964.9,862.3,2028.0,862.3,2028.0,1003.7,2125.5,1090.5,2135.0,1179.1,2122.2,1297.4,2033.4,1343.3,2031.0,1291.6,2211.6,1191.7,2287.3,1096.6,2303.0,1001.3,2294.8,874.4,2219.4,810.1,2031.5
749.0,12.467,810.8,2029.1,876.5,1905.7,998.3,1849.8,1079.2,1875.7,1160.5,1851.6,1278.8,1913.6,1343.4,2028.2,1298.7,2031.0,1166.7,1960.7,1083.3,1966.0,1003.2,1960.6,862.2,2025.6,862.2,2025.6,1007.0,2140.8,1092.8,2150.2,1180.1,2137.1,1298.7,2031.0,1343.4,2028.2,1293.6,2215.4,1192.8,2294.2,1099.1,2310.1,1005.0,2302.1,875.7,2223.9,810.8,2029.1
750.0,12.483,810.7,2029.5,875.9,1903.7,997.3,1844.8,1079.1,1871.4,1161.0,1847.1,1278.4,1912.5,1342.4,2030.0,1296.8,2032.7,1166.9,1961.7,1082.8,1966.3,1001.6,1960.7,862.8,2026.1,862.8,2026.1,1003.8,2130.8,1090.3,2140.7,1178.1,2128.6,1296.8,2032.7,1342.4,2030.0,1291.3,2216.0,1191.0,2293.0,1096.7,2308.0,1001.9,2299.7,874.2,2222.4,810.7,2029.5
751.0,12.5,813.7,2028.4,877.0,1902.4,998.5,1844.0,1079.0,1870.3,1159.8,1845.0,1275.5,1909.3,1337.1,2025.9,1291.8,2029.0,1166.3,1959.4,1083.4,1964.8,1003.8,1959.7,865.7,2024.2,865.7,2024.2,1007.3,2135.0,1092.5,2143.9,1179.4,2130.0,1291.8,2029.0,1337.1,2025.9,1289.8,2215.6,1192.2,2296.2,1099.1,2313.0,1005.0,2305.5,876.1,2227.4,813.7,2028.4
752.0,12.517,813.1,2028.0,876.0,1901.1,997.5,1840.8,1077.4,1867.3,1157.4,1842.1,1272.9,1907.5,1333.9,2025.8,1288.1,2029.2,1163.9,1959.6,1082.0,1964.6,1002.7,1959.6,865.9,2024.2,865.9,2024.2,1005.7,2132.5,1090.6,2141.1,1176.7,2127.2,1288.1,2029.2,1333.9,2025.8,1286.9,2217.0,1189.8,2298.1,1097.3,2314.9,1003.5,2307.5,874.8,2229.3,813.1,2028.0
753.0,12.533,813.9,2025.5,876.0,1899.7,999.0,1841.8,1077.3,1868.0,1156.0,1843.9,1272.1,1908.0,1333.3,2025.7,1288.4,2029.2,1161.8,1954.0,1081.3,1958.2,1003.9,1952.7,865.5,2022.0,865.5,2022.0,1006.9,2148.4,1090.6,2157.5,1175.8,2144.0,1288.4,2029.2,1333.3,2025.7,1286.2,2223.1,1187.9,2305.9,1096.4,2321.8,1004.1,2314.4,874.0,2233.0,813.9,2025.5
754.0,12.55,815.6,2023.7,877.5,1898.5,1000.0,1840.0,1075.8,1865.9,1151.7,1841.5,1265.8,1906.2,1326.8,2023.4,1281.7,2027.4,1157.6,1953.0,1079.9,1957.6,1005.0,1952.4,867.3,2020.4,867.3,2020.4,1008.1,2146.4,1089.3,2155.0,1171.7,2141.1,1281.7,2027.4,1326.8,2023.4,1279.8,2224.2,1183.3,2307.0,1094.7,2323.1,1004.8,2316.1,875.0,2234.7,815.6,2023.7
755.0,12.567,815.6,2023.5,877.6,1901.0,1000.7,1845.0,1076.8,1870.6,1154.1,1846.4,1267.8,1908.4,1328.1,2022.2,1284.1,2026.7,1159.8,1951.8,1080.7,1957.0,1005.7,1951.5,865.9,2020.4,865.9,2020.4,1009.1,2158.4,1090.8,2167.3,1174.7,2152.1,1284.1,2026.7,1328.1,2022.2,1281.8,2224.9,1185.3,2310.0,1095.5,2326.9,1005.3,2319.8,874.7,2236.6,815.6,2023.5
756.0,12.583,813.4,2024.8,877.1,1900.5,1001.9,1843.5,1076.9,1868.9,1151.9,1845.2,1268.0,1908.5,1331.2,2024.4,1286.9,2029.2,1157.8,1953.1,1081.0,1957.6,1006.9,1952.5,864.4,2022.1,864.4,2022.1,1010.3,2158.8,1091.0,2167.6,1172.4,2154.1,1286.9,2029.2,1331.2,2024.4,1282.9,2231.0,1184.2,2315.2,1096.6,2330.9,1007.2,2323.8,874.7,2240.0,813.4,2024.8
757.0,12.6,820.2,2021.0,880.3,1899.1,1001.4,1844.0,1075.9,1869.7,1151.2,1844.4,1261.3,1906.8,1317.4,2020.1,1273.8,2024.3,1156.7,1952.3,1079.7,1958.1,1006.1,1952.7,871.0,2017.0,871.0,2017.0,1010.1,2151.9,1090.3,2160.3,1172.1,2144.5,1273.8,2024.3,1317.4,2020.1,1275.5,2224.4,1182.7,2309.6,1095.0,2327.2,1005.8,2320.2,876.7,2237.4,820.2,2021.0
758.0,12.617,817.8,2021.6,878.9,1899.9,1000.2,1845.6,1076.3,1871.2,1153.1,1846.0,1264.1,1908.2,1321.3,2020.6,1277.7,2024.8,1158.6,1952.2,1079.9,1958.4,1005.1,1952.9,868.1,2017.3,868.1,2017.3,1008.6,2156.0,1090.1,2165.0,1173.3,2149.2,1277.7,2024.8,1321.3,2020.6,1277.9,2226.0,1184.1,2312.1,1094.9,2329.8,1004.5,2322.4,875.4,2238.3,817.8,2021.6
759.0,12.633,818.9,2022.2,878.5,1900.7,998.2,1844.8,1075.0,1870.8,1153.0,1845.4,1262.1,1909.0,1318.1,2022.0,1274.1,2026.1,1158.4,1953.6,1078.4,1959.8,1002.8,1953.8,869.2,2018.1,869.2,2018.1,1005.6,2150.5,1087.6,2159.7,1171.9,2143.5,1274.1,2026.1,1318.1,2022.0,1274.4,2223.6,1182.3,2308.6,1092.0,2326.5,1001.2,2319.0,874.4,2236.0,818.9,2022.2
760.0,12.65,818.1,2023.0,878.5,1901.9,997.8,1846.0,1074.1,1871.6,1151.5,1846.0,1259.3,1909.5,1315.0,2021.2,1271.1,2025.9,1157.1,1954.5,1077.8,1961.0,1002.6,1955.5,868.3,2019.0,868.3,2019.0,1005.2,2149.5,1086.7,2158.2,1170.3,2141.7,1271.1,2025.9,1315.0,2021.2,1271.6,2222.9,1180.7,2307.7,1091.2,2326.0,1000.8,2318.9,874.2,2236.8,818.1,2023.0
761.0,12.667,817.3,2025.2,877.5,1901.7,996.8,1845.4,1072.7,1871.2,1149.6,1845.7,1258.7,1909.2,1315.1,2023.4,1271.0,2027.2,1155.4,1954.6,1076.6,1960.7,1001.8,1955.4,867.6,2020.5,867.6,2020.5,1005.5,2151.1,1086.6,2159.7,1169.9,2143.4,1271.0,2027.2,1315.1,2023.4,1272.1,2223.2,1179.8,2307.7,1090.8,2325.7,1000.7,2318.4,873.9,2236.5,817.3,2025.2
762.0,12.683,813.0,2026.1,875.5,1902.6,996.9,1846.7,1072.9,1872.3,1149.8,1847.8,1261.6,1911.1,1321.3,2024.9,1277.2,2029.2,1155.6,1953.7,1076.8,1959.4,1001.9,1954.1,862.8,2022.2,862.8,2022.2,1005.0,2158.3,1086.3,2167.3,1169.5,2152.1,1277.2,2029.2,1321.3,2024.9,1274.9,2227.0,1179.6,2311.8,1090.5,2329.0,1000.4,2321.4,871.8,2238.0,813.0,2026.1
763.0,12.7,811.7,2027.1,874.6,1901.3,996.3,1843.8,1072.5,1869.7,1149.4,1845.6,1262.1,1910.6,1322.7,2027.1,1278.3,2031.0,1154.9,1954.5,1076.1,1959.3,1000.8,1953.9,861.8,2023.2,861.8,2023.2,1003.2,2153.9,1084.6,2163.1,1167.8,2149.0,1278.3,2031.0,1322.7,2027.1,1274.5,2227.3,1177.8,2310.4,1088.7,2326.5,998.4,2318.6,870.3,2235.8,811.7,2027.1
764.0,12.717,812.0,2028.0,874.6,1900.8,997.1,1842.5,1074.3,1868.5,1152.2,1844.1,1266.3,1909.1,1327.5,2026.9,1282.5,2030.7,1158.2,1954.2,1078.4,1958.9,1002.1,1953.8,862.9,2024.1,862.9,2024.1,1005.0,2151.5,1087.4,2160.4,1171.8,2146.3,1282.5,2030.7,1327.5,2026.9,1279.8,2224.9,1182.8,2308.4,1092.3,2324.9,1001.1,2317.6,871.7,2235.9,812.0,2028.0
765.0,12.733,809.4,2027.1,875.0,1901.8,997.4,1843.4,1075.1,1869.2,1153.6,1845.7,1268.3,1911.2,1332.0,2027.5,1286.8,2031.6,1158.8,1955.5,1078.1,1960.2,1001.3,1954.8,859.7,2024.2,859.7,2024.2,1001.2,2149.2,1083.6,2159.2,1168.2,2146.0,1286.8,2031.6,1332.0,2027.5,1278.2,2224.7,1178.3,2305.8,1087.6,2321.1,996.8,2312.7,869.6,2230.6,809.4,2027.1
766.0,12.75,823.6,2013.6,881.3,1896.1,998.3,1843.6,1074.4,1869.4,1152.9,1843.7,1258.5,1904.9,1311.3,2013.7,1268.6,2017.3,1157.3,1946.8,1076.9,1953.7,1002.0,1947.5,872.5,2008.3,872.5,2008.3,1004.4,2147.5,1085.7,2157.0,1170.7,2139.8,1268.6,2017.3,1311.3,2013.7,1269.3,2213.2,1179.1,2298.3,1088.5,2316.8,998.6,2308.7,875.2,2225.1,823.6,2013.6
767.0,12.767,809.3,2023.3,876.8,1899.3,1000.4,1841.3,1077.4,1866.9,1154.2,1843.3,1269.3,1908.0,1334.2,2023.2,1289.0,2028.1,1159.7,1953.0,1080.9,1957.8,1004.7,1952.7,860.0,2021.0,860.0,2021.0,1005.4,2145.2,1087.3,2154.4,1170.1,2141.4,1289.0,2028.1,1334.2,2023.2,1280.6,2222.2,1181.3,2303.0,1092.1,2318.3,1001.7,2310.7,872.2,2229.4,809.3,2023.3
768.0,12.783,816.9,2021.5,879.5,1899.8,1000.4,1843.5,1077.2,1869.5,1155.8,1845.2,1266.2,1909.2,1325.6,2022.1,1281.5,2025.8,1160.6,1950.8,1080.0,1956.1,1004.2,1950.3,865.9,2017.5,865.9,2017.5,1005.2,2147.0,1086.8,2156.7,1171.6,2142.0,1281.5,2025.8,1325.6,2022.1,1275.9,2217.1,1180.1,2298.7,1089.5,2315.0,999.4,2306.9,873.5,2225.2,816.9,2021.5
769.0,12.8,822.4,2020.9,881.2,1898.2,996.6,1841.6,1078.0,1868.3,1161.0,1842.1,1267.2,1906.2,1318.7,2020.1,1274.6,2023.0,1165.9,1954.4,1080.9,1961.0,1000.4,1954.8,873.4,2015.5,873.4,2015.5,1001.9,2129.6,1088.0,2139.2,1177.1,2122.5,1274.6,2023.0,1318.7,2020.1,1277.3,2207.7,1187.1,2289.7,1092.0,2308.3,997.3,2300.0,875.9,2221.1,822.4,2020.9
770.0,12.817,814.5,2025.6,878.4,1899.5,997.0,1838.9,1077.8,1865.4,1158.3,1840.5,1268.9,1907.7,1327.4,2025.1,1281.6,2028.4,1163.5,1958.0,1081.0,1963.5,1000.7,1958.0,866.8,2021.2,866.8,2021.2,1000.8,2123.7,1086.0,2132.9,1172.2,2118.9,1281.6,2028.4,1327.4,2025.1,1278.4,2212.5,1183.7,2291.1,1091.1,2307.5,997.2,2299.7,873.5,2222.7,814.5,2025.6
771.0,12.833,817.4,2025.6,879.2,1898.6,997.7,1840.8,1078.4,1867.3,1160.1,1842.9,1271.1,1908.9,1327.5,2026.9,1282.9,2029.2,1164.8,1952.7,1081.3,1957.6,1001.4,1951.7,868.1,2020.7,868.1,2020.7,1002.5,2138.4,1088.1,2148.3,1175.9,2134.0,1282.9,2029.2,1327.5,2026.9,1281.5,2214.9,1186.4,2294.9,1092.4,2311.4,998.4,2302.9,874.2,2223.4,817.4,2025.6
772.0,12.85,817.6,2022.4,879.2,1895.8,997.1,1835.7,1077.8,1863.0,1159.0,1837.8,1268.5,1906.0,1324.9,2024.3,1279.3,2026.8,1163.7,1956.1,1080.4,1961.1,1000.2,1955.2,869.6,2017.5,869.6,2017.5,1000.0,2121.0,1085.2,2130.7,1172.3,2116.7,1279.3,2026.8,1324.9,2024.3,1276.7,2210.8,1182.5,2289.3,1089.0,2305.6,995.2,2297.1,872.8,2218.9,817.6,2022.4
773.0,12.867,820.6,2019.6,880.6,1895.8,997.4,1839.9,1078.1,1866.6,1160.2,1841.5,1269.1,1906.1,1323.6,2021.2,1279.5,2023.6,1164.4,1951.7,1080.4,1957.4,1000.5,1951.0,871.2,2014.2,871.2,2014.2,1001.0,2134.7,1086.5,2145.0,1174.8,2129.8,1279.5,2023.6,1323.6,2021.2,1278.4,2211.3,1184.4,2293.0,1090.0,2310.1,996.1,2301.1,874.2,2219.9,820.6,2019.6
774.0,12.883,807.5,2028.3,875.9,1898.2,996.9,1835.3,1079.2,1862.0,1161.4,1838.1,1276.2,1907.2,1339.5,2028.9,1292.8,2032.6,1166.3,1957.8,1081.9,1962.2,999.8,1956.9,860.0,2025.7,860.0,2025.7,997.9,2119.3,1084.4,2129.0,1172.4,2116.9,1292.8,2032.6,1339.5,2028.9,1283.6,2211.2,1183.7,2285.9,1089.2,2300.6,994.3,2292.0,869.6,2216.4,807.5,2028.3
775.0,12.9,805.9,2026.2,875.2,1899.3,997.7,1839.2,1078.1,1865.5,1159.1,1841.6,1273.9,1908.5,1338.3,2026.7,1292.3,2030.7,1164.1,1955.6,1080.9,1960.5,1000.9,1955.1,857.0,2023.6,857.0,2023.6,999.5,2129.9,1084.3,2139.4,1171.1,2126.5,1292.3,2030.7,1338.3,2026.7,1281.6,2212.8,1181.1,2289.0,1088.1,2304.2,994.9,2295.9,868.4,2218.4,805.9,2026.2
776.0,12.917,810.4,2023.7,876.6,1899.1,995.4,1839.0,1079.0,1866.1,1163.7,1841.7,1275.8,1909.0,1336.5,2025.7,1290.5,2029.5,1167.8,1959.1,1080.8,1964.4,997.5,1958.0,862.4,2020.7,862.4,2020.7,994.7,2119.8,1082.3,2130.4,1172.7,2117.0,1290.5,2029.5,1336.5,2025.7,1281.2,2208.5,1182.8,2285.2,1086.0,2301.0,990.1,2291.7,868.6,2214.1,810.4,2023.7
777.0,12.933,806.1,2028.3,874.6,1901.8,995.8,1840.5,1077.1,1866.9,1159.2,1842.7,1272.5,1910.5,1335.7,2028.4,1289.3,2032.5,1163.9,1958.7,1079.5,1963.9,998.6,1958.5,857.4,2025.5,857.4,2025.5,996.5,2125.7,1082.0,2135.3,1169.8,2122.0,1289.3,2032.5,1335.7,2028.4,1278.7,2212.2,1179.3,2287.6,1085.3,2303.0,991.4,2294.6,866.9,2218.2,806.1,2028.3
778.0,12.95,806.5,2029.1,875.1,1903.7,994.7,1842.5,1077.9,1869.2,1162.1,1844.8,1274.4,1912.4,1336.6,2029.5,1290.2,2034.1,1166.2,1961.8,1079.6,1967.6,996.6,1961.7,858.0,2026.5,858.0,2026.5,993.0,2123.1,1080.2,2133.4,1169.9,2120.0,1290.2,2034.1,1336.6,2029.5,1278.7,2211.5,1179.2,2287.0,1083.2,2302.6,987.8,2293.5,866.0,2216.9,806.5,2029.1
779.0,12.967,808.0,2027.5,876.1,1903.3,996.3,1844.8,1077.7,1870.9,1160.4,1847.0,1273.1,1913.6,1335.2,2029.1,1289.7,2033.6,1164.3,1958.3,1079.3,1964.0,998.3,1958.2,858.3,2024.7,858.3,2024.7,994.8,2136.0,1080.5,2146.6,1169.0,2133.2,1289.7,2033.6,1335.2,2029.1,1277.8,2216.4,1177.5,2293.3,1083.0,2308.7,989.1,2299.2,866.7,2219.5,808.0,2027.5
780.0,12.983,805.4,2031.8,873.5,1905.2,994.2,1844.5,1076.3,1871.5,1159.3,1846.4,1272.0,1913.9,1334.6,2031.4,1288.1,2035.2,1164.3,1965.2,1079.0,1970.9,997.2,1965.4,857.4,2028.4,857.4,2028.4,995.6,2123.9,1081.8,2133.3,1170.4,2119.7,1288.1,2035.2,1334.6,2031.4,1278.7,2213.2,1179.8,2289.4,1084.9,2305.5,990.0,2297.1,865.9,2220.9,805.4,2031.8
781.0,13.0,803.0,2033.0,873.3,1907.5,994.3,1847.2,1077.0,1873.6,1160.6,1849.4,1274.0,1916.3,1338.4,2033.1,1291.8,2037.7,1164.8,1965.5,1078.8,1971.0,996.4,1965.4,854.7,2030.6,854.7,2030.6,992.7,2128.2,1079.4,2138.3,1168.5,2125.1,1291.8,2037.7,1338.4,2033.1,1278.7,2215.0,1177.8,2289.8,1082.4,2305.0,987.6,2296.3,864.1,2220.2,803.0,2033.0
782.0,13.017,809.4,2027.5,876.0,1905.9,994.3,1848.1,1076.8,1875.3,1161.3,1850.6,1272.3,1916.9,1334.3,2030.3,1288.5,2034.2,1165.2,1966.0,1078.2,1971.7,996.1,1965.1,860.6,2024.2,860.6,2024.2,992.4,2130.1,1078.8,2141.1,1169.0,2127.2,1288.5,2034.2,1334.3,2030.3,1276.3,2214.6,1177.1,2292.7,1080.9,2308.4,986.1,2298.5,866.0,2218.4,809.4,2027.5
783.0,13.033,804.2,2033.0,873.9,1907.6,994.8,1846.7,1077.1,1873.7,1160.1,1849.4,1274.1,1917.1,1338.9,2034.2,1292.1,2038.8,1164.5,1969.1,1079.1,1974.3,996.9,1968.4,856.4,2030.6,856.4,2030.6,993.4,2125.8,1079.7,2136.2,1168.2,2123.6,1292.1,2038.8,1338.9,2034.2,1278.9,2217.7,1177.5,2293.6,1082.7,2308.5,987.9,2299.3,864.9,2221.6,804.2,2033.0
784.0,13.05,811.5,2029.0,877.5,1906.1,996.4,1849.1,1078.3,1875.9,1162.1,1852.1,1273.8,1918.3,1334.9,2032.6,1290.0,2036.3,1165.6,1962.7,1079.4,1968.2,998.0,1961.6,861.7,2025.5,861.7,2025.5,994.0,2140.8,1080.0,2152.5,1169.6,2138.9,1290.0,2036.3,1334.9,2032.6,1277.8,2220.1,1177.5,2298.2,1082.0,2313.3,987.8,2302.8,867.3,2220.8,811.5,2029.0
785.0,13.067,803.4,2035.6,875.4,1909.1,997.2,1847.1,1079.5,1873.4,1162.2,1849.2,1277.3,1917.3,1343.8,2035.3,1296.6,2040.6,1166.5,1968.5,1081.3,1974.0,999.1,1968.7,855.5,2033.8,855.5,2033.8,995.0,2127.1,1081.2,2137.2,1169.4,2124.8,1296.6,2040.6,1343.8,2035.3,1281.7,2218.6,1179.1,2293.2,1084.5,2308.1,989.9,2299.1,866.2,2222.8,803.4,2035.6
786.0,13.083,809.7,2027.9,877.2,1905.1,996.8,1847.2,1079.5,1875.0,1163.5,1851.0,1277.1,1918.4,1340.7,2033.6,1294.8,2037.2,1167.0,1968.5,1080.5,1973.3,998.0,1966.3,861.4,2024.8,861.4,2024.8,993.8,2128.4,1080.6,2140.1,1170.2,2127.8,1294.8,2037.2,1340.7,2033.6,1280.8,2218.7,1178.6,2295.5,1082.7,2309.9,987.6,2299.0,866.7,2217.8,809.7,2027.9
787.0,13.1,811.9,2027.6,878.3,1904.3,997.1,1846.1,1079.6,1873.8,1163.7,1848.7,1275.6,1916.4,1337.7,2031.2,1291.7,2034.5,1167.5,1967.6,1080.8,1972.9,998.6,1966.3,863.7,2023.8,863.7,2023.8,994.8,2126.8,1081.2,2138.2,1170.9,2125.0,1291.7,2034.5,1337.7,2031.2,1279.5,2216.5,1179.1,2294.9,1083.3,2310.1,988.4,2299.8,868.0,2218.7,811.9,2027.6
788.0,13.117,810.6,2029.0,878.9,1906.1,998.2,1847.0,1081.3,1874.4,1165.6,1849.9,1278.6,1917.2,1341.5,2032.2,1295.2,2036.5,1169.2,1968.2,1082.4,1973.7,999.4,1967.2,862.4,2026.1,862.4,2026.1,995.2,2126.4,1082.3,2137.7,1172.1,2124.9,1295.2,2036.5,1341.5,2032.2,1282.1,2216.8,1180.8,2294.2,1084.6,2309.4,989.1,2299.0,868.6,2218.9,810.6,2029.0
789.0,13.133,812.1,2028.2,880.3,1904.8,999.0,1846.3,1081.9,1873.5,1165.8,1849.0,1278.8,1915.5,1341.6,2030.5,1295.4,2034.4,1169.5,1967.6,1083.1,1973.1,1000.4,1966.8,864.3,2024.9,864.3,2024.9,996.3,2125.4,1083.0,2136.7,1172.5,2123.6,1295.4,2034.4,1341.6,2030.5,1282.7,2214.7,1181.5,2292.6,1085.7,2307.9,990.7,2297.7,870.3,2217.7,812.1,2028.2
790.0,13.15,814.5,2027.2,880.8,1904.8,998.8,1846.8,1081.5,1873.9,1165.8,1849.2,1277.3,1915.6,1338.4,2029.6,1292.3,2033.4,1169.5,1964.7,1082.8,1970.5,1000.5,1964.1,865.8,2023.5,865.8,2023.5,996.9,2129.5,1083.7,2140.8,1173.6,2127.1,1292.3,2033.4,1338.4,2029.6,1281.6,2214.7,1182.1,2293.1,1086.0,2308.9,990.9,2298.8,871.1,2218.4,814.5,2027.2
791.0,13.167,805.9,2032.9,878.7,1907.9,1000.2,1846.9,1082.6,1872.9,1165.6,1849.1,1280.1,1916.2,1346.2,2032.4,1299.3,2038.2,1169.6,1966.1,1084.2,1971.7,1001.9,1966.4,857.7,2031.5,857.7,2031.5,997.0,2127.5,1083.3,2137.8,1171.7,2125.1,1299.3,2038.2,1346.2,2032.4,1283.7,2216.2,1181.2,2291.2,1086.4,2306.2,991.9,2297.3,868.7,2220.6,805.9,2032.9
792.0,13.183,812.1,2026.2,879.6,1903.8,998.8,1845.7,1081.4,1873.1,1165.3,1848.6,1277.5,1915.2,1340.1,2029.5,1293.9,2033.3,1169.2,1966.0,1082.8,1971.4,1000.5,1964.8,863.8,2023.0,863.8,2023.0,996.9,2125.7,1083.4,2136.8,1173.0,2123.3,1293.9,2033.3,1340.1,2029.5,1281.7,2213.9,1181.4,2291.5,1085.7,2306.8,990.8,2296.9,869.7,2216.9,812.1,2026.2
793.0,13.2,810.8,2028.3,879.7,1905.1,999.0,1845.1,1082.2,1872.0,1166.6,1847.4,1278.8,1914.6,1341.6,2029.8,1294.9,2034.5,1170.2,1965.2,1083.4,1971.0,1000.4,1964.9,862.6,2025.6,862.6,2025.6,995.9,2124.4,1083.1,2135.2,1173.0,2121.8,1294.9,2034.5,1341.6,2029.8,1282.2,2213.2,1181.8,2290.1,1085.6,2305.8,990.2,2296.1,869.4,2217.6,810.8,2028.3
794.0,13.217,813.5,2026.1,880.7,1904.0,999.8,1846.1,1082.3,1873.0,1166.3,1848.6,1277.9,1914.9,1339.5,2028.8,1293.8,2033.0,1170.0,1962.4,1083.5,1968.2,1001.4,1961.7,864.4,2023.0,864.4,2023.0,997.4,2131.4,1083.9,2142.6,1173.7,2128.9,1293.8,2033.0,1339.5,2028.8,1281.7,2215.0,1182.1,2293.0,1086.2,2308.6,991.4,2298.7,870.6,2218.2,813.5,2026.1
795.0,13.233,807.2,2032.8,879.2,1907.4,1000.3,1846.3,1082.6,1872.4,1165.9,1848.6,1280.1,1915.8,1345.9,2032.5,1299.0,2038.3,1170.1,1965.5,1084.3,1971.0,1002.1,1965.6,858.7,2031.3,858.7,2031.3,997.1,2128.8,1083.4,2139.1,1172.2,2126.2,1299.0,2038.3,1345.9,2032.5,1283.6,2215.8,1181.2,2291.3,1086.2,2306.3,991.7,2297.2,869.1,2220.1,807.2,2032.8
796.0,13.25,814.1,2025.4,881.7,1904.7,1000.3,1847.3,1082.5,1874.3,1166.3,1849.5,1277.1,1915.4,1339.0,2027.8,1293.1,2032.1,1170.0,1964.5,1083.7,1970.4,1002.0,1963.8,865.2,2022.4,865.2,2022.4,997.9,2128.5,1084.0,2139.4,1173.5,2125.5,1293.1,2032.1,1339.0,2027.8,1280.8,2213.3,1181.8,2291.5,1086.2,2307.2,991.8,2297.5,871.3,2217.3,814.1,2025.4
797.0,13.267,810.1,2032.8,880.3,1908.4,1000.0,1848.1,1082.2,1874.4,1165.2,1850.3,1277.8,1917.2,1341.6,2033.1,1295.1,2038.2,1169.0,1966.3,1083.6,1971.8,1001.7,1966.2,861.6,2030.5,861.6,2030.5,997.2,2129.9,1083.3,2140.4,1171.9,2127.4,1295.1,2038.2,1341.6,2033.1,1281.7,2216.7,1181.0,2292.7,1086.2,2307.9,991.8,2298.7,870.4,2221.1,810.1,2032.8
798.0,13.283,812.3,2029.6,880.5,1908.2,999.3,1849.7,1082.0,1876.7,1166.7,1851.6,1277.5,1918.0,1340.0,2030.8,1293.8,2035.5,1170.7,1967.1,1083.4,1973.2,1001.1,1966.7,863.3,2026.8,863.3,2026.8,997.1,2129.4,1083.7,2140.2,1174.1,2126.0,1293.8,2035.5,1340.0,2030.8,1281.2,2214.5,1182.2,2292.0,1085.8,2308.0,990.8,2298.4,870.2,2219.4,812.3,2029.6
799.0,13.3,811.9,2030.7,880.8,1908.8,1000.6,1851.2,1083.1,1877.8,1167.5,1854.4,1280.3,1920.7,1343.3,2034.4,1297.9,2039.4,1170.6,1965.2,1084.0,1970.4,1001.7,1963.9,862.0,2028.6,862.0,2028.6,996.4,2141.1,1083.2,2152.9,1173.3,2140.0,1297.9,2039.4,1343.3,2034.4,1283.2,2221.8,1181.3,2299.2,1085.1,2313.9,990.2,2303.2,869.5,2221.6,811.9,2030.7
800.0,13.317,815.2,2029.3,882.0,1907.6,1000.5,1848.5,1083.2,1875.9,1167.7,1851.1,1279.0,1918.6,1341.5,2032.5,1295.1,2037.2,1171.4,1970.0,1084.3,1975.4,1001.9,1968.8,866.7,2026.5,866.7,2026.5,997.1,2128.5,1083.6,2139.8,1173.8,2126.4,1295.1,2037.2,1341.5,2032.5,1281.8,2217.9,1181.9,2296.1,1085.6,2311.5,990.6,2301.4,871.1,2220.9,815.2,2029.3
801.0,13.333,809.1,2037.9,881.4,1912.7,1003.0,1852.5,1084.7,1878.2,1167.8,1854.9,1282.2,1922.5,1348.3,2038.7,1302.0,2044.4,1171.4,1966.7,1085.8,1972.1,1004.4,1966.7,859.2,2036.5,859.2,2036.5,998.7,2143.3,1084.4,2154.4,1173.1,2142.0,1302.0,2044.4,1348.3,2038.7,1285.0,2224.9,1181.5,2300.1,1086.7,2314.5,992.9,2304.7,870.4,2225.5,809.1,2037.9
802.0,13.35,815.4,2032.1,882.6,1909.6,1001.1,1850.9,1084.0,1878.3,1168.8,1853.5,1279.9,1920.8,1342.4,2035.4,1296.1,2039.6,1172.4,1970.7,1085.0,1976.4,1002.4,1969.6,866.5,2029.0,866.5,2029.0,997.7,2131.9,1084.4,2143.4,1174.8,2129.9,1296.1,2039.6,1342.4,2035.4,1282.7,2219.2,1182.5,2296.5,1086.1,2311.8,991.1,2301.5,871.6,2221.4,815.4,2032.1
803.0,13.367,814.3,2036.4,882.1,1912.0,1000.4,1851.3,1083.8,1878.1,1168.7,1853.3,1279.7,1921.1,1341.2,2037.1,1294.5,2041.7,1172.5,1971.1,1085.1,1976.9,1002.0,1970.9,865.8,2033.5,865.8,2033.5,997.3,2130.6,1084.6,2141.3,1175.0,2127.5,1294.5,2041.7,1341.2,2037.1,1282.8,2218.7,1183.6,2295.0,1086.9,2310.7,991.4,2301.2,871.7,2223.7,814.3,2036.4
804.0,13.383,813.8,2033.1,882.9,1910.9,1002.7,1852.1,1084.9,1878.5,1168.7,1855.2,1280.9,1922.1,1344.0,2036.1,1298.3,2041.5,1171.9,1967.4,1085.6,1972.8,1003.7,1966.4,864.2,2031.2,864.2,2031.2,997.6,2141.1,1083.8,2152.8,1173.3,2139.6,1298.3,2041.5,1344.0,2036.1,1282.8,2223.3,1181.3,2300.1,1085.7,2314.9,991.4,2304.6,871.2,2223.7,813.8,2033.1
805.0,13.4,813.2,2033.8,882.2,1911.9,1001.3,1852.6,1084.4,1879.2,1169.3,1854.7,1280.8,1921.3,1343.4,2034.8,1297.1,2040.4,1172.9,1969.4,1085.5,1975.5,1002.7,1969.3,863.8,2031.7,863.8,2031.7,997.4,2135.8,1084.4,2146.8,1174.9,2132.8,1297.1,2040.4,1343.4,2034.8,1283.1,2219.7,1182.8,2297.3,1086.2,2313.3,991.0,2303.4,870.9,2223.8,813.2,2033.8
806.0,13.417,814.1,2032.8,882.0,1911.3,1001.2,1852.7,1084.4,1879.7,1169.7,1854.4,1280.5,1920.6,1341.6,2033.5,1295.5,2038.2,1173.9,1970.6,1086.0,1976.9,1003.2,1970.5,865.0,2030.0,865.0,2030.0,999.6,2131.5,1086.7,2142.1,1177.7,2127.3,1295.5,2038.2,1341.6,2033.5,1284.3,2216.7,1185.5,2294.7,1088.6,2311.3,992.9,2301.8,871.8,2223.0,814.1,2032.8
807.0,13.433,814.4,2034.4,882.0,1911.0,999.8,1851.8,1083.4,1878.7,1168.6,1853.7,1279.2,1920.7,1340.2,2035.4,1293.8,2039.9,1172.5,1970.7,1084.7,1976.7,1001.5,1970.4,865.7,2031.3,865.7,2031.3,997.2,2130.3,1084.7,2141.0,1175.6,2126.9,1293.8,2039.9,1340.2,2035.4,1282.5,2217.2,1183.7,2294.1,1086.7,2310.2,990.9,2300.4,871.4,2222.2,814.4,2034.4
808.0,13.45,817.1,2030.4,882.9,1908.3,1000.4,1851.7,1083.6,1878.9,1169.0,1854.6,1279.3,1920.7,1338.6,2034.4,1293.4,2038.2,1172.4,1967.3,1084.5,1972.8,1001.8,1965.8,867.6,2027.1,867.6,2027.1,997.3,2138.7,1084.6,2150.4,1175.9,2136.4,1293.4,2038.2,1338.6,2034.4,1282.5,2220.0,1183.6,2298.4,1086.3,2314.0,990.8,2303.4,871.6,2221.7,817.1,2030.4
809.0,13.467,808.9,2039.4,880.8,1913.7,1001.2,1852.1,1084.5,1878.8,1169.1,1854.5,1282.9,1922.6,1347.6,2039.8,1300.4,2045.1,1173.1,1973.0,1086.0,1978.6,1002.7,1972.9,860.5,2037.8,860.5,2037.8,997.8,2129.4,1085.1,2139.9,1175.2,2126.9,1300.4,2045.1,1347.6,2039.8,1285.8,2219.5,1183.9,2293.7,1087.6,2309.0,992.0,2299.4,870.4,2223.2,808.9,2039.4
810.0,13.483,813.4,2031.6,880.7,1910.1,999.3,1852.0,1082.4,1879.4,1167.9,1854.5,1278.6,1921.6,1340.0,2035.2,1294.0,2039.6,1171.5,1970.2,1083.6,1975.8,1000.8,1968.9,864.2,2029.1,864.2,2029.1,996.1,2133.9,1083.2,2145.1,1174.4,2131.1,1294.0,2039.6,1340.0,2035.2,1281.3,2219.1,1182.0,2296.7,1084.8,2312.4,989.4,2302.2,869.3,2221.9,813.4,2031.6
811.0,13.5,812.4,2035.3,881.4,1912.0,999.3,1852.2,1083.3,1879.3,1169.5,1854.2,1280.6,1922.0,1342.9,2036.7,1296.1,2041.7,1173.1,1972.2,1084.3,1978.1,1000.6,1971.8,863.6,2033.0,863.6,2033.0,995.0,2130.2,1082.9,2141.3,1174.7,2127.5,1296.1,2041.7,1342.9,2036.7,1282.6,2218.3,1182.6,2295.2,1084.7,2311.1,988.6,2300.9,869.8,2222.1,812.4,2035.3
812.0,13.517,812.0,2031.7,881.0,1912.0,999.3,1854.4,1081.5,1881.2,1166.0,1856.6,1276.3,1922.6,1339.2,2033.9,1293.0,2039.3,1169.4,1970.2,1082.3,1976.0,1000.6,1969.5,862.2,2029.6,862.2,2029.6,994.6,2136.9,1080.6,2148.1,1170.7,2134.0,1293.0,2039.3,1339.2,2033.9,1277.8,2219.2,1177.7,2297.1,1081.6,2312.8,987.5,2302.6,868.6,2222.0,812.0,2031.7
813.0,13.533,808.7,2034.6,880.1,1913.3,998.8,1854.1,1082.7,1880.4,1168.5,1856.4,1280.4,1922.6,1344.4,2035.5,1297.8,2041.9,1171.6,1970.9,1083.3,1976.9,999.6,1970.6,859.4,2033.4,859.4,2033.4,992.7,2134.3,1080.4,2145.6,1171.8,2132.0,1297.8,2041.9,1344.4,2035.5,1281.2,2218.8,1179.7,2295.5,1082.1,2311.1,986.5,2300.8,867.5,2221.8,808.7,2034.6
814.0,13.55,808.6,2036.0,878.2,1913.9,998.2,1855.2,1081.6,1882.6,1167.5,1858.4,1279.9,1925.2,1343.7,2039.4,1297.4,2044.4,1171.1,1973.5,1082.8,1978.8,999.6,1972.0,859.3,2034.1,859.3,2034.1,994.3,2137.3,1081.7,2148.6,1173.3,2135.0,1297.4,2044.4,1343.7,2039.4,1282.1,2221.6,1180.4,2298.3,1082.9,2313.5,987.3,2303.2,866.4,2223.5,808.6,2036.0
815.0,13.567,809.0,2035.8,877.8,1913.7,996.9,1855.6,1080.9,1883.1,1167.6,1857.9,1279.1,1924.5,1341.3,2038.2,1295.2,2042.7,1171.6,1973.5,1082.3,1979.7,998.6,1972.9,859.6,2033.2,859.6,2033.2,994.2,2134.9,1082.1,2145.9,1174.5,2131.3,1295.2,2042.7,1341.3,2038.2,1281.7,2218.9,1181.2,2296.0,1083.1,2312.3,986.8,2301.9,866.3,2222.7,809.0,2035.8
816.0,13.583,808.8,2035.5,877.5,1913.2,996.9,1851.9,1081.1,1880.0,1167.8,1854.2,1278.4,1923.8,1341.0,2038.4,1293.7,2043.2,1171.8,1976.1,1082.3,1982.0,998.3,1975.2,860.2,2033.1,860.2,2033.1,993.3,2122.2,1081.2,2133.1,1173.4,2119.2,1293.7,2043.2,1341.0,2038.4,1280.0,2217.2,1180.8,2292.4,1082.6,2308.4,986.1,2298.4,866.0,2221.0,808.8,2035.5
817.0,13.6,805.0,2039.5,877.5,1915.6,999.0,1854.7,1081.5,1880.7,1165.6,1857.1,1279.6,1924.4,1345.4,2040.0,1298.6,2046.2,1169.4,1970.6,1082.8,1976.1,1000.5,1970.5,855.3,2038.6,855.3,2038.6,994.6,2140.0,1081.0,2150.8,1170.8,2137.8,1298.6,2046.2,1345.4,2040.0,1281.7,2223.4,1178.9,2297.8,1083.1,2312.6,988.6,2302.8,866.3,2225.2,805.0,2039.5
818.0,13.617,806.2,2035.9,876.6,1913.5,996.2,1854.4,1081.1,1881.8,1168.5,1856.7,1280.8,1924.1,1344.1,2038.1,1297.6,2043.2,1172.4,1974.3,1082.2,1980.5,997.6,1973.9,857.1,2033.9,857.1,2033.9,992.0,2131.3,1080.5,2142.5,1173.5,2128.4,1297.6,2043.2,1344.1,2038.1,1282.2,2218.8,1180.6,2294.9,1081.7,2310.8,984.8,2300.2,864.5,2221.2,806.2,2035.9
819.0,13.633,809.6,2032.3,878.1,1912.6,996.3,1854.2,1080.7,1881.6,1167.9,1856.2,1278.6,1922.9,1339.9,2034.8,1293.8,2039.5,1171.2,1972.6,1081.3,1979.1,997.2,1972.3,860.1,2029.7,860.1,2029.7,991.5,2131.4,1079.4,2143.0,1172.4,2128.1,1293.8,2039.5,1339.9,2034.8,1279.3,2216.6,1178.9,2294.1,1080.2,2310.7,983.8,2299.9,865.4,2219.7,809.6,2032.3
820.0,13.65,806.8,2032.6,877.2,1912.0,996.4,1853.4,1080.5,1880.3,1166.7,1855.1,1278.2,1921.3,1341.3,2033.7,1294.8,2039.3,1170.5,1971.1,1081.7,1977.7,997.8,1971.4,857.3,2030.5,857.3,2030.5,992.5,2130.1,1080.4,2140.9,1172.2,2126.6,1294.8,2039.3,1341.3,2033.7,1280.2,2215.8,1179.6,2292.6,1081.8,2308.9,985.6,2298.9,865.4,2220.3,806.8,2032.6
821.0,13.667,809.9,2030.1,878.7,1910.0,996.4,1850.9,1080.8,1877.8,1167.3,1853.1,1277.6,1920.2,1338.8,2032.6,1292.4,2038.6,1170.5,1969.8,1081.5,1976.0,997.3,1969.4,860.4,2028.4,860.4,2028.4,990.3,2129.4,1078.3,2140.8,1170.5,2126.5,1292.4,2038.6,1338.8,2032.6,1277.6,2216.5,1177.8,2293.8,1079.6,2309.8,983.3,2299.2,865.5,2219.2,809.9,2030.1
822.0,13.683,809.0,2033.8,878.9,1910.5,997.9,1850.7,1082.5,1877.5,1168.7,1852.2,1280.6,1919.1,1342.9,2033.8,1296.2,2039.3,1172.6,1971.0,1083.7,1977.5,999.2,1971.4,860.4,2031.6,860.4,2031.6,993.7,2127.8,1082.0,2138.6,1173.9,2124.3,1296.2,2039.3,1342.9,2033.8,1282.6,2216.3,1182.0,2293.4,1084.1,2309.7,987.4,2299.9,867.3,2221.6,809.0,2033.8
823.0,13.7,810.4,2031.5,880.9,1910.0,999.7,1852.0,1084.0,1878.1,1170.4,1854.6,1282.5,1920.2,1345.5,2033.1,1299.8,2039.2,1173.4,1965.2,1084.5,1971.2,1000.4,1964.9,860.2,2029.8,860.2,2029.8,993.1,2140.6,1081.2,2152.4,1173.5,2138.5,1299.8,2039.2,1345.5,2033.1,1283.0,2218.6,1180.5,2295.9,1082.4,2311.2,986.5,2300.4,867.7,2219.4,810.4,2031.5
824.0,13.717,810.5,2030.1,881.2,1909.1,1001.1,1851.7,1083.9,1877.7,1169.0,1854.1,1281.1,1919.3,1344.4,2031.5,1299.1,2037.4,1172.4,1963.7,1084.8,1969.8,1002.3,1963.6,859.8,2028.4,859.8,2028.4,996.1,2140.7,1082.8,2152.1,1173.7,2138.0,1299.1,2037.4,1344.4,2031.5,1282.6,2217.6,1180.5,2294.7,1083.9,2310.2,989.2,2299.7,868.7,2218.8,810.5,2030.1
825.0,13.733,811.3,2027.6,880.5,1907.5,998.6,1850.1,1082.0,1876.7,1167.5,1851.6,1278.0,1916.7,1340.3,2028.1,1294.4,2033.6,1171.1,1965.9,1083.0,1972.6,1000.0,1966.2,861.6,2025.1,861.6,2025.1,994.6,2130.1,1081.6,2141.0,1172.8,2126.3,1294.4,2033.6,1340.3,2028.1,1279.9,2212.0,1179.8,2289.9,1082.9,2306.4,987.6,2296.3,868.4,2216.6,811.3,2027.6
826.0,13.75,811.6,2026.2,880.0,1907.4,997.9,1849.9,1081.5,1876.7,1168.0,1851.4,1277.9,1917.0,1339.9,2027.5,1293.8,2032.8,1171.6,1965.0,1082.4,1971.7,999.3,1965.1,861.5,2023.6,861.5,2023.6,993.8,2130.7,1081.0,2141.9,1173.3,2126.6,1293.8,2032.8,1339.9,2027.5,1279.4,2211.2,1179.9,2289.7,1081.9,2306.5,986.4,2296.3,867.7,2216.1,811.6,2026.2
827.0,13.767,810.1,2026.8,879.2,1907.5,997.9,1849.7,1080.5,1876.8,1165.6,1851.4,1276.4,1916.8,1339.2,2028.0,1292.8,2033.4,1169.6,1967.8,1081.9,1974.1,999.6,1967.7,860.7,2024.6,860.7,2024.6,994.7,2126.4,1081.1,2137.0,1171.9,2122.3,1292.8,2033.4,1339.2,2028.0,1278.7,2210.8,1179.1,2288.7,1082.4,2305.3,987.7,2295.4,867.6,2216.3,810.1,2026.8
828.0,13.783,810.6,2027.1,879.5,1907.6,997.7,1849.8,1080.6,1876.3,1165.8,1852.0,1276.3,1917.9,1338.2,2029.3,1292.6,2035.0,1169.0,1964.0,1081.2,1970.3,998.6,1963.8,860.2,2025.1,860.2,2025.1,992.2,2134.9,1079.0,2146.4,1170.0,2132.1,1292.6,2035.0,1338.2,2029.3,1277.2,2215.4,1176.9,2292.9,1080.1,2308.7,985.2,2298.1,866.6,2217.1,810.6,2027.1
829.0,13.8,810.0,2029.6,878.8,1908.1,998.1,1850.2,1080.1,1876.8,1163.9,1852.5,1274.9,1918.8,1337.9,2031.6,1292.1,2036.8,1167.6,1965.2,1081.3,1970.7,999.7,1964.5,859.9,2027.2,859.9,2027.2,994.6,2135.2,1080.5,2146.0,1170.2,2132.4,1292.1,2036.8,1337.9,2031.6,1277.7,2217.0,1177.6,2294.1,1082.0,2309.5,987.9,2299.7,867.3,2219.8,810.0,2029.6
830.0,13.817,807.6,2029.7,878.6,1909.2,998.0,1850.2,1081.1,1876.9,1165.9,1852.7,1278.0,1919.3,1342.6,2031.8,1296.3,2037.8,1169.3,1968.4,1081.9,1974.2,998.9,1967.8,858.3,2028.2,858.3,2028.2,992.6,2128.6,1079.5,2139.7,1169.9,2126.4,1296.3,2037.8,1342.6,2031.8,1279.2,2215.5,1177.6,2291.1,1081.1,2306.2,986.1,2296.0,866.2,2217.0,807.6,2029.7
831.0,13.833,809.8,2028.4,879.1,1908.4,998.0,1850.6,1081.2,1877.2,1166.2,1853.3,1278.0,1919.4,1341.4,2031.4,1295.6,2036.8,1169.3,1967.6,1081.7,1973.3,998.7,1966.7,860.3,2026.3,860.3,2026.3,992.4,2133.6,1079.4,2145.3,1170.1,2132.0,1295.6,2036.8,1341.4,2031.4,1279.3,2217.9,1177.6,2295.0,1080.9,2309.9,985.8,2299.3,866.6,2218.1,809.8,2028.4
832.0,13.85,809.2,2030.7,879.1,1909.1,997.6,1850.4,1081.5,1876.9,1166.9,1853.0,1279.3,1919.4,1343.0,2032.5,1296.8,2038.2,1169.9,1968.7,1081.9,1974.3,998.2,1967.9,860.1,2028.8,860.1,2028.8,991.6,2132.1,1079.3,2143.7,1170.4,2130.7,1296.8,2038.2,1343.0,2032.5,1280.5,2217.9,1178.5,2295.1,1081.2,2310.1,985.5,2299.5,866.8,2218.9,809.2,2030.7
833.0,13.867,810.1,2029.5,878.8,1908.7,996.1,1850.2,1080.9,1876.9,1167.2,1853.1,1278.7,1919.1,1339.8,2031.9,1293.9,2037.1,1170.1,1969.6,1081.5,1975.1,996.8,1968.3,861.7,2027.4,861.7,2027.4,990.7,2129.5,1079.4,2141.1,1171.3,2127.7,1293.9,2037.1,1339.8,2031.9,1280.1,2216.3,1179.8,2294.1,1081.7,2309.3,985.1,2298.9,867.0,2218.6,810.1,2029.5
834.0,13.883,808.2,2032.4,878.2,1910.1,996.3,1850.3,1081.2,1876.8,1167.1,1853.2,1278.6,1920.9,1340.9,2035.0,1294.5,2040.4,1169.9,1969.6,1081.4,1975.0,996.8,1968.5,859.2,2030.5,859.2,2030.5,990.0,2130.7,1078.6,2142.1,1170.1,2129.2,1294.5,2040.4,1340.9,2035.0,1279.3,2219.0,1178.4,2295.2,1080.6,2310.1,984.1,2299.7,865.7,2220.3,808.2,2032.4
835.0,13.9,808.0,2031.9,877.3,1910.6,995.1,1852.1,1080.3,1878.4,1167.2,1854.5,1278.3,1920.8,1339.8,2033.4,1293.7,2038.9,1170.3,1969.4,1080.8,1975.3,995.9,1968.8,858.6,2029.9,858.6,2029.9,989.5,2133.6,1078.4,2145.0,1170.9,2131.1,1293.7,2038.9,1339.8,2033.4,1279.2,2217.5,1178.8,2294.8,1080.1,2310.5,983.4,2300.2,865.0,2220.5,808.0,2031.9
836.0,13.917,808.4,2028.1,877.3,1910.2,995.3,1852.0,1080.0,1879.0,1166.7,1854.9,1277.3,1921.3,1338.9,2031.8,1292.9,2036.7,1169.5,1968.9,1080.2,1974.8,995.9,1967.6,858.7,2025.9,858.7,2025.9,990.0,2130.8,1078.4,2142.5,1170.8,2128.7,1292.9,2036.7,1338.9,2031.8,1278.1,2215.3,1178.2,2292.7,1079.7,2308.4,983.4,2297.9,865.1,2217.6,808.4,2028.1
837.0,13.933,805.2,2032.4,876.9,1911.7,996.2,1852.3,1079.9,1878.6,1165.2,1854.5,1276.5,1920.8,1339.8,2033.1,1293.3,2039.0,1168.5,1969.8,1080.7,1975.8,997.3,1969.6,855.8,2031.1,855.8,2031.1,991.1,2130.6,1078.5,2141.1,1169.4,2127.3,1293.3,2039.0,1339.8,2033.1,1277.6,2215.4,1177.2,2291.3,1080.2,2307.0,984.9,2297.6,864.8,2220.1,805.2,2032.4
838.0,13.95,808.1,2030.2,877.8,1909.9,995.0,1850.8,1080.2,1877.3,1167.2,1853.4,1277.3,1920.4,1338.4,2032.3,1292.2,2037.8,1170.0,1968.4,1080.4,1974.5,995.5,1967.9,858.7,2028.4,858.7,2028.4,988.5,2128.9,1077.4,2140.4,1169.9,2126.6,1292.2,2037.8,1338.4,2032.3,1277.4,2214.9,1177.8,2291.2,1079.1,2306.9,982.4,2296.5,865.0,2217.5,808.1,2030.2
839.0,13.967,809.7,2027.6,877.3,1909.5,995.9,1849.0,1079.8,1876.5,1165.9,1852.5,1276.3,1920.8,1337.7,2032.7,1291.2,2037.4,1168.3,1969.1,1079.7,1974.2,996.1,1966.9,860.2,2025.4,860.2,2025.4,989.8,2127.9,1077.4,2139.8,1169.3,2126.6,1291.2,2037.4,1337.7,2032.7,1276.5,2216.8,1176.7,2293.9,1078.6,2309.1,983.0,2298.7,864.7,2218.3,809.7,2027.6
840.0,13.983,807.8,2031.0,877.8,1910.8,995.6,1851.9,1080.0,1878.3,1166.3,1854.0,1276.1,1920.5,1337.3,2032.0,1291.3,2037.6,1169.4,1968.0,1080.5,1974.2,996.5,1967.7,857.9,2029.2,857.9,2029.2,990.0,2131.9,1078.1,2142.9,1170.1,2128.6,1291.3,2037.6,1337.3,2032.0,1276.7,2214.9,1177.6,2291.7,1079.6,2307.8,983.6,2297.9,865.1,2219.2,807.8,2031.0
841.0,14.0,809.0,2027.1,877.5,1909.5,996.3,1849.3,1080.3,1876.8,1166.2,1852.2,1276.6,1919.8,1338.0,2030.9,1291.5,2035.6,1168.9,1969.0,1080.5,1974.7,996.8,1967.6,859.7,2024.8,859.7,2024.8,991.1,2125.6,1078.8,2136.8,1170.5,2123.0,1291.5,2035.6,1338.0,2030.9,1277.3,2214.0,1178.0,2291.2,1080.0,2307.1,984.3,2297.1,865.2,2217.7,809.0,2027.1
842.0,14.017,807.9,2028.6,877.7,1908.6,996.7,1850.6,1080.8,1877.0,1166.6,1853.8,1277.7,1920.4,1339.8,2032.1,1294.4,2037.7,1169.3,1965.3,1081.0,1970.7,997.2,1963.9,857.8,2027.1,857.8,2027.1,989.9,2137.0,1077.8,2148.6,1169.4,2135.3,1294.4,2037.7,1339.8,2032.1,1277.9,2218.3,1176.9,2295.2,1079.3,2310.2,983.7,2299.7,864.5,2218.9,807.9,2028.6
843.0,14.033,807.2,2028.4,876.9,1907.3,995.9,1848.8,1080.0,1875.6,1165.5,1851.7,1277.4,1918.2,1339.9,2031.0,1294.0,2035.9,1168.8,1967.8,1080.8,1973.3,997.0,1966.8,858.1,2026.2,858.1,2026.2,991.3,2129.1,1079.2,2140.3,1170.4,2126.8,1294.0,2035.9,1339.9,2031.0,1279.2,2215.2,1178.3,2292.2,1081.0,2307.5,985.1,2297.5,865.0,2217.8,807.2,2028.4
844.0,14.05,811.0,2024.0,878.1,1907.6,995.8,1850.0,1079.8,1877.0,1166.6,1852.4,1275.2,1918.4,1335.3,2027.0,1289.7,2032.0,1169.8,1965.6,1080.4,1971.6,997.0,1964.4,860.8,2021.6,860.8,2021.6,991.4,2129.9,1079.1,2141.3,1171.7,2126.4,1289.7,2032.0,1335.3,2027.0,1276.5,2211.3,1178.9,2290.2,1080.4,2306.8,984.7,2296.9,866.0,2216.5,811.0,2024.0
845.0,14.067,810.3,2030.0,878.6,1908.8,995.7,1849.5,1079.7,1875.5,1165.4,1850.8,1273.7,1916.9,1332.6,2028.8,1286.8,2034.6,1169.2,1964.5,1081.0,1971.1,997.4,1965.1,860.3,2027.8,860.3,2027.8,992.1,2129.1,1079.9,2139.1,1171.4,2123.7,1286.8,2034.6,1332.6,2028.8,1275.7,2210.5,1179.4,2287.8,1081.9,2305.1,986.1,2296.2,867.1,2219.5,810.3,2030.0
846.0,14.083,810.9,2026.2,880.5,1907.2,999.0,1850.7,1082.0,1876.3,1167.0,1853.7,1277.4,1918.8,1339.4,2028.7,1294.7,2034.8,1169.8,1959.8,1082.3,1965.2,999.9,1958.7,859.5,2024.8,859.5,2024.8,992.5,2144.3,1079.2,2156.1,1170.2,2142.3,1294.7,2034.8,1339.4,2028.7,1278.0,2217.6,1177.4,2295.7,1080.5,2310.8,986.2,2300.4,867.2,2218.3,810.9,2026.2
847.0,14.1,811.5,2027.2,879.3,1907.9,997.5,1846.8,1082.0,1874.3,1168.5,1849.8,1278.8,1918.2,1341.1,2030.0,1294.3,2035.3,1171.5,1968.7,1082.4,1973.9,998.3,1967.0,862.5,2025.0,862.5,2025.0,991.7,2124.3,1079.6,2135.8,1171.9,2122.2,1294.3,2035.3,1341.1,2030.0,1279.2,2213.4,1179.8,2291.6,1081.3,2307.4,985.3,2297.4,867.0,2217.4,811.5,2027.2
848.0,14.117,813.9,2026.3,879.8,1907.6,998.1,1847.8,1082.0,1875.1,1168.0,1850.8,1278.0,1919.0,1338.9,2030.5,1293.2,2034.3,1170.4,1965.5,1081.9,1970.6,998.6,1963.3,864.3,2022.8,864.3,2022.8,992.8,2130.1,1080.4,2142.1,1172.2,2128.7,1293.2,2034.3,1338.9,2030.5,1279.4,2215.9,1180.0,2294.0,1081.9,2309.2,986.4,2299.0,867.8,2217.7,813.9,2026.3
849.0,14.133,809.4,2032.9,879.8,1908.6,998.9,1847.6,1082.3,1873.8,1166.5,1850.1,1277.9,1917.6,1340.5,2032.7,1294.1,2038.4,1170.1,1966.7,1083.4,1972.1,1000.3,1966.3,860.4,2031.1,860.4,2031.1,994.2,2129.1,1081.2,2139.4,1171.2,2126.0,1294.1,2038.4,1340.5,2032.7,1279.6,2215.5,1179.9,2291.5,1083.7,2306.9,988.6,2297.8,868.3,2220.6,809.4,2032.9
850.0,14.15,811.9,2026.7,880.1,1908.1,998.5,1847.7,1082.1,1874.6,1167.4,1850.2,1277.8,1917.5,1339.7,2028.6,1293.4,2033.9,1170.4,1967.9,1082.6,1973.4,999.4,1966.7,862.8,2024.5,862.8,2024.5,993.4,2125.2,1080.6,2136.3,1171.5,2122.4,1293.4,2033.9,1339.7,2028.6,1278.9,2213.1,1179.7,2291.1,1082.5,2306.9,987.3,2297.2,868.3,2217.8,811.9,2026.7
851.0,14.167,811.5,2029.2,880.0,1908.0,998.6,1850.2,1081.7,1876.3,1166.2,1853.0,1277.3,1918.9,1338.5,2031.2,1293.5,2036.3,1169.4,1963.3,1082.5,1968.7,999.8,1962.4,861.1,2026.8,861.1,2026.8,994.2,2139.0,1081.2,2150.2,1171.6,2136.6,1293.5,2036.3,1338.5,2031.2,1279.6,2217.6,1179.6,2295.3,1083.2,2310.6,988.3,2300.6,868.5,2220.0,811.5,2029.2
852.0,14.183,809.5,2028.1,879.4,1907.4,998.6,1848.3,1082.0,1874.9,1166.9,1850.8,1278.5,1917.1,1341.7,2029.5,1295.5,2034.8,1170.4,1967.3,1083.1,1972.9,999.9,1966.5,860.6,2026.2,860.6,2026.2,994.5,2126.8,1081.7,2137.5,1172.2,2123.9,1295.5,2034.8,1341.7,2029.5,1280.8,2212.9,1180.7,2289.8,1084.0,2305.3,988.9,2295.8,868.3,2217.4,809.5,2028.1
853.0,14.2,812.2,2025.6,879.0,1906.5,996.9,1846.9,1080.8,1874.4,1166.6,1849.6,1276.3,1917.4,1337.0,2028.7,1290.7,2033.5,1169.8,1967.8,1081.4,1973.4,997.9,1966.4,863.1,2022.9,863.1,2022.9,992.6,2123.8,1080.1,2135.0,1171.7,2120.9,1290.7,2033.5,1337.0,2028.7,1277.7,2212.6,1179.5,2291.0,1081.8,2307.2,986.0,2297.2,867.4,2217.0,812.2,2025.6
854.0,14.217,813.6,2031.3,881.0,1908.9,997.6,1850.5,1080.3,1875.7,1164.6,1851.9,1272.3,1917.6,1330.1,2030.1,1285.4,2035.9,1167.7,1959.1,1081.2,1965.3,999.1,1959.7,862.1,2028.7,862.1,2028.7,992.9,2143.5,1079.4,2154.1,1169.5,2139.0,1285.4,2035.9,1330.1,2030.1,1273.8,2216.4,1177.1,2294.7,1081.1,2311.4,986.8,2302.0,868.9,2222.6,813.6,2031.3
855.0,14.233,806.5,2030.9,879.1,1909.5,998.6,1849.3,1082.7,1875.3,1168.0,1851.5,1280.6,1917.7,1344.6,2030.6,1298.1,2037.0,1171.3,1967.7,1083.6,1973.4,999.6,1967.6,857.6,2030.1,857.6,2030.1,993.2,2125.7,1081.0,2136.3,1171.9,2122.9,1298.1,2037.0,1344.6,2030.6,1282.0,2212.0,1180.8,2287.4,1083.7,2302.9,988.0,2293.5,867.6,2216.8,806.5,2030.9
856.0,14.25,814.9,2025.7,880.7,1906.3,999.3,1845.9,1082.4,1873.5,1167.5,1848.7,1277.6,1916.8,1338.1,2029.2,1291.9,2032.9,1170.5,1966.8,1082.8,1972.0,1000.1,1964.9,865.9,2022.2,865.9,2022.2,995.6,2123.4,1082.5,2134.6,1173.5,2120.8,1291.9,2032.9,1338.1,2029.2,1279.7,2212.0,1181.2,2289.8,1084.0,2305.7,989.0,2296.0,869.7,2216.5,814.9,2025.7
857.0,14.267,815.2,2031.0,882.3,1906.4,999.2,1846.0,1082.5,1872.5,1166.6,1848.0,1275.9,1916.1,1335.2,2031.6,1289.3,2035.9,1170.0,1965.6,1083.4,1971.1,1000.5,1965.1,866.3,2027.7,866.3,2027.7,995.5,2125.3,1082.5,2135.8,1172.3,2122.1,1289.3,2035.9,1335.2,2031.6,1278.5,2213.5,1181.1,2290.1,1085.0,2305.9,989.9,2296.6,871.4,2219.2,815.2,2031.0
858.0,14.283,815.9,2029.8,883.1,1905.7,1001.0,1845.8,1082.9,1872.3,1165.7,1847.9,1274.6,1915.8,1334.0,2030.7,1288.1,2035.2,1169.3,1964.7,1084.1,1969.9,1002.6,1964.0,866.8,2026.7,866.8,2026.7,997.7,2127.3,1083.5,2137.4,1172.0,2123.7,1288.1,2035.2,1334.0,2030.7,1277.4,2214.5,1180.4,2291.5,1085.7,2307.2,991.7,2298.2,872.0,2220.4,815.9,2029.8
859.0,14.3,818.8,2029.7,883.5,1906.7,999.1,1847.8,1081.7,1873.9,1166.3,1848.3,1272.0,1914.5,1327.7,2027.3,1282.0,2031.7,1170.6,1963.4,1083.8,1969.5,1001.9,1963.8,869.2,2026.0,869.2,2026.0,998.2,2126.2,1084.7,2135.3,1175.0,2119.3,1282.0,2031.7,1327.7,2027.3,1276.0,2207.4,1183.1,2286.1,1086.9,2303.8,992.2,2295.8,873.6,2220.2,818.8,2029.7
860.0,14.317,811.3,2028.8,883.6,1906.7,1004.3,1848.7,1086.2,1874.0,1169.3,1850.5,1281.5,1915.5,1344.3,2028.3,1299.0,2033.9,1172.8,1959.8,1087.4,1965.6,1006.0,1960.1,860.9,2027.1,860.9,2027.1,1001.1,2137.2,1086.9,2147.5,1175.8,2133.7,1299.0,2033.9,1344.3,2028.3,1284.6,2213.7,1184.1,2290.2,1089.4,2306.0,995.5,2297.0,872.8,2219.0,811.3,2028.8
861.0,14.333,816.6,2026.2,883.4,1905.7,1003.2,1845.8,1086.4,1873.5,1171.4,1848.1,1282.6,1915.9,1343.3,2029.3,1297.0,2032.3,1174.6,1966.9,1087.1,1972.2,1004.4,1965.3,868.1,2022.3,868.1,2022.3,1001.2,2121.8,1088.3,2132.5,1179.1,2118.9,1297.0,2032.3,1343.3,2029.3,1286.2,2211.2,1187.4,2289.0,1090.3,2305.1,994.9,2295.8,873.5,2217.0,816.6,2026.2
862.0,14.35,816.1,2028.0,885.1,1903.1,1005.6,1838.4,1085.6,1866.6,1165.4,1840.4,1276.2,1912.3,1339.6,2029.3,1291.2,2032.9,1169.6,1973.3,1087.3,1977.6,1007.3,1972.0,870.2,2024.7,870.2,2024.7,1004.4,2097.7,1088.0,2106.7,1173.2,2094.6,1291.2,2032.9,1339.6,2029.3,1280.1,2208.1,1182.9,2282.4,1091.2,2297.6,998.6,2289.7,876.3,2215.8,816.1,2028.0
863.0,14.367,815.3,2028.9,885.3,1905.9,1004.4,1846.1,1086.3,1872.2,1169.2,1847.7,1280.1,1913.8,1341.9,2027.7,1295.7,2032.3,1172.9,1962.6,1087.8,1968.4,1006.2,1962.9,866.4,2026.1,866.4,2026.1,1002.3,2126.0,1088.1,2135.7,1176.7,2121.8,1295.7,2032.3,1341.9,2027.7,1284.1,2209.1,1185.8,2285.8,1091.1,2302.0,997.2,2293.6,875.8,2217.5,815.3,2028.9
864.0,14.383,819.5,2025.8,885.2,1901.4,1003.9,1837.2,1083.4,1865.7,1162.7,1838.9,1271.4,1910.4,1332.0,2027.2,1283.6,2030.1,1167.4,1973.3,1085.8,1977.7,1006.3,1971.8,874.1,2021.4,874.1,2021.4,1004.8,2093.1,1088.2,2101.5,1172.9,2088.7,1283.6,2030.1,1332.0,2027.2,1276.8,2204.7,1182.9,2280.2,1091.5,2296.1,999.0,2288.8,877.6,2215.7,819.5,2025.8
865.0,14.4,821.3,2027.7,886.5,1903.1,1002.9,1840.4,1082.2,1867.1,1161.5,1840.9,1267.6,1911.0,1326.0,2026.4,1278.7,2029.8,1165.8,1966.2,1084.3,1971.4,1005.5,1966.2,873.9,2023.2,873.9,2023.2,1003.3,2105.2,1086.3,2113.5,1171.0,2099.9,1278.7,2029.8,1326.0,2026.4,1272.7,2205.0,1180.6,2280.3,1089.5,2296.5,997.8,2289.4,878.4,2216.8,821.3,2027.7
866.0,14.417,814.3,2029.8,885.3,1905.5,1005.0,1845.6,1086.6,1871.0,1168.8,1847.1,1280.5,1913.0,1343.0,2027.8,1297.1,2032.8,1172.7,1960.1,1088.3,1965.7,1007.2,1960.6,865.1,2027.5,865.1,2027.5,1003.5,2128.4,1089.0,2137.8,1176.8,2124.2,1297.1,2032.8,1343.0,2027.8,1285.2,2209.8,1186.5,2285.6,1092.5,2301.6,999.0,2293.5,876.4,2218.3,814.3,2029.8
867.0,14.433,811.8,2028.8,883.9,1904.1,1004.7,1841.1,1086.3,1868.0,1167.5,1843.4,1281.2,1912.5,1346.8,2029.1,1299.1,2034.2,1171.3,1969.9,1087.7,1974.7,1005.9,1969.4,865.0,2026.8,865.0,2026.8,1001.2,2109.0,1086.6,2118.7,1173.2,2106.8,1299.1,2034.2,1346.8,2029.1,1284.1,2210.1,1183.1,2284.5,1089.9,2299.1,996.1,2290.5,874.1,2215.2,811.8,2028.8
868.0,14.45,814.8,2025.8,884.3,1903.8,1004.2,1844.9,1086.3,1871.5,1169.8,1847.5,1281.5,1913.6,1344.2,2027.0,1298.3,2031.5,1173.7,1963.4,1087.8,1968.7,1006.0,1962.7,865.9,2023.4,865.9,2023.4,1002.1,2125.2,1088.1,2135.3,1177.4,2121.5,1298.3,2031.5,1344.2,2027.0,1285.2,2208.9,1185.8,2285.7,1090.5,2301.5,996.3,2292.7,874.4,2215.1,814.8,2025.8
869.0,14.467,810.5,2024.4,881.6,1901.4,1005.7,1836.8,1086.1,1865.5,1166.0,1840.0,1281.8,1911.2,1349.9,2028.2,1301.2,2031.4,1170.2,1973.7,1087.8,1977.4,1007.2,1971.4,865.3,2021.4,865.3,2021.4,1005.2,2095.6,1089.6,2104.8,1175.0,2094.1,1301.2,2031.4,1349.9,2028.2,1287.0,2208.1,1185.2,2282.0,1092.9,2296.1,999.6,2288.0,873.8,2213.1,810.5,2024.4
870.0,14.483,815.3,2027.3,885.1,1902.2,1006.2,1842.2,1086.9,1868.9,1168.2,1845.2,1281.6,1912.5,1345.5,2028.5,1299.5,2031.8,1172.4,1963.5,1088.8,1968.0,1008.2,1962.3,867.4,2024.1,867.4,2024.1,1005.8,2120.4,1090.6,2130.2,1177.5,2117.8,1299.5,2031.8,1345.5,2028.5,1287.2,2209.4,1187.3,2284.4,1094.1,2299.1,1001.0,2290.8,877.1,2214.8,815.3,2027.3
871.0,14.5,814.8,2025.6,884.4,1901.2,1005.2,1841.4,1087.2,1868.7,1169.9,1844.6,1284.0,1912.5,1348.2,2028.5,1301.7,2031.7,1173.7,1965.4,1088.6,1969.9,1006.7,1963.8,867.4,2022.4,867.4,2022.4,1003.5,2117.6,1089.4,2128.2,1177.8,2116.2,1301.7,2031.7,1348.2,2028.5,1288.6,2210.2,1187.5,2285.9,1092.7,2300.4,998.5,2291.4,875.6,2213.6,814.8,2025.6
872.0,14.517,811.6,2025.3,884.4,1901.4,1007.2,1841.2,1087.7,1867.9,1168.7,1844.0,1283.5,1911.6,1350.1,2026.9,1303.5,2031.1,1172.7,1963.6,1089.2,1968.3,1008.9,1962.7,863.6,2023.1,863.6,2023.1,1005.4,2119.1,1089.7,2129.1,1176.3,2117.1,1303.5,2031.1,1350.1,2026.9,1287.7,2210.0,1185.6,2285.2,1092.7,2299.7,999.9,2291.2,875.1,2214.1,811.6,2025.3
873.0,14.533,810.0,2027.9,884.0,1902.6,1007.9,1842.4,1088.9,1868.7,1170.2,1844.7,1286.1,1911.9,1353.0,2027.9,1306.3,2031.8,1174.5,1963.3,1090.8,1968.2,1010.0,1963.0,862.2,2025.7,862.2,2025.7,1007.6,2120.5,1092.6,2129.9,1179.5,2117.8,1306.3,2031.8,1353.0,2027.9,1291.9,2209.6,1189.3,2284.2,1096.1,2299.1,1002.7,2291.1,875.9,2215.3,810.0,2027.9
874.0,14.55,808.8,2028.4,884.5,1901.8,1008.6,1839.8,1089.4,1865.8,1170.4,1842.9,1286.8,1911.0,1355.1,2028.0,1308.4,2032.9,1174.7,1961.3,1091.3,1965.6,1010.5,1960.7,860.8,2027.3,860.8,2027.3,1006.7,2118.2,1091.5,2127.8,1178.0,2116.6,1308.4,2032.9,1355.1,2028.0,1291.5,2208.7,1188.2,2281.2,1095.3,2295.0,1002.4,2286.8,875.9,2212.1,808.8,2028.4
875.0,14.567,811.0,2028.5,885.3,1901.2,1008.0,1839.9,1090.3,1865.9,1172.8,1843.0,1289.0,1910.5,1355.4,2028.4,1308.9,2032.6,1176.9,1960.7,1092.0,1965.4,1009.7,1960.3,863.3,2026.6,863.3,2026.6,1006.2,2119.1,1092.5,2129.2,1180.5,2117.6,1308.9,2032.6,1355.4,2028.4,1294.0,2208.1,1191.0,2280.9,1096.6,2294.9,1002.2,2286.4,877.1,2211.3,811.0,2028.5
876.0,14.583,809.8,2028.3,885.0,1900.4,1007.9,1838.1,1090.0,1863.8,1172.2,1841.0,1288.4,1909.1,1355.8,2027.4,1309.2,2032.2,1176.4,1959.4,1091.7,1963.9,1009.7,1959.1,861.9,2026.9,861.9,2026.9,1005.5,2116.1,1091.5,2125.9,1179.2,2114.6,1309.2,2032.2,1355.8,2027.4,1292.9,2206.0,1189.6,2277.8,1095.5,2291.6,1001.5,2283.2,876.5,2209.2,809.8,2028.3
877.0,14.6,811.1,2026.4,884.4,1899.0,1006.5,1837.7,1089.1,1863.8,1172.2,1840.7,1287.8,1908.6,1354.3,2026.3,1307.8,2030.1,1176.5,1958.4,1090.8,1963.0,1008.4,1957.9,863.1,2023.9,863.1,2023.9,1005.2,2115.7,1091.6,2125.6,1180.3,2113.8,1307.8,2030.1,1354.3,2026.3,1292.9,2203.8,1190.3,2276.7,1095.3,2290.9,1000.7,2282.5,876.3,2207.7,811.1,2026.4
878.0,14.617,810.7,2026.6,883.5,1898.8,1005.1,1836.2,1087.8,1862.5,1171.1,1839.7,1286.5,1908.8,1352.4,2027.6,1305.8,2031.6,1174.9,1958.0,1089.1,1962.3,1006.5,1956.8,862.8,2024.6,862.8,2024.6,1002.2,2115.2,1088.8,2125.6,1177.7,2114.2,1305.8,2031.6,1352.4,2027.6,1290.3,2205.3,1187.6,2277.5,1092.3,2291.3,997.8,2282.4,874.6,2207.2,810.7,2026.6
879.0,14.633,813.5,2022.8,885.7,1898.1,1006.7,1837.5,1087.7,1863.5,1169.2,1840.1,1283.4,1907.0,1349.4,2022.3,1303.1,2026.8,1173.1,1956.8,1089.1,1961.7,1008.5,1956.5,865.2,2020.4,865.2,2020.4,1004.4,2119.8,1089.1,2129.9,1176.3,2117.6,1303.1,2026.8,1349.4,2022.3,1287.6,2204.9,1185.7,2280.6,1092.2,2295.5,999.6,2286.8,876.6,2209.8,813.5,2022.8
880.0,14.65,817.8,2018.4,887.8,1897.3,1006.4,1837.5,1087.9,1863.1,1170.5,1840.1,1282.8,1906.4,1345.7,2019.2,1300.0,2024.9,1173.6,1954.4,1088.6,1959.9,1007.3,1954.1,869.0,2016.9,869.0,2016.9,1001.0,2123.6,1086.4,2134.6,1174.8,2121.3,1300.0,2024.9,1345.7,2019.2,1284.3,2206.2,1183.7,2283.3,1089.2,2298.6,996.1,2288.8,876.9,2209.3,817.8,2018.4
881.0,14.667,828.1,2020.2,893.4,1898.6,1010.2,1838.4,1087.6,1863.6,1166.2,1840.6,1274.7,1906.1,1334.3,2019.7,1289.1,2025.3,1169.4,1952.2,1088.6,1957.7,1011.7,1952.2,878.6,2018.1,878.6,2018.1,1006.4,2134.5,1087.7,2144.9,1172.3,2129.9,1289.1,2025.3,1334.3,2019.7,1277.0,2211.0,1180.5,2289.7,1090.1,2306.0,1001.0,2296.9,883.2,2216.8,828.1,2020.2
882.0,14.683,836.5,2009.3,897.8,1892.3,1013.8,1836.0,1088.9,1860.6,1167.1,1834.0,1271.0,1897.5,1323.3,2005.9,1279.2,2013.1,1169.6,1944.2,1089.2,1953.4,1015.2,1948.0,885.8,2006.2,885.8,2006.2,1009.2,2150.7,1088.4,2161.0,1173.0,2140.9,1279.2,2013.1,1323.3,2005.9,1271.0,2218.0,1178.7,2309.0,1089.0,2330.3,1000.8,2320.5,884.8,2230.6,836.5,2009.3
883.0,14.7,842.8,1970.6,902.3,1875.0,1020.9,1833.8,1093.6,1859.5,1172.7,1831.6,1273.7,1886.5,1322.5,1976.3,1281.5,1985.2,1173.1,1934.5,1092.3,1945.8,1020.9,1937.5,891.3,1968.4,891.3,1968.4,1012.6,2159.6,1090.0,2171.4,1176.0,2147.5,1281.5,1985.2,1322.5,1976.3,1270.5,2214.3,1179.3,2321.2,1088.5,2346.1,1001.4,2334.2,884.1,2227.4,842.8,1970.6
884.0,14.717,832.7,1957.9,901.7,1869.9,1026.4,1828.5,1095.1,1852.8,1169.9,1825.8,1276.3,1879.2,1335.0,1961.1,1293.5,1975.6,1169.9,1932.5,1093.1,1944.8,1025.2,1937.5,880.3,1960.0,880.3,1960.0,1012.5,2162.6,1085.3,2175.1,1166.6,2151.1,1293.5,1975.6,1335.0,1961.1,1267.6,2219.3,1168.8,2331.2,1083.0,2356.6,999.9,2343.1,880.0,2228.2,832.7,1957.9
885.0,14.733,816.9,1953.3,897.7,1867.2,1030.2,1823.6,1096.1,1847.1,1165.0,1819.4,1277.1,1872.2,1346.0,1952.5,1302.4,1970.2,1165.9,1938.3,1094.7,1951.1,1029.0,1945.4,867.8,1958.8,867.8,1958.8,1015.4,2144.4,1085.2,2154.5,1160.2,2131.5,1302.4,1970.2,1346.0,1952.5,1268.2,2218.1,1164.5,2328.0,1084.6,2352.9,1003.9,2341.9,875.3,2230.4,816.9,1953.3
886.0,14.75,819.1,1942.6,906.3,1868.3,1037.3,1827.4,1099.1,1849.8,1165.6,1824.1,1277.0,1871.3,1352.0,1942.3,1308.5,1959.9,1165.8,1938.3,1096.7,1951.0,1034.7,1944.6,869.5,1950.4,869.5,1950.4,1021.1,2117.8,1086.2,2128.9,1157.6,2107.4,1308.5,1959.9,1352.0,1942.3,1265.6,2189.4,1160.9,2287.3,1085.2,2309.1,1010.3,2298.5,885.3,2196.1,819.1,1942.6
887.0,14.767,827.2,1944.3,918.3,1874.1,1042.4,1829.3,1098.9,1849.4,1160.6,1826.5,1265.3,1870.4,1341.2,1937.7,1298.3,1955.6,1160.5,1931.8,1096.5,1942.8,1039.5,1937.8,875.3,1953.7,875.3,1953.7,1025.4,2087.8,1084.6,2097.3,1150.6,2077.4,1298.3,1955.6,1341.2,1937.7,1252.6,2152.1,1153.8,2232.5,1084.0,2251.5,1017.0,2243.2,899.3,2158.4,827.2,1944.3
888.0,14.783,836.8,1950.0,923.3,1874.6,1041.4,1821.1,1095.7,1840.0,1153.1,1818.4,1252.0,1867.8,1322.9,1940.0,1280.2,1958.5,1153.7,1920.2,1094.1,1930.1,1039.4,1927.0,882.6,1959.1,882.6,1959.1,1024.8,2078.5,1081.3,2086.0,1143.4,2067.2,1280.2,1958.5,1322.9,1940.0,1239.1,2141.7,1147.4,2215.6,1081.4,2234.1,1017.2,2227.5,905.2,2152.3,836.8,1950.0
889.0,14.8,855.3,1969.7,923.1,1880.1,1029.2,1820.1,1090.2,1841.1,1152.7,1817.4,1242.2,1877.5,1299.3,1961.9,1256.8,1975.6,1154.9,1916.3,1090.2,1924.8,1029.9,1921.4,898.5,1971.5,898.5,1971.5,1018.9,2080.3,1081.6,2086.7,1149.3,2067.9,1256.8,1975.6,1299.3,1961.9,1233.8,2144.5,1153.7,2215.4,1081.6,2234.9,1011.3,2228.6,908.4,2159.9,855.3,1969.7
890.0,14.817,859.0,1977.4,921.5,1879.2,1024.8,1819.5,1087.0,1839.7,1148.9,1816.6,1237.0,1877.3,1289.4,1968.2,1248.5,1979.8,1151.9,1903.4,1088.3,1911.6,1027.4,1909.4,899.5,1975.4,899.5,1975.4,1019.8,2101.5,1083.7,2106.5,1151.3,2087.2,1248.5,1979.8,1289.4,1968.2,1233.0,2149.9,1155.7,2221.3,1083.8,2241.4,1012.1,2235.8,909.3,2168.2,859.0,1977.4
891.0,14.833,874.0,1988.5,925.0,1879.8,1019.3,1816.6,1086.0,1836.6,1151.5,1812.3,1232.8,1877.1,1273.6,1977.9,1233.4,1985.6,1154.8,1893.6,1087.9,1902.3,1023.5,1900.5,913.7,1981.5,913.7,1981.5,1020.2,2103.1,1088.2,2107.1,1159.4,2085.7,1233.4,1985.6,1273.6,1977.9,1233.1,2146.0,1165.9,2214.4,1090.1,2236.7,1014.7,2232.3,917.7,2171.4,874.0,1988.5
892.0,14.85,872.9,1983.0,922.3,1874.5,1014.1,1812.3,1084.2,1832.6,1151.8,1808.3,1233.1,1873.1,1274.3,1974.7,1233.8,1981.3,1155.8,1890.0,1086.7,1899.1,1019.0,1896.8,913.0,1974.8,913.0,1974.8,1017.5,2091.1,1088.4,2095.3,1161.2,2074.0,1233.8,1981.3,1274.3,1974.7,1235.4,2137.8,1169.1,2203.5,1091.4,2225.5,1013.2,2220.7,917.4,2161.8,872.9,1983.0
893.0,14.867,884.5,1983.4,927.0,1871.9,1012.4,1808.9,1084.7,1829.2,1154.8,1804.0,1231.4,1870.4,1265.7,1975.7,1225.8,1979.8,1158.0,1881.7,1086.5,1891.6,1017.2,1888.9,924.2,1972.6,924.2,1972.6,1017.0,2088.3,1089.9,2092.7,1165.2,2070.1,1225.8,1979.8,1265.7,1975.7,1234.2,2130.6,1173.3,2193.8,1093.0,2216.8,1013.5,2212.0,923.4,2156.0,884.5,1983.4
894.0,14.883,884.3,1986.0,926.0,1869.3,1010.5,1802.5,1083.0,1822.7,1152.7,1797.6,1227.2,1866.3,1259.4,1976.5,1219.3,1980.1,1156.2,1876.3,1085.2,1885.7,1015.5,1883.6,923.5,1974.2,923.5,1974.2,1016.4,2080.4,1089.5,2083.8,1164.1,2061.1,1219.3,1980.1,1259.4,1976.5,1230.3,2123.9,1172.3,2184.1,1092.5,2207.1,1013.0,2203.1,923.3,2151.6,884.3,1986.0
895.0,14.9,883.0,1983.6,925.4,1864.2,1010.0,1795.5,1083.1,1815.7,1152.6,1791.3,1228.4,1861.3,1262.4,1974.1,1221.8,1978.0,1156.3,1871.6,1085.5,1880.1,1015.2,1878.3,922.3,1971.9,922.3,1971.9,1016.1,2074.5,1089.6,2077.9,1163.9,2056.4,1221.8,1978.0,1262.4,1974.1,1232.0,2120.5,1172.8,2180.3,1093.1,2202.6,1013.1,2198.4,923.4,2147.3,883.0,1983.6
896.0,14.917,886.6,1978.2,928.5,1861.3,1012.5,1794.1,1084.7,1813.6,1154.2,1789.1,1228.3,1857.2,1260.2,1967.4,1220.8,1971.5,1157.5,1863.6,1086.9,1873.1,1017.6,1871.3,924.3,1966.5,924.3,1966.5,1019.5,2076.8,1092.4,2080.1,1166.7,2057.1,1220.8,1971.5,1260.2,1967.4,1232.0,2114.5,1174.6,2174.5,1095.3,2197.8,1016.1,2193.8,926.8,2142.8,886.6,1978.2
897.0,14.933,884.3,1974.8,927.8,1858.2,1013.1,1791.5,1086.7,1810.7,1156.4,1786.5,1234.0,1854.1,1269.4,1963.8,1229.5,1968.3,1160.0,1861.5,1089.1,1870.9,1018.5,1869.3,922.5,1963.2,922.5,1963.2,1020.3,2077.3,1094.3,2080.9,1168.8,2059.0,1229.5,1968.3,1269.4,1963.8,1238.7,2115.6,1178.0,2177.3,1098.2,2200.0,1017.9,2195.8,926.9,2142.7,884.3,1974.8
898.0,14.95,888.1,1970.9,930.0,1855.5,1013.3,1790.2,1086.5,1809.7,1156.2,1784.7,1230.9,1851.8,1263.2,1960.4,1223.9,1964.2,1159.7,1859.9,1088.8,1870.0,1018.7,1868.1,926.5,1958.7,926.5,1958.7,1021.4,2071.3,1095.1,2074.7,1169.4,2051.7,1223.9,1964.2,1263.2,1960.4,1236.0,2110.4,1178.5,2171.7,1098.9,2195.2,1018.9,2191.2,929.1,2138.9,888.1,1970.9
899.0,14.967,880.4,1963.8,926.5,1850.0,1014.2,1784.6,1087.6,1804.0,1156.6,1779.6,1235.8,1846.4,1274.2,1953.6,1234.2,1958.7,1160.2,1856.2,1090.0,1866.0,1019.6,1864.1,919.1,1952.8,919.1,1952.8,1021.2,2069.7,1095.0,2073.2,1168.8,2051.4,1234.2,1958.7,1274.2,1953.6,1240.7,2110.6,1178.1,2173.5,1098.9,2196.1,1018.7,2191.9,925.1,2137.0,880.4,1963.8
900.0,14.983,888.4,1965.1,931.8,1849.8,1016.1,1783.3,1088.7,1802.4,1157.5,1777.4,1232.6,1844.9,1266.5,1953.1,1226.7,1957.5,1161.1,1853.8,1091.1,1863.9,1021.6,1862.4,927.2,1953.3,927.2,1953.3,1023.7,2064.1,1096.6,2067.1,1170.0,2044.3,1226.7,1957.5,1266.5,1953.1,1237.5,2105.2,1179.7,2166.5,1101.0,2189.9,1021.7,2186.5,931.0,2134.7,888.4,1965.1
901.0,15.0,886.2,1963.9,931.1,1846.5,1017.0,1778.4,1090.4,1797.5,1159.4,1773.0,1236.7,1840.7,1273.1,1950.8,1232.7,1955.7,1163.4,1851.1,1093.1,1860.8,1022.7,1859.5,925.0,1952.3,925.0,1952.3,1024.3,2060.9,1097.9,2063.9,1171.5,2041.7,1232.7,1955.7,1273.1,1950.8,1241.5,2102.7,1181.2,2164.4,1102.1,2187.3,1022.2,2183.8,930.4,2132.0,886.2,1963.9
902.0,15.017,884.4,1961.3,930.1,1841.9,1016.9,1772.7,1089.7,1791.5,1157.8,1766.0,1233.6,1834.3,1267.8,1945.9,1227.5,1950.6,1161.9,1844.8,1092.7,1855.2,1022.9,1854.5,923.5,1949.0,923.5,1949.0,1026.5,2055.6,1099.8,2057.1,1172.5,2034.1,1227.5,1950.6,1267.8,1945.9,1240.2,2097.6,1182.8,2158.5,1104.6,2182.5,1024.8,2180.4,930.5,2131.2,884.4,1961.3
903.0,15.033,890.0,1960.9,933.0,1839.9,1017.2,1770.3,1091.7,1789.3,1161.5,1764.0,1237.1,1833.1,1270.8,1946.5,1229.9,1950.6,1165.7,1843.2,1094.6,1853.3,1023.4,1852.4,929.0,1948.2,929.0,1948.2,1026.2,2053.0,1100.7,2055.4,1175.2,2032.5,1229.9,1950.6,1270.8,1946.5,1243.0,2095.1,1185.5,2156.2,1105.5,2179.9,1024.7,2177.0,933.8,2127.2,890.0,1960.9
904.0,15.05,888.7,1955.7,933.0,1834.0,1018.6,1764.1,1092.7,1782.9,1161.5,1758.1,1238.8,1826.8,1274.6,1940.9,1233.4,1945.7,1165.7,1838.2,1095.8,1847.8,1024.8,1847.1,928.1,1943.4,928.1,1943.4,1027.5,2051.5,1101.8,2054.0,1175.2,2032.0,1233.4,1945.7,1274.6,1940.9,1245.5,2094.1,1186.4,2156.7,1107.2,2179.7,1026.8,2176.9,934.3,2125.8,888.7,1955.7
905.0,15.067,894.5,1953.7,936.5,1831.8,1018.6,1761.8,1092.7,1780.6,1161.8,1755.2,1234.5,1824.2,1265.0,1938.6,1224.5,1942.5,1165.7,1834.2,1095.3,1844.6,1024.6,1843.8,933.6,1940.4,933.6,1940.4,1027.6,2044.9,1101.6,2047.1,1175.4,2023.7,1224.5,1942.5,1265.0,1938.6,1240.3,2086.4,1186.1,2147.5,1106.8,2171.7,1026.6,2169.0,937.5,2120.1,894.5,1953.7
906.0,15.083,892.1,1946.7,935.9,1825.3,1019.6,1754.8,1092.8,1773.4,1160.7,1748.4,1234.8,1817.6,1267.5,1931.4,1226.7,1935.9,1164.8,1828.2,1095.7,1838.2,1025.8,1837.5,931.3,1933.9,931.3,1933.9,1028.8,2040.8,1102.2,2042.9,1174.6,2020.2,1226.7,1935.9,1267.5,1931.4,1241.0,2083.0,1185.7,2145.3,1107.6,2169.0,1028.0,2166.3,937.2,2116.1,892.1,1946.7
907.0,15.1,900.0,1949.4,940.5,1824.6,1020.6,1752.3,1095.2,1771.5,1164.0,1747.1,1236.4,1818.2,1267.3,1936.0,1225.7,1939.5,1168.2,1829.9,1098.1,1838.9,1026.8,1837.9,939.7,1936.0,939.7,1936.0,1028.5,2032.4,1102.7,2035.0,1176.0,2013.1,1225.7,1939.5,1267.3,1936.0,1241.5,2079.9,1187.5,2139.7,1108.4,2162.4,1028.2,2159.3,941.8,2111.0,900.0,1949.4
908.0,15.117,892.6,1937.7,938.1,1817.9,1022.4,1747.3,1095.2,1765.9,1162.0,1741.6,1235.9,1810.4,1270.1,1923.2,1229.0,1928.2,1166.2,1823.1,1098.3,1832.5,1028.6,1831.7,932.2,1925.6,932.2,1925.6,1030.7,2028.4,1103.4,2030.3,1174.6,2008.2,1229.0,1928.2,1270.1,1923.2,1241.5,2073.7,1186.1,2134.9,1109.1,2157.8,1030.3,2155.5,939.0,2106.4,892.6,1937.7
909.0,15.133,894.0,1938.8,938.9,1815.6,1022.5,1743.0,1096.2,1761.6,1162.7,1738.2,1237.4,1808.9,1272.6,1925.3,1230.6,1929.9,1167.2,1821.4,1099.5,1829.8,1029.0,1829.2,934.0,1926.5,934.0,1926.5,1030.4,2023.0,1103.8,2024.8,1174.7,2004.2,1230.6,1929.9,1272.6,1925.3,1243.3,2072.5,1187.5,2132.1,1110.4,2153.9,1031.1,2151.7,940.7,2104.4,894.0,1938.8
910.0,15.15,899.0,1938.7,941.2,1813.3,1022.4,1740.4,1096.2,1759.1,1162.9,1735.3,1235.8,1806.8,1269.0,1925.5,1226.7,1929.1,1167.3,1820.3,1099.5,1828.6,1028.9,1828.0,939.3,1925.2,939.3,1925.2,1030.2,2017.1,1103.6,2019.1,1174.6,1998.5,1226.7,1929.1,1269.0,1925.5,1241.5,2068.6,1187.4,2127.5,1110.3,2149.2,1031.0,2147.0,943.3,2100.8,899.0,1938.7
911.0,15.167,899.2,1928.4,943.9,1806.8,1025.9,1736.4,1095.6,1754.5,1157.8,1729.5,1227.7,1798.6,1260.9,1912.3,1219.0,1916.7,1162.4,1813.4,1099.2,1822.9,1032.8,1823.0,939.5,1914.8,939.5,1914.8,1034.8,2008.2,1104.0,2008.9,1170.3,1987.4,1219.0,1916.7,1260.9,1912.3,1234.2,2059.2,1183.3,2118.7,1110.9,2141.4,1035.4,2140.6,945.8,2095.7,899.2,1928.4
912.0,15.183,895.2,1924.3,942.3,1805.9,1027.0,1736.4,1098.9,1755.1,1164.3,1729.4,1236.9,1797.1,1270.7,1908.4,1229.1,1913.2,1169.0,1816.5,1102.3,1827.0,1033.5,1826.4,936.7,1912.1,936.7,1912.1,1034.9,2005.7,1106.5,2007.2,1176.1,1984.7,1229.1,1913.2,1270.7,1908.4,1242.8,2058.6,1189.2,2119.3,1113.7,2142.6,1035.7,2141.1,943.5,2093.8,895.2,1924.3
913.0,15.2,905.1,1923.3,947.9,1804.4,1027.6,1735.9,1099.6,1755.2,1166.0,1729.0,1233.9,1796.9,1262.9,1909.0,1221.7,1911.5,1170.6,1815.5,1102.6,1826.3,1033.8,1825.1,946.5,1909.6,946.5,1909.6,1035.7,1994.0,1107.1,1995.7,1177.7,1972.1,1221.7,1911.5,1262.9,1909.0,1239.0,2047.4,1189.7,2103.9,1113.5,2127.4,1036.0,2125.7,949.1,2082.2,905.1,1923.3
914.0,15.217,900.7,1925.4,944.4,1802.6,1027.6,1733.2,1099.5,1752.2,1165.2,1725.6,1235.6,1794.0,1265.1,1909.4,1223.7,1911.3,1170.1,1813.5,1103.2,1824.2,1034.3,1823.7,943.3,1910.9,943.3,1910.9,1039.1,1996.4,1111.2,1997.0,1181.2,1973.7,1223.7,1911.3,1265.1,1909.4,1244.6,2051.5,1194.6,2108.5,1118.9,2132.1,1040.3,2131.5,947.9,2088.5,900.7,1925.4
915.0,15.233,906.8,1918.2,948.1,1798.5,1027.2,1731.0,1098.7,1750.6,1164.3,1724.1,1232.0,1792.1,1259.4,1905.0,1218.1,1906.4,1169.0,1813.3,1102.1,1824.1,1033.6,1822.8,948.9,1903.6,948.9,1903.6,1037.5,1986.8,1108.8,1988.5,1178.5,1965.2,1218.1,1906.4,1259.4,1905.0,1239.2,2044.5,1191.3,2101.8,1115.8,2125.4,1038.1,2123.5,950.8,2078.7,906.8,1918.2
916.0,15.25,905.9,1918.6,947.9,1797.0,1027.0,1727.3,1097.4,1746.7,1161.5,1719.5,1227.9,1788.5,1255.0,1902.7,1213.0,1904.3,1166.7,1812.2,1101.3,1822.9,1033.9,1822.3,948.6,1903.7,948.6,1903.7,1038.1,1977.2,1108.4,1977.9,1176.6,1954.8,1213.0,1904.3,1255.0,1902.7,1236.0,2039.4,1190.3,2095.6,1116.3,2119.3,1039.5,2118.7,951.5,2076.9,905.9,1918.6
917.0,15.267,906.5,1916.1,948.9,1796.2,1027.2,1726.3,1096.5,1745.7,1159.6,1718.7,1225.2,1787.1,1252.8,1899.9,1210.4,1902.3,1164.9,1813.3,1100.5,1823.9,1034.0,1823.3,949.3,1901.7,949.3,1901.7,1036.8,1972.5,1105.9,1973.1,1173.0,1949.7,1210.4,1902.3,1252.8,1899.9,1231.7,2036.1,1186.5,2092.6,1113.6,2116.6,1038.0,2115.9,951.7,2074.3,906.5,1916.1
918.0,15.283,921.8,1917.7,958.3,1797.9,1028.7,1727.2,1096.1,1747.7,1157.4,1721.7,1215.8,1792.7,1239.7,1906.7,1197.0,1906.9,1161.8,1816.0,1099.0,1825.0,1034.4,1823.5,963.5,1902.0,963.5,1902.0,1034.9,1958.6,1101.1,1960.3,1165.9,1938.1,1197.0,1906.9,1239.7,1906.7,1218.0,2028.0,1177.6,2077.5,1107.0,2099.3,1034.9,2097.4,959.1,2059.5,921.8,1917.7
919.0,15.3,925.8,1909.0,962.6,1794.9,1032.3,1727.9,1095.1,1748.6,1152.9,1722.4,1207.1,1792.3,1230.5,1900.5,1188.9,1900.4,1157.1,1814.1,1097.7,1823.1,1037.9,1821.0,966.0,1893.7,966.0,1893.7,1038.6,1951.3,1100.0,1952.9,1161.2,1930.5,1188.9,1900.4,1230.5,1900.5,1208.2,2020.0,1170.9,2067.3,1104.5,2088.9,1036.9,2087.2,962.1,2049.8,925.8,1909.0
920.0,15.317,936.3,1906.2,968.6,1793.3,1033.2,1727.2,1096.1,1749.0,1154.8,1723.4,1206.8,1794.1,1228.7,1902.2,1186.8,1900.3,1158.4,1816.1,1097.8,1824.0,1037.9,1820.9,976.4,1890.0,976.4,1890.0,1037.6,1943.2,1098.9,1946.2,1161.0,1924.7,1186.8,1900.3,1228.7,1902.2,1206.2,2014.2,1169.8,2059.7,1102.6,2080.1,1035.5,2076.9,967.4,2038.7,936.3,1906.2
921.0,15.333,916.1,1921.0,955.9,1799.0,1026.6,1723.4,1092.6,1744.4,1151.8,1717.4,1209.1,1790.5,1234.6,1906.9,1189.9,1906.8,1157.3,1822.4,1096.3,1831.0,1032.9,1830.5,958.7,1905.4,958.7,1905.4,1031.9,1933.5,1096.1,1933.5,1158.7,1912.0,1189.9,1906.8,1234.6,1906.9,1209.5,2015.2,1170.1,2059.4,1101.9,2080.9,1031.5,2080.2,956.1,2049.8,916.1,1921.0
922.0,15.35,940.0,1921.3,966.2,1800.3,1023.7,1728.9,1095.3,1752.5,1161.4,1726.7,1214.6,1802.4,1233.9,1920.2,1189.4,1913.6,1166.1,1833.3,1097.6,1839.7,1028.7,1836.2,983.4,1901.7,983.4,1901.7,1027.3,1911.6,1096.3,1915.7,1165.5,1896.4,1189.4,1913.6,1233.9,1920.2,1213.7,2003.7,1177.5,2039.9,1102.5,2058.3,1028.0,2054.1,967.7,2023.8,940.0,1921.3
923.0,15.367,922.4,1921.3,959.9,1801.6,1022.5,1727.7,1093.2,1748.2,1157.9,1722.8,1211.5,1794.8,1233.2,1910.1,1188.8,1907.8,1162.6,1822.0,1096.0,1830.6,1027.6,1829.3,963.9,1905.1,963.9,1905.1,1025.1,1913.8,1093.4,1915.1,1161.1,1894.2,1188.8,1907.8,1233.2,1910.1,1209.0,1993.8,1172.6,2027.8,1099.3,2047.8,1025.8,2045.8,959.8,2022.5,922.4,1921.3
924.0,15.383,942.6,1916.0,971.5,1795.0,1027.4,1722.6,1095.1,1745.6,1155.9,1719.5,1205.0,1795.5,1223.6,1912.3,1178.3,1906.2,1160.8,1827.4,1097.9,1833.9,1032.9,1831.5,986.0,1896.5,986.0,1896.5,1031.3,1895.5,1096.1,1897.7,1159.8,1879.0,1178.3,1906.2,1223.6,1912.3,1204.0,1991.5,1172.9,2024.3,1103.3,2042.6,1032.9,2040.1,973.5,2015.5,942.6,1916.0
925.0,15.4,945.8,1924.0,971.7,1799.0,1024.4,1728.1,1097.4,1751.5,1163.6,1726.1,1215.1,1801.7,1231.0,1922.7,1186.4,1913.7,1167.9,1836.0,1099.3,1842.0,1028.7,1839.0,990.7,1903.1,990.7,1903.1,1026.5,1892.6,1096.5,1896.9,1165.4,1879.1,1186.4,1913.7,1231.0,1922.7,1213.7,1992.3,1179.4,2022.1,1104.4,2038.6,1029.3,2034.3,973.9,2009.5,945.8,1924.0
926.0,15.417,937.5,1921.5,968.8,1797.6,1026.4,1724.2,1097.3,1746.7,1161.1,1720.6,1215.2,1794.9,1235.1,1914.5,1190.3,1908.2,1165.9,1831.0,1099.9,1837.9,1031.3,1835.9,982.4,1902.5,982.4,1902.5,1029.1,1896.6,1097.4,1899.4,1164.0,1880.9,1190.3,1908.2,1235.1,1914.5,1214.6,1992.6,1178.5,2025.5,1105.8,2043.6,1032.4,2040.4,971.4,2016.2,937.5,1921.5
927.0,15.433,936.2,1927.3,969.0,1802.5,1027.4,1726.6,1098.0,1748.5,1161.5,1721.6,1214.0,1796.8,1233.6,1917.5,1188.2,1911.6,1166.6,1830.1,1101.1,1837.9,1032.8,1836.6,980.5,1908.0,980.5,1908.0,1031.6,1895.8,1099.6,1897.0,1165.7,1877.4,1188.2,1911.6,1233.6,1917.5,1213.7,1990.7,1179.8,2020.9,1107.6,2040.1,1034.5,2038.5,972.3,2019.5,936.2,1927.3
928.0,15.45,910.6,1924.5,956.6,1807.4,1024.1,1733.5,1096.4,1752.9,1161.1,1726.3,1219.5,1795.3,1247.7,1907.2,1202.6,1906.1,1166.6,1827.6,1100.2,1837.7,1029.9,1837.5,954.0,1909.2,954.0,1909.2,1028.0,1902.4,1098.0,1901.8,1165.2,1881.4,1202.6,1906.1,1247.7,1907.2,1219.7,1988.0,1179.9,2019.2,1106.5,2039.5,1031.5,2039.8,959.0,2023.4,910.6,1924.5
929.0,15.467,935.9,1931.5,969.0,1804.1,1027.0,1728.1,1099.5,1748.9,1164.1,1721.9,1217.3,1796.0,1237.2,1917.6,1191.4,1912.4,1170.1,1829.9,1103.2,1838.5,1033.2,1838.1,980.4,1912.2,980.4,1912.2,1031.2,1900.2,1100.7,1900.8,1168.3,1880.5,1191.4,1912.4,1237.2,1917.6,1217.5,1990.7,1183.4,2022.1,1109.8,2041.9,1035.2,2041.1,972.8,2022.9,935.9,1931.5
930.0,15.483,921.8,1926.8,961.9,1805.5,1025.5,1731.8,1096.4,1752.1,1159.8,1724.7,1215.0,1796.1,1237.9,1911.7,1193.0,1908.2,1165.4,1827.8,1100.2,1837.5,1031.5,1837.2,965.4,1909.0,965.4,1909.0,1031.3,1903.7,1099.8,1903.3,1166.0,1882.4,1193.0,1908.2,1237.9,1911.7,1216.3,1991.1,1180.2,2022.7,1108.1,2043.3,1034.2,2043.2,965.1,2025.5,921.8,1926.8
931.0,15.5,947.1,1927.5,973.9,1805.2,1028.5,1733.0,1099.4,1755.7,1164.1,1728.8,1215.6,1804.2,1234.1,1922.3,1189.7,1914.6,1168.9,1832.8,1101.8,1840.1,1033.8,1837.7,990.8,1906.7,990.8,1906.7,1033.9,1905.3,1102.0,1908.0,1169.7,1888.7,1189.7,1914.6,1234.1,1922.3,1216.9,1996.1,1183.7,2027.6,1110.1,2046.3,1036.9,2043.9,978.1,2021.2,947.1,1927.5
932.0,15.517,956.9,1929.2,977.2,1805.1,1023.9,1736.1,1097.5,1760.8,1165.1,1734.8,1215.0,1811.3,1230.0,1931.6,1185.0,1920.2,1170.0,1846.3,1099.6,1852.0,1028.5,1848.1,1002.3,1906.5,1002.3,1906.5,1026.7,1890.9,1097.1,1896.4,1167.4,1878.9,1185.0,1920.2,1230.0,1931.6,1214.4,1992.8,1181.7,2021.2,1105.5,2037.4,1030.2,2031.9,980.9,2006.7,956.9,1929.2
933.0,15.533,944.5,1927.8,970.2,1805.2,1021.9,1732.8,1093.4,1757.1,1157.9,1730.3,1210.5,1806.7,1229.0,1926.4,1183.4,1916.2,1163.2,1846.2,1096.1,1852.4,1027.0,1849.3,990.4,1906.0,990.4,1906.0,1026.3,1881.2,1094.8,1885.4,1161.8,1868.6,1183.4,1916.2,1229.0,1926.4,1211.3,1990.1,1177.5,2018.0,1104.3,2034.5,1030.5,2030.6,975.3,2008.7,944.5,1927.8
934.0,15.55,954.0,1925.9,977.8,1807.6,1026.5,1736.9,1093.1,1760.2,1153.9,1734.6,1201.7,1810.2,1220.0,1925.8,1175.9,1916.2,1158.0,1839.3,1094.7,1845.2,1030.7,1842.0,997.1,1904.4,997.1,1904.4,1029.3,1893.4,1092.6,1897.5,1156.0,1880.0,1175.9,1916.2,1220.0,1925.8,1200.0,1989.1,1168.5,2014.9,1099.6,2031.1,1031.4,2027.1,981.0,2005.5,954.0,1925.9
935.0,15.567,952.7,1930.1,976.5,1807.6,1024.1,1734.7,1092.2,1758.0,1154.4,1732.4,1201.0,1809.1,1218.1,1928.1,1173.1,1918.8,1159.0,1839.5,1094.1,1845.4,1028.5,1842.8,995.9,1908.7,995.9,1908.7,1025.5,1889.7,1090.0,1893.4,1154.9,1875.4,1173.1,1918.8,1218.1,1928.1,1197.6,1986.0,1167.2,2010.2,1096.8,2026.7,1027.6,2022.8,978.8,2003.6,952.7,1930.1
936.0,15.583,945.6,1933.0,971.9,1812.1,1022.0,1739.6,1089.9,1761.9,1151.9,1735.9,1199.2,1811.1,1217.7,1927.9,1173.0,1920.1,1156.8,1839.5,1092.1,1846.3,1027.0,1844.3,987.6,1912.4,987.6,1912.4,1024.4,1899.9,1088.8,1902.9,1153.4,1884.0,1173.0,1920.1,1217.7,1927.9,1196.4,1990.2,1165.4,2015.7,1095.3,2032.9,1026.2,2029.7,974.3,2010.1,945.6,1933.0
937.0,15.6,937.2,1934.2,966.1,1815.7,1018.4,1742.7,1086.4,1765.8,1147.8,1739.8,1197.1,1815.3,1218.0,1931.2,1172.6,1923.3,1152.4,1846.4,1088.5,1852.9,1023.0,1850.4,980.2,1914.0,980.2,1914.0,1020.5,1894.4,1085.1,1897.2,1149.0,1879.6,1172.6,1923.3,1218.0,1931.2,1194.3,1993.0,1161.4,2016.7,1091.8,2033.1,1022.4,2029.9,968.2,2011.8,937.2,1934.2
938.0,15.617,936.4,1937.0,965.8,1818.1,1018.4,1745.7,1087.3,1768.7,1150.5,1742.5,1200.1,1817.8,1221.5,1933.5,1176.5,1925.7,1155.5,1846.9,1089.6,1853.5,1023.3,1851.0,978.6,1917.1,978.6,1917.1,1020.5,1899.8,1085.9,1902.8,1151.7,1884.4,1176.5,1925.7,1221.5,1933.5,1196.8,1993.3,1163.0,2016.7,1091.7,2033.5,1021.7,2030.0,967.2,2011.9,936.4,1937.0
939.0,15.633,928.8,1935.5,962.4,1820.1,1018.1,1747.4,1085.9,1770.2,1147.9,1744.0,1199.0,1817.9,1223.6,1930.5,1178.1,1924.1,1152.9,1849.8,1088.4,1856.8,1022.8,1854.4,971.4,1916.7,971.4,1916.7,1019.9,1895.4,1084.4,1897.8,1148.8,1879.7,1178.1,1924.1,1223.6,1930.5,1195.6,1992.1,1160.4,2015.4,1090.4,2032.3,1021.1,2029.5,963.7,2012.6,928.8,1935.5
940.0,15.65,933.3,1940.2,964.8,1820.2,1017.6,1747.1,1085.3,1769.8,1145.9,1744.7,1196.1,1818.8,1217.9,1935.1,1171.7,1928.1,1152.0,1853.9,1088.8,1860.1,1023.2,1858.4,976.5,1920.9,976.5,1920.9,1019.3,1893.7,1083.4,1896.0,1146.5,1878.1,1171.7,1928.1,1217.9,1935.1,1192.2,1991.9,1158.7,2014.9,1090.0,2031.2,1020.9,2028.3,966.5,2012.1,933.3,1940.2
941.0,15.667,926.6,1941.3,962.2,1824.7,1019.6,1750.7,1086.7,1773.0,1147.7,1747.6,1200.6,1822.0,1228.2,1935.5,1182.5,1929.1,1153.3,1851.3,1089.7,1857.7,1024.9,1855.9,968.8,1923.0,968.8,1923.0,1022.4,1897.5,1086.0,1899.1,1149.5,1881.7,1182.5,1929.1,1228.2,1935.5,1197.9,1992.4,1161.3,2012.5,1092.3,2028.5,1023.8,2026.4,964.5,2013.0,926.6,1941.3
942.0,15.683,921.4,1942.0,959.7,1828.4,1017.1,1756.4,1085.5,1778.1,1147.4,1752.0,1200.2,1823.4,1227.5,1933.4,1181.3,1928.2,1153.3,1855.8,1088.9,1863.9,1022.7,1862.4,963.8,1924.1,963.8,1924.1,1020.0,1896.9,1084.9,1898.2,1149.1,1879.9,1181.3,1928.2,1227.5,1933.4,1197.5,1991.2,1161.3,2012.9,1091.5,2030.1,1021.6,2028.4,961.8,2015.1,921.4,1942.0
943.0,15.7,918.3,1938.6,958.5,1828.0,1017.9,1756.8,1086.0,1778.2,1148.5,1751.2,1201.7,1821.3,1230.3,1927.8,1184.5,1923.7,1154.5,1852.2,1089.6,1861.3,1023.9,1859.8,960.1,1921.3,960.1,1921.3,1022.3,1899.9,1087.1,1900.7,1151.9,1881.2,1184.5,1923.7,1230.3,1927.8,1199.9,1989.3,1163.9,2013.5,1093.7,2032.3,1023.8,2031.3,961.2,2017.8,918.3,1938.6
944.0,15.717,914.5,1946.8,954.6,1829.9,1015.0,1758.1,1086.3,1779.6,1151.9,1753.8,1208.5,1825.1,1236.2,1937.6,1191.1,1931.7,1158.1,1854.0,1090.1,1861.8,1020.9,1860.4,956.9,1929.1,956.9,1929.1,1020.3,1904.0,1088.7,1904.7,1157.1,1885.7,1191.1,1931.7,1236.2,1937.6,1207.9,1992.4,1169.1,2013.1,1095.3,2030.7,1022.0,2029.2,957.8,2017.8,914.5,1946.8
945.0,15.733,939.4,1945.5,967.1,1825.7,1018.1,1754.1,1089.5,1777.3,1155.5,1751.0,1205.9,1825.5,1225.9,1941.6,1180.3,1932.7,1161.2,1856.2,1092.5,1863.0,1023.6,1860.4,982.8,1924.4,982.8,1924.4,1022.7,1903.0,1090.8,1906.1,1159.6,1887.6,1180.3,1932.7,1225.9,1941.6,1205.2,1996.3,1172.6,2020.7,1098.3,2038.0,1025.3,2034.9,971.3,2017.6,939.4,1945.5
946.0,15.75,942.6,1942.2,971.0,1826.2,1022.6,1753.8,1090.9,1776.9,1153.9,1751.9,1204.3,1826.9,1227.9,1940.3,1182.9,1932.5,1158.4,1853.9,1092.8,1859.6,1027.0,1856.6,984.8,1922.2,984.8,1922.2,1024.3,1904.8,1089.1,1908.4,1154.8,1891.1,1182.9,1932.5,1227.9,1940.3,1201.2,1997.1,1166.4,2020.3,1095.1,2036.2,1025.9,2032.6,973.3,2014.5,942.6,1942.2
947.0,15.767,946.8,1940.6,975.1,1825.8,1025.9,1753.6,1093.1,1776.8,1155.1,1751.0,1204.2,1825.2,1226.9,1937.7,1182.0,1929.3,1159.8,1853.1,1095.1,1859.3,1030.5,1856.4,989.1,1920.1,989.1,1920.1,1029.0,1899.6,1092.6,1902.8,1157.3,1885.0,1182.0,1929.3,1226.9,1937.7,1201.9,1992.0,1169.1,2014.4,1098.9,2030.9,1030.7,2027.7,978.5,2011.5,946.8,1940.6
948.0,15.783,950.5,1941.9,975.2,1825.2,1024.2,1753.3,1094.9,1777.0,1161.0,1751.5,1211.4,1826.7,1232.0,1941.4,1187.3,1931.7,1165.7,1855.2,1097.0,1860.9,1028.8,1857.4,993.5,1920.6,993.5,1920.6,1027.5,1900.2,1094.7,1904.6,1163.5,1886.9,1187.3,1931.7,1232.0,1941.4,1209.8,1993.3,1176.2,2016.7,1101.9,2033.0,1030.2,2028.9,979.6,2010.5,950.5,1941.9
949.0,15.8,936.3,1942.6,970.1,1824.5,1025.5,1752.0,1091.9,1774.3,1151.2,1749.0,1203.9,1822.1,1229.9,1936.1,1184.3,1928.7,1157.1,1855.0,1095.2,1861.5,1031.0,1859.9,979.5,1923.0,979.5,1923.0,1029.2,1897.7,1092.2,1899.8,1154.0,1882.7,1184.3,1928.7,1229.9,1936.1,1202.6,1994.4,1166.7,2016.6,1099.3,2032.5,1031.3,2030.3,973.6,2015.0,936.3,1942.6
950.0,15.817,931.2,1940.9,966.3,1826.1,1022.5,1752.8,1091.0,1775.0,1153.7,1748.9,1205.2,1822.6,1230.7,1934.1,1184.9,1928.5,1159.0,1852.6,1093.8,1860.1,1027.6,1858.1,973.2,1922.7,973.2,1922.7,1024.4,1899.9,1089.4,1901.9,1154.5,1883.6,1184.9,1928.5,1230.7,1934.1,1201.6,1993.9,1166.3,2016.8,1095.7,2033.9,1025.8,2031.6,968.0,2016.1,931.2,1940.9
951.0,15.833,933.4,1939.0,968.1,1825.1,1023.9,1753.3,1090.8,1775.3,1151.9,1749.8,1202.4,1822.3,1228.0,1933.1,1183.0,1926.5,1157.3,1849.3,1093.7,1856.3,1029.3,1854.3,974.8,1920.1,974.8,1920.1,1027.8,1899.7,1091.2,1901.2,1154.8,1882.7,1183.0,1926.5,1228.0,1933.1,1199.9,1989.2,1165.8,2010.3,1096.9,2027.2,1028.7,2025.2,970.5,2011.7,933.4,1939.0
952.0,15.85,927.1,1937.6,964.5,1827.3,1022.6,1756.2,1091.1,1778.3,1154.6,1752.3,1207.1,1824.0,1234.7,1931.4,1189.7,1926.1,1160.1,1851.9,1094.1,1859.6,1027.9,1857.3,968.2,1920.1,968.2,1920.1,1025.8,1899.3,1091.0,1901.0,1156.8,1882.3,1189.7,1926.1,1234.7,1931.4,1204.2,1989.4,1168.0,2011.3,1096.8,2028.6,1026.7,2026.5,966.4,2011.9,927.1,1937.6
953.0,15.867,914.6,1941.9,960.0,1828.2,1022.5,1756.3,1090.9,1776.3,1152.6,1751.1,1207.5,1820.1,1238.2,1928.9,1192.5,1926.0,1158.4,1848.4,1094.6,1856.9,1028.2,1856.5,955.7,1926.1,955.7,1926.1,1025.4,1902.0,1090.7,1901.6,1154.8,1883.0,1192.5,1926.0,1238.2,1928.9,1204.9,1988.5,1166.2,2009.4,1096.6,2027.0,1026.5,2026.5,961.0,2016.7,914.6,1941.9
954.0,15.883,933.6,1939.6,970.2,1825.1,1025.9,1753.8,1093.6,1775.1,1154.6,1749.9,1206.8,1821.1,1233.5,1931.8,1187.8,1926.3,1159.9,1851.5,1096.4,1858.8,1031.0,1857.3,975.7,1921.5,975.7,1921.5,1028.1,1897.9,1092.5,1899.8,1155.9,1882.3,1187.8,1926.3,1233.5,1931.8,1204.2,1990.2,1168.2,2012.2,1099.2,2028.6,1030.2,2026.3,972.5,2012.0,933.6,1939.6
955.0,15.9,941.1,1943.2,971.8,1826.2,1023.7,1755.2,1094.2,1777.9,1157.7,1752.2,1208.9,1824.9,1231.5,1938.5,1185.1,1930.6,1163.7,1859.9,1097.6,1866.9,1029.4,1864.7,984.5,1922.9,984.5,1922.9,1026.9,1893.8,1093.7,1896.5,1159.5,1878.8,1185.1,1930.6,1231.5,1938.5,1206.8,1992.1,1173.0,2015.4,1101.3,2032.0,1029.6,2029.0,975.5,2012.9,941.1,1943.2
956.0,15.917,928.7,1944.4,967.6,1828.2,1026.0,1755.3,1094.2,1776.5,1155.5,1751.5,1209.5,1823.4,1238.4,1935.6,1192.2,1930.3,1161.4,1853.6,1097.6,1861.0,1031.5,1859.9,970.7,1926.5,970.7,1926.5,1028.5,1899.2,1093.3,1900.3,1156.9,1882.8,1192.2,1930.3,1238.4,1935.6,1206.6,1992.3,1168.7,2013.0,1099.5,2029.2,1029.8,2027.6,969.7,2015.2,928.7,1944.4
957.0,15.933,937.0,1945.3,970.9,1827.0,1024.3,1754.6,1095.0,1776.0,1159.2,1750.8,1209.8,1823.6,1233.1,1937.6,1186.8,1931.3,1164.7,1853.4,1098.1,1860.8,1029.7,1859.4,978.8,1926.2,978.8,1926.2,1026.3,1897.2,1093.4,1899.0,1159.9,1881.0,1186.8,1931.3,1233.1,1937.6,1206.3,1989.6,1172.1,2011.3,1099.9,2028.2,1028.1,2025.9,973.1,2012.7,937.0,1945.3
958.0,15.95,939.7,1947.9,970.8,1827.0,1023.2,1754.5,1095.0,1776.9,1160.0,1751.7,1211.4,1825.3,1233.5,1941.8,1186.9,1933.4,1166.0,1859.2,1098.4,1865.9,1028.9,1864.3,982.9,1927.0,982.9,1927.0,1026.2,1893.3,1094.3,1895.6,1161.7,1878.0,1186.9,1933.4,1233.5,1941.8,1208.9,1990.8,1174.6,2012.8,1101.4,2029.1,1028.4,2026.4,974.2,2012.3,939.7,1947.9
959.0,15.967,937.6,1938.7,971.9,1823.7,1026.7,1754.3,1095.0,1775.9,1156.7,1751.0,1207.6,1821.6,1231.1,1932.2,1186.1,1925.2,1162.1,1851.6,1098.0,1858.7,1032.0,1856.9,979.7,1919.4,979.7,1919.4,1030.6,1899.0,1095.6,1901.0,1159.8,1883.1,1186.1,1925.2,1231.1,1932.2,1206.0,1989.2,1172.1,2012.5,1102.4,2029.1,1032.6,2026.9,975.1,2011.8,937.6,1938.7
960.0,15.983,931.8,1945.3,967.8,1827.2,1024.5,1754.4,1094.5,1775.9,1157.3,1751.6,1209.9,1824.3,1234.9,1938.6,1189.1,1932.2,1162.7,1854.8,1097.4,1861.6,1029.5,1860.2,974.4,1926.7,974.4,1926.7,1025.9,1900.0,1092.3,1901.8,1157.5,1884.4,1189.1,1932.2,1234.9,1938.6,1206.1,1994.2,1169.6,2015.8,1098.7,2031.7,1027.5,2029.5,969.5,2015.7,931.8,1945.3
961.0,16.0,953.6,1944.7,977.4,1823.9,1026.1,1751.4,1096.3,1775.1,1159.8,1749.8,1208.0,1826.2,1226.4,1943.8,1180.4,1933.7,1165.0,1858.2,1098.9,1863.7,1031.3,1860.9,997.4,1922.4,997.4,1922.4,1029.4,1896.9,1095.7,1900.4,1161.8,1883.3,1180.4,1933.7,1226.4,1943.8,1206.0,1997.4,1174.8,2021.5,1102.9,2037.6,1031.6,2034.2,981.2,2016.2,953.6,1944.7
962.0,16.017,922.0,1938.8,964.9,1826.5,1026.5,1755.8,1095.3,1776.8,1157.0,1752.7,1212.6,1822.3,1243.5,1930.7,1197.9,1926.6,1162.4,1852.9,1098.3,1860.4,1031.5,1858.9,964.5,1922.6,964.5,1922.6,1027.4,1902.8,1092.8,1904.0,1156.9,1886.5,1197.9,1926.6,1243.5,1930.7,1208.5,1993.6,1168.4,2016.3,1098.7,2032.4,1028.6,2030.6,965.2,2016.3,922.0,1938.8
963.0,16.033,934.1,1937.9,972.0,1826.6,1029.7,1757.2,1097.1,1778.9,1158.1,1754.1,1210.0,1823.9,1236.2,1932.4,1191.1,1926.6,1163.1,1853.7,1099.8,1861.1,1034.5,1859.0,976.1,1920.2,976.1,1920.2,1032.2,1901.0,1096.3,1902.7,1159.6,1884.7,1191.1,1926.6,1236.2,1932.4,1206.7,1991.8,1170.7,2013.9,1101.9,2030.5,1033.2,2028.2,973.6,2013.6,934.1,1937.9
964.0,16.05,959.2,1945.7,982.4,1824.6,1029.7,1753.2,1101.2,1777.1,1166.4,1751.5,1215.5,1827.9,1232.8,1946.2,1187.0,1935.8,1171.5,1862.1,1103.6,1867.8,1034.6,1864.5,1003.9,1923.9,1003.9,1923.9,1032.3,1895.1,1100.0,1899.3,1167.6,1882.2,1187.0,1935.8,1232.8,1946.2,1213.1,1998.4,1181.3,2022.0,1107.8,2037.9,1035.2,2033.8,986.4,2015.1,959.2,1945.7
965.0,16.067,949.3,1936.6,981.1,1824.4,1034.4,1754.3,1100.0,1777.0,1159.5,1752.1,1208.7,1824.9,1232.2,1934.2,1187.3,1927.0,1164.3,1854.7,1102.4,1861.0,1039.1,1858.3,991.7,1917.4,991.7,1917.4,1036.8,1899.2,1098.9,1901.9,1160.7,1884.7,1187.3,1927.0,1232.2,1934.2,1205.5,1994.0,1172.3,2017.7,1104.9,2033.7,1037.9,2030.8,983.2,2013.3,949.3,1936.6
966.0,16.083,949.7,1943.8,979.9,1825.1,1031.5,1754.0,1101.3,1776.2,1164.1,1751.5,1214.3,1824.2,1234.9,1938.8,1189.3,1930.8,1169.4,1857.2,1104.2,1863.5,1036.8,1861.6,993.2,1923.5,993.2,1923.5,1034.1,1898.2,1100.3,1900.9,1165.6,1883.4,1189.3,1930.8,1234.9,1938.8,1211.8,1994.1,1178.7,2018.2,1107.7,2034.5,1036.7,2031.6,983.1,2015.4,949.7,1943.8
967.0,16.1,960.3,1949.2,984.6,1826.2,1031.7,1754.7,1103.5,1778.8,1168.3,1753.1,1217.5,1829.2,1235.4,1948.3,1189.0,1937.4,1173.8,1865.9,1106.2,1871.6,1036.9,1868.7,1005.6,1926.9,1005.6,1926.9,1034.7,1892.5,1102.5,1896.4,1169.8,1879.7,1189.0,1937.4,1235.4,1948.3,1215.7,1998.0,1183.8,2021.2,1110.6,2036.9,1037.9,2033.1,988.8,2016.0,960.3,1949.2
968.0,16.117,943.3,1946.4,976.4,1828.3,1030.3,1756.9,1098.8,1779.7,1159.8,1754.2,1210.7,1827.5,1232.7,1942.5,1186.8,1933.9,1164.7,1862.5,1101.3,1869.3,1034.8,1867.2,987.2,1926.1,987.2,1926.1,1032.8,1892.3,1097.9,1894.6,1161.0,1878.0,1186.8,1933.9,1232.7,1942.5,1207.9,1996.0,1173.4,2016.1,1104.4,2031.6,1034.4,2028.8,978.9,2014.9,943.3,1946.4
969.0,16.133,949.1,1945.5,981.3,1828.3,1035.4,1756.3,1103.1,1780.0,1163.9,1753.7,1215.8,1828.3,1240.1,1942.6,1193.8,1933.5,1169.0,1863.3,1105.7,1869.8,1040.3,1867.3,993.7,1924.6,993.7,1924.6,1039.9,1893.5,1104.2,1895.8,1167.3,1879.1,1193.8,1933.5,1240.1,1942.6,1214.9,1998.2,1180.0,2020.2,1111.1,2036.4,1041.7,2033.7,985.3,2019.1,949.1,1945.5
970.0,16.15,960.5,1945.9,986.3,1827.7,1036.1,1756.6,1104.8,1780.7,1167.2,1755.2,1218.1,1830.7,1239.4,1946.0,1194.0,1935.2,1172.1,1862.2,1107.1,1867.8,1041.0,1864.7,1004.6,1923.5,1004.6,1923.5,1040.8,1900.9,1105.9,1904.7,1170.8,1887.9,1194.0,1935.2,1239.4,1946.0,1217.4,2000.9,1183.7,2025.4,1113.0,2041.5,1042.9,2037.6,991.1,2019.0,960.5,1945.9
971.0,16.167,958.3,1944.2,985.0,1828.2,1033.5,1757.4,1104.1,1780.0,1169.8,1754.3,1217.9,1828.0,1236.2,1940.5,1191.6,1931.6,1174.2,1855.8,1105.9,1863.0,1038.0,1860.2,1000.4,1923.1,1000.4,1923.1,1036.1,1902.7,1103.0,1906.4,1171.3,1887.4,1191.6,1931.6,1236.2,1940.5,1214.5,1993.2,1182.8,2017.9,1109.1,2035.6,1037.6,2031.8,987.9,2014.3,958.3,1944.2
972.0,16.183,958.2,1945.0,986.7,1830.4,1036.7,1760.0,1105.5,1783.4,1168.9,1757.9,1219.0,1831.6,1240.7,1943.4,1195.6,1934.1,1173.5,1860.4,1107.5,1866.9,1041.3,1863.9,1000.9,1923.8,1000.9,1923.8,1040.8,1902.7,1106.0,1906.1,1172.0,1888.3,1195.6,1934.1,1240.7,1943.4,1217.1,1996.5,1183.7,2020.0,1112.2,2037.0,1042.3,2033.2,990.4,2016.4,958.2,1945.0
973.0,16.2,953.9,1950.5,983.2,1830.5,1034.1,1758.7,1105.2,1781.9,1170.4,1756.4,1221.4,1831.6,1244.0,1947.2,1198.2,1937.6,1175.9,1861.3,1107.9,1867.6,1039.4,1865.2,997.1,1929.1,997.1,1929.1,1038.1,1899.2,1105.3,1902.1,1173.1,1884.5,1198.2,1937.6,1244.0,1947.2,1219.4,1995.5,1185.1,2017.0,1111.8,2033.5,1039.9,2030.1,987.0,2015.6,953.9,1950.5
974.0,16.217,952.6,1947.5,983.0,1828.5,1034.9,1756.2,1105.7,1779.2,1170.3,1752.7,1220.2,1826.7,1241.4,1941.1,1195.0,1933.0,1175.8,1860.3,1108.8,1867.6,1040.6,1865.4,996.4,1926.6,996.4,1926.6,1039.5,1900.2,1106.7,1902.4,1173.7,1883.8,1195.0,1933.0,1241.4,1941.1,1219.0,1996.7,1186.9,2023.3,1114.0,2041.7,1041.9,2039.3,987.0,2023.9,952.6,1947.5
975.0,16.233,956.3,1945.8,985.3,1828.3,1037.4,1755.4,1107.5,1779.1,1172.3,1752.7,1223.0,1828.4,1244.3,1942.9,1198.3,1934.7,1177.3,1861.3,1110.0,1867.9,1042.4,1865.1,1000.0,1925.6,1000.0,1925.6,1040.7,1898.4,1107.2,1901.4,1174.5,1883.0,1198.3,1934.7,1244.3,1942.9,1220.2,1998.3,1186.7,2023.2,1113.8,2040.9,1042.2,2037.6,988.6,2020.5,956.3,1945.8
976.0,16.25,954.1,1947.9,984.0,1830.1,1037.2,1756.1,1108.7,1780.0,1174.4,1754.1,1226.8,1829.7,1250.4,1944.9,1204.1,1936.6,1179.6,1862.6,1111.2,1868.8,1042.1,1865.9,998.0,1927.5,998.0,1927.5,1039.9,1899.4,1107.7,1902.4,1176.1,1884.5,1204.1,1936.6,1250.4,1944.9,1223.9,1999.2,1188.2,2023.5,1114.1,2040.6,1041.5,2037.2,986.9,2020.7,954.1,1947.9
977.0,16.267,954.6,1951.6,984.7,1830.9,1038.1,1755.9,1108.0,1779.1,1172.0,1753.1,1222.6,1828.9,1244.8,1946.5,1198.5,1938.3,1177.4,1859.8,1110.7,1866.3,1043.3,1864.1,997.9,1931.0,997.9,1931.0,1041.8,1901.9,1108.1,1904.0,1174.6,1885.8,1198.5,1938.3,1244.8,1946.5,1220.0,1999.2,1186.3,2021.7,1114.2,2038.9,1043.0,2036.3,988.0,2022.4,954.6,1951.6
978.0,16.283,947.8,1947.7,981.2,1830.8,1037.7,1756.0,1106.9,1778.4,1170.1,1752.1,1221.1,1826.3,1244.4,1939.8,1198.3,1933.5,1175.4,1857.5,1109.9,1864.8,1043.1,1862.9,990.6,1928.5,990.6,1928.5,1042.0,1902.4,1107.9,1903.7,1173.6,1885.0,1198.3,1933.5,1244.4,1939.8,1219.2,1998.5,1185.8,2023.0,1114.3,2041.2,1043.5,2039.8,984.4,2025.8,947.8,1947.7
979.0,16.3,944.6,1950.4,979.8,1832.2,1036.4,1758.6,1106.5,1781.2,1170.7,1754.6,1222.9,1828.2,1247.5,1942.6,1201.1,1935.9,1176.5,1862.4,1109.6,1870.1,1041.8,1868.3,988.0,1931.4,988.0,1931.4,1039.7,1899.7,1106.2,1901.2,1172.7,1882.5,1201.1,1935.9,1247.5,1942.6,1219.9,1997.4,1184.3,2020.2,1112.1,2038.1,1040.6,2036.1,982.2,2023.0,944.6,1950.4
980.0,16.317,937.6,1947.5,976.4,1832.9,1036.6,1760.4,1106.2,1782.6,1169.8,1756.9,1223.6,1829.1,1250.4,1940.4,1204.9,1934.9,1175.0,1860.2,1109.2,1867.5,1041.6,1865.5,980.6,1929.9,980.6,1929.9,1039.8,1904.8,1106.3,1905.8,1172.2,1887.5,1204.9,1934.9,1250.4,1940.4,1221.0,1999.8,1183.9,2022.3,1112.3,2039.6,1040.9,2038.1,978.2,2025.0,937.6,1947.5
981.0,16.333,939.4,1955.6,977.6,1836.1,1036.8,1761.0,1106.8,1782.7,1169.9,1756.9,1221.9,1829.8,1246.5,1944.7,1200.0,1939.5,1175.9,1861.7,1110.5,1869.4,1042.7,1868.3,982.5,1937.5,982.5,1937.5,1040.7,1905.1,1107.3,1905.1,1172.8,1886.3,1200.0,1939.5,1246.5,1944.7,1219.5,2000.0,1184.9,2022.0,1113.6,2040.0,1042.1,2039.6,980.1,2029.7,939.4,1955.6
982.0,16.35,953.3,1950.0,985.1,1833.7,1038.5,1760.3,1109.0,1782.9,1173.9,1756.5,1223.4,1830.2,1245.5,1942.8,1199.4,1936.4,1179.5,1861.5,1112.1,1869.0,1044.1,1866.8,996.2,1930.7,996.2,1930.7,1041.9,1902.1,1108.7,1903.6,1176.1,1884.5,1199.4,1936.4,1245.5,1942.8,1220.5,1996.5,1188.3,2020.5,1115.2,2038.9,1043.7,2037.2,988.1,2024.0,953.3,1950.0
983.0,16.367,956.0,1948.7,985.5,1832.0,1038.8,1759.7,1108.9,1783.7,1173.2,1756.9,1224.8,1832.3,1247.8,1946.2,1201.3,1937.8,1178.7,1866.4,1111.9,1873.1,1044.3,1870.2,1000.1,1928.1,1000.1,1928.1,1043.8,1902.0,1110.4,1904.6,1177.2,1886.7,1201.3,1937.8,1247.8,1946.2,1223.8,2003.3,1189.9,2029.1,1117.4,2046.8,1045.5,2043.9,989.8,2026.5,956.0,1948.7
984.0,16.383,957.5,1947.5,988.8,1832.9,1042.0,1760.4,1111.0,1783.6,1174.4,1757.6,1224.8,1831.4,1247.8,1942.9,1202.1,1935.6,1179.5,1862.4,1113.6,1869.4,1047.1,1866.8,1000.4,1927.6,1000.4,1927.6,1045.6,1904.5,1111.1,1906.9,1177.0,1888.5,1202.1,1935.6,1247.8,1942.9,1222.3,1999.6,1189.0,2024.7,1117.5,2042.5,1047.1,2039.7,991.9,2023.5,957.5,1947.5
985.0,16.4,958.1,1951.6,988.4,1832.4,1041.4,1760.3,1112.8,1783.9,1178.0,1758.0,1229.9,1833.0,1252.9,1948.7,1206.4,1939.9,1183.9,1867.0,1116.0,1873.5,1047.0,1870.9,1002.1,1931.1,1002.1,1931.1,1045.1,1901.2,1112.9,1904.0,1180.5,1886.3,1206.4,1939.9,1252.9,1948.7,1227.9,2001.4,1193.3,2024.7,1119.9,2041.5,1047.2,2038.3,992.0,2022.3,958.1,1951.6
986.0,16.417,948.5,1948.5,984.8,1832.7,1043.5,1760.3,1112.4,1783.3,1174.2,1756.6,1227.5,1830.4,1254.7,1942.6,1207.8,1935.6,1180.5,1865.3,1116.2,1872.7,1049.7,1870.6,992.5,1929.2,992.5,1929.2,1049.3,1899.7,1114.8,1900.7,1178.9,1883.1,1207.8,1935.6,1254.7,1942.6,1227.1,2001.7,1191.9,2025.2,1121.9,2042.5,1051.0,2041.1,988.8,2027.0,948.5,1948.5
987.0,16.433,947.4,1954.4,988.3,1836.1,1048.7,1762.1,1118.0,1783.5,1180.5,1757.8,1234.7,1830.0,1263.7,1944.3,1217.3,1938.3,1186.1,1858.9,1121.3,1866.9,1054.1,1866.0,989.7,1935.7,989.7,1935.7,1052.4,1905.2,1118.3,1905.3,1183.0,1886.9,1217.3,1938.3,1263.7,1944.3,1232.1,1996.7,1193.7,2016.2,1123.5,2033.4,1052.8,2032.5,990.4,2023.3,947.4,1954.4
988.0,16.45,957.5,1950.7,993.9,1835.6,1051.0,1761.7,1120.7,1783.9,1184.6,1757.3,1236.6,1830.7,1262.5,1942.1,1216.5,1935.8,1189.9,1860.8,1123.6,1868.7,1056.3,1866.9,1000.6,1931.8,1000.6,1931.8,1055.5,1900.6,1121.8,1901.5,1188.0,1882.9,1216.5,1935.8,1262.5,1942.1,1235.0,1995.8,1200.2,2017.9,1128.3,2036.1,1057.1,2034.9,997.4,2023.8,957.5,1950.7
989.0,16.467,955.7,1950.4,992.8,1834.5,1051.9,1760.4,1121.0,1783.0,1183.9,1756.2,1236.4,1829.9,1262.4,1942.1,1216.3,1935.7,1189.3,1861.3,1124.0,1869.0,1057.2,1867.3,999.0,1931.2,999.0,1931.2,1056.7,1902.2,1122.5,1902.7,1187.8,1884.0,1216.3,1935.7,1262.4,1942.1,1234.9,1999.0,1199.6,2022.0,1128.5,2040.2,1057.5,2039.3,995.6,2027.4,955.7,1950.4
990.0,16.483,963.4,1949.9,997.6,1832.4,1054.6,1758.0,1124.1,1781.4,1187.8,1754.8,1240.2,1829.9,1266.3,1944.1,1219.7,1936.7,1193.1,1862.7,1126.8,1869.6,1059.6,1867.4,1007.3,1930.1,1007.3,1930.1,1058.0,1899.1,1123.9,1900.6,1190.2,1882.4,1219.7,1936.7,1266.3,1944.1,1237.6,1998.7,1201.6,2021.5,1129.7,2038.9,1058.7,2037.0,1000.1,2023.6,963.4,1949.9
991.0,16.5,958.6,1954.6,995.2,1835.2,1054.5,1760.4,1123.8,1782.9,1186.8,1756.5,1240.1,1831.2,1266.6,1946.5,1220.6,1939.0,1192.5,1862.2,1127.0,1869.3,1060.0,1867.7,1002.2,1934.7,1002.2,1934.7,1059.6,1902.6,1125.6,1903.2,1191.0,1885.2,1220.6,1939.0,1266.6,1946.5,1239.1,2000.4,1202.8,2021.6,1131.7,2038.8,1060.6,2037.9,998.5,2026.9,958.6,1954.6
992.0,16.517,953.8,1951.0,993.6,1832.6,1053.5,1759.1,1123.3,1780.9,1186.0,1754.7,1239.7,1826.2,1266.4,1940.1,1219.6,1934.2,1192.0,1861.9,1127.1,1869.8,1059.3,1868.7,998.1,1932.4,998.1,1932.4,1058.0,1896.6,1124.6,1896.6,1189.6,1878.2,1219.6,1934.2,1266.4,1940.1,1238.5,1994.5,1202.4,2016.3,1131.5,2034.0,1059.9,2033.7,996.8,2024.2,953.8,1951.0
993.0,16.533,962.5,1950.2,997.5,1832.7,1055.4,1759.2,1125.5,1782.7,1189.5,1755.7,1243.3,1830.5,1269.4,1944.7,1223.1,1936.8,1194.7,1864.2,1128.3,1871.4,1060.5,1869.1,1007.2,1930.0,1007.2,1930.0,1060.2,1900.5,1127.0,1901.8,1193.4,1883.8,1223.1,1936.8,1269.4,1944.7,1242.3,2001.3,1205.6,2025.0,1133.4,2042.6,1061.4,2040.8,1000.9,2026.9,962.5,1950.2
