frame,timestamp,upper_x_0,upper_y_0,upper_x_1,upper_y_1,upper_x_2,upper_y_2,upper_x_3,upper_y_3,upper_x_4,upper_y_4,upper_x_5,upper_y_5,upper_x_6,upper_y_6,upper_x_7,upper_y_7,upper_x_8,upper_y_8,upper_x_9,upper_y_9,upper_x_10,upper_y_10,upper_x_11,upper_y_11,lower_x_0,lower_y_0,lower_x_1,lower_y_1,lower_x_2,lower_y_2,lower_x_3,lower_y_3,lower_x_4,lower_y_4,lower_x_5,lower_y_5,lower_x_6,lower_y_6,lower_x_7,lower_y_7,lower_x_8,lower_y_8,lower_x_9,lower_y_9,lower_x_10,lower_y_10,lower_x_11,lower_y_11
1.0,0.0,745.2,1975.1,838.2,1901.8,936.2,1867.5,1020.6,1886.2,1108.9,1862.6,1219.4,1899.3,1315.9,1960.1,1269.5,1963.1,1115.3,1951.5,1023.7,1963.9,939.3,1960.2,789.3,1973.4,789.3,1973.4,936.7,1965.9,1022.0,1971.9,1112.6,1962.9,1269.5,1963.1,1315.9,1960.1,1225.9,2039.0,1121.2,2072.4,1025.5,2083.0,936.2,2078.5,834.8,2046.7,745.2,1975.1
2.0,0.017,743.2,1975.2,834.7,1901.5,932.8,1868.5,1017.7,1887.0,1107.2,1863.0,1217.1,1899.5,1313.0,1959.6,1266.7,1962.2,1114.6,1950.2,1021.6,1962.7,937.0,1959.0,786.8,1973.1,786.8,1973.1,936.2,1963.7,1022.0,1969.0,1114.0,1958.9,1266.7,1962.2,1313.0,1959.6,1225.6,2035.9,1122.9,2068.8,1026.1,2080.4,936.0,2076.7,833.0,2046.7,743.2,1975.2
3.0,0.033,739.9,1977.6,830.7,1903.5,929.0,1870.8,1014.8,1889.4,1105.8,1864.9,1215.3,1901.0,1310.0,1961.4,1264.1,1964.0,1113.6,1953.1,1019.3,1965.8,933.6,1962.1,783.5,1975.7,783.5,1975.7,934.0,1965.0,1020.9,1970.0,1114.3,1959.5,1264.1,1964.0,1310.0,1961.4,1225.2,2036.5,1123.3,2069.7,1025.2,2081.7,933.9,2078.3,829.9,2049.0,739.9,1977.6
4.0,0.05,740.7,1979.5,830.0,1905.3,927.2,1873.4,1014.1,1892.0,1106.5,1867.1,1215.0,1902.4,1307.2,1962.8,1261.7,1964.9,1114.2,1954.4,1018.6,1967.5,932.0,1963.5,784.0,1977.2,784.0,1977.2,933.5,1968.1,1021.6,1973.4,1116.3,1962.4,1261.7,1964.9,1307.2,1962.8,1226.0,2037.6,1125.6,2071.6,1026.1,2084.1,933.7,2080.6,830.1,2051.2,740.7,1979.5
5.0,0.067,741.4,1979.6,831.1,1905.9,928.4,1873.9,1014.6,1892.4,1105.8,1868.1,1215.1,1903.2,1308.3,1963.1,1262.6,1965.6,1113.5,1955.7,1019.0,1968.6,932.9,1964.7,784.9,1977.6,784.9,1977.6,933.7,1969.2,1021.1,1974.5,1114.8,1963.9,1262.6,1965.6,1308.3,1963.1,1225.6,2039.1,1124.1,2073.2,1025.6,2085.4,934.0,2081.7,830.8,2051.8,741.4,1979.6
6.0,0.083,741.0,1979.2,831.9,1907.0,930.2,1874.8,1015.8,1893.2,1106.6,1868.5,1215.6,1904.0,1309.7,1962.7,1264.3,1965.7,1114.3,1955.4,1020.1,1968.5,934.8,1964.7,783.9,1977.8,783.9,1977.8,935.5,1970.4,1022.2,1975.5,1115.3,1964.9,1264.3,1965.7,1309.7,1962.7,1225.8,2039.6,1124.3,2073.5,1026.4,2085.9,935.4,2082.5,831.2,2052.6,741.0,1979.2
7.0,0.1,741.2,1979.0,831.6,1906.6,929.5,1875.1,1015.2,1893.5,1106.0,1869.0,1215.4,1903.7,1309.5,1962.2,1264.1,1965.2,1113.9,1956.1,1019.7,1969.1,934.2,1965.3,784.4,1977.4,784.4,1977.4,934.8,1970.7,1021.7,1975.8,1115.0,1964.9,1264.1,1965.2,1309.5,1962.2,1225.8,2039.2,1123.9,2073.6,1025.9,2086.0,934.8,2082.5,831.0,2052.6,741.2,1979.0
8.0,0.117,739.5,1978.4,830.1,1906.8,928.2,1875.5,1014.1,1894.0,1104.9,1869.5,1214.7,1903.8,1309.5,1961.8,1263.9,1964.6,1112.8,1956.6,1018.6,1969.7,932.9,1965.7,782.8,1976.6,782.8,1976.6,933.8,1970.3,1020.8,1975.5,1114.1,1964.7,1263.9,1964.6,1309.5,1961.8,1225.3,2038.7,1123.0,2073.3,1024.9,2085.6,933.7,2082.1,829.7,2051.8,739.5,1978.4
9.0,0.133,736.5,1978.4,827.3,1906.4,926.0,1875.0,1011.4,1893.5,1102.2,1868.8,1212.1,1903.9,1307.4,1962.0,1262.1,1964.9,1110.1,1955.2,1015.9,1968.2,930.7,1964.3,779.4,1976.8,779.4,1976.8,931.9,1970.7,1018.5,1975.8,1111.6,1965.0,1262.1,1964.9,1307.4,1962.0,1222.8,2038.9,1120.4,2073.1,1022.5,2085.6,931.6,2082.1,826.9,2052.0,736.5,1978.4
10.0,0.15,734.4,1978.9,825.1,1906.4,923.6,1874.9,1009.1,1893.2,1099.8,1868.8,1209.6,1903.4,1304.7,1962.1,1259.2,1965.0,1107.8,1955.4,1013.8,1968.4,928.4,1964.6,777.6,1977.3,777.6,1977.3,929.4,1970.8,1016.1,1975.8,1109.3,1965.0,1259.2,1965.0,1304.7,1962.1,1220.4,2038.7,1118.1,2073.0,1020.3,2085.4,929.3,2082.1,824.7,2052.4,734.4,1978.9
11.0,0.167,732.3,1979.8,823.6,1907.3,922.2,1875.6,1008.1,1894.1,1099.3,1869.3,1208.8,1904.3,1303.2,1962.8,1257.7,1965.8,1107.1,1956.3,1012.6,1969.5,926.9,1965.6,775.5,1978.3,775.5,1978.3,927.7,1970.0,1014.9,1975.1,1108.4,1964.3,1257.7,1965.8,1303.2,1962.8,1219.4,2039.6,1117.6,2073.7,1019.3,2086.2,927.8,2082.7,823.1,2053.0,732.3,1979.8
12.0,0.183,731.3,1980.6,821.9,1907.4,920.7,1875.4,1007.1,1893.8,1098.8,1869.0,1208.2,1903.7,1301.3,1963.1,1256.2,1966.4,1107.0,1956.2,1011.9,1969.5,925.8,1965.7,774.5,1979.5,774.5,1979.5,927.2,1971.7,1014.9,1976.5,1109.1,1965.4,1256.2,1966.4,1301.3,1963.1,1219.5,2040.0,1118.4,2074.5,1019.4,2087.4,927.4,2084.1,821.9,2054.7,731.3,1980.6
13.0,0.2,730.9,1982.1,821.6,1908.5,920.4,1876.1,1007.2,1894.4,1099.3,1869.6,1208.6,1904.5,1301.9,1964.2,1256.6,1967.3,1107.4,1956.7,1012.0,1970.0,925.4,1966.1,774.2,1980.8,774.2,1980.8,926.9,1971.9,1014.9,1976.8,1109.4,1965.8,1256.6,1967.3,1301.9,1964.2,1220.1,2040.2,1119.0,2074.4,1019.7,2087.1,927.4,2084.1,821.9,2055.2,730.9,1982.1
14.0,0.217,730.1,1981.8,821.3,1909.2,920.6,1876.7,1007.2,1895.1,1099.2,1870.2,1208.7,1905.1,1302.0,1964.2,1256.8,1967.6,1107.3,1957.5,1012.0,1970.8,925.5,1966.9,773.2,1981.0,773.2,1981.0,927.0,1972.0,1015.1,1976.9,1109.5,1966.0,1256.8,1967.6,1302.0,1964.2,1220.2,2041.2,1119.2,2075.5,1020.0,2088.4,927.6,2085.3,821.5,2056.3,730.1,1981.8
15.0,0.233,729.6,1982.3,820.9,1909.7,920.3,1877.1,1006.8,1895.9,1098.8,1870.8,1208.1,1906.1,1301.9,1965.4,1256.6,1968.6,1106.7,1958.7,1011.4,1971.9,925.1,1967.9,772.9,1981.2,772.9,1981.2,926.7,1971.6,1014.5,1976.6,1108.7,1965.8,1256.6,1968.6,1301.9,1965.4,1219.4,2041.8,1118.2,2076.2,1019.2,2089.1,927.0,2085.9,821.0,2056.7,729.6,1982.3
16.0,0.25,729.9,1983.4,820.4,1909.5,919.5,1876.7,1006.1,1895.2,1098.1,1870.4,1207.5,1905.7,1300.3,1965.9,1255.0,1969.2,1106.3,1958.3,1010.9,1971.3,924.5,1967.4,773.1,1982.3,773.1,1982.3,925.9,1973.9,1013.8,1978.9,1108.3,1967.9,1255.0,1969.2,1300.3,1965.9,1218.8,2043.1,1117.7,2077.8,1018.5,2090.6,926.1,2087.4,820.3,2058.0,729.9,1983.4
17.0,0.267,728.6,1985.3,818.6,1911.3,917.6,1878.5,1004.5,1897.1,1097.1,1872.2,1206.5,1907.7,1299.8,1967.9,1254.2,1971.0,1105.5,1960.2,1009.5,1973.2,922.9,1969.3,771.7,1984.1,771.7,1984.1,924.2,1974.2,1012.4,1979.1,1107.5,1968.0,1254.2,1971.0,1299.8,1967.9,1217.8,2043.4,1116.8,2077.8,1017.0,2090.7,924.4,2087.6,818.8,2058.6,728.6,1985.3
18.0,0.283,727.9,1986.3,818.0,1912.0,917.0,1879.3,1004.2,1897.8,1097.0,1872.9,1206.6,1908.8,1299.8,1969.2,1254.4,1972.1,1105.0,1960.8,1008.8,1973.9,921.9,1970.0,771.1,1984.8,771.1,1984.8,923.3,1975.7,1011.7,1980.8,1106.9,1969.7,1254.4,1972.1,1299.8,1969.2,1217.7,2045.3,1116.3,2079.9,1016.3,2092.8,923.4,2089.5,818.1,2060.0,727.9,1986.3
19.0,0.3,727.6,1987.6,817.6,1913.4,916.9,1880.3,1004.0,1899.2,1097.0,1874.2,1206.2,1910.3,1299.1,1970.8,1253.7,1973.9,1105.2,1962.8,1008.8,1975.7,921.9,1971.7,770.7,1986.3,770.7,1986.3,923.4,1976.8,1011.8,1981.9,1107.2,1970.9,1253.7,1973.9,1299.1,1970.8,1217.4,2047.0,1116.4,2082.0,1016.3,2095.0,923.4,2091.7,817.6,2061.9,727.6,1987.6
20.0,0.317,727.1,1989.0,817.3,1914.4,916.5,1881.7,1003.6,1900.3,1096.4,1875.3,1206.3,1911.0,1299.2,1972.0,1253.7,1974.9,1104.7,1964.1,1008.6,1977.3,921.6,1973.4,770.8,1987.7,770.8,1987.7,923.2,1978.1,1011.7,1983.2,1106.8,1972.1,1253.7,1974.9,1299.2,1972.0,1217.8,2048.6,1116.4,2083.4,1016.5,2096.3,923.5,2093.0,817.8,2063.3,727.1,1989.0
21.0,0.333,727.9,1990.1,817.8,1916.2,916.8,1883.1,1004.1,1901.9,1096.8,1876.8,1206.2,1912.6,1299.0,1972.9,1253.5,1975.9,1104.9,1965.2,1008.9,1978.2,921.9,1974.2,771.4,1988.6,771.4,1988.6,923.6,1979.7,1012.1,1984.8,1107.2,1973.9,1253.5,1975.9,1299.0,1972.9,1217.7,2049.6,1117.0,2084.9,1017.0,2097.8,924.1,2094.5,818.6,2064.7,727.9,1990.1
22.0,0.35,727.8,1991.0,818.5,1917.0,917.9,1884.3,1004.5,1902.8,1096.6,1878.0,1206.8,1913.6,1300.0,1973.9,1254.6,1977.0,1104.8,1966.4,1009.4,1979.3,923.0,1975.5,771.4,1989.8,771.4,1989.8,924.8,1980.7,1012.6,1985.9,1107.1,1975.1,1254.6,1977.0,1300.0,1973.9,1218.3,2051.3,1117.0,2086.2,1017.8,2098.8,925.3,2095.5,819.2,2065.6,727.8,1991.0
23.0,0.367,726.6,1992.1,817.6,1917.8,917.3,1885.2,1004.2,1903.9,1096.4,1879.0,1206.9,1914.8,1300.7,1975.3,1255.3,1978.1,1104.5,1967.0,1008.9,1980.1,922.3,1976.1,770.3,1990.6,770.3,1990.6,923.9,1981.3,1012.0,1986.6,1106.5,1976.0,1255.3,1978.1,1300.7,1975.3,1218.3,2052.7,1116.4,2087.7,1017.0,2100.2,924.3,2096.8,818.2,2066.5,726.6,1992.1
24.0,0.383,727.2,1992.5,817.9,1918.2,917.1,1886.1,1004.4,1904.9,1097.3,1880.1,1207.3,1915.7,1300.6,1975.9,1255.0,1978.7,1105.3,1968.6,1009.0,1981.5,922.0,1977.5,770.9,1990.9,770.9,1990.9,923.4,1981.9,1012.0,1987.2,1107.2,1976.5,1255.0,1978.7,1300.6,1975.9,1218.5,2052.5,1116.7,2087.9,1016.7,2100.6,923.6,2097.0,818.1,2066.6,727.2,1992.5
25.0,0.4,728.2,1993.0,819.2,1919.0,918.5,1886.4,1005.2,1905.1,1097.3,1880.2,1207.3,1916.0,1301.0,1976.0,1255.3,1978.8,1105.3,1968.4,1009.8,1981.2,923.4,1977.3,771.9,1991.4,771.9,1991.4,924.8,1982.2,1012.8,1987.5,1107.2,1977.0,1255.3,1978.8,1301.0,1976.0,1218.6,2053.2,1117.0,2088.3,1017.7,2100.7,925.2,2097.3,819.6,2067.1,728.2,1993.0
26.0,0.417,727.9,1993.3,818.5,1919.0,917.5,1886.6,1005.0,1905.3,1098.0,1880.7,1208.3,1916.2,1301.7,1976.5,1256.0,1979.4,1106.0,1968.7,1009.6,1981.4,922.4,1977.5,771.6,1991.8,771.6,1991.8,923.5,1982.7,1012.3,1988.2,1107.8,1977.6,1256.0,1979.4,1301.7,1976.5,1219.5,2052.8,1117.4,2087.9,1017.2,2100.3,924.0,2096.8,818.8,2066.7,727.9,1993.3
27.0,0.433,727.8,1992.9,818.2,1918.4,917.6,1885.5,1005.0,1904.1,1097.7,1879.3,1208.4,1914.9,1302.0,1975.6,1256.3,1978.7,1105.9,1968.1,1009.8,1981.0,922.7,1977.2,771.6,1991.6,771.6,1991.6,924.1,1982.9,1012.7,1988.2,1107.8,1977.5,1256.3,1978.7,1302.0,1975.6,1219.9,2053.2,1117.7,2088.9,1017.7,2101.4,924.6,2098.0,818.8,2067.7,727.8,1992.9
28.0,0.45,728.1,1992.6,818.4,1918.2,917.7,1885.4,1005.0,1904.1,1097.6,1879.4,1208.5,1915.0,1301.9,1975.6,1256.3,1978.5,1105.7,1967.7,1009.7,1980.6,922.6,1976.6,771.9,1991.1,771.9,1991.1,923.9,1983.0,1012.5,1988.5,1107.6,1977.9,1256.3,1978.5,1301.9,1975.6,1219.8,2053.7,1117.5,2089.1,1017.5,2101.5,924.4,2097.8,819.0,2067.1,728.1,1992.6
29.0,0.467,727.1,1991.6,817.3,1917.8,916.8,1885.1,1004.1,1903.8,1096.8,1879.2,1207.8,1914.7,1302.2,1975.3,1256.4,1978.3,1104.9,1967.8,1008.9,1980.6,921.7,1976.5,770.9,1990.4,770.9,1990.4,922.8,1982.3,1011.5,1987.7,1106.5,1977.1,1256.4,1978.3,1302.2,1975.3,1219.0,2052.7,1116.2,2088.0,1016.2,2100.3,923.2,2096.8,817.7,2066.3,727.1,1991.6
30.0,0.483,727.8,1992.1,817.9,1918.1,917.2,1885.2,1004.2,1903.9,1096.4,1879.0,1207.0,1914.7,1301.1,1974.9,1255.4,1977.9,1104.7,1967.4,1009.0,1980.3,922.4,1976.3,771.4,1990.6,771.4,1990.6,923.9,1982.4,1012.0,1987.7,1106.7,1977.0,1255.4,1977.9,1301.1,1974.9,1218.6,2052.8,1116.6,2088.5,1017.1,2101.1,924.4,2097.6,818.8,2066.9,727.8,1992.1
31.0,0.5,727.3,1992.1,817.7,1918.4,916.9,1886.1,1003.9,1904.8,1096.3,1880.0,1206.9,1915.3,1301.0,1975.3,1255.3,1978.3,1104.6,1968.1,1008.9,1981.2,922.1,1977.2,771.0,1990.8,771.0,1990.8,923.5,1982.0,1011.8,1987.3,1106.5,1976.6,1255.3,1978.3,1301.0,1975.3,1218.5,2052.7,1116.4,2088.0,1016.9,2100.6,924.1,2097.2,818.5,2067.0,727.3,1992.1
32.0,0.517,727.6,1992.3,817.9,1917.9,917.2,1885.5,1004.0,1904.0,1096.1,1879.4,1207.0,1914.5,1300.9,1975.1,1255.5,1978.3,1104.3,1967.3,1008.9,1980.2,922.3,1976.3,771.2,1991.1,771.2,1991.1,923.8,1984.1,1012.0,1989.3,1106.6,1978.7,1255.5,1978.3,1300.9,1975.1,1218.7,2053.4,1116.4,2089.2,1016.9,2101.8,924.3,2098.4,818.5,2067.9,727.6,1992.3
33.0,0.533,727.5,1992.5,817.2,1918.0,916.2,1886.1,1003.6,1904.6,1096.6,1880.2,1207.4,1915.1,1300.3,1975.8,1254.8,1979.0,1105.1,1968.1,1008.8,1981.0,921.5,1976.9,771.1,1991.5,771.1,1991.5,923.0,1984.8,1011.9,1990.1,1107.4,1979.1,1254.8,1979.0,1300.3,1975.8,1219.1,2053.6,1117.1,2089.4,1016.8,2102.1,923.4,2098.6,817.7,2068.1,727.5,1992.5
34.0,0.55,727.5,1993.3,817.8,1919.0,917.2,1886.9,1004.2,1905.3,1096.6,1880.8,1207.4,1916.0,1300.6,1976.2,1255.4,1979.5,1105.0,1968.4,1009.3,1981.3,922.5,1977.4,770.9,1992.4,770.9,1992.4,924.0,1985.0,1012.4,1990.2,1107.4,1979.6,1255.4,1979.5,1300.6,1976.2,1219.3,2054.4,1117.3,2089.9,1017.5,2102.4,924.6,2099.0,818.5,2068.4,727.5,1993.3
35.0,0.567,728.1,1994.3,818.3,1919.9,917.5,1887.7,1004.7,1906.1,1097.2,1881.6,1208.1,1916.9,1301.8,1977.1,1256.3,1980.2,1105.6,1969.5,1009.7,1982.4,922.7,1978.6,771.7,1993.0,771.7,1993.0,924.0,1984.8,1012.5,1990.1,1107.5,1979.4,1256.3,1980.2,1301.8,1977.1,1219.7,2054.8,1117.4,2090.2,1017.6,2102.6,924.6,2099.2,819.0,2068.5,728.1,1994.3
36.0,0.583,729.4,1994.2,819.7,1920.3,918.9,1888.0,1005.7,1906.6,1098.0,1882.2,1208.5,1917.2,1302.0,1977.4,1256.6,1980.7,1106.2,1969.9,1010.7,1982.6,924.0,1978.6,772.9,1993.3,772.9,1993.3,925.4,1985.8,1013.6,1991.1,1108.4,1980.6,1256.6,1980.7,1302.0,1977.4,1220.1,2055.3,1118.2,2091.0,1018.6,2103.4,925.9,2100.0,820.2,2069.6,729.4,1994.2
37.0,0.6,730.2,1994.6,820.5,1921.0,919.8,1888.5,1006.7,1907.2,1099.2,1882.4,1209.3,1917.7,1302.8,1977.7,1257.2,1981.0,1107.4,1970.3,1011.6,1983.1,924.9,1979.1,773.6,1993.6,773.6,1993.6,926.5,1985.6,1014.8,1990.8,1109.8,1980.1,1257.2,1981.0,1302.8,1977.7,1220.9,2055.1,1119.4,2090.9,1019.6,2103.6,926.8,2100.2,821.0,2070.1,730.2,1994.6
38.0,0.617,730.4,1995.4,820.5,1921.8,919.9,1889.3,1007.0,1907.9,1099.8,1883.2,1210.0,1918.3,1303.6,1978.3,1258.1,1981.5,1108.1,1970.7,1011.9,1983.6,925.1,1979.6,773.8,1994.3,773.8,1994.3,926.6,1986.9,1015.1,1992.0,1110.3,1981.2,1258.1,1981.5,1303.6,1978.3,1221.5,2055.5,1119.8,2091.2,1019.8,2103.9,926.9,2100.6,821.0,2070.2,730.4,1995.4
39.0,0.633,730.8,1995.2,821.6,1921.7,921.4,1889.4,1007.7,1908.1,1099.5,1883.5,1210.2,1918.7,1304.1,1978.7,1258.8,1982.0,1107.7,1971.5,1012.6,1984.2,926.4,1980.2,774.2,1994.3,774.2,1994.3,928.0,1987.3,1015.8,1992.5,1110.0,1981.9,1258.8,1982.0,1304.1,1978.7,1221.8,2057.1,1119.4,2092.6,1020.4,2105.1,928.1,2101.6,821.8,2071.0,730.8,1995.2
40.0,0.65,731.0,1995.6,821.8,1922.5,921.5,1890.5,1008.3,1909.3,1100.8,1884.6,1210.9,1919.7,1304.4,1979.2,1259.2,1982.6,1109.0,1972.2,1013.1,1985.1,926.5,1981.0,774.3,1994.7,774.3,1994.7,927.9,1987.5,1016.0,1992.7,1111.0,1981.9,1259.2,1982.6,1304.4,1979.2,1222.1,2057.0,1120.2,2092.5,1020.5,2105.2,927.8,2101.7,821.7,2071.2,731.0,1995.6
41.0,0.667,730.7,1996.1,822.0,1922.9,921.9,1891.2,1008.0,1909.7,1099.7,1885.1,1210.6,1920.2,1305.2,1979.5,1259.9,1982.9,1108.0,1972.5,1012.9,1985.3,927.0,1981.4,773.9,1995.2,773.9,1995.2,928.4,1987.6,1015.8,1992.9,1110.0,1982.3,1259.9,1982.9,1305.2,1979.5,1221.9,2057.8,1119.2,2092.8,1020.4,2105.1,928.4,2101.5,822.0,2071.0,730.7,1996.1
42.0,0.683,730.7,1996.8,821.2,1922.7,920.9,1890.7,1007.5,1909.4,1099.8,1884.9,1210.5,1919.7,1304.3,1980.2,1258.9,1983.4,1108.2,1972.3,1012.6,1985.0,926.1,1981.0,774.1,1995.8,774.1,1995.8,927.7,1988.6,1015.8,1993.6,1110.7,1982.7,1258.9,1983.4,1304.3,1980.2,1222.1,2057.1,1119.8,2092.4,1020.3,2105.0,927.7,2101.7,821.5,2071.7,730.7,1996.8
43.0,0.7,730.1,1996.6,820.9,1923.4,921.0,1891.1,1007.4,1909.8,1099.3,1885.2,1209.9,1920.4,1304.3,1980.1,1258.9,1983.6,1107.6,1972.5,1012.4,1985.2,926.2,1981.2,773.4,1995.8,773.4,1995.8,927.6,1988.5,1015.3,1993.6,1109.7,1982.9,1258.9,1983.6,1304.3,1980.1,1221.4,2057.8,1119.1,2093.1,1020.0,2105.6,927.7,2102.4,821.1,2072.3,730.1,1996.6
44.0,0.717,729.6,1996.6,820.3,1923.1,920.3,1890.9,1006.5,1909.4,1098.2,1885.0,1209.2,1920.0,1303.7,1980.0,1258.2,1983.4,1106.5,1972.4,1011.6,1985.1,925.5,1981.2,773.0,1995.8,773.0,1995.8,927.1,1988.7,1014.7,1993.7,1109.0,1983.0,1258.2,1983.4,1303.7,1980.0,1220.9,2058.2,1118.4,2093.6,1019.4,2106.1,927.2,2102.8,820.7,2072.6,729.6,1996.6
45.0,0.733,729.3,1996.8,820.0,1923.4,919.9,1891.2,1006.2,1910.0,1098.1,1885.3,1209.4,1920.9,1304.1,1981.0,1258.6,1984.1,1106.3,1973.4,1011.1,1986.1,925.0,1982.0,772.6,1995.8,772.6,1995.8,926.6,1987.2,1014.3,1992.5,1108.7,1982.1,1258.6,1984.1,1304.1,1981.0,1220.8,2058.3,1117.9,2093.2,1018.8,2105.6,926.5,2102.0,820.3,2071.6,729.3,1996.8
46.0,0.75,730.1,1996.0,820.3,1922.7,920.3,1890.6,1006.2,1909.3,1097.7,1884.8,1209.1,1920.0,1303.7,1980.1,1258.4,1983.4,1106.0,1972.8,1011.2,1985.4,925.5,1981.4,773.3,1995.2,773.3,1995.2,927.2,1989.3,1014.5,1994.5,1108.6,1983.9,1258.4,1983.4,1303.7,1980.1,1220.7,2058.5,1117.7,2094.0,1018.9,2106.5,927.1,2102.9,820.6,2072.1,730.1,1996.0
47.0,0.767,730.0,1996.4,821.3,1923.5,921.1,1891.7,1007.0,1910.4,1098.2,1885.8,1209.4,1921.2,1305.3,1980.3,1259.7,1983.2,1106.4,1973.2,1011.7,1985.9,926.1,1982.0,773.3,1995.0,773.3,1995.0,927.4,1987.2,1014.5,1992.4,1108.1,1982.1,1259.7,1983.2,1305.3,1980.3,1220.6,2057.8,1117.3,2092.7,1018.9,2104.8,927.2,2101.3,821.4,2070.7,730.0,1996.4
48.0,0.783,730.3,1995.7,820.9,1922.6,920.5,1890.7,1006.9,1909.4,1098.9,1884.7,1209.9,1920.2,1304.8,1979.7,1259.4,1982.7,1107.1,1972.0,1011.8,1984.7,925.6,1980.7,773.5,1994.4,773.5,1994.4,927.3,1987.3,1015.0,1992.5,1109.5,1981.9,1259.4,1982.7,1304.8,1979.7,1221.5,2056.8,1118.6,2091.9,1019.5,2104.3,927.2,2100.7,821.2,2070.3,730.3,1995.7
49.0,0.8,729.4,1994.6,821.0,1921.7,921.1,1890.0,1007.2,1908.6,1098.8,1883.7,1210.3,1919.2,1305.8,1977.9,1260.5,1981.0,1107.1,1971.8,1012.1,1984.6,926.3,1981.0,772.5,1993.1,772.5,1993.1,927.9,1984.8,1015.2,1989.9,1109.2,1979.3,1260.5,1981.0,1305.8,1977.9,1221.7,2055.6,1118.2,2090.9,1019.5,2103.3,927.4,2099.8,821.1,2068.9,729.4,1994.6
50.0,0.817,727.8,1992.1,819.9,1920.4,920.5,1889.3,1006.7,1908.1,1098.7,1883.4,1210.2,1918.6,1306.2,1976.5,1261.0,1979.9,1106.9,1970.3,1011.5,1983.2,925.5,1979.1,770.7,1991.1,770.7,1991.1,927.2,1984.1,1014.7,1989.2,1109.0,1978.7,1261.0,1979.9,1306.2,1976.5,1221.3,2054.0,1117.5,2088.9,1018.5,2101.3,926.3,2097.7,819.5,2066.9,727.8,1992.1
51.0,0.833,726.6,1987.5,819.5,1918.5,920.7,1888.2,1006.7,1907.3,1098.7,1882.6,1210.4,1916.8,1307.5,1972.8,1262.5,1976.5,1106.7,1968.8,1011.3,1981.7,925.5,1977.3,769.2,1986.9,769.2,1986.9,927.1,1983.3,1014.5,1988.6,1108.8,1978.1,1262.5,1976.5,1307.5,1972.8,1221.3,2051.5,1117.1,2087.4,1018.1,2100.0,926.1,2096.1,818.8,2064.4,726.6,1987.5
52.0,0.85,723.7,1982.8,818.7,1916.2,921.0,1888.0,1006.7,1906.6,1098.3,1882.0,1212.0,1914.1,1311.6,1967.3,1266.6,1971.5,1106.6,1967.4,1011.6,1980.8,926.0,1976.5,766.5,1982.8,766.5,1982.8,927.4,1981.6,1014.5,1986.8,1108.6,1976.2,1266.6,1971.5,1311.6,1967.3,1223.3,2048.6,1117.2,2085.6,1018.5,2098.3,926.7,2094.5,818.2,2062.1,723.7,1982.8
53.0,0.867,721.9,1976.9,817.9,1912.8,919.8,1887.0,1007.4,1905.3,1101.1,1881.1,1216.2,1910.6,1316.8,1960.8,1271.8,1965.6,1109.1,1965.7,1012.2,1979.4,924.5,1974.8,765.1,1977.2,765.1,1977.2,925.0,1979.7,1014.0,1985.3,1110.2,1974.3,1271.8,1965.6,1316.8,1960.8,1227.1,2043.1,1119.0,2082.2,1018.0,2095.1,924.6,2091.0,816.9,2057.2,721.9,1976.9
54.0,0.883,718.6,1968.6,817.1,1909.2,920.3,1885.7,1008.0,1903.5,1101.8,1879.5,1218.5,1906.1,1322.0,1951.6,1277.3,1957.4,1109.8,1962.3,1012.7,1976.7,924.9,1972.2,761.7,1969.6,761.7,1969.6,924.7,1977.5,1013.7,1983.1,1110.0,1971.8,1277.3,1957.4,1322.0,1951.6,1228.9,2038.0,1118.8,2079.3,1017.8,2092.7,924.4,2088.4,815.6,2052.8,718.6,1968.6
55.0,0.9,713.5,1960.6,814.3,1906.3,919.5,1885.3,1007.7,1902.9,1102.3,1878.8,1220.9,1902.0,1327.7,1942.9,1282.9,1949.8,1110.6,1960.3,1012.9,1975.3,924.6,1970.5,756.5,1962.5,756.5,1962.5,924.8,1975.7,1014.3,1981.0,1111.7,1968.9,1282.9,1949.8,1327.7,1942.9,1232.0,2031.9,1119.9,2075.9,1018.1,2090.2,924.2,2086.2,813.0,2049.3,713.5,1960.6
56.0,0.917,710.5,1953.0,812.8,1904.1,918.7,1885.1,1007.7,1902.5,1103.5,1878.7,1223.7,1898.8,1332.8,1934.8,1288.0,1942.8,1111.7,1959.1,1013.0,1974.5,923.8,1969.3,753.7,1955.7,753.7,1955.7,923.7,1974.4,1014.0,1979.9,1112.5,1967.4,1288.0,1942.8,1332.8,1934.8,1234.7,2026.9,1120.8,2074.2,1017.8,2089.1,923.1,2084.9,811.5,2045.9,710.5,1953.0
57.0,0.933,705.5,1942.7,809.7,1899.5,917.3,1883.6,1007.0,1901.3,1104.3,1877.1,1226.5,1893.9,1338.9,1924.9,1294.2,1933.4,1112.1,1954.6,1012.0,1970.6,922.1,1964.7,748.4,1945.7,748.4,1945.7,922.9,1973.8,1014.0,1979.7,1114.0,1966.6,1294.2,1933.4,1338.9,1924.9,1237.9,2020.4,1121.8,2071.1,1017.2,2086.7,921.9,2082.1,808.6,2040.2,705.5,1942.7
58.0,0.95,699.6,1934.5,805.6,1896.0,914.5,1882.0,1005.3,1899.7,1103.8,1875.2,1227.8,1889.2,1343.7,1916.1,1298.9,1925.4,1111.6,1952.2,1010.4,1969.0,919.3,1962.7,742.6,1938.0,742.6,1938.0,919.6,1969.8,1011.8,1975.8,1113.0,1962.3,1298.9,1925.4,1343.7,1916.1,1239.3,2013.9,1120.6,2066.7,1014.8,2082.8,918.5,2078.1,804.2,2035.1,699.6,1934.5
59.0,0.967,697.3,1929.5,804.9,1893.3,915.1,1880.8,1006.1,1898.3,1105.5,1873.5,1229.5,1885.8,1345.4,1910.1,1301.2,1919.9,1113.5,1948.2,1011.3,1965.4,920.1,1958.9,740.1,1933.6,740.1,1933.6,921.1,1971.4,1013.6,1977.4,1115.6,1963.1,1301.2,1919.9,1345.4,1910.1,1241.4,2010.5,1123.2,2065.3,1016.7,2082.2,920.2,2077.7,803.7,2033.4,697.3,1929.5
60.0,0.983,695.0,1923.3,805.4,1891.0,915.9,1880.2,1007.8,1897.3,1108.3,1872.7,1232.1,1883.5,1349.0,1904.2,1305.0,1915.2,1115.6,1944.8,1012.3,1962.8,920.2,1956.1,737.4,1928.8,737.4,1928.8,919.1,1969.9,1012.4,1976.4,1115.5,1961.7,1305.0,1915.2,1349.0,1904.2,1242.0,2006.8,1122.9,2061.2,1015.4,2078.2,918.3,2073.3,802.2,2028.7,695.0,1923.3
61.0,1.0,691.8,1918.0,804.6,1887.1,915.8,1877.7,1008.2,1894.1,1109.2,1869.3,1234.4,1878.5,1353.0,1897.4,1308.9,1908.9,1116.4,1940.7,1012.6,1959.6,920.0,1953.1,734.3,1924.1,734.3,1924.1,917.5,1966.6,1011.2,1973.1,1114.8,1958.2,1308.9,1908.9,1353.0,1897.4,1243.4,2002.6,1122.4,2057.6,1014.5,2074.7,917.0,2069.7,800.4,2024.5,691.8,1918.0
62.0,1.017,688.0,1913.1,800.9,1885.1,912.7,1877.4,1007.4,1894.4,1111.6,1869.0,1237.1,1876.7,1355.7,1893.3,1311.8,1905.0,1118.8,1940.0,1011.6,1959.5,916.8,1952.2,730.3,1919.5,730.3,1919.5,915.1,1965.4,1011.0,1972.3,1117.8,1956.5,1311.8,1905.0,1355.7,1893.3,1246.4,1998.2,1125.1,2055.1,1013.9,2073.2,914.3,2067.8,796.9,2021.3,688.0,1913.1
63.0,1.033,685.9,1910.0,799.5,1884.1,911.2,1877.0,1007.3,1894.1,1113.4,1868.6,1238.5,1875.4,1356.8,1890.0,1313.0,1902.1,1120.2,1938.3,1011.2,1958.2,914.9,1950.5,728.1,1916.5,728.1,1916.5,912.6,1964.3,1009.9,1971.6,1118.5,1955.4,1313.0,1902.1,1356.8,1890.0,1246.9,1995.4,1125.9,2053.6,1012.9,2072.1,912.0,2066.4,795.0,2018.8,685.9,1910.0
64.0,1.05,682.8,1907.4,797.4,1882.6,910.0,1876.6,1005.6,1893.7,1111.1,1868.2,1237.8,1874.3,1358.6,1887.8,1314.7,1899.9,1118.0,1937.7,1009.6,1957.8,913.8,1950.0,725.2,1914.1,725.2,1914.1,911.6,1964.0,1008.5,1971.2,1116.5,1955.1,1314.7,1899.9,1358.6,1887.8,1246.5,1994.8,1123.6,2052.9,1011.2,2071.2,910.8,2065.5,792.8,2017.4,682.8,1907.4
65.0,1.067,679.9,1905.9,794.5,1881.5,907.9,1876.0,1003.1,1893.5,1108.0,1868.0,1235.9,1873.7,1358.7,1887.5,1314.6,1899.1,1115.2,1938.6,1007.4,1958.4,911.9,1950.4,722.7,1912.6,722.7,1912.6,910.6,1962.9,1007.1,1970.1,1114.5,1954.2,1314.6,1899.1,1358.7,1887.5,1245.6,1994.4,1121.5,2052.4,1009.6,2070.3,909.6,2064.8,790.5,2016.6,679.9,1905.9
66.0,1.083,678.2,1905.6,793.6,1882.1,907.3,1876.3,1002.2,1893.7,1106.9,1868.6,1234.9,1874.4,1358.1,1887.5,1314.1,1899.7,1113.9,1938.7,1006.3,1958.3,911.0,1950.4,720.7,1912.8,720.7,1912.8,908.9,1962.8,1005.1,1970.1,1112.3,1954.5,1314.1,1899.7,1358.1,1887.5,1243.6,1994.5,1119.2,2052.5,1007.5,2070.3,907.7,2064.6,789.0,2016.2,678.2,1905.6
67.0,1.1,677.5,1905.4,792.2,1882.2,905.7,1876.5,1001.2,1893.9,1106.7,1868.7,1235.0,1874.3,1357.9,1887.5,1313.7,1899.7,1113.6,1938.7,1005.3,1958.5,909.4,1950.4,720.0,1912.4,720.0,1912.4,907.5,1962.8,1004.4,1970.3,1112.3,1954.4,1313.7,1899.7,1357.9,1887.5,1243.7,1994.3,1119.2,2052.7,1006.7,2070.7,906.3,2064.8,787.9,2016.2,677.5,1905.4
68.0,1.117,677.1,1904.2,792.5,1882.1,907.0,1876.3,1001.8,1893.6,1106.7,1868.6,1235.0,1874.3,1358.7,1886.9,1314.7,1899.5,1113.7,1938.3,1005.9,1958.0,910.7,1949.8,719.3,1911.9,719.3,1911.9,908.6,1963.1,1004.8,1970.4,1112.2,1954.5,1314.7,1899.5,1358.7,1886.9,1243.5,1994.4,1118.8,2052.2,1007.0,2070.3,907.3,2064.5,787.8,2016.1,677.1,1904.2
69.0,1.133,675.9,1903.7,792.7,1881.6,907.6,1875.9,1002.1,1892.8,1106.0,1867.8,1235.5,1873.2,1360.6,1885.6,1316.4,1898.3,1113.1,1937.4,1006.3,1957.4,911.3,1949.6,718.6,1911.5,718.6,1911.5,908.8,1961.7,1004.7,1968.9,1111.1,1953.3,1316.4,1898.3,1360.6,1885.6,1244.0,1994.9,1118.2,2052.0,1007.3,2069.5,907.8,2063.9,787.9,2015.7,675.9,1903.7
70.0,1.15,676.4,1903.9,793.2,1881.3,907.8,1875.6,1002.5,1892.7,1106.4,1867.6,1235.8,1873.1,1360.9,1886.0,1316.5,1898.3,1113.4,1937.5,1006.6,1957.5,911.5,1949.6,719.4,1911.4,719.4,1911.4,909.0,1961.0,1005.0,1968.3,1111.4,1952.7,1316.5,1898.3,1360.9,1886.0,1244.3,1994.9,1118.7,2051.9,1007.7,2069.3,908.1,2063.6,788.4,2015.3,676.4,1903.9
71.0,1.167,676.3,1904.0,792.5,1881.4,906.9,1875.5,1002.2,1892.8,1107.0,1867.7,1236.2,1873.2,1360.5,1886.5,1316.0,1898.8,1114.0,1937.8,1006.3,1957.8,910.6,1949.7,719.3,1911.5,719.3,1911.5,908.4,1961.4,1005.0,1968.8,1112.3,1953.0,1316.0,1898.8,1360.5,1886.5,1244.7,1994.4,1119.5,2051.9,1007.7,2069.7,907.5,2064.0,787.9,2015.7,676.3,1904.0
72.0,1.183,674.1,1904.5,790.9,1881.9,905.7,1875.7,1000.8,1893.1,1105.3,1867.7,1235.3,1873.4,1361.6,1886.2,1316.6,1898.7,1112.6,1939.2,1005.1,1959.1,909.6,1951.1,717.2,1912.2,717.2,1912.2,906.8,1960.8,1003.2,1967.9,1110.2,1952.3,1316.6,1898.7,1361.6,1886.2,1243.8,1994.9,1117.4,2052.5,1005.8,2070.2,905.9,2064.6,786.0,2016.5,674.1,1904.5
73.0,1.2,675.5,1906.7,791.2,1882.9,905.5,1876.2,1001.0,1893.4,1105.8,1867.9,1234.5,1873.6,1359.0,1887.4,1314.4,1899.7,1113.1,1938.1,1005.3,1958.3,909.6,1950.4,718.5,1914.0,718.5,1914.0,907.3,1963.7,1004.0,1970.7,1111.3,1954.7,1314.4,1899.7,1359.0,1887.4,1243.5,1995.4,1118.6,2053.2,1006.7,2071.2,906.6,2066.0,786.9,2018.3,675.5,1906.7
74.0,1.217,674.4,1906.3,790.0,1883.6,905.0,1876.7,1000.4,1894.0,1105.1,1868.6,1234.0,1874.5,1358.0,1888.2,1313.6,1900.5,1112.2,1938.8,1004.7,1959.0,909.0,1950.8,717.4,1913.9,717.4,1913.9,907.9,1962.4,1004.8,1969.6,1111.7,1954.1,1313.6,1900.5,1358.0,1888.2,1244.0,1996.6,1119.8,2054.0,1008.1,2071.8,907.7,2066.5,786.9,2018.8,674.4,1906.3
75.0,1.233,673.7,1906.4,789.6,1883.0,904.5,1876.5,1000.3,1893.7,1105.7,1868.0,1235.1,1873.7,1359.2,1887.5,1314.8,1899.7,1113.1,1938.3,1004.8,1958.7,908.7,1950.6,716.9,1913.9,716.9,1913.9,907.5,1962.6,1004.8,1969.8,1112.5,1953.9,1314.8,1899.7,1359.2,1887.5,1245.2,1996.3,1120.6,2054.0,1008.3,2072.0,907.4,2066.6,786.4,2018.7,673.7,1906.4
76.0,1.25,673.5,1906.0,789.8,1882.4,905.3,1876.6,999.9,1893.8,1103.7,1868.2,1234.2,1873.3,1360.2,1887.2,1315.8,1899.1,1111.4,1938.6,1004.8,1958.9,909.8,1951.0,717.0,1913.6,717.0,1913.6,909.7,1963.2,1005.9,1970.0,1112.1,1954.5,1315.8,1899.1,1360.2,1887.2,1245.8,1996.7,1120.2,2054.2,1009.3,2071.8,909.5,2066.8,787.2,2019.2,673.5,1906.0
77.0,1.267,674.5,1906.9,790.3,1882.5,906.0,1876.2,1001.2,1893.5,1105.6,1867.6,1235.4,1873.1,1359.5,1887.8,1315.6,1899.3,1113.3,1937.8,1005.9,1958.3,910.5,1950.4,717.9,1914.1,717.9,1914.1,911.0,1964.7,1007.8,1971.6,1114.6,1955.6,1315.6,1899.3,1359.5,1887.8,1247.3,1997.5,1122.9,2055.1,1011.4,2073.2,911.0,2068.1,788.1,2020.4,674.5,1906.9
78.0,1.283,674.2,1907.0,788.7,1881.9,903.5,1875.8,1000.1,1893.4,1106.5,1867.5,1236.1,1873.2,1358.9,1888.5,1315.1,1899.8,1113.9,1938.0,1004.8,1958.4,907.7,1950.1,717.6,1914.0,717.6,1914.0,908.3,1964.9,1006.7,1972.1,1115.4,1956.1,1315.1,1899.8,1358.9,1888.5,1248.0,1997.1,1123.5,2055.4,1010.1,2073.4,908.1,2068.0,786.4,2019.6,674.2,1907.0
79.0,1.3,674.1,1907.5,787.8,1882.3,902.4,1875.4,999.7,1893.1,1106.6,1866.9,1235.7,1872.9,1358.2,1888.5,1314.1,1899.8,1114.2,1938.3,1004.3,1958.8,906.8,1950.5,717.5,1914.2,717.5,1914.2,907.0,1964.1,1005.8,1971.3,1115.1,1955.0,1314.1,1899.8,1358.2,1888.5,1247.2,1996.7,1123.3,2055.3,1009.2,2073.6,906.9,2068.3,785.5,2020.1,674.1,1907.5
80.0,1.317,673.2,1907.4,788.0,1882.5,902.8,1875.8,999.6,1893.5,1105.8,1867.1,1235.3,1873.3,1359.0,1888.6,1314.6,1899.8,1113.3,1938.8,1004.1,1959.5,907.1,1951.3,716.7,1914.1,716.7,1914.1,907.0,1962.6,1005.3,1969.8,1113.9,1953.9,1314.6,1899.8,1359.0,1888.6,1246.7,1997.2,1122.0,2055.2,1008.7,2073.3,906.7,2067.9,785.3,2019.8,673.2,1907.4
81.0,1.333,674.5,1907.7,787.6,1881.5,901.9,1874.5,998.8,1892.3,1105.4,1865.9,1234.7,1872.6,1356.8,1889.0,1312.6,1900.0,1113.1,1938.7,1003.6,1959.1,906.4,1950.9,718.1,1914.1,718.1,1914.1,907.0,1963.4,1005.6,1970.7,1114.7,1954.3,1312.6,1900.0,1356.8,1889.0,1246.7,1997.4,1122.7,2056.0,1008.9,2074.3,906.6,2068.9,785.4,2020.3,674.5,1907.7
82.0,1.35,674.0,1907.4,787.4,1881.4,902.2,1874.6,998.4,1892.3,1104.4,1866.0,1234.2,1872.2,1357.6,1888.4,1313.3,1899.4,1112.3,1937.9,1003.4,1958.4,906.8,1950.3,717.6,1913.7,717.6,1913.7,907.8,1965.8,1005.8,1972.8,1114.2,1956.4,1313.3,1899.4,1357.6,1888.4,1246.6,1997.7,1121.9,2056.5,1008.8,2074.8,907.1,2069.6,785.2,2020.9,674.0,1907.4
83.0,1.367,673.6,1907.2,786.5,1881.3,901.0,1874.4,998.3,1892.2,1105.2,1865.9,1235.3,1871.5,1358.5,1887.9,1314.1,1899.0,1113.1,1938.3,1003.2,1958.9,905.6,1950.6,717.4,1913.5,717.4,1913.5,906.3,1964.2,1005.2,1971.3,1114.7,1954.8,1314.1,1899.0,1358.5,1887.9,1247.6,1996.4,1122.5,2055.6,1008.3,2074.0,905.7,2068.7,784.4,2020.3,673.6,1907.2
84.0,1.383,673.8,1908.0,786.6,1881.4,900.5,1873.8,999.1,1891.5,1107.6,1864.9,1237.0,1871.5,1358.3,1888.1,1313.8,1899.2,1115.5,1937.9,1004.0,1958.8,905.1,1950.5,717.6,1914.5,717.6,1914.5,905.4,1962.1,1005.6,1969.4,1116.7,1952.6,1313.8,1899.2,1358.3,1888.1,1248.9,1996.0,1124.9,2054.5,1009.1,2073.2,905.3,2067.8,784.4,2019.9,673.8,1908.0
85.0,1.4,673.4,1907.3,786.8,1881.0,901.0,1874.1,998.8,1891.7,1106.5,1865.1,1236.0,1871.2,1358.0,1887.5,1313.5,1898.6,1114.5,1937.6,1003.7,1958.5,905.8,1950.2,717.2,1913.9,717.2,1913.9,906.3,1963.1,1005.7,1970.4,1116.0,1953.6,1313.5,1898.6,1358.0,1887.5,1248.3,1996.4,1124.2,2055.2,1009.3,2073.8,906.2,2068.6,784.7,2020.3,673.4,1907.3
86.0,1.417,673.1,1907.0,786.4,1881.0,900.7,1874.1,997.5,1891.8,1104.1,1865.5,1234.3,1871.4,1357.7,1887.6,1313.0,1898.5,1112.0,1938.0,1002.5,1958.4,905.4,1950.2,717.1,1913.4,717.1,1913.4,906.2,1963.6,1004.8,1970.9,1113.9,1954.7,1313.0,1898.5,1357.7,1887.6,1247.0,1996.9,1122.3,2056.1,1008.5,2074.2,906.2,2069.0,784.8,2020.3,673.1,1907.0
87.0,1.433,671.4,1907.6,784.7,1881.6,898.8,1874.5,996.2,1892.2,1103.3,1865.8,1233.2,1872.0,1356.2,1888.3,1311.3,1899.0,1111.1,1938.3,1001.0,1958.9,903.5,1950.6,715.5,1913.7,715.5,1913.7,904.1,1962.8,1003.0,1970.3,1112.6,1954.0,1311.3,1899.0,1356.2,1888.3,1245.4,1996.9,1121.0,2055.9,1006.7,2074.1,904.2,2068.8,783.0,2020.1,671.4,1907.6
88.0,1.45,670.3,1907.3,782.6,1881.3,896.7,1874.3,995.1,1892.4,1103.5,1866.1,1233.2,1872.4,1355.2,1889.1,1310.4,1899.8,1111.2,1938.8,999.8,1959.3,901.1,1950.5,714.3,1913.5,714.3,1913.5,901.8,1963.9,1002.0,1971.6,1113.0,1955.1,1310.4,1899.8,1355.2,1889.1,1245.4,1997.3,1121.1,2056.6,1005.4,2074.9,901.7,2069.3,780.7,2020.3,670.3,1907.3
89.0,1.467,670.3,1907.1,783.1,1881.0,897.4,1874.1,995.0,1892.4,1102.6,1866.0,1232.5,1872.2,1355.4,1888.9,1310.7,1899.5,1110.4,1939.2,999.8,1959.4,901.9,1950.8,714.3,1913.2,714.3,1913.2,902.7,1963.8,1001.9,1971.3,1112.0,1955.1,1310.7,1899.5,1355.4,1888.9,1244.7,1996.9,1120.0,2056.4,1005.1,2074.6,902.3,2069.1,781.1,2020.0,670.3,1907.1
90.0,1.483,669.9,1907.9,782.5,1881.2,896.3,1874.1,994.3,1892.3,1102.4,1865.8,1232.0,1872.8,1354.0,1890.2,1309.3,1900.5,1110.0,1938.7,998.8,1959.0,900.6,1950.3,713.7,1913.9,713.7,1913.9,901.2,1962.9,1001.0,1970.7,1111.5,1954.7,1309.3,1900.5,1354.0,1890.2,1243.9,1997.4,1119.5,2056.1,1004.2,2074.1,900.9,2068.3,780.4,2019.4,669.9,1907.9
91.0,1.5,669.8,1907.0,782.7,1880.7,896.9,1873.9,993.7,1891.9,1100.1,1865.8,1230.4,1872.2,1353.7,1889.3,1309.2,1900.0,1107.8,1938.3,998.4,1958.6,901.3,1950.2,713.7,1913.3,713.7,1913.3,901.9,1963.9,1000.5,1971.4,1109.4,1955.6,1309.2,1900.0,1353.7,1889.3,1242.7,1998.3,1117.2,2056.5,1003.6,2074.1,901.4,2068.5,780.4,2019.8,669.8,1907.0
92.0,1.517,670.0,1907.0,781.7,1880.0,895.3,1872.7,994.0,1890.9,1103.0,1864.3,1232.0,1871.5,1352.6,1889.1,1308.2,1899.7,1110.8,1937.6,998.8,1958.1,899.9,1949.4,713.7,1913.2,713.7,1913.2,900.8,1962.4,1001.1,1970.0,1112.6,1953.5,1308.2,1899.7,1352.6,1889.1,1244.1,1996.2,1120.5,2055.2,1004.4,2073.7,900.4,2068.0,779.7,2019.3,670.0,1907.0
93.0,1.533,669.9,1905.7,782.7,1879.4,897.0,1872.0,994.3,1890.1,1101.6,1863.7,1230.9,1870.8,1353.3,1887.9,1308.8,1898.9,1109.5,1937.2,999.2,1957.6,901.7,1949.0,713.6,1912.3,713.6,1912.3,902.3,1961.5,1001.2,1968.9,1110.9,1952.7,1308.8,1898.9,1353.3,1887.9,1243.0,1996.0,1118.8,2054.7,1004.3,2073.0,901.7,2067.6,780.4,2019.1,669.9,1905.7
94.0,1.55,669.4,1904.8,781.9,1878.6,896.0,1871.7,993.6,1889.9,1101.3,1863.6,1231.0,1870.1,1353.3,1887.2,1308.7,1898.0,1109.0,1936.6,998.4,1957.0,900.5,1948.4,713.1,1911.2,713.1,1911.2,901.3,1962.5,1000.6,1970.1,1110.7,1953.9,1308.7,1898.0,1353.3,1887.2,1243.2,1995.9,1118.4,2055.1,1003.6,2073.3,900.6,2067.5,779.6,2018.3,669.4,1904.8
95.0,1.567,669.8,1904.9,781.9,1878.4,895.9,1871.1,993.4,1889.1,1100.8,1862.9,1230.6,1869.6,1353.1,1887.0,1308.5,1897.7,1108.7,1936.1,998.2,1956.4,900.5,1947.9,713.7,1911.1,713.7,1911.1,901.3,1961.8,1000.5,1969.2,1110.5,1953.0,1308.5,1897.7,1353.1,1887.0,1242.9,1995.6,1118.1,2054.4,1003.4,2072.4,900.6,2066.8,779.7,2017.9,669.8,1904.9
96.0,1.583,670.0,1904.9,781.9,1877.5,895.5,1870.4,993.0,1888.4,1100.2,1862.5,1230.4,1868.8,1353.0,1887.1,1308.3,1897.6,1107.9,1936.2,998.0,1956.4,900.0,1948.0,714.2,1911.0,714.2,1911.0,900.7,1961.3,1000.0,1968.7,1109.7,1952.8,1308.3,1897.6,1353.0,1887.1,1243.0,1995.3,1117.5,2054.0,1003.0,2071.8,900.2,2066.3,779.7,2017.5,670.0,1904.9
97.0,1.6,670.1,1904.4,783.5,1877.9,897.9,1870.3,993.9,1888.3,1099.2,1862.4,1229.1,1869.3,1353.3,1886.8,1308.3,1897.5,1106.9,1935.7,998.6,1955.8,902.4,1947.5,714.1,1910.7,714.1,1910.7,902.6,1960.1,1000.1,1967.3,1107.9,1951.8,1308.3,1897.5,1353.3,1886.8,1240.8,1995.0,1115.4,2052.9,1002.9,2070.3,901.8,2065.0,780.9,2016.7,670.1,1904.4
98.0,1.617,669.8,1903.2,782.8,1876.7,896.7,1869.8,993.1,1887.8,1099.0,1862.1,1229.2,1868.8,1352.8,1886.4,1308.0,1897.0,1106.8,1935.3,997.9,1955.3,901.1,1946.9,713.8,1909.7,713.8,1909.7,901.3,1959.2,999.4,1966.6,1107.9,1951.0,1308.0,1897.0,1352.8,1886.4,1241.0,1994.7,1115.5,2052.3,1002.3,2069.6,900.6,2064.1,780.0,2015.5,669.8,1903.2
99.0,1.633,671.0,1902.4,784.3,1876.3,898.5,1869.2,994.3,1887.0,1099.6,1861.3,1229.2,1868.0,1352.8,1885.1,1308.1,1896.0,1107.4,1933.9,999.1,1953.7,903.0,1945.4,714.9,1909.1,714.9,1909.1,903.2,1959.2,1000.6,1966.4,1108.5,1950.7,1308.1,1896.0,1352.8,1885.1,1241.0,1993.5,1116.3,2051.1,1003.8,2068.6,902.8,2063.3,781.7,2015.3,671.0,1902.4
100.0,1.65,670.7,1900.7,785.1,1876.2,899.4,1870.0,995.5,1887.7,1101.5,1861.9,1230.5,1868.5,1354.1,1884.2,1309.6,1895.4,1108.8,1932.8,999.8,1953.0,903.5,1944.5,714.1,1907.7,714.1,1907.7,903.2,1960.0,1000.8,1967.6,1109.2,1951.9,1309.6,1895.4,1354.1,1884.2,1241.3,1992.9,1116.6,2050.5,1003.6,2068.1,902.4,2062.5,781.7,2014.0,670.7,1900.7
101.0,1.667,671.0,1898.7,786.4,1876.2,901.6,1870.7,996.5,1888.4,1101.2,1862.8,1230.6,1868.6,1355.9,1882.9,1311.5,1894.2,1108.5,1932.9,1000.8,1953.1,905.7,1944.4,714.3,1906.0,714.3,1906.0,905.4,1959.8,1001.9,1967.3,1108.9,1951.7,1311.5,1894.2,1355.9,1882.9,1241.4,1992.4,1116.1,2049.8,1004.5,2067.1,904.6,2061.7,783.0,2013.0,671.0,1898.7
102.0,1.683,670.8,1898.6,787.1,1876.5,901.8,1871.3,997.0,1888.8,1101.9,1863.4,1231.5,1868.6,1357.0,1882.2,1312.2,1893.7,1108.9,1932.9,1001.0,1953.2,905.6,1944.7,714.2,1905.8,714.2,1905.8,904.5,1960.0,1001.2,1967.7,1108.4,1952.3,1312.2,1893.7,1357.0,1882.2,1241.4,1992.3,1115.6,2050.3,1003.8,2067.5,903.6,2061.9,783.1,2012.5,670.8,1898.6
103.0,1.7,670.7,1898.2,787.8,1876.6,903.1,1871.3,997.8,1888.8,1102.1,1863.4,1231.9,1868.6,1358.1,1882.1,1313.4,1893.9,1109.1,1933.4,1001.8,1953.6,906.8,1945.1,714.2,1905.9,714.2,1905.9,905.4,1960.0,1001.6,1967.6,1108.3,1952.2,1313.4,1893.9,1358.1,1882.1,1241.6,1992.5,1115.4,2050.3,1004.2,2067.5,904.6,2061.9,783.4,2012.9,670.7,1898.2
104.0,1.717,671.5,1898.8,788.6,1877.4,903.2,1871.9,999.1,1889.2,1105.0,1863.3,1233.6,1868.7,1358.0,1881.4,1313.3,1893.7,1111.8,1933.2,1002.9,1953.9,906.8,1945.4,714.9,1906.5,714.9,1906.5,905.0,1959.4,1002.3,1967.2,1110.3,1951.3,1313.3,1893.7,1358.0,1881.4,1242.7,1991.9,1117.8,2050.3,1005.2,2068.1,904.4,2062.4,784.0,2013.3,671.5,1898.8
105.0,1.733,671.1,1898.2,788.8,1877.7,904.2,1872.2,999.1,1889.8,1103.6,1863.9,1232.9,1868.7,1359.2,1880.9,1314.4,1893.1,1110.5,1934.5,1003.0,1955.2,907.9,1946.6,714.5,1905.9,714.5,1905.9,906.2,1958.8,1002.3,1966.4,1109.0,1950.7,1314.4,1893.1,1359.2,1880.9,1242.1,1991.6,1116.2,2050.1,1004.9,2067.7,905.3,2062.2,784.3,2013.0,671.1,1898.2
106.0,1.75,672.2,1898.9,789.8,1878.3,904.7,1873.1,998.9,1890.5,1102.5,1864.6,1231.4,1869.0,1357.7,1881.0,1312.9,1893.0,1109.3,1934.8,1002.8,1955.4,908.4,1947.0,715.8,1906.2,715.8,1906.2,907.0,1959.2,1002.5,1966.7,1108.1,1951.3,1312.9,1893.0,1357.7,1881.0,1241.1,1991.7,1115.7,2050.3,1005.4,2067.8,906.4,2062.6,785.7,2013.6,672.2,1898.9
107.0,1.767,671.7,1901.5,788.2,1879.6,902.4,1874.4,997.1,1891.8,1100.9,1866.3,1230.1,1871.0,1355.6,1884.2,1310.8,1895.9,1107.7,1936.9,1001.1,1957.2,906.1,1948.9,715.3,1908.6,715.3,1908.6,904.5,1959.7,1000.5,1967.0,1106.6,1951.8,1310.8,1895.9,1355.6,1884.2,1239.6,1993.3,1113.9,2051.3,1003.1,2068.6,903.6,2063.1,784.0,2014.3,671.7,1901.5
108.0,1.783,672.4,1905.5,787.3,1882.3,900.9,1877.0,995.5,1893.8,1098.1,1869.3,1226.9,1874.4,1351.1,1889.7,1306.6,1901.5,1104.8,1939.6,999.6,1959.8,904.5,1951.6,715.9,1912.8,715.9,1912.8,902.4,1961.6,998.3,1968.4,1103.3,1953.7,1306.6,1901.5,1351.1,1889.7,1235.8,1998.5,1110.7,2054.2,1000.8,2070.7,901.4,2065.3,782.8,2018.0,672.4,1905.5
109.0,1.8,677.4,1913.6,789.4,1885.9,902.0,1879.6,996.7,1896.8,1098.8,1873.8,1225.3,1881.0,1342.9,1901.1,1300.1,1912.0,1105.5,1945.2,1001.4,1963.6,905.7,1955.3,720.8,1920.9,720.8,1920.9,905.0,1961.9,1001.2,1968.1,1105.6,1954.0,1300.1,1912.0,1342.9,1901.1,1234.7,2004.5,1114.1,2057.3,1004.7,2073.1,904.7,2067.5,786.3,2022.2,677.4,1913.6
110.0,1.817,685.5,1924.5,793.2,1890.8,904.4,1882.7,999.5,1899.9,1101.4,1877.9,1224.1,1887.4,1333.5,1913.5,1292.5,1923.3,1108.1,1949.9,1004.4,1967.2,908.2,1959.2,728.6,1930.9,728.6,1930.9,909.3,1965.4,1006.0,1970.9,1110.1,1956.8,1292.5,1923.3,1333.5,1913.5,1234.1,2011.0,1119.3,2061.5,1010.0,2077.2,909.3,2071.7,791.7,2028.8,685.5,1924.5
111.0,1.833,692.6,1933.9,797.6,1894.8,906.2,1883.6,1003.7,1900.9,1108.3,1879.2,1224.7,1893.5,1325.0,1925.6,1284.7,1936.0,1114.7,1952.3,1007.9,1969.3,909.6,1961.2,734.8,1940.7,734.8,1940.7,907.6,1964.5,1006.0,1969.9,1112.6,1955.0,1284.7,1936.0,1325.0,1925.6,1229.6,2015.9,1120.8,2062.2,1009.4,2078.0,906.9,2071.9,793.0,2032.2,692.6,1933.9
112.0,1.85,700.3,1942.6,803.4,1897.0,910.6,1881.7,1005.6,1899.1,1106.8,1878.1,1221.6,1897.0,1318.6,1935.9,1277.9,1945.6,1112.9,1953.8,1009.5,1969.3,913.6,1961.8,742.6,1949.0,742.6,1949.0,911.1,1964.1,1007.0,1969.6,1110.3,1956.0,1277.9,1945.6,1318.6,1935.9,1225.6,2022.3,1118.8,2064.6,1010.7,2079.2,910.5,2073.1,798.9,2035.9,700.3,1942.6
113.0,1.867,707.5,1951.9,806.5,1899.3,911.6,1879.4,1004.9,1897.6,1104.4,1876.2,1217.6,1900.2,1312.7,1945.1,1271.2,1952.7,1110.8,1953.9,1008.8,1968.1,914.8,1961.2,749.6,1955.9,749.6,1955.9,913.6,1965.8,1007.6,1971.4,1109.2,1958.3,1271.2,1952.7,1312.7,1945.1,1222.4,2025.8,1117.1,2066.2,1010.7,2080.3,912.3,2074.4,803.2,2038.5,707.5,1951.9
114.0,1.883,712.4,1958.2,809.1,1900.7,913.0,1876.8,1003.0,1894.9,1098.5,1873.4,1211.0,1900.8,1307.7,1950.3,1264.9,1956.9,1105.2,1953.4,1007.0,1967.0,916.5,1961.0,754.5,1960.7,754.5,1960.7,915.1,1965.9,1005.7,1971.1,1103.4,1958.9,1264.9,1956.9,1307.7,1950.3,1216.0,2028.5,1110.7,2066.6,1008.4,2080.0,913.4,2074.9,806.0,2041.0,712.4,1958.2
115.0,1.9,714.0,1962.7,809.4,1901.8,912.4,1875.5,1001.9,1893.7,1096.8,1871.3,1208.2,1901.4,1304.4,1953.8,1260.7,1959.5,1103.4,1952.5,1005.6,1966.2,915.9,1960.6,756.3,1963.9,756.3,1963.9,914.9,1964.9,1004.9,1970.2,1101.7,1958.3,1260.7,1959.5,1304.4,1953.8,1213.6,2030.3,1109.3,2066.7,1007.8,2079.9,913.3,2075.3,806.8,2043.0,714.0,1962.7
116.0,1.917,715.0,1965.5,809.6,1902.2,911.6,1873.9,1000.7,1892.3,1095.0,1869.6,1205.6,1901.3,1301.2,1956.1,1256.8,1961.1,1101.4,1951.6,1004.3,1965.1,914.9,1959.8,757.2,1966.3,757.2,1966.3,914.0,1963.6,1003.7,1968.9,1099.9,1957.3,1256.8,1961.1,1301.2,1956.1,1211.3,2030.7,1107.7,2066.0,1006.6,2079.2,912.5,2074.6,807.1,2043.7,715.0,1965.5
117.0,1.933,716.3,1967.1,809.0,1901.9,910.3,1873.1,999.0,1891.9,1092.9,1868.8,1202.7,1901.8,1297.9,1957.9,1253.4,1962.0,1099.6,1951.7,1002.6,1964.9,913.8,1959.6,758.5,1966.9,758.5,1966.9,913.8,1962.7,1003.1,1968.0,1098.9,1956.9,1253.4,1962.0,1297.9,1957.9,1209.4,2031.0,1106.4,2065.7,1005.7,2078.5,912.0,2074.2,807.1,2043.4,716.3,1967.1
118.0,1.95,716.9,1968.9,809.1,1901.8,909.3,1872.4,997.5,1891.3,1090.8,1867.7,1200.4,1901.5,1294.7,1958.6,1250.0,1962.4,1097.7,1952.1,1001.3,1965.4,913.1,1960.3,759.3,1968.4,759.3,1968.4,913.5,1961.9,1002.4,1967.2,1097.5,1956.0,1250.0,1962.4,1294.7,1958.6,1207.8,2032.0,1105.4,2066.7,1005.3,2079.7,912.0,2075.3,807.6,2044.9,716.9,1968.9
119.0,1.967,717.7,1969.5,808.9,1901.4,908.4,1872.1,996.5,1891.4,1089.8,1867.9,1199.2,1902.1,1292.8,1960.1,1248.0,1963.2,1096.8,1952.7,1000.4,1965.7,912.2,1960.5,760.4,1968.7,760.4,1968.7,912.8,1961.7,1001.7,1967.1,1097.0,1955.9,1248.0,1963.2,1292.8,1960.1,1206.9,2032.8,1104.9,2067.0,1004.7,2080.0,911.4,2075.4,807.5,2045.0,717.7,1969.5
120.0,1.983,719.5,1970.3,809.8,1901.6,908.7,1872.5,996.4,1891.9,1089.3,1868.3,1198.3,1902.7,1291.1,1960.6,1246.5,1963.4,1096.5,1953.3,1000.4,1966.1,912.7,1960.9,762.3,1969.0,762.3,1969.0,913.8,1962.5,1002.1,1968.1,1097.2,1956.7,1246.5,1963.4,1291.1,1960.6,1206.4,2033.4,1105.2,2068.3,1005.4,2081.3,912.4,2076.6,808.9,2045.6,719.5,1970.3
121.0,2.0,719.5,1971.1,809.9,1902.3,909.3,1872.6,996.6,1892.0,1089.1,1868.5,1198.7,1903.3,1292.1,1961.1,1247.1,1964.1,1096.5,1954.0,1000.8,1966.6,913.6,1961.5,762.3,1969.7,762.3,1969.7,914.8,1962.8,1002.8,1968.3,1097.5,1957.2,1247.1,1964.1,1292.1,1961.1,1207.1,2034.5,1105.5,2069.7,1006.0,2082.6,913.3,2077.9,809.2,2046.7,719.5,1971.1
122.0,2.017,721.0,1972.6,811.2,1903.4,910.1,1873.7,998.2,1892.6,1091.7,1868.7,1200.5,1903.6,1292.5,1961.7,1247.7,1964.7,1099.1,1953.9,1002.4,1966.8,914.3,1962.0,763.9,1971.2,763.9,1971.2,915.4,1964.4,1004.3,1969.8,1100.0,1958.4,1247.7,1964.7,1292.5,1961.7,1209.0,2034.7,1108.2,2069.1,1007.8,2082.0,914.3,2077.7,810.5,2047.0,721.0,1972.6
123.0,2.033,722.2,1973.0,811.6,1903.7,910.1,1874.0,998.0,1893.3,1091.1,1869.5,1200.1,1904.4,1292.2,1962.6,1247.4,1965.2,1098.4,1955.3,1002.1,1968.0,914.3,1963.0,765.3,1971.1,765.3,1971.1,915.7,1964.6,1004.4,1970.2,1099.7,1959.1,1247.4,1965.2,1292.2,1962.6,1209.0,2035.6,1107.9,2070.3,1007.9,2083.0,914.5,2078.4,811.1,2047.3,722.2,1973.0
124.0,2.05,721.5,1973.6,812.2,1903.9,911.4,1873.8,998.9,1893.1,1091.6,1869.2,1201.3,1904.6,1294.5,1963.0,1249.4,1965.9,1099.1,1956.3,1003.1,1968.9,915.6,1964.1,764.7,1972.2,764.7,1972.2,916.3,1963.2,1004.6,1968.8,1099.5,1957.8,1249.4,1965.9,1294.5,1963.0,1209.6,2036.6,1107.8,2070.7,1008.2,2083.3,915.2,2078.8,811.2,2048.0,721.5,1973.6
125.0,2.067,722.5,1973.1,813.0,1904.1,911.8,1874.5,999.7,1893.8,1092.8,1870.0,1201.9,1905.4,1294.2,1963.2,1249.5,1966.2,1100.2,1956.2,1003.7,1968.8,915.9,1963.7,765.6,1972.1,765.6,1972.1,916.7,1964.7,1005.4,1970.5,1100.8,1959.5,1249.5,1966.2,1294.2,1963.2,1210.3,2037.3,1109.2,2071.7,1009.0,2084.3,915.7,2079.6,811.8,2048.4,722.5,1973.1
126.0,2.083,722.8,1974.5,813.1,1904.8,911.9,1875.4,1000.1,1894.6,1093.8,1870.6,1202.8,1905.5,1295.0,1963.6,1250.3,1966.5,1101.3,1956.0,1004.3,1968.8,916.2,1963.9,766.0,1973.1,766.0,1973.1,917.4,1967.0,1006.4,1972.7,1102.3,1961.4,1250.3,1966.5,1295.0,1963.6,1211.7,2037.1,1110.7,2071.9,1010.1,2084.8,916.4,2080.4,812.3,2049.4,722.8,1974.5
127.0,2.1,722.5,1974.3,812.4,1904.9,911.6,1875.0,1000.1,1894.7,1094.4,1870.7,1203.6,1906.0,1295.8,1964.1,1251.1,1967.0,1101.8,1956.7,1004.3,1969.2,916.0,1963.9,765.6,1973.1,765.6,1973.1,917.8,1966.7,1007.1,1972.5,1103.6,1961.3,1251.1,1967.0,1295.8,1964.1,1213.0,2037.4,1112.1,2072.7,1010.9,2085.7,916.8,2081.1,812.0,2049.9,722.5,1974.3
128.0,2.117,723.2,1974.1,812.9,1905.2,912.0,1875.3,1000.0,1895.1,1093.6,1871.1,1203.0,1906.6,1295.9,1964.4,1251.1,1967.0,1100.9,1957.4,1004.1,1969.6,916.2,1964.3,766.3,1972.6,766.3,1972.6,917.9,1966.7,1006.8,1972.7,1102.6,1961.9,1251.1,1967.0,1295.9,1964.4,1212.3,2037.7,1110.9,2073.0,1010.3,2085.6,916.8,2080.9,812.5,2049.2,723.2,1974.1
129.0,2.133,723.0,1973.6,813.3,1905.6,913.2,1875.1,1000.9,1895.1,1094.4,1871.0,1203.5,1906.5,1296.5,1964.0,1251.6,1966.9,1101.6,1957.1,1004.9,1969.2,917.3,1963.7,766.1,1972.4,766.1,1972.4,919.2,1966.3,1007.9,1972.3,1103.5,1961.5,1251.6,1966.9,1296.5,1964.0,1212.8,2037.5,1112.1,2072.8,1011.6,2085.6,918.3,2081.0,813.3,2049.6,723.0,1973.6
130.0,2.15,722.4,1973.6,813.2,1905.4,913.1,1875.8,1000.3,1895.7,1093.3,1871.5,1202.9,1906.4,1296.1,1963.6,1251.6,1966.3,1100.7,1957.3,1004.4,1969.7,917.3,1964.3,765.4,1972.4,765.4,1972.4,919.8,1967.4,1008.1,1973.3,1103.2,1962.7,1251.6,1966.3,1296.1,1963.6,1213.0,2037.9,1111.7,2073.3,1011.9,2086.0,918.8,2081.4,813.3,2049.8,722.4,1973.6
131.0,2.167,721.5,1973.6,812.6,1905.1,912.8,1875.2,1000.0,1895.2,1093.0,1870.9,1202.4,1906.3,1296.2,1963.6,1251.7,1966.6,1100.3,1957.2,1004.1,1969.4,917.0,1964.0,764.4,1972.6,764.4,1972.6,918.7,1966.8,1006.9,1972.7,1101.9,1962.2,1251.7,1966.6,1296.2,1963.6,1211.9,2038.0,1110.3,2073.2,1010.5,2085.8,917.6,2081.2,812.0,2049.7,721.5,1973.6
132.0,2.183,722.0,1974.3,812.7,1905.3,912.2,1875.3,999.5,1895.0,1092.3,1870.6,1201.9,1906.0,1295.5,1963.7,1250.8,1966.5,1099.7,1957.2,1003.5,1969.6,916.4,1964.4,765.0,1973.0,765.0,1973.0,918.2,1966.6,1006.4,1972.4,1101.4,1961.9,1250.8,1966.5,1295.5,1963.7,1211.6,2037.9,1109.8,2072.9,1010.1,2085.4,917.2,2081.0,812.3,2049.7,722.0,1974.3
133.0,2.2,720.3,1973.7,811.5,1904.7,911.3,1875.1,998.8,1894.9,1092.0,1870.5,1201.6,1905.5,1295.3,1962.9,1250.6,1965.8,1099.5,1956.9,1003.1,1969.5,915.7,1964.2,763.3,1972.6,763.3,1972.6,917.4,1966.7,1005.9,1972.4,1101.2,1961.7,1250.6,1965.8,1295.3,1962.9,1211.3,2037.4,1109.5,2072.6,1009.5,2085.3,916.3,2080.9,810.8,2049.6,720.3,1973.7
134.0,2.217,721.2,1973.2,811.6,1904.7,911.3,1874.8,999.6,1894.9,1093.7,1870.4,1203.1,1905.6,1295.4,1963.0,1250.6,1965.6,1101.0,1957.0,1003.7,1969.5,915.5,1964.0,764.3,1971.9,764.3,1971.9,917.6,1965.1,1007.0,1971.3,1103.3,1960.6,1250.6,1965.6,1295.4,1963.0,1213.1,2037.3,1112.1,2072.8,1011.0,2085.6,916.9,2080.9,811.5,2049.2,721.2,1973.2
135.0,2.233,721.4,1974.0,812.6,1904.2,912.2,1874.7,999.9,1894.4,1093.2,1869.9,1203.3,1904.9,1296.8,1962.8,1252.0,1965.1,1100.7,1955.6,1004.0,1968.3,916.5,1963.2,764.7,1972.4,764.7,1972.4,918.5,1966.2,1007.3,1972.2,1102.8,1961.5,1252.0,1965.1,1296.8,1962.8,1213.5,2037.6,1111.6,2072.6,1011.3,2085.1,917.8,2080.6,812.3,2048.9,721.4,1974.0
136.0,2.25,721.5,1973.6,812.9,1904.8,913.0,1874.8,1001.1,1894.7,1094.8,1870.0,1204.8,1905.1,1298.2,1962.4,1253.4,1965.0,1102.2,1955.9,1005.1,1968.6,917.3,1963.4,764.7,1972.2,764.7,1972.2,919.7,1965.6,1008.7,1971.6,1104.6,1961.0,1253.4,1965.0,1298.2,1962.4,1215.2,2036.9,1113.6,2072.4,1012.9,2085.2,919.1,2080.7,813.2,2049.1,721.5,1973.6
137.0,2.267,721.8,1973.8,813.4,1904.9,913.5,1875.0,1001.2,1894.8,1094.7,1870.2,1204.7,1905.4,1298.0,1962.8,1253.2,1965.6,1102.2,1956.6,1005.4,1969.4,917.8,1964.2,764.9,1972.7,764.9,1972.7,919.8,1965.8,1008.6,1971.8,1104.3,1961.0,1253.2,1965.6,1298.0,1962.8,1214.7,2037.5,1113.0,2072.7,1012.6,2085.5,919.0,2080.9,813.2,2049.4,721.8,1973.8
138.0,2.283,721.8,1973.1,813.8,1904.9,914.1,1875.5,1001.8,1895.3,1095.2,1870.7,1205.1,1905.8,1298.9,1962.5,1254.2,1965.2,1102.4,1956.2,1005.7,1969.0,918.1,1963.7,764.9,1971.7,764.9,1971.7,920.2,1965.6,1008.9,1971.8,1104.3,1961.2,1254.2,1965.2,1298.9,1962.5,1214.9,2037.4,1112.9,2072.5,1012.7,2084.9,919.2,2080.3,813.4,2048.6,721.8,1973.1
139.0,2.3,721.8,1973.2,813.6,1904.9,914.6,1874.7,1002.2,1894.5,1095.5,1869.9,1205.2,1905.3,1298.8,1962.2,1254.2,1965.4,1103.0,1955.8,1006.4,1968.4,919.0,1963.2,764.8,1972.3,764.8,1972.3,921.0,1966.8,1009.6,1972.6,1105.0,1961.7,1254.2,1965.4,1298.8,1962.2,1215.1,2037.7,1113.6,2073.1,1013.4,2086.0,920.1,2081.7,813.3,2050.2,721.8,1973.2
140.0,2.317,722.8,1973.1,814.2,1905.3,914.7,1875.8,1002.4,1895.7,1095.9,1871.1,1205.9,1906.2,1299.6,1962.8,1254.9,1965.7,1103.2,1956.7,1006.5,1969.4,918.9,1964.0,765.8,1971.9,765.8,1971.9,921.3,1966.6,1010.1,1972.7,1105.7,1962.0,1254.9,1965.7,1299.6,1962.8,1216.1,2038.0,1114.3,2073.3,1014.0,2086.1,920.4,2081.4,814.2,2049.5,722.8,1973.1
141.0,2.333,723.5,1973.1,815.4,1905.4,916.1,1875.9,1003.6,1895.4,1097.0,1870.8,1206.8,1906.2,1300.6,1962.4,1255.9,1965.4,1104.5,1956.1,1007.7,1969.0,920.4,1963.8,766.7,1971.9,766.7,1971.9,922.6,1966.5,1011.2,1972.5,1106.6,1961.6,1255.9,1965.4,1300.6,1962.4,1216.9,2038.1,1115.5,2073.1,1015.3,2085.9,921.9,2081.6,815.3,2049.8,723.5,1973.1
142.0,2.35,724.5,1973.8,815.7,1905.7,916.4,1875.3,1003.7,1895.1,1097.0,1870.6,1207.1,1906.0,1301.1,1962.9,1256.2,1966.1,1104.5,1957.0,1008.0,1969.4,920.8,1964.3,767.5,1972.7,767.5,1972.7,922.9,1967.1,1011.3,1972.9,1106.8,1962.1,1256.2,1966.1,1301.1,1962.9,1217.1,2037.7,1115.2,2073.3,1015.0,2086.3,921.8,2081.9,815.6,2050.1,724.5,1973.8
143.0,2.367,724.1,1973.1,815.6,1905.5,916.7,1875.3,1003.8,1895.1,1096.9,1870.9,1207.3,1906.1,1302.1,1962.5,1257.1,1965.8,1104.4,1957.4,1008.0,1969.7,921.0,1964.5,767.1,1972.0,767.1,1972.0,922.8,1967.5,1010.9,1973.3,1106.3,1962.5,1257.1,1965.8,1302.1,1962.5,1216.9,2037.8,1114.4,2073.8,1014.3,2086.6,921.3,2082.2,815.1,2049.9,724.1,1973.1
144.0,2.383,724.9,1974.0,816.2,1905.6,917.2,1875.3,1004.2,1895.3,1097.5,1870.8,1207.6,1906.0,1302.1,1962.9,1257.0,1966.0,1105.2,1957.5,1008.6,1969.8,921.6,1964.7,767.9,1972.7,767.9,1972.7,923.8,1968.8,1011.9,1974.5,1107.6,1963.4,1257.0,1966.0,1302.1,1962.9,1217.6,2037.7,1115.4,2074.3,1015.2,2087.3,922.1,2083.1,815.7,2050.7,724.9,1974.0
145.0,2.4,723.9,1974.2,815.9,1905.7,917.2,1875.5,1004.4,1895.3,1097.6,1870.9,1207.8,1905.9,1302.8,1963.0,1257.8,1966.3,1105.3,1957.7,1008.7,1970.2,921.5,1965.2,767.1,1973.1,767.1,1973.1,923.1,1968.7,1011.4,1974.2,1106.9,1963.2,1257.8,1966.3,1302.8,1963.0,1217.4,2038.2,1114.6,2074.1,1014.6,2086.9,921.4,2082.8,814.8,2050.9,723.9,1974.2
146.0,2.417,725.0,1974.7,816.5,1906.4,917.6,1876.0,1005.2,1895.8,1099.0,1871.3,1209.1,1906.4,1303.6,1963.4,1258.8,1966.7,1106.4,1957.4,1009.3,1970.0,921.8,1964.9,768.1,1973.5,768.1,1973.5,923.7,1970.1,1012.4,1975.9,1108.4,1964.8,1258.8,1966.7,1303.6,1963.4,1218.9,2038.4,1116.4,2075.0,1015.8,2088.1,922.3,2083.9,815.9,2051.7,725.0,1974.7
147.0,2.433,724.5,1974.4,816.3,1906.8,917.5,1876.5,1005.1,1896.2,1098.9,1871.7,1209.0,1906.7,1304.0,1962.9,1259.1,1966.5,1106.3,1957.8,1009.3,1970.3,921.8,1965.2,767.6,1973.3,767.6,1973.3,923.4,1969.6,1012.0,1975.4,1107.9,1964.6,1259.1,1966.5,1304.0,1962.9,1218.7,2038.9,1116.1,2075.5,1015.6,2088.5,922.1,2084.2,815.6,2051.9,724.5,1974.4
148.0,2.45,725.2,1974.9,816.6,1906.8,917.5,1876.3,1004.8,1895.9,1098.0,1871.6,1208.2,1906.7,1302.6,1963.3,1257.7,1966.7,1105.6,1957.8,1009.0,1970.2,921.8,1965.2,768.3,1973.7,768.3,1973.7,923.5,1969.7,1011.8,1975.5,1107.4,1964.7,1257.7,1966.7,1302.6,1963.3,1218.0,2039.0,1115.7,2075.5,1015.5,2088.3,922.3,2084.0,816.2,2051.6,725.2,1974.9
149.0,2.467,724.0,1974.5,815.7,1906.6,917.1,1875.7,1004.4,1895.6,1097.9,1871.1,1208.1,1906.9,1302.5,1963.6,1257.4,1967.0,1105.4,1957.8,1008.6,1970.1,921.4,1964.9,767.0,1973.7,767.0,1973.7,923.0,1969.5,1011.4,1975.5,1107.1,1964.7,1257.4,1967.0,1302.5,1963.6,1217.6,2040.0,1115.4,2076.0,1015.0,2088.7,921.7,2084.3,815.0,2051.7,724.0,1974.5
150.0,2.483,723.5,1974.1,815.2,1905.5,916.8,1875.3,1004.2,1895.1,1097.6,1870.4,1209.1,1906.3,1304.3,1963.2,1259.4,1966.4,1105.2,1957.6,1008.3,1970.1,921.1,1965.0,766.8,1973.0,766.8,1973.0,922.8,1970.7,1011.3,1976.9,1107.0,1966.2,1259.4,1966.4,1304.3,1963.2,1218.9,2041.8,1115.4,2078.3,1015.0,2090.9,921.6,2086.2,814.6,2052.5,723.5,1974.1
151.0,2.5,722.3,1972.8,813.3,1903.4,915.1,1873.0,1004.3,1893.0,1099.3,1868.3,1212.2,1903.7,1306.7,1962.3,1261.8,1965.4,1106.8,1956.6,1008.4,1969.6,919.2,1964.1,766.3,1972.0,766.3,1972.0,921.0,1974.0,1011.7,1980.7,1108.9,1969.8,1261.8,1965.4,1306.7,1962.3,1222.7,2044.9,1118.2,2083.3,1015.9,2096.0,920.6,2090.9,813.0,2055.5,722.3,1972.8
152.0,2.517,721.5,1969.4,810.3,1899.5,911.4,1869.4,1005.7,1889.9,1106.2,1865.0,1219.9,1899.4,1311.6,1958.9,1266.8,1961.9,1113.3,1953.8,1009.6,1967.3,915.2,1960.9,766.5,1968.4,766.5,1968.4,916.8,1977.7,1012.7,1985.6,1115.5,1973.6,1266.8,1961.9,1311.6,1958.9,1230.5,2045.6,1125.7,2088.6,1017.6,2102.2,917.3,2096.1,810.3,2057.1,721.5,1969.4
153.0,2.533,718.5,1963.5,805.2,1895.2,907.1,1867.9,1005.3,1889.0,1111.1,1863.3,1226.2,1895.5,1315.6,1953.9,1271.8,1956.9,1117.7,1949.2,1008.7,1963.8,910.8,1956.2,763.0,1962.4,763.0,1962.4,913.3,1991.7,1013.3,2001.0,1121.7,1986.9,1271.8,1956.9,1315.6,1953.9,1237.5,2049.8,1131.2,2099.5,1017.6,2115.1,913.3,2107.4,804.8,2061.6,718.5,1963.5
154.0,2.55,708.6,1950.2,798.3,1885.9,904.8,1861.0,1002.4,1882.2,1107.5,1858.0,1227.3,1887.8,1324.0,1943.9,1280.0,1948.7,1113.5,1941.2,1005.5,1955.2,907.7,1946.9,753.0,1951.0,753.0,1951.0,908.8,1998.0,1008.6,2007.9,1116.4,1994.5,1280.0,1948.7,1324.0,1943.9,1237.7,2051.6,1124.9,2105.1,1011.6,2119.8,907.8,2111.6,795.9,2060.7,708.6,1950.2
155.0,2.567,703.9,1942.3,799.6,1873.7,915.7,1847.3,1003.6,1866.7,1095.8,1842.7,1225.5,1871.4,1335.6,1929.7,1290.6,1936.6,1103.7,1929.6,1008.7,1943.2,920.9,1937.6,749.9,1944.1,749.9,1944.1,923.5,2013.7,1014.1,2021.5,1109.9,2009.5,1290.6,1936.6,1335.6,1929.7,1240.8,2065.6,1119.6,2127.1,1018.5,2141.3,922.9,2135.3,799.4,2077.8,703.9,1942.3
156.0,2.583,695.5,1927.9,793.1,1865.3,912.6,1845.1,1003.8,1864.2,1101.4,1840.2,1234.7,1862.8,1347.5,1914.6,1303.6,1923.1,1109.0,1918.4,1008.7,1933.3,917.9,1926.7,740.3,1930.5,740.3,1930.5,921.3,2030.8,1015.6,2039.5,1117.2,2025.3,1303.6,1923.1,1347.5,1914.6,1251.0,2063.1,1125.6,2134.0,1019.0,2150.1,919.9,2143.3,792.3,2077.9,695.5,1927.9
157.0,2.6,687.1,1915.8,786.1,1859.1,907.8,1844.2,1004.5,1863.7,1110.3,1839.4,1245.1,1858.2,1358.7,1904.7,1315.7,1913.5,1117.1,1910.1,1008.5,1926.3,912.5,1918.1,730.6,1918.8,730.6,1918.8,916.1,2038.7,1016.0,2049.0,1125.7,2032.7,1315.7,1913.5,1358.7,1904.7,1260.6,2057.1,1132.3,2133.3,1017.8,2151.1,913.6,2142.9,784.0,2072.3,687.1,1915.8
158.0,2.617,678.7,1909.8,778.4,1854.2,902.2,1840.8,1002.6,1860.4,1112.8,1835.4,1250.3,1852.7,1364.5,1898.0,1321.5,1907.6,1120.1,1907.3,1006.9,1924.4,907.3,1915.8,722.5,1913.4,722.5,1913.4,911.1,2035.9,1014.7,2046.4,1129.1,2028.7,1321.5,1907.6,1364.5,1898.0,1266.3,2053.0,1135.8,2132.2,1016.7,2151.5,908.7,2143.0,776.5,2070.8,678.7,1909.8
159.0,2.633,668.1,1901.6,771.8,1851.3,898.6,1840.3,999.5,1859.6,1110.5,1834.7,1251.6,1849.1,1372.8,1889.7,1329.1,1900.5,1118.0,1905.4,1004.0,1923.1,903.9,1914.2,712.0,1906.5,712.0,1906.5,907.1,2033.8,1011.0,2044.1,1126.2,2026.2,1329.1,1900.5,1372.8,1889.7,1267.3,2048.3,1132.2,2129.1,1012.3,2148.6,904.0,2140.2,769.2,2066.7,668.1,1901.6
160.0,2.65,661.6,1894.8,768.5,1849.0,898.4,1840.3,997.7,1859.7,1107.4,1834.7,1251.0,1846.9,1376.6,1883.7,1333.2,1895.5,1115.1,1904.7,1002.5,1922.7,903.8,1913.7,705.3,1900.9,705.3,1900.9,907.7,2033.8,1010.2,2043.8,1124.1,2025.8,1333.2,1895.5,1376.6,1883.7,1267.4,2046.6,1129.7,2128.4,1011.3,2148.2,904.2,2140.0,765.7,2065.3,661.6,1894.8
161.0,2.667,656.7,1889.9,765.6,1846.7,897.3,1839.7,996.3,1858.9,1105.9,1833.8,1250.9,1844.1,1379.2,1878.2,1336.0,1890.6,1113.8,1902.2,1001.1,1920.9,902.8,1911.8,700.2,1896.6,700.2,1896.6,906.9,2035.2,1009.1,2045.1,1123.0,2026.5,1336.0,1890.6,1379.2,1878.2,1267.6,2044.4,1128.0,2127.5,1009.7,2147.6,902.9,2139.6,762.4,2063.8,656.7,1889.9
162.0,2.683,652.0,1885.7,760.1,1844.1,892.1,1838.6,993.0,1858.1,1105.5,1832.8,1251.2,1841.6,1379.9,1874.3,1336.7,1886.8,1113.5,1901.3,998.1,1920.3,897.7,1910.8,695.3,1892.1,695.3,1892.1,902.5,2033.6,1006.8,2043.5,1123.6,2024.1,1336.7,1886.8,1379.9,1874.3,1268.4,2039.2,1127.7,2123.9,1006.5,2144.7,897.8,2136.6,756.9,2059.9,652.0,1885.7
163.0,2.7,647.1,1880.6,759.7,1844.3,893.9,1841.0,993.1,1860.0,1103.3,1834.8,1250.3,1841.6,1383.4,1869.4,1340.2,1883.0,1111.2,1901.3,998.0,1920.9,899.4,1911.4,690.3,1888.4,690.3,1888.4,903.6,2032.2,1006.0,2041.9,1120.4,2022.6,1340.2,1883.0,1383.4,1869.4,1267.2,2038.0,1124.7,2122.5,1006.0,2143.2,899.0,2135.5,755.9,2058.8,647.1,1880.6
164.0,2.717,643.1,1877.9,758.2,1844.9,894.2,1842.4,992.0,1861.4,1100.7,1836.3,1248.6,1842.6,1384.5,1867.6,1341.0,1881.9,1108.7,1902.4,996.8,1921.8,899.7,1912.3,686.0,1886.5,686.0,1886.5,903.2,2031.4,1004.1,2040.9,1117.0,2022.0,1341.0,1881.9,1384.5,1867.6,1264.5,2037.6,1120.9,2121.8,1003.7,2142.2,898.3,2134.6,753.7,2057.5,643.1,1877.9
165.0,2.733,639.7,1875.4,756.5,1845.1,893.1,1845.0,991.5,1863.7,1101.2,1839.1,1249.8,1843.8,1386.5,1866.3,1343.7,1881.1,1109.2,1903.7,996.4,1923.3,898.5,1913.6,682.6,1885.0,682.6,1885.0,901.5,2031.5,1003.0,2041.2,1117.0,2022.2,1343.7,1881.1,1386.5,1866.3,1265.4,2036.6,1120.8,2120.4,1002.7,2140.9,896.7,2133.1,751.3,2055.7,639.7,1875.4
166.0,2.75,636.7,1874.7,755.6,1846.1,893.2,1846.3,991.9,1864.7,1101.9,1840.2,1251.0,1844.0,1389.0,1865.1,1345.8,1880.2,1109.7,1903.5,996.7,1923.3,898.4,1913.6,679.7,1884.6,679.7,1884.6,901.1,2031.5,1003.0,2041.2,1117.0,2022.2,1345.8,1880.2,1389.0,1865.1,1266.3,2035.8,1121.3,2119.5,1003.0,2139.9,896.7,2132.3,750.5,2055.4,636.7,1874.7
167.0,2.767,635.4,1873.1,755.4,1847.0,894.0,1847.8,993.2,1866.3,1104.0,1842.0,1252.9,1845.1,1390.6,1864.3,1347.8,1880.0,1111.7,1904.6,997.8,1924.5,899.0,1914.5,677.9,1883.8,677.9,1883.8,901.3,2031.3,1003.6,2041.2,1118.4,2022.0,1347.8,1880.0,1390.6,1864.3,1267.5,2035.0,1122.5,2118.7,1003.5,2139.2,896.7,2131.4,749.7,2054.3,635.4,1873.1
168.0,2.783,634.5,1873.3,756.9,1848.0,896.2,1849.4,993.8,1867.8,1102.5,1843.7,1252.3,1846.3,1392.6,1864.3,1349.7,1879.9,1110.2,1905.8,998.5,1925.4,901.3,1915.6,677.3,1884.1,677.3,1884.1,903.1,2031.1,1003.7,2040.8,1116.4,2022.1,1349.7,1879.9,1392.6,1864.3,1266.6,2035.3,1120.6,2118.6,1003.7,2138.5,898.6,2131.0,751.0,2053.9,634.5,1873.3
169.0,2.8,634.3,1873.1,756.9,1848.1,896.2,1850.5,993.8,1868.9,1102.4,1844.5,1252.6,1846.3,1393.6,1863.6,1350.8,1879.0,1110.3,1906.7,998.4,1926.7,901.4,1916.9,677.2,1883.5,677.2,1883.5,903.4,2031.2,1003.8,2040.9,1116.5,2022.2,1350.8,1879.0,1393.6,1863.6,1267.1,2035.2,1120.4,2118.6,1003.6,2138.4,898.7,2130.8,751.0,2053.3,634.3,1873.1
170.0,2.817,633.8,1872.8,756.8,1849.0,896.6,1851.3,993.9,1869.8,1102.4,1845.4,1252.7,1847.1,1394.0,1863.6,1351.3,1879.2,1110.3,1907.2,998.5,1927.3,901.7,1917.5,676.5,1883.6,676.5,1883.6,904.0,2031.8,1004.2,2041.4,1116.6,2022.6,1351.3,1879.2,1394.0,1863.6,1267.2,2035.6,1120.4,2119.0,1003.9,2139.0,899.1,2131.4,750.9,2054.0,633.8,1872.8
171.0,2.833,633.5,1873.0,756.9,1850.6,896.9,1853.2,994.2,1871.7,1102.8,1847.3,1253.2,1848.3,1395.5,1863.4,1352.5,1879.7,1110.8,1909.3,999.1,1929.3,902.2,1919.5,676.4,1884.2,676.4,1884.2,904.2,2032.6,1004.3,2042.0,1116.8,2023.0,1352.5,1879.7,1395.5,1863.4,1267.5,2035.6,1120.6,2119.9,1004.0,2140.2,899.3,2132.8,750.9,2055.5,633.5,1873.0
172.0,2.85,632.9,1870.9,755.7,1850.3,896.3,1853.5,993.7,1872.3,1102.9,1848.4,1253.3,1849.3,1394.9,1864.0,1352.3,1880.4,1110.6,1909.3,998.4,1928.9,901.3,1918.5,675.2,1882.6,675.2,1882.6,903.6,2034.0,1004.0,2043.7,1117.2,2024.8,1352.3,1880.4,1394.9,1864.0,1267.5,2036.2,1120.7,2120.2,1003.5,2140.5,898.5,2132.7,749.6,2054.8,632.9,1870.9
173.0,2.867,633.4,1872.6,755.6,1850.8,895.6,1853.9,993.4,1872.6,1102.9,1848.5,1253.1,1849.4,1394.4,1864.5,1351.6,1880.8,1110.9,1910.4,998.3,1930.2,900.8,1919.9,676.1,1883.9,676.1,1883.9,902.9,2034.3,1003.6,2044.0,1117.2,2024.7,1351.6,1880.8,1394.4,1864.5,1267.3,2036.5,1120.7,2121.2,1003.0,2141.7,897.8,2134.0,749.5,2055.9,633.4,1872.6
174.0,2.883,633.1,1872.3,755.8,1851.7,895.8,1855.6,993.8,1874.6,1103.7,1850.5,1253.8,1850.9,1395.0,1865.2,1352.3,1881.6,1111.5,1912.0,998.6,1931.7,900.8,1921.2,675.7,1883.9,675.7,1883.9,902.9,2034.2,1003.9,2044.1,1117.9,2024.8,1352.3,1881.6,1395.0,1865.2,1267.8,2036.3,1121.2,2120.9,1003.2,2141.4,897.7,2133.5,749.4,2055.3,633.1,1872.3
175.0,2.9,633.6,1875.3,756.0,1853.9,895.7,1857.1,993.6,1875.6,1103.0,1851.1,1253.0,1850.9,1394.6,1865.2,1351.5,1881.5,1111.1,1912.6,998.6,1932.7,901.1,1922.7,676.4,1886.3,676.4,1886.3,903.6,2035.5,1004.3,2045.0,1117.8,2025.4,1351.5,1881.5,1394.6,1865.2,1267.8,2035.9,1121.6,2121.1,1004.0,2142.0,898.9,2134.7,750.7,2057.4,633.6,1875.3
176.0,2.917,634.5,1876.9,757.7,1855.1,897.3,1858.6,994.6,1876.9,1103.5,1852.4,1253.2,1852.3,1393.9,1866.5,1351.2,1882.6,1111.6,1913.6,999.6,1933.9,902.6,1924.1,677.2,1888.0,677.2,1888.0,904.9,2036.4,1005.0,2045.9,1118.0,2026.3,1351.2,1882.6,1393.9,1866.5,1267.7,2037.6,1121.9,2122.2,1005.0,2142.9,900.3,2135.4,752.2,2058.2,634.5,1876.9
177.0,2.933,636.6,1878.1,758.7,1855.9,897.6,1859.0,995.5,1877.2,1104.9,1852.9,1254.1,1852.6,1393.5,1867.3,1350.9,1883.5,1112.9,1914.3,1000.5,1934.4,902.9,1924.5,679.6,1889.1,679.6,1889.1,905.3,2037.7,1006.2,2047.2,1119.7,2027.5,1350.9,1883.5,1393.5,1867.3,1269.0,2037.9,1124.1,2123.2,1006.5,2144.0,901.2,2136.7,753.7,2059.6,636.6,1878.1
178.0,2.95,638.0,1879.2,759.7,1856.2,898.5,1859.1,996.5,1877.2,1106.1,1852.7,1255.2,1852.3,1394.2,1867.5,1351.6,1883.8,1114.4,1914.3,1001.6,1934.6,904.0,1924.9,681.0,1890.1,681.0,1890.1,906.6,2038.7,1007.5,2048.0,1121.3,2028.1,1351.6,1883.8,1394.2,1867.5,1270.3,2038.1,1125.4,2123.6,1007.7,2144.7,902.3,2137.5,754.7,2060.6,638.0,1879.2
179.0,2.967,638.3,1879.5,760.0,1856.1,898.5,1859.0,996.8,1877.0,1106.7,1852.5,1255.9,1852.0,1394.7,1867.3,1352.1,1883.4,1114.9,1914.1,1001.9,1934.6,904.1,1925.0,681.4,1890.2,681.4,1890.2,906.5,2038.4,1007.7,2047.9,1121.7,2027.8,1352.1,1883.4,1394.7,1867.3,1271.0,2038.1,1126.1,2123.7,1008.1,2144.8,902.4,2137.5,755.1,2060.4,638.3,1879.5
180.0,2.983,638.3,1880.1,760.1,1856.0,898.9,1858.9,996.7,1876.8,1105.8,1852.2,1255.2,1851.7,1394.4,1867.4,1351.9,1883.5,1114.0,1913.7,1001.8,1934.2,904.4,1924.7,681.3,1890.6,681.3,1890.6,907.2,2038.8,1007.8,2048.1,1121.0,2028.3,1351.9,1883.5,1394.4,1867.4,1270.6,2038.3,1125.3,2123.7,1008.1,2144.8,903.0,2137.6,755.4,2060.8,638.3,1880.1
181.0,3.0,638.6,1880.3,759.8,1855.7,898.5,1858.0,996.0,1876.0,1105.0,1851.4,1254.2,1851.4,1392.9,1867.9,1350.5,1883.9,1113.2,1914.1,1001.2,1934.3,904.1,1924.8,681.7,1890.9,681.7,1890.9,906.9,2039.4,1007.3,2048.6,1120.4,2028.7,1350.5,1883.9,1392.9,1867.9,1269.7,2039.0,1124.6,2124.5,1007.6,2145.6,902.6,2138.4,754.9,2061.4,638.6,1880.3
182.0,3.017,639.0,1881.1,760.3,1856.6,898.5,1858.9,996.4,1876.8,1105.7,1852.1,1254.5,1851.7,1392.8,1867.9,1350.3,1884.0,1113.9,1914.3,1001.6,1934.7,904.0,1925.2,682.2,1891.8,682.2,1891.8,906.8,2039.8,1007.7,2048.9,1121.1,2028.9,1350.3,1884.0,1392.8,1867.9,1270.1,2038.5,1125.7,2124.5,1008.2,2145.7,902.9,2138.8,755.7,2062.2,639.0,1881.1
183.0,3.033,639.4,1881.2,759.9,1855.9,898.1,1858.1,995.7,1876.0,1104.4,1851.4,1253.4,1851.2,1391.5,1868.1,1349.3,1884.2,1112.7,1914.2,1001.0,1934.4,903.8,1925.1,682.8,1891.8,682.8,1891.8,906.8,2040.3,1007.4,2049.4,1120.2,2029.5,1349.3,1884.2,1391.5,1868.1,1269.5,2039.8,1125.0,2125.7,1008.1,2146.7,903.1,2139.8,755.6,2063.0,639.4,1881.2
184.0,3.05,639.6,1882.1,761.0,1857.3,899.3,1859.1,996.3,1876.6,1104.3,1852.1,1253.0,1852.0,1391.4,1868.3,1348.9,1884.5,1112.7,1914.5,1001.6,1934.9,905.0,1925.8,683.0,1892.9,683.0,1892.9,907.7,2039.8,1007.7,2048.8,1119.8,2028.9,1348.9,1884.5,1391.4,1868.3,1268.8,2039.8,1124.7,2125.1,1008.6,2146.1,904.1,2139.4,756.7,2063.3,639.6,1882.1
185.0,3.067,641.3,1882.7,761.6,1857.4,900.0,1858.4,996.5,1876.1,1103.9,1851.7,1252.0,1851.8,1389.4,1868.7,1347.1,1885.0,1112.4,1914.7,1002.0,1934.8,905.9,1925.8,684.5,1893.4,684.5,1893.4,908.8,2041.0,1008.2,2049.9,1119.7,2030.0,1347.1,1885.0,1389.4,1868.7,1267.9,2040.5,1124.5,2126.2,1008.9,2147.2,905.0,2140.6,757.5,2064.1,641.3,1882.7
186.0,3.083,641.9,1884.3,762.4,1858.5,900.0,1859.6,996.9,1877.5,1104.8,1852.9,1252.6,1853.1,1389.9,1870.4,1347.2,1886.1,1113.2,1915.7,1002.2,1935.9,905.7,1926.8,685.2,1894.5,685.2,1894.5,908.6,2039.8,1008.4,2048.8,1120.4,2029.0,1347.2,1886.1,1389.9,1870.4,1268.2,2039.9,1125.1,2125.1,1009.1,2146.1,904.8,2139.3,758.4,2063.4,641.9,1884.3
187.0,3.1,643.1,1885.3,763.6,1859.4,900.9,1860.2,997.9,1877.7,1105.7,1853.2,1253.3,1853.4,1389.4,1870.5,1347.0,1886.4,1114.1,1915.5,1003.2,1935.8,906.6,1926.9,686.2,1895.6,686.2,1895.6,909.7,2039.5,1009.6,2048.5,1121.5,2028.7,1347.0,1886.4,1389.4,1870.5,1269.2,2039.6,1126.6,2124.2,1010.6,2145.2,906.3,2138.4,760.0,2063.2,643.1,1885.3
188.0,3.117,644.0,1885.9,765.4,1860.0,902.7,1860.9,999.9,1878.4,1108.1,1853.6,1254.8,1853.4,1390.4,1870.3,1348.1,1885.9,1116.3,1915.4,1005.1,1936.1,908.4,1927.2,687.1,1896.0,687.1,1896.0,911.6,2039.6,1011.5,2048.4,1123.7,2028.2,1348.1,1885.9,1390.4,1870.3,1270.4,2038.2,1128.6,2122.8,1012.5,2144.1,908.0,2137.5,761.6,2062.7,644.0,1885.9
189.0,3.133,646.3,1887.1,767.1,1860.7,904.0,1860.9,1001.0,1878.3,1108.9,1853.7,1255.3,1853.6,1390.8,1870.8,1348.4,1886.6,1117.2,1915.3,1006.3,1935.7,909.8,1926.9,689.5,1897.2,689.5,1897.2,913.0,2040.6,1012.8,2049.4,1124.6,2029.5,1348.4,1886.6,1390.8,1870.8,1271.3,2038.2,1130.0,2123.1,1014.2,2144.3,910.1,2137.9,764.0,2063.5,646.3,1887.1
190.0,3.15,647.3,1886.8,768.7,1861.9,905.8,1862.2,1002.9,1879.4,1110.9,1855.0,1256.5,1854.5,1391.5,1870.3,1349.3,1886.8,1119.2,1916.3,1008.1,1936.8,911.5,1928.0,690.3,1897.6,690.3,1897.6,913.8,2040.8,1013.5,2049.6,1125.5,2029.4,1349.3,1886.8,1391.5,1870.3,1271.5,2038.2,1130.7,2123.0,1014.8,2144.4,910.7,2138.1,764.8,2063.7,647.3,1886.8
191.0,3.167,649.0,1888.1,770.2,1863.1,906.3,1863.3,1004.2,1880.5,1113.0,1856.0,1258.1,1855.5,1392.0,1871.3,1349.6,1887.4,1121.3,1916.2,1009.4,1936.9,912.0,1928.0,692.2,1898.4,692.2,1898.4,914.2,2040.0,1014.8,2049.1,1127.4,2029.1,1349.6,1887.4,1392.0,1871.3,1273.1,2037.7,1133.4,2122.1,1016.6,2143.2,911.9,2136.8,766.9,2062.9,649.0,1888.1
192.0,3.183,650.3,1888.8,770.9,1862.7,906.9,1862.6,1004.6,1879.9,1113.1,1855.2,1258.1,1854.9,1392.0,1871.8,1349.6,1887.5,1121.3,1916.1,1009.7,1936.8,912.6,1927.9,693.4,1898.7,693.4,1898.7,915.3,2040.3,1015.6,2049.2,1128.0,2029.1,1349.6,1887.5,1392.0,1871.8,1273.4,2038.0,1133.5,2122.4,1017.1,2143.6,912.5,2137.2,767.7,2063.3,650.3,1888.8
193.0,3.2,650.8,1888.5,771.6,1863.2,907.4,1863.0,1005.4,1880.5,1114.2,1855.8,1258.8,1855.5,1392.6,1872.0,1349.9,1887.6,1122.2,1917.0,1010.3,1937.5,912.9,1928.4,693.8,1898.3,693.8,1898.3,915.2,2038.5,1015.7,2047.7,1128.3,2027.8,1349.9,1887.6,1392.6,1872.0,1273.4,2036.8,1133.6,2121.3,1016.9,2142.4,912.2,2135.7,768.1,2061.7,650.8,1888.5
194.0,3.217,652.8,1889.5,773.0,1863.5,908.2,1862.9,1006.0,1880.3,1114.6,1855.7,1259.0,1855.8,1392.4,1872.9,1349.9,1888.5,1122.6,1917.4,1011.0,1937.8,913.7,1928.8,695.9,1899.3,695.9,1899.3,915.9,2038.1,1016.3,2047.2,1128.6,2027.4,1349.9,1888.5,1392.4,1872.9,1273.7,2037.3,1134.0,2121.3,1017.5,2142.3,913.0,2135.6,769.5,2062.1,652.8,1889.5
195.0,3.233,653.5,1889.6,773.7,1863.0,908.7,1862.3,1006.4,1879.8,1114.8,1855.4,1259.3,1855.3,1392.3,1873.2,1349.9,1888.6,1122.4,1917.2,1011.2,1937.4,913.9,1928.4,696.8,1899.3,696.8,1899.3,916.4,2038.5,1016.8,2047.6,1129.0,2028.0,1349.9,1888.6,1392.3,1873.2,1274.3,2037.4,1134.5,2121.4,1018.2,2142.3,913.6,2135.6,770.2,2062.2,653.5,1889.6
196.0,3.25,654.5,1888.5,775.2,1863.1,910.5,1862.9,1008.0,1880.2,1116.1,1855.6,1260.1,1855.5,1392.6,1872.1,1350.6,1887.8,1123.9,1916.9,1012.7,1937.6,915.6,1928.6,697.4,1898.6,697.4,1898.6,917.9,2037.5,1018.0,2046.7,1129.9,2026.9,1350.6,1887.8,1392.6,1872.1,1274.7,2036.9,1135.3,2120.3,1019.3,2141.2,915.0,2134.4,771.3,2061.1,654.5,1888.5
197.0,3.267,654.5,1888.5,775.3,1863.1,910.5,1862.6,1007.8,1880.1,1116.0,1855.6,1259.7,1855.7,1392.5,1872.4,1350.3,1888.1,1123.7,1916.8,1012.6,1937.2,915.6,1928.1,697.5,1898.6,697.5,1898.6,917.8,2037.3,1017.9,2046.4,1129.8,2026.9,1350.3,1888.1,1392.5,1872.4,1274.2,2036.7,1135.2,2119.8,1019.2,2140.5,914.9,2133.8,771.4,2060.7,654.5,1888.5
198.0,3.283,655.6,1889.1,775.9,1863.3,910.5,1862.8,1008.5,1880.2,1117.1,1855.5,1260.8,1855.5,1393.1,1872.5,1350.9,1888.1,1124.7,1916.6,1013.0,1937.2,915.6,1928.1,698.4,1898.9,698.4,1898.9,918.0,2036.4,1018.6,2045.6,1130.9,2026.0,1350.9,1888.1,1393.1,1872.5,1275.5,2035.9,1136.2,2118.9,1019.7,2139.7,915.1,2132.9,772.1,2060.0,655.6,1889.1
199.0,3.3,656.3,1888.3,776.5,1862.6,911.1,1862.4,1008.5,1880.0,1117.0,1855.3,1260.6,1855.3,1393.0,1872.0,1350.8,1887.5,1124.6,1916.5,1013.2,1936.9,916.2,1927.8,699.1,1898.1,699.1,1898.1,918.7,2036.7,1018.9,2045.9,1131.2,2026.2,1350.8,1887.5,1393.0,1872.0,1275.3,2035.7,1136.2,2119.1,1019.9,2139.9,915.5,2133.1,772.5,2059.7,656.3,1888.3
200.0,3.317,657.0,1889.3,776.6,1862.7,911.0,1861.6,1008.6,1879.1,1117.1,1854.3,1260.6,1854.8,1393.3,1872.2,1350.6,1887.8,1124.9,1916.2,1013.3,1936.5,916.2,1927.6,699.8,1899.0,699.8,1899.0,918.6,2035.8,1018.8,2044.9,1131.1,2025.4,1350.6,1887.8,1393.3,1872.2,1275.3,2035.3,1136.3,2118.7,1019.9,2139.5,915.5,2132.9,772.9,2060.0,657.0,1889.3
201.0,3.333,656.4,1889.0,776.6,1862.7,910.9,1861.9,1008.7,1879.4,1117.4,1854.6,1260.6,1854.9,1392.9,1871.9,1350.4,1887.3,1125.0,1915.6,1013.3,1936.1,916.0,1927.1,699.3,1898.6,699.3,1898.6,918.6,2035.3,1019.1,2044.4,1131.5,2024.8,1350.4,1887.3,1392.9,1871.9,1275.4,2034.7,1136.9,2117.7,1020.3,2138.5,915.8,2131.8,773.0,2059.3,656.4,1889.0
202.0,3.35,656.5,1889.2,776.0,1862.6,910.3,1861.5,1008.1,1879.0,1116.9,1854.2,1260.0,1854.6,1392.4,1872.0,1350.0,1887.7,1124.6,1915.8,1012.8,1936.2,915.5,1927.2,699.3,1899.1,699.3,1899.1,917.9,2035.8,1018.3,2044.8,1130.8,2025.1,1350.0,1887.7,1392.4,1872.0,1274.7,2034.4,1135.9,2117.6,1019.2,2138.5,914.8,2132.0,772.2,2059.7,656.5,1889.2
203.0,3.367,655.1,1889.5,774.7,1862.8,909.1,1861.5,1006.4,1879.0,1114.7,1854.4,1257.5,1855.0,1390.1,1872.6,1347.6,1888.4,1122.4,1915.9,1011.2,1936.2,914.2,1927.2,698.0,1899.6,698.0,1899.6,916.4,2036.2,1016.4,2045.1,1128.5,2025.4,1347.6,1888.4,1390.1,1872.6,1272.1,2035.7,1133.8,2118.5,1017.6,2139.4,913.5,2133.0,770.8,2061.0,655.1,1889.5
204.0,3.383,653.7,1889.6,773.4,1863.7,908.0,1862.8,1005.0,1880.2,1112.6,1855.7,1255.8,1856.0,1389.1,1873.1,1346.6,1889.0,1120.4,1917.1,1009.8,1937.4,913.2,1928.3,696.5,1899.7,696.5,1899.7,915.4,2036.8,1015.0,2045.6,1126.5,2026.0,1346.6,1889.0,1389.1,1873.1,1270.4,2036.2,1131.5,2118.7,1016.0,2139.4,912.3,2133.1,769.5,2061.0,653.7,1889.6
205.0,3.4,653.0,1892.4,772.6,1865.3,906.5,1864.1,1004.1,1881.7,1112.1,1857.1,1255.4,1857.5,1388.2,1875.6,1345.3,1890.7,1120.0,1918.6,1008.9,1939.0,911.7,1930.0,696.2,1901.9,696.2,1901.9,914.3,2037.1,1014.5,2046.1,1126.3,2026.6,1345.3,1890.7,1388.2,1875.6,1270.4,2037.2,1131.8,2119.4,1015.8,2139.9,911.5,2133.5,769.2,2062.0,653.0,1892.4
206.0,3.417,653.3,1892.8,771.8,1865.8,905.3,1864.2,1003.4,1881.9,1112.2,1857.1,1255.3,1857.7,1387.4,1875.8,1344.6,1891.1,1119.8,1919.2,1008.1,1939.5,910.4,1930.4,696.4,1902.0,696.4,1902.0,913.1,2037.9,1013.9,2047.1,1126.4,2027.6,1344.6,1891.1,1387.4,1875.8,1270.5,2037.8,1131.9,2121.1,1015.2,2141.9,910.4,2135.3,768.7,2063.1,653.3,1892.8
207.0,3.433,653.3,1893.1,772.6,1866.0,906.0,1864.8,1003.9,1882.3,1112.4,1857.5,1255.7,1858.0,1387.9,1876.0,1345.2,1891.2,1120.1,1919.1,1008.6,1939.6,911.2,1930.5,696.5,1902.5,696.5,1902.5,913.9,2038.4,1014.4,2047.5,1126.7,2028.0,1345.2,1891.2,1387.9,1876.0,1270.9,2038.3,1132.4,2121.3,1015.9,2142.1,911.3,2135.5,769.3,2063.3,653.3,1893.1
208.0,3.45,655.4,1892.7,773.3,1864.9,906.5,1863.6,1004.3,1881.3,1112.8,1856.7,1256.3,1857.2,1388.0,1876.3,1345.5,1891.2,1120.2,1918.5,1008.9,1938.7,911.5,1929.6,698.4,1901.9,698.4,1901.9,914.4,2039.0,1015.0,2048.4,1127.2,2029.0,1345.5,1891.2,1388.0,1876.3,1271.6,2038.6,1132.6,2121.7,1016.1,2142.3,911.6,2135.3,770.2,2062.6,655.4,1892.7
209.0,3.467,656.4,1892.5,774.7,1864.7,907.8,1863.1,1005.6,1880.7,1114.1,1856.3,1257.5,1856.9,1389.0,1876.0,1346.5,1890.9,1121.5,1918.0,1010.2,1938.2,912.6,1929.1,699.6,1901.8,699.6,1901.8,915.2,2038.3,1015.9,2047.7,1128.2,2028.3,1346.5,1890.9,1389.0,1876.0,1272.5,2038.2,1133.7,2120.8,1017.2,2141.3,912.5,2134.3,771.3,2061.9,656.4,1892.5
210.0,3.483,656.9,1892.2,776.0,1864.9,909.4,1863.3,1007.6,1881.0,1116.5,1856.3,1259.0,1857.4,1389.8,1875.9,1347.5,1891.0,1124.0,1917.7,1012.0,1938.1,914.3,1928.9,699.7,1901.8,699.7,1901.8,916.4,2037.0,1017.2,2046.5,1129.8,2027.0,1347.5,1891.0,1389.8,1875.9,1273.2,2037.5,1135.3,2119.5,1018.5,2140.1,913.7,2133.1,772.2,2060.9,656.9,1892.2
211.0,3.5,657.6,1892.2,776.4,1864.7,909.6,1863.2,1007.8,1880.9,1116.9,1856.3,1259.6,1857.0,1390.7,1875.5,1348.2,1890.6,1124.5,1917.8,1012.5,1938.1,914.6,1928.9,700.7,1901.7,700.7,1901.7,917.0,2036.6,1018.0,2045.9,1130.7,2026.3,1348.2,1890.6,1390.7,1875.5,1274.4,2036.4,1136.4,2118.8,1019.4,2139.4,914.5,2132.7,773.0,2060.8,657.6,1892.2
212.0,3.517,658.1,1892.0,776.3,1864.1,909.3,1862.3,1007.5,1879.9,1116.5,1855.4,1259.3,1856.2,1390.4,1875.6,1347.9,1890.5,1123.9,1917.0,1012.1,1937.3,914.1,1928.1,701.1,1901.3,701.1,1901.3,916.7,2036.7,1017.7,2046.0,1130.3,2026.6,1347.9,1890.5,1390.4,1875.6,1274.1,2036.2,1135.7,2118.4,1018.8,2138.9,913.9,2132.1,772.8,2060.3,658.1,1892.0
213.0,3.533,658.0,1890.8,777.1,1863.8,910.4,1862.4,1008.6,1880.0,1117.6,1855.4,1259.8,1856.1,1390.7,1874.3,1348.4,1889.7,1125.0,1916.8,1013.1,1937.2,915.3,1927.9,700.9,1900.6,700.9,1900.6,917.4,2035.3,1018.2,2044.6,1130.9,2025.0,1348.4,1889.7,1390.7,1874.3,1274.0,2035.6,1136.3,2117.7,1019.4,2138.4,914.5,2131.6,773.1,2059.8,658.0,1890.8
214.0,3.55,657.6,1891.5,776.6,1863.6,909.9,1861.9,1008.2,1879.4,1117.2,1854.8,1259.5,1855.3,1390.5,1874.2,1348.2,1889.5,1124.7,1916.3,1012.8,1936.7,914.8,1927.5,700.6,1901.2,700.6,1901.2,917.0,2035.9,1017.9,2045.1,1130.6,2025.4,1348.2,1889.5,1390.5,1874.2,1274.1,2034.9,1136.1,2117.3,1019.2,2138.1,914.3,2131.5,772.8,2060.0,657.6,1891.5
215.0,3.567,657.5,1891.4,776.2,1863.2,909.0,1861.3,1007.5,1879.0,1116.7,1854.3,1258.9,1855.1,1389.5,1874.3,1346.9,1889.4,1124.2,1916.2,1012.0,1936.4,913.9,1927.3,700.7,1900.7,700.7,1900.7,916.3,2035.3,1017.5,2044.5,1130.5,2024.9,1346.9,1889.4,1389.5,1874.3,1273.6,2034.7,1136.0,2117.2,1018.8,2138.0,913.7,2131.3,772.6,2059.7,657.5,1891.4
216.0,3.583,656.5,1890.6,775.3,1862.8,908.4,1861.1,1006.9,1878.8,1116.2,1854.1,1258.5,1855.2,1388.9,1874.1,1346.6,1889.2,1123.6,1915.7,1011.3,1936.1,913.2,1926.9,699.4,1900.1,699.4,1900.1,915.4,2034.2,1016.5,2043.7,1129.5,2024.2,1346.6,1889.2,1388.9,1874.1,1272.8,2034.8,1135.0,2116.7,1017.8,2137.3,912.7,2130.3,771.5,2058.5,656.5,1890.6
217.0,3.6,656.2,1891.2,774.3,1862.1,906.5,1860.1,1005.7,1877.8,1115.5,1853.3,1258.0,1854.2,1388.1,1874.7,1345.5,1889.4,1122.8,1915.5,1010.2,1935.7,911.2,1926.5,699.7,1900.6,699.7,1900.6,913.5,2033.8,1015.4,2043.2,1129.0,2023.7,1345.5,1889.4,1388.1,1874.7,1272.7,2034.6,1134.7,2116.3,1016.9,2136.6,911.0,2129.7,770.5,2058.4,656.2,1891.2
218.0,3.617,655.5,1891.2,773.6,1861.8,905.9,1860.1,1005.4,1877.7,1115.7,1852.9,1258.1,1854.2,1387.7,1874.3,1345.4,1889.1,1123.0,1914.8,1009.9,1935.3,910.6,1926.1,698.7,1900.6,698.7,1900.6,913.1,2033.5,1015.3,2043.0,1129.3,2023.5,1345.4,1889.1,1387.7,1874.3,1272.9,2034.5,1135.1,2116.2,1016.8,2136.8,910.7,2129.7,770.0,2058.3,655.5,1891.2
219.0,3.633,655.3,1892.1,773.1,1862.2,904.9,1859.8,1004.6,1877.6,1115.2,1852.7,1257.2,1854.3,1386.3,1875.0,1343.8,1889.4,1122.5,1914.9,1009.0,1935.4,909.6,1926.2,698.6,1901.1,698.6,1901.1,912.0,2033.2,1014.4,2042.8,1128.6,2023.2,1343.8,1889.4,1386.3,1875.0,1271.8,2034.3,1134.4,2115.8,1015.9,2136.4,909.6,2129.3,769.6,2057.8,655.3,1892.1
220.0,3.65,655.5,1892.1,773.2,1862.2,904.9,1859.9,1004.5,1877.5,1114.8,1852.6,1256.6,1854.3,1385.5,1874.8,1343.3,1889.5,1122.1,1914.4,1008.8,1935.0,909.5,1925.9,698.6,1901.4,698.6,1901.4,911.7,2033.2,1014.0,2042.8,1128.0,2023.2,1343.3,1889.5,1385.5,1874.8,1271.1,2034.6,1133.8,2115.8,1015.5,2136.4,909.3,2129.3,769.3,2058.2,655.5,1892.1
221.0,3.667,654.7,1891.8,772.8,1862.3,904.7,1860.3,1004.1,1877.9,1114.3,1853.0,1256.1,1854.4,1385.1,1874.4,1342.8,1889.0,1121.7,1914.8,1008.6,1935.6,909.4,1926.5,697.9,1901.0,697.9,1901.0,911.8,2033.2,1014.0,2042.6,1127.8,2023.0,1342.8,1889.0,1385.1,1874.4,1270.9,2034.4,1133.6,2115.8,1015.5,2136.4,909.4,2129.4,769.1,2058.2,654.7,1891.8
222.0,3.683,654.1,1892.3,772.0,1862.7,904.0,1860.3,1003.4,1877.9,1113.2,1853.1,1255.6,1854.3,1385.7,1874.6,1343.2,1889.3,1120.6,1915.2,1007.8,1935.7,908.7,1926.7,697.3,1901.4,697.3,1901.4,911.2,2033.1,1013.2,2042.5,1126.7,2023.1,1343.2,1889.3,1385.7,1874.6,1270.5,2034.1,1132.4,2115.6,1014.6,2136.1,908.7,2129.3,768.5,2058.3,654.1,1892.3
223.0,3.7,653.8,1892.3,771.6,1863.0,903.7,1860.7,1003.0,1878.4,1112.9,1853.7,1254.9,1854.6,1384.6,1875.0,1342.1,1889.7,1120.2,1915.8,1007.5,1936.3,908.4,1927.1,697.1,1901.4,697.1,1901.4,910.9,2033.7,1013.0,2043.0,1126.5,2023.4,1342.1,1889.7,1384.6,1875.0,1269.8,2034.1,1132.1,2115.7,1014.3,2136.3,908.4,2129.5,768.1,2058.6,653.8,1892.3
224.0,3.717,653.4,1892.6,771.2,1863.3,903.1,1860.9,1002.8,1878.4,1113.1,1853.8,1255.4,1854.9,1384.5,1875.1,1342.2,1890.1,1120.4,1915.9,1007.3,1936.5,907.8,1927.3,696.8,1902.1,696.8,1902.1,910.1,2033.7,1012.6,2043.1,1126.6,2023.5,1342.2,1890.1,1384.5,1875.1,1270.2,2034.8,1132.6,2116.2,1014.2,2136.8,907.8,2129.8,767.6,2058.9,653.4,1892.6
225.0,3.733,653.6,1893.1,771.5,1863.8,903.6,1861.3,1003.0,1878.8,1112.8,1854.0,1255.2,1854.8,1385.2,1874.9,1342.5,1889.8,1120.2,1916.3,1007.5,1937.0,908.4,1928.0,697.1,1902.3,697.1,1902.3,911.0,2034.2,1013.1,2043.4,1126.7,2023.8,1342.5,1889.8,1385.2,1874.9,1270.4,2035.0,1132.7,2116.8,1014.8,2137.6,908.8,2130.9,768.4,2060.0,653.6,1893.1
226.0,3.75,653.2,1893.2,771.2,1864.3,903.1,1862.1,1002.8,1879.7,1113.2,1854.9,1255.2,1856.0,1384.5,1875.8,1342.1,1890.8,1120.5,1917.2,1007.2,1937.9,907.8,1928.7,696.4,1902.7,696.4,1902.7,910.0,2033.8,1012.3,2043.3,1126.3,2023.7,1342.1,1890.8,1384.5,1875.8,1269.7,2035.1,1132.2,2116.5,1013.8,2137.1,907.6,2130.2,767.5,2059.3,653.2,1893.2
227.0,3.767,652.8,1894.2,771.2,1865.4,903.2,1862.8,1002.4,1880.3,1112.2,1855.6,1254.3,1856.8,1384.3,1876.5,1341.5,1891.3,1119.6,1917.5,1006.9,1938.0,908.0,1929.0,696.1,1903.4,696.1,1903.4,910.2,2034.4,1012.0,2043.7,1125.5,2024.3,1341.5,1891.3,1384.3,1876.5,1268.9,2035.4,1131.4,2116.8,1013.6,2137.3,907.9,2130.5,767.8,2059.9,652.8,1894.2
228.0,3.783,652.9,1894.4,770.8,1866.0,902.5,1864.0,1002.3,1881.5,1112.8,1856.6,1254.7,1857.5,1384.5,1876.7,1341.9,1891.6,1120.2,1918.6,1006.7,1939.3,907.3,1930.2,696.0,1903.6,696.0,1903.6,909.5,2034.3,1011.7,2043.8,1125.8,2024.2,1341.9,1891.6,1384.5,1876.7,1269.2,2035.1,1131.5,2116.7,1013.0,2137.4,906.9,2130.3,767.2,2059.5,652.9,1894.4
229.0,3.8,652.3,1894.4,770.2,1866.9,901.9,1864.8,1002.3,1882.6,1113.7,1857.7,1254.8,1858.5,1384.4,1877.0,1341.6,1892.1,1121.1,1919.8,1006.8,1940.3,906.8,1930.9,695.6,1903.7,695.6,1903.7,908.7,2034.7,1011.5,2044.2,1126.5,2024.4,1341.6,1892.1,1384.4,1877.0,1269.0,2034.9,1132.2,2117.4,1012.9,2138.3,906.3,2131.5,766.6,2060.4,652.3,1894.4
230.0,3.817,652.9,1895.8,770.3,1868.0,902.1,1865.3,1003.3,1883.2,1115.5,1858.2,1256.1,1859.7,1383.6,1878.5,1341.1,1893.9,1123.0,1920.7,1007.7,1941.4,906.9,1932.0,695.9,1905.3,695.9,1905.3,908.4,2035.0,1011.9,2044.6,1127.8,2024.5,1341.1,1893.9,1383.6,1878.5,1269.6,2036.3,1133.7,2118.6,1013.5,2139.9,906.0,2132.7,766.4,2061.7,652.9,1895.8
231.0,3.833,652.7,1896.8,771.1,1869.4,903.2,1867.2,1002.9,1885.2,1113.5,1860.4,1254.8,1861.7,1383.5,1880.3,1341.1,1895.4,1121.0,1923.2,1007.4,1943.6,908.0,1934.2,696.0,1906.4,696.0,1906.4,909.7,2036.1,1012.0,2045.7,1126.3,2026.1,1341.1,1895.4,1383.5,1880.3,1268.7,2039.1,1132.3,2120.9,1013.7,2141.7,907.4,2134.6,767.3,2063.4,652.7,1896.8
232.0,3.85,654.5,1901.2,770.9,1871.3,901.6,1868.4,1002.6,1886.5,1114.8,1861.4,1255.0,1863.7,1381.0,1884.1,1338.8,1898.9,1122.2,1924.7,1007.0,1945.2,906.4,1935.9,697.6,1910.3,697.6,1910.3,908.4,2038.1,1011.9,2047.9,1127.7,2028.2,1338.8,1898.9,1381.0,1884.1,1269.0,2040.8,1133.8,2122.7,1013.6,2143.9,906.2,2136.5,767.4,2065.4,654.5,1901.2
233.0,3.867,655.9,1908.0,769.6,1874.0,898.9,1869.5,1001.4,1887.9,1115.3,1863.0,1253.7,1868.0,1374.8,1892.5,1333.1,1906.5,1122.7,1927.4,1005.7,1947.3,903.6,1937.9,699.1,1916.6,699.1,1916.6,905.7,2041.7,1010.8,2051.8,1128.6,2031.8,1333.1,1906.5,1374.8,1892.5,1267.5,2046.9,1134.9,2127.7,1012.9,2148.8,903.5,2141.1,765.8,2070.4,655.9,1908.0
234.0,3.883,659.4,1918.9,768.0,1878.3,894.5,1871.6,996.4,1890.6,1109.0,1865.9,1246.0,1874.8,1362.2,1906.2,1321.0,1918.4,1116.3,1933.1,1000.8,1952.1,899.0,1942.7,702.7,1926.1,702.7,1926.1,902.0,2045.0,1006.9,2055.1,1123.1,2036.1,1321.0,1918.4,1362.2,1906.2,1260.3,2057.3,1129.7,2135.0,1008.9,2155.2,899.7,2147.0,764.8,2077.1,659.4,1918.9
235.0,3.9,664.4,1933.4,768.7,1889.3,890.5,1880.6,993.5,1900.0,1106.6,1876.9,1239.5,1889.4,1349.6,1925.9,1308.5,1936.5,1112.9,1944.2,997.0,1961.9,893.9,1951.9,707.6,1939.7,707.6,1939.7,895.7,2045.1,1001.4,2055.6,1118.0,2038.0,1308.5,1936.5,1349.6,1925.9,1251.1,2065.6,1124.3,2137.0,1003.0,2155.5,893.0,2146.6,764.4,2080.3,664.4,1933.4
236.0,3.917,671.6,1947.4,772.8,1900.1,890.4,1889.2,992.7,1908.7,1104.7,1886.3,1230.7,1902.9,1333.0,1943.1,1293.2,1953.7,1109.7,1954.5,995.2,1971.3,892.6,1961.4,713.3,1953.6,713.3,1953.6,892.5,2041.5,997.0,2051.4,1111.9,2034.5,1293.2,1953.7,1333.0,1943.1,1237.9,2071.7,1117.3,2137.3,997.6,2155.2,888.6,2145.8,766.2,2083.8,671.6,1947.4
237.0,3.933,676.6,1961.1,774.9,1908.3,888.0,1893.1,991.0,1911.4,1101.8,1890.0,1222.9,1910.4,1318.3,1956.4,1278.4,1967.3,1106.6,1962.2,993.6,1978.3,890.1,1969.4,718.9,1967.4,718.9,1967.4,887.1,2030.6,991.9,2039.1,1105.3,2023.3,1278.4,1967.3,1318.3,1956.4,1227.0,2074.1,1112.1,2132.4,993.5,2148.8,884.5,2140.1,767.6,2085.5,676.6,1961.1
238.0,3.95,682.2,1970.6,780.7,1915.0,890.5,1897.4,991.0,1915.0,1098.3,1893.7,1215.3,1916.9,1308.1,1965.6,1268.1,1976.2,1102.9,1967.5,993.4,1983.3,892.3,1975.3,724.1,1976.7,724.1,1976.7,888.0,2024.2,989.8,2031.4,1099.4,2016.1,1268.1,1976.2,1308.1,1965.6,1217.1,2074.3,1105.7,2126.8,991.0,2142.4,884.9,2134.3,772.1,2085.3,682.2,1970.6
239.0,3.967,685.9,1974.7,784.3,1917.6,892.3,1897.7,991.7,1916.1,1097.1,1894.8,1211.0,1921.3,1301.1,1971.7,1260.7,1982.0,1102.0,1972.2,994.3,1987.1,894.4,1979.0,727.8,1981.4,727.8,1981.4,889.6,2014.1,990.0,2021.0,1097.5,2006.6,1260.7,1982.0,1301.1,1971.7,1211.7,2073.8,1104.5,2122.1,991.8,2137.2,887.0,2129.3,775.7,2084.1,685.9,1974.7
240.0,3.983,692.4,1977.1,787.9,1920.7,892.8,1902.3,990.5,1920.8,1095.1,1899.5,1207.1,1925.6,1294.6,1974.5,1255.1,1983.8,1100.0,1973.0,993.1,1988.0,894.9,1979.8,733.5,1983.0,733.5,1983.0,891.9,2018.6,990.8,2025.9,1097.5,2010.9,1255.1,1983.8,1294.6,1974.5,1209.2,2073.1,1104.3,2121.2,992.7,2137.0,889.3,2128.7,780.5,2083.6,692.4,1977.1
241.0,4.0,694.0,1978.1,787.2,1924.3,891.0,1904.1,988.7,1923.6,1093.8,1901.9,1204.3,1929.0,1291.3,1975.6,1250.9,1984.9,1098.8,1977.0,991.4,1991.1,893.3,1982.6,734.7,1983.2,734.7,1983.2,890.7,2013.0,989.3,2020.8,1096.5,2006.2,1250.9,1984.9,1291.3,1975.6,1206.6,2069.2,1103.5,2117.2,991.4,2133.1,888.1,2124.9,781.1,2080.4,694.0,1978.1
242.0,4.017,691.3,1982.7,785.0,1927.6,887.6,1904.9,983.2,1924.7,1084.7,1902.0,1197.4,1930.1,1289.0,1977.5,1246.4,1985.2,1090.5,1985.0,986.4,1999.4,890.2,1992.0,733.7,1985.6,733.7,1985.6,887.8,1997.7,984.1,2004.9,1087.6,1991.9,1246.4,1985.2,1289.0,1977.5,1200.8,2065.0,1095.3,2110.5,986.6,2125.4,885.4,2117.9,780.5,2076.4,691.3,1982.7
243.0,4.033,691.2,1981.0,788.7,1927.7,893.1,1904.8,983.6,1924.1,1079.4,1901.7,1192.9,1929.7,1290.5,1975.6,1247.1,1982.6,1085.1,1982.4,986.5,1996.4,895.4,1989.6,733.4,1983.6,733.4,1983.6,894.0,1993.8,985.2,2000.6,1082.9,1989.1,1247.1,1982.6,1290.5,1975.6,1197.3,2061.2,1090.3,2102.3,987.6,2115.7,891.6,2109.3,784.7,2071.0,691.2,1981.0
244.0,4.05,690.6,1980.0,790.3,1927.5,894.7,1905.2,984.3,1924.3,1079.3,1901.7,1192.8,1929.0,1291.8,1973.1,1248.4,1980.4,1085.3,1981.5,987.4,1995.7,897.3,1989.1,732.8,1983.1,732.8,1983.1,895.6,1991.3,985.8,1997.9,1082.6,1986.3,1248.4,1980.4,1291.8,1973.1,1197.3,2057.6,1090.0,2098.2,988.3,2111.7,893.4,2105.6,786.1,2068.3,690.6,1980.0
245.0,4.067,689.6,1978.8,790.2,1926.1,895.1,1903.8,983.7,1922.3,1077.2,1899.9,1191.3,1927.1,1291.8,1971.1,1248.3,1977.8,1083.3,1978.9,986.7,1993.2,897.9,1987.0,732.4,1981.2,732.4,1981.2,896.8,1988.3,985.9,1994.9,1081.1,1983.9,1248.3,1977.8,1291.8,1971.1,1196.9,2055.6,1089.3,2094.4,989.2,2107.0,895.3,2101.5,786.9,2065.2,689.6,1978.8
246.0,4.083,691.2,1976.7,791.0,1924.6,895.9,1902.0,983.7,1921.0,1077.0,1898.1,1190.5,1925.5,1290.8,1969.1,1247.2,1975.6,1083.4,1977.6,987.1,1991.7,899.2,1985.3,733.5,1979.2,733.5,1979.2,899.4,1987.2,987.8,1993.7,1082.8,1982.6,1247.2,1975.6,1290.8,1969.1,1197.3,2052.9,1090.8,2092.5,991.0,2105.8,897.8,2100.5,788.8,2064.2,691.2,1976.7
247.0,4.1,690.5,1975.3,791.6,1922.9,896.4,1900.8,984.3,1919.7,1077.7,1896.7,1191.6,1923.8,1292.6,1967.7,1248.9,1974.2,1083.8,1975.8,987.3,1990.4,899.1,1984.0,733.0,1977.8,733.0,1977.8,898.4,1985.7,987.0,1992.5,1082.1,1981.4,1248.9,1974.2,1292.6,1967.7,1197.5,2051.8,1089.8,2090.3,989.9,2103.2,896.7,2097.6,788.1,2061.4,690.5,1975.3
248.0,4.117,690.9,1975.1,792.5,1922.8,897.4,1900.2,984.7,1919.1,1077.3,1896.0,1191.4,1923.3,1293.4,1966.8,1249.4,1973.1,1083.6,1975.4,987.8,1990.0,900.4,1983.9,733.6,1977.5,733.6,1977.5,899.9,1984.7,987.8,1991.3,1082.0,1980.5,1249.4,1973.1,1293.4,1966.8,1197.8,2050.8,1089.9,2089.2,990.9,2102.0,898.4,2096.6,789.5,2060.7,690.9,1975.1
249.0,4.133,691.5,1974.3,792.6,1921.6,897.3,1899.5,985.0,1918.6,1078.3,1895.3,1192.3,1922.1,1293.6,1965.8,1249.6,1971.8,1084.8,1974.6,988.3,1989.1,900.5,1982.8,734.2,1976.6,734.2,1976.6,900.6,1984.8,989.0,1991.4,1084.2,1980.1,1249.6,1971.8,1293.6,1965.8,1199.4,2049.4,1092.1,2088.3,992.2,2101.5,899.1,2096.1,789.9,2060.3,691.5,1974.3
250.0,4.15,691.3,1973.4,793.6,1921.5,898.7,1899.1,985.7,1918.2,1078.0,1895.0,1192.1,1921.7,1294.6,1964.8,1250.4,1971.3,1084.5,1974.9,989.0,1989.4,901.8,1983.1,734.1,1976.2,734.1,1976.2,901.4,1983.1,989.0,1989.6,1083.1,1978.7,1250.4,1971.3,1294.6,1964.8,1198.8,2048.6,1090.9,2087.3,992.0,2100.3,899.7,2095.1,790.4,2059.6,691.3,1973.4
251.0,4.167,691.6,1972.8,793.1,1920.6,898.3,1898.1,985.5,1917.3,1078.1,1894.0,1192.1,1920.8,1294.6,1964.4,1250.3,1970.6,1084.9,1974.3,989.1,1988.7,901.7,1982.4,734.5,1975.5,734.5,1975.5,901.4,1982.2,989.3,1988.6,1083.7,1977.5,1250.3,1970.6,1294.6,1964.4,1199.2,2047.5,1091.5,2085.5,992.4,2098.4,900.0,2093.4,790.2,2058.4,691.6,1972.8
252.0,4.183,691.7,1972.0,793.4,1919.9,898.8,1897.8,985.8,1916.9,1078.2,1893.5,1192.5,1919.9,1295.5,1963.0,1251.4,1969.2,1085.0,1973.8,989.4,1988.2,902.2,1981.9,734.8,1974.5,734.8,1974.5,902.4,1982.4,990.2,1988.8,1084.4,1977.7,1251.4,1969.2,1295.5,1963.0,1200.4,2047.2,1092.3,2086.1,993.3,2099.0,900.9,2094.1,790.8,2058.8,691.7,1972.0
253.0,4.2,691.5,1972.4,792.8,1920.0,898.0,1897.3,984.9,1916.5,1077.0,1893.0,1191.0,1919.8,1294.7,1963.5,1250.2,1969.6,1083.7,1973.7,988.4,1988.0,901.3,1981.8,734.6,1974.5,734.6,1974.5,901.1,1981.2,988.6,1987.4,1082.5,1976.5,1250.2,1969.6,1294.7,1963.5,1198.4,2046.1,1090.1,2084.2,991.4,2096.8,899.4,2092.1,789.9,2057.6,691.5,1972.4
254.0,4.217,691.2,1973.2,791.9,1919.9,897.4,1897.0,984.5,1916.1,1077.1,1892.5,1191.2,1919.1,1294.2,1963.4,1249.8,1969.3,1084.4,1973.9,988.6,1988.1,901.3,1982.0,734.7,1975.3,734.7,1975.3,901.9,1981.2,989.8,1987.1,1084.2,1975.9,1249.8,1969.3,1294.2,1963.4,1199.9,2045.6,1092.3,2084.0,993.2,2096.8,900.8,2092.6,790.1,2058.6,691.2,1973.2
255.0,4.233,690.2,1973.5,790.5,1920.3,895.8,1896.7,983.3,1915.7,1076.5,1892.0,1190.3,1919.2,1292.9,1963.2,1248.3,1969.4,1083.7,1973.5,987.3,1987.8,899.6,1981.7,733.5,1975.5,733.5,1975.5,899.9,1980.3,988.1,1986.4,1083.1,1975.2,1248.3,1969.4,1292.9,1963.2,1198.5,2045.6,1091.3,2084.0,991.7,2097.0,898.8,2092.7,788.7,2058.4,690.2,1973.5
256.0,4.25,689.2,1973.2,789.5,1919.4,895.0,1895.6,981.8,1914.8,1074.3,1891.0,1187.9,1918.7,1291.5,1963.2,1246.7,1969.0,1081.7,1972.4,985.8,1986.4,899.0,1980.4,732.4,1975.0,732.4,1975.0,899.6,1980.6,987.0,1986.6,1081.4,1975.4,1246.7,1969.0,1291.5,1963.2,1196.4,2045.1,1089.3,2083.3,990.3,2096.1,898.2,2092.0,787.6,2057.9,689.2,1973.2
257.0,4.267,688.5,1972.8,788.2,1918.8,893.6,1895.0,981.0,1914.3,1074.0,1890.5,1188.1,1918.0,1291.3,1962.8,1246.4,1968.6,1081.5,1972.4,985.1,1986.6,897.7,1980.4,731.9,1974.6,731.9,1974.6,898.4,1980.1,986.5,1986.2,1081.5,1974.9,1246.4,1968.6,1291.3,1962.8,1196.9,2045.0,1089.6,2083.7,989.9,2096.7,897.2,2092.4,786.6,2058.1,688.5,1972.8
258.0,4.283,688.3,1972.3,787.8,1918.4,892.9,1894.8,980.0,1914.3,1073.0,1890.4,1186.9,1917.7,1290.1,1962.2,1245.3,1967.9,1080.5,1972.4,984.2,1986.4,897.0,1980.2,731.6,1973.9,731.6,1973.9,897.8,1980.4,985.7,1986.5,1080.6,1975.3,1245.3,1967.9,1290.1,1962.2,1195.9,2044.5,1088.6,2083.7,989.0,2096.7,896.5,2092.4,786.2,2057.8,688.3,1972.3
259.0,4.3,688.3,1973.0,788.2,1918.5,893.3,1894.7,979.9,1913.9,1072.0,1889.9,1186.5,1917.4,1289.9,1962.4,1244.8,1968.0,1079.5,1972.0,984.2,1986.1,897.5,1980.2,731.8,1974.6,731.8,1974.6,898.4,1979.8,985.9,1985.8,1079.9,1974.8,1244.8,1968.0,1289.9,1962.4,1195.8,2045.3,1088.3,2083.9,989.5,2096.7,897.4,2092.5,787.0,2058.3,688.3,1973.0
260.0,4.317,688.1,1972.7,787.9,1918.1,893.3,1893.7,979.5,1913.0,1071.3,1889.1,1185.6,1917.0,1289.2,1962.3,1244.4,1968.0,1078.8,1971.3,983.8,1985.3,897.4,1979.4,731.4,1974.5,731.4,1974.5,898.3,1980.8,985.4,1986.8,1079.1,1975.8,1244.4,1968.0,1289.2,1962.3,1194.8,2045.6,1087.4,2084.2,988.9,2097.1,897.2,2092.9,786.5,2058.6,688.1,1972.7
261.0,4.333,688.3,1971.8,787.9,1918.7,893.1,1894.5,979.9,1913.9,1072.4,1890.0,1186.5,1917.7,1289.7,1961.8,1244.8,1967.7,1079.8,1971.7,983.9,1985.8,897.1,1979.7,731.5,1973.6,731.5,1973.6,897.9,1979.5,985.4,1985.8,1079.8,1974.8,1244.8,1967.7,1289.7,1961.8,1195.3,2044.8,1088.1,2083.5,989.0,2096.4,896.7,2092.0,786.6,2057.2,688.3,1971.8
262.0,4.35,688.8,1973.1,787.4,1918.4,891.8,1894.0,979.2,1913.4,1072.4,1889.4,1186.2,1917.5,1288.2,1962.7,1243.2,1968.3,1079.9,1971.9,983.4,1985.9,896.0,1979.8,732.2,1974.7,732.2,1974.7,896.9,1979.5,985.1,1985.8,1080.3,1974.6,1243.2,1968.3,1288.2,1962.7,1195.4,2045.3,1088.8,2084.3,988.8,2097.4,896.0,2092.9,786.2,2058.3,688.8,1973.1
263.0,4.367,687.8,1973.3,786.7,1918.1,891.2,1893.6,978.5,1913.1,1071.5,1889.2,1185.9,1917.3,1288.6,1963.1,1243.5,1968.6,1078.9,1971.8,982.8,1985.6,895.4,1979.5,731.3,1975.0,731.3,1975.0,896.2,1979.8,984.4,1986.1,1079.3,1975.1,1243.5,1968.6,1288.6,1963.1,1195.1,2045.5,1087.8,2084.4,988.0,2097.3,895.3,2092.7,785.4,2058.2,687.8,1973.3
264.0,4.383,687.6,1974.0,786.8,1918.8,891.6,1894.4,978.1,1913.7,1070.0,1889.5,1184.2,1917.9,1287.7,1963.3,1242.6,1968.8,1077.7,1972.0,982.3,1986.1,895.9,1980.3,731.0,1975.4,731.0,1975.4,896.8,1980.1,984.0,1986.2,1077.9,1975.2,1242.6,1968.8,1287.7,1963.3,1193.6,2046.4,1086.2,2084.8,987.6,2097.6,895.7,2093.3,785.5,2058.9,687.6,1974.0
265.0,4.4,687.4,1974.6,786.7,1919.2,891.5,1894.8,977.9,1913.8,1069.9,1889.6,1184.2,1917.9,1287.4,1963.2,1242.6,1968.9,1077.7,1971.8,982.4,1985.9,896.0,1980.3,730.7,1976.3,730.7,1976.3,896.9,1981.3,984.1,1987.2,1078.0,1976.1,1242.6,1968.9,1287.4,1963.2,1193.7,2046.7,1086.4,2085.4,987.8,2098.2,895.8,2094.1,785.5,2059.7,687.4,1974.6
266.0,4.417,687.5,1974.7,787.2,1919.9,892.2,1895.7,978.8,1914.7,1071.1,1890.4,1185.5,1918.3,1288.9,1963.0,1243.9,1968.8,1078.9,1972.4,983.2,1986.8,896.6,1981.1,730.8,1976.5,730.8,1976.5,897.4,1982.2,984.9,1988.2,1079.2,1976.8,1243.9,1968.8,1288.9,1963.0,1195.0,2047.3,1087.5,2086.0,988.5,2099.1,896.3,2094.8,785.8,2060.3,687.5,1974.7
267.0,4.433,688.5,1976.1,787.4,1920.3,892.3,1895.4,979.0,1914.6,1071.4,1890.2,1186.0,1918.2,1289.4,1963.9,1244.3,1969.7,1079.3,1973.4,983.6,1987.6,896.9,1982.0,731.9,1977.8,731.9,1977.8,897.9,1983.7,985.5,1989.5,1079.9,1978.1,1244.3,1969.7,1289.4,1963.9,1196.0,2047.8,1088.3,2087.2,989.2,2100.5,896.9,2096.4,786.3,2062.0,688.5,1976.1
268.0,4.45,688.2,1975.6,787.7,1921.0,893.0,1896.6,979.4,1915.9,1071.9,1891.7,1186.5,1919.5,1290.5,1964.2,1245.5,1970.2,1079.7,1974.0,983.9,1988.1,897.5,1982.3,731.4,1977.6,731.4,1977.6,898.4,1983.9,985.7,1989.9,1080.2,1978.5,1245.5,1970.2,1290.5,1964.2,1196.0,2047.6,1088.2,2086.9,989.1,2100.1,897.1,2096.0,786.2,2061.5,688.2,1975.6
269.0,4.467,689.3,1976.0,788.3,1921.8,893.2,1897.3,980.7,1916.8,1074.1,1892.3,1188.1,1919.8,1290.9,1964.1,1246.0,1970.2,1081.7,1974.5,985.0,1988.8,897.5,1982.8,732.5,1977.9,732.5,1977.9,898.4,1984.1,986.7,1990.3,1082.1,1978.8,1246.0,1970.2,1290.9,1964.1,1197.7,2047.7,1090.7,2087.8,990.5,2101.3,897.6,2097.0,787.2,2062.2,689.3,1976.0
270.0,4.483,689.3,1976.5,788.2,1922.0,892.7,1897.8,980.3,1917.2,1073.9,1892.7,1188.0,1920.2,1291.2,1964.7,1246.0,1970.6,1081.6,1975.1,984.7,1989.5,897.1,1983.5,732.6,1978.1,732.6,1978.1,897.8,1983.5,986.2,1989.6,1081.8,1978.0,1246.0,1970.6,1291.2,1964.7,1197.4,2047.3,1089.9,2087.1,989.6,2100.6,896.6,2096.3,786.8,2061.9,689.3,1976.5
271.0,4.5,689.0,1976.6,787.6,1920.9,892.1,1896.5,979.7,1915.9,1073.1,1891.5,1187.7,1919.3,1290.8,1965.0,1245.6,1970.5,1080.8,1973.9,984.1,1988.1,896.5,1982.2,732.5,1977.9,732.5,1977.9,897.6,1984.9,986.0,1991.0,1081.6,1979.4,1245.6,1970.5,1290.8,1965.0,1197.5,2048.2,1089.8,2088.1,989.5,2101.4,896.4,2097.1,786.4,2062.3,689.0,1976.6
272.0,4.517,688.2,1976.1,787.4,1921.5,892.0,1896.8,979.7,1916.1,1073.4,1891.7,1187.6,1920.0,1290.9,1964.9,1245.6,1970.8,1081.0,1973.9,984.0,1988.3,896.3,1982.2,731.5,1977.8,731.5,1977.8,896.8,1982.9,985.4,1989.2,1080.9,1977.8,1245.6,1970.8,1290.9,1964.9,1196.7,2047.6,1089.3,2086.9,988.9,2100.2,895.8,2095.8,786.0,2061.3,688.2,1976.1
273.0,4.533,689.4,1975.7,788.3,1921.0,892.9,1896.2,980.5,1915.7,1074.2,1891.4,1188.4,1919.5,1291.4,1964.4,1246.2,1970.2,1081.7,1973.5,984.8,1987.6,897.2,1981.5,732.7,1977.3,732.7,1977.3,898.2,1983.0,986.7,1989.3,1082.3,1978.1,1246.2,1970.2,1291.4,1964.4,1198.0,2047.1,1090.9,2086.8,990.5,2100.0,897.4,2095.7,787.4,2061.1,689.4,1975.7
274.0,4.55,690.5,1975.8,788.5,1919.8,892.5,1895.4,980.8,1914.9,1075.5,1890.4,1189.5,1918.6,1291.5,1964.4,1246.5,1969.8,1083.2,1973.0,985.2,1987.3,896.9,1981.3,733.9,1977.0,733.9,1977.0,898.0,1982.9,987.3,1989.2,1084.0,1977.4,1246.5,1969.8,1291.5,1964.4,1199.2,2046.2,1092.1,2086.0,990.8,2099.7,896.9,2095.2,787.3,2060.6,690.5,1975.8
275.0,4.567,691.2,1974.8,789.8,1919.6,894.4,1894.9,982.1,1914.3,1076.0,1890.4,1190.4,1918.3,1293.0,1963.9,1247.8,1969.7,1083.5,1972.6,986.4,1986.5,898.6,1980.4,734.5,1976.6,734.5,1976.6,899.3,1982.2,988.0,1988.5,1084.0,1977.2,1247.8,1969.7,1293.0,1963.9,1199.7,2045.9,1092.1,2084.9,991.5,2098.1,898.2,2093.6,788.4,2059.3,691.2,1974.8
276.0,4.583,693.2,1975.0,792.4,1918.9,896.6,1894.5,983.9,1913.6,1077.1,1889.2,1191.7,1917.3,1294.5,1963.0,1249.4,1968.5,1084.7,1971.0,988.1,1985.4,900.9,1979.7,736.6,1976.4,736.6,1976.4,902.0,1982.0,990.2,1988.2,1085.5,1976.8,1249.4,1968.5,1294.5,1963.0,1201.5,2045.8,1093.9,2084.7,993.9,2098.0,901.1,2093.6,791.2,2059.3,693.2,1975.0
277.0,4.6,695.0,1974.7,793.9,1918.7,897.7,1893.8,986.0,1912.7,1080.4,1888.5,1194.6,1917.0,1295.9,1962.7,1250.7,1968.6,1087.7,1970.2,990.0,1984.7,901.6,1978.9,738.3,1976.3,738.3,1976.3,902.0,1980.4,991.4,1986.9,1087.8,1975.4,1250.7,1968.6,1295.9,1962.7,1203.6,2045.4,1096.4,2084.1,995.2,2097.5,901.3,2092.8,792.4,2058.5,695.0,1974.7
278.0,4.617,696.5,1974.6,794.9,1918.2,898.5,1892.9,987.7,1912.0,1083.5,1887.6,1197.0,1916.7,1297.5,1962.5,1252.5,1968.3,1090.7,1970.1,991.5,1984.5,902.3,1978.7,739.8,1975.9,739.8,1975.9,902.5,1979.2,992.6,1985.8,1090.5,1974.1,1252.5,1968.3,1297.5,1962.5,1205.5,2044.1,1098.8,2083.2,996.4,2096.7,901.7,2091.9,793.1,2057.4,696.5,1974.6
279.0,4.633,696.7,1974.6,795.4,1918.0,899.8,1892.3,988.1,1911.4,1082.9,1886.7,1196.7,1915.5,1297.8,1961.5,1252.8,1967.3,1090.4,1969.1,992.2,1983.6,904.0,1977.9,740.1,1975.9,740.1,1975.9,904.9,1979.4,994.1,1985.7,1090.9,1974.0,1252.8,1967.3,1297.8,1961.5,1206.0,2043.7,1099.5,2083.2,998.1,2096.9,904.2,2092.5,794.5,2058.2,696.7,1974.6
280.0,4.65,696.6,1974.6,794.3,1916.4,897.9,1891.7,986.8,1910.9,1081.9,1886.4,1196.3,1914.3,1297.3,1962.1,1252.3,1967.1,1089.4,1969.2,991.0,1983.7,902.0,1977.9,740.3,1975.4,740.3,1975.4,903.1,1981.8,993.0,1988.0,1090.3,1976.0,1252.3,1967.1,1297.3,1962.1,1206.2,2043.4,1098.4,2083.3,996.5,2097.0,902.0,2092.5,793.0,2058.3,696.6,1974.6
281.0,4.667,694.6,1975.3,792.3,1917.5,896.4,1892.5,984.2,1911.9,1078.5,1886.9,1192.7,1915.2,1295.0,1961.8,1249.7,1967.1,1086.6,1970.4,988.8,1984.8,901.1,1979.2,738.1,1976.0,738.1,1976.0,902.2,1981.7,990.8,1987.7,1087.3,1975.5,1249.7,1967.1,1295.0,1961.8,1202.5,2043.7,1095.3,2084.5,994.3,2098.5,900.9,2094.4,791.3,2059.5,694.6,1975.3
282.0,4.683,691.8,1976.2,790.1,1918.6,894.0,1893.6,982.0,1912.5,1075.9,1888.2,1190.5,1916.0,1293.0,1962.9,1247.4,1968.4,1083.9,1970.8,986.6,1985.1,898.7,1979.6,735.6,1977.2,735.6,1977.2,899.3,1981.9,988.1,1987.8,1084.3,1976.0,1247.4,1968.4,1293.0,1962.9,1200.1,2044.3,1092.6,2083.9,991.8,2097.4,898.4,2093.4,789.1,2059.4,691.8,1976.2
283.0,4.7,691.1,1976.8,788.6,1918.6,892.4,1893.7,980.4,1913.4,1074.8,1888.9,1188.8,1917.5,1290.6,1965.0,1245.2,1970.1,1082.7,1972.2,984.9,1986.2,896.9,1980.3,734.7,1977.6,734.7,1977.6,898.2,1983.2,987.1,1989.3,1083.7,1977.4,1245.2,1970.1,1290.6,1965.0,1198.6,2045.7,1091.4,2085.6,990.2,2099.3,896.6,2095.0,787.2,2060.6,691.1,1976.8
284.0,4.717,690.9,1977.4,790.0,1920.7,894.5,1895.8,981.0,1915.0,1073.7,1890.6,1188.0,1919.1,1291.4,1965.0,1246.1,1970.8,1081.6,1973.8,985.4,1987.9,898.9,1982.4,734.2,1978.8,734.2,1978.8,899.3,1983.1,986.7,1989.1,1081.5,1977.7,1246.1,1970.8,1291.4,1965.0,1197.1,2047.1,1089.3,2086.1,989.9,2099.3,897.9,2095.1,788.3,2061.0,690.9,1977.4
285.0,4.733,692.5,1979.2,790.3,1921.1,893.8,1896.6,981.3,1916.0,1075.2,1891.3,1189.3,1919.6,1291.3,1966.9,1246.0,1971.9,1083.0,1974.5,985.7,1988.6,898.3,1983.0,736.0,1979.8,736.0,1979.8,899.8,1984.8,988.2,1990.9,1084.2,1979.2,1246.0,1971.9,1291.3,1966.9,1199.4,2047.5,1092.1,2087.3,991.5,2100.9,898.4,2096.6,789.3,2062.5,692.5,1979.2
286.0,4.75,692.6,1980.2,790.9,1922.7,895.1,1897.4,982.3,1916.5,1076.1,1891.8,1190.0,1920.5,1292.3,1967.2,1247.1,1972.7,1084.0,1975.1,986.8,1989.4,899.6,1983.9,735.9,1981.3,735.9,1981.3,900.7,1985.2,988.8,1991.1,1084.7,1979.3,1247.1,1972.7,1292.3,1967.2,1199.7,2048.3,1092.6,2087.7,992.2,2101.4,899.4,2097.3,789.8,2063.5,692.6,1980.2
287.0,4.767,693.4,1980.9,791.9,1923.4,896.5,1898.0,984.0,1917.1,1078.1,1892.6,1192.0,1921.0,1293.4,1967.5,1248.6,1973.4,1086.0,1975.6,988.5,1989.8,900.9,1984.2,736.8,1982.4,736.8,1982.4,902.1,1987.1,990.7,1993.0,1086.9,1981.1,1248.6,1973.4,1293.4,1967.5,1201.9,2049.7,1095.1,2089.6,994.4,2103.3,901.1,2099.2,790.8,2065.2,693.4,1980.9
288.0,4.783,694.4,1982.4,792.4,1923.8,896.8,1898.0,984.6,1917.2,1078.7,1892.6,1192.8,1921.4,1294.0,1968.9,1249.0,1974.5,1086.6,1976.3,989.1,1990.4,901.3,1984.9,738.1,1983.6,738.1,1983.6,902.6,1987.8,991.4,1993.8,1087.6,1982.0,1249.0,1974.5,1294.0,1968.9,1202.9,2050.9,1096.1,2091.1,995.2,2104.8,901.8,2100.8,791.7,2066.6,694.4,1982.4
289.0,4.8,694.1,1984.0,792.3,1924.5,896.8,1898.9,986.4,1918.3,1082.6,1893.1,1196.4,1922.2,1295.5,1970.3,1250.8,1975.7,1090.4,1977.0,990.8,1991.7,901.3,1986.0,737.8,1985.3,737.8,1985.3,902.9,1988.8,993.6,1995.0,1091.9,1982.8,1250.8,1975.7,1295.5,1970.3,1206.8,2052.5,1100.7,2092.8,997.7,2107.0,902.3,2102.6,791.6,2068.1,694.1,1984.0
290.0,4.817,694.9,1986.7,793.5,1924.6,898.3,1898.0,989.6,1917.4,1087.7,1892.5,1201.8,1922.8,1298.6,1973.0,1254.5,1978.4,1095.4,1977.2,993.9,1991.7,902.5,1986.0,739.3,1988.3,739.3,1988.3,903.9,1989.6,996.3,1996.3,1096.5,1984.2,1254.5,1978.4,1298.6,1973.0,1212.1,2055.3,1106.4,2095.1,1001.5,2109.1,904.2,2104.4,792.9,2069.8,694.9,1986.7
291.0,4.833,698.4,1992.2,797.8,1926.1,903.6,1897.9,996.3,1917.0,1094.7,1892.1,1209.6,1923.1,1304.5,1976.6,1260.9,1982.0,1102.9,1978.3,1000.8,1993.1,908.3,1987.7,743.7,1994.5,743.7,1994.5,909.7,1992.9,1003.4,1999.6,1104.0,1987.5,1260.9,1982.0,1304.5,1976.6,1221.0,2060.7,1116.0,2100.0,1010.5,2114.1,912.0,2109.6,798.4,2075.9,698.4,1992.2
292.0,4.85,705.7,1995.8,803.4,1926.4,909.1,1896.1,1003.7,1915.7,1104.6,1889.8,1219.5,1922.1,1311.2,1978.6,1268.1,1983.7,1112.8,1978.8,1008.0,1993.8,913.5,1988.6,751.3,1997.8,751.3,1997.8,915.6,1996.5,1011.3,2004.0,1114.5,1991.4,1268.1,1983.7,1311.2,1978.6,1231.6,2063.6,1127.3,2104.8,1019.2,2119.7,918.6,2114.7,805.0,2079.7,705.7,1995.8
293.0,4.867,707.4,1998.8,806.1,1923.1,912.9,1890.8,1009.0,1910.1,1109.9,1884.6,1228.4,1919.0,1321.7,1981.1,1277.9,1985.3,1118.3,1976.8,1013.5,1991.9,917.6,1987.2,754.9,2000.4,754.9,2000.4,919.4,1995.8,1016.5,2003.4,1119.8,1991.8,1277.9,1985.3,1321.7,1981.1,1241.3,2069.0,1134.7,2109.3,1026.2,2123.1,924.2,2118.1,809.0,2082.6,707.4,1998.8
294.0,4.883,717.5,2000.8,815.2,1919.5,923.5,1884.8,1023.2,1902.5,1127.6,1877.4,1248.2,1910.1,1336.4,1975.3,1294.0,1980.8,1136.5,1965.8,1028.4,1981.5,929.3,1977.6,765.8,2003.2,765.8,2003.2,932.6,2018.6,1033.7,2026.7,1141.3,2013.1,1294.0,1980.8,1336.4,1975.3,1264.9,2076.6,1160.0,2126.2,1047.4,2142.7,941.6,2137.9,822.2,2098.0,717.5,2000.8
295.0,4.9,715.6,2008.7,817.0,1919.5,929.9,1878.0,1025.4,1895.6,1122.0,1871.3,1247.8,1908.7,1344.1,1983.0,1298.7,1988.4,1131.6,1969.8,1031.4,1983.7,936.0,1981.3,766.3,2011.3,766.3,2011.3,938.4,2006.2,1035.3,2012.8,1134.8,2003.1,1298.7,1988.4,1344.1,1983.0,1265.2,2084.3,1155.6,2127.4,1050.2,2140.3,948.5,2137.1,825.6,2102.3,715.6,2008.7
296.0,4.917,716.3,2017.5,822.2,1921.0,938.6,1874.2,1029.3,1890.8,1117.9,1866.8,1248.0,1907.8,1351.4,1989.5,1303.8,1994.7,1128.1,1971.3,1035.8,1984.9,945.2,1984.5,768.3,2020.3,768.3,2020.3,947.0,2000.4,1039.0,2005.6,1130.4,1999.0,1303.8,1994.7,1351.4,1989.5,1266.5,2091.6,1152.6,2128.1,1055.0,2138.4,958.1,2136.7,832.1,2107.1,716.3,2017.5
297.0,4.933,721.8,2025.4,830.1,1926.7,946.7,1878.0,1035.8,1894.4,1123.1,1871.4,1251.5,1913.8,1355.8,1998.0,1307.6,2002.4,1133.2,1972.5,1042.3,1985.3,953.2,1985.2,773.1,2027.9,773.1,2027.9,955.2,1998.0,1045.5,2002.5,1135.4,1996.5,1307.6,2002.4,1355.8,1998.0,1269.3,2088.3,1156.7,2118.1,1060.6,2127.4,965.8,2126.7,840.1,2103.3,721.8,2025.4
298.0,4.95,729.7,2029.0,838.0,1930.2,955.0,1880.6,1041.5,1896.5,1124.8,1872.6,1252.3,1914.4,1359.4,1997.7,1310.3,2002.5,1136.0,1975.2,1048.8,1988.4,962.7,1989.3,781.4,2030.9,781.4,2030.9,965.4,1997.9,1052.4,2001.1,1138.3,1995.0,1310.3,2002.5,1359.4,1997.7,1271.6,2089.3,1160.3,2120.7,1068.2,2130.5,976.5,2131.2,850.1,2109.5,729.7,2029.0
299.0,4.967,740.6,2024.6,849.1,1934.6,963.1,1887.7,1043.5,1902.1,1121.0,1878.3,1240.6,1915.8,1347.4,1989.6,1298.2,1996.6,1132.5,1973.1,1051.4,1986.9,971.8,1988.5,789.8,2027.6,789.8,2027.6,974.2,1997.4,1054.5,1998.7,1134.3,1991.0,1298.2,1996.6,1347.4,1989.6,1258.8,2078.8,1154.4,2110.8,1068.9,2122.2,984.0,2124.8,861.1,2106.5,740.6,2024.6
300.0,4.983,758.3,2018.5,861.0,1937.8,967.7,1895.4,1043.9,1909.3,1118.0,1884.3,1225.9,1915.6,1326.1,1977.9,1277.7,1986.7,1129.8,1971.9,1052.4,1986.7,977.5,1988.1,804.7,2020.5,804.7,2020.5,980.0,2005.2,1055.5,2004.8,1131.8,1993.5,1277.7,1986.7,1326.1,1977.9,1243.2,2069.3,1149.9,2110.1,1068.2,2125.3,988.4,2129.2,872.5,2109.5,758.3,2018.5
301.0,5.0,762.1,2018.1,865.6,1942.7,972.0,1902.2,1047.0,1915.1,1121.1,1890.4,1226.5,1918.4,1326.1,1975.0,1278.0,1984.8,1133.4,1970.9,1056.1,1985.8,982.7,1987.4,807.1,2020.9,807.1,2020.9,986.5,2009.0,1060.7,2007.6,1137.1,1994.5,1278.0,1984.8,1326.1,1975.0,1244.4,2062.3,1154.4,2102.4,1072.9,2118.9,994.8,2124.1,878.1,2108.1,762.1,2018.1
302.0,5.017,766.7,2018.8,868.8,1943.0,974.0,1903.6,1048.5,1916.6,1121.7,1891.2,1225.6,1919.2,1322.9,1975.4,1275.3,1984.9,1133.9,1972.0,1057.5,1987.4,984.9,1989.2,811.7,2020.8,811.7,2020.8,989.3,2012.0,1063.0,2010.7,1138.4,1997.3,1275.3,1984.9,1322.9,1975.4,1244.4,2065.9,1156.2,2107.9,1075.6,2124.9,997.8,2130.0,881.8,2112.3,766.7,2018.8
303.0,5.033,763.9,2018.9,870.1,1945.9,977.0,1907.2,1050.9,1919.7,1123.3,1894.5,1228.8,1920.7,1329.6,1974.4,1281.6,1985.2,1135.5,1974.6,1059.8,1990.5,987.7,1992.5,809.0,2022.3,809.0,2022.3,991.1,2012.4,1063.9,2010.9,1138.6,1997.7,1281.6,1985.2,1329.6,1974.4,1246.7,2065.5,1156.0,2106.9,1076.4,2123.8,999.3,2129.1,882.2,2112.4,763.9,2018.9
304.0,5.05,766.7,2020.2,868.6,1945.8,973.1,1907.5,1048.5,1920.6,1122.5,1894.9,1226.3,1921.4,1324.2,1976.2,1276.0,1985.7,1135.1,1976.6,1057.8,1992.5,984.4,1994.1,812.2,2021.9,812.2,2021.9,988.7,2012.8,1063.0,2011.3,1139.3,1997.4,1276.0,1985.7,1324.2,1976.2,1245.2,2065.3,1156.8,2108.5,1075.4,2126.0,996.9,2131.4,881.6,2113.9,766.7,2020.2
305.0,5.067,761.4,2019.9,865.7,1947.8,970.8,1908.5,1045.4,1921.3,1118.5,1896.0,1222.3,1923.0,1322.4,1977.1,1273.5,1987.9,1130.8,1978.2,1054.4,1994.3,981.4,1996.0,806.4,2023.1,806.4,2023.1,983.1,2008.4,1056.4,2006.7,1131.6,1993.1,1273.5,1987.9,1322.4,1977.1,1237.8,2064.0,1148.0,2104.3,1067.7,2121.3,990.2,2126.5,876.1,2110.7,761.4,2019.9
306.0,5.083,759.8,2025.5,862.6,1948.9,967.5,1908.4,1044.4,1922.3,1119.9,1897.1,1225.6,1927.2,1325.3,1986.4,1276.5,1995.0,1131.9,1981.4,1052.9,1996.8,977.5,1998.0,805.5,2027.7,805.5,2027.7,980.2,2007.7,1055.9,2007.0,1133.4,1994.6,1276.5,1995.0,1325.3,1986.4,1241.9,2068.7,1150.2,2105.6,1067.4,2121.4,987.6,2125.6,873.7,2109.8,759.8,2025.5
307.0,5.1,745.8,2025.4,856.6,1949.3,967.2,1908.5,1045.0,1922.1,1120.8,1898.3,1235.0,1928.3,1343.2,1988.4,1293.6,1998.2,1132.3,1982.9,1052.9,1998.3,976.2,1999.5,792.4,2030.3,792.4,2030.3,976.6,2007.1,1053.3,2007.4,1131.2,1997.1,1293.6,1998.2,1343.2,1988.4,1249.5,2073.7,1148.3,2107.1,1065.0,2120.7,984.2,2123.7,865.8,2107.2,745.8,2025.4
308.0,5.117,740.6,2027.1,851.8,1950.8,962.6,1909.0,1041.4,1922.8,1118.5,1899.1,1233.6,1930.5,1342.7,1991.6,1292.5,2001.5,1129.9,1984.6,1049.2,2000.0,971.3,2001.1,787.0,2032.4,787.0,2032.4,970.7,2003.5,1048.5,2004.0,1127.7,1994.0,1292.5,2001.5,1342.7,1991.6,1246.8,2073.9,1144.4,2104.7,1059.8,2118.1,977.9,2120.8,860.0,2105.7,740.6,2027.1
309.0,5.133,739.4,2027.2,848.4,1950.5,958.1,1907.7,1037.6,1922.0,1115.1,1897.9,1229.4,1929.9,1337.7,1991.5,1287.2,2000.4,1126.5,1985.3,1045.4,2000.3,967.0,2001.3,786.1,2031.3,786.1,2031.3,967.1,1999.7,1045.4,2000.2,1124.8,1990.5,1287.2,2000.4,1337.7,1991.5,1243.5,2071.3,1142.0,2102.7,1057.0,2115.8,974.7,2118.8,857.8,2103.7,739.4,2027.2
310.0,5.15,737.5,2027.0,846.5,1950.0,956.0,1907.6,1036.2,1921.9,1115.1,1897.9,1229.2,1930.4,1336.2,1992.4,1286.0,2001.7,1126.3,1984.7,1043.8,1999.9,964.4,2000.6,784.0,2031.6,784.0,2031.6,964.1,2000.8,1043.3,2001.6,1124.3,1991.6,1286.0,2001.7,1336.2,1992.4,1242.4,2072.5,1141.1,2103.8,1054.6,2117.2,971.3,2119.7,854.9,2104.0,737.5,2027.0
311.0,5.167,737.0,2028.1,845.1,1949.8,953.6,1907.4,1034.5,1921.8,1114.1,1897.7,1227.5,1931.1,1333.0,1994.0,1283.1,2002.5,1125.0,1984.1,1041.7,1999.2,961.8,1999.8,783.5,2032.0,783.5,2032.0,962.0,2001.1,1042.1,2002.3,1123.6,1992.5,1283.1,2002.5,1333.0,1994.0,1241.2,2073.6,1140.6,2104.4,1053.5,2117.7,969.4,2119.9,853.7,2104.0,737.0,2028.1
312.0,5.183,734.8,2028.6,843.5,1950.4,953.2,1907.8,1033.9,1922.2,1113.5,1898.6,1228.0,1931.6,1334.1,1994.9,1284.3,2003.9,1124.5,1985.5,1041.3,2000.2,961.5,2000.9,781.3,2033.2,781.3,2033.2,961.7,2001.2,1041.5,2002.3,1123.2,1992.6,1284.3,2003.9,1334.1,1994.9,1241.5,2073.6,1139.9,2104.2,1052.7,2117.4,968.8,2119.6,852.0,2104.1,734.8,2028.6
313.0,5.2,736.8,2026.9,844.5,1950.2,953.1,1908.5,1033.7,1922.9,1113.3,1899.1,1225.9,1931.6,1330.1,1993.0,1280.7,2002.0,1124.1,1985.4,1041.0,2000.2,961.4,2000.8,783.2,2031.4,783.2,2031.4,961.5,2001.4,1041.3,2002.6,1122.8,1992.6,1280.7,2002.0,1330.1,1993.0,1239.5,2073.3,1139.9,2104.9,1052.8,2118.2,969.0,2120.5,853.0,2104.1,736.8,2026.9
314.0,5.217,735.9,2030.3,843.7,1950.1,952.7,1907.4,1035.3,1921.9,1117.3,1898.4,1232.4,1933.1,1337.5,1998.4,1288.0,2006.8,1127.8,1986.5,1042.2,2001.0,960.3,2001.4,782.9,2034.5,782.9,2034.5,960.0,2001.0,1041.9,2003.0,1125.9,1994.0,1288.0,2006.8,1337.5,1998.4,1245.5,2075.8,1143.0,2105.3,1053.5,2117.4,967.6,2118.9,851.9,2102.2,735.9,2030.3
315.0,5.233,736.0,2027.9,844.2,1951.0,954.1,1908.7,1034.9,1923.4,1114.6,1900.1,1229.4,1933.1,1336.0,1995.5,1286.2,2004.3,1125.4,1987.4,1042.2,2001.6,962.2,2001.9,782.7,2032.4,782.7,2032.4,962.5,2001.9,1042.7,2003.2,1124.4,1994.3,1286.2,2004.3,1336.0,1995.5,1243.4,2075.3,1141.5,2105.9,1054.2,2118.3,970.0,2120.5,853.0,2104.3,736.0,2027.9
316.0,5.25,737.2,2029.3,846.0,1951.1,956.4,1908.3,1036.6,1923.3,1115.4,1900.0,1231.0,1933.9,1338.7,1997.9,1288.9,2006.5,1126.2,1987.7,1043.7,2001.8,964.4,2002.2,783.8,2033.9,783.8,2033.9,964.3,2002.6,1043.7,2004.1,1124.6,1995.4,1288.9,2006.5,1338.7,1997.9,1244.3,2077.4,1141.1,2107.0,1054.7,2119.2,971.2,2121.0,854.0,2104.8,737.2,2029.3
317.0,5.267,742.1,2028.9,847.8,1949.4,955.3,1908.0,1036.4,1922.9,1116.3,1898.8,1228.9,1932.7,1331.6,1996.6,1282.5,2004.5,1127.1,1987.8,1043.6,2002.4,963.4,2002.8,788.9,2032.3,788.9,2032.3,963.9,2002.6,1044.1,2004.0,1126.1,1994.3,1282.5,2004.5,1331.6,1996.6,1242.5,2077.1,1142.8,2109.4,1055.3,2122.5,970.8,2124.2,855.9,2106.2,742.1,2028.9
318.0,5.283,740.9,2031.7,848.7,1952.4,957.9,1909.0,1037.8,1923.8,1116.5,1900.0,1231.1,1934.1,1338.7,1998.6,1288.4,2007.2,1127.3,1989.7,1045.0,2003.9,965.8,2004.6,787.7,2035.6,787.7,2035.6,965.1,1999.6,1044.1,2000.8,1124.7,1992.0,1288.4,2007.2,1338.7,1998.6,1243.8,2075.5,1141.1,2105.3,1054.9,2117.5,971.9,2119.7,856.6,2104.0,740.9,2031.7
319.0,5.3,743.8,2029.5,849.8,1950.4,958.3,1908.8,1039.2,1923.9,1118.9,1900.3,1233.1,1934.2,1336.9,1998.6,1287.8,2006.3,1129.6,1988.7,1046.4,2002.9,966.2,2003.0,790.9,2033.3,790.9,2033.3,967.0,2002.7,1047.4,2004.4,1129.1,1995.2,1287.8,2006.3,1336.9,1998.6,1247.3,2079.2,1146.6,2109.8,1059.2,2122.2,974.6,2123.8,858.4,2106.5,743.8,2029.5
320.0,5.317,744.5,2033.5,849.7,1951.3,957.6,1908.1,1040.1,1923.4,1121.8,1899.3,1236.5,1935.2,1340.7,2002.6,1291.0,2009.7,1132.4,1990.5,1047.0,2004.6,965.3,2004.9,792.1,2036.4,792.1,2036.4,965.6,2001.0,1047.4,2003.0,1131.0,1994.1,1291.0,2009.7,1340.7,2002.6,1250.1,2079.2,1148.2,2109.0,1058.9,2121.1,973.0,2122.6,858.3,2105.4,744.5,2033.5
321.0,5.333,742.5,2033.8,848.7,1950.8,957.7,1906.1,1040.9,1921.7,1123.0,1897.6,1239.9,1934.1,1346.0,2002.9,1295.2,2010.5,1133.6,1990.5,1047.8,2004.8,965.3,2004.9,790.5,2037.5,790.5,2037.5,965.2,2001.6,1047.8,2003.9,1132.0,1995.4,1295.2,2010.5,1346.0,2002.9,1253.5,2082.2,1149.7,2112.7,1059.7,2124.9,972.9,2126.0,857.3,2108.3,742.5,2033.8
322.0,5.35,740.6,2032.7,845.2,1949.4,954.0,1906.6,1040.3,1922.3,1125.7,1897.8,1243.4,1933.6,1347.3,2002.7,1297.7,2009.5,1136.4,1989.9,1047.2,2004.9,961.6,2004.5,788.8,2035.8,788.8,2035.8,962.3,2003.5,1048.1,2006.4,1135.5,1997.3,1297.7,2009.5,1347.3,2002.7,1257.9,2082.7,1153.7,2113.8,1060.4,2126.2,970.5,2126.8,854.3,2107.4,740.6,2032.7
323.0,5.367,740.3,2028.4,844.0,1947.3,952.9,1906.5,1038.9,1922.6,1123.5,1898.3,1241.7,1932.6,1343.8,1999.4,1295.1,2005.8,1134.4,1989.9,1046.2,2004.7,960.9,2003.9,788.9,2031.6,788.9,2031.6,963.1,2004.9,1049.0,2008.1,1135.8,1998.9,1295.1,2005.8,1343.8,1999.4,1258.4,2084.9,1155.5,2118.9,1062.7,2131.6,972.4,2131.8,854.7,2110.2,740.3,2028.4
324.0,5.383,743.3,2030.3,843.7,1944.5,952.3,1902.7,1038.1,1919.7,1122.4,1895.2,1241.7,1931.9,1342.5,2002.8,1293.9,2007.7,1133.3,1990.8,1045.4,2004.7,960.3,2003.8,792.5,2031.9,792.5,2031.9,963.9,2009.5,1049.9,2013.3,1136.4,2005.0,1293.9,2007.7,1342.5,2002.8,1260.0,2092.6,1156.5,2129.2,1063.8,2141.5,973.0,2140.9,855.3,2115.5,743.3,2030.3
325.0,5.4,741.3,2030.9,844.8,1948.2,953.5,1905.3,1037.0,1921.2,1118.7,1897.1,1236.0,1932.8,1338.8,2000.5,1289.6,2007.5,1129.6,1990.1,1044.4,2004.2,961.6,2004.1,789.4,2034.0,789.4,2034.0,963.1,2004.9,1046.4,2007.5,1130.3,1999.2,1289.6,2007.5,1338.8,2000.5,1252.1,2086.7,1149.5,2120.4,1059.5,2132.7,971.6,2133.3,854.9,2112.2,741.3,2030.9
326.0,5.417,742.3,2034.3,842.5,1947.2,951.1,1904.7,1038.0,1921.6,1123.3,1897.4,1242.5,1934.8,1343.2,2006.9,1294.5,2011.9,1133.9,1992.1,1044.9,2005.7,958.8,2004.8,791.2,2035.9,791.2,2035.9,961.7,2012.9,1048.7,2016.9,1136.4,2008.9,1294.5,2011.9,1343.2,2006.9,1260.2,2095.4,1156.3,2131.1,1062.3,2143.0,970.8,2142.3,853.5,2117.5,742.3,2034.3
327.0,5.433,742.8,2034.5,843.9,1948.2,952.1,1905.5,1037.7,1922.2,1121.7,1897.9,1239.7,1934.9,1341.7,2006.1,1292.7,2011.3,1132.6,1992.7,1044.9,2006.4,960.0,2005.8,791.6,2036.1,791.6,2036.1,962.4,2006.7,1047.8,2009.9,1134.1,2001.8,1292.7,2011.3,1341.7,2006.1,1256.6,2090.1,1153.3,2123.8,1061.0,2135.7,971.0,2135.7,854.5,2113.8,742.8,2034.5
328.0,5.45,747.2,2032.0,844.4,1944.7,951.1,1903.0,1039.5,1920.5,1127.1,1895.4,1244.8,1932.6,1340.7,2004.7,1292.9,2009.3,1137.7,1992.1,1046.5,2006.1,958.9,2004.8,796.4,2033.2,796.4,2033.2,962.7,2014.4,1051.4,2018.8,1141.4,2009.7,1292.9,2009.3,1340.7,2004.7,1263.2,2096.1,1161.6,2135.5,1065.4,2148.7,972.0,2147.4,855.7,2119.8,747.2,2032.0
329.0,5.467,749.9,2033.2,850.3,1947.7,956.0,1904.9,1038.6,1920.9,1119.2,1896.1,1232.6,1933.0,1331.7,2002.7,1282.9,2008.2,1130.0,1990.1,1045.9,2004.0,964.1,2004.0,798.1,2034.6,798.1,2034.6,965.9,2004.7,1048.3,2006.9,1131.1,1998.1,1282.9,2008.2,1331.7,2002.7,1248.9,2087.1,1150.1,2120.6,1061.3,2133.0,974.4,2133.9,860.2,2113.7,749.9,2033.2
330.0,5.483,746.2,2034.8,848.6,1948.7,956.1,1904.2,1038.7,1920.4,1119.5,1896.7,1235.0,1934.6,1338.2,2006.4,1288.5,2012.0,1129.9,1990.0,1045.6,2003.1,963.6,2002.9,794.2,2036.8,794.2,2036.8,964.3,2002.6,1046.6,2005.0,1129.4,1997.5,1288.5,2012.0,1338.2,2006.4,1249.6,2085.8,1147.5,2115.5,1058.6,2126.5,972.1,2127.3,857.5,2109.2,746.2,2034.8
331.0,5.5,747.5,2034.4,848.1,1948.4,954.2,1904.0,1038.6,1920.1,1122.2,1895.6,1236.8,1933.0,1338.1,2003.9,1288.3,2009.6,1132.9,1989.2,1045.9,2002.7,962.1,2002.6,795.4,2036.0,795.4,2036.0,963.4,2000.7,1047.5,2002.9,1133.3,1994.2,1288.3,2009.6,1338.1,2003.9,1252.1,2081.5,1151.4,2112.9,1059.8,2125.2,971.4,2126.2,857.9,2108.0,747.5,2034.4
332.0,5.517,748.2,2034.1,847.8,1948.6,953.1,1904.5,1036.5,1920.4,1118.8,1896.2,1231.8,1933.6,1332.6,2004.1,1282.9,2009.7,1129.6,1988.0,1043.8,2001.4,961.2,2001.3,795.5,2035.5,795.5,2035.5,962.2,2002.3,1045.1,2004.3,1129.6,1995.3,1282.9,2009.7,1332.6,2004.1,1246.4,2080.8,1146.9,2111.5,1056.6,2123.6,969.6,2124.8,857.0,2107.1,748.2,2034.1
333.0,5.533,749.3,2031.4,849.6,1949.8,953.6,1906.6,1035.2,1922.1,1116.4,1897.5,1226.2,1932.1,1327.7,1997.7,1277.7,2004.9,1127.4,1986.4,1042.7,2000.4,962.2,2000.6,795.3,2033.3,795.3,2033.3,961.9,2001.8,1042.6,2002.8,1126.0,1992.4,1277.7,2004.9,1327.7,1997.7,1239.2,2072.7,1141.6,2105.7,1052.7,2119.4,968.0,2121.5,857.4,2105.0,749.3,2031.4
334.0,5.55,743.3,2035.1,843.8,1945.4,953.3,1901.1,1039.6,1918.0,1124.7,1893.9,1245.4,1932.8,1348.8,2007.7,1299.7,2012.4,1135.7,1990.0,1046.9,2003.2,961.3,2002.7,792.3,2036.5,792.3,2036.5,964.1,2009.1,1050.3,2012.8,1137.8,2004.9,1299.7,2012.4,1348.8,2007.7,1262.8,2092.5,1157.0,2126.0,1063.5,2137.6,972.7,2137.3,854.8,2114.3,743.3,2035.1
335.0,5.567,744.5,2033.4,843.6,1944.6,952.0,1899.9,1037.0,1916.8,1120.1,1892.5,1239.1,1930.7,1341.6,2004.4,1291.9,2009.3,1131.7,1990.1,1044.9,2003.3,960.6,2002.9,793.7,2034.6,793.7,2034.6,963.1,2007.0,1048.1,2009.9,1133.7,2001.8,1291.9,2009.3,1341.6,2004.4,1256.9,2090.9,1153.3,2125.9,1061.5,2137.8,971.9,2138.2,854.9,2115.6,744.5,2033.4
336.0,5.583,745.9,2033.2,841.7,1943.7,949.2,1899.3,1035.2,1916.9,1119.8,1892.3,1238.5,1931.4,1337.7,2005.9,1289.0,2010.3,1131.1,1990.0,1042.8,2003.0,957.6,2002.1,794.7,2034.0,794.7,2034.0,961.0,2013.5,1047.2,2017.4,1134.5,2008.9,1289.0,2010.3,1337.7,2005.9,1256.9,2096.4,1154.0,2134.0,1060.6,2146.4,969.7,2145.6,853.2,2119.3,745.9,2033.2
337.0,5.6,742.0,2033.0,840.7,1945.2,948.9,1900.9,1032.5,1917.7,1113.9,1893.6,1232.2,1932.2,1335.4,2005.6,1285.8,2010.6,1125.2,1990.6,1040.3,2003.4,957.3,2002.9,790.9,2034.3,790.9,2034.3,959.2,2007.3,1042.8,2010.2,1126.6,2002.6,1285.8,2010.6,1335.4,2005.6,1249.3,2092.9,1145.9,2126.4,1055.9,2137.5,967.7,2138.0,851.2,2115.8,742.0,2033.0
338.0,5.617,738.4,2035.2,838.7,1946.7,946.8,1902.6,1030.1,1919.2,1110.9,1894.8,1230.1,1932.8,1335.1,2006.4,1285.4,2011.0,1122.1,1991.3,1037.8,2004.8,955.1,2004.6,787.5,2036.4,787.5,2036.4,956.8,2003.5,1040.0,2006.1,1123.0,1998.8,1285.4,2011.0,1335.1,2006.4,1247.3,2090.8,1142.5,2122.3,1053.2,2133.3,965.5,2133.9,849.3,2113.6,738.4,2035.2
339.0,5.633,743.4,2035.5,839.5,1949.1,944.8,1905.9,1029.1,1922.3,1112.1,1898.4,1226.6,1936.8,1324.2,2008.5,1276.1,2013.2,1122.8,1990.7,1036.4,2003.7,952.8,2003.0,791.1,2036.4,791.1,2036.4,955.3,2012.0,1039.6,2015.2,1124.9,2006.7,1276.1,2013.2,1324.2,2008.5,1243.4,2093.0,1143.9,2126.0,1052.7,2137.6,963.9,2137.6,850.1,2115.4,743.4,2035.5
340.0,5.65,737.4,2038.7,835.8,1948.5,944.2,1903.6,1030.3,1920.0,1114.2,1895.9,1235.1,1934.7,1338.3,2010.1,1288.7,2014.7,1125.8,1993.7,1038.3,2007.0,952.9,2006.8,787.1,2039.9,787.1,2039.9,955.1,2010.5,1041.3,2013.8,1127.8,2006.1,1288.7,2014.7,1338.3,2010.1,1253.4,2096.7,1148.2,2129.9,1055.6,2141.0,964.8,2141.5,847.7,2119.5,737.4,2038.7
341.0,5.667,738.8,2038.9,835.4,1948.7,942.9,1903.9,1028.4,1920.9,1111.7,1896.4,1231.2,1935.9,1332.8,2011.4,1283.4,2015.4,1123.1,1994.9,1036.1,2008.0,951.3,2007.5,788.1,2039.4,788.1,2039.4,953.8,2012.1,1039.4,2015.5,1125.4,2007.8,1283.4,2015.4,1332.8,2011.4,1249.3,2099.1,1145.2,2133.3,1053.1,2144.6,962.7,2144.6,846.7,2121.0,738.8,2038.9
342.0,5.683,739.7,2038.7,834.7,1948.3,942.4,1902.8,1030.0,1920.2,1116.1,1895.4,1236.2,1935.1,1335.1,2010.9,1286.1,2015.5,1127.5,1996.0,1037.8,2009.0,950.9,2008.1,789.4,2039.6,789.4,2039.6,953.9,2016.1,1041.9,2020.0,1130.8,2011.7,1286.1,2015.5,1335.1,2010.9,1255.0,2102.4,1151.5,2140.0,1056.3,2152.2,963.5,2151.6,846.7,2125.4,739.7,2038.7
343.0,5.7,739.4,2040.4,837.7,1950.8,945.6,1905.0,1029.7,1921.9,1111.4,1897.3,1230.0,1937.3,1332.8,2012.0,1283.3,2016.9,1122.7,1996.5,1037.4,2009.6,954.0,2009.3,788.5,2041.4,788.5,2041.4,955.5,2009.7,1039.4,2012.6,1123.4,2005.3,1283.3,2016.9,1332.8,2012.0,1247.0,2098.8,1143.1,2131.8,1052.8,2142.8,964.1,2143.1,848.2,2120.9,739.4,2040.4
344.0,5.717,735.6,2043.3,834.7,1951.4,944.3,1904.7,1031.0,1921.4,1115.3,1897.3,1238.4,1937.3,1344.0,2014.6,1293.6,2018.9,1126.7,1997.3,1038.7,2010.2,952.6,2009.9,785.8,2044.1,785.8,2044.1,954.5,2012.3,1041.4,2015.8,1128.3,2009.2,1293.6,2018.9,1344.0,2014.6,1256.7,2100.8,1148.9,2133.6,1055.7,2144.1,964.3,2144.4,846.6,2122.0,735.6,2043.3
345.0,5.733,741.6,2039.9,835.6,1948.9,942.6,1904.0,1033.1,1921.5,1122.9,1896.4,1242.6,1935.6,1337.6,2011.5,1289.5,2016.0,1134.1,1996.4,1040.7,2009.8,950.8,2008.7,791.8,2040.4,791.8,2040.4,954.5,2021.5,1045.6,2026.0,1138.3,2016.6,1289.5,2016.0,1337.6,2011.5,1261.8,2104.2,1159.5,2144.6,1060.6,2157.9,964.7,2156.7,848.0,2128.2,741.6,2039.9
346.0,5.75,741.7,2041.7,837.7,1951.3,945.1,1905.9,1033.0,1923.0,1119.2,1898.5,1238.9,1937.7,1337.8,2013.3,1288.7,2018.0,1130.5,1997.8,1040.7,2010.9,953.4,2010.1,791.6,2042.7,791.6,2042.7,956.4,2018.1,1044.6,2021.9,1133.6,2013.7,1288.7,2018.0,1337.8,2013.3,1257.7,2103.0,1154.6,2139.8,1059.3,2151.9,966.5,2151.6,849.9,2126.7,741.7,2041.7
347.0,5.767,738.5,2042.5,837.8,1952.1,947.0,1906.5,1031.7,1923.3,1114.1,1899.0,1235.0,1938.6,1339.3,2014.3,1289.4,2019.0,1125.4,1998.9,1039.4,2011.9,955.2,2011.7,788.4,2043.5,788.4,2043.5,957.1,2014.1,1042.0,2017.3,1126.8,2010.2,1289.4,2019.0,1339.3,2014.3,1252.8,2102.6,1146.9,2136.1,1055.8,2146.9,966.3,2147.2,848.9,2124.3,738.5,2042.5
348.0,5.783,738.8,2043.0,836.5,1951.4,946.0,1905.2,1034.5,1922.4,1121.3,1897.4,1244.2,1937.0,1345.0,2013.6,1295.7,2018.5,1132.7,1999.0,1042.1,2012.5,954.2,2011.9,789.4,2044.2,789.4,2044.2,957.2,2021.2,1046.3,2025.5,1136.0,2017.5,1295.7,2018.5,1345.0,2013.6,1263.6,2108.0,1157.7,2146.1,1061.7,2158.2,967.8,2157.6,848.9,2130.8,738.8,2043.0
349.0,5.8,739.4,2041.1,837.2,1953.0,945.1,1907.9,1031.2,1924.5,1115.9,1900.2,1235.4,1938.6,1336.7,2012.0,1287.1,2017.5,1127.0,1997.9,1038.9,2011.0,953.4,2010.4,788.7,2042.8,788.7,2042.8,955.6,2017.5,1042.1,2021.1,1129.4,2013.3,1287.1,2017.5,1336.7,2012.0,1253.4,2101.4,1149.6,2137.1,1056.2,2148.7,965.2,2148.8,848.7,2124.8,739.4,2041.1
350.0,5.817,739.6,2042.0,837.9,1952.9,946.7,1908.0,1032.7,1924.6,1117.1,1900.7,1237.3,1939.0,1339.3,2013.2,1290.1,2018.4,1128.3,1997.6,1040.3,2010.6,954.9,2010.0,789.1,2043.5,789.1,2043.5,957.1,2020.1,1043.5,2023.7,1130.6,2015.8,1290.1,2018.4,1339.3,2013.2,1255.3,2103.2,1150.6,2138.5,1057.4,2149.8,966.5,2149.9,848.9,2125.8,739.6,2042.0
351.0,5.833,740.5,2042.0,838.1,1952.1,946.9,1906.9,1033.3,1923.7,1118.0,1899.6,1239.1,1938.7,1340.4,2013.7,1291.2,2018.6,1129.2,1998.5,1040.9,2011.4,955.1,2010.8,790.3,2043.3,790.3,2043.3,957.6,2020.6,1044.5,2024.6,1132.0,2017.0,1291.2,2018.6,1340.4,2013.7,1257.7,2105.8,1152.6,2142.2,1058.9,2153.6,967.4,2153.2,849.8,2127.3,740.5,2042.0
352.0,5.85,739.5,2041.9,838.6,1952.7,948.1,1907.2,1032.7,1924.0,1115.1,1899.9,1236.5,1938.7,1341.2,2013.1,1291.4,2018.3,1126.4,1998.1,1040.4,2010.8,956.4,2010.5,788.9,2043.3,788.9,2043.3,958.5,2017.9,1043.4,2021.3,1128.4,2014.1,1291.4,2018.3,1341.2,2013.1,1254.7,2103.2,1148.3,2137.7,1057.1,2148.6,967.7,2148.7,850.0,2124.9,739.5,2041.9
353.0,5.867,741.5,2042.3,837.1,1950.7,944.7,1905.5,1034.3,1922.9,1123.2,1898.2,1244.8,1937.6,1342.9,2014.1,1294.3,2018.6,1134.4,1998.5,1041.8,2011.8,952.9,2010.8,791.5,2043.4,791.5,2043.4,955.8,2022.9,1045.9,2027.7,1137.7,2019.1,1294.3,2018.6,1342.9,2014.1,1263.5,2106.6,1158.5,2145.2,1060.6,2157.6,965.7,2156.2,848.9,2128.2,741.5,2042.3
354.0,5.883,746.9,2039.2,839.8,1949.7,946.6,1905.8,1036.5,1922.9,1126.4,1897.3,1246.3,1934.4,1340.3,2008.5,1292.8,2013.6,1137.5,1995.0,1044.0,2009.1,954.9,2008.0,796.4,2039.9,796.4,2039.9,959.3,2034.3,1050.2,2039.3,1143.3,2028.9,1292.8,2013.6,1340.3,2008.5,1266.7,2108.4,1164.4,2152.8,1065.3,2167.3,969.8,2165.9,852.5,2134.3,746.9,2039.2
355.0,5.9,743.8,2041.7,840.1,1950.9,947.6,1906.1,1035.3,1923.3,1121.9,1898.3,1241.8,1937.7,1340.6,2013.0,1291.7,2017.6,1133.1,1998.5,1042.8,2011.7,955.8,2011.0,793.5,2042.5,793.5,2042.5,958.8,2019.5,1046.9,2023.7,1136.3,2015.3,1291.7,2017.6,1340.6,2013.0,1260.5,2104.3,1156.7,2141.9,1061.2,2154.1,968.3,2153.3,851.7,2126.8,743.8,2041.7
356.0,5.917,741.8,2042.6,836.9,1950.1,945.2,1904.6,1036.2,1922.2,1126.9,1897.7,1250.3,1938.0,1347.7,2016.5,1299.4,2020.6,1137.3,1998.2,1042.9,2011.2,952.3,2009.7,792.1,2043.4,792.1,2043.4,955.1,2028.9,1047.2,2034.6,1140.9,2026.4,1299.4,2020.6,1347.7,2016.5,1268.6,2111.5,1161.4,2151.0,1061.5,2162.9,964.8,2160.6,847.7,2129.9,741.8,2042.6
357.0,5.933,733.1,2048.5,830.1,1951.6,941.3,1903.7,1035.8,1922.0,1129.4,1898.1,1257.8,1940.5,1358.6,2024.1,1309.4,2028.4,1140.0,2004.0,1042.7,2016.4,948.1,2014.7,784.9,2050.1,784.9,2050.1,949.5,2023.8,1045.1,2029.8,1141.7,2023.0,1309.4,2028.4,1358.6,2024.1,1275.6,2116.1,1163.1,2152.6,1060.0,2163.3,959.7,2160.6,840.4,2131.8,733.1,2048.5
358.0,5.95,730.8,2042.3,825.8,1951.1,935.4,1906.5,1032.4,1926.0,1130.4,1901.7,1256.7,1942.7,1353.5,2021.6,1305.4,2025.7,1140.0,2005.3,1038.5,2017.6,941.3,2014.4,781.9,2043.9,781.9,2043.9,943.2,2025.9,1041.7,2033.0,1142.6,2025.0,1305.4,2025.7,1353.5,2021.6,1273.4,2113.8,1162.8,2154.2,1055.5,2166.0,952.3,2162.0,834.7,2129.0,730.8,2042.3
359.0,5.967,740.6,2031.9,826.9,1947.8,931.9,1908.2,1031.7,1928.8,1136.0,1902.5,1256.1,1937.1,1339.4,2008.6,1294.9,2013.2,1145.4,1999.7,1038.0,2013.5,938.3,2008.8,790.1,2032.5,790.1,2032.5,943.5,2043.8,1045.5,2051.9,1153.4,2038.4,1294.9,2013.2,1339.4,2008.6,1275.2,2108.1,1172.8,2162.8,1059.0,2180.7,952.0,2175.5,836.4,2133.8,740.6,2031.9
360.0,5.983,736.6,2028.9,825.3,1948.4,927.8,1914.5,1028.6,1934.1,1135.6,1907.8,1251.1,1940.3,1333.7,2006.2,1290.3,2010.3,1144.3,1995.8,1033.8,2010.9,933.6,2006.0,783.2,2028.9,783.2,2028.9,937.8,2042.3,1040.1,2050.4,1150.4,2035.6,1290.3,2010.3,1333.7,2006.2,1267.1,2096.3,1165.9,2147.4,1050.5,2165.4,943.5,2160.1,831.3,2120.8,736.6,2028.9
361.0,6.0,730.0,2027.2,819.7,1951.4,920.4,1918.5,1022.1,1938.8,1130.6,1912.0,1244.9,1943.7,1330.0,2005.4,1284.9,2009.3,1139.4,2003.8,1027.2,2018.9,925.9,2013.5,777.0,2026.6,777.0,2026.6,928.7,2024.1,1031.6,2031.8,1143.1,2017.2,1284.9,2009.3,1330.0,2005.4,1258.9,2084.7,1157.3,2133.0,1040.7,2150.6,933.2,2145.5,824.4,2109.7,730.0,2027.2
362.0,6.017,723.1,2018.4,818.1,1949.5,921.1,1919.5,1017.2,1938.7,1119.2,1913.1,1234.6,1942.3,1327.4,1997.7,1282.2,2002.5,1128.1,2001.3,1022.5,2016.1,926.6,2011.1,769.5,2018.9,769.5,2018.9,928.8,2015.3,1025.9,2021.9,1130.6,2008.6,1282.2,2002.5,1327.4,1997.7,1247.9,2076.7,1143.8,2120.6,1034.1,2136.5,932.5,2132.4,822.0,2099.3,723.1,2018.4
363.0,6.033,717.9,2011.8,815.7,1948.1,919.1,1919.8,1013.6,1938.6,1114.0,1913.5,1229.0,1940.8,1325.0,1991.5,1279.6,1997.3,1122.7,1998.9,1018.8,2013.9,924.4,2008.9,763.6,2013.2,763.6,2013.2,925.6,2009.9,1020.9,2016.1,1123.9,2002.8,1279.6,1997.3,1325.0,1991.5,1240.8,2069.3,1136.1,2112.0,1028.3,2127.6,928.7,2123.8,818.4,2091.8,717.9,2011.8
364.0,6.05,715.2,2006.3,814.2,1944.9,918.3,1917.3,1010.5,1935.8,1108.7,1911.2,1223.1,1938.3,1321.2,1986.4,1276.0,1992.7,1117.2,1994.6,1015.6,2009.1,923.5,2004.2,760.3,2008.0,760.3,2008.0,924.5,2007.0,1017.4,2012.8,1118.1,2000.0,1276.0,1992.7,1321.2,1986.4,1234.4,2064.9,1129.7,2106.9,1024.3,2122.0,927.1,2118.6,816.4,2086.4,715.2,2006.3
365.0,6.067,712.3,2003.3,812.7,1942.6,917.0,1915.2,1008.6,1933.3,1106.0,1909.0,1220.7,1935.2,1320.3,1982.8,1274.9,1989.2,1114.3,1991.8,1013.6,2006.6,921.9,2001.9,757.5,2005.0,757.5,2005.0,922.4,2003.1,1014.8,2008.7,1114.5,1996.2,1274.9,1989.2,1320.3,1982.8,1231.7,2060.9,1126.1,2102.0,1021.6,2116.7,924.9,2113.6,814.4,2082.3,712.3,2003.3
366.0,6.083,714.2,2000.2,814.6,1939.2,919.1,1912.2,1008.5,1930.0,1103.1,1906.0,1217.9,1932.4,1317.8,1980.2,1272.8,1985.9,1111.5,1987.7,1013.5,2002.2,924.1,1997.8,759.4,2001.4,759.4,2001.4,925.5,2001.7,1015.8,2007.1,1112.8,1994.9,1272.8,1985.9,1317.8,1980.2,1229.7,2059.4,1124.5,2099.8,1022.8,2114.0,928.2,2111.0,817.1,2079.6,714.2,2000.2
367.0,6.1,713.1,1997.3,813.5,1937.2,917.6,1909.4,1007.7,1927.5,1102.8,1903.7,1217.8,1930.4,1318.5,1978.0,1273.0,1984.0,1111.0,1986.6,1012.5,2000.9,922.3,1996.3,758.4,1998.6,758.4,1998.6,923.0,1997.1,1013.8,2002.5,1111.4,1990.6,1273.0,1984.0,1318.5,1978.0,1228.7,2056.0,1122.7,2096.3,1020.4,2110.4,925.4,2107.2,815.3,2075.8,713.1,1997.3
368.0,6.117,713.1,1996.2,813.6,1934.4,917.1,1907.0,1008.6,1924.8,1105.1,1900.5,1219.0,1927.1,1317.8,1976.0,1272.6,1981.9,1113.2,1983.2,1013.3,1998.2,921.8,1993.7,758.4,1997.4,758.4,1997.4,922.0,1994.7,1014.1,2000.0,1113.0,1987.6,1272.6,1981.9,1317.8,1976.0,1229.5,2053.1,1124.3,2092.9,1020.7,2107.3,924.5,2104.2,814.8,2073.7,713.1,1996.2
369.0,6.133,714.1,1993.8,815.0,1931.7,919.6,1903.9,1009.5,1921.6,1104.4,1897.6,1218.6,1924.9,1317.9,1974.1,1272.8,1979.8,1112.8,1980.2,1014.5,1994.8,924.6,1990.5,759.5,1995.2,759.5,1995.2,925.8,1991.9,1016.5,1997.0,1113.8,1984.7,1272.8,1979.8,1317.9,1974.1,1230.1,2051.6,1125.6,2090.0,1023.6,2104.2,928.7,2101.5,817.1,2072.0,714.1,1993.8
370.0,6.15,714.0,1992.2,814.6,1928.2,918.4,1900.5,1009.3,1918.1,1105.5,1894.4,1219.5,1922.0,1317.2,1972.4,1272.4,1977.7,1113.7,1976.2,1014.1,1990.8,923.2,1986.4,759.2,1993.3,759.2,1993.3,923.8,1990.5,1015.5,1995.8,1114.1,1983.3,1272.4,1977.7,1317.2,1972.4,1230.2,2048.9,1125.5,2087.2,1022.2,2101.3,926.4,2098.2,816.0,2068.0,714.0,1992.2
371.0,6.167,715.2,1990.6,815.8,1925.4,919.2,1897.3,1009.5,1915.0,1105.1,1891.0,1218.6,1919.6,1316.0,1971.2,1271.1,1976.1,1113.0,1973.6,1014.0,1988.2,923.7,1984.0,760.4,1991.3,760.4,1991.3,924.4,1987.0,1015.5,1992.3,1113.4,1980.0,1271.1,1976.1,1316.0,1971.2,1229.0,2047.2,1124.6,2084.7,1022.0,2098.7,926.7,2095.4,816.9,2065.5,715.2,1990.6
372.0,6.183,716.4,1989.7,815.3,1923.4,918.1,1893.7,1009.0,1911.5,1104.9,1887.3,1218.0,1916.7,1315.1,1969.7,1269.9,1974.6,1113.0,1971.2,1013.6,1985.7,922.8,1981.5,761.6,1990.0,761.6,1990.0,923.2,1984.2,1014.7,1989.3,1113.0,1976.9,1269.9,1974.6,1315.1,1969.7,1228.3,2044.4,1124.1,2082.2,1021.1,2096.4,925.5,2093.4,816.6,2064.0,716.4,1989.7
373.0,6.2,715.1,1988.4,814.3,1920.9,917.7,1890.9,1008.5,1908.6,1104.2,1884.3,1217.8,1914.2,1315.3,1968.3,1269.9,1973.2,1112.5,1969.3,1013.3,1983.8,922.6,1979.8,760.5,1988.8,760.5,1988.8,923.1,1981.2,1014.5,1986.1,1112.6,1973.8,1269.9,1973.2,1315.3,1968.3,1228.3,2043.1,1123.9,2080.3,1021.0,2094.4,925.4,2091.6,815.7,2062.8,715.1,1988.4
374.0,6.217,715.4,1987.5,813.9,1919.2,917.1,1889.0,1007.5,1906.9,1102.8,1882.6,1216.1,1912.6,1313.2,1967.6,1268.0,1971.9,1111.0,1967.5,1012.3,1981.8,921.9,1977.8,760.9,1987.3,760.9,1987.3,923.0,1980.1,1014.2,1985.0,1111.8,1973.0,1268.0,1971.9,1313.2,1967.6,1227.2,2041.8,1123.3,2078.9,1020.9,2092.9,925.6,2090.2,815.8,2061.6,715.4,1987.5
375.0,6.233,714.0,1984.9,811.7,1917.1,915.2,1886.8,1006.0,1904.9,1102.3,1880.6,1215.0,1910.9,1311.5,1965.5,1266.4,1970.0,1110.5,1965.3,1010.9,1979.4,920.2,1975.1,759.2,1985.0,759.2,1985.0,921.5,1979.0,1013.1,1983.9,1111.8,1971.7,1266.4,1970.0,1311.5,1965.5,1226.2,2040.1,1123.0,2077.8,1019.6,2091.9,923.8,2089.2,813.7,2059.9,714.0,1984.9
376.0,6.25,711.1,1985.4,808.8,1916.6,911.7,1886.7,1003.5,1904.6,1100.6,1880.3,1214.0,1910.3,1310.3,1965.4,1265.1,1969.7,1109.1,1965.7,1008.5,1980.2,916.7,1976.0,756.7,1985.3,756.7,1985.3,917.5,1976.9,1010.1,1981.9,1109.6,1969.3,1265.1,1969.7,1310.3,1965.4,1224.9,2039.1,1120.9,2076.2,1016.7,2090.3,920.0,2087.5,810.4,2058.7,711.1,1985.4
377.0,6.267,708.6,1984.6,806.5,1916.1,910.2,1885.8,1001.0,1903.6,1096.8,1879.7,1211.2,1909.9,1308.4,1964.9,1263.1,1969.3,1105.5,1965.2,1006.3,1979.3,915.5,1975.3,754.2,1984.7,754.2,1984.7,916.7,1976.5,1008.3,1981.4,1106.5,1969.3,1263.1,1969.3,1308.4,1964.9,1222.7,2039.8,1118.4,2076.6,1015.4,2090.3,919.5,2087.6,809.0,2058.6,708.6,1984.6
378.0,6.283,706.5,1984.7,804.3,1916.0,907.6,1885.5,998.6,1903.1,1094.4,1879.1,1208.5,1909.2,1305.1,1964.5,1260.0,1968.8,1102.8,1963.7,1003.6,1978.0,912.7,1974.1,752.1,1984.6,752.1,1984.6,913.9,1976.7,1005.7,1981.8,1103.8,1969.7,1260.0,1968.8,1305.1,1964.5,1220.0,2039.4,1116.0,2076.2,1013.0,2090.0,917.1,2087.2,807.1,2058.5,706.5,1984.7
379.0,6.3,705.6,1984.8,802.6,1915.6,906.1,1885.0,996.6,1902.7,1092.2,1878.5,1206.1,1908.8,1302.6,1964.4,1257.5,1968.5,1100.9,1963.7,1001.8,1977.8,911.5,1974.0,751.0,1984.4,751.0,1984.4,913.4,1977.2,1004.7,1982.1,1102.8,1969.8,1257.5,1968.5,1302.6,1964.4,1218.2,2038.8,1114.6,2076.3,1011.8,2090.4,916.2,2087.8,805.9,2058.9,705.6,1984.8
380.0,6.317,704.0,1985.0,799.9,1915.3,902.5,1884.3,994.3,1902.2,1091.5,1877.9,1205.2,1908.6,1300.4,1965.1,1255.3,1969.4,1100.1,1964.2,999.5,1978.5,907.9,1974.4,749.5,1985.0,749.5,1985.0,909.4,1975.8,1002.0,1980.8,1101.7,1968.3,1255.3,1969.4,1300.4,1965.1,1216.9,2038.4,1113.5,2075.8,1009.1,2090.2,912.3,2087.3,802.7,2058.7,704.0,1985.0
381.0,6.333,702.7,1985.5,798.1,1915.7,901.5,1884.0,993.2,1902.2,1090.7,1877.4,1203.7,1908.3,1298.5,1964.9,1253.6,1969.1,1099.4,1963.1,998.5,1977.3,907.0,1973.2,747.9,1985.2,747.9,1985.2,909.4,1979.1,1002.0,1984.0,1102.0,1971.0,1253.6,1969.1,1298.5,1964.9,1216.2,2039.1,1113.9,2077.7,1009.2,2092.7,912.3,2090.2,801.6,2061.2,702.7,1985.5
382.0,6.35,700.6,1985.5,796.2,1915.5,899.2,1884.3,990.9,1902.5,1088.1,1877.7,1201.6,1908.6,1297.3,1965.5,1252.0,1969.5,1097.0,1964.1,996.4,1978.5,904.8,1974.4,746.0,1985.2,746.0,1985.2,907.0,1977.0,999.5,1981.8,1099.2,1969.1,1252.0,1969.5,1297.3,1965.5,1213.9,2039.1,1110.9,2076.9,1006.5,2091.5,909.6,2088.9,799.5,2060.4,700.6,1985.5
383.0,6.367,698.9,1987.2,795.2,1916.7,898.6,1885.6,989.8,1903.4,1086.2,1878.8,1199.9,1909.4,1295.9,1966.3,1250.9,1970.4,1095.1,1964.2,995.2,1978.7,904.3,1974.9,744.3,1986.9,744.3,1986.9,906.6,1979.3,998.6,1983.9,1097.5,1971.1,1250.9,1970.4,1295.9,1966.3,1212.5,2040.4,1109.4,2077.9,1005.7,2092.6,909.4,2090.2,798.5,2061.9,698.9,1987.2
384.0,6.383,697.8,1988.3,793.0,1918.0,896.3,1886.9,987.9,1905.0,1085.3,1880.2,1198.9,1910.6,1294.2,1967.3,1249.4,1971.4,1094.3,1965.4,993.5,1979.8,902.1,1975.8,742.9,1988.0,742.9,1988.0,904.6,1982.6,997.0,1987.4,1097.0,1974.2,1249.4,1971.4,1294.2,1967.3,1211.6,2041.5,1108.6,2080.1,1004.0,2095.2,907.2,2092.6,796.5,2063.5,697.8,1988.3
385.0,6.4,695.9,1988.3,791.4,1918.9,894.9,1887.0,985.9,1905.4,1082.5,1880.4,1196.1,1911.7,1292.9,1967.8,1247.4,1972.3,1091.5,1968.0,991.5,1982.2,900.6,1978.1,741.2,1988.0,741.2,1988.0,902.6,1979.1,994.3,1983.8,1093.4,1971.1,1247.4,1972.3,1292.9,1967.8,1208.2,2042.2,1104.8,2081.0,1001.0,2095.9,904.9,2093.3,794.5,2064.1,695.9,1988.3
386.0,6.417,695.1,1989.5,789.3,1919.1,892.2,1887.5,984.7,1906.0,1083.2,1880.8,1196.4,1912.2,1290.9,1969.4,1245.8,1973.5,1092.2,1967.8,990.2,1982.2,897.9,1977.9,740.3,1989.2,740.3,1989.2,900.3,1981.5,993.5,1986.4,1094.7,1973.1,1245.8,1973.5,1290.9,1969.4,1208.7,2043.1,1106.1,2082.0,1000.3,2097.4,902.5,2094.6,792.4,2065.2,695.1,1989.5
387.0,6.433,694.4,1990.5,788.8,1919.8,891.4,1888.2,984.0,1906.5,1082.2,1881.4,1195.8,1912.9,1291.1,1970.2,1245.7,1974.2,1091.1,1968.2,989.4,1982.8,897.1,1978.6,739.6,1989.9,739.6,1989.9,899.2,1981.5,992.5,1986.5,1093.3,1973.5,1245.7,1974.2,1291.1,1970.2,1208.0,2043.9,1104.8,2082.5,999.2,2097.5,901.6,2094.7,792.0,2065.6,694.4,1990.5
388.0,6.45,694.6,1991.8,789.1,1920.8,891.3,1889.4,984.3,1907.5,1083.2,1882.2,1196.3,1913.6,1290.5,1970.8,1245.4,1974.8,1092.2,1968.6,989.7,1983.4,897.0,1979.3,739.8,1991.3,739.8,1991.3,899.4,1982.7,993.1,1987.7,1094.6,1974.3,1245.4,1974.8,1290.5,1970.8,1208.8,2044.3,1106.3,2083.0,1000.1,2098.3,901.9,2095.5,792.3,2066.5,694.6,1991.8
389.0,6.467,693.5,1991.5,789.2,1921.2,892.2,1890.0,984.3,1907.9,1082.0,1883.1,1195.7,1914.2,1291.6,1970.7,1246.2,1975.1,1091.1,1969.1,989.8,1983.7,898.0,1979.8,738.7,1991.4,738.7,1991.4,899.9,1982.3,992.7,1987.1,1093.0,1974.1,1246.2,1975.1,1291.6,1970.7,1207.8,2044.6,1104.5,2082.6,999.5,2097.5,902.3,2094.9,792.2,2066.3,693.5,1991.5
390.0,6.483,693.8,1991.5,789.8,1921.8,893.6,1890.1,984.7,1908.1,1081.5,1883.2,1195.3,1914.6,1291.6,1970.8,1246.3,1975.4,1090.6,1969.1,990.3,1983.6,899.5,1979.6,738.9,1991.7,738.9,1991.7,901.7,1983.6,993.7,1988.3,1093.0,1975.4,1246.3,1975.4,1291.6,1970.8,1207.7,2046.0,1104.7,2084.0,1000.7,2098.9,904.3,2096.5,793.2,2067.7,693.8,1991.5
391.0,6.5,695.2,1992.0,790.0,1921.7,893.1,1889.4,984.3,1907.7,1081.0,1883.1,1194.1,1915.0,1290.0,1972.3,1244.5,1976.8,1090.0,1969.8,989.9,1983.8,898.9,1979.7,740.3,1992.0,740.3,1992.0,900.9,1983.1,992.8,1987.8,1092.1,1975.1,1244.5,1976.8,1290.0,1972.3,1206.2,2045.9,1103.6,2083.8,999.6,2098.5,903.3,2096.0,793.2,2067.5,695.2,1992.0
392.0,6.517,696.1,1992.4,791.0,1921.1,893.2,1889.4,984.8,1907.4,1081.9,1882.6,1194.7,1914.6,1289.8,1972.3,1244.6,1976.4,1090.9,1969.1,990.2,1983.5,898.9,1979.7,741.1,1992.1,741.1,1992.1,900.6,1982.1,992.8,1986.8,1092.4,1973.9,1244.6,1976.4,1289.8,1972.3,1206.4,2044.7,1103.6,2081.8,999.4,2096.6,902.7,2093.9,793.7,2065.8,696.1,1992.4
393.0,6.533,695.4,1992.5,790.6,1922.3,893.9,1889.6,985.3,1907.9,1082.5,1883.0,1195.2,1915.4,1290.9,1972.4,1245.4,1976.9,1091.5,1969.6,990.7,1983.7,899.6,1979.7,740.2,1992.4,740.2,1992.4,901.5,1981.7,993.5,1986.4,1093.2,1973.7,1245.4,1976.9,1290.9,1972.4,1206.9,2044.9,1104.5,2082.4,1000.2,2097.3,903.7,2094.8,793.7,2066.6,695.4,1992.5
394.0,6.55,696.4,1992.1,791.2,1920.8,893.3,1889.2,984.9,1907.1,1082.1,1882.5,1195.4,1914.4,1290.9,1971.8,1245.4,1976.1,1091.1,1969.1,990.3,1983.3,899.0,1979.5,741.5,1991.7,741.5,1991.7,900.5,1981.2,992.7,1986.0,1092.5,1973.1,1245.4,1976.1,1290.9,1971.8,1207.0,2044.1,1103.7,2081.5,999.3,2096.2,902.6,2093.5,793.8,2065.1,696.4,1992.1
395.0,6.567,697.4,1992.1,792.3,1920.4,894.3,1888.5,986.0,1906.5,1083.3,1881.9,1196.0,1914.7,1291.2,1972.6,1245.8,1976.8,1092.0,1968.0,991.1,1982.2,899.7,1978.3,742.3,1991.6,742.3,1991.6,900.8,1980.8,993.0,1985.7,1092.9,1973.0,1245.8,1976.8,1291.2,1972.6,1206.8,2044.2,1103.8,2080.9,999.3,2095.4,902.6,2092.5,794.3,2064.1,697.4,1992.1
396.0,6.583,698.7,1992.0,793.0,1919.9,894.7,1887.9,986.3,1905.9,1083.7,1881.3,1196.3,1914.0,1291.1,1972.0,1245.6,1976.0,1092.6,1967.2,991.7,1981.3,900.3,1977.6,743.6,1991.2,743.6,1991.2,901.8,1980.7,994.0,1985.4,1094.0,1972.5,1245.6,1976.0,1291.1,1972.0,1207.5,2043.0,1104.9,2080.2,1000.3,2095.0,903.7,2092.2,795.6,2063.9,698.7,1992.0
397.0,6.6,699.8,1991.8,794.3,1919.1,895.2,1886.9,987.1,1904.5,1084.5,1880.3,1197.3,1912.9,1292.2,1971.1,1246.5,1975.5,1093.1,1966.4,992.2,1980.5,900.4,1977.1,744.6,1990.9,744.6,1990.9,900.5,1979.3,992.9,1984.1,1093.0,1971.2,1246.5,1975.5,1292.2,1971.1,1207.3,2041.8,1103.7,2078.5,999.0,2093.1,902.2,2090.0,795.6,2061.8,699.8,1991.8
398.0,6.617,701.1,1990.4,795.5,1918.0,896.5,1886.1,987.9,1903.8,1084.9,1879.9,1197.9,1912.1,1293.1,1970.1,1247.4,1974.4,1093.6,1965.4,993.2,1979.1,901.9,1975.6,745.9,1989.7,745.9,1989.7,902.4,1978.9,994.5,1983.6,1094.2,1970.9,1247.4,1974.4,1293.1,1970.1,1208.4,2040.4,1104.9,2077.1,1000.6,2091.5,904.2,2088.5,797.3,2060.6,701.1,1990.4
399.0,6.633,702.5,1990.4,796.6,1917.7,896.3,1885.6,988.5,1903.1,1086.0,1879.0,1198.5,1911.9,1293.2,1970.0,1247.3,1974.0,1094.4,1964.3,993.5,1978.4,901.3,1975.0,747.3,1989.2,747.3,1989.2,901.0,1976.5,993.8,1981.4,1093.9,1968.7,1247.3,1974.0,1293.2,1970.0,1208.1,2039.3,1104.7,2075.1,999.9,2089.4,903.0,2086.3,797.8,2058.6,702.5,1990.4
400.0,6.65,702.8,1990.4,795.8,1916.7,895.2,1884.2,988.0,1901.9,1086.4,1877.7,1199.0,1910.8,1293.8,1969.6,1247.7,1973.4,1095.1,1963.8,993.1,1977.5,900.5,1974.2,747.5,1988.8,747.5,1988.8,900.4,1974.8,993.6,1979.6,1094.8,1966.7,1247.7,1973.4,1293.8,1969.6,1208.8,2036.7,1105.3,2072.8,999.5,2087.3,902.2,2084.2,797.4,2056.8,702.8,1990.4
401.0,6.667,701.3,1988.8,794.4,1916.2,894.0,1883.2,986.7,1901.0,1085.0,1876.8,1197.5,1910.2,1293.1,1968.5,1246.7,1972.5,1093.4,1963.0,991.6,1976.7,898.9,1973.2,745.8,1987.2,745.8,1987.2,898.0,1972.8,991.1,1977.7,1092.1,1965.1,1246.7,1972.5,1293.1,1968.5,1206.3,2035.8,1102.4,2071.8,996.7,2086.2,899.5,2082.9,795.3,2055.2,701.3,1988.8
402.0,6.683,699.5,1988.4,792.0,1913.6,891.6,1880.6,984.7,1898.2,1083.4,1874.1,1196.1,1908.5,1291.3,1968.8,1245.2,1972.1,1091.9,1960.3,989.6,1973.8,896.6,1970.4,744.1,1986.5,744.1,1986.5,896.0,1971.7,989.6,1976.5,1091.0,1964.0,1245.2,1972.1,1291.3,1968.8,1205.3,2035.0,1101.2,2069.8,995.1,2083.8,897.5,2080.6,793.0,2053.3,699.5,1988.4
403.0,6.7,698.6,1987.7,791.3,1913.8,891.0,1881.1,983.8,1899.2,1082.2,1874.9,1194.5,1910.1,1289.1,1970.2,1243.2,1973.0,1090.5,1961.2,988.4,1974.9,895.8,1971.1,743.2,1985.6,743.2,1985.6,896.0,1969.8,989.2,1975.0,1090.2,1962.7,1243.2,1973.0,1289.1,1970.2,1203.7,2037.0,1100.6,2070.9,995.0,2084.7,897.5,2081.1,792.5,2053.3,698.6,1987.7
404.0,6.717,699.2,1987.5,788.1,1912.3,887.5,1880.0,980.7,1898.9,1079.3,1875.3,1192.4,1911.6,1285.7,1973.7,1240.2,1975.1,1087.5,1962.8,985.3,1975.3,892.3,1970.8,744.3,1984.3,744.3,1984.3,893.9,1973.7,987.7,1979.6,1089.0,1968.0,1240.2,1975.1,1285.7,1973.7,1203.0,2042.5,1099.7,2077.6,993.6,2090.5,895.3,2086.3,790.4,2055.7,699.2,1987.5
405.0,6.733,698.8,1988.2,776.9,1906.7,873.4,1873.9,973.5,1895.5,1081.1,1871.6,1194.6,1911.1,1280.4,1980.8,1235.2,1979.8,1088.3,1963.8,977.3,1975.0,877.2,1968.4,744.4,1982.3,744.4,1982.3,879.1,1986.9,980.5,1995.4,1091.1,1982.6,1235.2,1979.8,1280.4,1980.8,1204.3,2053.5,1100.2,2095.7,984.5,2109.3,878.8,2102.0,777.9,2062.0,698.8,1988.2
406.0,6.75,692.9,1980.9,771.2,1889.7,876.2,1853.5,963.0,1875.2,1054.3,1853.8,1177.2,1898.4,1276.0,1980.9,1230.5,1979.6,1060.6,1943.7,966.5,1951.9,879.4,1946.3,737.3,1975.9,737.3,1975.9,883.2,2016.6,972.7,2025.0,1067.5,2016.8,1230.5,1979.6,1276.0,1980.9,1188.9,2083.0,1074.0,2127.1,973.9,2136.5,879.7,2128.5,771.2,2078.8,692.9,1980.9
407.0,6.767,690.6,1970.8,761.3,1879.4,871.9,1845.1,958.4,1868.4,1049.5,1847.3,1177.7,1891.6,1274.1,1975.9,1230.9,1976.4,1056.0,1938.1,962.7,1945.3,876.0,1938.0,735.0,1966.7,735.0,1966.7,883.5,2060.8,974.2,2071.1,1069.7,2061.7,1230.9,1976.4,1274.1,1975.9,1194.1,2117.5,1076.0,2180.8,974.9,2192.0,878.6,2181.5,762.3,2111.6,690.6,1970.8
408.0,6.783,714.3,1960.0,766.6,1874.0,870.2,1846.8,961.0,1873.6,1061.0,1852.0,1177.8,1896.5,1253.1,1977.6,1214.5,1976.3,1064.3,1932.0,962.3,1938.0,872.1,1926.2,754.9,1952.5,754.9,1952.5,878.9,2097.1,974.5,2112.6,1079.6,2100.3,1214.5,1976.3,1253.1,1977.6,1190.1,2134.6,1081.4,2212.3,971.2,2225.5,870.2,2209.4,762.7,2120.8,714.3,1960.0
409.0,6.8,724.6,1957.1,769.6,1872.6,870.2,1847.7,964.2,1874.9,1068.9,1854.3,1180.9,1898.9,1245.4,1979.3,1209.3,1977.7,1070.9,1926.0,964.1,1932.0,871.0,1918.5,763.1,1949.3,763.1,1949.3,874.3,2122.9,973.2,2141.1,1083.8,2126.7,1209.3,1977.7,1245.4,1979.3,1189.5,2146.9,1083.9,2230.8,968.6,2245.0,864.6,2226.2,761.5,2128.5,724.6,1957.1
410.0,6.817,721.8,1955.2,768.3,1874.2,869.6,1850.6,966.8,1877.8,1075.5,1857.1,1185.4,1904.4,1248.9,1980.6,1213.8,1979.3,1076.8,1924.3,965.6,1930.6,869.8,1916.0,759.6,1947.9,759.6,1947.9,867.0,2130.8,968.6,2150.7,1083.3,2136.0,1213.8,1979.3,1248.9,1980.6,1189.6,2153.7,1083.7,2238.8,964.4,2252.9,857.8,2232.9,755.6,2131.0,721.8,1955.2
411.0,6.833,717.0,1954.7,765.0,1876.7,866.0,1855.8,963.4,1883.1,1071.9,1863.7,1184.4,1909.9,1251.2,1984.1,1216.2,1982.9,1072.4,1929.4,961.5,1935.1,865.3,1919.9,755.2,1947.7,755.2,1947.7,861.2,2134.0,963.1,2155.1,1077.4,2141.6,1216.2,1982.9,1251.2,1984.1,1187.5,2159.2,1077.6,2243.2,958.6,2255.6,851.9,2234.3,751.0,2130.4,717.0,1954.7
412.0,6.85,707.1,1950.2,759.0,1875.2,864.5,1856.0,957.9,1883.7,1062.5,1865.3,1178.2,1912.1,1252.8,1985.1,1216.9,1984.5,1062.9,1929.1,955.9,1934.0,863.5,1918.3,744.1,1944.6,744.1,1944.6,859.0,2138.5,957.0,2159.6,1067.1,2148.0,1216.9,1984.5,1252.8,1985.1,1179.8,2165.3,1064.9,2247.1,950.1,2257.5,847.2,2235.8,743.0,2130.0,707.1,1950.2
413.0,6.867,715.8,1953.2,763.9,1875.2,867.1,1854.1,962.8,1882.4,1069.8,1863.5,1182.4,1912.1,1250.3,1987.5,1214.9,1986.1,1070.1,1930.8,960.7,1935.4,866.1,1919.5,753.7,1946.6,753.7,1946.6,860.4,2134.7,960.6,2156.1,1073.4,2143.7,1214.9,1986.1,1250.3,1987.5,1183.3,2164.7,1072.1,2247.8,954.6,2259.1,849.3,2237.1,747.7,2131.3,715.8,1953.2
414.0,6.883,702.3,1945.8,755.8,1873.2,864.1,1855.6,957.3,1884.4,1062.2,1866.0,1180.6,1912.5,1256.8,1984.5,1220.8,1984.0,1062.4,1932.7,955.3,1937.1,862.8,1920.6,739.8,1941.2,739.8,1941.2,858.8,2135.0,957.1,2156.6,1067.5,2145.7,1220.8,1984.0,1256.8,1984.5,1182.1,2167.4,1065.1,2249.8,949.9,2259.8,846.3,2237.4,739.4,2129.4,702.3,1945.8
415.0,6.9,714.3,1955.9,763.4,1878.1,862.7,1857.7,964.0,1886.5,1077.1,1868.4,1188.2,1918.7,1252.7,1993.8,1218.1,1991.9,1076.1,1935.6,960.4,1940.1,859.7,1923.2,752.8,1949.0,752.8,1949.0,849.2,2127.6,954.7,2150.8,1073.3,2138.7,1218.1,1991.9,1252.7,1993.8,1184.4,2162.0,1071.9,2241.8,948.6,2252.2,838.5,2228.0,742.9,2122.6,714.3,1955.9
416.0,6.917,716.0,1960.0,766.8,1882.4,865.6,1860.7,965.4,1889.8,1076.0,1871.6,1186.5,1923.1,1252.3,1997.6,1217.1,1995.9,1074.8,1943.2,961.5,1947.2,862.1,1930.7,755.4,1953.1,755.4,1953.1,850.5,2121.8,954.2,2144.8,1070.2,2133.9,1217.1,1995.9,1252.3,1997.6,1182.2,2163.5,1069.7,2241.3,948.7,2250.9,840.4,2226.9,745.6,2123.0,716.0,1960.0
417.0,6.933,709.5,1958.5,760.9,1883.2,861.0,1863.2,959.9,1892.0,1070.1,1873.5,1182.3,1922.6,1251.8,1994.9,1216.1,1993.4,1069.6,1941.3,956.7,1945.9,858.6,1929.6,748.2,1951.7,748.2,1951.7,849.6,2126.8,952.3,2149.4,1067.7,2138.0,1216.1,1993.4,1251.8,1994.9,1180.1,2162.3,1066.7,2242.1,946.4,2252.4,839.0,2229.1,742.1,2124.8,709.5,1958.5
418.0,6.95,714.7,1961.3,765.8,1888.2,862.6,1867.1,961.2,1896.3,1070.4,1878.1,1179.9,1928.8,1247.4,1998.9,1211.9,1996.9,1069.2,1949.6,957.3,1953.2,859.2,1936.8,754.5,1953.8,754.5,1953.8,848.3,2114.2,950.5,2137.0,1064.8,2126.6,1211.9,1996.9,1247.4,1998.9,1176.1,2159.0,1064.6,2234.7,945.2,2243.7,838.5,2220.0,745.6,2118.4,714.7,1961.3
419.0,6.967,715.6,1965.4,764.5,1888.9,859.4,1866.1,961.5,1895.6,1074.4,1876.6,1182.9,1928.4,1247.0,2001.3,1211.0,1998.9,1073.5,1951.8,957.7,1956.0,856.1,1939.5,756.2,1957.7,756.2,1957.7,845.9,2110.4,951.5,2133.1,1069.6,2121.8,1211.0,1998.9,1247.0,2001.3,1179.5,2157.8,1069.9,2234.1,946.7,2244.3,836.5,2220.8,744.8,2120.7,715.6,1965.4
420.0,6.983,719.8,1967.1,766.7,1890.5,859.9,1868.1,963.0,1897.3,1077.7,1877.6,1183.8,1927.5,1244.4,1999.6,1209.0,1997.5,1077.3,1951.1,959.7,1956.3,857.4,1939.9,760.1,1959.5,760.1,1959.5,847.8,2113.0,954.2,2135.5,1074.3,2122.1,1209.0,1997.5,1244.4,1999.6,1181.2,2154.5,1075.1,2233.4,950.1,2245.9,839.1,2222.8,748.3,2123.9,719.8,1967.1
421.0,7.0,718.2,1964.5,763.8,1888.2,857.2,1866.5,958.3,1895.7,1070.6,1875.9,1177.3,1925.1,1239.7,1998.0,1204.0,1995.7,1070.4,1948.6,955.3,1953.9,855.0,1937.6,758.0,1956.8,758.0,1956.8,847.2,2114.8,951.6,2137.0,1069.2,2124.0,1204.0,1995.7,1239.7,1998.0,1175.9,2155.4,1069.6,2234.4,947.2,2246.6,838.1,2223.6,746.9,2124.1,718.2,1964.5
422.0,7.017,711.9,1970.0,760.5,1891.2,853.5,1867.1,955.9,1896.2,1069.2,1876.7,1175.6,1929.3,1238.5,2004.4,1202.3,2002.4,1067.9,1951.3,951.5,1956.3,849.6,1940.3,751.6,1962.5,751.6,1962.5,839.2,2107.7,944.7,2130.1,1063.1,2118.4,1202.3,2002.4,1238.5,2004.4,1171.0,2155.6,1063.1,2228.6,939.6,2239.2,829.6,2215.7,740.5,2118.9,711.9,1970.0
423.0,7.033,716.9,1965.1,762.6,1892.2,855.0,1870.7,954.8,1899.9,1065.6,1880.3,1172.4,1929.5,1236.6,1998.8,1200.5,1996.6,1065.4,1953.9,951.8,1958.6,852.7,1942.3,757.0,1957.2,757.0,1957.2,845.3,2109.2,948.3,2131.4,1064.3,2119.1,1200.5,1996.6,1236.6,1998.8,1171.2,2153.6,1065.0,2231.3,944.1,2242.7,836.2,2219.9,746.4,2121.0,716.9,1965.1
424.0,7.05,720.7,1967.2,764.7,1892.2,856.2,1870.3,956.5,1899.1,1067.8,1878.9,1172.7,1927.8,1234.1,1999.0,1198.3,1996.7,1068.0,1951.8,953.7,1957.5,854.4,1941.5,760.5,1959.2,760.5,1959.2,847.5,2111.4,950.8,2133.1,1067.4,2119.4,1198.3,1996.7,1234.1,1999.0,1171.9,2152.8,1068.1,2230.7,946.7,2243.4,838.6,2221.1,749.0,2123.6,720.7,1967.2
425.0,7.067,718.2,1966.5,762.9,1892.5,854.6,1870.8,955.6,1899.3,1067.7,1879.1,1173.0,1927.5,1234.8,1997.5,1199.3,1995.5,1067.9,1950.1,953.0,1956.1,853.0,1940.1,757.8,1958.6,757.8,1958.6,846.3,2114.2,950.3,2135.9,1067.5,2121.9,1199.3,1995.5,1234.8,1997.5,1172.6,2152.5,1068.6,2231.0,946.5,2244.0,837.8,2221.8,747.6,2124.1,718.2,1966.5
426.0,7.083,718.4,1967.9,764.2,1894.6,855.3,1872.3,955.1,1901.1,1065.8,1880.9,1170.9,1930.6,1234.1,2000.3,1198.0,1998.6,1065.7,1954.1,952.1,1959.8,853.2,1943.9,758.1,1960.7,758.1,1960.7,845.8,2108.9,948.6,2130.7,1064.3,2117.8,1198.0,1998.6,1234.1,2000.3,1169.6,2153.3,1065.3,2229.6,944.7,2242.0,837.3,2219.5,748.3,2122.8,718.4,1967.9
427.0,7.1,720.0,1967.6,764.1,1893.6,855.6,1871.6,955.2,1899.8,1065.7,1879.3,1170.6,1926.9,1232.8,1996.9,1197.3,1994.9,1066.3,1950.3,952.9,1956.6,854.3,1941.1,759.5,1959.6,759.5,1959.6,848.8,2114.2,951.3,2135.3,1067.0,2121.0,1197.3,1994.9,1232.8,1996.9,1171.3,2151.4,1068.1,2230.0,947.7,2243.3,840.4,2221.7,749.9,2125.0,720.0,1967.6
428.0,7.117,718.8,1964.6,763.0,1891.9,854.6,1869.8,954.2,1898.3,1064.8,1878.1,1170.6,1926.3,1233.3,1995.6,1197.6,1994.0,1065.0,1950.1,951.7,1955.9,853.1,1940.0,758.4,1957.3,758.4,1957.3,847.1,2112.8,949.8,2134.5,1065.6,2120.6,1197.6,1994.0,1233.3,1995.6,1170.8,2152.8,1067.0,2231.9,946.3,2245.1,838.8,2223.0,748.4,2124.8,718.8,1964.6
429.0,7.133,717.5,1968.8,763.6,1895.1,856.1,1872.8,954.7,1901.0,1063.9,1880.8,1170.0,1929.0,1234.7,1998.9,1198.7,1997.1,1064.5,1952.5,952.3,1958.5,854.6,1943.1,756.8,1961.4,756.8,1961.4,848.9,2111.8,950.4,2132.9,1064.7,2119.6,1198.7,1997.1,1234.7,1998.9,1170.5,2152.2,1066.0,2228.6,946.8,2241.2,840.6,2219.6,749.4,2123.8,717.5,1968.8
430.0,7.15,719.0,1970.1,764.5,1895.7,856.2,1873.3,954.9,1901.3,1063.9,1881.3,1169.4,1929.8,1232.9,2000.0,1197.5,1997.9,1064.3,1953.0,952.4,1958.6,854.6,1943.3,758.6,1962.0,758.6,1962.0,848.2,2113.4,949.9,2134.5,1063.9,2121.4,1197.5,1997.9,1232.9,2000.0,1169.7,2153.5,1065.1,2229.9,946.3,2241.9,839.9,2220.3,749.5,2124.1,719.0,1970.1
431.0,7.167,718.6,1970.0,764.2,1897.3,855.8,1875.0,954.0,1903.2,1062.6,1882.8,1168.1,1930.5,1232.2,1999.1,1196.6,1997.3,1063.0,1954.2,951.5,1960.1,854.3,1944.9,758.0,1962.2,758.0,1962.2,848.5,2113.6,949.5,2134.9,1063.1,2121.8,1196.6,1997.3,1232.2,1999.1,1168.8,2153.5,1064.6,2230.6,946.1,2242.9,840.4,2221.2,749.9,2124.7,718.6,1970.0
432.0,7.183,717.0,1968.8,762.4,1895.5,854.8,1873.5,952.0,1901.4,1059.5,1881.0,1165.5,1928.2,1230.5,1997.5,1195.1,1995.6,1060.2,1951.9,949.7,1958.0,853.5,1942.9,756.2,1960.7,756.2,1960.7,848.5,2115.2,948.6,2136.1,1061.1,2122.7,1195.1,1995.6,1230.5,1997.5,1166.8,2153.1,1062.2,2230.5,944.9,2242.8,840.0,2221.5,748.6,2124.9,717.0,1968.8
433.0,7.2,718.3,1965.6,762.9,1894.1,855.6,1872.1,952.2,1900.1,1059.2,1879.8,1165.1,1926.9,1229.8,1994.8,1194.4,1993.5,1060.0,1951.5,950.1,1957.4,854.5,1942.2,757.6,1958.3,757.6,1958.3,849.6,2114.6,949.2,2135.5,1061.3,2121.8,1194.4,1993.5,1229.8,1994.8,1166.5,2153.2,1062.6,2231.8,945.7,2244.6,841.2,2223.2,749.3,2125.6,718.3,1965.6
434.0,7.217,717.4,1971.1,764.0,1894.6,858.5,1871.5,952.4,1899.2,1056.2,1878.8,1162.7,1926.3,1229.3,1998.7,1193.3,1997.1,1057.4,1950.3,950.7,1956.5,857.7,1942.1,756.3,1964.0,756.3,1964.0,854.5,2116.8,951.5,2136.7,1060.1,2123.9,1193.3,1997.1,1229.3,1998.7,1165.5,2155.2,1061.7,2231.0,948.1,2243.3,846.2,2222.9,751.9,2128.5,717.4,1971.1
435.0,7.233,719.5,1972.2,766.2,1897.8,859.2,1876.2,955.8,1903.4,1062.7,1882.9,1168.1,1928.5,1231.8,1997.8,1196.9,1996.6,1064.0,1952.2,954.1,1959.0,858.6,1944.5,758.5,1965.4,758.5,1965.4,854.5,2118.5,954.0,2138.7,1065.9,2124.5,1196.9,1996.6,1231.8,1997.8,1170.8,2152.9,1068.2,2230.1,951.5,2243.5,847.2,2222.9,753.8,2128.5,719.5,1972.2
436.0,7.25,718.6,1973.7,766.3,1899.6,861.2,1876.4,955.8,1903.6,1060.5,1883.2,1167.2,1930.2,1232.8,1999.6,1197.5,1998.5,1062.0,1953.2,954.3,1959.5,860.8,1945.3,757.4,1967.3,757.4,1967.3,857.3,2120.5,955.0,2140.4,1064.8,2127.0,1197.5,1998.5,1232.8,1999.6,1170.4,2157.0,1067.0,2233.6,952.4,2246.5,849.7,2226.2,754.5,2131.6,718.6,1973.7
437.0,7.267,721.0,1973.0,769.1,1900.2,863.2,1878.6,957.4,1905.3,1061.6,1885.1,1167.4,1930.6,1233.1,1998.5,1198.1,1997.5,1062.9,1952.8,955.8,1959.4,862.8,1945.3,759.7,1966.5,759.7,1966.5,858.9,2121.9,956.2,2141.8,1065.3,2128.4,1198.1,1997.5,1233.1,1998.5,1170.6,2156.2,1067.6,2232.6,953.7,2245.3,851.6,2225.1,757.1,2130.5,721.0,1973.0
438.0,7.283,722.4,1973.7,769.9,1899.3,865.5,1875.2,957.9,1901.7,1059.5,1881.5,1166.2,1928.3,1233.1,1997.8,1197.7,1996.9,1061.3,1951.8,956.8,1957.9,865.5,1944.4,761.4,1966.7,761.4,1966.7,862.5,2121.7,958.0,2140.7,1064.8,2127.3,1197.7,1996.9,1233.1,1997.8,1170.3,2157.5,1067.1,2234.2,955.6,2246.7,855.0,2227.5,758.8,2133.2,722.4,1973.7
439.0,7.3,726.1,1973.3,772.8,1900.5,866.6,1878.3,960.9,1905.1,1064.8,1884.7,1171.0,1930.1,1235.8,1997.8,1200.9,1996.8,1066.1,1953.7,959.4,1960.1,866.2,1946.0,765.1,1966.4,765.1,1966.4,862.9,2123.0,960.4,2143.0,1069.5,2129.5,1200.9,1996.8,1235.8,1997.8,1175.0,2157.9,1072.3,2235.9,958.4,2248.7,856.1,2228.6,761.5,2132.9,726.1,1973.3
440.0,7.317,724.6,1975.8,772.7,1901.5,868.1,1878.7,961.1,1905.3,1063.2,1884.8,1170.6,1930.7,1237.9,1999.9,1202.6,1998.8,1064.9,1953.8,959.8,1960.1,868.0,1946.6,763.3,1968.8,763.3,1968.8,865.7,2124.8,961.9,2144.3,1069.1,2131.4,1202.6,1998.8,1237.9,1999.9,1175.6,2159.8,1071.8,2236.7,959.7,2249.1,858.6,2229.4,762.2,2134.6,724.6,1975.8
441.0,7.333,725.5,1972.6,772.2,1899.2,867.0,1876.8,960.4,1903.5,1063.6,1882.7,1170.6,1927.6,1236.9,1996.0,1201.7,1994.9,1065.2,1951.2,959.2,1957.8,867.0,1944.0,764.0,1965.2,764.0,1965.2,865.4,2124.6,962.0,2144.0,1070.4,2130.2,1201.7,1994.9,1236.9,1996.0,1175.7,2156.3,1072.6,2235.3,959.5,2248.6,857.8,2228.9,762.0,2133.0,725.5,1972.6
442.0,7.35,727.2,1977.0,772.7,1902.1,865.7,1879.8,962.2,1906.6,1069.0,1885.1,1174.9,1929.6,1238.3,1999.1,1203.2,1997.3,1070.7,1952.0,961.0,1959.3,866.0,1945.3,765.7,1969.3,765.7,1969.3,865.2,2124.9,964.9,2144.6,1076.9,2130.0,1203.2,1997.3,1238.3,1999.1,1181.0,2154.1,1080.0,2232.6,963.2,2246.9,858.6,2227.3,763.8,2133.8,727.2,1977.0
443.0,7.367,726.1,1975.0,772.5,1900.6,867.6,1877.2,961.5,1904.0,1065.7,1882.2,1172.2,1926.8,1237.9,1995.9,1202.8,1994.6,1067.7,1950.1,960.7,1957.3,868.2,1943.7,764.1,1967.5,764.1,1967.5,868.8,2124.8,966.0,2143.6,1075.2,2129.3,1202.8,1994.6,1237.9,1995.9,1179.2,2153.2,1077.6,2232.3,963.6,2246.6,861.4,2227.7,764.2,2134.1,726.1,1975.0
444.0,7.383,727.3,1975.5,773.7,1900.7,868.4,1877.3,962.7,1903.7,1067.0,1882.0,1173.4,1926.7,1239.0,1995.8,1203.6,1994.7,1069.2,1950.2,962.1,1957.4,869.3,1944.1,765.6,1968.0,765.6,1968.0,869.5,2123.7,967.0,2142.4,1076.4,2127.9,1203.6,1994.7,1239.0,1995.8,1180.5,2152.8,1079.3,2231.7,965.1,2246.1,862.6,2227.5,765.5,2134.5,727.3,1975.5
445.0,7.4,725.1,1973.8,771.8,1898.0,867.3,1874.1,961.3,1900.7,1065.6,1879.0,1173.2,1924.3,1239.6,1994.5,1204.0,1993.2,1067.8,1948.5,960.7,1955.4,868.1,1942.1,763.5,1966.5,763.5,1966.5,869.1,2120.5,966.5,2139.1,1075.9,2125.1,1204.0,1993.2,1239.6,1994.5,1180.8,2151.1,1078.7,2229.8,964.5,2244.1,862.0,2225.5,764.1,2132.5,725.1,1973.8
446.0,7.417,725.4,1972.8,772.1,1895.8,867.2,1872.1,961.6,1898.5,1065.8,1877.1,1173.7,1921.9,1240.0,1992.9,1204.5,1991.4,1068.0,1945.9,961.0,1952.9,868.0,1939.7,764.1,1964.9,764.1,1964.9,868.9,2120.5,966.7,2139.1,1076.0,2125.0,1204.5,1991.4,1240.0,1992.9,1181.4,2149.6,1079.0,2228.7,964.8,2242.8,862.0,2224.2,764.4,2131.1,725.4,1972.8
447.0,7.433,725.0,1970.8,771.9,1894.5,867.7,1870.6,961.5,1897.4,1065.4,1875.8,1173.2,1921.0,1239.8,1991.8,1204.3,1990.4,1067.5,1945.6,960.8,1952.4,868.3,1939.0,763.5,1963.2,763.5,1963.2,868.9,2119.1,966.0,2137.9,1075.0,2124.0,1204.3,1990.4,1239.8,1991.8,1180.4,2149.4,1077.6,2228.5,963.8,2242.5,861.5,2223.7,763.7,2129.8,725.0,1970.8
448.0,7.45,727.5,1970.6,773.1,1894.6,867.8,1870.9,961.5,1897.9,1065.4,1876.3,1172.5,1921.5,1238.0,1992.6,1202.5,1991.1,1067.3,1946.7,960.8,1953.5,868.2,1940.0,766.0,1963.1,766.0,1963.1,868.9,2117.3,966.1,2136.3,1075.0,2122.4,1202.5,1991.1,1238.0,1992.6,1179.6,2149.2,1077.7,2228.0,963.9,2242.1,861.6,2223.0,765.0,2129.3,727.5,1970.6
449.0,7.467,725.9,1967.7,772.2,1893.5,867.6,1871.0,960.8,1897.8,1064.1,1876.0,1172.2,1919.2,1238.9,1988.0,1203.5,1986.7,1066.4,1945.3,960.4,1952.4,868.5,1938.9,764.6,1959.9,764.6,1959.9,870.0,2119.1,966.7,2137.8,1075.1,2123.6,1203.5,1986.7,1238.9,1988.0,1180.3,2147.1,1077.9,2228.1,964.7,2242.6,862.9,2223.9,765.0,2129.2,725.9,1967.7
450.0,7.483,726.2,1971.5,773.5,1896.6,866.4,1874.7,961.2,1900.6,1065.7,1879.3,1172.2,1923.0,1238.1,1991.6,1202.8,1990.3,1067.7,1945.6,960.3,1953.2,866.9,1940.0,764.9,1963.8,764.9,1963.8,866.5,2116.5,964.4,2135.4,1073.9,2121.3,1202.8,1990.3,1238.1,1991.6,1179.1,2146.1,1077.6,2223.4,963.3,2237.2,860.5,2218.4,765.4,2126.6,726.2,1971.5
451.0,7.5,722.4,1971.0,770.7,1896.2,866.8,1872.2,959.5,1898.6,1061.7,1877.2,1170.1,1921.9,1239.1,1991.0,1203.3,1989.9,1064.1,1946.6,959.1,1953.4,867.8,1940.5,761.0,1963.5,761.0,1963.5,868.7,2117.9,964.5,2136.2,1071.6,2122.7,1203.3,1989.9,1239.1,1991.0,1178.0,2148.1,1074.7,2226.7,962.7,2240.4,861.8,2222.1,763.3,2129.3,722.4,1971.0
452.0,7.517,724.8,1966.2,771.6,1892.7,866.4,1869.9,959.6,1896.2,1062.6,1875.0,1169.4,1919.5,1235.5,1987.5,1200.5,1986.7,1064.6,1943.0,958.7,1950.1,866.9,1936.7,763.1,1959.1,763.1,1959.1,866.3,2117.5,962.7,2136.5,1070.8,2122.2,1200.5,1986.7,1235.5,1987.5,1175.7,2147.7,1073.8,2226.7,960.9,2240.6,859.4,2221.6,762.7,2127.2,724.8,1966.2
453.0,7.533,727.3,1968.8,774.2,1896.3,867.8,1874.4,961.1,1900.9,1064.2,1879.3,1170.8,1922.6,1236.8,1989.5,1201.7,1988.5,1066.2,1947.3,960.3,1954.7,868.3,1941.2,766.1,1961.7,766.1,1961.7,868.3,2117.3,964.8,2136.5,1073.0,2122.3,1201.7,1988.5,1236.8,1989.5,1177.9,2147.7,1076.8,2226.9,963.7,2241.1,862.2,2222.1,766.2,2128.5,727.3,1968.8
454.0,7.55,723.4,1970.2,770.7,1895.8,865.6,1872.3,958.3,1898.6,1060.8,1877.0,1168.8,1921.1,1237.2,1989.8,1201.3,1988.7,1063.1,1945.9,958.0,1953.0,866.6,1939.9,762.0,1962.7,762.0,1962.7,868.2,2116.5,964.2,2134.9,1071.6,2121.2,1201.3,1988.7,1237.2,1989.8,1177.2,2146.4,1075.0,2224.9,962.7,2238.9,861.7,2220.7,763.9,2128.3,723.4,1970.2
455.0,7.567,724.5,1969.5,771.0,1894.1,866.1,1870.2,959.6,1896.8,1063.4,1875.2,1170.4,1920.0,1235.7,1990.0,1200.6,1989.1,1065.4,1944.6,958.8,1951.8,866.6,1938.4,762.8,1962.6,762.8,1962.6,867.2,2117.6,964.1,2136.5,1073.1,2122.2,1200.6,1989.1,1235.7,1990.0,1177.6,2148.1,1076.0,2226.9,962.4,2241.4,860.3,2222.5,762.9,2129.3,724.5,1969.5
456.0,7.583,723.9,1969.8,770.6,1895.9,865.5,1873.1,959.5,1899.6,1064.1,1877.7,1171.0,1922.1,1237.0,1990.7,1201.7,1989.7,1066.4,1945.2,959.0,1952.7,866.4,1939.1,761.9,1962.9,761.9,1962.9,867.6,2118.3,965.0,2137.1,1074.7,2122.7,1201.7,1989.7,1237.0,1990.7,1178.8,2147.4,1077.7,2225.9,963.3,2240.5,860.8,2221.7,763.1,2128.9,723.9,1969.8
457.0,7.6,723.5,1970.1,769.4,1894.0,865.0,1869.4,958.9,1896.2,1063.4,1874.1,1170.5,1918.7,1235.5,1989.2,1200.1,1988.1,1066.0,1943.8,958.7,1951.2,866.1,1937.9,761.8,1962.8,761.8,1962.8,868.0,2117.9,965.3,2136.3,1075.0,2121.3,1200.1,1988.1,1235.5,1989.2,1178.6,2145.9,1077.7,2225.7,963.4,2240.9,860.9,2222.5,762.3,2129.5,723.5,1970.1
458.0,7.617,722.4,1971.2,767.0,1894.1,862.1,1869.5,957.3,1896.5,1063.4,1874.3,1170.9,1918.9,1235.0,1990.9,1199.5,1989.1,1065.9,1943.3,957.2,1950.8,863.5,1937.2,760.5,1963.6,760.5,1963.6,866.9,2117.2,965.6,2135.7,1076.8,2120.6,1199.5,1989.1,1235.0,1990.9,1180.1,2144.7,1079.8,2223.8,963.8,2239.2,860.0,2220.8,761.4,2128.8,722.4,1971.2
459.0,7.633,722.0,1971.2,767.0,1894.2,861.6,1869.6,957.3,1896.6,1063.8,1874.2,1171.1,1919.0,1235.7,1990.4,1200.0,1988.6,1066.4,1944.2,957.1,1951.7,862.9,1938.2,760.3,1963.3,760.3,1963.3,865.5,2114.8,964.5,2133.3,1076.0,2118.4,1200.0,1988.6,1235.7,1990.4,1179.8,2143.7,1079.1,2222.9,962.8,2238.1,858.6,2219.6,760.8,2127.5,722.0,1971.2
460.0,7.65,723.3,1970.8,767.3,1893.8,861.1,1869.2,956.8,1896.0,1063.0,1874.1,1169.9,1919.5,1234.0,1990.9,1198.6,1988.8,1065.4,1943.0,956.5,1950.1,862.2,1936.6,761.6,1962.4,761.6,1962.4,864.0,2116.1,963.0,2134.9,1074.2,2120.2,1198.6,1988.8,1234.0,1990.9,1178.0,2144.8,1077.3,2223.8,961.3,2238.4,857.2,2219.7,760.6,2126.9,723.3,1970.8
461.0,7.667,724.8,1969.7,768.3,1893.9,860.9,1870.6,957.7,1897.6,1065.4,1875.5,1172.2,1919.5,1235.2,1990.2,1200.0,1988.0,1067.6,1944.9,957.3,1952.4,861.7,1938.6,763.5,1961.5,763.5,1961.5,864.0,2113.5,964.2,2132.6,1076.9,2117.4,1200.0,1988.0,1235.2,1990.2,1180.5,2142.1,1080.3,2221.5,962.7,2236.7,857.6,2217.6,762.0,2125.1,724.8,1969.7
462.0,7.683,724.8,1969.7,769.4,1893.3,864.0,1870.1,957.8,1896.1,1061.9,1874.3,1168.9,1917.0,1233.8,1987.6,1198.8,1986.3,1064.4,1940.2,957.7,1947.9,865.3,1934.8,762.8,1961.7,762.8,1961.7,868.3,2122.2,965.6,2140.5,1074.8,2125.2,1198.8,1986.3,1233.8,1987.6,1178.4,2145.3,1078.1,2226.0,964.2,2241.3,861.9,2223.3,763.8,2130.8,724.8,1969.7
463.0,7.7,724.9,1974.0,769.1,1896.6,863.1,1871.8,959.3,1898.6,1066.1,1876.0,1172.5,1921.3,1235.1,1993.2,1199.8,1991.2,1068.7,1945.5,959.0,1953.1,864.3,1939.7,763.3,1966.3,763.3,1966.3,866.7,2117.3,966.2,2136.0,1078.3,2120.8,1199.8,1991.2,1235.1,1993.2,1181.3,2146.4,1082.0,2224.8,965.2,2240.2,860.5,2221.8,762.9,2130.4,724.9,1974.0
464.0,7.717,722.4,1972.6,766.8,1895.8,861.7,1872.3,956.5,1899.0,1061.9,1876.8,1169.8,1920.4,1234.7,1992.1,1199.4,1990.2,1064.4,1945.0,956.5,1952.4,863.1,1938.9,760.5,1964.8,760.5,1964.8,867.3,2120.1,965.7,2138.4,1076.2,2123.6,1199.4,1990.2,1234.7,1992.1,1180.0,2146.4,1079.5,2225.3,964.3,2240.4,860.8,2222.2,761.9,2130.6,722.4,1972.6
465.0,7.733,724.3,1974.0,769.8,1898.6,864.5,1874.6,957.8,1901.0,1060.9,1879.2,1168.3,1923.7,1234.8,1993.8,1199.4,1992.2,1063.4,1947.6,957.5,1954.6,865.6,1941.6,762.3,1966.4,762.3,1966.4,868.2,2118.9,964.8,2137.2,1072.9,2123.2,1199.4,1992.2,1234.8,1993.8,1177.4,2148.4,1076.3,2225.9,963.4,2240.2,861.7,2222.0,763.9,2130.5,724.3,1974.0
466.0,7.75,722.9,1973.9,768.7,1898.6,863.8,1875.3,958.3,1901.3,1063.0,1879.6,1170.9,1922.7,1236.3,1992.3,1201.2,1991.0,1065.5,1945.5,958.2,1953.0,865.1,1940.0,760.9,1966.3,760.9,1966.3,868.0,2123.7,966.1,2142.1,1075.9,2127.2,1201.2,1991.0,1236.3,1992.3,1180.6,2148.9,1079.5,2228.3,964.9,2243.3,861.8,2225.1,763.2,2133.0,722.9,1973.9
467.0,7.767,722.0,1979.8,767.4,1900.1,862.8,1874.5,958.3,1901.0,1064.0,1878.9,1172.0,1924.4,1236.6,1998.2,1200.9,1995.8,1066.8,1947.9,958.4,1954.9,864.3,1942.0,760.4,1971.5,760.4,1971.5,867.8,2120.7,966.8,2138.7,1077.5,2124.4,1200.9,1995.8,1236.6,1998.2,1182.0,2149.6,1081.3,2226.7,965.7,2241.2,861.5,2223.3,762.4,2133.0,722.0,1979.8
468.0,7.783,722.2,1977.1,768.9,1899.9,864.4,1876.3,958.6,1902.0,1062.8,1880.3,1171.0,1923.7,1237.7,1994.8,1202.4,1993.3,1065.4,1946.1,958.4,1953.6,865.7,1940.9,760.3,1969.6,760.3,1969.6,869.0,2124.9,966.6,2142.9,1075.9,2128.4,1202.4,1993.3,1237.7,1994.8,1181.1,2149.6,1079.6,2227.7,965.6,2242.5,863.0,2224.8,763.7,2134.0,722.2,1977.1
469.0,7.8,722.4,1980.0,767.7,1902.5,862.1,1878.6,957.7,1905.2,1063.8,1882.8,1171.7,1927.0,1237.5,1998.8,1201.7,1996.6,1066.4,1950.2,957.6,1957.6,863.5,1944.4,760.5,1972.0,760.5,1972.0,867.6,2122.0,966.7,2140.4,1077.8,2126.0,1201.7,1996.6,1237.5,1998.8,1182.3,2149.7,1081.7,2227.3,965.7,2242.1,861.5,2224.2,763.1,2134.2,722.4,1980.0
470.0,7.817,722.2,1980.0,769.0,1904.1,863.4,1882.0,958.3,1907.8,1063.2,1886.3,1171.7,1928.6,1238.8,1998.2,1203.6,1996.5,1065.7,1950.6,958.2,1958.0,864.7,1945.0,760.3,1972.3,760.3,1972.3,868.5,2126.6,966.9,2145.0,1076.8,2130.9,1203.6,1996.5,1238.8,1998.2,1182.5,2151.3,1080.9,2229.0,966.2,2243.4,862.9,2225.4,764.5,2135.0,722.2,1980.0
471.0,7.833,722.2,1982.7,768.1,1904.7,862.6,1880.1,958.2,1906.5,1063.6,1884.5,1172.0,1928.5,1238.2,2000.3,1202.5,1998.1,1066.4,1952.2,958.2,1959.4,864.2,1946.5,760.9,1974.5,760.9,1974.5,868.0,2123.6,966.9,2141.7,1077.3,2127.4,1202.5,1998.1,1238.2,2000.3,1182.6,2151.3,1081.5,2228.8,966.1,2243.3,862.2,2225.6,763.6,2135.8,722.2,1982.7
472.0,7.85,721.7,1978.5,768.6,1903.1,863.4,1880.4,958.5,1906.2,1063.7,1884.6,1172.0,1927.5,1238.9,1996.9,1203.5,1995.2,1066.2,1949.2,958.3,1956.8,864.8,1943.7,759.8,1970.8,759.8,1970.8,867.7,2125.6,966.2,2144.0,1076.5,2129.6,1203.5,1995.2,1238.9,1996.9,1182.0,2150.6,1080.5,2228.3,965.5,2242.7,862.1,2224.8,763.5,2134.1,721.7,1978.5
473.0,7.867,722.7,1987.1,769.4,1907.0,863.9,1881.7,960.0,1908.0,1066.1,1885.8,1174.0,1930.2,1239.0,2003.8,1203.4,2001.3,1068.9,1953.5,960.0,1960.9,865.3,1948.2,761.2,1978.7,761.2,1978.7,869.3,2124.4,968.7,2142.4,1079.8,2128.1,1203.4,2001.3,1239.0,2003.8,1184.7,2151.4,1083.8,2227.6,967.9,2242.3,863.5,2224.6,764.8,2136.6,722.7,1987.1
474.0,7.883,721.8,1979.4,767.4,1901.3,864.1,1877.3,958.8,1903.9,1064.3,1881.7,1173.5,1924.1,1238.8,1996.7,1203.6,1994.5,1067.2,1947.7,959.2,1955.3,866.0,1942.1,759.7,1971.7,759.7,1971.7,871.9,2128.2,970.5,2146.1,1081.3,2131.0,1203.6,1994.5,1238.8,1996.7,1185.5,2150.4,1084.7,2229.6,969.2,2245.1,865.6,2227.4,763.9,2137.1,721.8,1979.4
475.0,7.9,715.8,1990.1,766.7,1907.2,863.8,1882.2,958.6,1907.9,1063.5,1886.3,1174.7,1929.6,1244.2,2005.3,1207.7,2003.3,1066.7,1952.6,959.2,1960.0,865.7,1948.1,754.0,1983.2,754.0,1983.2,871.8,2124.2,970.3,2141.1,1080.0,2127.4,1207.7,2003.3,1244.2,2005.3,1187.2,2149.7,1084.0,2223.1,969.4,2237.4,866.0,2220.7,763.7,2136.5,715.8,1990.1
476.0,7.917,716.7,1979.5,767.8,1904.3,864.8,1881.3,959.8,1907.5,1065.6,1885.2,1174.9,1926.6,1242.9,1995.7,1207.5,1994.5,1068.6,1951.7,960.0,1960.1,866.3,1947.1,754.7,1973.4,754.7,1973.4,871.3,2116.0,969.9,2133.5,1080.6,2118.8,1207.5,1994.5,1242.9,1995.7,1185.9,2142.7,1084.3,2217.5,968.9,2232.7,865.3,2215.5,763.3,2129.9,716.7,1979.5
477.0,7.933,707.1,1976.7,758.8,1898.6,858.4,1873.2,952.1,1900.2,1056.4,1877.2,1170.8,1917.6,1242.7,1990.8,1205.6,1989.8,1060.5,1953.0,954.0,1960.8,860.9,1948.5,746.6,1970.9,746.6,1970.9,871.4,2102.5,969.7,2118.1,1078.7,2104.4,1205.6,1989.8,1242.7,1990.8,1186.5,2136.1,1083.0,2211.0,968.8,2226.0,865.2,2210.1,758.6,2126.6,707.1,1976.7
478.0,7.95,685.8,1978.3,752.0,1898.9,858.9,1872.3,949.9,1898.5,1049.8,1875.9,1170.7,1916.5,1255.8,1990.2,1216.4,1991.0,1055.4,1956.7,953.1,1965.0,862.2,1954.1,725.9,1976.1,725.9,1976.1,872.8,2077.4,968.1,2090.4,1071.9,2078.9,1216.4,1991.0,1255.8,1990.2,1187.1,2127.0,1076.7,2191.9,967.5,2205.6,866.3,2191.7,752.0,2118.7,685.8,1978.3
479.0,7.967,682.2,1990.1,752.5,1902.9,857.2,1871.3,946.5,1896.1,1043.1,1873.0,1167.5,1915.6,1261.5,1994.4,1218.3,1994.1,1050.5,1963.1,951.3,1971.7,861.9,1963.4,724.7,1986.6,724.7,1986.6,870.5,2052.9,963.3,2063.7,1063.5,2053.8,1218.3,1994.1,1261.5,1994.4,1184.0,2114.4,1069.8,2171.9,964.1,2184.2,865.5,2173.0,754.6,2110.5,682.2,1990.1
480.0,7.983,685.4,1995.6,756.7,1911.3,856.6,1878.6,951.6,1902.6,1055.2,1878.6,1174.8,1920.8,1263.6,1995.8,1219.1,1995.2,1062.5,1969.7,956.0,1979.8,860.8,1971.8,728.3,1991.4,728.3,1991.4,866.7,2026.0,964.3,2036.7,1071.3,2025.4,1219.1,1995.2,1263.6,1995.8,1188.0,2092.9,1079.0,2143.9,966.7,2157.6,863.6,2147.0,759.0,2094.3,685.4,1995.6
481.0,8.0,687.2,1996.2,758.6,1914.7,855.0,1883.2,953.4,1906.4,1061.4,1882.0,1176.4,1922.6,1261.6,1993.8,1217.2,1993.0,1068.4,1968.5,957.5,1979.6,859.1,1971.5,729.8,1991.4,729.8,1991.4,864.5,2014.8,965.0,2025.0,1076.1,2012.3,1217.2,1993.0,1261.6,1993.8,1188.5,2077.7,1084.0,2125.4,967.8,2140.0,862.3,2130.4,761.2,2083.3,687.2,1996.2
482.0,8.017,685.2,1998.3,761.6,1920.8,858.2,1888.2,954.8,1910.7,1059.3,1887.2,1174.9,1927.6,1265.2,1994.8,1219.5,1994.7,1066.4,1978.0,958.7,1988.5,861.9,1981.5,729.0,1993.9,729.0,1993.9,864.1,1998.8,962.0,2008.2,1069.4,1997.3,1219.5,1994.7,1265.2,1994.8,1184.3,2071.0,1077.8,2113.6,965.1,2126.4,862.3,2117.7,762.9,2075.4,685.2,1998.3
483.0,8.033,684.8,1994.3,764.6,1921.8,862.1,1891.7,956.6,1914.2,1059.2,1890.3,1173.8,1927.7,1266.0,1990.4,1220.7,1990.6,1066.5,1978.6,960.7,1989.8,866.0,1982.5,728.3,1990.8,728.3,1990.8,869.4,1992.0,965.2,2000.7,1070.5,1989.6,1220.7,1990.6,1266.0,1990.4,1184.2,2063.3,1078.9,2103.7,968.5,2116.8,867.8,2108.9,766.4,2069.5,684.8,1994.3
484.0,8.05,683.5,1991.6,765.0,1920.1,863.7,1890.0,956.0,1912.3,1056.0,1888.4,1171.4,1925.3,1266.3,1987.0,1220.7,1987.7,1063.8,1977.3,960.6,1988.7,867.9,1981.8,727.0,1988.8,727.0,1988.8,871.3,1989.5,964.9,1997.5,1067.5,1986.4,1220.7,1987.7,1266.3,1987.0,1182.1,2061.6,1076.0,2101.5,968.3,2114.6,869.6,2107.3,766.8,2068.7,683.5,1991.6
485.0,8.067,683.6,1990.9,766.8,1920.4,864.8,1891.3,956.2,1913.0,1055.1,1888.9,1169.7,1925.5,1265.5,1985.3,1220.0,1985.6,1062.9,1975.8,960.6,1987.6,869.1,1981.2,726.8,1987.5,726.8,1987.5,872.6,1985.8,964.9,1993.5,1066.3,1982.5,1220.0,1985.6,1265.5,1985.3,1180.2,2057.2,1074.5,2095.3,968.2,2108.2,870.7,2101.2,768.6,2064.2,683.6,1990.9
486.0,8.083,681.6,1988.1,767.2,1920.1,866.5,1891.9,957.2,1913.1,1055.4,1889.3,1170.2,1924.7,1267.2,1982.7,1222.0,1983.9,1063.0,1973.7,961.5,1985.8,870.8,1979.3,724.5,1985.8,724.5,1985.8,874.0,1985.2,965.7,1992.8,1066.4,1981.8,1222.0,1983.9,1267.2,1982.7,1180.4,2055.7,1074.5,2093.0,969.0,2105.8,872.2,2099.1,768.6,2062.7,681.6,1988.1
487.0,8.1,682.2,1987.8,767.5,1919.0,866.2,1890.2,957.5,1911.1,1056.2,1887.2,1170.9,1923.1,1267.8,1981.6,1222.3,1982.4,1063.8,1971.6,961.7,1983.9,870.4,1977.7,725.3,1984.9,725.3,1984.9,873.5,1982.4,965.6,1989.9,1066.7,1978.7,1222.3,1982.4,1267.8,1981.6,1180.8,2052.9,1074.9,2089.7,969.0,2102.4,871.8,2095.9,769.0,2060.2,682.2,1987.8
488.0,8.117,682.9,1986.4,769.0,1917.5,868.7,1888.8,958.9,1909.7,1056.2,1885.7,1171.1,1921.6,1268.7,1980.5,1223.4,1981.2,1063.9,1970.5,963.3,1982.9,872.9,1976.7,726.1,1983.7,726.1,1983.7,876.3,1980.3,967.5,1987.6,1067.0,1976.7,1223.4,1981.2,1268.7,1980.5,1181.4,2052.6,1075.5,2088.5,971.0,2101.1,874.8,2094.8,770.7,2059.7,682.9,1986.4
489.0,8.133,683.3,1986.3,769.6,1916.7,868.7,1887.6,959.6,1908.3,1057.8,1884.2,1172.1,1920.6,1269.1,1979.5,1223.6,1980.0,1065.6,1968.8,963.9,1981.3,873.1,1975.3,726.5,1983.3,726.5,1983.3,876.4,1978.5,968.1,1985.7,1068.6,1974.7,1223.6,1980.0,1269.1,1979.5,1182.4,2050.1,1077.0,2086.1,971.7,2098.8,874.9,2092.6,771.4,2057.9,683.3,1986.3
490.0,8.15,684.5,1987.2,770.3,1915.7,869.0,1886.3,960.2,1906.8,1058.4,1882.7,1172.3,1919.2,1268.2,1979.9,1222.8,1980.1,1066.1,1966.9,964.5,1979.5,873.4,1973.6,727.8,1983.7,727.8,1983.7,876.8,1977.9,968.8,1985.0,1069.3,1973.8,1222.8,1980.1,1268.2,1979.9,1182.7,2049.5,1078.0,2084.7,972.6,2097.4,875.5,2091.4,772.2,2057.7,684.5,1987.2
491.0,8.167,686.0,1986.8,771.3,1915.1,869.9,1885.2,961.1,1905.9,1059.5,1881.6,1172.8,1918.3,1267.7,1979.0,1222.6,1979.4,1067.2,1966.6,965.3,1979.2,874.3,1973.4,729.2,1983.5,729.2,1983.5,878.0,1978.0,970.0,1985.0,1070.7,1973.7,1222.6,1979.4,1267.7,1979.0,1183.5,2048.8,1079.4,2085.0,973.8,2098.1,876.8,2092.2,773.4,2058.1,686.0,1986.8
492.0,8.183,685.9,1988.0,771.4,1914.5,869.9,1884.0,961.2,1904.4,1059.7,1880.4,1172.2,1918.0,1266.4,1980.3,1221.1,1980.6,1067.3,1964.8,965.4,1977.3,874.1,1971.6,729.2,1984.5,729.2,1984.5,876.9,1976.1,969.0,1983.0,1069.8,1971.8,1221.1,1980.6,1266.4,1980.3,1181.9,2048.4,1078.4,2082.8,972.8,2095.4,875.8,2089.7,772.9,2056.9,685.9,1988.0
493.0,8.2,687.5,1988.1,772.3,1913.9,870.3,1883.5,961.9,1904.1,1060.8,1879.8,1173.5,1917.5,1267.4,1980.4,1222.3,1980.4,1068.5,1964.8,966.1,1977.4,874.8,1971.7,730.8,1984.3,730.8,1984.3,878.5,1976.6,970.7,1983.5,1071.9,1972.1,1222.3,1980.4,1267.4,1980.4,1184.0,2048.0,1080.4,2082.7,974.5,2095.7,877.2,2089.9,774.3,2057.0,687.5,1988.1
494.0,8.217,688.3,1989.2,773.4,1914.5,871.6,1883.2,962.8,1903.7,1060.9,1879.5,1173.5,1917.6,1267.5,1981.2,1222.0,1981.3,1068.7,1964.9,967.1,1977.3,876.0,1971.8,731.8,1985.6,731.8,1985.6,879.1,1975.4,971.0,1982.1,1071.5,1970.9,1222.0,1981.3,1267.5,1981.2,1183.6,2048.2,1080.4,2082.1,975.1,2094.8,878.2,2089.3,775.4,2057.3,688.3,1989.2
495.0,8.233,687.9,1990.0,773.6,1914.6,872.2,1882.0,963.0,1902.3,1060.7,1878.2,1173.1,1917.4,1267.4,1981.9,1221.9,1982.4,1068.2,1964.4,967.0,1976.6,876.3,1971.4,731.2,1986.7,731.2,1986.7,878.7,1974.4,970.2,1981.0,1070.0,1970.1,1221.9,1982.4,1267.4,1981.9,1182.3,2048.8,1078.7,2082.1,974.0,2094.7,877.5,2089.2,774.9,2057.7,687.9,1990.0
496.0,8.25,689.0,1989.2,773.3,1913.8,871.5,1882.2,963.0,1903.1,1061.7,1878.8,1174.1,1917.6,1267.3,1982.3,1222.0,1982.1,1069.4,1965.4,967.3,1977.5,875.8,1971.6,732.5,1985.6,732.5,1985.6,879.3,1974.9,971.7,1981.8,1072.7,1970.8,1222.0,1982.1,1267.3,1982.3,1184.6,2048.9,1081.5,2082.7,975.7,2095.3,878.3,2089.5,775.4,2057.3,689.0,1989.2
497.0,8.267,687.7,1990.0,773.0,1914.0,871.5,1881.9,962.6,1902.3,1060.6,1878.2,1173.1,1917.6,1266.9,1982.6,1221.6,1982.7,1068.2,1964.4,966.6,1976.5,875.6,1971.1,731.2,1986.5,731.2,1986.5,878.3,1974.9,970.2,1981.7,1070.5,1970.8,1221.6,1982.7,1266.9,1982.6,1182.7,2049.7,1079.1,2082.5,974.0,2094.8,877.1,2089.1,774.3,2057.4,687.7,1990.0
498.0,8.283,688.3,1989.9,773.3,1914.1,871.3,1882.1,962.8,1902.6,1061.3,1878.6,1173.3,1917.9,1265.9,1982.8,1220.8,1982.9,1068.7,1964.0,966.7,1976.2,875.3,1970.6,731.6,1986.5,731.6,1986.5,877.9,1975.1,970.2,1982.1,1071.0,1971.1,1220.8,1982.9,1265.9,1982.8,1182.7,2049.5,1079.8,2082.3,974.2,2094.7,876.9,2088.9,774.5,2057.1,688.3,1989.9
499.0,8.3,688.0,1991.0,773.4,1915.1,871.5,1882.6,962.5,1902.9,1060.6,1878.7,1172.0,1918.3,1264.6,1983.1,1219.3,1983.5,1068.1,1964.2,966.5,1976.5,875.6,1971.2,731.2,1987.7,731.2,1987.7,878.1,1976.0,969.8,1982.6,1070.1,1971.4,1219.3,1983.5,1264.6,1983.1,1181.1,2049.6,1078.8,2082.7,973.7,2095.6,876.9,2090.0,774.5,2058.7,688.0,1991.0
500.0,8.317,687.9,1990.6,772.4,1914.9,870.4,1882.5,961.8,1903.0,1060.4,1879.1,1171.8,1918.5,1264.2,1983.4,1218.9,1983.9,1068.0,1964.7,965.9,1976.8,874.6,1971.2,731.0,1987.6,731.0,1987.6,877.1,1976.1,969.3,1982.9,1070.2,1971.6,1218.9,1983.9,1264.2,1983.4,1181.1,2049.6,1078.9,2082.7,973.1,2095.6,876.0,2089.9,773.7,2058.6,687.9,1990.6
501.0,8.333,688.6,1991.5,773.2,1915.8,870.7,1883.7,962.2,1904.2,1060.8,1880.1,1172.3,1919.5,1264.5,1984.1,1219.4,1984.2,1068.3,1966.2,966.2,1978.4,874.8,1972.9,732.0,1988.0,732.0,1988.0,877.5,1975.4,969.7,1982.4,1070.4,1971.4,1219.4,1984.2,1264.5,1984.1,1181.8,2050.3,1079.2,2083.1,973.6,2095.6,876.4,2089.8,774.5,2058.1,688.6,1991.5
502.0,8.35,689.2,1991.5,773.4,1916.0,870.9,1883.7,962.3,1904.4,1060.8,1880.1,1172.2,1919.5,1264.4,1984.3,1219.1,1984.3,1068.4,1966.5,966.4,1978.8,875.1,1973.1,732.6,1988.1,732.6,1988.1,878.1,1975.8,970.3,1982.8,1071.0,1971.7,1219.1,1984.3,1264.4,1984.3,1182.0,2050.6,1079.9,2083.7,974.3,2096.4,877.2,2090.6,775.1,2058.9,689.2,1991.5
503.0,8.367,689.0,1992.3,773.5,1916.1,870.8,1883.8,962.2,1904.2,1060.3,1880.2,1172.2,1919.6,1264.2,1984.7,1219.1,1984.4,1067.7,1965.5,966.0,1977.8,874.8,1972.3,732.5,1988.5,732.5,1988.5,877.7,1976.3,969.7,1983.6,1070.1,1972.7,1219.1,1984.4,1264.2,1984.7,1181.9,2051.4,1079.3,2084.3,974.1,2096.6,877.0,2090.6,775.3,2058.6,689.0,1992.3
504.0,8.383,688.5,1992.0,773.2,1915.7,870.8,1883.4,961.9,1904.0,1059.9,1880.1,1171.7,1919.8,1264.0,1985.1,1218.9,1985.1,1067.5,1965.6,965.9,1977.6,875.0,1971.9,731.9,1988.8,731.9,1988.8,877.8,1977.2,969.7,1984.3,1070.0,1973.5,1218.9,1985.1,1264.0,1985.1,1181.4,2052.0,1079.1,2084.8,973.8,2097.2,877.0,2091.2,774.7,2059.6,688.5,1992.0
505.0,8.4,688.5,1992.7,773.2,1916.7,870.7,1884.0,961.7,1904.4,1059.7,1880.4,1171.0,1920.3,1263.2,1985.2,1218.1,1985.3,1067.1,1965.9,965.5,1977.9,874.8,1972.5,731.8,1989.2,731.8,1989.2,877.4,1977.1,969.0,1984.1,1069.2,1973.3,1218.1,1985.3,1263.2,1985.2,1180.3,2051.7,1078.1,2084.7,973.0,2097.1,876.4,2091.3,774.6,2059.6,688.5,1992.7
506.0,8.417,687.5,1993.0,772.4,1917.1,870.1,1884.4,960.8,1904.9,1058.5,1880.8,1170.4,1920.4,1263.1,1985.3,1217.8,1985.7,1066.0,1966.8,964.8,1978.9,874.2,1973.4,730.6,1989.9,730.6,1989.9,876.9,1977.4,968.3,1984.4,1068.4,1973.5,1217.8,1985.7,1263.1,1985.3,1179.8,2052.0,1077.1,2085.1,972.3,2097.7,875.8,2091.8,773.8,2060.4,687.5,1993.0
507.0,8.433,687.1,1993.0,771.7,1916.9,869.6,1884.4,960.2,1905.3,1058.0,1881.2,1170.0,1920.5,1262.8,1985.8,1217.5,1986.0,1065.6,1967.2,964.3,1979.1,873.8,1973.4,730.2,1990.0,730.2,1990.0,877.0,1978.0,968.4,1985.0,1068.5,1974.2,1217.5,1986.0,1262.8,1985.8,1179.9,2052.0,1077.2,2085.2,972.3,2097.8,875.9,2091.9,773.4,2060.6,687.1,1993.0
508.0,8.45,686.9,1993.5,772.0,1917.5,869.8,1885.2,960.4,1905.7,1058.0,1881.6,1169.8,1921.0,1262.7,1986.0,1217.4,1986.3,1065.5,1967.5,964.3,1979.8,873.8,1974.3,730.1,1990.4,730.1,1990.4,876.4,1978.2,967.7,1985.2,1067.5,1974.3,1217.4,1986.3,1262.7,1986.0,1179.1,2053.0,1076.3,2085.8,971.6,2098.3,875.3,2092.4,773.3,2060.8,686.9,1993.5
509.0,8.467,687.2,1994.2,772.0,1918.0,869.5,1885.6,960.1,1906.1,1057.6,1881.8,1169.5,1921.0,1262.6,1985.9,1217.2,1985.9,1065.2,1967.6,964.2,1979.9,873.8,1974.6,730.5,1990.7,730.5,1990.7,876.8,1978.9,968.1,1985.8,1067.8,1974.9,1217.2,1985.9,1262.6,1985.9,1179.4,2053.0,1076.7,2086.5,972.1,2099.2,875.9,2093.4,773.9,2061.8,687.2,1994.2
510.0,8.483,685.7,1994.6,770.1,1917.7,867.5,1884.1,959.1,1904.8,1057.9,1880.7,1169.6,1920.6,1261.9,1986.8,1215.9,1987.2,1065.2,1967.4,963.0,1979.5,871.4,1974.1,728.9,1991.4,728.9,1991.4,873.4,1978.1,965.7,1985.1,1066.8,1974.0,1215.9,1987.2,1261.9,1986.8,1178.1,2052.9,1075.3,2086.2,969.3,2099.1,872.1,2093.0,771.0,2061.6,685.7,1994.6
511.0,8.5,686.4,1994.7,771.1,1918.3,868.9,1885.3,959.6,1906.1,1057.6,1881.8,1169.2,1921.5,1262.0,1987.1,1216.2,1987.4,1065.1,1968.6,963.6,1980.6,873.0,1975.2,729.5,1991.5,729.5,1991.5,875.5,1979.4,966.9,1986.3,1067.3,1975.2,1216.2,1987.4,1262.0,1987.1,1178.2,2053.7,1075.4,2087.4,970.3,2100.3,873.8,2094.4,772.1,2062.8,686.4,1994.7
512.0,8.517,685.7,1995.5,769.6,1918.1,867.0,1885.0,958.9,1905.8,1058.0,1881.6,1169.5,1921.8,1261.6,1988.1,1215.9,1988.1,1065.5,1968.4,962.8,1980.4,871.1,1974.9,728.9,1991.8,728.9,1991.8,873.7,1979.6,966.2,1986.6,1067.7,1975.4,1215.9,1988.1,1261.6,1988.1,1178.5,2053.8,1075.9,2087.5,969.6,2100.3,872.0,2094.4,770.6,2062.7,685.7,1995.5
513.0,8.533,683.1,1994.9,765.9,1916.6,863.1,1883.7,956.2,1904.7,1057.0,1880.6,1169.0,1921.3,1260.7,1988.7,1215.0,1988.3,1064.4,1967.6,960.1,1979.4,867.0,1973.7,726.2,1990.9,726.2,1990.9,869.6,1979.2,963.5,1986.4,1066.6,1975.2,1215.0,1988.3,1260.7,1988.7,1177.8,2054.0,1074.5,2087.6,966.5,2100.3,867.7,2093.9,766.6,2061.5,683.1,1994.9
514.0,8.55,681.7,1994.5,763.0,1914.9,859.9,1881.8,954.1,1903.3,1056.3,1879.3,1168.7,1920.7,1259.3,1989.8,1213.6,1989.0,1063.5,1967.6,957.8,1979.1,863.6,1972.9,724.7,1990.4,724.7,1990.4,866.0,1978.7,961.2,1986.4,1065.8,1975.5,1213.6,1989.0,1259.3,1989.8,1177.2,2054.8,1073.5,2088.6,964.0,2101.1,863.9,2094.2,763.6,2060.7,681.7,1994.5
515.0,8.567,680.0,1994.0,761.2,1914.7,857.7,1882.1,953.0,1903.8,1056.3,1879.8,1168.7,1921.3,1258.3,1990.3,1212.7,1989.3,1063.1,1967.9,956.3,1979.5,861.0,1972.9,723.1,1989.9,723.1,1989.9,863.2,1978.4,959.5,1986.5,1065.2,1975.7,1212.7,1989.3,1258.3,1990.3,1176.8,2055.9,1072.8,2089.8,962.1,2102.0,860.9,2094.5,761.1,2060.2,680.0,1994.0
516.0,8.583,679.4,1994.7,760.0,1914.8,855.9,1882.1,952.3,1903.7,1056.7,1879.4,1169.3,1921.3,1258.6,1990.0,1212.7,1989.3,1063.6,1969.1,955.6,1981.0,859.3,1974.6,722.8,1990.1,722.8,1990.1,860.3,1979.9,957.5,1988.3,1064.4,1977.0,1212.7,1989.3,1258.6,1990.0,1176.5,2057.9,1072.1,2093.8,960.1,2106.5,858.0,2098.7,759.4,2062.6,679.4,1994.7
517.0,8.6,676.6,1995.5,756.0,1917.5,853.1,1885.3,950.3,1907.4,1055.8,1883.1,1169.3,1923.2,1259.3,1990.5,1213.3,1990.8,1063.2,1973.6,954.3,1985.3,857.0,1978.4,719.8,1991.7,719.8,1991.7,858.4,1987.2,956.6,1995.4,1064.7,1983.6,1213.3,1990.8,1259.3,1990.5,1177.5,2061.7,1072.3,2101.7,959.0,2115.3,855.9,2107.6,755.8,2069.7,676.6,1995.5
518.0,8.617,674.5,1996.2,752.6,1918.9,849.7,1886.0,947.2,1908.0,1053.6,1883.9,1166.8,1924.3,1256.7,1991.3,1210.5,1993.1,1060.3,1971.1,950.8,1982.8,853.3,1975.8,716.5,1993.0,716.5,1993.0,852.8,2001.8,951.3,2010.5,1060.4,1997.9,1210.5,1993.1,1256.7,1991.3,1172.8,2069.5,1066.6,2113.3,952.4,2127.6,849.0,2119.2,750.3,2077.5,674.5,1996.2
519.0,8.633,667.9,1996.5,748.2,1916.3,849.9,1879.4,941.9,1900.2,1041.0,1877.5,1158.7,1920.1,1255.7,1990.9,1208.0,1995.3,1047.7,1964.3,945.9,1975.4,853.6,1969.5,709.4,1995.2,709.4,1995.2,849.8,2018.6,943.4,2026.6,1045.6,2015.2,1208.0,1995.3,1255.7,1990.9,1162.8,2086.5,1051.2,2133.2,943.7,2146.6,845.1,2138.7,743.6,2093.0,667.9,1996.5
520.0,8.65,660.8,2006.9,744.3,1913.6,854.3,1859.4,936.3,1881.6,1017.7,1856.3,1142.9,1911.8,1254.0,1997.4,1200.6,2003.5,1028.0,1979.2,943.9,1988.4,861.2,1985.6,708.3,2006.8,708.3,2006.8,853.5,1986.8,936.5,1991.1,1020.8,1984.8,1200.6,2003.5,1254.0,1997.4,1148.1,2106.6,1031.6,2151.2,940.4,2162.3,850.5,2158.1,741.7,2116.7,660.8,2006.9
521.0,8.667,656.0,2013.5,740.4,1914.8,853.4,1855.7,934.9,1878.6,1015.5,1852.5,1141.4,1914.7,1250.4,2006.6,1196.8,2013.8,1025.4,1984.0,941.8,1992.7,859.6,1990.1,704.0,2014.9,704.0,2014.9,849.5,1991.1,932.2,1996.0,1015.8,1990.3,1196.8,2013.8,1250.4,2006.6,1143.8,2126.1,1026.3,2170.4,935.8,2181.2,845.3,2176.0,734.3,2131.9,656.0,2013.5
522.0,8.683,654.1,2009.0,730.7,1907.9,841.6,1847.6,925.4,1873.9,1008.5,1848.7,1134.2,1916.9,1238.3,2014.9,1184.5,2019.7,1016.3,1986.7,930.8,1992.3,845.9,1987.2,702.6,2009.1,702.6,2009.1,836.7,1992.6,922.2,2000.5,1008.3,1997.1,1184.5,2019.7,1238.3,2014.9,1134.9,2139.5,1017.6,2186.7,923.9,2195.8,830.6,2187.1,723.5,2134.8,654.1,2009.0
523.0,8.7,658.9,1998.3,725.0,1902.5,831.7,1851.3,917.5,1879.3,1005.4,1853.4,1127.0,1918.2,1224.0,2011.0,1174.0,2013.0,1012.7,1984.2,922.2,1990.1,835.7,1982.2,706.3,1995.1,706.3,1995.1,832.0,2007.6,920.1,2017.7,1010.8,2012.5,1174.0,2013.0,1224.0,2011.0,1131.2,2143.0,1018.3,2196.7,920.4,2206.5,824.5,2195.1,719.4,2133.0,658.9,1998.3
524.0,8.717,651.8,1990.0,719.6,1902.2,827.2,1854.6,908.1,1882.9,991.1,1858.0,1113.1,1922.6,1214.8,2010.4,1165.4,2013.9,997.5,1986.0,912.2,1990.9,830.5,1982.0,697.4,1989.4,697.4,1989.4,825.1,2010.2,908.5,2020.9,994.1,2017.3,1165.4,2013.9,1214.8,2010.4,1114.6,2150.3,999.3,2201.9,906.5,2209.9,815.3,2197.2,710.4,2132.2,651.8,1990.0
525.0,8.733,647.6,1990.6,711.2,1904.3,817.0,1858.8,898.6,1888.4,983.8,1864.2,1104.5,1928.7,1204.5,2015.9,1155.8,2018.1,989.7,1988.3,902.3,1992.2,819.9,1981.8,692.1,1989.1,692.1,1989.1,815.8,2019.1,900.2,2031.0,988.1,2027.1,1155.8,2018.1,1204.5,2015.9,1106.0,2155.0,991.7,2207.6,896.9,2215.3,804.8,2201.0,701.9,2133.0,647.6,1990.6
526.0,8.75,638.2,1990.3,699.8,1910.4,806.8,1865.3,889.6,1896.7,979.4,1873.9,1098.6,1938.7,1197.8,2021.8,1149.8,2024.2,983.7,1986.9,892.2,1988.2,809.0,1975.4,678.6,1990.7,678.6,1990.7,806.8,2037.8,892.8,2051.5,985.4,2048.0,1149.8,2024.2,1197.8,2021.8,1098.7,2159.7,986.2,2215.3,886.9,2223.0,793.6,2207.4,690.2,2135.0,638.2,1990.3
527.0,8.767,632.6,1992.4,693.0,1913.6,796.4,1878.0,877.3,1907.3,966.0,1884.9,1085.1,1942.0,1184.3,2021.3,1139.5,2023.1,970.3,1984.7,879.9,1988.4,798.7,1976.0,671.5,1990.5,671.5,1990.5,800.0,2062.6,884.5,2076.1,975.9,2070.7,1139.5,2023.1,1184.3,2021.3,1089.0,2163.7,975.3,2220.1,878.0,2228.0,786.4,2212.3,683.7,2138.5,632.6,1992.4
528.0,8.783,618.8,1990.3,680.2,1916.0,780.8,1887.0,855.4,1915.9,937.9,1897.4,1063.4,1950.1,1175.1,2028.0,1130.8,2028.5,940.8,1989.2,857.2,1990.7,781.4,1977.9,655.4,1988.7,655.4,1988.7,784.7,2070.5,863.5,2084.1,948.7,2081.5,1130.8,2028.5,1175.1,2028.0,1067.0,2165.0,943.9,2214.5,853.3,2218.4,768.3,2201.5,669.7,2128.1,618.8,1990.3
529.0,8.8,581.7,2001.4,643.6,1920.2,751.6,1872.8,823.5,1903.7,901.2,1885.2,1029.6,1953.5,1157.2,2041.6,1104.4,2042.8,907.9,2007.6,829.4,2004.5,755.6,1993.2,623.8,2002.6,623.8,2002.6,750.0,2022.7,825.5,2032.8,906.0,2033.3,1104.4,2042.8,1157.2,2041.6,1028.2,2163.4,902.6,2205.5,816.4,2207.7,733.8,2195.5,632.7,2132.7,581.7,2001.4
530.0,8.817,575.1,1998.0,639.0,1924.1,746.6,1879.3,811.1,1909.1,879.8,1891.6,1008.2,1957.7,1143.7,2042.7,1089.9,2042.9,884.2,2010.5,815.0,2007.4,748.2,1996.7,618.5,1999.4,618.5,1999.4,743.9,2021.5,811.9,2030.8,882.9,2032.3,1089.9,2042.9,1143.7,2042.7,1005.4,2160.0,877.8,2198.2,800.9,2199.1,726.5,2188.0,627.8,2127.2,575.1,1998.0
531.0,8.833,565.6,1996.1,628.9,1929.2,736.1,1888.0,799.8,1918.3,868.4,1902.4,995.4,1966.3,1129.2,2045.6,1077.4,2045.3,871.2,2014.8,802.5,2010.6,736.2,1998.6,608.9,1997.7,608.9,1997.7,733.2,2028.1,800.8,2038.8,871.4,2040.9,1077.4,2045.3,1129.2,2045.6,992.2,2161.5,866.7,2199.4,790.0,2199.4,716.4,2187.3,618.3,2123.8,565.6,1996.1
532.0,8.85,556.2,1992.8,619.7,1934.0,725.8,1895.7,785.6,1926.0,849.2,1910.8,976.6,1972.8,1117.2,2047.1,1065.5,2046.1,850.9,2019.3,787.6,2014.5,725.0,2001.9,599.2,1994.9,599.2,1994.9,724.3,2026.8,788.0,2037.4,852.9,2041.5,1065.5,2046.1,1117.2,2047.1,974.7,2160.5,848.4,2195.2,777.0,2193.3,707.8,2181.6,610.7,2118.6,556.2,1992.8
533.0,8.867,548.9,1994.8,610.1,1936.4,715.1,1898.9,776.3,1929.6,843.0,1914.0,968.3,1976.1,1104.8,2050.1,1054.5,2048.2,844.8,2021.2,778.2,2016.5,714.4,2003.1,591.8,1997.0,591.8,1997.0,717.2,2024.5,782.6,2035.9,850.3,2039.7,1054.5,2048.2,1104.8,2050.1,969.0,2159.1,846.6,2192.0,772.6,2190.1,701.7,2178.3,603.5,2117.1,548.9,1994.8
534.0,8.883,544.0,1998.6,604.8,1940.5,708.0,1903.4,767.2,1932.9,830.0,1917.7,956.8,1978.6,1096.7,2052.5,1046.2,2052.4,831.4,2022.1,769.2,2018.3,707.3,2006.0,585.8,2000.7,585.8,2000.7,705.7,2044.8,768.7,2055.7,832.7,2058.9,1046.2,2052.4,1096.7,2052.5,954.6,2171.9,827.9,2209.1,757.4,2207.9,688.8,2195.5,594.8,2129.9,544.0,1998.6
535.0,8.9,546.3,2003.9,606.8,1944.2,703.5,1916.4,761.5,1943.0,824.8,1928.5,952.4,1981.6,1093.4,2053.2,1045.2,2052.4,826.2,2017.3,762.6,2015.9,702.3,2004.5,585.9,2004.0,585.9,2004.0,699.5,2070.0,761.3,2080.8,826.6,2081.1,1045.2,2052.4,1093.4,2053.2,950.5,2171.7,819.5,2206.6,749.5,2205.7,683.3,2192.5,594.2,2128.6,546.3,2003.9
536.0,8.917,542.9,2001.8,602.3,1943.7,697.6,1917.1,755.6,1944.2,818.3,1929.9,945.8,1982.8,1087.9,2053.9,1039.7,2052.6,819.8,2020.7,757.0,2018.9,696.6,2006.9,582.9,2002.3,582.9,2002.3,695.5,2063.4,757.4,2074.3,822.1,2075.2,1039.7,2052.6,1087.9,2053.9,945.8,2170.2,815.8,2203.4,746.2,2201.9,680.1,2188.5,591.2,2125.5,542.9,2001.8
537.0,8.933,544.9,1998.9,606.8,1945.3,701.4,1918.2,755.7,1945.1,812.7,1929.9,940.3,1982.6,1086.6,2050.8,1037.3,2048.8,814.7,2027.7,757.3,2026.2,700.4,2014.9,586.1,2000.1,586.1,2000.1,700.4,2037.8,758.2,2047.8,817.0,2049.9,1037.3,2048.8,1086.6,2050.8,941.3,2159.8,812.0,2187.0,748.1,2184.7,686.0,2172.1,597.7,2114.4,544.9,1998.9
538.0,8.95,536.2,1995.3,598.4,1948.4,697.8,1917.7,752.2,1946.1,811.3,1931.6,936.5,1987.9,1080.6,2049.7,1031.4,2052.1,811.3,2025.7,752.5,2022.1,695.5,2010.0,574.3,1998.1,574.3,1998.1,685.8,2063.9,743.3,2075.8,803.6,2078.6,1031.4,2052.1,1080.6,2049.7,925.8,2176.9,795.2,2217.0,729.0,2215.5,666.4,2201.3,580.4,2129.3,536.2,1995.3
539.0,8.967,537.5,2003.2,597.0,1943.7,691.7,1916.6,747.8,1942.7,808.6,1928.3,938.4,1980.9,1084.2,2052.8,1035.4,2052.1,810.6,2018.5,749.7,2016.5,691.4,2005.8,576.9,2003.7,576.9,2003.7,688.3,2069.3,748.1,2079.4,811.3,2080.3,1035.4,2052.1,1084.2,2052.8,936.9,2171.0,804.0,2206.1,736.3,2204.6,672.1,2192.0,584.7,2127.9,537.5,2003.2
540.0,8.983,540.8,2004.4,601.1,1945.6,695.6,1916.9,750.7,1942.6,809.8,1927.4,937.8,1980.3,1081.8,2050.0,1032.7,2050.4,811.6,2020.4,752.0,2019.1,694.9,2009.2,580.4,2004.6,580.4,2004.6,687.1,2069.8,745.3,2080.0,806.7,2080.4,1032.7,2050.4,1081.8,2050.0,932.3,2172.9,799.3,2210.5,733.2,2209.9,670.5,2197.1,585.6,2131.3,540.8,2004.4
541.0,9.0,542.3,2000.4,601.8,1944.6,696.9,1915.9,752.0,1942.4,811.5,1927.2,938.4,1979.9,1082.2,2047.1,1032.5,2047.4,812.6,2020.9,752.8,2019.1,695.6,2008.7,581.8,2000.2,581.8,2000.2,687.6,2066.6,745.7,2077.5,807.3,2078.1,1032.5,2047.4,1082.2,2047.1,932.0,2169.8,799.5,2209.6,732.9,2209.2,670.2,2196.0,586.3,2128.3,542.3,2000.4
542.0,9.017,543.5,2001.4,603.9,1944.0,698.3,1916.0,753.1,1941.8,812.8,1926.5,940.2,1977.9,1084.6,2045.7,1035.6,2046.4,814.2,2017.8,754.2,2016.6,697.3,2006.6,582.6,2001.3,582.6,2001.3,689.1,2070.8,747.1,2081.2,808.9,2081.2,1035.6,2046.4,1084.6,2045.7,934.3,2168.9,801.0,2208.7,734.5,2208.6,672.1,2195.8,587.8,2129.2,543.5,2001.4
543.0,9.033,544.8,2002.6,606.0,1943.3,700.3,1912.8,755.6,1938.7,814.4,1922.8,941.7,1975.5,1086.3,2044.9,1035.9,2045.4,816.6,2021.0,757.5,2019.7,699.9,2010.2,585.4,2002.5,585.4,2002.5,690.9,2056.5,749.2,2066.1,810.3,2066.6,1035.9,2045.4,1086.3,2044.9,936.1,2163.9,803.5,2201.9,737.5,2201.6,674.8,2189.6,590.7,2126.2,544.8,2002.6
544.0,9.05,547.1,1999.7,610.9,1944.5,705.4,1915.2,759.8,1941.1,817.5,1925.2,944.6,1976.7,1090.3,2043.0,1040.1,2043.7,818.9,2021.5,760.8,2020.8,703.9,2011.1,587.5,2000.1,587.5,2000.1,695.1,2052.2,752.3,2062.0,812.1,2062.5,1040.1,2043.7,1090.3,2043.0,938.1,2160.1,805.2,2196.2,740.3,2195.9,678.6,2183.6,594.9,2120.9,547.1,1999.7
545.0,9.067,548.3,2000.5,611.2,1944.2,705.9,1914.1,760.9,1939.8,818.8,1923.9,945.0,1976.1,1089.9,2043.7,1039.7,2043.6,821.2,2020.6,762.9,2019.9,705.5,2010.1,589.0,2001.0,589.0,2001.0,700.3,2043.5,758.3,2052.5,818.3,2053.1,1039.7,2043.6,1089.9,2043.7,942.4,2155.5,812.8,2187.6,747.8,2187.1,685.4,2175.8,598.8,2117.7,548.3,2000.5
546.0,9.083,556.7,1997.8,619.0,1944.0,709.7,1918.9,762.3,1943.6,817.6,1929.9,946.1,1977.6,1095.2,2043.4,1045.8,2041.7,818.4,2015.2,762.6,2014.2,707.5,2004.5,595.7,1997.3,595.7,1997.3,704.1,2051.9,759.8,2061.2,817.4,2062.5,1045.8,2041.7,1095.2,2043.4,943.2,2149.4,810.3,2177.2,748.0,2174.9,689.0,2163.0,606.9,2105.7,556.7,1997.8
547.0,9.1,550.4,1998.6,615.9,1943.9,709.4,1914.8,763.9,1939.5,820.3,1924.3,948.6,1974.7,1096.3,2041.1,1045.7,2041.2,822.1,2018.2,765.2,2018.1,708.1,2008.9,590.9,1999.6,590.9,1999.6,700.5,2040.7,757.9,2049.6,816.5,2050.6,1045.7,2041.2,1096.3,2041.1,943.8,2150.7,811.1,2179.8,747.3,2178.6,686.1,2167.2,602.1,2110.7,550.4,1998.6
548.0,9.117,557.2,1999.9,621.7,1944.5,713.2,1917.0,767.5,1941.9,824.4,1927.4,950.4,1976.0,1094.1,2042.0,1044.8,2039.8,824.9,2014.5,767.3,2014.0,710.4,2004.6,596.9,1998.8,596.9,1998.8,706.1,2041.8,763.1,2051.5,822.0,2052.8,1044.8,2039.8,1094.1,2042.0,946.2,2143.1,816.4,2169.7,752.3,2167.8,691.8,2155.8,610.0,2100.9,557.2,1999.9
549.0,9.133,560.5,1995.5,623.1,1941.6,718.9,1912.1,777.2,1939.1,840.4,1921.6,963.5,1973.5,1097.7,2037.5,1048.9,2035.9,842.0,2013.7,777.6,2013.6,717.9,2003.2,599.3,1993.6,599.3,1993.6,717.2,2038.7,777.7,2049.8,842.1,2051.4,1048.9,2035.9,1097.7,2037.5,960.2,2145.4,836.5,2177.7,766.6,2177.0,701.3,2164.2,613.8,2103.8,560.5,1995.5
550.0,9.15,564.7,2000.5,624.2,1942.7,718.7,1910.8,780.1,1937.6,846.5,1918.8,971.5,1970.1,1104.8,2035.3,1055.0,2034.9,851.1,2013.3,782.5,2014.8,720.5,2005.1,601.0,1998.1,601.0,1998.1,719.6,2039.4,782.4,2049.9,850.9,2049.3,1055.0,2034.9,1104.8,2035.3,969.1,2144.1,844.6,2178.4,771.0,2179.9,702.7,2167.0,615.7,2107.7,564.7,2000.5
551.0,9.167,557.7,1999.5,623.0,1941.1,717.0,1911.9,773.5,1936.7,833.1,1921.1,961.4,1971.6,1106.8,2039.0,1056.1,2040.0,837.0,2015.6,776.4,2016.0,717.7,2007.1,596.7,2000.3,596.7,2000.3,709.3,2043.5,768.5,2051.8,831.1,2051.3,1056.1,2040.0,1106.8,2039.0,957.0,2150.2,824.8,2181.1,757.7,2181.3,694.1,2169.8,608.3,2113.4,557.7,1999.5
552.0,9.183,561.0,1999.4,627.8,1941.3,721.8,1911.0,776.9,1935.6,834.3,1920.2,962.5,1970.6,1110.1,2038.7,1058.5,2038.6,837.1,2014.0,779.0,2014.0,721.4,2005.3,601.1,2000.0,601.1,2000.0,714.8,2034.9,772.7,2042.9,832.7,2043.4,1058.5,2038.6,1110.1,2038.7,958.8,2142.6,827.1,2170.3,762.2,2169.7,700.3,2159.2,614.9,2106.5,561.0,1999.4
553.0,9.2,559.4,1996.2,625.1,1938.9,721.3,1906.7,779.9,1933.0,841.7,1916.5,967.2,1969.0,1108.4,2035.5,1057.4,2036.6,843.9,2015.2,781.3,2015.3,720.3,2005.5,600.5,1996.5,600.5,1996.5,710.7,2038.4,771.8,2048.2,835.6,2048.4,1057.4,2036.6,1108.4,2035.5,960.1,2149.2,830.3,2185.1,760.9,2185.6,695.3,2173.7,609.7,2113.5,559.4,1996.2
554.0,9.217,565.1,1997.3,631.1,1938.1,726.8,1905.0,782.0,1930.6,838.8,1914.6,965.8,1967.0,1110.9,2036.8,1059.5,2034.7,840.7,2013.2,783.1,2012.7,725.3,2003.9,607.3,1996.4,607.3,1996.4,722.2,2021.3,780.1,2029.8,838.7,2031.6,1059.5,2034.7,1110.9,2036.8,963.9,2136.7,834.8,2163.4,770.6,2162.1,708.6,2152.0,621.6,2099.8,565.1,1997.3
555.0,9.233,571.7,1991.9,635.0,1935.6,733.0,1902.8,795.5,1931.0,864.3,1911.0,983.3,1966.1,1111.2,2031.5,1062.2,2030.6,865.1,2009.7,794.5,2010.8,731.1,1999.8,611.8,1989.3,611.8,1989.3,728.6,2028.8,792.7,2040.6,862.4,2040.9,1062.2,2030.6,1111.2,2031.5,977.4,2141.3,856.5,2177.7,781.0,2179.0,711.6,2165.9,623.0,2104.0,571.7,1991.9
556.0,9.25,575.9,1997.1,635.4,1936.9,731.0,1903.9,796.6,1931.2,868.4,1911.5,990.4,1964.2,1116.0,2030.3,1067.4,2029.5,872.3,2005.9,798.1,2008.0,732.0,1997.8,612.8,1993.3,612.8,1993.3,731.4,2042.6,798.4,2054.0,872.0,2052.0,1067.4,2029.5,1116.0,2030.3,987.8,2142.1,865.9,2181.3,787.1,2184.1,714.3,2170.7,626.0,2108.2,575.9,1997.1
557.0,9.267,580.1,1997.0,637.5,1935.3,732.0,1902.6,797.2,1930.3,869.0,1910.4,991.1,1962.5,1116.6,2029.1,1067.7,2028.9,874.1,2007.7,800.1,2009.5,734.6,1999.1,616.4,1993.6,616.4,1993.6,734.6,2042.1,801.5,2053.1,875.4,2050.9,1067.7,2028.9,1116.6,2029.1,990.1,2143.1,869.0,2184.8,790.2,2188.2,717.2,2174.7,629.0,2111.0,580.1,1997.0
558.0,9.283,559.8,1999.9,625.7,1933.8,723.1,1898.1,784.2,1923.6,847.9,1905.6,975.9,1959.9,1118.2,2033.0,1065.2,2035.2,853.6,2012.4,789.3,2013.2,726.2,2004.7,601.4,2000.8,601.4,2000.8,715.6,2030.6,779.3,2038.2,845.9,2037.3,1065.2,2035.2,1118.2,2033.0,972.5,2149.1,842.3,2186.0,770.6,2188.1,701.8,2178.3,611.9,2122.4,559.8,1999.9
559.0,9.3,561.9,1996.6,626.6,1935.1,725.4,1896.2,785.6,1924.1,849.1,1907.1,974.5,1964.8,1114.9,2036.5,1062.2,2036.6,851.6,2014.2,787.6,2012.7,725.0,2002.5,603.9,1996.8,603.9,1996.8,718.5,2017.9,781.3,2027.4,846.4,2029.3,1062.2,2036.6,1114.9,2036.5,969.4,2142.6,842.3,2176.6,771.1,2176.8,703.3,2165.7,615.1,2109.2,561.9,1996.6
560.0,9.317,563.1,1999.5,627.9,1935.4,727.9,1895.8,787.0,1923.5,848.9,1906.6,974.2,1965.4,1114.8,2039.7,1062.6,2038.4,852.0,2013.6,789.5,2011.5,728.2,2001.8,605.7,1999.5,605.7,1999.5,725.7,2012.3,787.5,2020.8,850.8,2023.3,1062.6,2038.4,1114.8,2039.7,972.4,2139.2,847.7,2168.7,778.3,2168.2,711.5,2158.5,619.7,2105.9,563.1,1999.5
561.0,9.333,565.1,1995.2,626.5,1936.5,727.0,1894.6,790.3,1924.4,858.8,1908.2,980.6,1969.1,1112.8,2039.3,1060.6,2039.2,860.0,2016.1,791.4,2012.6,725.7,2000.7,607.7,1995.6,607.7,1995.6,721.6,2022.7,787.9,2034.2,857.9,2036.2,1060.6,2039.2,1112.8,2039.3,975.8,2147.2,854.3,2186.6,777.8,2187.3,706.2,2175.0,616.8,2113.4,565.1,1995.2
562.0,9.35,581.6,1995.9,641.2,1935.3,737.5,1905.0,801.8,1932.2,872.5,1913.9,996.0,1964.7,1122.6,2032.2,1074.6,2031.5,876.3,2004.9,803.6,2006.6,738.5,1996.1,618.2,1992.7,618.2,1992.7,739.1,2051.4,805.5,2062.6,878.3,2060.5,1074.6,2031.5,1122.6,2032.2,994.4,2146.3,871.0,2185.2,793.2,2187.7,721.3,2173.8,631.7,2110.2,581.6,1995.9
563.0,9.367,563.4,2000.0,626.4,1933.4,726.3,1893.8,786.9,1920.7,850.4,1902.3,977.2,1960.5,1118.2,2035.5,1065.1,2036.4,856.1,2014.8,791.6,2014.7,729.2,2006.0,605.7,2000.1,605.7,2000.1,722.3,2021.4,785.3,2029.2,851.2,2028.7,1065.1,2036.4,1118.2,2035.5,974.8,2147.8,847.5,2183.6,776.3,2185.7,707.7,2176.0,615.5,2120.2,563.4,2000.0
564.0,9.383,565.1,1997.3,629.9,1936.1,731.6,1896.4,790.4,1924.5,852.7,1907.9,977.8,1966.9,1118.0,2039.9,1066.1,2039.1,856.3,2013.7,793.4,2011.2,732.5,2000.9,606.9,1998.5,606.9,1998.5,732.2,2011.8,794.0,2020.3,857.8,2022.7,1066.1,2039.1,1118.0,2039.9,977.7,2139.7,855.0,2168.2,785.3,2167.7,718.2,2158.1,623.5,2105.9,565.1,1997.3
565.0,9.4,565.0,1995.2,627.3,1936.0,728.0,1895.0,790.0,1924.7,856.6,1908.5,979.7,1968.7,1113.8,2039.4,1062.1,2040.0,858.1,2016.7,791.5,2013.1,727.0,2001.4,607.4,1996.4,607.4,1996.4,721.4,2027.4,786.4,2038.7,854.4,2040.9,1062.1,2040.0,1113.8,2039.4,974.2,2150.9,851.1,2191.1,776.4,2191.7,706.3,2179.6,616.2,2116.8,565.0,1995.2
566.0,9.417,579.5,1998.0,635.8,1936.3,732.2,1906.1,797.7,1933.4,870.3,1915.3,994.0,1967.0,1118.9,2035.0,1071.8,2034.0,874.1,2002.6,799.5,2003.9,733.5,1993.0,615.6,1994.0,615.6,1994.0,735.0,2067.9,802.8,2079.8,877.6,2077.2,1071.8,2034.0,1118.9,2035.0,993.4,2154.9,870.1,2197.4,790.4,2200.0,717.2,2185.6,626.9,2117.6,579.5,1998.0
567.0,9.433,563.0,2003.5,626.5,1937.0,723.8,1902.2,786.2,1928.8,853.3,1911.1,978.9,1965.5,1115.4,2037.9,1064.6,2038.9,856.3,2012.3,787.8,2013.1,723.7,2003.9,603.8,2001.4,603.8,2001.4,713.3,2052.4,777.8,2062.3,847.3,2060.2,1064.6,2038.9,1115.4,2037.9,971.4,2157.8,840.5,2199.4,765.9,2201.9,696.3,2189.7,609.5,2126.7,563.0,2003.5
568.0,9.45,562.9,1997.7,623.2,1937.1,723.8,1894.9,787.2,1925.1,855.4,1908.3,978.7,1969.2,1112.3,2040.6,1059.9,2040.9,857.3,2017.9,789.1,2014.3,723.5,2002.5,605.2,1998.0,605.2,1998.0,719.0,2028.5,785.2,2039.9,854.9,2042.0,1059.9,2040.9,1112.3,2040.6,974.4,2152.7,852.1,2195.3,775.6,2196.5,703.9,2184.5,614.0,2120.9,562.9,1997.7
569.0,9.467,579.6,1999.0,635.1,1936.2,730.1,1907.6,797.0,1935.3,870.8,1917.0,994.6,1966.8,1118.2,2035.2,1071.3,2034.0,874.8,2005.5,799.0,2007.2,731.6,1996.0,616.1,1994.5,616.1,1994.5,733.9,2067.6,803.0,2079.8,878.9,2077.1,1071.3,2034.0,1118.2,2035.2,995.2,2155.1,872.2,2199.0,791.1,2201.9,716.6,2187.1,627.1,2119.0,579.6,1999.0
570.0,9.483,558.5,2002.8,624.1,1937.7,723.3,1901.3,784.8,1928.1,849.8,1910.1,977.3,1966.2,1118.2,2038.3,1066.3,2040.1,853.2,2015.1,786.9,2015.6,723.8,2006.5,599.3,2002.1,599.3,2002.1,712.3,2047.5,775.6,2056.9,842.9,2056.2,1066.3,2040.1,1118.2,2038.3,969.1,2160.2,836.6,2201.5,763.8,2203.7,695.1,2192.0,606.9,2128.9,558.5,2002.8
571.0,9.5,562.8,2001.8,624.9,1937.8,724.3,1896.8,786.8,1925.6,853.0,1908.5,979.0,1967.4,1116.3,2039.6,1063.8,2040.1,855.5,2018.5,788.9,2015.9,724.2,2005.7,605.5,2000.9,605.5,2000.9,716.6,2035.0,781.5,2045.4,849.6,2046.7,1063.8,2040.1,1116.3,2039.6,973.4,2154.1,845.9,2197.7,771.3,2199.2,701.1,2187.4,613.2,2123.8,562.8,2001.8
572.0,9.517,562.4,2001.9,625.4,1938.0,725.8,1897.8,787.6,1926.3,852.7,1909.1,978.1,1967.4,1115.1,2041.0,1062.8,2041.1,855.2,2018.9,789.8,2017.0,725.5,2006.6,605.8,2001.7,605.8,2001.7,719.9,2028.4,784.5,2038.3,851.3,2039.8,1062.8,2041.1,1115.1,2041.0,974.4,2152.0,848.4,2190.9,775.1,2191.9,705.4,2180.7,615.2,2120.7,562.4,2001.9
573.0,9.533,567.9,2004.3,632.6,1939.6,730.3,1903.4,790.9,1930.6,854.8,1913.6,979.8,1968.4,1117.1,2042.9,1066.1,2039.3,857.0,2015.6,792.2,2015.0,729.2,2005.0,611.5,2002.4,611.5,2002.4,730.4,2017.7,794.0,2027.0,859.3,2028.5,1066.1,2039.3,1117.1,2042.9,981.3,2137.1,857.3,2164.0,786.0,2163.5,718.1,2153.2,626.9,2103.3,567.9,2004.3
574.0,9.55,573.7,1997.9,635.7,1933.7,733.8,1903.5,797.4,1931.3,866.5,1913.3,990.4,1966.3,1118.0,2038.7,1070.0,2035.7,868.1,2008.6,797.5,2008.8,732.6,1997.9,614.8,1994.1,614.8,1994.1,732.9,2044.9,799.2,2056.6,869.9,2057.1,1070.0,2035.7,1118.0,2038.7,989.2,2149.8,865.0,2185.4,788.7,2185.4,717.7,2172.0,626.4,2110.0,573.7,1997.9
575.0,9.567,579.3,1999.7,635.8,1938.8,733.1,1903.9,800.8,1933.0,875.6,1913.1,996.2,1968.5,1117.9,2036.5,1069.5,2035.3,879.2,2009.2,802.4,2010.0,734.4,1998.2,616.4,1995.9,616.4,1995.9,735.3,2049.7,804.9,2062.0,881.5,2060.4,1069.5,2035.3,1117.9,2036.5,994.7,2151.6,876.0,2193.8,793.8,2196.9,718.5,2182.5,628.1,2116.5,579.3,1999.7
576.0,9.583,581.9,1998.8,636.9,1937.2,733.1,1903.0,801.7,1932.8,878.7,1912.6,999.2,1968.2,1118.4,2035.6,1070.8,2035.2,883.1,2010.6,804.0,2011.5,735.1,1999.3,617.5,1995.5,617.5,1995.5,735.7,2052.5,806.3,2065.4,885.3,2063.3,1070.8,2035.2,1118.4,2035.6,997.3,2154.9,878.6,2200.2,794.4,2203.8,717.4,2188.5,627.8,2119.1,581.9,1998.8
577.0,9.6,583.0,1998.2,638.0,1935.8,734.9,1901.1,804.4,1931.3,882.1,1911.4,1002.1,1967.9,1118.9,2035.9,1071.8,2035.7,887.0,2012.0,807.4,2012.3,737.3,1999.7,619.1,1995.7,619.1,1995.7,738.7,2049.4,810.6,2062.4,890.3,2060.5,1071.8,2035.7,1118.9,2035.9,1001.7,2157.1,884.7,2202.6,799.7,2206.1,721.2,2190.6,629.5,2121.3,583.0,1998.2
578.0,9.617,582.6,1998.0,637.4,1935.0,734.4,1899.9,802.5,1930.0,878.1,1909.9,999.3,1966.8,1118.9,2035.6,1071.6,2035.5,882.9,2010.6,805.3,2010.8,736.8,1998.3,618.4,1995.5,618.4,1995.5,738.5,2051.9,809.1,2064.7,886.6,2063.6,1071.6,2035.5,1118.9,2035.6,999.5,2160.1,881.1,2205.8,798.1,2208.8,721.0,2193.5,629.1,2123.6,582.6,1998.0
579.0,9.633,561.3,2001.5,622.8,1935.2,726.0,1889.5,786.5,1918.4,849.9,1899.8,975.1,1963.9,1113.3,2040.3,1059.9,2042.6,855.4,2016.6,791.5,2014.4,729.3,2004.4,602.3,2002.9,602.3,2002.9,723.5,2026.1,786.7,2034.5,852.0,2036.1,1059.9,2042.6,1113.3,2040.3,971.7,2162.2,848.2,2202.0,776.9,2203.4,707.1,2193.4,612.2,2132.5,561.3,2001.5
580.0,9.65,562.3,2000.0,624.2,1935.8,726.8,1891.2,787.1,1919.6,850.1,1901.5,974.7,1963.6,1113.3,2039.1,1060.1,2040.7,854.3,2015.2,791.0,2013.6,728.7,2003.5,604.7,2001.1,604.7,2001.1,724.4,2023.3,787.5,2031.7,852.2,2032.9,1060.1,2040.7,1113.3,2039.1,971.9,2155.0,849.0,2193.3,778.0,2194.9,708.9,2185.2,615.0,2126.2,562.3,2000.0
581.0,9.667,563.2,1995.2,625.8,1934.4,728.9,1892.1,788.4,1921.3,852.3,1904.5,975.5,1966.9,1112.3,2041.7,1060.2,2040.6,855.2,2013.5,790.7,2010.7,728.9,1999.4,605.2,1996.5,605.2,1996.5,729.8,2010.0,792.6,2019.1,858.0,2021.3,1060.2,2040.6,1112.3,2041.7,974.1,2143.6,853.9,2172.1,782.6,2171.7,714.2,2161.3,618.8,2107.3,563.2,1995.2
582.0,9.683,582.2,1990.1,639.0,1929.9,736.2,1902.7,796.4,1930.2,862.6,1912.9,986.6,1964.6,1114.8,2033.0,1068.4,2031.7,866.1,2000.9,797.9,2001.5,737.0,1990.3,617.9,1986.6,617.9,1986.6,740.0,2064.1,802.8,2075.4,871.3,2073.9,1068.4,2031.7,1114.8,2033.0,986.0,2158.0,861.9,2196.9,788.8,2197.8,720.4,2183.1,628.8,2114.3,582.2,1990.1
583.0,9.7,559.2,1993.9,621.4,1931.9,725.1,1887.4,785.5,1916.6,849.0,1898.9,973.7,1963.1,1111.4,2037.4,1058.0,2038.7,852.9,2015.0,788.8,2012.3,726.4,2001.8,601.0,1995.2,601.0,1995.2,720.9,2019.0,784.0,2028.3,849.5,2029.8,1058.0,2038.7,1111.4,2037.4,968.6,2154.9,844.9,2192.5,773.3,2193.5,704.1,2182.6,610.1,2121.3,559.2,1993.9
584.0,9.717,559.8,1994.0,622.7,1932.6,724.9,1891.6,784.5,1920.2,847.6,1902.9,971.6,1964.1,1110.5,2038.5,1057.9,2037.3,850.7,2011.6,787.1,2009.4,725.4,1998.6,602.0,1994.6,602.0,1994.6,725.1,2010.8,787.8,2019.6,852.3,2021.6,1057.9,2037.3,1110.5,2038.5,970.4,2142.5,848.7,2172.2,778.2,2172.2,710.2,2162.2,615.5,2108.1,559.8,1994.0
585.0,9.733,561.3,1990.2,623.4,1929.9,724.8,1888.4,785.6,1918.4,849.8,1901.4,974.0,1963.6,1110.1,2036.7,1057.7,2036.6,850.9,2016.2,786.8,2012.8,723.4,2001.2,604.8,1990.8,604.8,1990.8,718.4,2017.7,782.2,2028.5,847.9,2031.2,1057.7,2036.6,1110.1,2036.7,968.4,2151.2,844.0,2190.5,771.5,2190.9,702.3,2178.8,611.8,2115.5,561.3,1990.2
586.0,9.75,580.6,1992.5,638.4,1935.5,735.9,1902.3,803.7,1931.2,879.6,1911.7,996.3,1966.5,1113.1,2031.2,1066.1,2031.6,882.5,2004.3,804.5,2005.8,736.1,1993.6,616.7,1989.8,616.7,1989.8,734.5,2050.4,804.1,2063.1,881.9,2059.9,1066.1,2031.6,1113.1,2031.2,991.1,2148.7,874.5,2191.5,791.5,2195.5,716.0,2180.5,626.5,2113.3,580.6,1992.5
587.0,9.767,582.9,1993.6,634.2,1932.0,728.9,1897.8,801.4,1928.6,883.7,1907.5,999.6,1964.5,1110.9,2032.0,1064.1,2031.3,887.7,2006.6,803.2,2008.0,730.5,1994.6,618.9,1989.6,618.9,1989.6,731.0,2047.6,805.4,2061.6,889.5,2057.9,1064.1,2031.3,1110.9,2032.0,996.9,2150.4,882.9,2198.1,793.4,2203.2,712.6,2186.8,624.6,2116.0,582.9,1993.6
588.0,9.783,582.0,1993.5,635.6,1931.7,731.8,1898.7,800.6,1928.6,877.8,1908.9,997.3,1965.2,1113.3,2032.8,1066.9,2032.1,882.3,2006.4,803.0,2006.8,733.9,1994.1,617.8,1990.4,617.8,1990.4,736.7,2049.5,807.9,2062.7,887.1,2060.7,1066.9,2032.1,1113.3,2032.8,997.6,2154.3,881.2,2198.9,796.8,2202.3,719.1,2186.5,627.7,2116.8,582.0,1993.5
589.0,9.8,579.7,1993.9,635.1,1932.7,731.6,1901.5,798.3,1929.7,872.6,1910.2,996.1,1963.3,1118.5,2030.6,1071.3,2030.8,876.9,2002.9,800.5,2004.9,733.6,1993.3,614.7,1990.9,614.7,1990.9,735.7,2063.3,804.8,2075.9,881.3,2073.0,1071.3,2030.8,1118.5,2030.6,996.2,2158.7,873.9,2204.8,792.5,2208.6,717.1,2193.1,626.1,2122.3,579.7,1993.9
590.0,9.817,564.3,1993.8,626.6,1931.7,720.3,1903.9,784.9,1929.5,855.2,1913.0,982.9,1962.1,1119.5,2030.4,1069.1,2033.1,858.2,2004.8,786.9,2007.1,720.5,1996.6,602.9,1993.1,602.9,1993.1,707.7,2069.0,774.9,2079.9,848.7,2076.1,1069.1,2033.1,1119.5,2030.4,974.7,2160.0,840.5,2205.1,762.2,2208.4,690.7,2194.3,607.0,2126.6,564.3,1993.8
591.0,9.833,564.5,1988.8,624.9,1928.1,723.4,1889.2,788.2,1919.7,858.3,1902.5,983.1,1962.5,1116.8,2033.6,1064.9,2033.5,859.7,2012.0,788.8,2010.1,721.6,1997.8,606.0,1987.6,606.0,1987.6,713.7,2029.6,781.0,2042.1,852.9,2042.8,1064.9,2033.5,1116.8,2033.6,974.5,2150.7,846.7,2193.6,768.4,2194.9,695.8,2180.1,610.4,2112.2,564.5,1988.8
592.0,9.85,580.3,1985.7,638.0,1925.5,733.8,1902.5,798.0,1928.9,869.7,1912.9,997.1,1960.2,1125.0,2028.6,1079.3,2027.9,871.1,1989.0,797.6,1991.1,732.7,1979.3,614.7,1982.3,614.7,1982.3,735.2,2087.3,802.4,2100.2,876.8,2097.2,1079.3,2027.9,1125.0,2028.6,995.3,2159.3,865.8,2202.5,787.1,2204.4,715.1,2188.2,625.4,2114.9,580.3,1985.7
593.0,9.867,568.5,1989.2,629.6,1924.2,724.1,1895.2,792.3,1922.2,866.5,1905.6,994.6,1955.2,1127.6,2026.8,1077.1,2027.1,868.5,2002.3,793.3,2004.2,723.0,1993.2,609.6,1986.9,609.6,1986.9,713.4,2052.0,784.3,2064.1,861.6,2060.9,1077.1,2027.1,1127.6,2026.8,988.6,2147.6,855.2,2192.5,772.6,2195.9,697.6,2180.8,613.9,2114.1,568.5,1989.2
594.0,9.883,568.6,1987.1,631.4,1922.5,728.7,1887.6,796.9,1917.1,870.7,1899.2,995.8,1955.3,1126.5,2027.4,1075.5,2026.3,871.5,2006.0,796.6,2006.2,726.0,1994.4,612.2,1984.3,612.2,1984.3,718.2,2025.8,788.9,2038.6,864.5,2038.2,1075.5,2026.3,1126.5,2027.4,988.6,2141.3,859.7,2184.4,777.7,2186.5,702.2,2171.6,617.0,2106.0,568.6,1987.1
595.0,9.9,571.1,1989.1,635.7,1925.4,736.7,1896.2,810.8,1922.9,892.0,1902.9,1021.9,1950.6,1148.8,2018.7,1100.8,2019.0,896.6,1994.1,813.1,1999.1,738.5,1988.6,610.3,1985.7,610.3,1985.7,739.9,2056.8,816.3,2068.5,899.8,2063.8,1100.8,2019.0,1148.8,2018.7,1024.5,2141.6,895.5,2189.4,806.5,2195.1,724.6,2181.5,628.2,2114.6,571.1,1989.1
596.0,9.917,553.5,1998.0,629.5,1931.8,732.7,1898.0,804.5,1921.5,881.4,1903.0,1017.1,1952.3,1160.8,2023.1,1107.0,2027.3,888.2,2002.0,809.4,2007.0,735.8,1999.2,595.3,2000.9,595.3,2000.9,723.0,2026.1,796.9,2033.8,877.5,2030.2,1107.0,2027.3,1160.8,2023.1,1013.9,2130.3,875.2,2164.5,789.7,2169.0,711.2,2159.2,615.8,2108.9,553.5,1998.0
597.0,9.933,561.0,1995.1,639.1,1929.9,744.9,1896.2,823.5,1921.5,908.4,1899.7,1038.6,1948.4,1167.2,2016.0,1116.7,2017.9,912.9,1998.9,825.4,2006.0,745.7,1997.3,604.8,1994.1,604.8,1994.1,742.3,2022.0,822.4,2032.2,909.2,2028.0,1116.7,2017.9,1167.2,2016.0,1039.2,2122.7,909.9,2163.3,816.9,2169.4,731.4,2158.9,630.9,2104.7,561.0,1995.1
598.0,9.95,578.3,2000.1,648.8,1932.8,749.9,1902.5,835.4,1926.8,930.3,1904.5,1057.4,1948.3,1173.2,2012.7,1125.9,2013.2,937.2,1991.6,839.3,2000.1,753.9,1991.3,619.2,1996.7,619.2,1996.7,757.4,2039.6,844.6,2050.3,942.0,2041.9,1125.9,2013.2,1173.2,2012.7,1065.7,2114.6,944.1,2160.2,841.5,2169.7,748.9,2159.1,647.6,2104.3,578.3,2000.1
599.0,9.967,587.5,2003.2,662.3,1936.5,760.7,1905.9,846.8,1927.5,940.4,1904.4,1066.4,1944.2,1181.9,2005.6,1133.1,2008.2,947.6,1989.9,850.8,2001.6,764.8,1994.6,628.0,2000.6,628.0,2000.6,764.0,2029.5,851.0,2038.8,947.4,2029.1,1133.1,2008.2,1181.9,2005.6,1072.1,2102.6,950.9,2146.0,849.2,2157.1,757.1,2147.8,659.8,2099.2,587.5,2003.2
600.0,9.983,601.3,2007.5,673.5,1939.5,768.3,1909.9,857.9,1931.4,956.1,1906.8,1077.2,1944.1,1185.7,2003.8,1137.1,2004.6,964.6,1991.5,862.9,2004.4,773.9,1997.7,642.4,2002.8,642.4,2002.8,777.1,2022.5,867.2,2031.2,968.1,2019.3,1137.1,2004.6,1185.7,2003.8,1087.4,2088.9,973.6,2132.9,867.6,2146.3,772.5,2138.3,675.9,2094.4,601.3,2007.5
601.0,10.0,607.5,2006.8,684.7,1941.8,780.4,1912.6,869.4,1933.6,966.5,1908.7,1086.7,1943.8,1194.7,1999.2,1146.3,2001.0,975.6,1994.9,874.7,2008.4,786.1,2002.4,649.0,2003.0,649.0,2003.0,787.7,2013.4,877.0,2021.4,976.9,2009.3,1146.3,2001.0,1194.7,1999.2,1096.3,2081.2,983.3,2124.2,878.4,2137.9,783.9,2130.5,686.5,2089.0,607.5,2006.8
602.0,10.017,614.1,2005.6,694.5,1941.9,791.9,1913.8,878.0,1934.6,971.9,1909.3,1090.8,1943.5,1199.8,1997.2,1152.6,1998.3,981.4,1993.7,883.7,2007.1,798.2,2001.4,655.7,2001.9,655.7,2001.9,802.8,2007.7,889.1,2014.7,985.3,2003.3,1152.6,1998.3,1199.8,1997.2,1103.3,2075.5,992.4,2115.2,891.4,2128.4,799.7,2122.3,698.3,2084.3,614.1,2005.6
603.0,10.033,616.8,2003.4,699.8,1939.9,798.4,1912.1,883.4,1932.4,975.4,1907.5,1094.7,1940.8,1204.7,1994.0,1157.8,1995.2,985.0,1990.8,889.3,2004.1,804.8,1998.8,658.8,2000.3,658.8,2000.3,810.0,2003.4,895.4,2009.8,989.8,1998.9,1157.8,1995.2,1204.7,1994.0,1108.4,2071.7,997.9,2109.4,898.7,2122.1,808.0,2117.0,704.3,2081.5,616.8,2003.4
604.0,10.05,620.8,2002.8,705.0,1939.4,803.7,1911.4,888.9,1931.4,981.0,1906.3,1098.6,1939.0,1206.8,1991.6,1160.0,1993.3,990.6,1989.1,894.7,2002.7,810.2,1997.6,662.8,1999.9,662.8,1999.9,815.0,2000.9,900.5,2006.9,995.0,1995.6,1160.0,1993.3,1206.8,1991.6,1112.0,2068.2,1003.3,2105.9,904.1,2119.1,813.3,2114.5,709.3,2080.4,620.8,2002.8
605.0,10.067,623.7,2002.2,707.6,1936.9,805.9,1909.0,891.5,1929.0,984.0,1904.1,1100.9,1937.4,1207.8,1991.6,1161.2,1992.5,993.3,1986.3,897.1,1999.9,811.9,1994.7,665.8,1998.4,665.8,1998.4,816.7,1998.9,902.7,2004.9,997.4,1993.6,1161.2,1992.5,1207.8,1991.6,1113.8,2065.5,1005.4,2102.0,905.8,2114.9,814.8,2110.2,711.5,2076.4,623.7,2002.2
606.0,10.083,626.7,2003.0,711.5,1935.9,809.9,1907.1,895.9,1927.0,988.5,1901.7,1104.5,1935.8,1209.7,1991.4,1163.2,1992.2,997.7,1985.2,901.3,1998.7,815.8,1993.8,669.1,1999.1,669.1,1999.1,820.2,1996.3,906.5,2002.2,1001.4,1991.0,1163.2,1992.2,1209.7,1991.4,1117.2,2064.7,1009.8,2101.0,910.1,2114.0,818.7,2109.4,715.2,2076.3,626.7,2003.0
607.0,10.1,629.9,2003.2,715.1,1934.6,813.4,1905.7,899.5,1925.4,992.5,1900.3,1107.9,1935.1,1211.7,1991.7,1165.5,1992.5,1001.6,1984.0,904.9,1997.4,819.2,1992.6,672.5,1999.5,672.5,1999.5,823.0,1995.4,909.6,2001.2,1004.8,1989.9,1165.5,1992.5,1211.7,1991.7,1120.1,2064.2,1013.0,2099.2,913.1,2111.9,821.5,2107.4,718.0,2075.1,629.9,2003.2
608.0,10.117,635.1,2004.7,719.2,1934.2,817.3,1904.6,904.2,1924.4,998.0,1898.8,1111.8,1934.3,1213.4,1992.6,1167.6,1993.0,1007.2,1982.9,909.6,1996.3,823.3,1991.6,677.5,2000.6,677.5,2000.6,827.9,1995.7,915.0,2001.2,1011.1,1989.4,1167.6,1993.0,1213.4,1992.6,1124.5,2063.5,1019.4,2098.9,918.7,2112.3,826.4,2108.0,722.6,2076.5,635.1,2004.7
609.0,10.133,638.5,2007.6,722.5,1935.4,819.2,1905.6,907.3,1925.1,1002.1,1899.8,1115.4,1935.5,1214.2,1995.0,1168.6,1995.1,1011.0,1983.9,912.6,1997.4,824.8,1992.8,681.4,2003.2,681.4,2003.2,828.7,1994.4,917.3,2000.2,1014.3,1988.6,1168.6,1995.1,1214.2,1995.0,1127.7,2064.2,1023.5,2098.5,921.7,2111.6,828.1,2107.1,725.8,2076.2,638.5,2007.6
610.0,10.15,640.7,2009.9,723.3,1936.2,820.0,1905.3,908.7,1925.0,1004.1,1899.3,1116.8,1935.5,1213.7,1996.6,1168.2,1996.4,1013.2,1984.4,914.1,1998.0,825.9,1993.4,683.6,2005.1,683.6,2005.1,830.5,1996.5,919.6,2002.2,1017.4,1989.9,1168.2,1996.4,1213.7,1996.6,1129.7,2065.1,1026.5,2100.2,924.1,2113.8,829.8,2109.5,727.3,2078.8,640.7,2009.9
611.0,10.167,640.8,2012.2,724.0,1938.3,820.6,1906.6,909.4,1926.1,1004.4,1900.6,1116.9,1937.4,1213.8,1998.7,1168.1,1998.7,1013.5,1986.0,914.7,1999.6,826.3,1995.2,683.9,2007.6,683.9,2007.6,829.9,1996.0,919.1,2001.6,1016.3,1989.7,1168.1,1998.7,1213.8,1998.7,1129.0,2067.1,1026.1,2100.7,924.0,2113.9,829.8,2109.8,727.5,2079.9,640.8,2012.2
612.0,10.183,640.7,2014.0,723.2,1939.2,819.8,1907.3,907.5,1926.9,1001.5,1901.5,1114.3,1938.6,1211.9,2000.6,1166.2,2000.5,1010.5,1987.0,912.8,2000.2,825.5,1995.8,683.5,2009.2,683.5,2009.2,829.5,1998.4,917.7,2004.0,1014.0,1992.7,1166.2,2000.5,1211.9,2000.6,1126.9,2069.0,1023.4,2102.8,922.3,2115.6,829.1,2111.4,727.1,2081.3,640.7,2014.0
613.0,10.2,639.8,2015.7,722.9,1941.1,819.3,1909.6,907.4,1929.1,1001.9,1903.4,1114.3,1940.4,1211.2,2001.9,1165.7,2001.8,1011.1,1988.1,912.8,2001.6,825.2,1997.3,682.5,2011.2,682.5,2011.2,829.2,1999.9,917.8,2005.5,1014.5,1993.8,1165.7,2001.8,1211.2,2001.9,1127.0,2070.2,1024.0,2103.5,922.5,2116.6,828.9,2112.5,726.6,2082.7,639.8,2015.7
614.0,10.217,639.4,2018.6,722.6,1942.6,819.1,1910.0,907.6,1929.5,1002.3,1903.9,1114.8,1941.5,1211.7,2004.6,1165.9,2004.6,1011.3,1989.9,912.9,2003.3,824.8,1999.1,682.4,2014.2,682.4,2014.2,828.3,2000.1,917.2,2005.7,1014.2,1994.1,1165.9,2004.6,1211.7,2004.6,1127.1,2072.1,1023.9,2104.8,922.1,2117.7,828.1,2113.6,726.1,2084.6,639.4,2018.6
615.0,10.233,640.3,2019.6,722.8,1943.9,818.7,1911.9,907.5,1931.2,1002.7,1905.3,1114.7,1942.3,1210.6,2004.6,1165.1,2004.6,1011.9,1990.6,912.9,2004.3,824.7,2000.0,683.2,2015.0,683.2,2015.0,828.5,2002.9,917.7,2008.6,1015.2,1996.6,1165.1,2004.6,1210.6,2004.6,1127.5,2073.2,1025.1,2106.9,922.8,2120.2,828.6,2116.2,726.7,2086.7,640.3,2019.6
616.0,10.25,640.8,2021.3,723.3,1945.3,819.3,1913.2,907.7,1932.6,1002.4,1906.8,1114.2,1944.5,1210.6,2007.2,1165.0,2006.8,1011.4,1991.9,912.8,2005.4,825.0,2001.2,683.6,2016.2,683.6,2016.2,828.6,2003.8,917.3,2009.5,1014.2,1997.8,1165.0,2006.8,1210.6,2007.2,1126.3,2074.8,1023.6,2107.8,921.9,2120.8,828.2,2116.6,726.7,2086.9,640.8,2021.3
617.0,10.267,640.4,2022.6,723.1,1946.6,819.2,1914.0,907.8,1933.7,1002.5,1908.0,1114.9,1945.8,1211.5,2008.9,1165.7,2008.5,1011.5,1993.9,912.9,2007.3,824.9,2003.0,683.4,2017.6,683.4,2017.6,828.5,2004.4,917.4,2010.1,1014.4,1998.5,1165.7,2008.5,1211.5,2008.9,1127.0,2076.2,1023.9,2109.4,922.1,2122.3,828.1,2118.0,726.6,2088.4,640.4,2022.6
618.0,10.283,641.1,2023.6,724.0,1947.6,820.3,1915.2,908.5,1934.7,1002.8,1909.1,1114.9,1946.5,1211.8,2009.3,1165.9,2009.1,1012.0,1994.4,914.0,2007.8,826.3,2003.6,684.1,2018.8,684.1,2018.8,830.1,2005.7,918.6,2011.2,1015.2,1999.5,1165.9,2009.1,1211.8,2009.3,1127.5,2076.6,1024.8,2109.6,923.5,2122.6,830.0,2118.7,727.9,2089.7,641.1,2023.6
619.0,10.3,643.1,2024.9,725.4,1948.5,820.9,1915.9,909.7,1935.4,1004.9,1909.6,1116.5,1947.2,1211.9,2010.2,1166.2,2009.9,1014.1,1995.6,915.0,2009.0,826.7,2004.9,686.0,2019.9,686.0,2019.9,830.2,2006.2,919.4,2011.9,1016.9,2000.0,1166.2,2009.9,1211.9,2010.2,1128.6,2077.0,1026.3,2110.4,924.1,2123.6,829.9,2119.4,728.9,2089.8,643.1,2024.9
620.0,10.317,643.6,2025.7,726.4,1950.0,822.9,1916.9,910.9,1936.6,1005.3,1910.8,1117.0,1948.2,1213.7,2010.8,1167.9,2010.9,1014.6,1996.9,916.4,2010.0,828.9,2005.8,686.4,2021.1,686.4,2021.1,832.4,2008.2,920.8,2013.6,1017.5,2002.0,1167.9,2010.9,1213.7,2010.8,1129.4,2078.1,1026.9,2112.0,925.5,2125.0,832.1,2121.2,730.1,2092.0,643.6,2025.7
621.0,10.333,644.1,2027.6,727.2,1951.3,823.3,1918.1,912.4,1937.4,1007.5,1911.6,1118.9,1949.4,1214.1,2012.2,1168.3,2012.6,1016.8,1998.2,917.7,2011.7,829.2,2007.7,687.1,2023.1,687.1,2023.1,831.8,2007.1,921.2,2012.6,1018.6,2000.7,1168.3,2012.6,1214.1,2012.2,1130.5,2079.1,1028.3,2112.2,926.1,2125.3,831.7,2121.4,730.2,2092.5,644.1,2027.6
622.0,10.35,645.0,2027.0,728.4,1951.3,825.0,1918.4,913.1,1938.0,1007.1,1912.5,1119.0,1950.0,1215.7,2012.8,1169.7,2012.9,1016.2,1999.1,918.5,2012.2,830.8,2008.0,688.2,2022.5,688.2,2022.5,833.8,2007.9,922.2,2013.4,1018.4,2002.0,1169.7,2012.9,1215.7,2012.8,1130.8,2079.9,1027.9,2113.1,926.8,2125.8,833.4,2121.8,731.6,2092.5,645.0,2027.0
623.0,10.367,646.4,2027.7,730.0,1951.8,826.5,1918.6,914.4,1938.2,1008.3,1912.5,1120.0,1950.2,1216.4,2013.0,1170.4,2013.3,1017.4,1999.0,919.6,2012.2,832.3,2008.1,689.5,2023.4,689.5,2023.4,835.3,2008.8,923.4,2014.4,1019.6,2003.0,1170.4,2013.3,1216.4,2013.0,1131.8,2080.6,1029.2,2113.9,928.2,2126.8,835.0,2122.8,733.2,2093.6,646.4,2027.7
624.0,10.383,647.0,2026.6,729.9,1951.2,826.3,1918.1,914.9,1937.9,1009.8,1912.4,1120.8,1950.3,1216.1,2013.3,1170.3,2013.7,1018.8,1998.9,920.2,2011.9,831.9,2007.4,690.0,2022.5,690.0,2022.5,834.7,2008.2,923.7,2013.8,1020.9,2002.2,1170.3,2013.7,1216.1,2013.3,1132.1,2079.9,1030.2,2112.8,928.2,2125.8,834.3,2121.6,732.8,2092.6,647.0,2026.6
625.0,10.4,647.3,2027.7,730.7,1951.8,827.4,1918.7,915.7,1938.3,1010.2,1912.9,1121.6,1950.3,1217.5,2013.2,1171.5,2013.6,1019.6,1999.8,921.2,2012.9,833.3,2008.6,690.6,2023.5,690.6,2023.5,836.2,2008.4,924.9,2013.9,1021.6,2002.2,1171.5,2013.6,1217.5,2013.2,1133.4,2080.5,1031.3,2113.8,929.7,2126.7,836.0,2122.9,733.7,2094.0,647.3,2027.7
626.0,10.417,647.3,2027.2,730.9,1951.5,827.2,1918.6,915.8,1938.3,1010.7,1912.8,1121.8,1950.4,1216.9,2013.0,1171.2,2013.5,1019.7,1999.4,921.1,2012.5,832.9,2008.1,690.6,2023.1,690.6,2023.1,835.6,2008.6,924.6,2014.3,1021.7,2002.6,1171.2,2013.5,1216.9,2013.0,1133.3,2080.7,1031.5,2114.3,929.6,2127.3,835.5,2123.2,733.7,2093.8,647.3,2027.2
627.0,10.433,648.4,2028.4,731.2,1952.2,827.3,1919.0,915.4,1938.6,1009.5,1913.0,1120.5,1950.6,1216.2,2013.8,1170.1,2014.2,1018.7,2000.0,920.7,2013.1,833.2,2008.9,691.4,2024.0,691.4,2024.0,835.7,2008.6,923.9,2014.1,1020.3,2002.6,1170.1,2014.2,1216.2,2013.8,1131.8,2080.4,1029.7,2113.6,928.5,2126.6,835.2,2122.7,734.1,2093.8,648.4,2028.4
628.0,10.45,647.9,2027.8,732.1,1952.7,828.8,1919.2,916.7,1938.8,1010.9,1913.3,1122.0,1951.2,1217.8,2013.5,1171.7,2014.3,1019.9,1999.8,921.9,2013.0,834.4,2008.7,690.9,2024.1,690.9,2024.1,836.7,2008.8,924.9,2014.6,1021.3,2003.2,1171.7,2014.3,1217.8,2013.5,1133.0,2081.3,1031.0,2114.5,929.8,2127.5,836.5,2123.4,734.8,2094.2,647.9,2027.8
629.0,10.467,650.2,2028.3,733.6,1952.3,830.1,1918.6,918.0,1938.3,1012.1,1913.0,1123.2,1950.9,1218.5,2014.0,1172.5,2014.5,1021.3,2000.3,923.3,2013.2,835.9,2008.9,693.4,2024.3,693.4,2024.3,838.4,2008.4,926.5,2014.1,1023.0,2002.6,1172.5,2014.5,1218.5,2014.0,1134.3,2081.1,1032.5,2114.4,931.3,2127.3,838.0,2123.2,736.4,2094.1,650.2,2028.3
630.0,10.483,651.3,2027.4,734.7,1952.0,831.7,1918.3,919.2,1938.4,1013.1,1912.9,1124.0,1950.5,1219.5,2013.5,1173.5,2013.9,1022.2,2000.4,924.5,2013.2,837.4,2008.7,694.5,2023.4,694.5,2023.4,840.6,2008.4,928.5,2014.1,1024.7,2002.7,1173.5,2013.9,1219.5,2013.5,1135.8,2080.5,1034.1,2114.3,933.2,2127.4,840.2,2123.3,738.0,2094.1,651.3,2027.4
631.0,10.5,652.1,2027.3,735.6,1952.2,832.9,1917.9,920.3,1937.7,1014.0,1912.4,1124.9,1950.4,1220.6,2013.4,1174.5,2014.2,1023.2,1999.8,925.6,2012.6,838.6,2008.2,695.2,2023.5,695.2,2023.5,841.3,2007.7,929.1,2013.3,1025.1,2001.9,1174.5,2014.2,1220.6,2013.4,1136.2,2080.3,1034.4,2113.4,933.7,2126.3,840.8,2122.4,738.6,2093.6,652.1,2027.3
632.0,10.517,652.4,2027.1,736.7,1952.0,834.1,1917.6,921.3,1937.3,1014.6,1911.9,1125.5,1949.8,1221.7,2012.4,1175.5,2013.6,1023.9,1999.4,926.6,2012.2,839.9,2008.0,695.6,2023.6,695.6,2023.6,842.1,2007.9,929.5,2013.4,1025.1,2002.1,1175.5,2013.6,1221.7,2012.4,1136.5,2080.3,1034.6,2113.5,934.3,2126.3,841.8,2122.6,739.4,2093.7,652.4,2027.1
633.0,10.533,653.9,2026.9,737.0,1951.3,834.1,1917.5,921.8,1937.4,1015.9,1912.1,1127.1,1949.8,1222.9,2012.9,1176.9,2013.5,1025.2,1999.1,927.3,2011.8,840.0,2007.4,696.9,2023.1,696.9,2023.1,843.0,2008.2,931.2,2013.8,1027.5,2002.5,1176.9,2013.5,1222.9,2012.9,1139.0,2079.8,1037.1,2112.9,936.0,2125.8,842.8,2121.9,740.4,2093.1,653.9,2026.9
634.0,10.55,655.2,2027.3,739.3,1951.8,836.7,1917.4,923.7,1937.2,1016.6,1912.2,1128.1,1949.8,1224.3,2013.2,1178.1,2013.9,1025.6,1999.1,929.0,2011.7,842.3,2007.4,698.4,2023.7,698.4,2023.7,845.0,2008.1,932.4,2013.8,1027.6,2003.0,1178.1,2013.9,1224.3,2013.2,1139.7,2080.8,1037.6,2113.8,937.6,2126.3,845.1,2122.4,742.7,2093.7,655.2,2027.3
635.0,10.567,656.9,2027.9,740.5,1951.9,838.0,1917.4,925.4,1937.3,1019.0,1912.1,1130.1,1950.5,1225.8,2013.9,1179.8,2014.4,1028.2,1999.6,930.7,2012.1,843.8,2007.8,700.2,2024.0,700.2,2024.0,846.7,2008.9,934.4,2014.7,1030.3,2003.7,1179.8,2014.4,1225.8,2013.9,1141.8,2081.5,1040.1,2115.0,939.4,2127.6,846.6,2123.7,743.8,2094.4,656.9,2027.9
636.0,10.583,657.5,2028.4,741.1,1951.6,838.8,1917.1,926.4,1936.8,1020.0,1911.7,1131.2,1949.9,1227.0,2014.3,1181.0,2014.8,1029.1,1999.3,931.7,2011.8,844.5,2007.5,700.9,2024.4,700.9,2024.4,847.1,2008.6,935.0,2014.2,1030.9,2003.1,1181.0,2014.8,1227.0,2014.3,1142.7,2081.2,1040.6,2114.0,939.9,2126.4,847.0,2122.7,744.2,2094.1,657.5,2028.4
637.0,10.6,658.0,2027.0,741.1,1950.9,839.0,1915.4,926.7,1935.4,1020.5,1910.4,1131.5,1949.7,1227.7,2014.1,1181.6,2014.7,1029.5,1998.4,931.8,2010.3,844.5,2006.0,701.1,2022.9,701.1,2022.9,846.9,2008.0,934.9,2013.6,1031.1,2002.8,1181.6,2014.7,1227.7,2014.1,1142.5,2080.2,1040.2,2112.5,939.3,2124.7,846.3,2121.0,743.8,2092.3,658.0,2027.0
638.0,10.617,659.2,2025.4,742.9,1949.5,841.4,1914.4,929.2,1934.4,1023.3,1909.4,1134.8,1947.9,1230.7,2012.0,1184.9,2012.8,1032.3,1997.6,934.4,2009.6,846.9,2005.2,702.5,2021.7,702.5,2021.7,849.8,2008.0,938.0,2013.7,1034.5,2002.8,1184.9,2012.8,1230.7,2012.0,1146.3,2079.9,1044.0,2113.1,942.8,2125.5,849.5,2121.8,745.9,2092.6,659.2,2025.4
639.0,10.633,658.8,2025.2,743.1,1948.8,841.7,1914.2,930.0,1934.1,1024.9,1909.0,1136.3,1947.4,1232.6,2011.6,1186.6,2012.1,1033.9,1996.7,935.2,2008.9,847.2,2004.5,702.2,2021.2,702.2,2021.2,849.9,2006.6,938.8,2012.1,1035.9,2001.0,1186.6,2012.1,1232.6,2011.6,1147.7,2077.5,1045.0,2110.2,943.2,2122.6,849.4,2119.1,745.9,2090.7,658.8,2025.2
640.0,10.65,660.0,2024.2,744.2,1947.7,842.6,1913.3,931.6,1933.1,1027.2,1907.8,1138.3,1945.8,1233.5,2009.9,1187.7,2010.6,1036.3,1995.6,936.9,2008.0,848.1,2003.6,703.5,2020.4,703.5,2020.4,851.0,2005.7,940.6,2011.1,1038.5,1999.7,1187.7,2010.6,1233.5,2009.9,1150.0,2075.9,1047.9,2109.0,945.3,2121.8,850.9,2118.4,747.2,2090.3,660.0,2024.2
641.0,10.667,660.6,2024.0,745.4,1946.8,844.5,1911.6,933.5,1931.2,1028.8,1905.9,1140.5,1944.0,1236.0,2008.7,1190.2,2009.6,1037.9,1994.4,938.9,2006.8,850.2,2002.7,704.4,2020.4,704.4,2020.4,852.9,2005.0,942.5,2010.3,1040.1,1999.0,1190.2,2009.6,1236.0,2008.7,1152.5,2076.1,1050.3,2109.6,947.8,2122.5,853.3,2119.3,748.7,2091.2,660.6,2024.0
642.0,10.683,661.1,2022.6,744.9,1943.2,843.7,1907.7,935.3,1927.4,1033.6,1901.9,1145.7,1940.6,1239.2,2007.2,1193.3,2008.0,1042.7,1991.2,940.7,2003.9,849.4,1999.5,705.1,2019.0,705.1,2019.0,852.0,2004.5,944.2,2010.3,1044.9,1998.4,1193.3,2008.0,1239.2,2007.2,1157.5,2075.5,1055.4,2110.2,949.8,2123.6,852.7,2119.9,748.2,2090.6,661.1,2022.6
643.0,10.7,660.2,2021.6,739.9,1938.6,837.2,1902.0,934.9,1921.7,1040.0,1895.3,1152.4,1935.1,1242.3,2004.9,1195.8,2005.6,1048.6,1986.1,939.7,1999.7,842.6,1995.0,704.5,2016.8,704.5,2016.8,843.7,2010.7,941.9,2017.4,1049.6,2003.8,1195.8,2005.6,1242.3,2004.9,1162.9,2077.3,1059.8,2117.5,947.0,2132.3,844.2,2127.8,742.4,2094.0,660.2,2021.6
644.0,10.717,663.3,2013.6,747.2,1914.5,853.7,1869.7,938.2,1888.8,1025.0,1863.5,1146.0,1909.5,1248.3,1995.3,1200.7,1995.4,1035.5,1966.3,944.8,1977.6,860.6,1975.8,710.4,2009.7,710.4,2009.7,863.0,2000.8,948.4,2005.0,1038.4,1995.4,1200.7,1995.4,1248.3,1995.3,1160.6,2085.0,1050.7,2121.2,955.4,2132.5,864.5,2130.2,751.9,2097.8,663.3,2013.6
645.0,10.733,672.9,2003.0,747.1,1889.7,861.0,1840.4,942.4,1860.2,1024.5,1834.3,1151.1,1884.0,1248.2,1983.0,1202.4,1984.2,1035.8,1943.3,950.3,1953.3,869.6,1952.2,721.3,1997.7,721.3,1997.7,876.7,2053.0,960.8,2058.4,1047.5,2047.7,1202.4,1984.2,1248.2,1983.0,1173.5,2125.0,1061.9,2186.2,969.6,2199.9,878.6,2196.3,755.4,2140.9,672.9,2003.0
646.0,10.75,687.2,1965.3,743.0,1856.8,854.3,1813.9,941.7,1837.3,1032.3,1809.2,1153.7,1855.8,1232.9,1954.5,1188.6,1956.2,1043.3,1924.4,950.0,1934.2,863.7,1928.9,737.6,1957.1,737.6,1957.1,874.3,2071.2,966.2,2079.7,1062.9,2064.0,1188.6,1956.2,1232.9,1954.5,1180.3,2132.0,1077.5,2222.8,975.2,2242.0,875.8,2234.6,752.7,2154.8,687.2,1965.3
647.0,10.767,717.2,1945.0,771.0,1858.3,872.7,1821.5,954.4,1842.9,1041.2,1812.1,1136.5,1853.6,1198.7,1929.9,1156.2,1935.5,1050.3,1916.0,960.6,1930.0,881.0,1924.6,764.5,1938.3,764.5,1938.3,887.5,2061.0,971.9,2066.9,1065.1,2043.7,1156.2,1935.5,1198.7,1929.9,1155.4,2107.6,1078.1,2202.2,980.4,2227.4,888.4,2223.8,775.0,2147.7,717.2,1945.0
648.0,10.783,734.5,1953.2,781.4,1860.2,875.3,1820.8,957.9,1840.7,1045.5,1809.5,1134.7,1852.2,1190.7,1931.7,1147.0,1936.8,1055.4,1912.2,964.6,1926.8,884.7,1922.8,781.1,1944.5,781.1,1944.5,891.4,2054.9,976.0,2060.1,1070.0,2035.4,1147.0,1936.8,1190.7,1931.7,1153.8,2098.9,1083.9,2192.0,985.4,2218.9,893.6,2216.5,788.5,2145.9,734.5,1953.2
649.0,10.8,712.6,1940.3,768.0,1854.5,872.8,1819.2,957.4,1839.3,1048.2,1807.7,1144.3,1846.0,1209.3,1918.9,1166.0,1926.4,1058.6,1906.0,964.6,1922.1,882.7,1917.3,758.8,1933.5,758.8,1933.5,890.1,2068.9,977.0,2073.6,1074.4,2047.2,1166.0,1926.4,1209.3,1918.9,1164.3,2100.9,1086.4,2201.8,984.7,2230.2,890.3,2228.1,773.2,2151.4,712.6,1940.3
650.0,10.817,670.8,1902.1,742.7,1833.4,869.4,1812.1,951.4,1832.0,1041.0,1801.2,1154.8,1828.9,1242.6,1887.4,1200.9,1899.4,1052.1,1891.4,959.9,1908.0,880.3,1901.8,716.4,1898.9,716.4,1898.9,890.8,2095.1,976.8,2099.2,1073.3,2072.1,1200.9,1899.4,1242.6,1887.4,1179.3,2105.5,1080.9,2221.4,980.8,2249.6,886.7,2247.7,745.1,2154.7,670.8,1902.1
651.0,10.833,668.9,1899.7,743.3,1829.9,872.6,1807.0,956.1,1826.2,1046.2,1794.4,1163.6,1820.9,1254.4,1879.2,1211.8,1892.9,1058.7,1889.7,965.9,1907.0,884.8,1901.7,716.5,1897.0,716.5,1897.0,895.7,2089.1,983.2,2092.7,1080.4,2065.5,1211.8,1892.9,1254.4,1879.2,1191.5,2103.5,1091.6,2223.6,990.6,2252.7,894.7,2252.0,749.0,2158.9,668.9,1899.7
652.0,10.85,671.4,1886.0,743.1,1821.3,872.5,1809.8,959.2,1828.8,1056.6,1798.0,1174.6,1815.4,1259.4,1868.6,1221.1,1881.4,1065.8,1870.8,966.0,1889.8,882.2,1882.4,714.2,1881.7,714.2,1881.7,897.2,2125.9,989.0,2132.8,1094.1,2102.6,1221.1,1881.4,1259.4,1868.6,1202.6,2102.3,1100.2,2231.9,992.0,2262.5,892.6,2258.7,746.8,2154.4,671.4,1886.0
653.0,10.867,663.4,1880.7,735.4,1816.3,866.3,1811.0,955.5,1830.1,1056.3,1800.1,1177.3,1813.7,1263.2,1866.1,1226.8,1878.1,1064.4,1864.5,961.6,1883.3,875.3,1874.9,705.2,1875.2,705.2,1875.2,893.1,2140.4,988.0,2148.4,1096.5,2118.2,1226.8,1878.1,1263.2,1866.1,1207.6,2103.6,1101.4,2236.1,990.0,2266.1,887.9,2261.4,739.2,2153.0,663.4,1880.7
654.0,10.883,670.1,1882.1,742.0,1818.5,872.4,1812.3,957.2,1831.2,1052.6,1801.6,1171.8,1816.3,1258.6,1868.5,1221.9,1880.2,1060.1,1866.6,962.9,1884.3,881.1,1876.1,712.0,1875.9,712.0,1875.9,898.8,2137.4,989.4,2144.9,1092.4,2116.2,1221.9,1880.2,1258.6,1868.5,1202.4,2105.1,1098.1,2235.5,992.0,2264.1,894.3,2260.2,746.2,2153.9,670.1,1882.1
655.0,10.9,680.6,1883.4,749.8,1821.7,876.7,1815.1,964.7,1833.3,1065.8,1802.2,1179.3,1815.3,1256.2,1863.9,1220.4,1875.5,1072.7,1859.1,969.1,1879.8,884.8,1871.3,718.5,1877.7,718.5,1877.7,898.8,2145.8,992.0,2155.0,1101.1,2122.9,1220.4,1875.5,1256.2,1863.9,1204.4,2099.1,1105.1,2232.2,993.2,2263.9,893.5,2258.9,751.5,2151.2,680.6,1883.4
656.0,10.917,670.6,1881.5,743.4,1823.1,872.1,1820.0,955.1,1837.7,1049.4,1808.7,1167.9,1820.7,1255.2,1866.3,1219.2,1879.0,1056.9,1867.3,960.9,1885.5,881.0,1877.8,710.7,1876.3,710.7,1876.3,898.9,2146.0,987.7,2153.3,1089.6,2123.6,1219.2,1879.0,1255.2,1866.3,1197.9,2104.5,1094.2,2235.2,989.6,2264.3,893.9,2260.5,747.4,2153.3,670.6,1881.5
657.0,10.933,661.7,1881.6,737.8,1821.2,868.7,1814.7,953.1,1832.6,1047.9,1803.2,1169.4,1817.1,1260.4,1864.4,1222.7,1878.2,1057.2,1871.4,960.6,1889.3,878.8,1882.2,704.4,1877.7,704.4,1877.7,894.2,2129.1,984.3,2135.6,1086.6,2106.5,1222.7,1878.2,1260.4,1864.4,1199.5,2101.1,1093.5,2231.0,988.2,2260.1,890.9,2257.1,742.3,2152.6,661.7,1881.6
658.0,10.95,669.4,1886.3,739.4,1826.4,866.3,1823.3,952.4,1842.0,1050.9,1813.5,1169.2,1826.2,1251.6,1874.8,1216.4,1886.1,1057.4,1871.0,957.2,1889.0,873.9,1880.1,709.2,1881.0,709.2,1881.0,889.6,2149.2,981.8,2158.5,1088.0,2129.2,1216.4,1886.1,1251.6,1874.8,1196.5,2108.7,1092.3,2238.0,983.2,2266.6,884.4,2260.8,741.2,2152.4,669.4,1886.3
659.0,10.967,672.8,1887.6,741.4,1824.4,865.8,1817.9,953.5,1836.1,1053.7,1807.1,1170.2,1821.6,1251.0,1872.6,1214.6,1884.0,1060.7,1866.8,958.6,1885.4,873.9,1877.1,712.5,1882.5,712.5,1882.5,888.2,2142.9,981.4,2152.0,1089.4,2121.6,1214.6,1884.0,1251.0,1872.6,1196.2,2103.0,1094.1,2232.1,983.2,2262.1,883.5,2256.5,743.6,2150.1,672.8,1887.6
660.0,10.983,665.3,1888.0,737.5,1822.7,864.2,1812.8,950.9,1830.8,1048.0,1801.4,1167.3,1818.0,1254.1,1870.5,1215.7,1883.5,1057.2,1872.3,958.3,1890.1,874.1,1883.0,708.5,1883.8,708.5,1883.8,888.3,2125.1,980.6,2132.1,1085.3,2103.0,1215.7,1883.5,1254.1,1870.5,1196.3,2102.0,1093.1,2229.3,985.3,2258.6,886.0,2255.0,742.0,2152.6,665.3,1888.0
661.0,11.0,673.2,1889.4,739.8,1823.7,863.9,1816.8,954.4,1835.9,1057.6,1806.4,1175.3,1821.4,1253.8,1875.5,1217.4,1886.2,1064.7,1869.5,959.5,1888.2,871.8,1879.4,713.8,1884.1,713.8,1884.1,885.4,2142.8,981.7,2152.9,1092.8,2122.5,1217.4,1886.2,1253.8,1875.5,1201.1,2106.6,1098.4,2236.8,984.1,2267.0,881.4,2260.4,742.0,2152.3,673.2,1889.4
662.0,11.017,659.5,1883.9,732.0,1822.2,860.6,1817.9,948.5,1837.0,1048.4,1808.6,1170.8,1823.3,1258.0,1874.0,1221.4,1886.2,1055.9,1873.2,954.3,1890.7,868.9,1881.8,701.3,1880.1,701.3,1880.1,883.3,2142.7,977.4,2151.9,1085.0,2123.0,1221.4,1886.2,1258.0,1874.0,1198.3,2111.0,1090.1,2240.9,979.5,2269.2,878.5,2263.2,733.4,2153.5,659.5,1883.9
663.0,11.033,669.8,1898.3,736.4,1825.1,859.3,1808.0,950.0,1827.7,1051.2,1797.3,1166.9,1821.4,1247.7,1883.3,1207.7,1895.0,1060.8,1879.0,957.4,1896.3,869.1,1888.6,714.4,1894.1,714.4,1894.1,880.1,2109.1,976.0,2116.7,1084.7,2088.0,1207.7,1895.0,1247.7,1883.3,1192.6,2104.1,1093.5,2226.4,981.1,2255.9,878.1,2251.5,739.7,2153.4,669.8,1898.3
664.0,11.05,683.1,1899.1,748.0,1841.1,868.5,1836.7,954.7,1855.0,1053.6,1826.6,1166.7,1840.7,1243.4,1887.5,1208.0,1897.6,1059.6,1879.9,958.8,1898.1,875.8,1888.9,721.6,1894.1,721.6,1894.1,887.4,2153.8,979.1,2164.0,1085.8,2134.3,1208.0,1897.6,1243.4,1887.5,1189.9,2113.4,1091.1,2237.7,981.1,2266.3,883.6,2260.1,748.6,2155.0,683.1,1899.1
665.0,11.067,686.3,1905.2,750.6,1845.6,869.3,1840.2,954.1,1859.0,1050.5,1831.8,1162.8,1847.7,1238.2,1896.7,1203.2,1907.2,1056.3,1888.9,958.2,1905.8,876.0,1896.6,725.9,1900.6,725.9,1900.6,886.6,2151.9,977.0,2162.2,1080.9,2134.1,1203.2,1907.2,1238.2,1896.7,1185.1,2120.6,1086.2,2241.9,979.0,2269.0,882.5,2262.0,749.9,2157.0,686.3,1905.2
666.0,11.083,685.8,1907.1,752.2,1853.5,871.7,1850.4,953.4,1868.5,1045.9,1842.1,1156.9,1856.8,1234.0,1899.9,1199.8,1911.7,1051.9,1896.2,957.8,1912.7,878.6,1903.8,724.9,1903.6,724.9,1903.6,888.2,2155.7,975.4,2164.8,1075.3,2136.9,1199.8,1911.7,1234.0,1899.9,1178.4,2124.1,1080.3,2243.3,977.1,2269.9,883.7,2263.9,750.2,2160.2,685.8,1907.1
667.0,11.1,672.2,1899.3,742.6,1845.0,868.0,1844.4,951.2,1863.6,1045.6,1837.4,1164.3,1851.3,1247.6,1896.2,1213.5,1907.4,1051.5,1893.3,955.9,1909.2,875.0,1899.7,712.3,1895.5,712.3,1895.5,887.6,2159.6,977.2,2169.2,1078.9,2142.2,1213.5,1907.4,1247.6,1896.2,1189.0,2127.5,1083.2,2250.4,978.3,2276.2,882.2,2269.5,741.2,2160.7,672.2,1899.3
668.0,11.117,705.7,1912.9,762.7,1851.6,874.6,1844.3,962.9,1863.1,1064.4,1835.1,1168.2,1852.5,1232.3,1902.6,1198.2,1911.9,1069.6,1885.7,966.1,1903.8,881.1,1893.9,742.8,1907.6,742.8,1907.6,887.6,2156.7,980.8,2168.1,1090.4,2137.5,1198.2,1911.9,1232.3,1902.6,1186.1,2117.3,1095.4,2237.6,982.5,2267.0,883.9,2259.6,760.3,2157.4,705.7,1912.9
669.0,11.133,701.7,1919.3,764.1,1855.4,879.7,1842.8,962.8,1861.4,1055.8,1833.2,1163.8,1854.5,1236.4,1906.9,1199.7,1917.0,1062.6,1897.6,967.5,1914.1,887.3,1906.1,742.4,1914.5,742.4,1914.5,895.5,2140.0,983.3,2149.0,1083.8,2121.7,1199.7,1917.0,1236.4,1906.9,1184.8,2123.1,1091.7,2239.4,987.5,2266.5,893.4,2261.1,764.8,2163.2,701.7,1919.3
670.0,11.15,721.5,1931.5,774.6,1863.5,880.7,1849.4,966.4,1868.0,1063.0,1840.2,1165.3,1863.7,1228.6,1920.0,1192.6,1927.5,1068.5,1898.2,969.7,1914.6,887.2,1905.9,760.1,1925.1,760.1,1925.1,893.4,2147.3,983.5,2158.7,1087.7,2131.5,1192.6,1927.5,1228.6,1920.0,1183.9,2125.6,1096.1,2238.1,987.9,2265.2,892.5,2257.8,775.4,2161.2,721.5,1931.5
671.0,11.167,708.9,1929.3,766.8,1851.3,877.1,1828.5,962.7,1848.2,1056.6,1818.6,1160.6,1849.0,1228.6,1915.0,1188.8,1923.9,1065.1,1902.4,968.6,1918.1,885.4,1911.1,753.1,1924.2,753.1,1924.2,892.2,2108.0,982.0,2115.9,1083.1,2089.6,1188.8,1923.9,1228.6,1915.0,1180.7,2119.0,1093.0,2228.8,987.8,2255.7,891.1,2250.6,768.4,2160.1,708.9,1929.3
672.0,11.183,707.6,1920.6,764.4,1848.8,876.5,1831.9,962.4,1851.9,1058.3,1823.3,1163.2,1850.4,1230.4,1912.6,1192.8,1920.9,1064.7,1893.6,966.6,1909.6,883.3,1900.8,748.9,1914.8,748.9,1914.8,891.1,2130.7,981.9,2140.5,1085.3,2113.4,1192.8,1920.9,1230.4,1912.6,1182.8,2123.3,1092.8,2237.2,985.5,2264.2,888.4,2257.6,764.3,2160.6,707.6,1920.6
673.0,11.2,720.7,1926.1,774.6,1858.1,881.6,1842.1,965.9,1861.5,1060.5,1833.3,1160.2,1859.7,1222.4,1917.3,1186.0,1925.6,1066.3,1898.6,969.6,1914.6,888.1,1905.9,760.4,1920.7,760.4,1920.7,893.6,2133.4,982.3,2143.6,1084.4,2116.3,1186.0,1925.6,1222.4,1917.3,1177.5,2123.1,1092.3,2234.6,986.3,2261.8,891.6,2255.1,773.7,2159.8,720.7,1926.1
674.0,11.217,720.8,1927.1,771.7,1861.2,877.1,1850.1,965.6,1869.3,1066.6,1841.3,1166.3,1863.2,1224.5,1918.6,1190.2,1926.3,1071.7,1895.4,968.6,1912.8,883.3,1903.0,758.3,1921.0,758.3,1921.0,889.4,2154.3,982.5,2166.1,1091.4,2136.3,1190.2,1926.3,1224.5,1918.6,1183.5,2124.1,1097.2,2239.0,984.8,2267.5,886.3,2259.5,769.8,2160.8,720.8,1927.1
675.0,11.233,711.4,1923.7,766.8,1853.0,877.4,1837.2,965.5,1856.6,1064.9,1828.1,1169.4,1852.9,1235.1,1912.6,1197.9,1921.0,1071.4,1893.1,969.7,1909.7,884.6,1900.9,751.4,1918.1,751.4,1918.1,892.1,2137.2,984.7,2147.6,1091.9,2119.2,1197.9,1921.0,1235.1,1912.6,1188.6,2120.0,1099.2,2234.7,988.3,2262.9,889.7,2256.2,767.4,2159.7,711.4,1923.7
676.0,11.25,727.8,1929.8,779.2,1857.2,884.2,1839.1,970.1,1858.7,1066.5,1830.1,1164.8,1858.2,1224.5,1920.0,1187.6,1927.3,1072.3,1896.8,973.6,1912.9,890.6,1904.2,767.7,1923.6,767.7,1923.6,896.2,2131.4,986.3,2141.9,1090.2,2114.4,1187.6,1927.3,1224.5,1920.0,1182.0,2122.4,1098.5,2233.2,990.6,2260.8,894.6,2253.9,779.1,2159.8,727.8,1929.8
677.0,11.267,715.5,1918.6,769.0,1853.7,877.6,1843.7,967.6,1863.7,1070.5,1835.5,1173.3,1856.9,1233.2,1912.4,1198.8,1920.2,1075.4,1891.8,970.4,1909.5,883.4,1899.0,753.5,1912.9,753.5,1912.9,889.5,2152.2,984.5,2164.6,1095.2,2135.0,1198.8,1920.2,1233.2,1912.4,1190.0,2123.4,1100.3,2240.9,986.1,2269.4,885.6,2260.4,765.8,2157.9,715.5,1918.6
678.0,11.283,730.3,1930.3,782.0,1856.5,886.1,1837.1,972.2,1856.9,1068.1,1828.7,1167.3,1858.0,1227.5,1920.6,1190.1,1927.7,1073.9,1898.9,975.5,1914.4,892.2,1905.9,770.8,1924.2,770.8,1924.2,896.5,2123.6,986.6,2134.6,1089.9,2108.4,1190.1,1927.7,1227.5,1920.6,1183.6,2121.3,1099.0,2230.8,991.4,2257.5,895.3,2250.0,781.7,2156.0,730.3,1930.3
679.0,11.3,724.8,1926.0,777.5,1859.3,883.4,1844.7,971.0,1864.4,1070.4,1835.9,1169.5,1860.6,1228.5,1917.0,1193.1,1924.8,1075.9,1897.1,974.2,1914.2,889.7,1904.7,763.6,1920.5,763.6,1920.5,894.5,2138.3,986.3,2149.6,1093.3,2120.7,1193.1,1924.8,1228.5,1917.0,1185.3,2120.3,1099.9,2232.9,989.2,2261.2,891.6,2253.5,775.3,2157.1,724.8,1926.0
680.0,11.317,715.6,1926.3,771.2,1851.3,879.9,1834.2,972.0,1853.9,1074.9,1825.3,1179.1,1850.7,1240.9,1914.5,1203.5,1923.3,1081.6,1896.9,976.3,1913.9,886.7,1905.5,757.4,1921.1,757.4,1921.1,892.0,2129.1,988.5,2139.5,1099.1,2110.6,1203.5,1923.3,1240.9,1914.5,1196.6,2118.4,1107.0,2233.1,992.6,2262.0,889.8,2254.5,770.0,2158.4,715.6,1926.3
681.0,11.333,736.1,1934.2,787.5,1863.5,890.4,1844.9,974.8,1864.4,1069.0,1836.6,1165.6,1865.1,1224.8,1924.0,1188.2,1931.6,1074.6,1902.4,978.0,1917.6,896.6,1909.1,775.7,1928.3,775.7,1928.3,899.9,2128.1,988.0,2138.8,1089.7,2112.4,1188.2,1931.6,1224.8,1924.0,1180.9,2122.8,1098.4,2230.7,992.5,2257.2,898.6,2250.1,786.4,2157.7,736.1,1934.2
682.0,11.35,722.4,1924.9,777.0,1857.3,885.2,1842.7,972.4,1862.9,1071.2,1834.9,1171.7,1860.2,1232.9,1917.5,1197.1,1925.3,1076.3,1897.2,975.3,1913.3,890.9,1903.5,761.4,1919.5,761.4,1919.5,894.5,2137.4,986.1,2148.8,1092.6,2121.1,1197.1,1925.3,1232.9,1917.5,1186.5,2122.2,1098.8,2234.3,988.6,2261.3,891.3,2253.3,773.4,2156.2,722.4,1924.9
683.0,11.367,722.9,1929.0,775.3,1853.6,883.0,1835.5,974.9,1855.9,1078.2,1827.0,1181.9,1854.0,1241.9,1918.6,1204.6,1925.5,1084.2,1895.5,978.3,1912.1,889.4,1903.0,763.4,1922.3,763.4,1922.3,894.2,2133.1,990.4,2144.8,1101.8,2116.5,1204.6,1925.5,1241.9,1918.6,1198.6,2120.7,1109.6,2235.3,994.2,2263.7,892.1,2255.5,774.3,2158.6,722.9,1929.0
684.0,11.383,719.8,1923.6,778.1,1855.6,889.3,1839.2,973.4,1858.1,1067.2,1829.9,1168.9,1855.5,1235.4,1911.8,1198.2,1921.2,1073.6,1896.0,977.4,1911.9,896.4,1903.8,759.4,1918.7,759.4,1918.7,901.3,2131.0,989.4,2140.4,1090.6,2113.2,1198.2,1921.2,1235.4,1911.8,1185.8,2120.2,1097.8,2232.5,992.8,2259.6,898.7,2253.7,777.0,2159.2,719.8,1923.6
685.0,11.4,738.7,1930.2,789.1,1865.0,891.7,1851.1,977.0,1870.7,1073.0,1843.1,1169.7,1867.7,1226.2,1922.8,1191.8,1930.1,1077.4,1900.1,979.4,1916.2,897.2,1906.5,777.1,1924.1,777.1,1924.1,901.0,2141.7,990.6,2153.5,1094.2,2126.2,1191.8,1930.1,1226.2,1922.8,1185.4,2124.6,1102.6,2234.9,994.9,2261.9,900.0,2254.1,787.4,2158.6,738.7,1930.2
686.0,11.417,718.2,1930.1,778.4,1853.4,889.2,1829.6,973.8,1849.8,1065.3,1820.4,1168.0,1851.6,1235.6,1917.3,1195.9,1926.5,1073.1,1906.2,979.3,1921.1,897.0,1914.1,763.2,1924.9,763.2,1924.9,903.4,2100.2,992.1,2107.4,1090.5,2082.5,1195.9,1926.5,1235.6,1917.3,1188.1,2118.4,1102.0,2226.2,999.0,2252.5,903.4,2248.1,780.0,2160.6,718.2,1930.1
687.0,11.433,726.0,1920.1,784.2,1856.4,893.1,1844.5,976.3,1863.2,1069.1,1835.9,1168.4,1857.5,1231.5,1909.2,1196.6,1919.6,1074.7,1897.4,980.0,1913.6,899.6,1905.2,765.2,1915.9,765.2,1915.9,905.1,2131.9,992.5,2141.0,1092.4,2113.2,1196.6,1919.6,1231.5,1909.2,1185.2,2118.0,1099.8,2230.6,996.0,2258.2,902.6,2252.2,782.5,2157.6,726.0,1920.1
688.0,11.45,723.0,1917.1,778.0,1847.8,888.0,1838.5,980.7,1857.9,1085.2,1830.0,1188.9,1850.0,1247.5,1907.4,1213.8,1916.3,1090.0,1887.9,983.8,1905.6,894.0,1896.0,761.6,1912.5,761.6,1912.5,900.7,2145.6,998.1,2156.7,1110.2,2126.4,1213.8,1916.3,1247.5,1907.4,1206.3,2118.9,1117.0,2238.2,1001.1,2268.8,897.9,2260.7,776.7,2159.7,723.0,1917.1
689.0,11.467,733.3,1925.6,789.5,1856.8,895.3,1845.3,984.7,1863.2,1083.2,1836.7,1185.0,1857.0,1243.9,1911.7,1210.4,1921.9,1088.1,1896.1,987.9,1912.7,901.4,1904.6,772.2,1922.1,772.2,1922.1,906.0,2139.3,999.3,2149.5,1104.9,2121.5,1210.4,1921.9,1243.9,1911.7,1201.6,2121.1,1114.7,2237.1,1004.9,2266.6,905.9,2259.0,789.8,2161.5,733.3,1925.6
690.0,11.483,734.1,1929.6,789.4,1851.2,894.1,1831.5,986.8,1848.3,1088.2,1819.9,1187.1,1844.4,1241.6,1906.7,1206.3,1918.6,1093.9,1888.6,990.9,1906.5,901.0,1900.4,774.1,1926.2,774.1,1926.2,905.4,2124.9,1001.5,2132.7,1109.9,2102.0,1206.3,1918.6,1241.6,1906.7,1202.8,2113.1,1120.9,2230.4,1008.2,2263.4,906.1,2257.7,791.1,2165.0,734.1,1929.6
691.0,11.5,724.9,1923.5,780.4,1853.6,888.9,1834.9,980.4,1852.1,1080.7,1825.0,1181.9,1849.7,1239.5,1905.7,1204.3,1918.6,1086.8,1893.6,985.2,1909.9,896.6,1902.7,764.5,1922.0,764.5,1922.0,902.3,2121.3,997.4,2129.1,1104.5,2099.5,1204.3,1918.6,1239.5,1905.7,1198.4,2116.4,1115.6,2233.4,1004.2,2265.4,902.6,2259.8,783.6,2165.8,724.9,1923.5
692.0,11.517,723.3,1919.0,778.8,1849.8,890.6,1837.4,982.6,1856.6,1084.2,1830.3,1189.5,1853.5,1247.6,1910.0,1214.0,1920.8,1090.2,1897.2,987.4,1912.4,898.0,1903.5,763.5,1918.0,763.5,1918.0,906.3,2131.0,1002.7,2140.4,1111.3,2111.9,1214.0,1920.8,1247.6,1910.0,1208.6,2125.7,1122.0,2245.4,1009.2,2276.4,905.8,2269.0,782.7,2168.6,723.3,1919.0
693.0,11.533,729.0,1919.5,783.6,1859.0,893.9,1851.2,985.0,1869.5,1086.7,1843.7,1193.1,1861.8,1250.3,1910.4,1218.4,1920.4,1091.3,1897.1,988.4,1913.5,900.7,1903.8,766.4,1917.4,766.4,1917.4,908.2,2150.8,1003.6,2162.6,1112.3,2133.7,1218.4,1920.4,1250.3,1910.4,1211.0,2128.9,1123.0,2250.3,1010.3,2281.6,908.5,2272.9,787.8,2169.3,729.0,1919.5
694.0,11.55,733.4,1926.8,785.2,1854.0,890.4,1839.6,983.5,1857.2,1087.2,1829.4,1188.2,1851.1,1243.2,1909.8,1209.4,1919.2,1092.3,1887.1,987.0,1905.0,897.4,1896.9,771.1,1922.1,771.1,1922.1,904.8,2142.8,1001.6,2152.9,1112.4,2121.7,1209.4,1919.2,1243.2,1909.8,1205.7,2117.6,1122.0,2236.8,1007.3,2269.8,904.7,2262.5,788.8,2165.9,733.4,1926.8
695.0,11.567,728.3,1927.6,782.6,1858.9,888.6,1847.8,981.8,1865.4,1086.4,1838.2,1189.1,1857.7,1245.4,1911.9,1212.8,1921.9,1091.7,1892.6,985.3,1910.8,895.4,1902.2,765.2,1923.9,765.2,1923.9,901.7,2152.3,998.7,2163.2,1110.5,2132.2,1212.8,1921.9,1245.4,1911.9,1205.5,2121.1,1118.5,2241.2,1003.1,2273.8,900.2,2265.3,783.8,2165.3,728.3,1927.6
696.0,11.583,718.4,1921.1,774.2,1851.8,884.5,1841.3,980.5,1860.5,1089.1,1831.9,1194.2,1850.5,1251.8,1906.3,1218.8,1915.6,1094.5,1887.9,984.5,1906.4,891.5,1897.0,756.1,1916.3,756.1,1916.3,900.5,2147.8,1001.0,2158.4,1117.0,2125.9,1218.8,1915.6,1251.8,1906.3,1213.0,2114.2,1124.5,2237.5,1004.8,2271.4,898.4,2263.6,776.2,2163.6,718.4,1921.1
697.0,11.6,725.7,1928.6,782.1,1861.4,890.4,1851.5,984.2,1869.5,1089.0,1842.3,1194.2,1860.6,1253.6,1914.3,1220.3,1923.7,1094.0,1895.5,987.4,1913.9,896.9,1905.0,763.2,1924.1,763.2,1924.1,903.2,2158.1,1001.0,2169.8,1113.0,2139.6,1220.3,1923.7,1253.6,1914.3,1212.0,2126.0,1121.9,2246.7,1006.0,2278.4,902.5,2269.9,783.2,2168.9,725.7,1928.6
698.0,11.617,704.8,1911.6,766.8,1848.0,883.8,1840.0,978.8,1859.1,1085.7,1832.1,1196.4,1849.9,1262.5,1901.8,1228.4,1912.9,1090.9,1888.9,982.4,1906.7,890.3,1896.9,743.0,1909.1,743.0,1909.1,897.3,2153.8,997.0,2165.2,1111.3,2134.9,1228.4,1912.9,1262.5,1901.8,1214.3,2123.5,1118.1,2247.8,1000.0,2279.1,894.2,2270.6,765.9,2164.7,704.8,1911.6
699.0,11.633,710.5,1916.4,769.7,1857.3,882.9,1850.0,976.0,1868.4,1082.1,1840.7,1187.5,1857.9,1250.6,1905.0,1217.0,1915.7,1087.2,1891.4,979.5,1909.9,889.6,1899.9,747.1,1913.3,747.1,1913.3,896.3,2155.3,993.9,2166.3,1107.3,2134.7,1217.0,1915.7,1250.6,1905.0,1204.6,2119.1,1113.7,2240.4,996.7,2272.2,893.5,2264.7,768.9,2163.5,710.5,1916.4
700.0,11.65,716.4,1926.5,773.7,1855.4,886.1,1841.6,979.4,1861.2,1082.9,1834.0,1191.2,1856.7,1254.2,1916.9,1219.1,1925.8,1088.1,1897.0,982.9,1913.5,892.2,1904.2,756.4,1922.0,756.4,1922.0,898.8,2147.5,996.8,2158.8,1107.6,2130.6,1219.1,1925.8,1254.2,1916.9,1209.6,2129.8,1116.7,2248.2,1001.5,2277.7,897.6,2269.4,774.2,2168.8,716.4,1926.5
701.0,11.667,720.7,1925.0,776.5,1860.9,887.1,1850.0,980.4,1869.1,1085.9,1841.1,1190.8,1862.1,1252.2,1914.7,1217.7,1923.6,1091.0,1894.9,983.4,1913.0,893.6,1903.0,757.7,1920.5,757.7,1920.5,898.9,2156.6,996.2,2168.7,1109.3,2138.4,1217.7,1923.6,1252.2,1914.7,1207.1,2125.6,1116.6,2245.0,999.7,2276.1,896.8,2267.7,775.9,2166.3,720.7,1925.0
702.0,11.683,719.3,1927.2,775.6,1855.8,885.8,1841.2,980.3,1860.4,1085.3,1832.4,1191.7,1855.1,1253.4,1914.5,1217.7,1923.9,1091.2,1896.0,984.1,1913.4,892.6,1904.5,759.1,1922.4,759.1,1922.4,899.0,2143.2,997.7,2154.3,1110.2,2124.9,1217.7,1923.9,1253.4,1914.5,1210.0,2123.9,1119.5,2242.4,1002.8,2272.9,898.2,2265.1,776.7,2166.4,719.3,1927.2
703.0,11.7,725.3,1929.0,777.2,1861.4,885.8,1848.6,980.7,1868.4,1088.0,1840.5,1192.8,1863.5,1251.3,1920.7,1216.8,1928.6,1092.8,1895.9,983.5,1913.4,892.0,1903.0,762.8,1923.8,762.8,1923.8,897.4,2158.1,996.6,2170.9,1111.8,2140.7,1216.8,1928.6,1251.3,1920.7,1209.4,2128.8,1119.7,2247.8,1000.6,2278.6,895.9,2269.6,777.0,2167.9,725.3,1929.0
704.0,11.717,711.6,1916.5,769.0,1849.3,883.0,1840.0,976.9,1859.6,1083.1,1832.4,1192.2,1851.6,1256.0,1907.8,1221.8,1917.2,1088.2,1887.8,980.3,1905.1,889.3,1894.9,749.9,1911.9,749.9,1911.9,896.6,2157.4,995.5,2169.4,1109.6,2139.3,1221.8,1917.2,1256.0,1907.8,1210.6,2124.7,1116.2,2247.4,998.4,2277.7,893.7,2269.0,768.2,2164.5,711.6,1916.5
705.0,11.733,717.9,1925.0,775.3,1858.6,886.9,1849.4,979.6,1868.2,1083.6,1840.9,1190.8,1859.7,1253.3,1914.1,1219.5,1923.1,1088.6,1893.8,982.7,1911.4,893.2,1901.8,755.9,1920.0,755.9,1920.0,899.7,2162.3,997.2,2174.2,1108.8,2144.7,1219.5,1923.1,1253.3,1914.1,1209.4,2128.6,1116.5,2248.8,1000.9,2278.6,898.0,2270.3,774.7,2167.9,717.9,1925.0
706.0,11.75,724.7,1922.9,779.9,1856.6,890.6,1846.0,980.6,1864.8,1081.7,1837.1,1186.6,1857.4,1248.1,1912.4,1213.9,1921.0,1086.7,1891.1,983.7,1908.6,897.0,1899.1,762.7,1917.4,762.7,1917.4,903.4,2157.3,998.1,2168.8,1106.9,2139.3,1213.9,1921.0,1248.1,1912.4,1205.1,2126.8,1114.8,2245.4,1002.0,2274.9,901.9,2267.2,779.8,2166.2,724.7,1922.9
707.0,11.767,714.8,1915.8,772.3,1849.4,885.4,1840.9,975.2,1859.5,1077.0,1832.2,1183.4,1850.1,1248.1,1904.3,1214.1,1913.7,1082.5,1884.1,979.0,1901.7,892.3,1892.4,752.6,1910.3,752.6,1910.3,901.3,2157.2,996.0,2167.7,1105.6,2137.0,1214.1,1913.7,1248.1,1904.3,1203.3,2119.3,1111.3,2240.1,998.3,2270.2,897.9,2263.2,772.3,2162.2,714.8,1915.8
708.0,11.783,722.2,1921.6,777.4,1855.8,888.8,1844.8,981.6,1864.3,1086.6,1836.2,1192.4,1856.2,1253.5,1911.4,1219.3,1919.5,1091.3,1889.3,984.2,1907.2,894.9,1897.0,759.8,1916.0,759.8,1916.0,900.4,2158.5,997.8,2171.0,1110.8,2141.1,1219.3,1919.5,1253.5,1911.4,1209.9,2124.7,1118.5,2244.9,1001.5,2274.9,898.9,2266.4,776.5,2164.1,722.2,1921.6
709.0,11.8,720.1,1915.7,773.5,1844.9,884.5,1833.7,979.8,1853.4,1088.3,1824.0,1192.4,1844.4,1250.3,1903.9,1216.0,1911.5,1093.2,1878.0,982.9,1896.9,891.0,1886.6,757.7,1908.7,757.7,1908.7,898.5,2152.0,998.6,2163.9,1115.0,2131.8,1216.0,1911.5,1250.3,1903.9,1210.9,2115.0,1121.7,2237.5,1001.5,2269.4,896.0,2261.4,773.2,2160.2,720.1,1915.7
710.0,11.817,729.2,1923.9,781.8,1857.4,888.5,1844.7,977.8,1863.4,1078.8,1835.2,1178.7,1857.1,1237.1,1912.0,1202.7,1920.7,1083.8,1890.0,980.8,1907.7,894.9,1898.2,767.0,1918.4,767.0,1918.4,900.8,2147.2,994.6,2158.3,1103.1,2128.5,1202.7,1920.7,1237.1,1912.0,1196.1,2120.0,1110.9,2235.4,998.5,2264.9,899.5,2257.6,781.6,2160.5,729.2,1923.9
711.0,11.833,716.8,1926.8,774.8,1858.2,885.5,1843.3,974.7,1861.1,1075.1,1833.3,1177.7,1855.3,1241.9,1911.5,1205.8,1921.8,1080.6,1887.9,978.3,1905.4,892.4,1897.1,754.3,1921.6,754.3,1921.6,898.3,2151.3,991.7,2161.1,1099.6,2131.1,1205.8,1921.8,1241.9,1911.5,1195.0,2120.3,1106.3,2236.1,994.8,2265.6,896.1,2259.7,774.2,2164.7,716.8,1926.8
712.0,11.85,729.1,1940.7,783.9,1856.9,889.0,1828.0,976.0,1848.7,1069.4,1819.4,1169.1,1854.5,1232.2,1926.4,1191.9,1933.5,1076.6,1907.0,980.9,1921.2,896.3,1914.5,773.8,1933.9,773.8,1933.9,902.2,2093.4,992.4,2101.2,1092.6,2076.7,1191.9,1933.5,1232.2,1926.4,1187.7,2116.3,1105.2,2221.0,1000.1,2247.9,903.2,2243.0,787.2,2159.2,729.1,1940.7
713.0,11.867,733.9,1943.5,786.7,1854.8,888.4,1822.9,975.9,1843.9,1070.0,1814.7,1168.0,1852.9,1228.3,1929.4,1187.5,1935.1,1076.8,1906.8,980.1,1921.2,894.8,1914.7,779.1,1936.0,779.1,1936.0,899.3,2085.4,989.8,2093.8,1090.7,2069.5,1187.5,1935.1,1228.3,1929.4,1184.2,2113.6,1102.5,2215.8,996.8,2242.7,899.5,2236.8,788.5,2153.9,733.9,1943.5
714.0,11.883,746.5,1960.4,794.8,1868.7,887.3,1829.1,971.8,1850.5,1062.0,1819.7,1147.2,1864.9,1199.5,1943.5,1156.6,1947.9,1070.0,1922.7,977.0,1936.3,894.9,1931.1,792.6,1951.6,792.6,1951.6,898.9,2052.5,985.1,2057.9,1081.2,2033.4,1156.6,1947.9,1199.5,1943.5,1161.2,2102.5,1093.1,2193.5,992.2,2220.6,898.9,2217.4,797.1,2149.2,746.5,1960.4
715.0,11.9,760.6,1969.4,800.5,1872.5,884.6,1829.6,970.3,1853.6,1062.1,1823.5,1142.3,1875.8,1186.7,1962.1,1143.3,1962.3,1068.3,1932.2,973.5,1943.8,889.8,1937.0,807.2,1958.7,807.2,1958.7,891.9,2039.9,979.2,2047.5,1076.8,2025.3,1143.3,1962.3,1186.7,1962.1,1151.6,2105.0,1086.7,2186.6,984.2,2210.8,890.0,2204.7,799.7,2137.8,760.6,1969.4
716.0,11.917,668.9,2003.0,752.1,1893.8,871.3,1845.4,961.7,1866.2,1054.5,1841.2,1183.4,1890.5,1283.0,1987.7,1235.6,1992.2,1063.9,1948.5,967.9,1959.7,877.5,1956.7,717.1,2001.4,717.1,2001.4,878.7,2053.9,971.8,2059.8,1068.9,2048.4,1235.6,1992.2,1283.0,1987.7,1198.0,2126.7,1080.4,2187.6,977.3,2202.3,877.9,2197.5,753.1,2142.2,668.9,2003.0
717.0,11.933,670.5,2009.8,759.7,1915.9,871.7,1875.3,964.1,1893.4,1061.7,1868.2,1184.1,1908.3,1283.7,1986.8,1236.5,1991.8,1070.6,1959.7,969.3,1973.0,877.5,1970.6,715.9,2007.8,715.9,2007.8,877.6,2043.5,971.5,2048.7,1073.0,2035.2,1236.5,1991.8,1283.7,1986.8,1196.0,2097.1,1082.3,2151.0,975.9,2166.7,876.8,2163.4,760.0,2118.3,670.5,2009.8
718.0,11.95,673.5,2003.1,768.4,1928.1,874.5,1894.0,966.7,1911.4,1065.4,1886.9,1181.9,1920.8,1282.3,1981.2,1235.9,1988.1,1072.7,1970.7,970.5,1985.0,878.4,1981.8,717.2,2002.9,717.2,2002.9,874.9,2020.5,967.9,2025.9,1069.7,2012.3,1235.9,1988.1,1282.3,1981.2,1188.5,2073.0,1078.1,2119.5,971.6,2135.0,874.3,2131.0,765.4,2092.5,673.5,2003.1
719.0,11.967,675.1,2000.5,769.9,1933.7,872.9,1904.7,968.5,1923.0,1070.6,1897.4,1187.4,1926.7,1286.8,1978.9,1240.4,1984.1,1078.4,1984.1,972.7,1999.5,877.1,1995.2,720.5,1998.7,720.5,1998.7,876.0,2005.4,972.2,2011.4,1077.1,1997.3,1240.4,1984.1,1286.8,1978.9,1196.5,2062.5,1087.3,2109.4,977.5,2125.5,876.9,2121.1,769.8,2083.8,675.1,2000.5
720.0,11.983,677.5,1995.9,777.2,1936.3,881.4,1909.8,973.3,1927.1,1071.6,1901.2,1186.7,1927.4,1287.9,1972.4,1242.7,1979.1,1079.6,1983.4,977.8,1999.9,886.1,1995.9,721.9,1996.2,721.9,1996.2,885.4,2001.0,977.8,2006.2,1078.5,1992.0,1242.7,1979.1,1287.9,1972.4,1196.3,2056.6,1089.2,2101.3,983.8,2117.8,887.0,2114.3,777.5,2079.5,677.5,1995.9
721.0,12.0,678.9,1991.5,779.8,1936.0,883.6,1911.2,974.9,1928.3,1073.1,1902.8,1187.1,1926.9,1289.0,1967.4,1243.9,1974.7,1081.0,1981.1,979.3,1997.5,888.3,1993.3,722.7,1992.2,722.7,1992.2,887.5,2000.2,979.1,2005.4,1079.9,1990.6,1243.9,1974.7,1289.0,1967.4,1196.3,2050.6,1090.2,2095.8,985.0,2112.6,889.0,2109.2,779.9,2074.5,678.9,1991.5
722.0,12.017,679.4,1990.1,780.0,1934.0,884.3,1908.8,975.4,1926.1,1073.7,1900.9,1187.9,1925.2,1290.1,1966.7,1245.0,1974.0,1081.6,1980.7,979.9,1996.5,888.9,1992.3,723.2,1990.8,723.2,1990.8,888.2,1997.4,979.8,2002.5,1080.6,1988.2,1245.0,1974.0,1290.1,1966.7,1197.2,2047.9,1090.6,2092.9,985.4,2109.5,889.5,2106.3,780.1,2072.0,679.4,1990.1
723.0,12.033,678.6,1988.3,779.7,1933.5,883.8,1908.7,974.8,1926.1,1072.8,1900.8,1186.8,1925.3,1289.6,1965.9,1244.4,1972.8,1080.5,1979.7,979.0,1995.6,888.3,1991.2,722.3,1988.8,722.3,1988.8,887.5,1994.9,979.0,2000.1,1079.4,1986.0,1244.4,1972.8,1289.6,1965.9,1195.9,2046.7,1089.2,2090.5,984.3,2106.6,888.6,2103.2,779.5,2069.2,678.6,1988.3
724.0,12.05,678.6,1987.0,780.1,1932.6,884.3,1908.6,974.6,1926.2,1071.7,1901.2,1185.8,1925.4,1289.2,1966.2,1244.2,1972.7,1079.3,1980.1,978.7,1995.8,888.5,1991.2,722.3,1987.5,722.3,1987.5,887.8,1993.5,978.5,1998.7,1078.1,1985.0,1244.2,1972.7,1289.2,1966.2,1194.6,2045.8,1087.3,2088.4,983.4,2104.0,888.5,2100.4,779.4,2066.8,678.6,1987.0
725.0,12.067,679.0,1987.1,780.4,1931.7,884.8,1906.4,974.5,1924.0,1071.2,1899.0,1184.2,1924.5,1286.5,1966.8,1241.5,1973.6,1078.6,1978.2,978.5,1993.7,888.9,1989.1,722.5,1988.0,722.5,1988.0,888.0,1991.8,978.2,1996.9,1077.3,1983.3,1241.5,1973.6,1286.5,1966.8,1192.5,2045.8,1086.5,2087.2,983.1,2102.7,888.6,2099.3,779.4,2066.5,679.0,1987.1
726.0,12.083,678.3,1987.7,779.9,1931.7,885.3,1905.8,974.5,1923.6,1070.7,1898.8,1184.1,1924.8,1286.5,1967.9,1241.7,1974.5,1078.3,1978.1,978.7,1993.4,889.4,1988.8,721.7,1988.7,721.7,1988.7,889.1,1991.9,978.9,1996.8,1077.5,1983.5,1241.7,1974.5,1286.5,1967.9,1192.8,2046.5,1086.5,2087.1,983.6,2102.4,889.4,2099.0,779.2,2066.6,678.3,1987.7
727.0,12.1,679.1,1989.5,780.2,1931.8,884.6,1905.4,974.2,1923.3,1070.9,1898.4,1183.3,1925.4,1284.3,1969.8,1239.7,1976.3,1078.4,1978.3,978.2,1993.6,888.6,1989.0,722.4,1990.5,722.4,1990.5,887.5,1991.7,977.6,1996.7,1076.6,1983.3,1239.7,1976.3,1284.3,1969.8,1191.0,2047.4,1085.4,2087.5,982.0,2102.8,887.5,2099.2,778.5,2067.0,679.1,1989.5
728.0,12.117,680.1,1991.8,781.4,1932.9,886.0,1905.8,974.9,1923.6,1070.5,1898.8,1182.7,1926.3,1283.4,1971.9,1239.0,1978.3,1078.0,1978.5,978.8,1993.6,890.0,1989.2,723.5,1992.7,723.5,1992.7,889.2,1991.8,978.6,1996.7,1076.6,1983.6,1239.0,1978.3,1283.4,1971.9,1190.8,2048.7,1085.7,2087.5,983.3,2102.4,889.5,2099.1,780.1,2068.0,680.1,1991.8
729.0,12.133,681.6,1994.3,782.2,1934.0,886.0,1906.2,975.3,1923.9,1071.3,1898.8,1183.2,1927.0,1282.6,1973.7,1238.1,1979.7,1078.9,1979.3,979.4,1994.6,890.2,1990.3,725.2,1994.9,725.2,1994.9,890.0,1992.1,979.8,1997.0,1078.1,1983.9,1238.1,1979.7,1282.6,1973.7,1192.0,2050.1,1087.7,2088.9,985.0,2104.0,890.7,2100.7,781.7,2070.0,681.6,1994.3
730.0,12.15,680.9,1995.4,781.2,1934.4,885.6,1905.6,974.7,1923.6,1070.7,1898.7,1182.3,1927.7,1281.7,1975.8,1237.1,1982.0,1078.3,1980.0,978.7,1994.9,889.6,1990.5,724.4,1996.4,724.4,1996.4,889.0,1991.5,978.7,1996.4,1077.0,1983.5,1237.1,1982.0,1281.7,1975.8,1190.4,2050.9,1086.3,2088.8,983.6,2103.6,889.4,2100.4,780.3,2070.3,680.9,1995.4
731.0,12.167,680.3,1996.4,780.4,1935.1,884.8,1906.2,974.1,1924.1,1070.3,1899.2,1181.8,1928.2,1280.7,1976.7,1236.0,1982.8,1077.9,1980.2,978.2,1995.1,888.9,1990.7,723.8,1997.3,723.8,1997.3,888.6,1993.0,978.6,1997.9,1077.1,1985.0,1236.0,1982.8,1280.7,1976.7,1190.4,2052.0,1086.6,2090.1,983.7,2105.0,889.3,2101.9,779.9,2071.9,680.3,1996.4
732.0,12.183,679.0,1997.6,779.4,1935.8,884.4,1906.5,972.9,1924.3,1068.1,1899.6,1179.9,1929.0,1279.8,1977.8,1235.0,1983.9,1075.8,1980.6,977.1,1995.3,888.6,1991.2,722.4,1998.4,722.4,1998.4,888.2,1993.3,977.3,1997.9,1074.8,1985.3,1235.0,1983.9,1279.8,1977.8,1188.4,2052.9,1084.1,2090.2,982.2,2104.8,888.6,2101.9,778.8,2072.3,679.0,1997.6
733.0,12.2,677.9,1998.1,778.5,1935.5,883.3,1906.5,972.4,1924.2,1068.1,1899.5,1180.0,1929.0,1279.3,1978.6,1234.6,1984.5,1075.8,1980.4,976.6,1995.2,887.5,1990.9,721.5,1999.0,721.5,1999.0,887.0,1993.9,976.8,1998.6,1074.7,1986.1,1234.6,1984.5,1279.3,1978.6,1188.5,2053.6,1084.2,2090.4,981.8,2104.6,887.6,2101.7,777.8,2072.3,677.9,1998.1
734.0,12.217,678.2,1998.7,777.7,1936.2,882.2,1906.5,971.8,1924.5,1068.2,1900.0,1179.6,1930.3,1278.0,1980.4,1233.3,1986.0,1075.5,1981.4,975.6,1995.8,886.0,1991.4,722.0,1999.2,722.0,1999.2,885.7,1993.8,975.9,1998.9,1074.5,1986.5,1233.3,1986.0,1278.0,1980.4,1187.9,2054.5,1084.0,2091.5,980.9,2105.7,886.3,2102.5,777.1,2072.5,678.2,1998.7
735.0,12.233,677.9,2000.0,777.7,1936.2,882.1,1906.2,971.5,1924.2,1067.3,1899.4,1178.6,1930.0,1276.9,1981.3,1232.0,1986.8,1075.0,1982.2,975.7,1996.8,886.2,1992.5,722.0,2000.6,722.0,2000.6,885.7,1992.9,975.8,1997.6,1073.8,1985.1,1232.0,1986.8,1276.9,1981.3,1187.0,2055.4,1083.4,2091.5,980.9,2105.7,886.4,2102.7,777.0,2073.6,677.9,2000.0
736.0,12.25,679.0,2001.2,778.0,1936.5,882.1,1907.2,971.6,1925.0,1067.6,1900.1,1178.8,1930.1,1276.1,1981.5,1231.6,1986.8,1075.7,1982.5,976.0,1997.3,886.5,1993.3,723.0,2001.4,723.0,2001.4,886.6,1994.7,976.7,1999.2,1075.0,1986.2,1231.6,1986.8,1276.1,1981.5,1187.8,2055.1,1084.5,2091.8,981.8,2106.3,887.2,2103.5,777.7,2074.4,679.0,2001.2
737.0,12.267,679.4,2002.1,777.9,1937.8,882.6,1907.1,971.5,1925.2,1066.7,1900.3,1177.7,1930.7,1275.8,1982.6,1230.8,1987.9,1074.7,1982.7,976.0,1997.4,887.2,1993.1,723.3,2002.3,723.3,2002.3,887.9,1996.0,977.4,2000.4,1074.9,1987.7,1230.8,1987.9,1275.8,1982.6,1187.3,2056.5,1084.7,2093.4,982.7,2108.1,888.6,2105.6,778.5,2076.9,679.4,2002.1
738.0,12.283,679.2,2002.7,777.6,1937.7,881.8,1907.8,971.0,1925.7,1066.8,1900.9,1178.0,1931.6,1274.9,1983.5,1230.4,1988.6,1074.9,1982.6,975.4,1997.2,886.3,1993.0,723.0,2002.9,723.0,2002.9,886.8,1996.6,976.6,2001.4,1074.8,1988.4,1230.4,1988.6,1274.9,1983.5,1187.1,2057.1,1084.3,2093.5,981.7,2107.8,887.3,2104.9,777.7,2075.5,679.2,2002.7
739.0,12.3,679.6,2003.3,777.1,1938.5,881.1,1907.7,970.7,1925.8,1067.0,1900.8,1177.5,1931.7,1274.1,1983.9,1229.4,1989.1,1075.0,1983.2,975.1,1997.8,885.6,1993.5,723.3,2003.3,723.3,2003.3,886.1,1996.5,976.3,2001.2,1074.9,1988.1,1229.4,1989.1,1274.1,1983.9,1186.6,2056.8,1084.4,2093.7,981.3,2108.5,886.6,2105.7,777.3,2076.7,679.6,2003.3
740.0,12.317,678.5,2004.4,775.7,1937.8,879.2,1907.3,969.2,1925.5,1065.7,1900.4,1176.7,1931.9,1273.0,1985.5,1228.3,1989.9,1073.7,1983.1,973.5,1997.6,883.6,1993.4,722.5,2003.9,722.5,2003.9,884.2,1996.5,974.8,2001.3,1073.6,1988.4,1228.3,1989.9,1273.0,1985.5,1186.0,2058.1,1083.2,2094.4,979.9,2108.7,884.7,2105.7,775.9,2076.3,678.5,2004.4
741.0,12.333,677.5,2004.9,774.4,1937.3,878.3,1907.0,967.6,1925.2,1063.1,1900.3,1174.5,1931.6,1271.7,1986.2,1227.2,1990.2,1071.4,1983.2,972.2,1997.4,883.0,1993.3,721.6,2004.2,721.6,2004.2,884.2,1997.8,974.1,2002.3,1071.9,1989.7,1227.2,1990.2,1271.7,1986.2,1184.7,2058.7,1081.5,2094.5,979.3,2108.4,884.8,2105.7,775.1,2076.8,677.5,2004.9
742.0,12.35,676.3,2005.8,773.1,1937.6,876.5,1906.7,965.8,1924.6,1061.3,1899.8,1172.3,1932.0,1269.1,1987.0,1224.4,1991.2,1069.6,1983.1,970.4,1997.3,881.2,1993.4,720.4,2005.2,720.4,2005.2,881.6,1995.9,971.5,2000.3,1069.3,1987.8,1224.4,1991.2,1269.1,1987.0,1181.7,2058.9,1079.0,2093.5,976.8,2107.3,882.3,2104.7,773.3,2076.6,676.3,2005.8
743.0,12.367,675.1,2005.7,772.4,1937.2,876.6,1906.2,964.6,1924.4,1058.3,1899.7,1170.5,1932.0,1268.4,1987.8,1223.7,1991.4,1066.6,1983.2,969.2,1997.4,881.3,1993.5,719.3,2004.9,719.3,2004.9,882.4,1995.4,971.0,2000.1,1067.0,1988.1,1223.7,1991.4,1268.4,1987.8,1180.6,2060.7,1076.9,2094.6,976.5,2107.8,883.2,2104.9,773.3,2076.3,675.1,2005.7
744.0,12.383,675.4,2006.4,768.9,1935.3,871.4,1902.8,961.2,1921.4,1057.2,1896.8,1169.0,1931.2,1265.4,1990.0,1220.1,1992.7,1065.0,1982.4,965.4,1996.0,875.6,1991.8,719.8,2004.3,719.8,2004.3,876.5,1993.7,967.0,1998.9,1065.3,1987.1,1220.1,1992.7,1265.4,1990.0,1178.5,2060.2,1074.8,2094.5,971.9,2107.6,876.8,2104.3,769.6,2074.9,675.4,2006.4
745.0,12.4,675.7,2003.5,767.0,1931.1,868.5,1899.3,958.3,1918.5,1054.3,1893.7,1166.3,1928.8,1261.5,1989.5,1216.3,1991.0,1062.2,1980.6,962.5,1994.0,872.7,1989.4,720.1,2000.8,720.1,2000.8,874.3,1992.6,964.9,1998.2,1063.3,1986.4,1216.3,1991.0,1261.5,1989.5,1176.0,2060.4,1072.4,2094.6,969.4,2107.4,874.2,2103.5,767.7,2072.8,675.7,2003.5
746.0,12.417,676.0,2000.5,763.3,1925.0,863.0,1892.9,954.6,1913.1,1053.1,1888.5,1165.0,1926.0,1256.9,1990.5,1212.2,1990.5,1060.1,1977.8,958.0,1990.4,866.2,1985.2,720.6,1996.5,720.6,1996.5,867.8,1990.7,960.4,1997.5,1061.4,1985.9,1212.2,1990.5,1256.9,1990.5,1173.7,2061.4,1069.7,2095.9,964.1,2108.4,866.8,2102.8,763.0,2069.1,676.0,2000.5
747.0,12.433,675.0,1995.3,756.8,1914.5,855.5,1881.8,949.4,1904.1,1051.5,1879.5,1164.2,1921.1,1253.8,1992.1,1209.4,1989.8,1057.9,1972.8,952.0,1984.1,857.7,1977.6,719.5,1989.8,719.5,1989.8,859.3,1988.7,954.5,1996.9,1059.4,1985.5,1209.4,1989.8,1253.8,1992.1,1171.5,2062.6,1065.8,2097.2,956.3,2109.0,856.5,2101.2,754.7,2063.2,675.0,1995.3
748.0,12.45,677.5,1988.6,756.9,1907.2,856.1,1874.3,950.2,1898.4,1052.7,1874.3,1166.4,1918.4,1254.0,1991.7,1210.9,1988.6,1058.6,1972.6,952.2,1982.7,857.3,1975.1,722.5,1983.0,722.5,1983.0,858.4,1988.0,953.8,1997.9,1059.3,1987.0,1210.9,1988.6,1254.0,1991.7,1172.2,2066.9,1065.2,2102.9,955.1,2113.7,854.6,2103.7,753.0,2059.9,677.5,1988.6
749.0,12.467,679.0,1982.6,757.3,1904.6,859.0,1873.7,951.3,1898.0,1052.6,1874.7,1167.1,1916.7,1252.8,1987.4,1212.0,1985.5,1058.6,1966.7,953.4,1976.5,860.7,1968.3,722.6,1978.6,722.6,1978.6,862.4,2011.3,956.4,2022.1,1061.2,2010.0,1212.0,1985.5,1252.8,1987.4,1173.6,2076.8,1066.2,2120.0,957.0,2132.0,857.9,2120.6,753.0,2069.0,679.0,1982.6
750.0,12.483,687.1,1980.6,760.3,1904.0,860.7,1875.6,953.8,1899.6,1056.7,1876.8,1168.5,1919.6,1249.2,1987.9,1210.6,1985.7,1061.7,1959.3,955.2,1968.4,862.1,1959.3,729.8,1975.7,729.8,1975.7,863.5,2033.2,958.7,2045.6,1065.4,2033.1,1210.6,1985.7,1249.2,1987.9,1175.9,2089.0,1071.4,2137.7,960.3,2149.9,860.2,2137.4,755.7,2078.6,687.1,1980.6
751.0,12.5,695.5,1980.4,773.3,1904.9,880.5,1874.9,963.7,1896.2,1053.6,1874.5,1169.4,1915.8,1257.2,1980.9,1219.0,1982.4,1059.6,1952.6,966.4,1961.3,883.6,1954.6,738.2,1978.3,738.2,1978.3,885.3,2061.1,970.9,2072.6,1065.1,2061.6,1219.0,1982.4,1257.2,1980.9,1181.4,2110.2,1074.9,2165.8,976.1,2177.4,885.1,2166.8,772.0,2102.7,695.5,1980.4
752.0,12.517,706.4,1990.1,770.5,1903.5,876.1,1870.5,964.1,1892.4,1058.1,1869.8,1177.0,1909.6,1256.8,1985.4,1217.9,1985.0,1064.7,1946.7,967.9,1955.2,881.1,1948.6,749.5,1984.2,749.5,1984.2,889.6,2094.4,981.0,2106.4,1080.1,2094.5,1217.9,1985.0,1256.8,1985.4,1197.1,2128.6,1092.5,2198.3,987.9,2212.4,891.3,2201.9,776.9,2129.0,706.4,1990.1
753.0,12.533,709.4,1998.7,762.6,1902.0,867.4,1868.8,955.0,1890.7,1045.8,1867.6,1173.0,1902.7,1257.2,1991.4,1216.5,1990.2,1053.3,1944.6,961.1,1952.6,874.9,1946.4,754.7,1989.6,754.7,1989.6,900.8,2113.5,993.8,2123.4,1089.5,2113.1,1216.5,1990.2,1257.2,1991.4,1211.1,2141.9,1105.6,2217.3,1003.3,2231.6,905.1,2223.1,784.1,2150.9,709.4,1998.7
754.0,12.55,728.0,1977.1,758.7,1886.9,853.6,1859.0,937.0,1881.6,1025.2,1859.3,1136.5,1893.9,1202.3,1980.5,1162.9,1977.0,1032.3,1930.5,943.5,1936.7,862.2,1928.0,774.4,1961.3,774.4,1961.3,897.6,2113.7,988.0,2124.6,1082.3,2109.7,1162.9,1977.0,1202.3,1980.5,1182.6,2138.6,1099.6,2218.5,1000.2,2233.0,904.5,2225.4,787.4,2152.2,728.0,1977.1
755.0,12.567,726.7,1925.9,762.6,1864.9,861.8,1857.9,934.8,1881.4,1018.0,1855.7,1110.2,1889.5,1165.5,1955.8,1131.3,1956.4,1022.5,1914.7,939.3,1925.2,868.0,1912.7,770.1,1915.2,770.1,1915.2,902.5,2110.7,984.0,2120.0,1073.4,2098.3,1131.3,1956.4,1165.5,1955.8,1149.6,2133.2,1082.9,2214.2,990.5,2230.2,902.3,2225.1,778.6,2142.8,726.7,1925.9
756.0,12.583,725.9,1927.6,767.2,1867.1,865.0,1855.4,931.4,1877.6,1005.0,1854.1,1096.2,1889.4,1156.6,1951.4,1121.4,1953.8,1009.5,1917.9,935.1,1927.7,870.1,1916.9,768.1,1920.0,768.1,1920.0,895.5,2103.9,968.8,2112.7,1047.9,2094.6,1121.4,1953.8,1156.6,1951.4,1126.5,2136.6,1056.2,2213.8,973.5,2227.8,893.6,2221.5,776.3,2137.7,725.9,1927.6
757.0,12.6,765.8,1949.2,812.2,1891.6,900.6,1866.6,956.5,1886.4,1015.4,1864.1,1101.9,1900.7,1169.6,1951.5,1131.4,1954.2,1021.0,1929.9,959.7,1938.9,906.6,1932.6,803.8,1942.1,803.8,1942.1,913.8,2103.4,971.3,2112.6,1035.7,2096.8,1131.4,1954.2,1169.6,1951.5,1116.6,2130.1,1044.0,2208.6,975.2,2224.0,911.9,2216.8,816.3,2135.3,765.8,1949.2
758.0,12.617,787.6,1954.0,828.4,1895.6,908.2,1866.4,959.2,1885.5,1012.6,1862.3,1092.4,1898.6,1160.2,1947.6,1120.8,1949.3,1018.7,1930.3,963.0,1938.8,915.2,1934.2,825.6,1942.8,825.6,1942.8,923.5,2088.1,975.0,2095.9,1033.3,2079.8,1120.8,1949.3,1160.2,1947.6,1108.5,2110.9,1043.2,2191.6,980.3,2209.0,923.2,2203.1,837.2,2126.8,787.6,1954.0
759.0,12.633,799.6,1972.9,832.5,1902.6,904.8,1869.2,960.1,1889.2,1017.0,1865.4,1094.1,1904.4,1154.4,1963.8,1113.9,1962.5,1023.6,1939.6,964.4,1947.3,912.2,1943.3,839.2,1958.0,839.2,1958.0,922.8,2086.5,978.4,2094.3,1040.2,2078.1,1113.9,1962.5,1154.4,1963.8,1112.4,2111.8,1051.4,2192.2,984.7,2210.3,923.6,2204.3,844.3,2131.4,799.6,1972.9
760.0,12.65,801.1,1973.2,833.8,1907.0,906.4,1874.5,962.3,1894.2,1020.8,1869.1,1097.5,1907.4,1157.9,1962.7,1117.8,1961.5,1027.9,1941.7,966.8,1950.7,914.5,1946.4,840.1,1958.3,840.1,1958.3,925.7,2089.5,981.6,2097.6,1045.1,2080.5,1117.8,1961.5,1157.9,1962.7,1116.9,2112.0,1057.0,2194.0,988.8,2213.2,927.2,2207.6,846.8,2134.0,801.1,1973.2
761.0,12.667,810.1,1975.8,841.3,1908.4,910.8,1877.8,965.7,1896.6,1023.4,1872.4,1098.6,1907.9,1156.8,1963.0,1117.3,1961.7,1030.6,1940.9,970.5,1950.0,919.2,1946.2,849.0,1960.5,849.0,1960.5,930.9,2097.3,985.8,2105.2,1048.6,2087.3,1117.3,1961.7,1156.8,1963.0,1118.5,2110.1,1060.1,2192.7,993.0,2212.1,932.6,2206.5,855.1,2133.2,810.1,1975.8
762.0,12.683,810.8,1976.2,844.6,1910.8,917.0,1880.1,968.5,1898.5,1022.4,1874.4,1098.8,1908.4,1160.8,1961.4,1121.6,1960.8,1030.2,1940.3,973.8,1949.4,926.0,1946.2,849.1,1961.3,849.1,1961.3,939.5,2102.0,991.0,2108.9,1050.0,2090.9,1121.6,1960.8,1160.8,1961.4,1120.3,2110.7,1061.2,2194.0,998.0,2213.5,940.9,2208.9,859.9,2136.6,810.8,1976.2
763.0,12.7,816.1,1977.7,848.8,1911.4,919.8,1881.0,971.7,1899.4,1026.0,1875.6,1102.1,1909.7,1163.4,1962.8,1124.2,1961.8,1034.0,1941.6,977.3,1950.4,929.0,1947.2,854.5,1962.4,854.5,1962.4,942.3,2101.2,994.2,2108.3,1053.6,2090.4,1124.2,1961.8,1163.4,1962.8,1123.8,2109.6,1065.3,2192.2,1001.7,2211.7,944.4,2206.9,864.6,2134.7,816.1,1977.7
764.0,12.717,813.5,1977.8,848.4,1911.8,919.8,1881.5,969.5,1900.5,1020.6,1876.8,1098.1,1911.3,1165.0,1963.7,1124.5,1962.2,1029.2,1945.3,975.6,1953.2,929.5,1950.1,852.0,1962.1,852.0,1962.1,942.9,2091.3,992.1,2098.1,1048.0,2081.6,1124.5,1962.2,1165.0,1963.7,1119.9,2105.5,1059.5,2186.0,999.3,2204.5,944.5,2199.8,864.8,2129.8,813.5,1977.8
765.0,12.733,809.3,1981.4,849.9,1917.2,923.6,1887.2,971.5,1905.3,1020.1,1881.6,1098.3,1914.8,1170.0,1964.2,1129.0,1963.8,1028.9,1949.2,977.8,1957.1,933.5,1954.8,847.9,1967.1,847.9,1967.1,946.5,2085.4,993.8,2091.0,1047.0,2075.6,1129.0,1963.8,1170.0,1964.2,1120.8,2102.9,1059.4,2179.1,1001.8,2196.8,949.2,2193.8,866.5,2129.3,809.3,1981.4
766.0,12.75,813.2,1979.9,852.8,1918.5,925.9,1889.1,972.9,1907.1,1020.3,1882.5,1096.7,1915.5,1165.2,1963.0,1124.8,1963.8,1029.1,1949.7,979.3,1958.7,936.1,1956.1,851.3,1966.3,851.3,1966.3,950.6,2088.4,997.2,2093.8,1049.0,2077.7,1124.8,1963.8,1165.2,1963.0,1120.3,2107.3,1062.4,2184.8,1006.0,2203.4,953.9,2200.8,870.5,2135.5,813.2,1979.9
767.0,12.767,811.7,1987.4,850.6,1922.9,923.9,1890.9,970.9,1908.8,1017.7,1884.2,1094.0,1918.3,1164.0,1968.5,1122.8,1968.4,1026.6,1951.3,977.2,1960.0,934.1,1957.8,849.7,1972.7,849.7,1972.7,949.7,2087.0,996.1,2092.1,1047.1,2077.1,1122.8,1968.4,1164.0,1968.5,1118.8,2107.6,1060.9,2182.3,1005.1,2200.2,953.3,2198.3,869.7,2136.1,811.7,1987.4
768.0,12.783,814.7,1983.1,849.0,1918.4,920.9,1885.0,968.9,1903.5,1017.6,1878.0,1093.4,1914.0,1160.1,1965.4,1119.2,1964.8,1026.0,1946.8,974.8,1955.6,931.0,1952.8,852.4,1967.5,852.4,1967.5,947.4,2089.4,994.9,2095.3,1048.1,2079.9,1119.2,1964.8,1160.1,1965.4,1118.6,2109.2,1062.0,2188.1,1004.0,2206.7,950.9,2204.1,868.8,2137.6,814.7,1983.1
769.0,12.8,814.6,1975.9,850.2,1916.0,920.9,1885.2,969.6,1903.4,1019.8,1878.4,1094.7,1911.9,1161.0,1958.8,1120.5,1958.7,1027.9,1944.5,975.1,1954.0,930.5,1950.9,852.0,1960.9,852.0,1960.9,945.5,2085.1,993.7,2091.8,1048.3,2075.7,1120.5,1958.7,1161.0,1958.8,1118.3,2101.7,1061.9,2180.7,1002.6,2199.7,949.1,2196.3,869.0,2129.2,814.6,1975.9
770.0,12.817,810.0,1979.3,846.5,1917.4,918.4,1885.8,965.9,1904.2,1014.3,1879.6,1090.3,1914.3,1159.1,1962.7,1118.2,1962.8,1022.7,1946.3,971.8,1954.8,928.2,1951.9,847.1,1964.8,847.1,1964.8,943.5,2085.3,990.5,2091.7,1043.2,2076.5,1118.2,1962.8,1159.1,1962.7,1114.1,2104.6,1056.4,2181.5,999.1,2199.6,946.6,2196.4,865.1,2130.5,810.0,1979.3
771.0,12.833,811.9,1979.2,847.6,1913.9,916.4,1883.5,965.7,1901.7,1015.5,1877.3,1090.6,1910.7,1155.7,1961.5,1115.1,1960.7,1024.2,1945.1,971.9,1953.9,926.4,1951.4,850.1,1964.0,850.1,1964.0,941.7,2082.6,990.6,2088.8,1044.8,2072.7,1115.1,1960.7,1155.7,1961.5,1114.7,2100.2,1058.4,2177.8,999.6,2196.4,945.4,2192.9,866.3,2127.7,811.9,1979.2
772.0,12.85,807.2,1975.1,844.4,1911.7,915.9,1881.7,963.5,1899.9,1011.6,1876.1,1088.4,1909.4,1156.3,1958.5,1116.2,1958.2,1020.2,1943.5,969.6,1951.7,925.7,1949.1,845.0,1960.7,845.0,1960.7,940.3,2085.2,987.5,2091.7,1040.0,2076.5,1116.2,1958.2,1156.3,1958.5,1112.0,2102.3,1052.9,2180.2,995.9,2197.8,943.2,2193.9,862.1,2126.3,807.2,1975.1
773.0,12.867,804.1,1981.4,842.9,1919.1,915.2,1887.4,962.5,1905.3,1010.1,1880.6,1086.3,1914.6,1157.5,1962.5,1116.3,1962.3,1018.9,1946.5,968.6,1955.1,925.5,1952.6,841.4,1966.7,841.4,1966.7,941.1,2081.7,987.6,2087.3,1039.4,2072.4,1116.3,1962.3,1157.5,1962.5,1111.0,2100.5,1052.8,2175.3,996.4,2193.1,944.7,2190.8,862.1,2128.2,804.1,1981.4
774.0,12.883,806.5,1976.1,843.9,1911.8,914.4,1881.4,962.6,1899.4,1011.6,1875.3,1087.8,1908.1,1155.0,1957.8,1114.9,1957.3,1020.2,1942.5,968.7,1951.2,924.3,1948.9,844.4,1961.3,844.4,1961.3,939.3,2081.7,986.9,2087.8,1040.4,2071.7,1114.9,1957.3,1155.0,1957.8,1111.5,2097.1,1053.3,2174.7,995.4,2193.2,942.4,2189.7,862.1,2124.4,806.5,1976.1
775.0,12.9,806.3,1975.8,843.0,1910.1,914.4,1878.6,962.0,1896.7,1010.2,1872.7,1087.3,1906.3,1155.3,1957.2,1114.9,1956.6,1019.0,1940.3,968.2,1948.5,924.5,1946.4,844.0,1960.5,844.0,1960.5,939.8,2084.6,986.9,2090.6,1039.6,2074.9,1114.9,1956.6,1155.3,1957.2,1111.3,2099.0,1052.3,2178.2,995.1,2196.6,942.6,2193.0,861.5,2126.1,806.3,1975.8
776.0,12.917,805.7,1977.6,842.2,1911.1,913.5,1879.2,960.7,1897.5,1008.4,1872.9,1084.7,1907.8,1153.7,1959.5,1112.9,1958.4,1017.1,1941.0,966.7,1949.4,923.6,1947.1,843.2,1962.0,843.2,1962.0,939.0,2082.0,985.5,2087.9,1037.6,2072.7,1112.9,1958.4,1153.7,1959.5,1108.9,2099.5,1050.5,2176.9,993.8,2195.0,941.9,2191.8,860.8,2126.3,805.7,1977.6
777.0,12.933,806.2,1980.3,842.6,1912.9,912.8,1882.0,960.4,1900.0,1007.6,1876.1,1083.3,1909.7,1149.6,1962.1,1109.4,1961.1,1016.4,1944.4,966.7,1952.6,922.9,1950.6,844.4,1965.2,844.4,1965.2,938.6,2083.5,985.7,2089.3,1037.3,2074.2,1109.4,1961.1,1149.6,1962.1,1108.2,2101.9,1050.8,2178.2,994.7,2195.8,942.1,2192.6,861.2,2127.9,806.2,1980.3
778.0,12.95,809.6,1980.9,842.9,1912.5,911.8,1880.1,960.0,1898.0,1008.4,1873.6,1083.1,1909.1,1148.1,1962.5,1107.8,1961.2,1017.1,1941.8,966.1,1950.1,922.0,1948.0,847.4,1965.0,847.4,1965.0,937.5,2085.7,985.2,2091.9,1038.1,2076.7,1107.8,1961.2,1148.1,1962.5,1108.0,2103.2,1052.0,2180.6,994.4,2198.7,941.3,2195.4,862.1,2129.6,809.6,1980.9
779.0,12.967,806.3,1975.4,841.4,1910.9,911.3,1881.0,959.5,1898.9,1008.2,1874.9,1083.7,1908.6,1149.4,1959.0,1109.7,1958.2,1016.4,1941.4,965.3,1950.0,921.0,1947.3,844.1,1960.5,844.1,1960.5,935.8,2087.8,983.7,2094.5,1036.8,2079.0,1109.7,1958.2,1149.4,1959.0,1107.6,2104.2,1050.3,2182.8,992.7,2200.8,939.3,2196.8,859.3,2128.6,806.3,1975.4
780.0,12.983,803.7,1971.8,842.4,1913.1,915.2,1883.1,962.5,1901.3,1011.1,1876.9,1087.5,1910.5,1157.1,1956.1,1117.2,1956.3,1018.9,1942.4,967.9,1951.0,924.5,1947.8,840.7,1958.1,840.7,1958.1,938.7,2083.4,985.7,2090.0,1038.6,2074.8,1117.2,1956.3,1157.1,1956.1,1110.5,2101.5,1051.7,2178.7,994.1,2196.5,941.9,2192.9,859.4,2125.8,803.7,1971.8
781.0,13.0,802.5,1965.6,843.3,1908.3,917.6,1881.6,964.4,1899.3,1012.4,1876.4,1091.3,1907.4,1161.9,1951.4,1123.2,1952.5,1020.5,1941.0,970.1,1949.2,926.7,1946.0,840.1,1953.3,840.1,1953.3,940.0,2087.9,986.9,2094.9,1039.5,2079.4,1123.2,1952.5,1161.9,1951.4,1113.7,2102.6,1051.7,2181.2,994.8,2198.4,942.4,2193.9,858.6,2123.7,802.5,1965.6
782.0,13.017,805.9,1972.0,842.9,1910.0,917.6,1880.1,964.3,1898.7,1012.6,1874.4,1090.0,1908.8,1160.0,1957.9,1120.6,1957.8,1020.8,1940.3,969.8,1948.5,927.0,1945.3,842.5,1957.8,842.5,1957.8,942.0,2091.1,988.5,2097.7,1041.3,2082.2,1120.6,1957.8,1160.0,1957.9,1113.2,2106.5,1052.5,2185.1,995.3,2202.8,943.1,2198.7,859.1,2129.1,805.9,1972.0
783.0,13.033,800.6,1959.8,843.3,1905.0,921.2,1879.5,965.1,1897.5,1010.8,1875.2,1092.0,1906.5,1165.6,1948.6,1127.1,1950.7,1018.8,1938.9,970.7,1946.5,930.1,1943.0,837.7,1948.8,837.7,1948.8,942.9,2092.2,987.3,2099.5,1037.8,2084.6,1127.1,1950.7,1165.6,1948.6,1113.6,2108.1,1048.9,2187.8,994.2,2204.2,944.0,2199.1,857.1,2125.3,800.6,1959.8
784.0,13.05,804.3,1975.8,841.4,1911.1,914.8,1881.8,962.1,1900.9,1011.4,1877.6,1089.9,1911.5,1160.8,1963.0,1120.9,1961.3,1019.5,1943.6,967.6,1950.8,923.9,1947.6,841.6,1960.4,841.6,1960.4,938.5,2090.8,985.6,2097.7,1039.5,2082.8,1120.9,1961.3,1160.8,1963.0,1112.1,2104.2,1049.3,2181.8,991.3,2198.5,938.7,2193.8,856.9,2124.9,804.3,1975.8
785.0,13.067,796.9,1962.1,840.2,1906.2,920.8,1878.6,962.3,1897.0,1005.4,1875.1,1088.3,1907.7,1166.0,1951.4,1126.8,1952.9,1013.5,1940.9,968.0,1947.4,929.7,1944.2,834.4,1950.4,834.4,1950.4,942.4,2095.7,984.3,2102.7,1032.3,2088.8,1126.8,1952.9,1166.0,1951.4,1109.9,2112.1,1042.5,2192.0,990.4,2207.5,942.4,2202.9,853.5,2128.5,796.9,1962.1
786.0,13.083,804.6,1974.6,840.1,1909.9,913.6,1880.7,961.6,1899.8,1012.4,1877.0,1092.2,1911.7,1162.2,1963.7,1122.6,1961.9,1020.1,1943.9,966.7,1950.7,922.1,1947.3,842.3,1959.3,842.3,1959.3,934.7,2095.9,982.6,2103.8,1038.5,2088.6,1122.6,1961.9,1162.2,1963.7,1112.8,2108.1,1047.9,2187.7,988.0,2204.4,934.4,2198.7,854.0,2126.3,804.6,1974.6
787.0,13.1,798.3,1969.2,839.4,1912.1,919.2,1883.8,963.6,1902.4,1011.5,1879.0,1092.1,1912.4,1167.3,1957.7,1127.8,1958.5,1019.7,1944.1,969.1,1952.0,928.2,1948.7,835.2,1956.4,835.2,1956.4,940.2,2099.7,984.7,2106.4,1037.6,2090.4,1127.8,1958.5,1167.3,1957.7,1112.0,2111.2,1046.2,2191.6,989.6,2209.2,939.0,2204.9,851.8,2131.9,798.3,1969.2
788.0,13.117,800.0,1984.5,837.4,1916.3,912.7,1886.2,961.8,1905.3,1014.5,1882.5,1095.1,1917.8,1166.3,1972.7,1126.3,1970.8,1022.5,1949.0,967.3,1955.7,921.3,1952.5,837.9,1969.5,837.9,1969.5,933.7,2100.8,983.0,2107.7,1040.7,2092.0,1126.3,1970.8,1166.3,1972.7,1115.1,2111.6,1048.9,2189.5,987.4,2206.6,932.5,2201.7,850.1,2132.2,800.0,1984.5
789.0,13.133,804.1,1970.8,843.0,1912.3,921.0,1883.3,966.9,1902.6,1017.4,1879.1,1097.5,1913.5,1170.8,1960.3,1131.0,1960.3,1024.9,1945.9,971.9,1953.2,929.2,1949.5,841.4,1957.0,841.4,1957.0,940.0,2102.0,986.1,2109.4,1041.8,2093.3,1131.0,1960.3,1170.8,1960.3,1115.9,2112.1,1049.9,2195.7,990.3,2213.6,938.3,2208.4,854.7,2133.1,804.1,1970.8
790.0,13.15,801.5,1988.7,838.8,1923.4,913.6,1893.3,964.2,1912.9,1019.2,1889.1,1098.2,1924.7,1170.2,1977.5,1129.2,1975.3,1027.0,1954.8,969.5,1962.2,922.3,1958.5,838.9,1973.1,838.9,1973.1,934.4,2100.9,984.8,2107.9,1044.6,2091.7,1129.2,1975.3,1170.2,1977.5,1117.4,2112.1,1052.3,2189.2,988.6,2206.9,932.7,2202.3,851.5,2134.3,801.5,1988.7
791.0,13.167,799.7,1976.8,838.5,1918.1,916.6,1889.6,965.8,1908.7,1019.5,1884.9,1100.1,1919.3,1172.6,1966.6,1132.9,1966.6,1027.2,1951.2,970.9,1959.1,925.1,1955.1,837.0,1963.3,837.0,1963.3,936.1,2107.5,985.5,2115.1,1044.3,2098.4,1132.9,1966.6,1172.6,1966.6,1118.9,2117.4,1052.6,2200.3,989.9,2218.6,934.6,2213.5,850.1,2138.7,799.7,1976.8
792.0,13.183,799.1,1976.3,837.6,1921.5,913.9,1895.6,967.5,1915.2,1026.7,1891.3,1106.8,1923.7,1176.9,1967.7,1137.2,1967.7,1034.1,1956.4,972.5,1965.3,922.1,1960.2,837.1,1963.0,837.1,1963.0,932.1,2103.8,985.9,2112.2,1050.1,2094.4,1137.2,1967.7,1176.9,1967.7,1124.5,2114.1,1059.0,2197.1,990.8,2216.4,931.2,2210.5,848.6,2135.7,799.1,1976.3
793.0,13.2,796.0,1976.3,834.3,1920.6,912.9,1892.8,965.5,1912.6,1023.5,1888.4,1104.6,1922.0,1176.3,1967.6,1135.9,1968.5,1031.2,1956.7,970.8,1965.4,921.3,1960.4,834.0,1963.4,834.0,1963.4,931.9,2106.1,985.0,2113.7,1048.0,2095.8,1135.9,1968.5,1176.3,1967.6,1122.3,2118.2,1056.2,2202.8,989.2,2222.3,930.2,2217.1,845.1,2141.5,796.0,1976.3
794.0,13.217,794.7,1976.1,837.7,1925.3,918.1,1898.2,969.4,1917.3,1026.9,1892.5,1108.1,1925.5,1184.6,1965.7,1143.7,1966.9,1034.6,1956.7,974.6,1965.8,926.7,1961.0,832.1,1963.6,832.1,1963.6,936.4,2103.4,987.8,2110.6,1050.2,2092.8,1143.7,1966.9,1184.6,1965.7,1125.6,2113.4,1058.6,2195.9,992.3,2215.4,935.1,2211.0,848.8,2138.5,794.7,1976.1
795.0,13.233,798.8,1974.0,837.9,1918.5,916.1,1892.2,968.5,1912.0,1025.7,1888.6,1106.8,1921.5,1179.4,1967.2,1139.2,1967.6,1033.4,1955.7,973.7,1964.4,924.3,1959.2,837.4,1961.1,837.4,1961.1,934.1,2104.8,986.8,2112.9,1048.9,2095.4,1139.2,1967.6,1179.4,1967.2,1124.0,2117.9,1057.1,2201.0,991.0,2219.7,932.2,2214.0,847.9,2138.3,798.8,1974.0
796.0,13.25,799.6,1975.2,840.0,1920.9,919.1,1894.4,971.4,1914.0,1029.4,1890.1,1111.1,1922.6,1185.3,1966.4,1144.5,1967.0,1037.1,1956.2,976.7,1965.0,927.6,1960.1,838.1,1962.0,838.1,1962.0,937.4,2105.9,990.0,2113.7,1052.9,2096.0,1144.5,1967.0,1185.3,1966.4,1128.6,2115.8,1061.1,2200.2,994.2,2219.5,935.7,2214.4,850.6,2139.1,799.6,1975.2
797.0,13.267,801.4,1972.7,842.5,1918.7,922.7,1892.5,973.7,1912.0,1030.1,1888.6,1113.0,1920.9,1188.2,1964.8,1147.7,1965.4,1037.9,1953.6,979.1,1962.2,931.3,1957.3,839.5,1959.8,839.5,1959.8,941.4,2110.6,992.7,2118.4,1054.2,2100.6,1147.7,1965.4,1188.2,1964.8,1130.5,2118.0,1061.7,2203.4,996.4,2222.4,939.0,2217.0,852.7,2140.0,801.4,1972.7
798.0,13.283,802.9,1969.4,844.0,1916.4,925.2,1890.8,976.0,1910.0,1032.3,1886.9,1115.6,1917.8,1190.5,1961.1,1150.5,1962.4,1040.1,1950.3,981.6,1959.1,933.9,1954.2,841.0,1956.7,841.0,1956.7,944.5,2115.0,995.9,2122.5,1057.5,2104.1,1150.5,1962.4,1190.5,1961.1,1133.7,2117.9,1064.9,2205.3,999.6,2224.8,942.2,2219.7,854.4,2141.6,802.9,1969.4
799.0,13.3,805.1,1969.5,845.7,1913.5,928.1,1886.1,979.4,1905.9,1036.6,1882.8,1119.9,1916.1,1193.8,1962.3,1153.8,1963.1,1044.4,1948.2,984.9,1956.3,936.7,1951.3,843.2,1956.8,843.2,1956.8,946.1,2114.1,997.9,2121.9,1060.6,2103.9,1153.8,1963.1,1193.8,1962.3,1137.0,2118.8,1067.6,2206.2,1001.2,2225.5,943.2,2220.1,855.1,2140.9,805.1,1969.5
800.0,13.317,806.9,1969.0,846.7,1911.8,928.2,1885.5,980.1,1905.0,1037.4,1882.1,1120.8,1914.5,1193.0,1962.1,1153.8,1962.5,1044.7,1945.7,985.1,1954.3,936.3,1949.3,845.3,1956.0,845.3,1956.0,946.2,2119.9,998.9,2128.1,1061.7,2109.8,1153.8,1962.5,1193.0,1962.1,1138.4,2122.1,1069.0,2209.8,1002.5,2228.8,943.8,2222.8,856.0,2142.4,806.9,1969.0
801.0,13.333,808.9,1969.9,847.7,1912.1,928.3,1885.1,981.2,1905.6,1039.8,1882.4,1122.1,1916.2,1192.6,1964.7,1153.1,1965.1,1046.7,1950.2,985.7,1958.5,935.7,1953.0,847.8,1957.1,847.8,1957.1,944.4,2113.4,998.0,2121.9,1062.2,2103.7,1153.1,1965.1,1192.6,1964.7,1137.8,2122.5,1069.0,2209.4,1001.1,2228.3,941.3,2221.6,855.3,2141.1,808.9,1969.9
802.0,13.35,809.1,1969.0,847.7,1912.0,928.0,1885.6,982.0,1906.3,1042.3,1883.1,1124.8,1917.7,1193.9,1966.2,1154.6,1966.7,1048.9,1951.0,986.4,1959.4,935.1,1953.4,847.8,1956.9,847.8,1956.9,943.4,2113.4,998.4,2122.3,1064.3,2103.9,1154.6,1966.7,1193.9,1966.2,1139.9,2124.5,1071.1,2210.9,1001.5,2230.0,940.4,2222.7,854.5,2141.5,809.1,1969.0
803.0,13.367,815.0,1976.7,849.3,1914.3,926.1,1886.6,983.6,1908.0,1047.8,1884.7,1128.4,1920.7,1192.1,1974.5,1152.6,1973.0,1054.3,1953.6,987.7,1961.8,933.0,1955.5,854.2,1962.8,854.2,1962.8,941.6,2114.1,1000.0,2123.7,1070.0,2104.8,1152.6,1973.0,1192.1,1974.5,1143.2,2124.7,1076.4,2210.3,1002.7,2229.6,938.4,2221.6,856.5,2141.3,815.0,1976.7
804.0,13.383,808.1,1975.7,846.9,1915.3,928.3,1887.0,983.4,1907.8,1044.7,1884.8,1128.1,1921.1,1197.7,1973.5,1157.9,1973.1,1051.3,1952.9,987.6,1960.7,935.4,1954.8,846.9,1963.1,846.9,1963.1,943.8,2116.2,999.8,2125.0,1066.9,2107.2,1157.9,1973.1,1197.7,1973.5,1143.1,2128.0,1073.0,2211.9,1002.3,2230.2,940.3,2223.1,853.5,2143.9,808.1,1975.7
805.0,13.4,811.4,1982.2,849.6,1917.2,930.2,1888.7,982.7,1909.8,1040.4,1887.6,1123.8,1925.4,1191.7,1981.7,1152.6,1980.7,1046.7,1956.6,986.9,1963.1,937.0,1957.6,850.0,1969.6,850.0,1969.6,945.4,2122.3,999.1,2131.0,1062.5,2114.1,1152.6,1980.7,1191.7,1981.7,1138.4,2137.2,1067.9,2219.7,1000.8,2236.7,941.1,2229.1,855.2,2149.6,811.4,1982.2
806.0,13.417,812.1,1988.5,851.0,1923.1,930.6,1895.3,984.2,1916.2,1043.4,1893.4,1126.2,1929.7,1194.7,1984.4,1155.9,1983.6,1049.8,1960.9,988.3,1967.9,937.4,1962.7,849.7,1975.3,849.7,1975.3,945.9,2124.4,1000.4,2133.2,1064.9,2116.7,1155.9,1983.6,1194.7,1984.4,1141.1,2135.7,1070.1,2218.4,1001.8,2235.5,941.4,2227.9,856.9,2149.3,812.1,1988.5
807.0,13.433,783.9,1986.7,842.0,1936.7,932.0,1916.3,988.6,1936.5,1050.9,1913.8,1143.7,1944.7,1229.2,1984.3,1189.9,1987.4,1056.9,1979.2,992.1,1987.5,937.8,1981.2,821.9,1979.7,821.9,1979.7,943.8,2111.8,1001.5,2120.9,1068.1,2107.6,1189.9,1987.4,1229.2,1984.3,1157.8,2135.3,1074.3,2210.5,1003.4,2225.3,940.2,2218.0,845.0,2143.2,783.9,1986.7
808.0,13.45,738.4,2015.4,819.4,1953.0,925.7,1927.2,991.6,1946.9,1060.8,1925.1,1174.7,1959.2,1278.5,2010.4,1236.1,2014.8,1068.1,2000.5,996.0,2008.9,931.2,2004.2,780.0,2013.9,780.0,2013.9,937.0,2098.0,1004.8,2105.8,1077.8,2098.0,1236.1,2014.8,1278.5,2010.4,1191.4,2148.3,1088.1,2206.9,1010.1,2217.6,936.4,2211.5,823.4,2150.4,738.4,2015.4
809.0,13.467,717.2,2046.3,797.8,1957.5,909.1,1920.0,992.4,1941.1,1078.6,1917.9,1212.4,1957.3,1318.6,2034.9,1272.6,2037.5,1089.2,2019.5,1000.0,2028.5,916.5,2024.8,766.0,2045.1,766.0,2045.1,923.1,2086.6,1009.6,2094.5,1100.3,2087.1,1272.6,2037.5,1318.6,2034.9,1234.5,2161.2,1115.7,2217.8,1019.3,2229.1,926.4,2222.1,807.1,2166.5,717.2,2046.3
810.0,13.483,716.5,2056.8,796.5,1971.5,903.0,1934.7,994.1,1956.1,1090.8,1931.6,1218.4,1967.8,1316.7,2042.1,1270.8,2044.6,1100.7,2028.6,1001.1,2039.4,909.9,2034.5,764.5,2055.7,764.5,2055.7,916.6,2079.2,1010.6,2087.4,1111.2,2077.4,1270.8,2044.6,1316.7,2042.1,1239.3,2146.5,1127.2,2200.2,1020.8,2214.2,921.3,2207.7,806.4,2160.1,716.5,2056.8
811.0,13.5,716.2,2059.6,798.7,1978.4,900.6,1946.5,996.3,1966.6,1100.3,1941.9,1220.2,1976.6,1312.9,2044.2,1268.0,2045.7,1108.8,2028.2,1001.2,2040.8,906.0,2035.6,762.0,2057.2,762.0,2057.2,910.7,2078.4,1008.2,2087.0,1116.0,2074.4,1268.0,2045.7,1312.9,2044.2,1236.2,2133.5,1128.4,2182.5,1015.9,2197.5,913.3,2191.2,804.1,2148.0,716.2,2059.6
812.0,13.517,717.3,2060.1,801.3,1981.1,903.4,1948.6,995.8,1968.5,1095.5,1943.6,1215.7,1976.9,1312.1,2042.8,1266.0,2044.6,1104.1,2031.8,1001.0,2044.3,908.9,2039.7,763.4,2057.4,763.4,2057.4,913.9,2074.4,1008.1,2082.1,1111.5,2070.0,1266.0,2044.6,1312.1,2042.8,1232.4,2130.9,1123.7,2179.8,1015.5,2194.6,916.4,2189.2,807.3,2148.2,717.3,2060.1
813.0,13.533,716.3,2055.4,800.9,1984.9,901.7,1955.7,996.0,1976.5,1099.5,1950.8,1217.6,1980.7,1312.7,2038.8,1267.0,2041.4,1108.1,2039.8,1001.3,2053.1,907.0,2047.3,762.3,2053.2,762.3,2053.2,911.0,2068.5,1007.0,2076.5,1114.0,2062.7,1267.0,2041.4,1312.7,2038.8,1232.4,2122.8,1124.9,2174.2,1013.4,2190.5,912.4,2184.4,805.3,2142.3,716.3,2055.4
814.0,13.55,713.6,2050.8,804.4,1988.7,906.2,1962.8,998.0,1982.8,1098.1,1957.8,1215.7,1985.1,1315.7,2034.4,1270.2,2038.6,1106.6,2044.2,1002.9,2057.6,911.1,2051.9,759.2,2050.2,759.2,2050.2,912.8,2061.6,1005.9,2069.3,1109.1,2056.5,1270.2,2038.6,1315.7,2034.4,1228.5,2118.2,1119.9,2166.6,1012.1,2181.6,914.3,2176.1,806.8,2135.8,713.6,2050.8
815.0,13.567,712.3,2047.8,804.9,1988.2,907.9,1963.1,996.5,1982.7,1092.9,1957.6,1211.5,1983.3,1315.0,2030.3,1269.5,2035.0,1101.7,2043.3,1002.0,2056.9,913.4,2051.6,757.5,2047.6,757.5,2047.6,916.0,2059.2,1005.9,2065.9,1105.4,2053.4,1269.5,2035.0,1315.0,2030.3,1225.5,2115.1,1116.0,2163.1,1012.1,2178.1,917.3,2173.4,808.0,2134.3,712.3,2047.8
816.0,13.583,709.7,2045.3,804.1,1988.7,908.4,1964.7,994.9,1983.7,1088.9,1959.2,1208.8,1982.7,1316.1,2027.2,1270.4,2032.1,1097.8,2041.4,1000.6,2054.9,914.0,2049.8,754.4,2045.2,754.4,2045.2,917.5,2059.9,1005.4,2066.0,1102.5,2053.9,1270.4,2032.1,1316.1,2027.2,1223.5,2112.0,1112.4,2159.0,1011.0,2173.5,918.3,2169.3,807.8,2131.1,709.7,2045.3
817.0,13.6,710.3,2042.9,807.7,1990.3,912.5,1968.1,996.6,1986.6,1087.5,1962.8,1207.9,1984.7,1318.4,2025.3,1272.9,2031.0,1096.2,2042.7,1002.2,2056.2,917.9,2051.4,754.7,2043.7,754.7,2043.7,920.6,2059.5,1006.0,2065.2,1099.9,2053.7,1272.9,2031.0,1318.4,2025.3,1222.0,2111.5,1109.8,2157.1,1011.5,2170.8,921.4,2167.0,810.6,2129.5,710.3,2042.9
818.0,13.617,712.8,2041.8,809.5,1991.1,913.3,1969.9,997.4,1988.9,1088.6,1965.1,1208.8,1986.6,1320.6,2026.2,1275.0,2031.2,1096.8,2044.5,1002.5,2057.8,918.2,2052.5,756.8,2041.7,756.8,2041.7,921.0,2058.4,1006.2,2064.6,1100.2,2053.3,1275.0,2031.2,1320.6,2026.2,1222.0,2109.2,1108.8,2155.0,1010.5,2168.6,920.7,2164.1,811.9,2126.0,712.8,2041.8
819.0,13.633,715.5,2040.7,814.4,1991.5,918.9,1971.3,1002.2,1989.5,1092.5,1966.1,1212.8,1986.9,1325.0,2024.1,1279.9,2029.7,1100.9,2043.2,1007.3,2057.0,923.8,2052.1,759.2,2041.2,759.2,2041.2,926.2,2058.9,1010.6,2064.7,1103.8,2053.2,1279.9,2029.7,1325.0,2024.1,1225.7,2108.7,1112.5,2153.2,1015.2,2166.8,926.2,2162.6,816.3,2125.2,715.5,2040.7
820.0,13.65,719.7,2040.3,818.9,1992.2,923.7,1972.0,1006.4,1990.3,1096.3,1966.5,1215.8,1987.1,1328.3,2023.3,1283.2,2028.9,1104.7,2043.7,1011.5,2057.6,928.7,2052.7,763.2,2040.6,763.2,2040.6,931.3,2058.4,1015.0,2064.1,1107.7,2052.3,1283.2,2028.9,1328.3,2023.3,1228.7,2107.5,1116.1,2152.4,1019.3,2166.2,930.9,2162.4,820.8,2125.1,719.7,2040.3
821.0,13.667,722.4,2040.2,821.2,1991.9,925.4,1971.9,1008.4,1990.5,1098.7,1966.7,1218.0,1987.6,1330.6,2024.2,1285.4,2029.5,1106.9,2044.4,1013.4,2058.3,930.3,2053.2,765.7,2040.5,765.7,2040.5,932.5,2057.3,1016.5,2063.0,1109.4,2051.6,1285.4,2029.5,1330.6,2024.2,1230.4,2107.2,1117.4,2151.4,1020.3,2164.9,931.7,2160.9,822.6,2123.7,722.4,2040.2
822.0,13.683,723.3,2041.8,822.3,1991.7,927.1,1971.2,1009.6,1989.5,1099.3,1965.5,1218.5,1986.2,1330.4,2024.3,1285.3,2029.5,1107.8,2042.2,1014.8,2056.2,932.3,2051.4,766.6,2042.1,766.6,2042.1,935.3,2058.8,1019.0,2064.2,1111.5,2052.5,1285.3,2029.5,1330.4,2024.3,1232.0,2107.5,1120.1,2151.3,1023.4,2164.9,935.1,2161.4,824.5,2125.3,723.3,2041.8
823.0,13.7,722.9,2042.3,822.6,1992.2,927.4,1971.5,1009.8,1989.7,1099.6,1965.8,1218.8,1987.1,1330.5,2025.3,1285.7,2030.3,1107.9,2042.4,1014.8,2056.3,932.3,2051.6,766.1,2042.5,766.1,2042.5,935.2,2057.7,1018.7,2063.4,1111.1,2051.9,1285.7,2030.3,1330.5,2025.3,1231.8,2107.8,1119.5,2150.8,1023.0,2164.3,934.8,2160.5,824.5,2124.3,722.9,2042.3
824.0,13.717,721.9,2043.4,821.2,1992.7,925.8,1971.3,1008.4,1989.5,1098.3,1965.6,1217.3,1987.3,1329.2,2026.5,1283.9,2031.6,1106.7,2043.4,1013.5,2057.3,930.8,2052.6,765.3,2043.8,765.3,2043.8,933.4,2056.1,1017.1,2061.5,1109.7,2050.1,1283.9,2031.6,1329.2,2026.5,1230.2,2107.2,1118.1,2149.6,1021.4,2163.1,933.1,2159.5,823.1,2124.6,721.9,2043.4
825.0,13.733,721.5,2043.9,819.4,1992.3,923.4,1970.9,1006.9,1989.3,1097.9,1965.4,1216.4,1987.4,1326.6,2027.4,1281.6,2032.2,1106.3,2042.5,1012.0,2056.4,928.5,2051.3,764.7,2044.0,764.7,2044.0,931.5,2057.4,1016.0,2063.1,1109.7,2051.4,1281.6,2032.2,1326.6,2027.4,1229.3,2107.6,1118.1,2150.3,1020.2,2163.9,931.1,2160.1,821.5,2124.7,721.5,2043.9
826.0,13.75,720.9,2043.3,818.8,1992.0,922.5,1970.9,1006.5,1989.4,1098.3,1965.2,1216.3,1986.9,1325.6,2026.8,1280.7,2031.5,1106.4,2041.6,1011.4,2055.9,927.3,2050.8,763.9,2043.3,763.9,2043.3,930.6,2057.5,1015.7,2063.3,1110.1,2051.4,1280.7,2031.5,1325.6,2026.8,1229.3,2106.9,1118.5,2149.8,1019.9,2163.8,930.2,2159.8,820.9,2124.3,720.9,2043.3
827.0,13.767,720.9,2043.4,819.1,1991.4,923.2,1969.9,1006.8,1988.1,1097.7,1964.3,1216.3,1986.0,1325.9,2026.6,1280.9,2031.7,1106.3,2042.1,1012.1,2056.3,928.4,2051.4,764.3,2044.0,764.3,2044.0,931.0,2056.4,1015.7,2061.9,1109.4,2049.9,1280.9,2031.7,1325.9,2026.6,1229.2,2107.2,1118.0,2149.8,1020.3,2163.7,930.9,2159.9,821.2,2125.0,720.9,2043.4
828.0,13.783,721.7,2043.0,820.2,1992.2,924.6,1970.7,1008.0,1988.9,1099.0,1964.9,1217.2,1986.5,1327.3,2025.9,1282.3,2031.0,1107.4,2041.5,1013.2,2055.8,929.8,2050.8,764.9,2043.3,764.9,2043.3,932.8,2057.6,1017.3,2063.1,1110.9,2051.1,1282.3,2031.0,1327.3,2025.9,1230.1,2106.6,1119.3,2149.8,1021.7,2163.8,932.5,2160.3,822.5,2125.0,721.7,2043.0
