frame,timestamp,upper_x_0,upper_y_0,upper_x_1,upper_y_1,upper_x_2,upper_y_2,upper_x_3,upper_y_3,upper_x_4,upper_y_4,upper_x_5,upper_y_5,upper_x_6,upper_y_6,upper_x_7,upper_y_7,upper_x_8,upper_y_8,upper_x_9,upper_y_9,upper_x_10,upper_y_10,upper_x_11,upper_y_11,lower_x_0,lower_y_0,lower_x_1,lower_y_1,lower_x_2,lower_y_2,lower_x_3,lower_y_3,lower_x_4,lower_y_4,lower_x_5,lower_y_5,lower_x_6,lower_y_6,lower_x_7,lower_y_7,lower_x_8,lower_y_8,lower_x_9,lower_y_9,lower_x_10,lower_y_10,lower_x_11,lower_y_11
1.0,0.0,839.1,2037.8,927.5,1979.5,1019.9,1953.0,1098.0,1972.6,1181.8,1952.3,1280.2,1984.7,1365.0,2033.8,1324.5,2038.8,1185.9,2031.8,1099.4,2041.1,1020.6,2034.9,879.0,2039.4,879.0,2039.4,1017.7,2040.0,1097.1,2047.5,1182.8,2040.2,1324.5,2038.8,1365.0,2033.8,1283.7,2109.1,1189.3,2143.1,1099.1,2152.4,1015.3,2146.0,920.8,2112.0,839.1,2037.8
2.0,0.017,836.5,2035.3,924.7,1978.5,1018.7,1954.7,1096.7,1975.1,1181.1,1954.2,1279.8,1984.6,1364.5,2032.1,1324.7,2036.0,1186.1,2031.9,1098.9,2041.6,1020.5,2034.7,876.2,2036.7,876.2,2036.7,1021.2,2036.9,1100.6,2044.2,1186.7,2036.3,1324.7,2036.0,1364.5,2032.1,1286.5,2105.6,1193.6,2140.2,1103.1,2150.6,1019.0,2144.4,921.0,2111.2,836.5,2035.3
3.0,0.033,835.9,2034.0,924.6,1978.2,1018.7,1954.2,1096.5,1974.7,1180.8,1953.7,1279.4,1984.4,1363.7,2031.1,1323.9,2035.4,1185.7,2031.1,1098.7,2040.9,1020.5,2034.0,875.4,2035.9,875.4,2035.9,1021.1,2036.7,1100.3,2044.2,1186.2,2035.9,1323.9,2035.4,1363.7,2031.1,1285.7,2106.1,1193.4,2141.0,1103.0,2151.7,1019.0,2145.3,920.7,2111.6,835.9,2034.0
4.0,0.05,835.5,2034.0,924.0,1978.4,1018.5,1953.9,1096.1,1974.3,1180.6,1953.4,1278.7,1984.0,1363.2,2030.9,1323.4,2035.3,1185.5,2030.5,1098.4,2040.3,1020.2,2033.4,874.8,2035.8,874.8,2035.8,1020.7,2036.6,1099.7,2043.9,1185.8,2035.7,1323.4,2035.3,1363.2,2030.9,1284.7,2104.7,1192.5,2139.5,1102.1,2150.1,1018.2,2144.0,920.0,2110.7,835.5,2034.0
5.0,0.067,835.2,2032.8,924.7,1978.1,1019.1,1953.9,1096.7,1974.2,1180.8,1953.3,1279.2,1983.6,1364.2,2029.4,1324.3,2033.9,1185.5,2030.4,1098.7,2040.3,1020.7,2033.6,874.7,2034.7,874.7,2034.7,1020.7,2035.5,1099.6,2043.0,1185.3,2034.8,1324.3,2033.9,1364.2,2029.4,1284.9,2104.1,1192.1,2139.1,1102.0,2149.6,1018.3,2143.4,920.4,2109.6,835.2,2032.8
6.0,0.083,836.3,2032.3,925.6,1976.9,1019.9,1952.8,1097.2,1972.8,1180.5,1952.0,1279.5,1982.1,1365.3,2028.6,1325.4,2032.9,1185.3,2029.3,1099.2,2039.2,1021.5,2032.7,875.9,2033.9,875.9,2033.9,1021.6,2035.1,1100.2,2042.4,1185.1,2034.7,1325.4,2032.9,1365.3,2028.6,1285.7,2104.0,1192.2,2138.4,1102.8,2148.5,1019.5,2142.4,921.5,2109.1,836.3,2032.3
7.0,0.1,837.3,2030.7,926.8,1976.1,1021.2,1952.4,1097.9,1972.4,1180.9,1951.7,1280.2,1981.7,1366.3,2027.1,1326.4,2031.5,1185.6,2028.5,1099.9,2038.2,1022.6,2031.6,876.8,2032.4,876.8,2032.4,1022.8,2034.6,1101.0,2042.2,1185.6,2034.6,1326.4,2031.5,1366.3,2027.1,1286.4,2103.2,1192.6,2138.0,1103.5,2147.9,1020.6,2141.6,922.7,2107.6,837.3,2030.7
8.0,0.117,838.8,2029.8,928.2,1974.5,1022.6,1950.5,1099.7,1970.6,1183.3,1949.7,1282.4,1979.6,1368.4,2025.7,1328.3,2030.2,1188.1,2027.4,1101.9,2037.2,1024.2,2030.6,878.5,2031.6,878.5,2031.6,1024.4,2032.5,1103.0,2039.8,1188.2,2031.9,1328.3,2030.2,1368.4,2025.7,1288.7,2100.7,1195.2,2135.8,1105.6,2146.1,1022.3,2140.1,924.2,2106.7,838.8,2029.8
9.0,0.133,838.4,2029.1,928.7,1973.1,1023.2,1949.6,1099.9,1969.5,1182.6,1948.5,1282.4,1978.3,1369.2,2024.6,1329.1,2028.9,1187.6,2026.3,1102.2,2036.3,1024.9,2030.0,878.4,2030.6,878.4,2030.6,1025.0,2031.9,1103.2,2039.0,1187.5,2031.3,1329.1,2028.9,1369.2,2024.6,1289.0,2100.8,1194.8,2135.7,1106.0,2145.8,1023.1,2139.8,924.6,2106.3,838.4,2029.1
10.0,0.15,837.0,2027.0,927.3,1971.6,1022.4,1947.8,1099.0,1967.7,1181.6,1946.9,1281.5,1977.0,1368.8,2023.3,1328.7,2027.7,1186.4,2023.7,1101.0,2033.6,1023.9,2027.2,876.7,2028.7,876.7,2028.7,1024.1,2031.2,1102.2,2038.4,1186.4,2030.8,1328.7,2027.7,1368.8,2023.3,1287.9,2099.6,1193.4,2133.8,1104.7,2143.6,1022.0,2137.7,923.1,2104.3,837.0,2027.0
11.0,0.167,835.6,2026.0,925.4,1971.1,1020.4,1947.0,1097.2,1967.3,1180.6,1946.6,1280.0,1977.0,1366.5,2023.1,1326.4,2027.5,1185.3,2023.9,1099.3,2033.5,1021.9,2026.8,875.3,2027.8,875.3,2027.8,1022.3,2029.6,1100.6,2037.0,1185.5,2029.4,1326.4,2027.5,1366.5,2023.1,1286.2,2098.6,1192.4,2133.3,1103.0,2143.3,1019.9,2137.1,921.3,2103.2,835.6,2026.0
12.0,0.183,832.9,2025.5,923.3,1970.8,1018.5,1946.6,1095.1,1966.8,1178.1,1946.1,1277.8,1976.3,1365.3,2022.2,1324.9,2026.8,1182.9,2023.7,1097.2,2033.3,1020.0,2026.8,872.6,2027.4,872.6,2027.4,1019.8,2029.5,1097.9,2036.8,1182.5,2029.1,1324.9,2026.8,1365.3,2022.2,1283.6,2097.9,1189.1,2132.7,1100.0,2142.7,1017.3,2136.6,918.8,2102.8,832.9,2025.5
13.0,0.2,832.9,2024.7,923.0,1970.7,1018.3,1946.5,1094.7,1967.1,1177.8,1946.3,1276.9,1976.6,1364.0,2022.2,1323.6,2026.6,1182.5,2023.9,1096.7,2033.4,1019.7,2026.5,872.6,2026.5,872.6,2026.5,1020.1,2028.9,1098.0,2036.3,1182.8,2028.7,1323.6,2026.6,1364.0,2022.2,1282.9,2097.5,1189.2,2132.5,1100.1,2142.6,1017.4,2136.6,918.7,2102.6,832.9,2024.7
14.0,0.217,832.1,2024.3,922.2,1970.0,1017.2,1946.2,1093.8,1966.5,1177.2,1945.9,1276.6,1975.7,1363.8,2021.1,1323.4,2025.8,1182.1,2022.9,1096.0,2032.3,1018.9,2025.5,871.7,2026.3,871.7,2026.3,1018.9,2029.8,1097.1,2037.1,1182.3,2029.4,1323.4,2025.8,1363.8,2021.1,1282.7,2096.5,1188.8,2131.9,1099.3,2141.9,1016.4,2136.0,917.8,2102.1,832.1,2024.3
15.0,0.233,831.0,2023.1,921.8,1969.2,1016.8,1945.8,1093.7,1965.9,1177.2,1945.1,1276.4,1974.6,1363.5,2019.7,1323.2,2024.4,1181.9,2022.1,1095.7,2031.9,1018.3,2025.2,870.7,2025.1,870.7,2025.1,1018.2,2028.1,1096.5,2035.4,1181.6,2027.5,1323.2,2024.4,1363.5,2019.7,1282.2,2095.5,1188.1,2130.7,1098.6,2140.9,1015.6,2134.9,917.0,2101.1,831.0,2023.1
16.0,0.25,830.9,2021.7,921.3,1969.0,1016.7,1945.3,1093.6,1965.8,1177.6,1945.0,1276.0,1974.8,1362.7,2018.9,1322.6,2024.0,1182.3,2022.0,1095.7,2031.5,1018.2,2024.4,870.3,2024.1,870.3,2024.1,1017.9,2027.7,1096.3,2035.1,1181.8,2027.1,1322.6,2024.0,1362.7,2018.9,1281.5,2094.7,1188.2,2130.4,1098.2,2140.7,1015.2,2134.7,916.3,2100.5,830.9,2021.7
17.0,0.267,829.8,2021.2,920.8,1968.7,1016.7,1945.0,1092.8,1965.3,1175.6,1944.3,1274.7,1974.0,1362.8,2017.9,1322.5,2022.9,1180.5,2021.0,1094.9,2030.8,1018.3,2024.0,869.1,2023.4,869.1,2023.4,1018.3,2027.8,1095.8,2035.1,1180.2,2027.2,1322.5,2022.9,1362.8,2017.9,1280.5,2094.7,1186.5,2130.1,1097.8,2140.3,1015.6,2134.5,916.2,2100.3,829.8,2021.2
18.0,0.283,829.8,2021.1,919.8,1968.3,1015.4,1944.5,1091.9,1964.8,1175.2,1944.2,1274.2,1973.6,1361.6,2018.1,1321.4,2023.0,1180.1,2020.8,1094.2,2030.2,1017.1,2023.3,869.1,2023.3,869.1,2023.3,1017.4,2028.0,1095.4,2035.2,1180.4,2027.3,1321.4,2023.0,1361.6,2018.1,1280.4,2093.9,1186.8,2129.4,1097.5,2139.6,1014.8,2133.9,915.5,2099.9,829.8,2021.1
19.0,0.3,830.0,2020.5,920.4,1967.9,1016.2,1944.2,1092.3,1964.5,1175.2,1943.9,1274.2,1973.4,1361.6,2017.4,1321.5,2022.4,1180.2,2020.5,1094.6,2029.8,1018.0,2023.0,869.3,2022.9,869.3,2022.9,1018.2,2027.2,1095.8,2034.4,1180.5,2026.5,1321.5,2022.4,1361.6,2017.4,1280.4,2093.4,1187.0,2129.0,1098.0,2139.2,1015.7,2133.5,916.1,2099.5,830.0,2020.5
20.0,0.317,830.3,2019.5,921.6,1966.8,1017.6,1943.4,1092.7,1963.6,1174.5,1943.1,1274.2,1972.6,1362.9,2016.4,1322.6,2021.6,1179.4,2019.9,1095.0,2029.3,1019.3,2022.7,869.7,2022.0,869.7,2022.0,1019.2,2026.4,1095.8,2033.6,1179.3,2026.0,1322.6,2021.6,1362.9,2016.4,1280.2,2093.9,1185.8,2129.2,1098.0,2139.1,1016.6,2133.2,917.0,2098.9,830.3,2019.5
21.0,0.333,830.8,2019.9,922.1,1967.2,1018.0,1943.5,1093.8,1963.4,1176.1,1942.6,1275.5,1972.1,1363.5,2015.8,1323.3,2020.8,1181.1,2019.4,1096.0,2029.2,1019.8,2022.7,870.4,2022.1,870.4,2022.1,1020.1,2025.8,1097.4,2032.9,1181.3,2025.0,1323.3,2020.8,1363.5,2015.8,1281.9,2092.9,1187.9,2128.4,1099.7,2138.6,1017.6,2133.0,917.9,2099.0,830.8,2019.9
22.0,0.35,831.6,2019.0,922.7,1966.3,1018.5,1942.8,1094.5,1962.7,1177.1,1941.9,1276.8,1971.3,1364.7,2014.9,1324.5,2020.0,1182.0,2018.8,1096.7,2028.5,1020.1,2022.0,871.3,2021.2,871.3,2021.2,1020.2,2025.9,1097.8,2033.1,1182.2,2025.2,1324.5,2020.0,1364.7,2014.9,1283.1,2092.4,1188.9,2128.1,1100.2,2138.3,1017.9,2132.5,918.5,2098.2,831.6,2019.0
23.0,0.367,832.2,2018.9,923.2,1965.9,1019.0,1942.1,1095.1,1962.1,1177.7,1941.4,1277.4,1970.7,1365.5,2014.7,1325.3,2019.8,1182.7,2019.0,1097.4,2028.7,1020.7,2022.1,872.1,2021.1,872.1,2021.1,1020.7,2024.5,1098.2,2031.6,1182.5,2023.7,1325.3,2019.8,1365.5,2014.7,1283.6,2091.7,1189.4,2127.4,1100.7,2137.6,1018.4,2131.9,918.9,2097.7,832.2,2018.9
24.0,0.383,832.2,2017.5,922.9,1964.9,1018.5,1941.0,1095.0,1961.4,1178.2,1940.4,1277.6,1970.4,1365.5,2014.5,1325.3,2019.3,1182.9,2018.0,1097.0,2027.6,1020.0,2020.7,871.9,2019.6,871.9,2019.6,1020.2,2023.5,1098.1,2031.0,1182.9,2023.4,1325.3,2019.3,1365.5,2014.5,1283.8,2091.6,1189.8,2127.0,1100.5,2137.0,1017.9,2131.1,918.5,2096.6,832.2,2017.5
25.0,0.4,832.7,2017.0,923.6,1963.7,1018.9,1940.3,1095.3,1960.5,1178.0,1939.4,1278.1,1968.9,1366.4,2013.1,1326.0,2017.8,1182.7,2017.0,1097.3,2026.9,1020.4,2020.3,872.5,2018.7,872.5,2018.7,1020.3,2022.9,1098.1,2030.4,1182.4,2022.6,1326.0,2017.8,1366.4,2013.1,1284.2,2091.0,1189.3,2126.8,1100.5,2137.0,1018.0,2130.8,919.1,2096.0,832.7,2017.0
26.0,0.417,832.9,2016.3,922.7,1962.9,1018.0,1938.8,1094.8,1959.1,1178.4,1938.2,1277.8,1968.4,1365.6,2012.8,1325.3,2017.7,1183.3,2015.6,1097.1,2025.2,1019.8,2018.4,872.4,2018.3,872.4,2018.3,1019.7,2022.2,1097.9,2029.6,1183.1,2021.6,1325.3,2017.7,1365.6,2012.8,1283.9,2089.3,1189.8,2125.0,1100.2,2135.3,1017.3,2129.4,918.3,2095.1,832.9,2016.3
27.0,0.433,832.1,2017.0,922.3,1962.5,1017.7,1938.1,1095.0,1958.4,1178.9,1937.3,1278.4,1967.4,1366.0,2012.4,1325.6,2017.3,1183.9,2015.2,1097.2,2025.0,1019.4,2018.5,871.7,2018.9,871.7,2018.9,1019.2,2020.5,1097.9,2027.7,1183.4,2019.7,1325.6,2017.3,1366.0,2012.4,1284.5,2088.1,1190.2,2123.7,1100.2,2134.1,1016.9,2128.3,918.0,2094.5,832.1,2017.0
28.0,0.45,831.6,2015.8,921.6,1962.2,1017.4,1937.7,1094.0,1957.8,1177.2,1936.8,1277.4,1966.6,1366.1,2010.8,1325.6,2015.7,1182.5,2014.8,1096.5,2024.4,1019.5,2017.9,871.3,2017.6,871.3,2017.6,1019.7,2020.7,1097.7,2027.8,1182.7,2019.7,1325.6,2015.7,1366.1,2010.8,1284.1,2087.4,1189.5,2123.6,1100.2,2133.9,1017.4,2128.4,917.9,2094.3,831.6,2015.8
29.0,0.467,831.4,2015.1,921.4,1961.9,1017.3,1937.6,1093.9,1957.9,1177.3,1936.9,1277.3,1966.6,1365.8,2010.5,1325.4,2015.5,1182.6,2014.5,1096.4,2024.0,1019.3,2017.4,871.0,2017.1,871.0,2017.1,1019.7,2020.3,1097.6,2027.5,1182.8,2019.5,1325.4,2015.5,1365.8,2010.5,1283.9,2086.6,1189.5,2122.6,1100.0,2132.9,1017.3,2127.3,917.7,2093.2,831.4,2015.1
30.0,0.483,831.1,2014.4,921.0,1961.5,1016.3,1937.2,1093.9,1957.2,1178.4,1936.0,1277.8,1965.7,1365.3,2009.6,1324.8,2015.0,1183.4,2013.6,1096.2,2023.6,1018.1,2016.9,870.7,2016.7,870.7,2016.7,1017.8,2019.5,1096.8,2026.8,1183.0,2018.5,1324.8,2015.0,1365.3,2009.6,1283.9,2086.0,1190.0,2122.0,1099.4,2132.6,1015.7,2126.9,916.8,2092.9,831.1,2014.4
31.0,0.5,831.5,2014.8,921.0,1961.8,1016.2,1937.4,1093.3,1957.4,1177.3,1936.3,1277.0,1966.1,1364.9,2009.8,1324.4,2015.0,1182.6,2013.6,1095.8,2023.4,1018.3,2016.8,870.9,2016.9,870.9,2016.9,1018.2,2020.6,1096.7,2027.8,1182.5,2019.5,1324.4,2015.0,1364.9,2009.8,1283.3,2086.5,1189.3,2122.6,1099.1,2133.1,1015.9,2127.5,917.0,2093.2,831.5,2014.8
32.0,0.517,831.2,2015.9,921.3,1962.0,1016.3,1938.1,1093.5,1957.8,1177.4,1936.9,1277.7,1966.5,1365.9,2010.8,1325.6,2015.8,1182.7,2013.9,1096.0,2023.9,1018.3,2017.5,870.8,2017.8,870.8,2017.8,1018.0,2021.4,1096.6,2028.6,1182.3,2020.3,1325.6,2015.8,1365.9,2010.8,1284.0,2087.0,1189.0,2122.4,1099.0,2132.8,1015.8,2127.0,917.1,2093.0,831.2,2015.9
33.0,0.533,831.4,2015.2,921.0,1961.3,1016.5,1936.7,1093.4,1956.9,1177.0,1936.0,1277.3,1966.3,1365.5,2011.2,1325.1,2016.1,1182.2,2013.9,1095.7,2023.4,1018.3,2016.8,871.0,2017.2,871.0,2017.2,1018.2,2019.8,1096.6,2027.2,1182.0,2019.3,1325.1,2016.1,1365.5,2011.2,1283.5,2087.3,1188.8,2122.3,1099.0,2132.5,1015.9,2126.6,916.9,2092.6,831.4,2015.2
34.0,0.55,831.2,2015.1,921.0,1960.4,1016.3,1936.0,1093.6,1956.2,1177.5,1935.2,1277.6,1965.7,1365.2,2011.0,1324.9,2015.7,1182.7,2013.4,1095.9,2023.1,1018.2,2016.5,870.8,2017.0,870.8,2017.0,1018.0,2018.3,1096.6,2025.7,1182.3,2017.7,1324.9,2015.7,1365.2,2011.0,1283.7,2087.0,1189.1,2121.8,1099.0,2131.9,1015.7,2125.9,916.6,2091.9,831.2,2015.1
35.0,0.567,830.7,2014.4,920.6,1958.9,1016.2,1934.9,1092.7,1955.0,1175.7,1933.9,1276.3,1964.3,1365.0,2010.1,1324.5,2014.6,1181.1,2012.4,1095.4,2021.9,1018.3,2015.5,870.3,2016.2,870.3,2016.2,1018.2,2018.9,1096.2,2025.9,1181.0,2018.2,1324.5,2014.6,1365.0,2010.1,1283.0,2086.9,1187.7,2121.5,1098.6,2131.3,1015.9,2125.6,916.3,2091.8,830.7,2014.4
36.0,0.583,830.7,2013.3,920.9,1958.5,1016.3,1934.6,1092.8,1954.8,1175.5,1933.6,1276.2,1963.7,1364.9,2009.0,1324.5,2013.4,1180.8,2011.8,1095.3,2021.6,1018.3,2015.2,870.5,2014.9,870.5,2014.9,1018.9,2016.1,1096.8,2023.3,1181.2,2015.8,1324.5,2013.4,1364.9,2009.0,1283.3,2085.3,1188.3,2120.1,1099.5,2130.1,1016.8,2124.2,917.3,2090.4,830.7,2013.3
37.0,0.6,831.9,2012.4,921.3,1957.2,1016.2,1933.3,1093.4,1953.5,1177.0,1932.4,1277.4,1962.6,1365.1,2008.3,1324.7,2012.5,1182.0,2009.9,1095.8,2019.7,1018.0,2013.1,871.6,2013.8,871.6,2013.8,1018.7,2016.3,1097.4,2023.7,1182.7,2016.0,1324.7,2012.5,1365.1,2008.3,1284.5,2084.2,1189.9,2119.3,1100.1,2129.4,1016.7,2123.3,917.8,2089.3,831.9,2012.4
38.0,0.617,832.2,2011.0,922.1,1956.2,1017.1,1932.0,1094.3,1952.2,1178.0,1931.2,1278.0,1961.4,1365.4,2007.0,1325.1,2011.3,1183.0,2007.9,1096.5,2017.6,1018.8,2011.1,871.6,2012.6,871.6,2012.6,1019.4,2015.3,1098.1,2022.6,1183.6,2014.8,1325.1,2011.3,1365.4,2007.0,1284.8,2082.0,1190.6,2116.9,1100.6,2127.1,1017.3,2121.2,918.3,2087.6,832.2,2011.0
39.0,0.633,831.7,2010.4,922.7,1955.0,1018.1,1930.6,1095.0,1950.6,1178.1,1929.7,1278.8,1960.0,1367.6,2005.6,1327.0,2010.1,1183.2,2006.8,1097.4,2016.6,1020.0,2010.3,871.4,2012.1,871.4,2012.1,1020.1,2012.6,1098.4,2019.7,1183.2,2012.0,1327.0,2010.1,1367.6,2005.6,1285.4,2080.9,1190.5,2115.3,1101.2,2125.4,1018.2,2119.6,918.9,2086.5,831.7,2010.4
40.0,0.65,832.0,2008.4,922.5,1953.6,1017.4,1929.8,1095.0,1949.8,1179.0,1928.7,1279.5,1958.6,1368.7,2003.8,1327.9,2008.4,1184.2,2005.5,1097.4,2015.5,1019.4,2009.1,871.6,2010.0,871.6,2010.0,1019.3,2011.9,1098.2,2019.0,1183.9,2011.1,1327.9,2008.4,1368.7,2003.8,1286.1,2078.5,1190.9,2113.1,1100.7,2123.4,1017.3,2117.6,918.5,2084.5,832.0,2008.4
41.0,0.667,829.2,2005.7,921.1,1952.8,1016.6,1929.3,1095.6,1949.2,1181.1,1927.8,1282.0,1957.2,1371.2,2000.7,1330.4,2005.8,1186.0,2004.2,1097.7,2014.8,1018.3,2008.2,868.7,2007.8,868.7,2007.8,1017.6,2009.9,1098.0,2017.2,1185.1,2009.0,1330.4,2005.8,1371.2,2000.7,1287.9,2076.5,1192.1,2111.5,1100.5,2122.1,1015.7,2116.1,916.5,2082.7,829.2,2005.7
42.0,0.683,825.0,2002.7,919.3,1950.5,1016.1,1929.2,1095.3,1949.2,1181.0,1927.9,1284.2,1955.6,1376.1,1998.2,1335.5,2003.0,1186.0,2003.9,1097.5,2014.7,1017.7,2008.0,864.8,2004.9,864.8,2004.9,1017.1,2009.2,1097.7,2016.5,1185.0,2008.4,1335.5,2003.0,1376.1,1998.2,1290.5,2074.5,1191.6,2109.7,1099.8,2120.0,1014.8,2113.8,914.0,2079.7,825.0,2002.7
43.0,0.7,821.1,1997.6,917.8,1950.1,1015.9,1929.9,1095.8,1949.8,1182.6,1928.7,1286.4,1955.0,1380.0,1993.7,1339.3,1999.9,1187.2,2003.4,1097.7,2014.4,1017.1,2007.3,860.5,2000.9,860.5,2000.9,1015.5,2008.0,1096.8,2015.6,1185.2,2007.4,1339.3,1999.9,1380.0,1993.7,1291.4,2071.7,1191.5,2108.0,1098.6,2118.5,1013.0,2112.2,911.5,2077.1,821.1,1997.6
44.0,0.717,816.7,1993.1,916.4,1947.5,1016.2,1929.2,1095.9,1949.0,1182.7,1928.0,1288.7,1952.6,1385.6,1989.1,1345.1,1995.7,1187.4,2001.8,1097.8,2013.0,1017.3,2006.0,856.2,1997.1,856.2,1997.1,1015.6,2008.1,1096.8,2015.7,1185.1,2007.6,1345.1,1995.7,1385.6,1989.1,1294.0,2069.3,1191.2,2106.6,1098.3,2117.0,1012.9,2110.5,909.6,2074.2,816.7,1993.1
45.0,0.733,814.4,1988.3,914.8,1946.2,1015.1,1929.2,1095.6,1949.1,1183.6,1928.0,1290.2,1950.9,1388.3,1984.2,1348.0,1991.7,1188.4,2001.0,1097.6,2012.6,1016.3,2005.2,853.6,1992.9,853.6,1992.9,1014.1,2007.9,1096.1,2015.6,1185.8,2007.0,1348.0,1991.7,1388.3,1984.2,1295.2,2065.8,1191.6,2104.9,1097.4,2115.9,1011.3,2109.3,907.5,2071.8,814.4,1988.3
46.0,0.75,810.8,1982.9,915.0,1945.1,1016.5,1930.1,1095.7,1949.2,1182.1,1928.8,1290.4,1949.3,1392.4,1978.2,1351.9,1987.0,1186.4,1998.9,1097.3,2010.5,1017.2,2003.5,849.7,1988.3,849.7,1988.3,1013.3,2009.6,1094.0,2017.3,1182.1,2009.1,1351.9,1987.0,1392.4,1978.2,1294.1,2064.3,1187.5,2104.1,1095.0,2114.5,1010.3,2107.9,906.1,2069.0,810.8,1982.9
47.0,0.767,809.0,1976.7,914.9,1942.7,1017.1,1929.7,1096.2,1948.8,1182.8,1928.2,1291.8,1946.9,1395.5,1972.3,1355.4,1981.3,1187.0,1996.9,1097.8,2009.0,1017.8,2001.6,848.0,1982.6,848.0,1982.6,1014.5,2007.0,1095.1,2014.9,1183.3,2006.7,1355.4,1981.3,1395.5,1972.3,1296.1,2060.3,1188.9,2101.2,1096.4,2111.8,1011.8,2105.0,906.4,2065.1,809.0,1976.7
48.0,0.783,808.2,1971.9,914.5,1940.2,1016.9,1928.3,1096.0,1947.5,1183.0,1926.7,1292.3,1944.4,1397.3,1967.4,1357.2,1976.8,1187.3,1995.1,1097.6,2007.5,1017.6,1999.9,846.9,1977.9,846.9,1977.9,1014.4,2004.7,1095.0,2012.5,1183.6,2004.0,1357.2,1976.8,1397.3,1967.4,1296.6,2055.9,1188.8,2097.8,1095.9,2108.8,1011.3,2101.9,905.8,2061.1,808.2,1971.9
49.0,0.8,808.2,1967.9,914.6,1938.4,1015.8,1927.9,1095.7,1946.9,1183.6,1926.6,1292.8,1943.0,1397.4,1964.5,1357.5,1974.1,1187.4,1992.9,1096.9,2005.3,1016.0,1997.5,846.8,1974.0,846.8,1974.0,1012.1,2005.3,1093.6,2013.6,1183.3,2004.8,1357.5,1974.1,1397.4,1964.5,1296.4,2053.4,1188.2,2096.2,1094.2,2107.2,1009.0,2099.7,905.0,2057.9,808.2,1967.9
50.0,0.817,807.2,1965.9,914.5,1936.9,1016.5,1927.1,1096.3,1945.9,1184.0,1925.8,1294.0,1941.3,1399.0,1962.0,1359.2,1971.7,1188.0,1991.3,1097.8,2003.9,1016.9,1996.2,845.8,1972.2,845.8,1972.2,1013.3,2004.0,1094.8,2012.1,1184.2,2003.2,1359.2,1971.7,1399.0,1962.0,1298.0,2051.1,1189.5,2093.7,1095.7,2104.8,1010.5,2097.6,905.4,2056.1,807.2,1965.9
51.0,0.833,807.0,1963.2,914.8,1935.2,1016.9,1925.6,1096.5,1944.3,1183.8,1924.3,1294.3,1939.6,1400.8,1959.9,1360.8,1969.9,1187.7,1990.5,1097.9,2003.2,1017.1,1995.4,845.9,1969.9,845.9,1969.9,1013.1,2001.6,1094.3,2009.6,1183.4,2000.8,1360.8,1969.9,1400.8,1959.9,1298.0,2049.0,1188.4,2091.5,1095.1,2102.6,1010.2,2095.4,905.3,2054.1,807.0,1963.2
52.0,0.85,806.6,1961.8,914.4,1934.3,1016.7,1925.2,1097.0,1944.2,1185.3,1923.5,1296.1,1938.4,1402.8,1957.8,1362.9,1967.3,1189.5,1989.3,1098.5,2002.4,1017.3,1994.5,845.4,1967.8,845.4,1967.8,1014.2,2000.3,1095.9,2008.5,1186.0,1999.3,1362.9,1967.3,1402.8,1957.8,1300.5,2046.8,1191.0,2090.2,1096.7,2101.6,1011.2,2094.3,905.6,2052.4,806.6,1961.8
53.0,0.867,804.7,1959.6,913.0,1932.8,1015.9,1924.6,1095.7,1943.6,1183.6,1922.9,1295.0,1937.6,1402.6,1956.4,1362.8,1965.8,1187.9,1988.6,1097.4,2001.8,1016.6,1993.8,843.5,1966.0,843.5,1966.0,1014.0,1997.6,1095.4,2005.8,1184.9,1996.9,1362.8,1965.8,1402.6,1956.4,1300.0,2045.6,1190.2,2087.9,1096.4,2099.1,1011.1,2091.8,904.5,2050.2,804.7,1959.6
54.0,0.883,804.6,1958.5,911.1,1931.6,1013.9,1923.4,1094.2,1942.9,1182.7,1922.0,1294.4,1936.5,1401.5,1955.9,1361.7,1965.0,1187.3,1988.6,1096.1,2001.5,1015.0,1993.2,843.6,1964.6,843.6,1964.6,1013.4,1997.7,1095.3,2005.9,1185.6,1997.0,1361.7,1965.0,1401.5,1955.9,1300.5,2044.3,1191.0,2087.8,1096.5,2099.3,1010.7,2092.1,903.9,2049.9,804.6,1958.5
55.0,0.9,803.6,1957.3,910.6,1931.1,1013.2,1923.2,1093.4,1942.3,1181.9,1921.6,1293.7,1935.7,1401.4,1954.2,1361.5,1963.8,1186.2,1987.6,1095.2,2000.7,1014.1,1992.6,842.4,1963.6,842.4,1963.6,1011.8,1997.0,1093.6,2005.4,1183.7,1996.4,1361.5,1963.8,1401.4,1954.2,1299.2,2043.4,1189.2,2087.2,1094.7,2098.8,1009.1,2091.4,902.9,2048.8,803.6,1957.3
56.0,0.917,801.0,1955.4,909.2,1930.8,1011.8,1922.9,1092.3,1941.9,1181.0,1921.3,1293.5,1934.9,1401.9,1952.0,1361.9,1962.3,1185.2,1987.7,1094.1,2001.0,1012.4,1992.9,839.9,1962.2,839.9,1962.2,1008.9,1995.2,1091.0,2003.7,1181.3,1994.8,1361.9,1962.3,1401.9,1952.0,1297.9,2042.4,1186.9,2086.4,1092.2,2097.9,1006.2,2090.3,900.6,2047.3,801.0,1955.4
57.0,0.933,800.7,1954.1,908.2,1929.4,1011.5,1921.4,1091.3,1940.5,1179.2,1919.8,1292.0,1933.9,1401.2,1951.0,1361.2,1961.0,1183.9,1986.4,1093.5,1999.5,1012.7,1991.4,839.5,1960.8,839.5,1960.8,1010.2,1993.0,1091.7,2001.1,1181.3,1992.2,1361.2,1961.0,1401.2,1951.0,1297.7,2041.5,1187.0,2085.0,1093.1,2096.4,1007.7,2089.2,900.7,2046.6,800.7,1954.1
58.0,0.95,801.6,1952.6,908.5,1927.1,1011.3,1919.5,1091.6,1938.5,1179.9,1918.0,1293.1,1931.8,1401.9,1949.5,1361.9,1959.3,1184.6,1984.3,1093.8,1997.4,1012.4,1989.3,840.7,1959.3,840.7,1959.3,1009.9,1992.4,1092.0,2000.7,1182.0,1991.9,1361.9,1959.3,1401.9,1949.5,1299.1,2040.2,1188.1,2083.7,1093.6,2095.0,1007.7,2087.7,901.1,2045.1,801.6,1952.6
59.0,0.967,801.2,1951.1,908.4,1925.5,1011.1,1917.4,1091.5,1936.4,1179.9,1915.9,1293.1,1930.0,1401.8,1947.9,1361.7,1957.9,1184.4,1982.8,1093.5,1995.7,1012.1,1987.7,840.3,1957.9,840.3,1957.9,1009.3,1990.9,1091.4,1999.3,1181.6,1990.5,1361.7,1957.9,1401.8,1947.9,1298.7,2038.9,1187.6,2082.9,1092.9,2094.2,1006.9,2086.8,900.6,2043.8,801.2,1951.1
60.0,0.983,799.9,1949.4,907.6,1923.0,1011.0,1915.2,1091.3,1934.0,1179.4,1913.6,1293.6,1927.3,1403.4,1945.4,1363.5,1955.4,1184.2,1979.7,1093.5,1992.7,1012.3,1984.9,839.0,1956.1,839.0,1956.1,1009.7,1989.9,1091.7,1998.0,1181.7,1989.3,1363.5,1955.4,1403.4,1945.4,1299.8,2036.9,1187.9,2080.5,1093.5,2091.7,1007.6,2084.6,900.2,2042.0,799.9,1949.4
61.0,1.0,798.7,1947.8,907.0,1922.6,1010.4,1914.5,1090.7,1933.2,1178.7,1913.0,1293.1,1926.5,1403.4,1944.0,1363.2,1954.2,1183.2,1979.5,1092.8,1992.3,1011.4,1984.4,838.0,1954.9,838.0,1954.9,1008.2,1988.0,1090.3,1996.2,1180.1,1987.8,1363.2,1954.2,1403.4,1944.0,1298.8,2035.8,1186.4,2079.7,1092.1,2090.6,1006.3,2083.5,899.3,2040.7,798.7,1947.8
62.0,1.017,799.4,1947.1,907.0,1921.4,1010.1,1913.5,1090.6,1932.2,1179.0,1911.8,1293.0,1925.4,1402.6,1943.0,1362.6,1952.9,1183.8,1977.9,1092.9,1990.9,1011.3,1983.0,838.5,1953.8,838.5,1953.8,1008.7,1987.2,1091.0,1995.3,1181.3,1986.4,1362.6,1952.9,1402.6,1943.0,1299.2,2034.0,1187.4,2077.9,1092.7,2089.1,1006.7,2082.0,899.6,2039.6,799.4,1947.1
63.0,1.033,801.0,1946.9,908.2,1919.9,1011.0,1912.0,1091.9,1930.5,1180.5,1910.2,1294.7,1923.6,1403.7,1942.3,1363.7,1952.0,1185.4,1976.5,1094.4,1989.5,1012.4,1981.7,840.5,1953.5,840.5,1953.5,1010.2,1986.6,1092.9,1994.6,1183.4,1985.9,1363.7,1952.0,1403.7,1942.3,1301.6,2032.9,1190.0,2076.6,1095.0,2087.7,1008.6,2080.9,901.5,2039.0,801.0,1946.9
64.0,1.05,800.4,1945.6,908.2,1918.7,1011.3,1910.5,1092.2,1928.9,1180.5,1908.7,1295.2,1922.0,1405.0,1940.6,1364.7,1950.7,1185.3,1974.8,1094.6,1987.9,1012.5,1980.2,840.0,1952.4,840.0,1952.4,1009.6,1985.7,1092.4,1993.6,1182.7,1985.0,1364.7,1950.7,1405.0,1940.6,1301.8,2032.4,1189.4,2076.1,1094.6,2087.1,1008.2,2080.4,901.0,2038.5,800.4,1945.6
65.0,1.067,801.4,1944.8,908.6,1917.8,1011.7,1909.0,1092.7,1927.4,1181.5,1907.4,1296.3,1920.9,1406.2,1939.7,1365.6,1949.9,1186.4,1974.4,1095.2,1987.2,1013.0,1979.5,841.1,1951.7,841.1,1951.7,1009.7,1984.7,1092.7,1992.6,1183.4,1983.9,1365.6,1949.9,1406.2,1939.7,1302.6,2031.1,1190.1,2075.5,1094.8,2086.6,1008.2,2079.9,901.4,2037.8,801.4,1944.8
66.0,1.083,799.9,1944.2,907.4,1917.3,1010.7,1908.7,1092.3,1927.2,1181.8,1907.1,1296.5,1920.6,1406.5,1939.1,1366.1,1949.4,1186.6,1973.5,1094.7,1986.3,1012.1,1978.6,839.3,1951.1,839.3,1951.1,1008.7,1984.4,1092.1,1992.4,1183.5,1983.6,1366.1,1949.4,1406.5,1939.1,1302.5,2030.5,1189.8,2074.5,1093.9,2085.6,1006.9,2078.8,899.8,2036.6,799.9,1944.2
67.0,1.1,800.1,1943.1,907.8,1916.2,1010.9,1907.3,1092.6,1926.1,1182.1,1905.8,1296.5,1919.7,1406.2,1938.4,1365.7,1948.7,1186.7,1973.1,1094.7,1986.0,1011.9,1978.0,839.6,1950.1,839.6,1950.1,1008.2,1982.4,1091.6,1990.7,1183.0,1982.1,1365.7,1948.7,1406.2,1938.4,1302.0,2030.0,1189.4,2074.4,1093.4,2085.5,1006.3,2078.4,899.8,2035.8,800.1,1943.1
68.0,1.117,799.3,1942.9,906.5,1915.2,1010.0,1905.7,1091.5,1924.8,1180.8,1904.3,1295.6,1918.9,1406.0,1938.2,1365.2,1948.3,1185.6,1973.4,1093.8,1986.1,1011.1,1978.1,838.9,1949.6,838.9,1949.6,1007.5,1980.4,1090.8,1988.6,1181.9,1980.3,1365.2,1948.3,1406.0,1938.2,1301.3,2030.4,1188.4,2074.7,1092.6,2085.6,1005.6,2078.5,898.6,2035.7,799.3,1942.9
69.0,1.133,799.2,1941.7,906.8,1914.2,1010.6,1904.7,1092.2,1923.6,1181.4,1902.9,1295.9,1917.3,1406.3,1936.5,1365.6,1946.8,1186.3,1971.9,1094.6,1984.8,1011.9,1976.9,839.1,1948.7,839.1,1948.7,1008.5,1979.4,1091.9,1987.3,1182.9,1978.8,1365.6,1946.8,1406.3,1936.5,1302.2,2029.3,1189.7,2073.6,1094.1,2084.7,1006.9,2078.0,899.3,2035.9,799.2,1941.7
70.0,1.15,799.0,1941.4,906.4,1914.1,1010.2,1904.3,1091.6,1923.1,1180.4,1902.7,1295.3,1916.9,1406.2,1936.2,1365.3,1946.7,1185.2,1971.6,1094.0,1984.2,1011.6,1976.4,838.8,1948.5,838.8,1948.5,1007.9,1980.7,1091.1,1988.5,1181.8,1980.1,1365.3,1946.7,1406.2,1936.2,1301.4,2029.4,1188.5,2074.1,1093.1,2085.0,1006.3,2078.5,898.8,2036.1,799.0,1941.4
71.0,1.167,798.9,1941.4,907.1,1914.1,1011.0,1904.3,1092.3,1923.0,1180.9,1902.4,1296.2,1916.5,1407.2,1935.4,1366.3,1946.0,1185.8,1971.3,1094.8,1984.3,1012.3,1976.6,838.8,1948.4,838.8,1948.4,1008.4,1980.2,1091.5,1988.2,1182.1,1979.7,1366.3,1946.0,1407.2,1935.4,1302.1,2029.8,1189.0,2074.7,1093.8,2085.8,1006.9,2079.1,899.4,2036.4,798.9,1941.4
72.0,1.183,798.7,1941.5,906.7,1913.5,1010.7,1903.3,1092.2,1922.0,1180.9,1901.5,1296.6,1915.8,1408.0,1935.4,1366.9,1946.0,1186.0,1971.0,1094.9,1983.9,1012.3,1976.3,838.8,1948.7,838.8,1948.7,1008.3,1979.8,1091.5,1987.6,1182.1,1979.2,1366.9,1946.0,1408.0,1935.4,1302.6,2029.5,1189.1,2074.4,1093.7,2085.4,1006.8,2078.9,899.0,2036.6,798.7,1941.5
73.0,1.2,799.5,1941.5,907.0,1912.8,1011.0,1902.4,1092.8,1921.4,1182.1,1900.7,1297.3,1915.7,1408.0,1936.1,1367.0,1946.2,1187.1,1970.8,1095.3,1983.6,1012.4,1975.8,839.6,1948.3,839.6,1948.3,1008.9,1978.9,1092.5,1986.9,1183.6,1978.5,1367.0,1946.2,1408.0,1936.1,1303.5,2029.6,1190.5,2074.2,1094.6,2085.2,1007.3,2078.5,899.4,2036.0,799.5,1941.5
74.0,1.217,798.7,1941.0,907.3,1912.7,1012.0,1901.8,1092.9,1920.5,1180.8,1899.9,1297.0,1915.0,1409.4,1935.1,1368.2,1945.6,1185.8,1969.9,1095.3,1982.9,1013.3,1975.3,838.8,1948.1,838.8,1948.1,1009.2,1978.8,1091.8,1986.6,1181.7,1978.5,1368.2,1945.6,1409.4,1935.1,1302.8,2030.0,1188.5,2074.2,1093.9,2084.8,1007.5,2078.3,899.4,2036.0,798.7,1941.0
75.0,1.233,798.8,1940.7,906.9,1912.1,1011.8,1901.2,1093.0,1920.1,1181.6,1899.5,1297.1,1915.0,1408.8,1935.5,1367.7,1945.8,1186.7,1969.4,1095.5,1982.1,1013.3,1974.3,838.8,1947.9,838.8,1947.9,1009.8,1979.0,1092.7,1986.7,1183.2,1978.5,1367.7,1945.8,1408.8,1935.5,1303.2,2029.7,1190.0,2073.8,1094.8,2084.6,1008.1,2078.2,899.3,2035.9,798.8,1940.7
76.0,1.25,798.6,1940.1,906.2,1911.2,1010.8,1900.5,1093.4,1919.6,1183.8,1898.9,1299.1,1913.9,1409.8,1934.6,1368.7,1944.8,1188.7,1968.6,1095.9,1981.5,1012.3,1973.5,838.8,1946.9,838.8,1946.9,1008.7,1979.5,1093.1,1987.5,1185.3,1978.9,1368.7,1944.8,1409.8,1934.6,1305.2,2028.4,1192.0,2073.9,1095.0,2085.0,1007.0,2078.4,898.6,2035.5,798.6,1940.1
77.0,1.267,798.2,1939.8,906.2,1910.8,1011.3,1899.7,1093.5,1918.6,1183.2,1897.9,1298.9,1913.2,1410.6,1934.1,1369.2,1944.4,1188.3,1968.1,1096.0,1981.0,1012.8,1973.2,838.4,1946.7,838.4,1946.7,1009.0,1978.6,1093.0,1986.4,1184.6,1977.9,1369.2,1944.4,1410.6,1934.1,1304.9,2028.4,1191.3,2073.4,1095.0,2084.4,1007.3,2078.0,898.5,2035.4,798.2,1939.8
78.0,1.283,797.4,1939.1,906.5,1910.5,1012.1,1898.9,1093.3,1917.6,1181.5,1897.1,1297.6,1912.6,1410.3,1933.0,1369.0,1943.5,1186.5,1967.3,1095.8,1980.0,1013.5,1972.5,837.5,1946.2,837.5,1946.2,1009.4,1977.6,1092.3,1985.2,1182.4,1977.2,1369.0,1943.5,1410.3,1933.0,1303.3,2028.4,1189.1,2073.1,1094.2,2083.7,1007.5,2077.4,898.5,2034.7,797.4,1939.1
79.0,1.3,796.3,1938.1,905.4,1909.3,1011.0,1897.9,1092.6,1916.6,1181.1,1896.0,1297.8,1911.1,1411.0,1931.8,1369.4,1942.2,1186.1,1966.3,1095.1,1979.1,1012.5,1971.5,836.6,1945.0,836.6,1945.0,1008.4,1977.3,1091.7,1985.0,1182.1,1977.0,1369.4,1942.2,1411.0,1931.8,1303.7,2027.6,1188.9,2072.7,1093.6,2083.3,1006.6,2077.0,897.6,2034.3,796.3,1938.1
80.0,1.317,794.9,1937.5,904.0,1908.4,1010.2,1896.7,1091.8,1915.6,1180.5,1894.7,1297.0,1910.2,1410.2,1931.2,1368.6,1941.6,1185.7,1965.5,1094.4,1978.4,1011.9,1970.8,835.1,1944.4,835.1,1944.4,1008.0,1975.6,1091.2,1983.1,1181.8,1975.0,1368.6,1941.6,1410.2,1931.2,1302.9,2026.6,1188.4,2071.4,1093.1,2082.1,1006.0,2076.0,896.2,2033.5,794.9,1937.5
81.0,1.333,793.7,1935.9,902.6,1907.0,1008.1,1896.0,1090.6,1915.1,1180.7,1894.3,1297.0,1910.1,1409.2,1931.1,1367.8,1941.4,1185.6,1965.2,1092.9,1978.0,1009.3,1970.1,833.8,1943.0,833.8,1943.0,1004.9,1974.8,1089.2,1982.8,1181.2,1974.5,1367.8,1941.4,1409.2,1931.1,1302.2,2026.1,1187.4,2070.8,1090.7,2081.5,1002.8,2074.8,893.9,2031.6,793.7,1935.9
82.0,1.35,791.2,1933.2,900.1,1905.1,1006.0,1894.9,1088.4,1914.2,1178.6,1893.2,1294.8,1909.1,1407.2,1929.6,1366.2,1939.8,1183.4,1963.6,1090.6,1976.5,1007.3,1968.3,831.0,1940.4,831.0,1940.4,1003.6,1973.7,1087.7,1981.8,1179.7,1973.6,1366.2,1939.8,1407.2,1929.6,1300.4,2025.4,1185.7,2070.2,1089.0,2080.9,1001.0,2074.0,891.4,2030.2,791.2,1933.2
83.0,1.367,789.7,1929.4,897.8,1902.0,1003.9,1893.4,1086.4,1913.1,1177.2,1892.2,1294.0,1907.6,1407.1,1928.2,1366.3,1937.6,1181.7,1961.8,1088.4,1974.5,1004.9,1965.7,829.5,1936.1,829.5,1936.1,1002.1,1973.6,1086.6,1982.1,1179.1,1974.2,1366.3,1937.6,1407.1,1928.2,1300.1,2023.9,1184.7,2068.7,1087.5,2079.1,999.3,2071.8,889.4,2027.1,789.7,1929.4
84.0,1.383,786.2,1924.8,894.4,1899.1,1001.1,1891.0,1084.1,1911.5,1175.6,1890.5,1292.9,1906.5,1406.8,1926.6,1366.0,1935.7,1179.7,1960.6,1085.6,1973.2,1001.6,1963.7,825.7,1931.6,825.7,1931.6,998.9,1969.8,1083.8,1979.0,1176.9,1971.7,1366.0,1935.7,1406.8,1926.6,1298.4,2023.2,1182.0,2067.7,1084.1,2077.5,995.4,2069.4,885.3,2023.1,786.2,1924.8
85.0,1.4,785.7,1923.0,892.9,1897.3,999.1,1889.8,1083.0,1910.6,1175.7,1889.6,1293.7,1905.3,1407.5,1925.5,1366.7,1934.1,1179.7,1960.4,1084.4,1972.8,999.5,1963.1,825.4,1929.4,825.4,1929.4,997.4,1968.9,1083.3,1978.5,1177.6,1971.2,1366.7,1934.1,1407.5,1925.5,1299.9,2021.3,1182.7,2066.7,1083.6,2076.7,994.0,2068.2,884.4,2021.0,785.7,1923.0
86.0,1.417,784.4,1921.9,891.6,1897.4,998.5,1889.0,1082.1,1909.9,1174.9,1888.6,1292.2,1904.8,1405.9,1924.3,1364.9,1933.4,1178.9,1959.6,1083.6,1971.9,999.0,1962.1,824.0,1928.5,824.0,1928.5,997.2,1967.5,1082.8,1977.0,1177.1,1969.7,1364.9,1933.4,1405.9,1924.3,1298.1,2020.6,1182.3,2066.7,1083.1,2076.9,993.7,2068.6,883.5,2021.2,784.4,1921.9
87.0,1.433,784.2,1921.5,891.1,1896.8,998.2,1887.7,1081.8,1908.7,1174.5,1887.7,1291.9,1904.6,1405.2,1924.5,1364.1,1933.5,1178.5,1959.7,1083.3,1971.7,998.6,1961.9,824.0,1928.1,824.0,1928.1,996.9,1964.8,1082.6,1974.4,1176.8,1967.3,1364.1,1933.5,1405.2,1924.5,1298.0,2020.6,1182.4,2066.1,1083.3,2076.1,993.7,2067.8,883.4,2020.6,784.2,1921.5
88.0,1.45,783.7,1920.7,892.0,1896.6,999.5,1888.1,1082.8,1908.9,1174.7,1888.3,1292.8,1904.8,1407.3,1924.1,1366.3,1933.3,1178.7,1959.6,1084.3,1971.5,1000.0,1961.8,823.6,1927.6,823.6,1927.6,997.9,1965.2,1083.2,1974.8,1176.7,1967.9,1366.3,1933.3,1407.3,1924.1,1298.7,2020.7,1182.3,2065.7,1083.9,2075.5,994.8,2067.3,883.9,2020.2,783.7,1920.7
89.0,1.467,784.0,1921.2,893.8,1897.6,1001.7,1888.6,1084.6,1909.0,1176.1,1888.3,1293.5,1904.8,1408.5,1923.3,1367.2,1933.3,1180.0,1958.4,1086.0,1970.7,1002.2,1961.3,823.6,1928.8,823.6,1928.8,999.3,1965.5,1084.0,1974.7,1177.0,1967.7,1367.2,1933.3,1408.5,1923.3,1298.6,2020.5,1182.6,2065.1,1084.7,2075.0,996.1,2067.1,885.1,2020.9,784.0,1921.2
90.0,1.483,785.5,1921.4,895.2,1897.1,1003.2,1888.7,1085.9,1909.2,1177.2,1888.2,1294.6,1904.3,1409.7,1923.3,1368.3,1933.0,1181.4,1958.8,1087.6,1971.1,1004.0,1961.7,825.4,1928.6,825.4,1928.6,1001.6,1965.7,1086.3,1974.7,1179.1,1967.6,1368.3,1933.0,1409.7,1923.3,1300.5,2020.3,1184.7,2064.9,1087.1,2074.8,998.6,2067.2,886.8,2021.3,785.5,1921.4
91.0,1.5,787.3,1921.4,896.8,1896.7,1003.9,1888.2,1087.3,1908.8,1179.2,1887.9,1296.3,1904.1,1410.6,1923.5,1369.3,1932.9,1183.2,1958.6,1088.7,1971.0,1004.4,1961.5,827.4,1928.6,827.4,1928.6,1001.6,1964.5,1086.9,1973.8,1180.3,1966.6,1369.3,1932.9,1410.6,1923.5,1301.7,2019.7,1186.0,2064.1,1087.7,2073.9,998.7,2066.0,888.0,2020.0,787.3,1921.4
92.0,1.517,788.6,1921.7,898.4,1896.5,1005.8,1887.9,1089.1,1908.1,1180.9,1887.2,1297.8,1903.2,1411.3,1922.7,1370.3,1932.3,1185.2,1957.3,1090.7,1969.8,1006.5,1960.5,828.6,1928.9,828.6,1928.9,1003.8,1965.5,1089.0,1974.5,1182.5,1966.9,1370.3,1932.3,1411.3,1922.7,1303.4,2018.7,1188.1,2063.4,1089.9,2073.5,1000.9,2066.0,889.7,2020.4,788.6,1921.7
93.0,1.533,790.4,1921.8,899.9,1895.5,1006.9,1886.7,1090.2,1907.0,1181.9,1886.1,1298.9,1902.3,1412.3,1923.0,1371.1,1932.3,1186.1,1957.0,1091.8,1969.5,1007.5,1960.3,830.6,1928.8,830.6,1928.8,1004.7,1964.6,1089.9,1973.6,1183.2,1966.1,1371.1,1932.3,1412.3,1923.0,1304.4,2018.2,1188.8,2062.4,1090.7,2072.4,1001.7,2064.8,891.1,2019.6,790.4,1921.8
94.0,1.55,792.1,1922.0,902.0,1895.4,1009.0,1886.1,1092.1,1906.2,1183.5,1885.3,1300.1,1901.7,1413.0,1922.3,1371.9,1931.9,1187.6,1956.0,1093.7,1968.6,1009.5,1959.5,832.3,1929.2,832.3,1929.2,1006.3,1963.8,1091.4,1972.8,1184.3,1965.4,1371.9,1931.9,1413.0,1922.3,1305.5,2018.1,1190.3,2062.0,1092.6,2071.9,1003.8,2064.3,893.1,2019.4,792.1,1922.0
95.0,1.567,793.9,1921.7,903.6,1894.4,1010.4,1885.0,1093.5,1905.0,1184.7,1884.1,1301.5,1900.6,1414.0,1921.5,1373.1,1931.0,1188.8,1955.0,1095.1,1967.5,1010.9,1958.7,834.0,1928.7,834.0,1928.7,1007.7,1962.9,1092.7,1971.8,1185.5,1964.5,1373.1,1931.0,1414.0,1921.5,1306.8,2017.5,1191.4,2061.1,1093.8,2070.9,1005.1,2063.3,894.6,2018.5,793.9,1921.7
96.0,1.583,795.6,1921.5,905.0,1893.5,1011.8,1884.3,1094.8,1904.3,1185.8,1883.3,1302.6,1899.5,1415.6,1920.9,1374.5,1929.9,1190.3,1954.5,1096.6,1967.1,1012.6,1958.2,836.0,1928.1,836.0,1928.1,1009.9,1962.3,1094.8,1971.0,1187.5,1963.5,1374.5,1929.9,1415.6,1920.9,1308.7,2016.1,1193.4,2060.2,1096.0,2070.1,1007.3,2062.8,896.5,2018.2,795.6,1921.5
97.0,1.6,797.6,1920.9,907.6,1893.1,1014.5,1883.7,1096.8,1903.4,1186.5,1882.7,1304.0,1898.4,1417.7,1919.7,1376.7,1928.9,1190.8,1953.4,1098.5,1965.9,1015.2,1957.3,838.1,1927.7,838.1,1927.7,1012.3,1962.4,1096.5,1971.0,1187.9,1963.8,1376.7,1928.9,1417.7,1919.7,1310.2,2015.9,1194.3,2059.6,1098.0,2069.3,1010.1,2062.1,899.3,2017.7,797.6,1920.9
98.0,1.617,798.0,1920.2,908.0,1892.3,1014.7,1882.5,1097.4,1902.2,1187.8,1881.5,1305.1,1897.4,1418.4,1918.5,1377.2,1928.2,1192.0,1952.6,1099.0,1965.1,1015.2,1956.6,838.3,1927.2,838.3,1927.2,1011.7,1961.3,1096.3,1969.9,1188.4,1962.7,1377.2,1928.2,1418.4,1918.5,1310.5,2014.5,1194.4,2058.8,1097.5,2068.6,1009.2,2061.2,899.1,2016.5,798.0,1920.2
99.0,1.633,797.9,1919.5,908.3,1891.9,1015.5,1881.8,1097.5,1901.3,1187.0,1880.8,1304.3,1896.6,1418.3,1917.5,1377.2,1927.4,1191.4,1951.2,1099.3,1963.6,1016.2,1955.2,838.0,1926.7,838.0,1926.7,1012.8,1961.4,1096.6,1969.9,1187.8,1962.7,1377.2,1927.4,1418.3,1917.5,1309.9,2013.8,1193.8,2057.8,1097.8,2067.5,1010.3,2060.4,899.6,2016.2,797.9,1919.5
100.0,1.65,797.0,1917.7,907.4,1890.4,1014.1,1880.5,1096.9,1900.0,1187.2,1879.3,1304.1,1895.0,1417.7,1915.7,1376.3,1925.6,1191.4,1949.8,1098.5,1962.4,1014.7,1953.8,837.1,1924.9,837.1,1924.9,1010.8,1959.7,1095.3,1968.3,1187.2,1961.0,1376.3,1925.6,1417.7,1915.7,1309.2,2012.1,1193.2,2056.3,1096.4,2066.1,1008.2,2058.9,898.2,2014.6,797.0,1917.7
101.0,1.667,797.0,1917.6,906.5,1889.5,1012.9,1879.1,1096.6,1898.7,1188.3,1877.8,1304.5,1893.8,1416.6,1915.0,1375.3,1924.8,1192.6,1948.5,1098.4,1961.2,1013.7,1952.7,837.3,1924.5,837.3,1924.5,1010.0,1958.6,1095.5,1967.1,1188.9,1959.3,1375.3,1924.8,1416.6,1915.0,1309.8,2010.1,1194.9,2054.8,1096.7,2065.1,1007.6,2058.0,897.7,2014.0,797.0,1917.6
102.0,1.683,796.3,1916.1,906.0,1888.3,1012.5,1877.8,1096.0,1897.5,1187.4,1876.8,1303.9,1892.7,1416.3,1913.9,1375.0,1923.8,1191.6,1947.5,1097.7,1960.1,1013.1,1951.4,836.4,1923.2,836.4,1923.2,1009.3,1957.6,1094.6,1966.3,1187.7,1958.7,1375.0,1923.8,1416.3,1913.9,1308.9,2009.3,1193.6,2054.0,1095.7,2064.1,1006.8,2056.8,897.0,2012.5,796.3,1916.1
103.0,1.7,796.3,1916.3,906.4,1888.0,1012.5,1877.7,1096.2,1897.3,1187.5,1876.4,1303.8,1892.6,1415.6,1914.0,1374.4,1923.6,1191.6,1947.2,1097.8,1960.0,1013.0,1951.5,836.6,1923.2,836.6,1923.2,1009.0,1956.3,1094.5,1964.9,1187.4,1957.2,1374.4,1923.6,1415.6,1914.0,1308.7,2009.2,1193.5,2053.3,1095.7,2063.5,1006.6,2056.1,897.2,2012.2,796.3,1916.3
104.0,1.717,795.7,1916.6,905.5,1888.1,1011.9,1877.3,1095.5,1897.1,1186.7,1876.1,1302.9,1892.7,1414.6,1914.6,1373.4,1923.9,1190.9,1947.4,1097.1,1960.1,1012.5,1951.5,836.0,1923.3,836.0,1923.3,1008.9,1955.2,1094.3,1963.8,1187.1,1956.3,1373.4,1923.9,1414.6,1914.6,1308.0,2009.2,1193.2,2053.2,1095.6,2063.2,1006.5,2055.9,896.7,2012.0,795.7,1916.6
105.0,1.733,796.2,1916.3,906.0,1887.8,1012.7,1877.4,1095.9,1897.2,1186.9,1876.3,1303.1,1892.8,1415.2,1914.5,1373.9,1923.9,1191.2,1947.2,1097.6,1959.7,1013.4,1951.0,836.5,1923.1,836.5,1923.1,1010.0,1956.5,1095.1,1965.1,1187.8,1957.6,1373.9,1923.9,1415.2,1914.5,1308.6,2009.4,1194.0,2053.5,1096.4,2063.5,1007.7,2056.3,897.3,2012.3,796.2,1916.3
106.0,1.75,796.0,1915.7,906.9,1887.6,1013.9,1877.4,1096.7,1896.8,1187.0,1876.3,1303.8,1892.3,1416.5,1913.5,1375.3,1923.3,1191.2,1946.9,1098.4,1959.3,1014.5,1950.9,836.3,1922.9,836.3,1922.9,1010.5,1955.9,1095.2,1964.5,1187.3,1957.2,1375.3,1923.3,1416.5,1913.5,1308.9,2009.3,1193.5,2052.9,1096.7,2062.7,1008.4,2055.5,897.9,2011.7,796.0,1915.7
107.0,1.767,797.2,1916.1,908.2,1887.9,1015.1,1877.3,1097.6,1896.7,1187.7,1876.1,1304.3,1892.5,1416.4,1913.7,1375.5,1923.6,1192.0,1946.9,1099.3,1959.4,1015.7,1951.1,837.4,1923.5,837.4,1923.5,1011.7,1955.9,1096.1,1964.5,1187.9,1957.1,1375.5,1923.6,1416.4,1913.7,1309.2,2009.7,1194.1,2053.3,1097.5,2063.1,1009.4,2055.9,899.0,2011.9,797.2,1916.1
108.0,1.783,797.4,1915.8,908.2,1887.7,1015.7,1877.0,1098.2,1896.6,1188.1,1875.8,1305.1,1892.1,1417.8,1913.6,1376.5,1923.5,1192.4,1947.4,1100.1,1959.9,1016.4,1951.5,837.8,1923.1,837.8,1923.1,1012.9,1955.1,1097.3,1963.5,1188.9,1956.2,1376.5,1923.5,1417.8,1913.6,1310.6,2009.7,1195.4,2053.5,1098.9,2063.4,1010.7,2056.4,899.6,2012.6,797.4,1915.8
109.0,1.8,799.1,1916.7,909.2,1888.0,1016.0,1877.6,1099.0,1897.3,1189.6,1876.6,1306.0,1892.9,1417.7,1914.5,1376.6,1924.2,1194.0,1948.1,1100.7,1960.5,1016.6,1952.1,839.5,1923.7,839.5,1923.7,1013.0,1955.9,1097.9,1964.4,1190.2,1957.0,1376.6,1924.2,1417.7,1914.5,1311.3,2009.6,1196.5,2053.6,1099.3,2063.5,1010.7,2056.3,900.3,2012.2,799.1,1916.7
110.0,1.817,799.5,1917.5,910.2,1889.0,1017.4,1878.4,1099.9,1897.9,1190.3,1877.1,1306.6,1893.7,1418.9,1915.1,1377.8,1924.9,1194.6,1948.2,1101.7,1960.6,1018.1,1952.2,839.9,1924.7,839.9,1924.7,1014.7,1956.2,1099.2,1964.6,1191.2,1957.3,1377.8,1924.9,1418.9,1915.1,1312.2,2009.8,1197.6,2053.4,1100.8,2063.4,1012.6,2056.4,901.6,2013.0,799.5,1917.5
111.0,1.833,799.9,1918.0,910.7,1889.5,1018.1,1878.5,1100.4,1898.1,1190.2,1877.4,1306.4,1894.2,1418.9,1915.7,1377.7,1925.7,1194.5,1949.0,1102.1,1961.4,1018.8,1953.0,840.2,1925.2,840.2,1925.2,1015.0,1956.5,1099.0,1965.0,1190.5,1957.8,1377.7,1925.7,1418.9,1915.7,1311.4,2011.1,1196.7,2054.7,1100.4,2064.5,1012.6,2057.5,901.8,2013.8,799.9,1918.0
112.0,1.85,800.0,1918.5,911.1,1889.6,1018.5,1879.4,1101.1,1898.8,1191.2,1878.2,1308.1,1894.3,1420.7,1915.7,1379.6,1925.5,1195.8,1949.1,1103.0,1961.6,1019.4,1953.4,840.6,1925.6,840.6,1925.6,1016.1,1958.0,1100.6,1966.3,1192.4,1958.9,1379.6,1925.5,1420.7,1915.7,1314.0,2011.2,1198.9,2055.2,1102.3,2065.1,1014.0,2058.2,902.6,2014.5,800.0,1918.5
113.0,1.867,800.4,1918.5,911.3,1890.4,1018.6,1880.1,1101.3,1899.7,1191.6,1878.6,1308.0,1895.1,1420.7,1916.1,1379.5,1925.7,1195.9,1949.5,1102.9,1962.2,1019.3,1953.8,840.8,1925.2,840.8,1925.2,1016.2,1958.1,1100.6,1966.7,1192.5,1959.3,1379.5,1925.7,1420.7,1916.1,1313.7,2012.1,1198.9,2056.1,1102.2,2066.1,1014.0,2059.0,902.9,2015.0,800.4,1918.5
114.0,1.883,800.1,1918.9,910.5,1890.0,1017.5,1879.8,1100.1,1899.5,1190.1,1878.9,1306.6,1895.6,1418.9,1917.8,1377.8,1927.3,1194.3,1949.9,1101.7,1962.1,1018.1,1953.6,840.6,1925.9,840.6,1925.9,1014.5,1958.4,1099.0,1967.0,1190.7,1959.8,1377.8,1927.3,1418.9,1917.8,1311.9,2012.9,1196.7,2056.0,1100.3,2065.6,1012.1,2058.2,901.5,2014.5,800.1,1918.9
115.0,1.9,799.9,1919.6,910.8,1890.8,1017.9,1880.1,1100.4,1899.6,1190.4,1879.2,1306.8,1895.6,1419.2,1917.5,1377.9,1927.4,1194.6,1949.5,1102.1,1961.8,1018.4,1953.4,840.2,1926.8,840.2,1926.8,1014.2,1959.7,1098.6,1968.2,1190.2,1960.9,1377.9,1927.4,1419.2,1917.5,1311.5,2012.9,1196.2,2056.5,1099.8,2066.1,1011.7,2058.9,901.4,2015.2,799.9,1919.6
116.0,1.917,800.7,1922.0,910.6,1891.5,1017.4,1880.0,1100.3,1899.8,1190.5,1879.1,1306.2,1896.8,1417.1,1920.6,1375.9,1929.8,1194.7,1950.2,1101.9,1962.4,1018.0,1953.9,841.1,1928.7,841.1,1928.7,1014.6,1959.1,1099.3,1967.6,1191.2,1960.3,1375.9,1929.8,1417.1,1920.6,1311.3,2014.2,1197.3,2056.8,1100.6,2066.5,1012.2,2059.3,901.8,2016.3,800.7,1922.0
117.0,1.933,804.3,1928.3,911.9,1892.9,1017.1,1878.9,1100.8,1898.6,1191.8,1877.8,1306.3,1897.4,1414.4,1925.3,1372.8,1934.0,1196.3,1951.1,1102.6,1963.1,1017.8,1955.1,844.9,1934.4,844.9,1934.4,1014.1,1958.7,1099.6,1967.0,1192.3,1959.4,1372.8,1934.0,1414.4,1925.3,1311.3,2015.3,1198.8,2056.9,1101.2,2066.9,1012.0,2059.9,903.4,2018.8,804.3,1928.3
118.0,1.95,808.9,1935.6,912.6,1895.9,1016.3,1877.9,1101.1,1898.4,1193.5,1877.1,1304.6,1901.8,1406.9,1934.5,1365.4,1942.1,1197.5,1952.8,1102.3,1964.2,1016.7,1956.0,849.3,1940.6,849.3,1940.6,1013.9,1956.7,1100.3,1965.6,1194.3,1958.3,1365.4,1942.1,1406.9,1934.5,1309.1,2020.3,1201.0,2059.5,1102.2,2069.4,1011.8,2062.0,905.0,2021.8,808.9,1935.6
119.0,1.967,814.1,1943.6,913.9,1897.9,1015.7,1877.7,1100.2,1898.6,1192.5,1877.2,1301.2,1904.8,1399.6,1942.9,1358.0,1949.2,1196.7,1954.6,1101.7,1965.2,1016.5,1957.0,854.4,1947.6,854.4,1947.6,1014.4,1957.1,1100.5,1965.8,1194.3,1958.6,1358.0,1949.2,1399.6,1942.9,1306.0,2023.7,1200.9,2060.7,1102.3,2070.3,1012.1,2063.2,906.9,2025.3,814.1,1943.6
120.0,1.983,817.4,1950.6,914.5,1899.2,1015.1,1877.0,1098.7,1898.1,1189.5,1876.7,1297.1,1907.2,1393.2,1950.6,1351.4,1955.4,1193.9,1955.8,1100.2,1965.7,1015.9,1958.0,857.9,1953.2,857.9,1953.2,1014.9,1958.4,1100.2,1966.7,1192.7,1959.8,1351.4,1955.4,1393.2,1950.6,1302.7,2028.2,1199.1,2063.2,1101.8,2072.6,1012.3,2065.6,908.1,2029.3,817.4,1950.6
121.0,2.0,821.6,1956.3,916.6,1899.1,1015.7,1876.2,1098.8,1897.1,1189.0,1876.0,1294.9,1908.1,1388.1,1956.2,1346.9,1959.8,1193.7,1954.6,1100.5,1964.4,1016.8,1957.0,862.1,1958.0,862.1,1958.0,1015.9,1961.0,1100.6,1969.0,1192.6,1962.0,1346.9,1959.8,1388.1,1956.2,1300.5,2031.1,1198.6,2063.5,1102.1,2072.4,1013.0,2065.7,910.0,2031.0,821.6,1956.3
122.0,2.017,826.6,1959.8,918.3,1900.7,1015.9,1875.5,1099.4,1896.9,1190.4,1875.3,1294.1,1909.9,1383.7,1960.4,1342.3,1963.4,1194.9,1955.4,1100.9,1964.7,1016.9,1957.2,866.9,1960.9,866.9,1960.9,1016.8,1960.6,1102.0,1968.8,1194.8,1961.5,1342.3,1963.4,1383.7,1960.4,1299.9,2032.0,1201.0,2064.1,1103.5,2073.5,1014.0,2066.7,912.6,2032.9,826.6,1959.8
123.0,2.033,830.1,1962.8,920.8,1900.5,1017.6,1874.0,1101.0,1895.3,1191.6,1874.1,1294.1,1909.5,1381.5,1962.4,1340.2,1965.4,1196.1,1954.8,1102.6,1963.8,1018.6,1956.6,870.6,1963.5,870.6,1963.5,1018.0,1959.7,1103.1,1967.7,1195.5,1960.5,1340.2,1965.4,1381.5,1962.4,1299.4,2032.9,1201.8,2064.6,1104.7,2073.8,1015.2,2067.0,914.9,2033.9,830.1,1962.8
124.0,2.05,832.1,1964.5,921.8,1900.9,1018.0,1874.2,1100.9,1895.5,1190.9,1874.2,1292.9,1909.5,1379.1,1963.5,1337.8,1966.0,1195.5,1954.1,1102.8,1963.2,1019.3,1956.2,872.5,1964.6,872.5,1964.6,1019.6,1960.2,1104.2,1968.0,1196.0,1960.6,1337.8,1966.0,1379.1,1963.5,1298.9,2033.0,1202.5,2064.9,1106.0,2074.4,1016.8,2067.7,916.8,2035.0,832.1,1964.5
125.0,2.067,833.5,1965.5,922.5,1902.1,1018.5,1873.9,1101.1,1895.0,1190.7,1873.4,1291.8,1909.8,1377.6,1964.1,1336.1,1966.9,1195.2,1954.1,1102.7,1963.3,1019.6,1956.4,873.9,1965.7,873.9,1965.7,1019.6,1960.1,1103.7,1967.9,1195.1,1960.5,1336.1,1966.9,1377.6,1964.1,1297.3,2033.9,1201.7,2065.4,1105.6,2075.0,1016.9,2068.6,917.4,2036.4,833.5,1965.5
126.0,2.083,834.2,1966.0,922.9,1901.7,1018.2,1874.3,1101.6,1895.6,1192.2,1874.3,1292.9,1910.3,1377.3,1965.4,1335.9,1967.9,1196.7,1954.6,1103.2,1963.8,1019.3,1956.6,874.6,1966.3,874.6,1966.3,1019.0,1960.1,1104.0,1968.0,1196.3,1960.5,1335.9,1967.9,1377.3,1965.4,1298.0,2033.9,1202.8,2064.8,1105.7,2074.3,1016.3,2067.5,917.4,2035.6,834.2,1966.0
127.0,2.1,835.3,1968.1,923.7,1901.9,1018.5,1873.2,1101.0,1893.9,1190.2,1872.4,1291.0,1909.3,1375.9,1966.0,1334.3,1968.5,1194.8,1953.8,1102.7,1963.1,1019.7,1956.6,875.9,1968.3,875.9,1968.3,1019.0,1960.6,1103.0,1968.2,1194.0,1960.7,1334.3,1968.5,1375.9,1966.0,1296.2,2035.0,1200.6,2065.1,1105.0,2074.5,1016.6,2068.2,918.2,2037.2,835.3,1968.1
128.0,2.117,836.1,1967.3,924.2,1902.0,1019.4,1872.7,1101.9,1893.8,1191.1,1872.4,1291.3,1909.9,1375.8,1966.5,1334.0,1969.0,1195.7,1954.6,1103.6,1963.4,1020.6,1956.5,876.9,1967.7,876.9,1967.7,1020.2,1958.8,1104.3,1966.3,1195.4,1958.9,1334.0,1969.0,1375.8,1966.5,1296.6,2034.7,1202.0,2064.6,1106.3,2073.8,1017.8,2067.7,919.0,2037.2,836.1,1967.3
129.0,2.133,837.4,1967.7,925.3,1901.2,1020.4,1871.6,1102.6,1892.7,1191.1,1871.2,1291.7,1909.0,1375.7,1966.5,1333.9,1968.6,1195.7,1953.9,1104.3,1962.8,1021.6,1956.2,878.4,1967.5,878.4,1967.5,1021.9,1957.9,1105.6,1965.5,1196.0,1958.3,1333.9,1968.6,1375.7,1966.5,1297.5,2035.1,1202.8,2064.9,1107.7,2074.1,1019.4,2067.9,920.7,2037.1,837.4,1967.7
130.0,2.15,837.8,1966.1,926.1,1899.4,1020.6,1869.7,1102.7,1890.5,1191.1,1869.4,1291.5,1907.5,1375.7,1965.1,1333.8,1967.6,1195.5,1952.5,1104.2,1961.3,1021.5,1954.7,878.8,1966.3,878.8,1966.3,1020.4,1957.3,1104.0,1965.0,1194.2,1957.8,1333.8,1967.6,1375.7,1965.1,1296.0,2034.4,1200.8,2064.1,1105.8,2073.0,1017.8,2066.6,920.1,2035.6,837.8,1966.1
131.0,2.167,839.2,1965.5,927.5,1898.7,1022.5,1868.9,1103.8,1889.5,1191.2,1868.1,1291.2,1906.1,1375.4,1963.6,1333.8,1965.9,1195.8,1950.5,1105.4,1959.6,1023.6,1953.3,880.2,1965.4,880.2,1965.4,1023.2,1957.0,1106.0,1964.5,1195.2,1957.2,1333.8,1965.9,1375.4,1963.6,1296.5,2033.8,1202.0,2063.2,1108.1,2072.1,1020.9,2066.2,922.3,2035.4,839.2,1965.5
132.0,2.183,840.2,1964.4,928.0,1897.8,1022.9,1867.1,1104.5,1887.8,1192.4,1866.7,1291.9,1905.3,1375.4,1963.0,1333.8,1965.5,1196.8,1949.1,1105.9,1957.9,1023.9,1951.4,881.1,1964.5,881.1,1964.5,1023.2,1955.2,1106.2,1962.8,1195.9,1955.7,1333.8,1965.5,1375.4,1963.0,1296.7,2032.6,1202.7,2062.0,1108.4,2070.9,1020.8,2064.7,922.7,2034.0,840.2,1964.4
133.0,2.2,841.2,1963.9,928.4,1896.2,1022.2,1865.8,1104.4,1886.4,1192.7,1865.4,1292.3,1903.3,1374.9,1961.6,1333.1,1964.1,1197.2,1948.2,1106.0,1957.1,1023.2,1950.7,882.4,1963.7,882.4,1963.7,1022.0,1955.3,1105.7,1962.9,1195.9,1955.4,1333.1,1964.1,1374.9,1961.6,1297.0,2031.4,1202.9,2061.9,1108.0,2071.0,1019.9,2064.8,922.9,2033.7,841.2,1963.9
134.0,2.217,843.7,1962.3,929.2,1895.0,1022.2,1863.9,1105.1,1885.2,1194.6,1864.0,1293.3,1903.1,1374.1,1961.8,1332.6,1963.9,1198.4,1947.1,1106.2,1955.7,1022.7,1948.9,884.6,1961.7,884.6,1961.7,1021.9,1953.8,1106.3,1962.2,1197.5,1954.7,1332.6,1963.9,1374.1,1961.8,1297.5,2031.1,1204.1,2061.9,1108.0,2071.2,1019.3,2064.2,923.6,2032.1,843.7,1962.3
135.0,2.233,845.0,1962.6,931.1,1894.3,1024.9,1862.0,1106.2,1882.9,1193.4,1861.8,1292.3,1901.3,1374.5,1960.8,1332.7,1962.9,1197.6,1945.7,1107.5,1954.3,1025.7,1948.0,886.2,1961.9,886.2,1961.9,1025.0,1952.5,1107.7,1960.2,1196.6,1953.1,1332.7,1962.9,1374.5,1960.8,1297.0,2030.5,1203.7,2060.8,1109.9,2069.9,1022.7,2063.6,926.2,2032.4,845.0,1962.6
136.0,2.25,846.7,1961.4,931.7,1893.7,1024.8,1861.6,1107.5,1882.8,1196.7,1861.7,1294.7,1900.8,1375.0,1960.0,1333.3,1962.3,1200.8,1945.0,1108.8,1953.6,1025.6,1946.8,887.7,1961.0,887.7,1961.0,1024.7,1953.3,1108.9,1961.4,1199.9,1953.7,1333.3,1962.3,1375.0,1960.0,1299.1,2029.3,1206.7,2060.7,1111.0,2070.2,1022.4,2063.7,926.6,2032.1,846.7,1961.4
137.0,2.267,847.0,1961.1,932.8,1892.0,1025.9,1860.4,1108.1,1881.1,1196.7,1860.1,1295.5,1898.8,1376.7,1958.3,1335.2,1960.7,1201.1,1942.8,1109.6,1951.5,1027.0,1945.2,888.0,1960.5,888.0,1960.5,1025.5,1953.6,1109.0,1961.5,1199.4,1953.6,1335.2,1960.7,1376.7,1958.3,1299.6,2027.9,1206.0,2059.1,1110.9,2068.5,1023.0,2062.1,927.1,2030.4,847.0,1961.1
138.0,2.283,848.6,1960.1,935.0,1890.8,1027.9,1859.1,1110.1,1879.9,1198.8,1858.7,1296.9,1897.6,1377.7,1957.3,1336.2,1959.5,1203.0,1941.6,1111.4,1950.5,1028.8,1944.1,889.6,1959.6,889.6,1959.6,1027.1,1952.2,1110.6,1960.1,1201.1,1952.2,1336.2,1959.5,1377.7,1957.3,1300.7,2026.8,1207.5,2057.8,1112.4,2067.3,1024.6,2060.7,928.9,2029.2,848.6,1960.1
139.0,2.3,849.7,1959.4,934.9,1890.8,1027.8,1858.2,1110.6,1879.0,1200.0,1858.1,1297.8,1897.7,1377.9,1956.9,1336.5,1959.4,1204.0,1940.5,1111.7,1948.9,1028.6,1942.4,890.4,1958.8,890.4,1958.8,1027.1,1951.2,1111.2,1959.3,1202.4,1951.6,1336.5,1959.4,1377.9,1956.9,1301.6,2026.3,1209.1,2057.5,1113.2,2066.9,1024.7,2060.3,929.2,2028.4,849.7,1959.4
140.0,2.317,849.1,1956.8,934.9,1889.0,1028.0,1856.9,1111.3,1877.8,1201.2,1857.0,1299.6,1896.3,1379.6,1955.0,1338.3,1957.7,1205.0,1939.4,1112.2,1947.9,1028.4,1941.3,889.8,1956.5,889.8,1956.5,1026.2,1950.5,1110.9,1959.0,1202.7,1951.2,1338.3,1957.7,1379.6,1955.0,1302.6,2026.1,1209.1,2057.7,1112.7,2067.0,1023.6,2059.9,928.3,2026.9,849.1,1956.8
141.0,2.333,851.6,1956.1,936.5,1888.2,1029.2,1855.2,1112.0,1876.1,1201.3,1855.2,1299.2,1894.5,1379.5,1953.5,1337.9,1956.2,1205.2,1937.8,1113.0,1946.2,1029.8,1939.6,892.4,1955.6,892.4,1955.6,1027.6,1949.9,1111.7,1958.2,1202.9,1950.5,1337.9,1956.2,1379.5,1953.5,1302.3,2024.3,1209.5,2056.5,1113.6,2065.9,1025.3,2059.1,930.5,2026.5,851.6,1956.1
142.0,2.35,850.5,1955.1,936.4,1886.2,1029.6,1853.9,1111.8,1874.2,1200.4,1853.6,1298.9,1892.8,1380.3,1952.2,1338.6,1955.1,1204.5,1934.7,1112.9,1943.2,1030.3,1936.9,890.9,1954.9,890.9,1954.9,1027.8,1950.6,1111.4,1958.6,1202.0,1951.1,1338.6,1955.1,1380.3,1952.2,1302.3,2023.7,1208.5,2054.2,1113.3,2063.2,1025.5,2056.7,930.0,2024.9,850.5,1955.1
143.0,2.367,850.1,1954.3,936.3,1884.7,1029.5,1852.1,1111.3,1872.7,1199.3,1851.9,1297.9,1891.1,1379.5,1951.4,1337.9,1954.1,1203.4,1934.5,1112.5,1943.0,1030.1,1936.7,890.6,1954.0,890.6,1954.0,1027.4,1948.2,1110.5,1956.2,1200.4,1948.7,1337.9,1954.1,1379.5,1951.4,1300.8,2021.9,1206.5,2052.6,1112.0,2061.4,1024.6,2054.9,929.4,2023.2,850.1,1954.3
144.0,2.383,849.2,1953.1,934.7,1884.5,1028.4,1851.5,1110.4,1872.5,1199.2,1851.5,1297.2,1891.1,1378.2,1950.7,1336.7,1953.4,1203.2,1933.4,1111.6,1941.8,1029.1,1935.2,889.5,1952.8,889.5,1952.8,1027.1,1947.8,1110.5,1955.9,1201.1,1948.4,1336.7,1953.4,1378.2,1950.7,1300.5,2021.2,1207.4,2052.7,1112.1,2061.9,1024.3,2055.3,928.5,2022.7,849.2,1953.1
145.0,2.4,848.6,1952.8,933.4,1883.6,1026.3,1850.8,1108.5,1871.8,1197.0,1850.8,1294.8,1890.4,1375.6,1950.7,1333.9,1952.9,1201.0,1932.9,1109.6,1941.3,1027.1,1934.8,889.3,1952.0,889.3,1952.0,1025.7,1946.6,1109.2,1954.6,1199.5,1947.1,1333.9,1952.9,1375.6,1950.7,1298.8,2020.4,1206.0,2051.7,1110.9,2060.9,1023.1,2054.4,927.7,2022.5,848.6,1952.8
146.0,2.417,847.6,1952.5,932.2,1883.9,1025.7,1850.2,1107.8,1871.3,1196.4,1850.4,1294.7,1890.4,1375.5,1950.3,1333.8,1952.6,1200.5,1934.0,1109.0,1942.0,1026.4,1935.5,888.5,1951.8,888.5,1951.8,1025.1,1944.8,1108.6,1952.9,1199.1,1945.4,1333.8,1952.6,1375.5,1950.3,1298.7,2020.1,1205.8,2051.6,1110.6,2060.8,1022.7,2054.3,927.0,2022.2,847.6,1952.5
147.0,2.433,848.1,1952.9,933.1,1884.2,1026.4,1851.1,1108.0,1872.0,1196.0,1850.9,1294.1,1890.7,1374.9,1950.4,1333.3,1952.7,1200.2,1933.7,1109.4,1941.9,1027.4,1935.5,889.0,1952.3,889.0,1952.3,1026.5,1945.6,1109.6,1953.5,1199.4,1946.0,1333.3,1952.7,1374.9,1950.4,1298.8,2020.7,1206.5,2051.8,1111.9,2061.1,1024.4,2054.8,928.2,2023.2,848.1,1952.9
148.0,2.45,848.5,1953.2,933.4,1884.6,1026.3,1851.5,1107.9,1872.4,1195.6,1851.5,1293.8,1891.5,1374.8,1951.1,1333.1,1953.3,1199.7,1934.2,1109.1,1942.3,1027.0,1935.9,889.5,1952.3,889.5,1952.3,1025.9,1946.0,1108.9,1954.1,1198.6,1946.7,1333.1,1953.3,1374.8,1951.1,1298.1,2021.5,1205.4,2052.7,1111.0,2061.7,1023.6,2055.2,928.2,2023.4,848.5,1953.2
149.0,2.467,847.7,1955.3,934.2,1884.5,1027.9,1852.0,1108.5,1872.2,1195.0,1851.2,1293.7,1890.4,1375.7,1951.0,1334.0,1953.5,1199.8,1934.9,1110.4,1943.5,1029.2,1937.7,889.0,1954.8,889.0,1954.8,1027.6,1946.6,1109.6,1953.9,1198.0,1946.2,1334.0,1953.5,1375.7,1951.0,1298.3,2021.7,1204.9,2052.1,1111.9,2061.1,1025.4,2055.3,928.7,2024.8,847.7,1955.3
150.0,2.483,848.8,1954.2,933.7,1885.2,1026.7,1852.2,1108.6,1872.9,1197.1,1852.0,1294.6,1891.8,1374.8,1951.7,1333.1,1954.5,1201.3,1934.6,1109.9,1943.0,1027.5,1936.5,889.7,1954.0,889.7,1954.0,1025.6,1947.2,1108.9,1955.1,1199.3,1947.2,1333.1,1954.5,1374.8,1951.7,1298.1,2021.9,1205.9,2052.8,1110.9,2062.1,1023.2,2055.7,927.8,2024.1,848.8,1954.2
151.0,2.5,848.5,1954.8,933.3,1886.3,1026.6,1853.1,1108.7,1874.1,1197.3,1853.2,1295.0,1893.0,1375.0,1952.8,1333.5,1955.4,1201.4,1936.1,1109.9,1944.2,1027.3,1937.6,889.5,1954.5,889.5,1954.5,1025.9,1946.6,1109.4,1954.8,1199.9,1947.4,1333.5,1955.4,1375.0,1952.8,1299.0,2022.7,1206.8,2053.4,1111.6,2062.4,1023.7,2055.9,927.8,2024.3,848.5,1954.8
152.0,2.517,848.2,1955.5,934.5,1885.3,1027.8,1853.4,1109.0,1874.0,1196.0,1853.1,1294.4,1892.4,1375.5,1952.7,1334.2,1954.9,1200.5,1936.3,1110.4,1944.7,1028.8,1938.5,889.4,1955.0,889.4,1955.0,1026.9,1947.4,1109.4,1955.2,1198.4,1947.8,1334.2,1954.9,1375.5,1952.7,1298.5,2023.3,1205.2,2053.4,1111.6,2062.0,1024.6,2055.7,928.4,2024.3,848.2,1955.5
153.0,2.533,848.4,1955.4,934.4,1885.4,1027.4,1853.1,1108.6,1873.8,1196.0,1853.0,1293.9,1892.1,1374.4,1952.8,1332.9,1955.3,1200.2,1936.3,1110.0,1944.7,1028.1,1938.4,889.5,1955.1,889.5,1955.1,1025.8,1948.2,1108.5,1956.0,1197.8,1948.5,1332.9,1955.3,1374.4,1952.8,1297.4,2022.9,1204.2,2053.5,1110.3,2062.3,1023.3,2055.8,927.9,2024.4,848.4,1955.4
154.0,2.55,848.5,1955.7,934.3,1886.8,1027.9,1853.6,1109.1,1874.5,1196.4,1853.5,1294.4,1893.2,1375.7,1953.3,1333.9,1955.6,1200.6,1936.9,1110.4,1945.1,1028.7,1938.6,889.6,1955.2,889.6,1955.2,1027.0,1947.1,1109.6,1955.0,1198.7,1947.7,1333.9,1955.6,1375.7,1953.3,1298.3,2023.1,1205.4,2053.6,1111.6,2062.3,1024.6,2056.1,928.6,2024.9,848.5,1955.7
155.0,2.567,849.6,1954.8,934.3,1886.4,1028.0,1853.5,1109.8,1875.0,1198.2,1853.9,1295.7,1893.4,1375.6,1953.2,1334.0,1955.8,1202.5,1937.9,1111.2,1945.8,1028.9,1938.9,890.6,1954.6,890.6,1954.6,1027.9,1946.1,1111.2,1954.1,1201.5,1946.7,1334.0,1955.8,1375.6,1953.2,1300.0,2022.5,1208.2,2054.0,1113.2,2063.1,1025.4,2056.7,929.1,2025.0,849.6,1954.8
156.0,2.583,850.0,1956.1,935.5,1885.5,1028.8,1853.5,1110.4,1874.3,1198.2,1853.6,1296.6,1892.3,1377.1,1953.6,1335.4,1955.6,1202.7,1936.8,1112.1,1944.9,1029.8,1938.6,891.5,1955.5,891.5,1955.5,1028.7,1948.4,1111.9,1956.1,1201.6,1948.7,1335.4,1955.6,1377.1,1953.6,1301.5,2023.0,1208.5,2054.0,1114.2,2062.8,1026.5,2056.7,930.3,2025.7,850.0,1956.1
157.0,2.6,850.4,1955.6,935.3,1886.2,1028.1,1854.0,1110.1,1875.2,1198.6,1854.3,1296.5,1893.3,1377.0,1953.5,1335.3,1955.7,1202.8,1937.3,1111.4,1945.3,1029.0,1938.7,891.4,1954.9,891.4,1954.9,1027.4,1948.8,1110.8,1956.9,1201.3,1949.4,1335.3,1955.7,1377.0,1953.5,1300.5,2022.3,1207.5,2054.1,1112.4,2063.1,1024.7,2056.6,929.4,2024.6,850.4,1955.6
158.0,2.617,850.2,1954.9,935.3,1886.4,1028.7,1853.9,1110.7,1875.2,1199.3,1854.4,1297.0,1893.7,1377.2,1953.2,1335.6,1955.8,1203.6,1937.8,1112.1,1945.7,1029.5,1939.0,891.3,1954.6,891.3,1954.6,1028.0,1945.6,1111.5,1953.7,1202.0,1946.4,1335.6,1955.8,1377.2,1953.2,1301.0,2022.0,1208.7,2053.1,1113.5,2062.0,1025.6,2055.6,929.7,2024.0,850.2,1954.9
159.0,2.633,850.2,1953.9,936.6,1887.4,1031.4,1854.2,1110.9,1875.4,1196.5,1854.6,1294.5,1893.8,1377.3,1952.2,1335.3,1955.1,1200.8,1937.9,1112.4,1945.6,1032.4,1939.0,891.2,1954.0,891.2,1954.0,1031.6,1944.5,1112.5,1952.1,1199.9,1945.4,1335.3,1955.1,1377.3,1952.2,1299.2,2021.8,1206.9,2052.2,1114.8,2060.9,1029.3,2055.1,931.9,2024.4,850.2,1953.9
160.0,2.65,851.2,1953.7,937.6,1887.6,1031.9,1855.1,1111.2,1876.1,1196.4,1855.1,1294.0,1893.7,1376.3,1951.4,1334.6,1954.2,1200.9,1937.6,1112.9,1945.6,1033.2,1939.1,892.3,1953.7,892.3,1953.7,1032.7,1944.9,1113.4,1952.4,1200.5,1945.4,1334.6,1954.2,1376.3,1951.4,1299.2,2021.4,1207.7,2051.9,1116.0,2060.7,1030.7,2055.1,933.2,2024.7,851.2,1953.7
161.0,2.667,850.8,1954.2,937.8,1888.2,1032.8,1855.7,1110.8,1876.4,1194.4,1855.2,1292.3,1893.5,1375.8,1950.7,1333.9,1953.6,1199.2,1938.3,1112.8,1946.4,1034.5,1940.3,892.1,1954.3,892.1,1954.3,1034.4,1945.2,1113.9,1952.2,1199.2,1945.4,1333.9,1953.6,1375.8,1950.7,1298.4,2022.3,1206.8,2053.0,1116.8,2061.7,1032.6,2056.6,934.0,2026.4,850.8,1954.2
162.0,2.683,853.7,1952.9,939.8,1888.5,1033.6,1857.3,1110.6,1878.3,1193.2,1857.2,1290.3,1894.9,1373.2,1950.8,1331.7,1953.6,1197.9,1939.4,1112.5,1947.4,1035.1,1941.0,894.7,1952.9,894.7,1952.9,1035.2,1946.7,1113.6,1954.0,1197.9,1947.0,1331.7,1953.6,1373.2,1950.8,1296.1,2022.7,1205.1,2053.8,1116.1,2062.5,1033.0,2057.0,935.6,2026.1,853.7,1952.9
163.0,2.7,859.3,1953.6,943.7,1890.4,1035.5,1860.0,1111.3,1880.7,1192.4,1859.8,1288.1,1896.8,1370.3,1951.3,1329.1,1954.0,1197.0,1941.0,1113.1,1949.0,1037.0,1942.8,900.1,1953.0,900.1,1953.0,1036.8,1949.6,1113.9,1957.0,1196.7,1949.9,1329.1,1954.0,1370.3,1951.3,1293.8,2024.0,1203.7,2055.9,1116.3,2064.7,1034.6,2059.1,939.6,2027.4,859.3,1953.6
164.0,2.717,867.6,1954.2,949.2,1891.0,1038.5,1859.4,1113.0,1880.0,1192.6,1859.6,1285.5,1897.3,1364.6,1951.8,1323.4,1955.1,1196.9,1941.0,1114.6,1948.6,1039.7,1942.4,908.1,1953.6,908.1,1953.6,1038.1,1952.2,1113.8,1959.8,1195.3,1952.2,1323.4,1955.1,1364.6,1951.8,1289.5,2026.1,1202.0,2059.1,1115.9,2068.2,1035.7,2062.1,944.2,2029.6,867.6,1954.2
165.0,2.733,873.3,1957.0,953.7,1888.4,1042.6,1854.3,1114.6,1874.4,1190.6,1853.8,1281.9,1894.3,1358.5,1953.7,1317.8,1957.0,1194.6,1937.2,1116.0,1944.8,1043.5,1939.5,913.8,1956.0,913.8,1956.0,1041.1,1954.6,1114.2,1961.8,1192.0,1954.6,1317.8,1957.0,1358.5,1953.7,1284.8,2031.9,1198.6,2064.3,1116.2,2073.0,1038.2,2067.1,947.7,2034.2,873.3,1957.0
166.0,2.75,880.5,1957.8,955.0,1882.6,1041.7,1845.9,1112.9,1866.2,1188.0,1846.3,1276.4,1890.6,1346.5,1956.8,1306.5,1959.1,1191.2,1928.2,1113.6,1934.7,1042.0,1929.4,919.9,1955.7,919.9,1955.7,1039.5,1962.5,1112.1,1970.4,1189.3,1963.5,1306.5,1959.1,1346.5,1956.8,1278.4,2038.5,1195.2,2071.7,1113.3,2080.1,1035.8,2073.3,948.3,2037.6,880.5,1957.8
167.0,2.767,885.6,1960.5,959.9,1875.1,1047.1,1834.2,1114.5,1853.9,1184.0,1833.6,1272.7,1881.0,1342.8,1955.8,1301.8,1958.1,1187.5,1920.6,1115.5,1927.1,1047.7,1923.5,925.7,1957.7,925.7,1957.7,1043.9,1964.5,1112.7,1971.3,1184.4,1965.0,1301.8,1958.1,1342.8,1955.8,1274.1,2043.9,1190.6,2077.8,1114.0,2085.9,1040.0,2080.0,952.3,2044.4,885.6,1960.5
168.0,2.783,887.1,1957.8,960.9,1867.1,1050.6,1823.7,1115.7,1843.2,1183.0,1823.6,1271.0,1873.6,1340.8,1954.3,1300.0,1956.8,1186.0,1906.4,1116.3,1912.1,1050.9,1908.7,925.8,1955.5,925.8,1955.5,1047.0,1971.9,1113.8,1978.5,1183.7,1972.3,1300.0,1956.8,1340.8,1954.3,1271.7,2047.2,1188.8,2081.1,1114.2,2089.1,1042.2,2083.3,952.5,2047.1,887.1,1957.8
169.0,2.8,890.9,1956.6,964.2,1861.1,1055.5,1816.7,1117.3,1835.7,1180.7,1817.1,1269.3,1867.9,1340.1,1953.3,1299.4,1955.7,1183.7,1898.7,1118.2,1903.2,1056.0,1900.2,929.3,1954.1,929.3,1954.1,1051.9,1979.2,1115.8,1985.3,1181.9,1979.8,1299.4,1955.7,1340.1,1953.3,1270.4,2051.1,1186.5,2085.6,1115.8,2092.7,1046.8,2087.3,955.6,2050.3,890.9,1956.6
170.0,2.817,891.4,1953.8,965.2,1857.4,1057.0,1812.7,1117.8,1830.8,1179.5,1812.7,1268.5,1863.2,1339.3,1949.2,1298.7,1952.6,1182.6,1892.9,1118.8,1897.6,1057.7,1895.3,929.6,1952.0,929.6,1952.0,1052.6,1983.1,1115.5,1988.8,1180.1,1983.0,1298.7,1952.6,1339.3,1949.2,1269.0,2052.6,1184.9,2088.3,1115.7,2095.6,1047.6,2090.7,955.8,2052.7,891.4,1953.8
171.0,2.833,891.3,1956.8,965.0,1856.2,1058.7,1806.9,1118.3,1826.0,1177.3,1807.4,1268.3,1861.9,1341.8,1952.8,1299.5,1955.5,1180.9,1899.1,1119.7,1902.6,1059.5,1900.8,931.3,1954.4,931.3,1954.4,1054.2,1970.6,1115.8,1975.7,1177.6,1971.8,1299.5,1955.5,1341.8,1952.8,1268.9,2055.1,1183.0,2089.5,1116.3,2095.5,1049.1,2091.1,956.3,2054.2,891.3,1956.8
172.0,2.85,894.7,1956.0,970.2,1856.0,1063.8,1806.4,1121.9,1824.5,1179.4,1806.0,1268.6,1859.8,1340.7,1949.3,1298.7,1954.0,1182.9,1895.6,1123.4,1899.7,1064.6,1898.5,933.9,1955.2,933.9,1955.2,1057.6,1973.7,1117.8,1978.3,1178.1,1973.7,1298.7,1954.0,1340.7,1949.3,1267.7,2055.4,1183.7,2090.2,1118.4,2096.9,1052.8,2093.0,960.1,2056.6,894.7,1956.0
173.0,2.867,897.3,1958.8,971.2,1858.1,1064.7,1808.2,1123.1,1827.4,1180.0,1807.9,1271.2,1862.0,1344.2,1951.7,1301.4,1955.2,1184.3,1905.9,1125.3,1909.7,1066.2,1908.6,938.7,1956.5,938.7,1956.5,1060.8,1969.1,1121.0,1973.7,1180.7,1969.7,1301.4,1955.2,1344.2,1951.7,1272.5,2059.1,1187.6,2097.0,1122.8,2103.8,1056.3,2099.8,963.2,2061.5,897.3,1958.8
174.0,2.883,898.4,1956.4,975.1,1856.7,1069.4,1806.3,1125.6,1824.2,1179.8,1805.6,1269.9,1859.6,1343.9,1948.1,1301.0,1953.4,1183.8,1899.8,1127.3,1903.9,1070.4,1903.4,938.7,1955.5,938.7,1955.5,1062.3,1972.7,1120.3,1976.8,1177.5,1972.3,1301.0,1953.4,1343.9,1948.1,1268.5,2059.2,1183.3,2095.9,1121.2,2102.6,1057.3,2098.9,964.5,2061.0,898.4,1956.4
175.0,2.9,900.7,1957.1,976.2,1857.0,1070.2,1806.7,1127.2,1824.9,1182.7,1806.1,1272.2,1860.4,1344.9,1949.6,1302.3,1954.7,1186.4,1899.6,1128.6,1903.8,1070.9,1903.0,940.7,1956.0,940.7,1956.0,1062.9,1975.9,1121.7,1980.4,1180.3,1975.6,1302.3,1954.7,1344.9,1949.6,1270.5,2060.5,1185.7,2097.9,1122.2,2104.9,1057.6,2100.8,965.4,2062.1,900.7,1957.1
176.0,2.917,902.9,1956.4,979.4,1855.3,1073.6,1804.8,1129.3,1822.1,1183.2,1803.7,1272.0,1857.6,1344.5,1947.4,1302.2,1953.1,1186.7,1893.9,1130.6,1898.1,1074.3,1897.8,942.4,1955.8,942.4,1955.8,1066.3,1978.2,1123.9,1982.3,1180.8,1977.6,1302.2,1953.1,1344.5,1947.4,1270.5,2059.8,1186.6,2096.4,1124.8,2103.4,1061.5,2099.8,968.7,2062.3,902.9,1956.4
177.0,2.933,905.0,1959.3,977.6,1857.3,1071.1,1806.8,1127.5,1825.9,1181.9,1806.5,1272.3,1861.3,1345.2,1952.4,1302.4,1955.5,1185.9,1903.4,1129.3,1907.0,1072.2,1906.2,946.4,1956.0,946.4,1956.0,1067.2,1976.5,1125.4,1981.0,1182.8,1976.8,1302.4,1955.5,1345.2,1952.4,1273.7,2062.9,1189.1,2102.6,1126.6,2109.5,1062.2,2105.7,969.7,2065.9,905.0,1959.3
178.0,2.95,907.7,1956.1,980.1,1857.4,1073.1,1808.7,1129.2,1827.6,1184.1,1808.6,1273.1,1861.7,1344.9,1950.4,1302.8,1954.1,1187.7,1900.7,1130.7,1904.6,1074.1,1903.1,948.0,1953.5,948.0,1953.5,1069.0,1979.9,1127.0,1984.8,1184.9,1980.0,1302.8,1954.1,1344.9,1950.4,1273.9,2061.5,1190.5,2101.4,1127.7,2108.6,1063.7,2104.3,971.7,2064.0,907.7,1956.1
179.0,2.967,907.9,1957.7,980.2,1859.7,1073.5,1811.4,1127.9,1830.9,1179.7,1811.7,1271.3,1865.3,1346.6,1953.0,1303.9,1955.4,1183.9,1910.7,1130.0,1914.0,1074.8,1912.9,950.1,1953.7,950.1,1953.7,1070.9,1974.3,1127.1,1978.8,1181.7,1975.2,1303.9,1955.4,1346.6,1953.0,1273.8,2064.1,1188.0,2104.3,1128.3,2110.6,1065.6,2106.5,973.1,2065.0,907.9,1957.7
180.0,2.983,908.0,1957.6,983.5,1856.8,1078.5,1806.8,1132.0,1824.3,1183.6,1806.2,1272.8,1859.9,1346.3,1949.9,1304.3,1954.7,1187.4,1895.2,1133.8,1898.9,1079.7,1898.6,947.7,1956.3,947.7,1956.3,1073.5,1982.8,1129.0,1986.8,1183.6,1982.3,1304.3,1954.7,1346.3,1949.9,1273.1,2062.4,1189.5,2099.4,1130.0,2105.9,1068.7,2102.7,974.7,2064.7,908.0,1957.6
181.0,3.0,910.8,1958.0,983.2,1858.2,1076.0,1809.0,1131.5,1828.0,1184.8,1809.0,1274.4,1862.8,1346.4,1952.0,1304.0,1955.3,1188.6,1904.7,1133.3,1908.4,1077.0,1907.4,952.3,1954.8,952.3,1954.8,1071.8,1977.2,1129.2,1981.8,1185.4,1977.3,1304.0,1955.3,1346.4,1952.0,1275.4,2063.1,1191.6,2102.7,1130.3,2109.6,1066.8,2105.4,975.1,2064.9,910.8,1958.0
182.0,3.017,911.2,1954.7,985.8,1855.9,1080.0,1806.8,1133.8,1825.1,1185.8,1806.6,1274.2,1860.2,1346.9,1948.8,1305.0,1953.2,1189.5,1897.3,1135.3,1901.0,1080.9,1900.0,951.1,1953.1,951.1,1953.1,1075.1,1978.6,1130.7,1983.1,1185.7,1978.7,1305.0,1953.2,1346.9,1948.8,1274.3,2061.0,1191.3,2098.6,1131.4,2105.2,1069.9,2101.4,976.7,2062.5,911.2,1954.7
183.0,3.033,911.8,1955.8,983.8,1855.0,1076.9,1806.2,1132.3,1825.3,1186.1,1806.1,1275.2,1860.0,1346.9,1950.1,1304.7,1952.6,1189.8,1899.0,1133.9,1902.6,1078.0,1901.4,952.6,1952.1,952.6,1952.1,1074.0,1977.1,1131.3,1981.8,1188.1,1977.2,1304.7,1952.6,1346.9,1950.1,1277.0,2060.0,1193.9,2099.6,1132.2,2106.7,1068.8,2102.6,976.4,2062.4,911.8,1955.8
184.0,3.05,910.9,1954.4,981.1,1855.1,1074.1,1806.2,1130.3,1826.2,1184.5,1807.2,1274.4,1861.0,1346.6,1950.4,1304.3,1952.6,1188.5,1904.2,1132.2,1907.1,1075.4,1905.4,952.4,1950.3,952.4,1950.3,1071.7,1973.6,1129.6,1978.6,1186.8,1974.6,1304.3,1952.6,1346.6,1950.4,1276.7,2060.0,1192.8,2100.5,1130.5,2107.0,1066.3,2102.6,974.1,2061.2,910.9,1954.4
185.0,3.067,909.8,1952.2,984.9,1852.5,1079.0,1803.8,1132.6,1821.6,1184.2,1802.6,1273.1,1855.8,1346.1,1944.3,1304.1,1948.8,1188.2,1893.3,1134.5,1897.5,1080.4,1897.2,949.8,1950.2,949.8,1950.2,1075.1,1976.8,1130.6,1980.6,1185.2,1975.7,1304.1,1948.8,1346.1,1944.3,1274.1,2056.9,1190.9,2095.5,1131.5,2102.8,1069.9,2099.5,976.4,2060.6,909.8,1952.2
186.0,3.083,909.1,1953.2,981.4,1852.8,1074.5,1803.6,1130.7,1822.1,1185.4,1803.9,1274.4,1857.2,1345.9,1947.1,1303.8,1950.5,1189.2,1894.0,1132.5,1897.4,1075.8,1896.3,949.4,1950.3,949.4,1950.3,1070.7,1978.8,1128.8,1983.5,1186.5,1978.8,1303.8,1950.5,1345.9,1947.1,1275.6,2057.0,1192.3,2096.4,1129.6,2103.2,1065.7,2099.3,973.4,2059.5,909.1,1953.2
187.0,3.1,909.9,1951.5,980.9,1851.8,1073.4,1803.9,1129.5,1823.2,1184.0,1804.5,1273.5,1858.4,1345.4,1947.5,1303.3,1949.9,1187.7,1897.1,1131.0,1900.2,1074.4,1898.8,950.7,1947.6,950.7,1947.6,1070.0,1977.2,1128.0,1982.4,1185.6,1978.0,1303.3,1949.9,1345.4,1947.5,1275.1,2058.1,1191.1,2098.2,1128.5,2104.9,1064.5,2100.4,972.9,2058.5,909.9,1951.5
188.0,3.117,909.2,1950.8,981.2,1850.3,1074.2,1801.1,1130.4,1819.6,1185.4,1801.3,1273.5,1855.0,1344.3,1944.8,1302.5,1948.7,1189.0,1890.9,1131.8,1894.4,1075.2,1893.2,948.9,1948.3,948.9,1948.3,1069.4,1978.5,1127.5,1983.3,1185.7,1978.2,1302.5,1948.7,1344.3,1944.8,1273.8,2055.7,1190.9,2095.1,1127.9,2102.1,1064.1,2098.0,972.2,2057.9,909.2,1950.8
189.0,3.133,909.3,1950.7,982.6,1850.9,1076.8,1801.9,1130.5,1820.5,1182.1,1801.7,1272.1,1855.4,1346.6,1944.4,1304.4,1947.8,1186.2,1894.1,1132.4,1897.5,1078.3,1896.8,949.7,1947.7,949.7,1947.7,1073.8,1975.0,1129.2,1979.2,1183.9,1974.9,1304.4,1947.8,1346.6,1944.4,1273.8,2056.0,1189.4,2095.3,1129.8,2102.1,1068.3,2098.5,974.8,2058.5,909.3,1950.7
190.0,3.15,908.9,1950.0,981.3,1850.4,1075.1,1802.6,1129.7,1821.7,1182.7,1802.9,1271.9,1856.3,1344.8,1945.4,1302.9,1948.4,1186.7,1894.8,1131.6,1898.0,1076.6,1896.6,949.3,1947.0,949.3,1947.0,1072.5,1974.0,1129.0,1978.4,1185.1,1974.1,1302.9,1948.4,1344.8,1945.4,1273.9,2055.8,1190.7,2094.8,1129.7,2101.4,1067.2,2097.6,973.5,2057.8,908.9,1950.0
191.0,3.167,909.3,1952.3,978.6,1851.1,1072.2,1802.0,1127.6,1822.2,1181.1,1803.0,1271.2,1857.9,1344.1,1949.3,1301.7,1950.6,1185.2,1899.2,1129.6,1901.6,1073.7,1899.9,950.8,1947.7,950.8,1947.7,1071.2,1971.6,1128.5,1976.4,1185.0,1973.0,1301.7,1950.6,1344.1,1949.3,1274.7,2058.3,1191.1,2097.8,1129.5,2103.8,1066.0,2099.8,972.6,2059.0,909.3,1952.3
192.0,3.183,908.9,1951.4,979.2,1851.2,1072.3,1802.3,1128.6,1822.0,1183.3,1803.0,1272.6,1857.4,1344.7,1947.9,1302.5,1950.1,1187.1,1897.1,1130.2,1900.1,1073.5,1898.2,949.9,1947.7,949.9,1947.7,1069.7,1972.7,1127.9,1977.8,1185.5,1973.8,1302.5,1950.1,1344.7,1947.9,1274.8,2057.9,1191.6,2096.9,1128.9,2103.2,1064.7,2099.0,971.9,2058.8,908.9,1951.4
193.0,3.2,909.6,1953.1,980.2,1852.9,1072.7,1803.6,1129.7,1822.8,1185.1,1803.9,1274.2,1858.2,1346.1,1948.1,1303.8,1951.0,1189.0,1897.0,1131.3,1900.3,1073.9,1898.8,950.4,1949.6,950.4,1949.6,1069.2,1974.9,1128.1,1979.9,1186.5,1975.7,1303.8,1951.0,1346.1,1948.1,1275.9,2057.8,1192.6,2096.7,1129.1,2103.1,1064.4,2099.1,972.4,2058.9,909.6,1953.1
194.0,3.217,910.4,1952.2,981.7,1853.2,1074.4,1804.8,1131.2,1824.6,1186.4,1805.3,1275.9,1859.2,1347.9,1948.4,1305.7,1950.6,1190.4,1900.7,1132.9,1904.2,1075.5,1902.3,951.7,1948.7,951.7,1948.7,1071.8,1970.1,1130.4,1975.2,1188.5,1971.1,1305.7,1950.6,1347.9,1948.4,1278.0,2057.1,1194.7,2095.7,1131.6,2102.2,1066.8,2097.8,974.3,2057.9,910.4,1952.2
195.0,3.233,911.0,1953.3,985.1,1852.1,1079.2,1802.7,1135.0,1820.6,1189.0,1802.2,1278.0,1855.9,1349.7,1945.9,1307.9,1950.2,1193.0,1892.5,1136.9,1896.3,1080.5,1895.7,951.2,1951.4,951.2,1951.4,1074.9,1978.2,1132.7,1982.4,1189.8,1977.6,1307.9,1950.2,1349.7,1945.9,1279.1,2057.7,1196.0,2095.6,1134.0,2102.5,1070.4,2099.1,976.6,2060.6,911.0,1953.3
196.0,3.25,912.9,1954.8,985.5,1853.8,1079.0,1803.8,1135.6,1821.9,1190.8,1803.7,1279.4,1856.7,1351.3,1946.6,1309.3,1950.5,1194.7,1892.7,1137.4,1896.1,1080.4,1895.2,953.2,1952.1,953.2,1952.1,1075.2,1980.5,1133.6,1984.9,1192.0,1980.1,1309.3,1950.5,1351.3,1946.6,1281.1,2056.1,1198.2,2095.0,1134.9,2101.8,1070.9,2098.6,977.8,2060.1,912.9,1954.8
197.0,3.267,913.1,1951.8,986.4,1851.9,1080.5,1802.9,1136.4,1821.2,1190.6,1803.0,1280.3,1855.8,1353.1,1944.7,1311.1,1948.8,1194.7,1893.4,1138.4,1896.8,1082.1,1895.8,953.5,1949.5,953.5,1949.5,1077.1,1977.9,1134.9,1982.3,1192.2,1977.5,1311.1,1948.8,1353.1,1944.7,1282.0,2056.5,1198.5,2095.7,1136.2,2102.6,1072.6,2099.0,978.7,2059.7,913.1,1951.8
198.0,3.283,915.4,1951.9,987.7,1852.9,1081.6,1803.5,1137.9,1822.1,1192.7,1803.5,1282.0,1856.6,1354.6,1945.0,1312.7,1948.6,1196.8,1894.7,1139.8,1898.1,1083.0,1896.9,956.0,1948.9,956.0,1948.9,1078.6,1977.0,1136.7,1981.5,1194.6,1976.8,1312.7,1948.6,1354.6,1945.0,1284.0,2055.3,1200.8,2094.9,1137.9,2101.8,1074.0,2098.3,980.4,2058.6,915.4,1951.9
199.0,3.3,915.6,1952.4,987.2,1853.6,1080.3,1804.8,1137.7,1824.1,1193.6,1804.9,1283.5,1857.7,1355.8,1945.9,1313.7,1948.8,1197.6,1898.5,1139.4,1902.3,1081.6,1900.8,956.7,1948.8,956.7,1948.8,1077.7,1974.3,1136.8,1979.3,1195.8,1974.6,1313.7,1948.8,1355.8,1945.9,1286.0,2055.2,1202.1,2095.7,1138.1,2102.8,1073.0,2098.8,980.2,2058.2,915.6,1952.4
200.0,3.317,913.2,1953.7,984.0,1855.6,1076.9,1806.4,1135.7,1826.3,1192.8,1806.6,1283.6,1859.9,1356.5,1947.6,1313.5,1950.2,1197.1,1904.8,1137.7,1908.2,1078.4,1906.5,955.3,1949.6,955.3,1949.6,1074.6,1968.8,1135.2,1973.7,1195.3,1969.5,1313.5,1950.2,1356.5,1947.6,1286.5,2055.6,1202.1,2096.4,1136.8,2103.2,1070.2,2099.3,977.6,2058.8,913.2,1953.7
201.0,3.333,912.7,1952.7,988.3,1852.0,1083.2,1801.1,1139.3,1818.5,1193.7,1800.2,1282.9,1853.2,1355.6,1942.7,1313.5,1948.1,1197.6,1889.0,1141.0,1893.1,1084.4,1892.7,952.4,1951.5,952.4,1951.5,1077.9,1977.9,1135.8,1981.9,1193.4,1976.9,1313.5,1948.1,1355.6,1942.7,1283.2,2054.3,1199.7,2092.4,1137.2,2099.6,1073.6,2096.7,979.5,2059.1,912.7,1952.7
202.0,3.35,913.3,1952.6,989.0,1855.0,1084.1,1806.2,1139.8,1824.2,1193.7,1805.1,1283.0,1856.6,1356.8,1943.6,1314.8,1948.3,1197.9,1895.1,1141.7,1899.5,1085.6,1898.7,953.5,1950.7,953.5,1950.7,1080.7,1977.1,1138.1,1981.2,1194.9,1976.2,1314.8,1948.3,1356.8,1943.6,1284.8,2054.8,1201.3,2093.8,1139.6,2101.0,1076.4,2098.0,981.4,2060.0,913.3,1952.6
203.0,3.367,913.0,1952.8,985.3,1853.7,1079.3,1805.5,1136.8,1824.9,1192.8,1805.5,1283.1,1858.3,1355.2,1947.2,1313.1,1949.5,1196.9,1898.8,1138.6,1902.5,1080.7,1900.9,954.2,1949.0,954.2,1949.0,1077.9,1973.2,1137.3,1978.2,1196.3,1973.9,1313.1,1949.5,1355.2,1947.2,1286.6,2055.6,1203.0,2094.8,1138.9,2101.5,1073.5,2097.6,979.1,2058.0,913.0,1952.8
204.0,3.383,912.1,1951.9,983.5,1854.0,1076.6,1804.7,1135.7,1823.9,1194.0,1804.7,1283.1,1857.7,1354.0,1945.7,1311.6,1949.0,1197.9,1897.5,1137.4,1901.3,1077.8,1899.5,953.2,1948.8,953.2,1948.8,1073.3,1973.6,1134.2,1978.8,1195.6,1973.5,1311.6,1949.0,1354.0,1945.7,1284.9,2054.0,1202.1,2094.1,1135.7,2101.4,1069.0,2097.5,976.3,2057.9,912.1,1951.9
205.0,3.4,911.8,1951.0,984.0,1853.4,1077.9,1804.4,1135.8,1823.7,1192.6,1804.7,1282.0,1857.2,1354.2,1945.2,1311.9,1948.5,1196.4,1897.4,1137.5,1901.0,1079.1,1899.3,952.8,1947.9,952.8,1947.9,1075.2,1972.9,1135.0,1977.8,1194.7,1973.2,1311.9,1948.5,1354.2,1945.2,1284.3,2053.9,1201.2,2093.7,1136.4,2100.7,1070.8,2096.9,977.1,2057.6,911.8,1951.0
206.0,3.417,912.3,1951.1,982.6,1854.8,1075.3,1806.3,1134.7,1826.2,1193.5,1806.9,1283.4,1859.6,1354.9,1946.6,1312.5,1949.2,1197.4,1900.8,1136.3,1904.3,1076.4,1902.0,953.6,1947.5,953.6,1947.5,1073.0,1972.8,1134.3,1978.5,1196.2,1973.8,1312.5,1949.2,1354.9,1946.6,1286.2,2054.3,1202.8,2095.0,1135.9,2102.1,1068.7,2097.7,976.3,2057.0,912.3,1951.1
207.0,3.433,912.4,1949.8,987.8,1852.3,1083.1,1803.7,1137.9,1822.3,1190.9,1803.2,1280.9,1854.9,1355.2,1942.0,1313.0,1946.1,1195.1,1895.0,1139.9,1898.9,1084.6,1898.1,953.1,1947.6,953.1,1947.6,1080.7,1973.6,1137.4,1977.8,1193.5,1973.4,1313.0,1946.1,1355.2,1942.0,1283.8,2053.5,1200.2,2092.8,1139.2,2099.9,1076.5,2096.8,981.0,2058.4,912.4,1949.8
208.0,3.45,910.4,1951.2,980.2,1855.4,1071.6,1807.5,1131.7,1827.5,1191.2,1807.9,1281.2,1860.0,1353.2,1946.2,1310.3,1948.5,1195.1,1903.6,1133.4,1907.3,1072.7,1905.0,952.2,1946.8,952.2,1946.8,1069.0,1971.8,1130.9,1977.5,1193.4,1972.4,1310.3,1948.5,1353.2,1946.2,1283.7,2052.6,1199.6,2094.5,1132.1,2101.9,1064.4,2097.5,973.5,2056.5,910.4,1951.2
209.0,3.467,910.2,1951.2,985.9,1852.5,1081.3,1802.5,1136.2,1820.8,1189.6,1802.1,1279.4,1854.9,1353.9,1943.3,1311.6,1947.4,1193.5,1892.9,1137.9,1896.7,1082.6,1895.9,950.5,1949.0,950.5,1949.0,1078.2,1974.3,1134.8,1978.5,1191.2,1974.0,1311.6,1947.4,1353.9,1943.3,1281.3,2053.1,1197.5,2091.1,1136.2,2098.0,1073.7,2094.9,978.5,2057.2,910.2,1951.2
210.0,3.483,908.8,1951.6,980.8,1853.7,1074.3,1804.7,1133.1,1823.7,1191.4,1804.1,1280.2,1857.3,1351.7,1945.3,1309.5,1948.3,1195.2,1895.0,1134.6,1899.1,1075.6,1897.4,949.2,1948.3,949.2,1948.3,1072.0,1974.1,1132.5,1979.1,1193.9,1973.7,1309.5,1948.3,1351.7,1945.3,1282.6,2052.2,1199.9,2091.2,1133.7,2098.7,1067.4,2095.0,974.0,2056.4,908.8,1951.6
211.0,3.5,907.8,1950.9,980.2,1855.1,1074.1,1806.1,1131.7,1825.9,1188.2,1806.0,1278.4,1859.0,1352.3,1945.5,1309.7,1948.0,1192.2,1901.0,1133.4,1904.8,1075.4,1902.8,949.2,1947.2,949.2,1947.2,1072.5,1969.2,1131.8,1974.2,1191.2,1969.5,1309.7,1948.0,1352.3,1945.5,1281.4,2052.7,1197.6,2092.4,1133.1,2099.5,1067.8,2095.8,974.1,2056.3,907.8,1950.9
212.0,3.517,907.8,1950.5,982.0,1851.6,1077.0,1802.5,1131.6,1821.5,1184.4,1802.7,1274.9,1855.7,1349.9,1944.6,1307.7,1947.5,1188.7,1895.9,1133.7,1899.2,1078.5,1898.1,948.7,1947.6,948.7,1947.6,1075.0,1969.7,1131.6,1974.0,1187.2,1970.3,1307.7,1947.5,1349.9,1944.6,1277.9,2052.9,1193.8,2090.1,1133.1,2096.3,1070.6,2093.0,975.4,2055.2,907.8,1950.5
213.0,3.533,906.8,1952.1,978.0,1854.0,1070.1,1805.8,1129.5,1825.0,1188.0,1805.7,1277.4,1858.4,1348.7,1946.5,1306.3,1949.4,1191.9,1898.1,1131.1,1902.2,1071.3,1900.3,947.7,1948.7,947.7,1948.7,1066.8,1972.9,1128.1,1978.2,1189.7,1972.9,1306.3,1949.4,1348.7,1946.5,1279.2,2053.8,1195.9,2092.9,1129.3,2100.3,1062.4,2096.0,970.5,2057.0,906.8,1952.1
214.0,3.55,908.3,1952.3,983.7,1856.1,1079.1,1808.2,1133.6,1827.1,1186.4,1808.0,1276.9,1859.9,1352.4,1945.6,1310.6,1949.0,1190.6,1899.6,1135.4,1903.4,1080.5,1902.2,948.8,1949.7,948.8,1949.7,1077.3,1973.8,1133.5,1978.3,1189.3,1974.3,1310.6,1949.0,1352.4,1945.6,1280.0,2055.6,1195.7,2093.6,1135.1,2100.2,1072.8,2096.7,977.1,2058.5,908.3,1952.3
215.0,3.567,907.4,1955.2,978.1,1859.7,1070.4,1812.5,1129.1,1832.3,1187.1,1812.3,1277.6,1864.0,1351.4,1949.0,1308.9,1950.7,1191.6,1906.6,1131.1,1910.5,1072.1,1908.5,948.7,1950.4,948.7,1950.4,1070.1,1973.6,1130.6,1979.0,1191.5,1974.2,1308.9,1950.7,1351.4,1949.0,1282.2,2054.7,1198.1,2095.4,1132.2,2102.5,1065.8,2098.5,973.0,2058.6,907.4,1955.2
216.0,3.583,905.7,1951.3,979.7,1855.0,1073.5,1808.2,1131.4,1826.3,1189.4,1807.6,1278.3,1858.2,1350.7,1943.5,1309.5,1947.6,1193.1,1891.5,1132.9,1895.7,1074.8,1894.1,944.5,1949.2,944.5,1949.2,1070.5,1983.2,1130.4,1988.3,1191.6,1982.7,1309.5,1947.6,1350.7,1943.5,1280.4,2052.8,1197.2,2092.3,1131.4,2099.8,1066.1,2095.9,972.1,2056.9,905.7,1951.3
217.0,3.6,906.4,1952.1,979.9,1854.2,1073.8,1806.1,1131.1,1824.4,1187.7,1805.5,1276.9,1857.1,1349.0,1944.4,1307.5,1948.2,1191.5,1892.5,1132.7,1896.5,1075.1,1895.1,946.0,1949.7,946.0,1949.7,1071.1,1980.1,1130.4,1985.0,1190.3,1979.7,1307.5,1948.2,1349.0,1944.4,1279.5,2054.0,1196.7,2092.9,1132.1,2100.3,1067.2,2096.6,973.1,2058.2,906.4,1952.1
218.0,3.617,905.0,1953.1,977.0,1856.6,1070.8,1808.5,1128.7,1827.4,1186.2,1808.3,1276.2,1860.3,1349.2,1946.5,1307.5,1949.5,1190.4,1897.4,1130.6,1901.2,1072.4,1899.4,945.0,1950.0,945.0,1950.0,1069.4,1978.9,1129.2,1984.1,1189.8,1979.1,1307.5,1949.5,1349.2,1946.5,1279.7,2054.7,1196.1,2094.1,1130.7,2101.2,1065.2,2097.4,971.0,2058.0,905.0,1953.1
219.0,3.633,904.7,1953.5,976.6,1857.7,1070.3,1810.0,1128.5,1829.0,1186.1,1809.6,1275.9,1861.1,1349.0,1946.5,1307.0,1949.7,1190.5,1900.1,1130.5,1904.1,1072.1,1902.4,945.0,1950.4,945.0,1950.4,1069.0,1977.1,1129.0,1982.0,1189.7,1976.8,1307.0,1949.7,1349.0,1946.5,1279.5,2054.6,1196.1,2094.1,1130.6,2101.3,1064.8,2097.7,970.6,2058.7,904.7,1953.5
220.0,3.65,904.9,1954.3,979.4,1856.8,1073.7,1808.7,1129.4,1827.3,1183.9,1808.1,1274.5,1859.9,1349.4,1946.5,1307.3,1949.9,1188.2,1898.5,1131.3,1902.4,1075.3,1901.3,945.0,1951.5,945.0,1951.5,1071.7,1976.1,1129.2,1980.7,1186.8,1976.4,1307.3,1949.9,1349.4,1946.5,1277.5,2055.0,1193.0,2092.9,1130.7,2099.6,1067.3,2096.0,972.8,2058.0,904.9,1954.3
221.0,3.667,904.5,1953.5,978.9,1856.7,1073.7,1809.1,1129.2,1827.8,1183.5,1808.6,1274.3,1859.7,1349.6,1945.8,1307.7,1949.1,1187.8,1898.7,1131.2,1902.5,1075.4,1901.3,944.6,1950.6,944.6,1950.6,1072.4,1976.6,1129.8,1981.1,1187.2,1976.7,1307.7,1949.1,1349.6,1945.8,1278.0,2054.8,1193.4,2093.4,1131.2,2100.3,1068.0,2096.7,972.7,2058.5,904.5,1953.5
222.0,3.683,905.0,1954.4,979.5,1856.2,1074.1,1808.5,1129.3,1826.7,1183.2,1807.4,1273.2,1858.6,1347.7,1945.2,1305.8,1948.8,1187.8,1896.1,1131.6,1900.2,1076.1,1899.3,944.9,1951.5,944.9,1951.5,1073.1,1977.8,1130.2,1981.9,1187.2,1977.0,1305.8,1948.8,1347.7,1945.2,1277.1,2053.9,1193.6,2092.4,1131.9,2099.5,1069.0,2096.6,973.5,2059.3,905.0,1954.4
223.0,3.7,902.2,1955.0,976.8,1857.5,1071.5,1810.0,1127.0,1828.9,1180.7,1809.4,1272.2,1860.7,1348.3,1946.9,1306.0,1949.7,1185.5,1901.5,1129.5,1905.3,1073.6,1904.3,943.1,1951.6,943.1,1951.6,1071.3,1974.0,1128.6,1978.2,1185.2,1974.1,1306.0,1949.7,1348.3,1946.9,1276.9,2054.9,1192.2,2093.5,1130.6,2100.3,1067.3,2097.1,971.5,2059.3,902.2,1955.0
224.0,3.717,903.7,1953.2,976.7,1857.5,1070.4,1810.9,1127.8,1829.2,1185.4,1810.5,1274.7,1860.6,1347.6,1945.2,1306.4,1949.1,1189.4,1894.8,1129.7,1898.8,1072.1,1897.2,942.6,1950.6,942.6,1950.6,1068.6,1985.3,1128.0,1990.4,1188.7,1985.0,1306.4,1949.1,1347.6,1945.2,1277.9,2053.9,1194.5,2093.9,1129.1,2101.3,1064.2,2097.6,970.1,2058.3,903.7,1953.2
225.0,3.733,901.7,1954.3,976.4,1858.6,1070.1,1810.8,1126.9,1828.9,1182.5,1809.8,1273.0,1860.5,1347.8,1945.0,1305.7,1949.3,1186.7,1899.0,1128.7,1903.3,1071.7,1902.5,941.6,1951.9,941.6,1951.9,1067.2,1978.0,1125.7,1982.7,1184.3,1977.9,1305.7,1949.3,1347.8,1945.0,1275.5,2054.1,1190.7,2093.3,1127.2,2100.5,1063.0,2097.0,969.4,2058.3,901.7,1954.3
226.0,3.75,902.9,1953.2,976.0,1857.6,1069.4,1809.9,1126.6,1828.4,1183.4,1809.3,1272.7,1860.3,1346.3,1945.1,1304.3,1948.8,1187.5,1897.6,1128.6,1901.6,1071.1,1900.2,942.7,1950.4,942.7,1950.4,1067.3,1978.1,1126.4,1982.7,1186.2,1977.6,1304.3,1948.8,1346.3,1945.1,1275.5,2052.6,1192.3,2092.1,1127.8,2099.4,1063.0,2096.0,969.4,2057.3,902.9,1953.2
227.0,3.767,901.2,1950.6,976.8,1854.6,1071.5,1807.1,1127.4,1824.7,1182.3,1806.1,1272.4,1857.4,1347.0,1942.5,1305.5,1947.3,1186.1,1893.1,1129.1,1897.4,1072.8,1896.5,940.5,1949.1,940.5,1949.1,1067.8,1978.3,1125.6,1982.6,1183.4,1977.7,1305.5,1947.3,1347.0,1942.5,1273.9,2053.3,1189.4,2091.6,1126.7,2098.8,1063.3,2095.3,969.0,2056.8,901.2,1950.6
228.0,3.783,901.4,1951.7,976.9,1855.9,1071.0,1808.7,1127.7,1825.9,1182.4,1807.7,1272.2,1857.5,1346.2,1942.5,1304.9,1947.7,1186.1,1895.0,1129.5,1899.6,1072.3,1899.0,941.0,1950.1,941.0,1950.1,1066.9,1977.7,1125.3,1981.5,1182.8,1976.6,1304.9,1947.7,1346.2,1942.5,1273.4,2052.6,1189.2,2091.5,1126.8,2098.9,1062.8,2095.7,969.2,2057.8,901.4,1951.7
229.0,3.8,901.0,1952.1,974.6,1858.8,1067.3,1812.3,1126.6,1830.4,1184.0,1812.4,1273.2,1861.7,1344.0,1944.6,1303.2,1949.7,1187.1,1902.4,1128.2,1906.2,1068.1,1904.9,940.7,1950.4,940.7,1950.4,1063.2,1972.6,1124.1,1976.3,1184.3,1971.2,1303.2,1949.7,1344.0,1944.6,1273.5,2050.6,1190.7,2091.4,1125.4,2099.5,1058.9,2095.8,967.4,2057.0,901.0,1952.1
230.0,3.817,902.2,1947.6,974.3,1854.5,1066.2,1811.6,1129.1,1828.1,1191.6,1811.3,1277.8,1857.7,1342.8,1939.9,1304.5,1946.7,1194.0,1889.5,1130.3,1894.2,1067.0,1892.3,940.3,1947.6,940.3,1947.6,1061.6,1983.3,1126.3,1987.0,1191.7,1979.6,1304.5,1946.7,1342.8,1939.9,1277.2,2048.3,1198.2,2090.3,1127.9,2100.2,1058.1,2096.2,966.5,2057.3,902.2,1947.6
231.0,3.833,901.2,1943.7,975.0,1853.7,1065.9,1812.5,1129.8,1828.8,1193.6,1811.9,1278.6,1858.3,1342.4,1937.6,1305.2,1945.2,1195.0,1887.7,1129.9,1893.2,1065.7,1890.8,938.1,1944.9,938.1,1944.9,1059.4,1980.7,1124.8,1984.8,1191.3,1977.0,1305.2,1945.2,1342.4,1937.6,1275.8,2046.6,1197.3,2087.9,1125.9,2098.4,1055.6,2093.2,965.6,2053.7,901.2,1943.7
232.0,3.85,899.2,1943.0,972.4,1854.7,1063.0,1814.2,1127.9,1831.0,1192.5,1814.2,1277.5,1860.7,1340.8,1938.8,1303.4,1946.0,1194.3,1892.6,1128.4,1897.9,1063.2,1895.1,936.4,1944.1,936.4,1944.1,1056.9,1978.2,1123.2,1982.4,1190.4,1974.7,1303.4,1946.0,1340.8,1938.8,1274.5,2046.8,1195.8,2088.8,1123.7,2099.1,1052.4,2093.7,962.8,2053.2,899.2,1943.0
233.0,3.867,900.9,1942.9,972.9,1853.5,1063.4,1812.4,1127.0,1830.0,1191.0,1813.2,1276.4,1859.8,1340.0,1939.2,1302.2,1945.7,1192.9,1891.1,1127.9,1895.5,1063.8,1892.5,937.9,1943.8,937.9,1943.8,1058.8,1978.8,1124.1,1983.2,1190.9,1975.7,1302.2,1945.7,1340.0,1939.2,1274.8,2045.2,1196.5,2087.4,1124.8,2097.8,1054.5,2092.5,964.7,2052.7,900.9,1942.9
234.0,3.883,899.7,1944.2,970.9,1854.0,1062.4,1810.6,1126.1,1828.5,1190.3,1811.7,1277.1,1859.5,1342.2,1940.1,1303.8,1946.3,1192.4,1891.0,1126.9,1894.9,1062.7,1892.0,937.0,1944.4,937.0,1944.4,1057.9,1978.3,1123.3,1983.3,1190.4,1976.4,1303.8,1946.3,1342.2,1940.1,1276.1,2046.0,1196.2,2088.4,1124.2,2098.2,1053.7,2092.8,963.4,2052.5,899.7,1944.2
235.0,3.9,897.4,1946.6,970.3,1854.0,1062.5,1807.9,1124.8,1825.4,1186.3,1808.7,1274.4,1857.5,1343.1,1940.6,1303.2,1946.6,1188.6,1891.1,1125.6,1895.0,1062.8,1892.9,935.7,1946.2,935.7,1946.2,1056.9,1975.7,1120.9,1980.3,1185.3,1974.4,1303.2,1946.6,1343.1,1940.6,1273.5,2046.7,1191.5,2087.0,1121.9,2095.6,1052.9,2091.1,962.2,2052.5,897.4,1946.6
236.0,3.917,896.3,1943.6,970.2,1852.0,1063.1,1806.5,1124.0,1823.9,1184.4,1806.8,1272.3,1856.6,1342.2,1939.2,1302.1,1945.0,1186.6,1888.0,1124.5,1892.4,1063.2,1890.2,934.1,1943.3,934.1,1943.3,1057.4,1975.2,1120.0,1980.1,1183.1,1974.4,1302.1,1945.0,1342.2,1939.2,1271.0,2047.2,1188.6,2086.1,1120.5,2094.4,1052.8,2089.7,961.5,2050.7,896.3,1943.6
237.0,3.933,894.3,1942.8,970.5,1852.3,1065.0,1804.8,1123.8,1822.3,1181.6,1805.4,1269.7,1856.4,1342.1,1938.5,1301.2,1945.4,1183.9,1888.7,1124.4,1892.7,1065.1,1890.8,932.1,1943.5,932.1,1943.5,1057.8,1971.4,1118.2,1975.9,1178.7,1970.8,1301.2,1945.4,1342.1,1938.5,1267.0,2047.5,1183.9,2084.8,1118.3,2092.5,1052.7,2088.2,960.6,2050.0,894.3,1942.8
238.0,3.95,893.9,1942.2,970.6,1850.8,1064.4,1803.6,1123.1,1821.5,1180.4,1803.8,1269.3,1855.1,1343.0,1937.5,1301.5,1943.4,1182.7,1891.1,1123.5,1895.5,1064.2,1893.9,932.6,1941.7,932.6,1941.7,1056.9,1965.3,1117.1,1970.0,1176.9,1965.2,1301.5,1943.4,1343.0,1937.5,1266.7,2045.5,1182.0,2082.8,1117.1,2090.3,1051.5,2085.7,960.2,2047.2,893.9,1942.2
239.0,3.967,896.0,1941.3,970.7,1848.3,1063.9,1802.1,1124.5,1819.9,1185.2,1802.2,1273.3,1853.0,1344.0,1936.7,1303.1,1942.0,1187.4,1884.3,1124.9,1889.0,1063.9,1886.9,934.0,1940.5,934.0,1940.5,1057.5,1972.9,1119.9,1978.2,1183.3,1972.4,1303.1,1942.0,1344.0,1936.7,1271.6,2044.4,1188.3,2083.2,1120.0,2091.4,1052.4,2086.5,961.1,2047.0,896.0,1941.3
240.0,3.983,892.1,1941.4,969.9,1848.4,1064.5,1801.5,1123.3,1818.5,1180.5,1801.4,1271.7,1851.8,1346.9,1935.4,1305.2,1941.5,1183.3,1886.8,1124.2,1891.5,1064.7,1890.3,931.1,1941.2,931.1,1941.2,1056.9,1968.0,1117.3,1972.6,1177.3,1967.8,1305.2,1941.5,1346.9,1935.4,1269.5,2044.1,1182.7,2081.2,1117.7,2088.4,1052.0,2084.2,959.5,2045.8,892.1,1941.4
241.0,4.0,895.1,1939.4,971.8,1846.7,1065.6,1801.3,1124.3,1818.7,1182.3,1801.8,1272.0,1851.9,1345.6,1935.2,1304.8,1940.6,1184.7,1883.2,1124.9,1887.4,1065.6,1885.6,933.4,1938.8,933.4,1938.8,1058.7,1970.7,1119.3,1975.7,1180.0,1971.0,1304.8,1940.6,1345.6,1935.2,1270.4,2042.8,1185.0,2079.8,1119.3,2086.7,1053.6,2082.1,961.6,2043.2,895.1,1939.4
242.0,4.017,891.5,1938.9,969.5,1844.4,1063.8,1797.7,1124.7,1814.6,1184.7,1797.8,1275.3,1849.0,1349.2,1933.9,1307.7,1940.0,1187.0,1879.8,1125.2,1884.3,1063.6,1882.8,929.8,1939.1,929.8,1939.1,1055.1,1967.7,1117.8,1972.7,1180.7,1967.9,1307.7,1940.0,1349.2,1933.9,1272.6,2041.2,1185.9,2076.8,1118.0,2083.7,1050.3,2079.1,958.1,2041.3,891.5,1938.9
243.0,4.033,892.8,1936.2,970.2,1842.9,1064.5,1797.5,1125.1,1814.8,1185.8,1798.5,1275.8,1849.1,1349.6,1933.0,1308.9,1938.9,1187.9,1876.6,1125.3,1880.6,1064.1,1878.4,930.3,1936.5,930.3,1936.5,1055.8,1972.4,1118.4,1978.1,1182.1,1973.1,1308.9,1938.9,1349.6,1933.0,1273.1,2040.9,1186.6,2077.2,1118.1,2083.9,1050.7,2078.8,958.5,2039.5,892.8,1936.2
244.0,4.05,892.6,1934.3,969.6,1842.4,1063.9,1798.0,1125.0,1815.8,1186.7,1799.3,1276.7,1849.6,1350.7,1932.4,1310.2,1937.8,1188.8,1876.4,1125.1,1880.5,1063.6,1877.8,929.7,1934.4,929.7,1934.4,1055.8,1973.2,1118.8,1979.3,1183.5,1974.3,1310.2,1937.8,1350.7,1932.4,1274.2,2040.0,1187.5,2076.6,1118.0,2083.4,1050.2,2077.9,957.9,2037.6,892.6,1934.3
245.0,4.067,889.6,1933.5,967.7,1842.0,1062.5,1798.4,1124.3,1816.3,1187.0,1799.6,1278.1,1850.0,1353.7,1932.0,1313.1,1937.1,1189.1,1876.9,1124.3,1881.0,1062.0,1878.3,926.7,1933.2,926.7,1933.2,1054.1,1971.4,1117.9,1977.6,1183.5,1972.7,1313.1,1937.1,1353.7,1932.0,1275.6,2038.3,1186.9,2074.6,1116.6,2081.2,1048.0,2075.3,955.4,2034.6,889.6,1933.5
246.0,4.083,889.8,1933.1,967.0,1840.7,1061.4,1797.6,1124.6,1815.5,1188.8,1798.4,1280.3,1848.1,1355.4,1930.6,1314.7,1935.0,1191.2,1875.4,1124.8,1880.0,1061.3,1877.3,927.4,1932.0,927.4,1932.0,1054.5,1970.6,1119.7,1976.9,1186.8,1971.7,1314.7,1935.0,1355.4,1930.6,1279.2,2036.0,1190.9,2073.3,1119.0,2080.2,1049.0,2074.6,956.1,2034.0,889.8,1933.1
247.0,4.1,888.8,1932.1,965.1,1841.5,1058.9,1799.6,1124.8,1818.1,1193.0,1800.8,1283.8,1849.6,1356.7,1930.6,1316.5,1935.1,1195.1,1876.6,1124.9,1881.4,1058.6,1877.8,925.9,1931.2,925.9,1931.2,1051.9,1970.9,1119.8,1977.8,1190.9,1971.8,1316.5,1935.1,1356.7,1930.6,1282.4,2033.8,1194.7,2071.6,1118.9,2079.3,1046.3,2073.0,953.8,2032.1,888.8,1932.1
248.0,4.117,887.8,1932.9,964.9,1839.9,1059.5,1794.7,1125.1,1813.1,1191.9,1795.4,1284.6,1846.4,1359.9,1929.4,1318.5,1933.8,1194.5,1877.7,1125.5,1882.3,1059.4,1879.6,926.3,1931.9,926.3,1931.9,1052.5,1961.9,1119.9,1968.3,1189.6,1963.2,1318.5,1933.8,1359.9,1929.4,1283.7,2032.5,1194.6,2069.6,1120.0,2076.8,1047.7,2071.2,954.6,2031.3,887.8,1932.9
249.0,4.133,887.9,1931.6,966.7,1837.0,1062.7,1793.0,1126.3,1811.1,1191.0,1793.8,1284.3,1844.4,1360.6,1929.0,1320.1,1932.9,1193.6,1872.1,1126.7,1876.4,1062.8,1873.7,925.9,1930.7,925.9,1930.7,1056.9,1965.0,1122.5,1971.3,1190.0,1966.7,1320.1,1932.9,1360.6,1929.0,1284.5,2032.5,1194.8,2068.3,1122.5,2074.8,1052.0,2069.5,956.6,2030.2,887.9,1931.6
250.0,4.15,889.1,1931.2,965.5,1837.6,1059.9,1794.2,1126.9,1812.8,1196.0,1795.2,1288.6,1845.2,1362.1,1928.8,1321.6,1932.3,1198.7,1873.3,1127.3,1878.0,1060.0,1874.9,927.3,1929.6,927.3,1929.6,1054.3,1966.4,1123.3,1973.3,1195.5,1967.3,1321.6,1932.3,1362.1,1928.8,1288.8,2029.9,1200.0,2067.6,1123.1,2075.2,1049.4,2069.2,955.7,2028.7,889.1,1931.2
251.0,4.167,888.7,1930.2,966.0,1833.7,1061.5,1788.4,1127.3,1806.5,1193.9,1788.8,1288.6,1839.6,1363.7,1925.5,1322.6,1929.3,1197.2,1872.5,1128.3,1877.2,1062.0,1875.0,928.2,1928.7,928.2,1928.7,1056.2,1958.7,1124.0,1964.9,1193.6,1959.7,1322.6,1929.3,1363.7,1925.5,1289.6,2028.7,1199.4,2065.9,1124.9,2073.0,1052.0,2067.9,957.0,2028.1,888.7,1930.2
252.0,4.183,889.1,1929.8,964.1,1834.6,1058.7,1792.3,1126.9,1811.4,1197.6,1793.1,1291.3,1842.4,1363.7,1927.0,1323.6,1929.5,1201.0,1873.0,1128.0,1878.1,1059.6,1874.6,928.2,1927.4,928.2,1927.4,1056.0,1965.8,1126.4,1972.8,1200.1,1966.5,1323.6,1929.5,1363.7,1927.0,1294.1,2029.1,1205.5,2068.7,1127.1,2076.7,1051.7,2070.8,956.1,2029.0,889.1,1929.8
253.0,4.2,889.2,1935.6,963.7,1837.0,1058.7,1791.9,1126.8,1811.1,1195.8,1792.3,1291.0,1842.5,1363.4,1930.1,1322.5,1932.4,1199.9,1878.7,1128.8,1883.7,1060.4,1881.0,930.3,1932.9,930.3,1932.9,1057.5,1962.3,1127.7,1968.7,1199.5,1962.7,1322.5,1932.4,1363.4,1930.1,1295.5,2033.1,1207.1,2072.6,1130.2,2080.5,1054.7,2075.6,957.9,2035.5,889.2,1935.6
254.0,4.217,890.7,1936.4,965.7,1834.8,1062.3,1787.5,1128.2,1805.8,1194.8,1787.4,1290.6,1838.6,1363.5,1928.4,1322.8,1931.8,1199.1,1872.5,1130.2,1877.3,1064.2,1875.2,931.4,1934.5,931.4,1934.5,1060.6,1968.8,1128.7,1975.0,1198.4,1969.1,1322.8,1931.8,1363.5,1928.4,1295.1,2037.3,1206.2,2077.8,1131.5,2085.7,1058.1,2081.2,959.7,2040.1,890.7,1936.4
255.0,4.233,902.6,1936.4,971.8,1817.9,1074.1,1760.4,1131.6,1777.1,1187.2,1760.1,1283.7,1819.8,1355.5,1926.1,1314.3,1931.2,1191.2,1844.9,1133.6,1847.1,1076.4,1847.4,942.3,1934.2,942.3,1934.2,1071.0,2005.5,1131.4,2010.8,1191.4,2005.7,1314.3,1931.2,1355.5,1926.1,1288.4,2066.5,1199.3,2114.8,1134.3,2122.1,1068.2,2118.7,965.1,2069.0,902.6,1936.4
256.0,4.25,902.9,1946.1,971.7,1820.8,1077.0,1758.1,1133.8,1776.6,1185.7,1756.9,1287.0,1820.3,1360.6,1932.9,1317.4,1937.1,1192.0,1862.8,1137.8,1865.4,1081.1,1866.8,947.0,1942.6,947.0,1942.6,1078.2,1994.0,1137.9,1998.1,1193.8,1994.0,1317.4,1937.1,1360.6,1932.9,1295.7,2080.5,1204.8,2131.6,1143.3,2139.2,1076.4,2136.6,968.4,2086.4,902.9,1946.1
257.0,4.267,908.8,1941.0,974.6,1813.3,1080.5,1751.0,1136.3,1768.4,1188.2,1749.8,1287.5,1812.3,1357.7,1926.4,1315.7,1931.7,1194.1,1846.3,1140.1,1848.5,1084.8,1849.9,950.9,1937.7,950.9,1937.7,1081.7,2014.2,1140.7,2018.5,1197.3,2012.9,1315.7,1931.7,1357.7,1926.4,1296.3,2083.8,1207.6,2140.3,1145.7,2148.9,1079.8,2146.4,971.1,2092.2,908.8,1941.0
258.0,4.283,908.7,1931.0,975.2,1804.5,1082.0,1743.8,1137.3,1760.6,1188.8,1742.9,1288.1,1803.9,1357.4,1916.7,1316.6,1922.6,1193.7,1833.7,1140.3,1835.8,1085.6,1837.0,949.9,1928.2,949.9,1928.2,1081.8,2021.1,1140.6,2026.1,1196.9,2020.6,1316.6,1922.6,1357.4,1916.7,1296.5,2082.1,1207.2,2141.6,1145.5,2150.1,1080.2,2147.0,970.7,2089.0,908.7,1931.0
259.0,4.3,909.3,1926.7,972.2,1798.5,1078.3,1738.2,1134.0,1756.1,1185.6,1737.8,1286.0,1799.3,1354.4,1914.4,1313.2,1918.7,1191.0,1833.2,1137.8,1834.6,1082.8,1835.3,952.0,1922.4,952.0,1922.4,1081.9,2013.8,1141.4,2018.7,1197.9,2013.5,1313.2,1918.7,1354.4,1914.4,1297.6,2080.4,1209.5,2141.6,1147.5,2150.2,1081.1,2147.4,970.5,2088.7,909.3,1926.7
260.0,4.317,908.9,1922.6,972.9,1794.3,1078.1,1732.2,1134.7,1748.3,1187.6,1729.9,1284.6,1791.4,1350.1,1905.1,1309.2,1911.6,1192.6,1821.4,1138.1,1824.0,1082.2,1825.5,950.0,1919.4,950.0,1919.4,1078.7,2011.5,1139.0,2015.9,1196.8,2009.3,1309.2,1911.6,1350.1,1905.1,1293.7,2071.9,1207.8,2132.8,1144.6,2142.4,1077.9,2140.1,969.2,2083.2,908.9,1922.6
261.0,4.333,910.3,1923.2,971.7,1790.6,1076.5,1726.6,1134.0,1743.6,1187.7,1724.5,1286.3,1787.8,1353.0,1905.6,1311.1,1909.9,1193.8,1821.2,1138.3,1823.2,1081.7,1824.8,952.8,1918.2,952.8,1918.2,1080.6,2002.0,1141.7,2006.0,1200.4,1999.7,1311.1,1909.9,1353.0,1905.6,1298.2,2066.6,1212.1,2126.8,1148.0,2136.2,1080.2,2134.6,970.8,2079.5,910.3,1923.2
262.0,4.35,903.5,1911.4,972.0,1784.3,1079.4,1721.8,1134.9,1737.3,1185.6,1718.2,1284.3,1779.0,1354.2,1890.9,1312.7,1898.2,1191.4,1812.3,1138.9,1815.7,1084.2,1818.2,945.3,1909.0,945.3,1909.0,1080.9,1995.0,1139.9,1998.1,1195.5,1991.7,1312.7,1898.2,1354.2,1890.9,1294.4,2058.6,1207.1,2118.6,1146.1,2128.3,1080.5,2127.3,968.7,2072.5,903.5,1911.4
263.0,4.367,905.5,1915.0,973.6,1785.1,1081.9,1719.0,1136.5,1735.7,1186.4,1717.7,1287.5,1782.0,1360.8,1898.8,1318.7,1904.7,1191.8,1814.1,1139.9,1815.9,1085.7,1818.0,947.7,1912.2,947.7,1912.2,1081.8,1992.7,1139.9,1996.7,1194.7,1992.1,1318.7,1904.7,1360.8,1898.8,1296.2,2061.2,1205.4,2116.9,1145.2,2124.6,1080.5,2122.6,969.7,2068.3,905.5,1915.0
264.0,4.383,901.7,1911.1,971.9,1782.2,1080.5,1715.9,1136.5,1732.0,1188.0,1713.7,1290.0,1778.1,1363.9,1893.4,1321.7,1899.9,1193.4,1810.2,1139.9,1812.9,1084.3,1815.4,943.6,1908.9,943.6,1908.9,1079.9,1986.1,1139.3,1990.1,1195.6,1985.1,1321.7,1899.9,1363.9,1893.4,1298.2,2054.4,1206.3,2109.3,1144.5,2117.5,1078.6,2115.6,967.6,2061.8,901.7,1911.1
265.0,4.4,900.2,1907.6,971.5,1782.2,1080.0,1717.7,1136.1,1733.8,1187.9,1715.5,1290.0,1778.1,1365.0,1890.1,1322.9,1897.2,1193.6,1810.8,1139.7,1814.0,1084.1,1816.2,941.9,1906.0,941.9,1906.0,1079.8,1983.5,1139.3,1987.5,1195.9,1982.2,1322.9,1897.2,1365.0,1890.1,1298.4,2050.6,1206.2,2105.4,1144.3,2113.8,1078.3,2111.9,967.0,2058.5,900.2,1907.6
266.0,4.417,902.7,1903.4,974.4,1777.7,1082.6,1711.7,1137.8,1727.4,1188.6,1709.4,1290.1,1772.5,1364.6,1884.9,1322.8,1892.3,1194.3,1804.4,1141.5,1807.7,1086.6,1810.1,944.3,1902.2,944.3,1902.2,1082.0,1978.2,1140.7,1982.0,1196.2,1976.5,1322.8,1892.3,1364.6,1884.9,1298.1,2045.0,1207.0,2099.1,1146.2,2107.7,1081.1,2106.0,970.0,2053.6,902.7,1903.4
267.0,4.433,902.5,1901.7,973.6,1775.1,1081.0,1709.6,1136.5,1725.6,1187.3,1707.0,1287.9,1769.9,1361.3,1882.6,1319.4,1889.7,1192.8,1803.5,1140.0,1807.1,1084.9,1809.7,944.3,1899.9,944.3,1899.9,1080.6,1971.0,1139.2,1974.7,1194.5,1969.2,1319.4,1889.7,1361.3,1882.6,1295.8,2041.1,1205.5,2095.4,1144.7,2104.3,1079.4,2102.5,969.3,2050.5,902.5,1901.7
268.0,4.45,903.5,1898.8,974.1,1775.3,1081.7,1711.5,1136.8,1727.3,1187.5,1708.8,1288.5,1770.3,1362.9,1880.0,1321.3,1887.0,1193.5,1802.8,1140.7,1806.4,1086.1,1808.7,944.9,1896.9,944.9,1896.9,1082.8,1976.1,1141.2,1979.8,1196.6,1973.9,1321.3,1887.0,1362.9,1880.0,1297.9,2040.7,1207.7,2096.4,1146.9,2105.5,1082.0,2104.0,970.8,2050.9,903.5,1898.8
269.0,4.467,903.2,1897.1,975.0,1771.7,1082.4,1705.8,1137.9,1721.3,1189.1,1703.1,1289.6,1765.7,1363.2,1877.7,1321.6,1885.1,1194.5,1796.8,1141.4,1800.5,1086.2,1803.0,944.6,1895.9,944.6,1895.9,1081.7,1970.8,1140.6,1974.5,1196.4,1968.8,1321.6,1885.1,1363.2,1877.7,1297.6,2036.2,1207.5,2089.9,1146.2,2098.8,1081.0,2097.3,970.7,2045.9,903.2,1897.1
270.0,4.483,905.0,1894.3,975.1,1769.1,1081.8,1703.7,1136.6,1719.0,1187.3,1701.1,1287.6,1763.5,1361.8,1875.2,1319.9,1882.6,1192.8,1792.9,1140.2,1796.3,1086.0,1798.8,946.0,1892.8,946.0,1892.8,1081.8,1971.8,1140.0,1975.5,1195.5,1969.7,1319.9,1882.6,1361.8,1875.2,1296.1,2034.6,1206.4,2089.1,1145.7,2098.1,1081.2,2096.6,971.5,2044.6,905.0,1894.3
271.0,4.5,904.4,1891.0,975.3,1766.5,1082.1,1701.8,1137.0,1716.5,1188.3,1698.7,1288.1,1760.3,1362.1,1870.8,1320.9,1878.6,1193.5,1787.7,1140.4,1791.4,1086.1,1794.0,944.7,1889.8,944.7,1889.8,1081.7,1972.2,1140.0,1975.9,1196.0,1969.6,1320.9,1878.6,1362.1,1870.8,1296.1,2030.4,1206.5,2085.3,1145.3,2094.7,1080.9,2093.2,971.2,2041.0,904.4,1891.0
272.0,4.517,904.3,1893.6,975.4,1768.6,1081.5,1702.3,1138.1,1717.8,1191.1,1699.3,1289.7,1762.5,1361.2,1873.6,1319.7,1881.6,1196.3,1793.3,1141.2,1797.0,1085.0,1799.5,945.0,1892.8,945.0,1892.8,1079.6,1964.2,1139.4,1968.1,1197.1,1961.9,1319.7,1881.6,1361.2,1873.6,1296.3,2029.8,1207.8,2083.3,1144.8,2092.7,1078.7,2090.8,970.3,2039.8,904.3,1893.6
273.0,4.533,902.1,1894.3,973.4,1767.9,1079.4,1701.7,1136.3,1717.1,1189.5,1699.1,1289.6,1762.6,1361.7,1875.7,1320.0,1883.1,1194.3,1792.2,1139.2,1796.0,1082.6,1798.5,942.8,1893.2,942.8,1893.2,1076.8,1967.4,1137.1,1971.6,1195.0,1965.8,1320.0,1883.1,1361.7,1875.7,1295.8,2031.7,1205.3,2084.0,1142.0,2092.9,1075.7,2090.6,967.6,2039.1,902.1,1894.3
274.0,4.55,901.4,1893.9,972.6,1766.7,1078.7,1700.1,1135.9,1715.4,1189.4,1697.8,1288.9,1761.5,1360.8,1875.6,1319.1,1883.1,1194.0,1788.9,1138.6,1792.7,1081.7,1794.9,942.0,1892.9,942.0,1892.9,1075.6,1969.1,1136.2,1973.4,1194.4,1967.4,1319.1,1883.1,1360.8,1875.6,1294.7,2031.1,1204.6,2082.9,1141.0,2091.8,1074.6,2089.5,966.6,2038.3,901.4,1893.9
275.0,4.567,900.2,1892.6,971.5,1768.4,1077.6,1704.2,1133.3,1719.3,1185.5,1701.3,1285.5,1763.4,1359.3,1874.2,1317.8,1881.5,1190.4,1791.1,1136.3,1795.0,1081.0,1797.4,940.7,1891.3,940.7,1891.3,1076.0,1970.2,1135.1,1974.3,1191.9,1968.2,1317.8,1881.5,1359.3,1874.2,1292.4,2031.0,1202.0,2083.9,1139.9,2092.9,1074.8,2090.8,966.4,2038.8,900.2,1892.6
276.0,4.583,900.4,1890.0,969.4,1767.6,1074.5,1705.4,1130.1,1721.0,1182.5,1703.2,1282.4,1764.8,1356.2,1874.4,1315.0,1880.9,1187.5,1792.4,1133.2,1795.9,1078.1,1797.5,940.8,1888.1,940.8,1888.1,1074.1,1969.9,1133.2,1974.4,1190.1,1968.6,1315.0,1880.9,1356.2,1874.4,1290.1,2031.1,1199.9,2084.1,1137.7,2092.7,1072.6,2090.2,964.9,2037.1,900.4,1890.0
277.0,4.6,900.0,1892.0,970.1,1770.5,1075.9,1708.3,1130.6,1724.1,1181.8,1706.3,1282.2,1767.4,1357.6,1876.1,1316.1,1882.8,1186.9,1796.2,1133.8,1799.2,1079.6,1800.8,940.6,1890.4,940.6,1890.4,1076.0,1969.2,1134.2,1973.6,1189.8,1968.5,1316.1,1882.8,1357.6,1876.1,1290.7,2032.6,1200.3,2085.2,1139.3,2093.4,1075.1,2091.1,966.3,2039.1,900.0,1892.0
278.0,4.617,900.7,1895.2,971.2,1772.8,1076.1,1709.2,1131.2,1724.6,1182.7,1706.5,1281.9,1768.4,1356.1,1877.4,1314.4,1884.4,1187.7,1796.2,1134.3,1799.7,1079.8,1801.7,940.9,1893.9,940.9,1893.9,1075.4,1968.6,1133.8,1972.9,1189.7,1967.6,1314.4,1884.4,1356.1,1877.4,1289.5,2032.6,1200.2,2084.5,1139.0,2092.9,1074.6,2090.8,967.1,2039.9,900.7,1895.2
279.0,4.633,900.7,1897.2,970.2,1775.3,1074.7,1712.3,1130.5,1728.1,1182.8,1710.3,1282.5,1771.9,1356.7,1881.2,1315.0,1888.0,1187.9,1800.3,1133.7,1803.6,1078.3,1805.2,941.1,1895.8,941.1,1895.8,1074.2,1970.9,1133.3,1975.5,1190.1,1970.3,1315.0,1888.0,1356.7,1881.2,1290.3,2035.2,1200.4,2086.8,1138.4,2094.9,1073.2,2092.5,966.1,2041.4,900.7,1897.2
280.0,4.65,902.7,1900.0,973.2,1777.2,1077.0,1712.7,1133.2,1728.3,1186.3,1710.2,1284.2,1772.9,1356.0,1882.4,1314.6,1889.4,1190.9,1800.2,1135.7,1803.8,1079.9,1805.8,942.6,1898.7,942.6,1898.7,1074.8,1969.6,1134.2,1974.2,1191.6,1968.7,1314.6,1889.4,1356.0,1882.4,1290.3,2033.8,1201.8,2084.5,1139.0,2093.1,1073.7,2090.5,968.1,2040.3,902.7,1900.0
281.0,4.667,903.9,1898.1,973.6,1778.2,1077.1,1715.7,1132.6,1731.2,1185.5,1713.3,1283.1,1774.1,1356.0,1880.9,1314.9,1888.1,1190.2,1799.1,1135.3,1802.8,1080.4,1804.4,943.2,1896.8,943.2,1896.8,1076.0,1975.7,1134.7,1980.5,1192.0,1974.6,1314.9,1888.1,1356.0,1880.9,1290.1,2034.1,1201.9,2086.1,1139.4,2094.8,1074.9,2092.3,969.1,2041.2,903.9,1898.1
282.0,4.683,905.9,1898.3,974.7,1777.4,1078.2,1715.4,1134.3,1731.3,1187.9,1713.6,1285.5,1774.7,1357.9,1882.6,1316.9,1889.1,1192.4,1798.9,1136.8,1802.3,1081.4,1803.5,945.2,1896.5,945.2,1896.5,1077.2,1978.4,1136.5,1983.5,1194.5,1977.6,1316.9,1889.1,1357.9,1882.6,1292.5,2035.0,1203.9,2087.4,1140.7,2096.1,1075.6,2093.2,970.0,2041.1,905.9,1898.3
283.0,4.7,906.1,1901.2,975.1,1778.1,1078.1,1715.0,1135.2,1730.5,1189.7,1713.0,1287.2,1774.7,1358.4,1884.6,1317.2,1891.4,1194.3,1798.7,1137.8,1802.2,1081.3,1803.7,945.4,1899.7,945.4,1899.7,1076.2,1977.4,1136.4,1982.2,1195.6,1976.0,1317.2,1891.4,1358.4,1884.6,1293.2,2034.8,1204.6,2085.7,1140.4,2094.4,1074.4,2091.8,969.4,2041.2,906.1,1901.2
284.0,4.717,907.5,1900.0,977.3,1778.3,1081.0,1715.1,1137.8,1731.1,1192.1,1713.7,1289.5,1776.2,1360.8,1885.4,1319.8,1891.9,1196.3,1800.4,1139.9,1803.6,1083.6,1804.9,946.8,1898.6,946.8,1898.6,1077.9,1975.7,1137.8,1981.0,1196.7,1975.3,1319.8,1891.9,1360.8,1885.4,1294.6,2035.2,1205.7,2085.7,1141.6,2094.1,1076.0,2090.9,971.0,2039.5,907.5,1900.0
285.0,4.733,908.5,1901.2,979.3,1779.9,1083.2,1716.6,1139.4,1732.6,1192.7,1714.9,1290.3,1777.4,1362.3,1886.0,1321.1,1892.8,1196.9,1802.7,1141.4,1806.0,1085.8,1807.5,947.9,1899.9,947.9,1899.9,1080.0,1975.6,1139.2,1980.7,1197.0,1975.2,1321.1,1892.8,1362.3,1886.0,1295.4,2037.1,1206.1,2087.4,1143.0,2095.7,1078.0,2092.5,972.8,2041.0,908.5,1901.2
286.0,4.75,910.8,1898.9,979.0,1777.7,1081.7,1716.1,1139.5,1732.1,1195.2,1714.6,1292.3,1775.8,1362.8,1884.1,1322.0,1890.5,1199.5,1799.0,1141.7,1802.5,1084.6,1803.4,950.0,1897.2,950.0,1897.2,1079.7,1978.9,1140.7,1984.4,1201.0,1978.3,1322.0,1890.5,1362.8,1884.1,1298.3,2035.4,1210.1,2087.6,1144.7,2096.3,1078.0,2092.9,973.5,2040.5,910.8,1898.9
287.0,4.767,910.9,1901.3,980.3,1779.0,1083.8,1716.3,1140.4,1732.4,1194.1,1714.7,1291.9,1777.0,1364.0,1886.4,1322.6,1892.7,1198.6,1802.7,1142.7,1805.9,1086.7,1807.2,950.7,1899.6,950.7,1899.6,1081.6,1975.3,1141.4,1980.4,1199.6,1975.0,1322.6,1892.7,1364.0,1886.4,1298.0,2036.9,1208.9,2087.5,1145.4,2095.6,1079.9,2092.6,974.6,2041.5,910.9,1901.3
288.0,4.783,910.4,1900.7,979.0,1777.7,1081.6,1715.6,1140.4,1731.7,1197.0,1714.1,1294.5,1776.1,1365.3,1886.1,1324.2,1892.1,1201.2,1800.1,1142.6,1803.5,1084.4,1804.5,950.0,1898.9,950.0,1898.9,1079.1,1977.1,1141.1,1982.6,1202.2,1976.6,1324.2,1892.1,1365.3,1886.1,1300.3,2035.1,1211.3,2085.8,1145.0,2094.3,1077.4,2091.1,972.9,2039.7,910.4,1900.7
289.0,4.8,912.0,1899.6,979.8,1778.0,1082.4,1716.4,1139.8,1732.7,1195.1,1715.0,1291.9,1776.9,1362.9,1885.8,1321.9,1891.6,1199.4,1800.8,1142.1,1803.9,1085.3,1804.8,951.5,1897.5,951.5,1897.5,1080.5,1976.6,1141.0,1982.0,1200.8,1976.1,1321.9,1891.6,1362.9,1885.8,1298.0,2035.0,1209.9,2086.2,1145.0,2094.7,1078.7,2091.5,974.3,2039.8,912.0,1899.6
290.0,4.817,911.5,1897.1,980.5,1778.4,1083.7,1717.7,1140.3,1733.8,1194.4,1716.3,1291.9,1776.7,1364.0,1883.1,1323.1,1889.5,1198.9,1802.0,1142.8,1805.3,1086.8,1806.1,951.2,1895.7,951.2,1895.7,1082.1,1975.9,1141.9,1981.2,1200.5,1975.5,1323.1,1889.5,1364.0,1883.1,1298.5,2034.7,1210.1,2086.3,1146.4,2094.6,1080.8,2091.7,975.4,2039.9,911.5,1897.1
291.0,4.833,909.9,1897.0,980.3,1777.5,1084.2,1716.5,1141.0,1732.2,1195.1,1714.6,1293.3,1774.8,1366.2,1881.6,1325.0,1888.7,1199.7,1800.9,1143.6,1804.5,1087.3,1805.7,949.9,1896.0,949.9,1896.0,1082.4,1975.3,1142.5,1980.2,1201.1,1974.3,1325.0,1888.7,1366.2,1881.6,1299.8,2034.1,1210.9,2085.9,1147.1,2094.5,1081.2,2091.8,974.9,2040.5,909.9,1897.0
292.0,4.85,909.2,1897.7,979.5,1776.9,1083.2,1715.2,1140.7,1731.1,1195.5,1713.0,1294.0,1774.4,1366.8,1882.0,1325.4,1888.6,1200.1,1801.4,1143.3,1805.2,1086.3,1806.5,949.4,1896.4,949.4,1896.4,1081.3,1971.7,1142.0,1976.8,1201.1,1971.1,1325.4,1888.6,1366.8,1882.0,1300.5,2033.8,1211.2,2085.2,1146.7,2093.7,1080.1,2090.9,974.1,2039.5,909.2,1897.7
293.0,4.867,911.2,1898.2,981.0,1778.3,1084.2,1717.2,1141.6,1733.0,1196.2,1715.1,1293.8,1775.7,1365.6,1882.6,1324.4,1889.3,1200.8,1802.1,1144.1,1805.8,1087.3,1806.9,951.2,1896.9,951.2,1896.9,1082.6,1973.3,1143.1,1978.4,1202.1,1972.5,1324.4,1889.3,1365.6,1882.6,1300.5,2034.0,1212.2,2085.7,1147.9,2094.3,1081.6,2091.6,976.0,2040.5,911.2,1898.2
294.0,4.883,909.7,1899.6,980.6,1778.5,1084.7,1715.8,1142.4,1732.3,1196.6,1713.9,1296.0,1775.4,1369.2,1883.6,1327.3,1890.1,1201.5,1807.3,1145.2,1811.2,1087.9,1812.5,951.0,1898.1,951.0,1898.1,1083.3,1966.3,1144.1,1971.2,1202.6,1965.9,1327.3,1890.1,1369.2,1883.6,1303.0,2034.4,1213.2,2085.8,1149.3,2094.2,1082.3,2091.6,975.7,2040.8,909.7,1899.6
295.0,4.9,910.0,1899.0,980.2,1778.6,1083.4,1717.6,1141.7,1733.5,1196.7,1715.4,1296.0,1775.5,1368.4,1883.0,1327.2,1889.7,1201.4,1804.8,1144.5,1808.9,1086.6,1810.1,950.8,1897.7,950.8,1897.7,1082.0,1971.0,1143.6,1975.9,1202.9,1970.1,1327.2,1889.7,1368.4,1883.0,1303.0,2034.5,1213.2,2086.4,1148.6,2095.0,1081.0,2092.2,975.1,2041.1,910.0,1899.0
296.0,4.917,911.3,1897.5,981.3,1776.6,1083.2,1717.5,1143.3,1732.9,1199.4,1715.7,1298.9,1774.4,1368.8,1882.7,1328.1,1888.9,1203.5,1802.9,1145.8,1807.5,1086.0,1808.5,952.6,1895.9,952.6,1895.9,1081.3,1973.3,1144.9,1978.4,1205.4,1972.3,1328.1,1888.9,1368.8,1882.7,1305.7,2034.8,1215.9,2086.9,1150.0,2095.4,1080.7,2092.0,975.8,2040.0,911.3,1897.5
297.0,4.933,911.0,1899.4,981.4,1777.5,1084.2,1718.0,1145.6,1733.3,1203.4,1717.0,1302.6,1774.5,1370.1,1884.0,1330.8,1891.3,1206.7,1803.5,1147.7,1807.6,1086.1,1808.7,951.5,1898.3,951.5,1898.3,1080.3,1973.3,1145.2,1977.9,1207.3,1971.3,1330.8,1891.3,1370.1,1884.0,1307.0,2032.4,1216.9,2085.1,1149.3,2094.2,1078.9,2090.4,974.6,2039.0,911.0,1899.4
298.0,4.95,910.3,1907.2,982.0,1780.0,1083.4,1718.5,1149.4,1733.9,1210.8,1717.1,1311.2,1775.7,1373.9,1890.2,1335.2,1896.1,1213.6,1811.0,1151.2,1815.6,1084.5,1817.1,952.5,1904.9,952.5,1904.9,1078.9,1962.9,1148.4,1967.0,1214.1,1960.5,1335.2,1896.1,1373.9,1890.2,1315.2,2030.2,1225.2,2081.4,1153.5,2090.6,1078.7,2086.2,975.5,2037.8,910.3,1907.2
299.0,4.967,908.3,1907.2,981.4,1778.9,1080.0,1721.2,1148.5,1735.1,1211.4,1715.8,1309.9,1773.5,1370.7,1887.4,1332.6,1893.2,1214.3,1812.9,1150.2,1821.1,1081.3,1823.3,951.6,1904.5,951.6,1904.5,1074.9,1956.6,1146.5,1959.3,1213.2,1951.0,1332.6,1893.2,1370.7,1887.4,1313.4,2028.9,1224.7,2079.5,1152.0,2089.7,1075.1,2085.6,973.1,2038.1,908.3,1907.2
300.0,4.983,908.2,1904.0,981.1,1778.8,1079.5,1722.5,1147.6,1736.3,1210.5,1716.4,1307.8,1773.7,1369.4,1884.2,1331.5,1890.4,1213.6,1811.7,1149.4,1820.2,1081.2,1822.3,950.8,1901.5,950.8,1901.5,1075.4,1957.1,1146.4,1959.2,1213.0,1949.8,1331.5,1890.4,1369.4,1884.2,1311.3,2026.5,1224.2,2078.9,1151.8,2090.7,1075.5,2086.9,973.4,2039.1,908.2,1904.0
301.0,5.0,908.0,1907.5,978.4,1781.8,1075.6,1726.1,1145.0,1740.0,1209.3,1720.7,1306.2,1778.2,1366.8,1890.1,1328.7,1895.4,1212.9,1814.7,1147.3,1822.9,1078.0,1824.5,950.6,1904.4,950.6,1904.4,1072.9,1958.1,1145.0,1960.4,1213.0,1950.6,1328.7,1895.4,1366.8,1890.1,1310.0,2027.8,1223.7,2078.7,1150.1,2090.4,1072.7,2086.4,971.5,2039.7,908.0,1907.5
302.0,5.017,906.4,1905.2,977.6,1783.7,1076.4,1727.7,1145.1,1743.1,1208.8,1725.0,1307.2,1781.5,1367.6,1891.0,1329.1,1896.9,1212.1,1822.1,1147.5,1828.5,1078.3,1829.4,949.7,1903.0,949.7,1903.0,1073.3,1955.7,1145.0,1959.0,1212.5,1950.6,1329.1,1896.9,1367.6,1891.0,1310.8,2029.5,1223.6,2082.8,1150.1,2093.8,1072.7,2088.9,971.2,2039.9,906.4,1905.2
303.0,5.033,907.0,1906.5,978.6,1786.2,1079.0,1729.2,1145.0,1745.6,1205.8,1727.9,1305.1,1784.2,1367.6,1893.5,1328.5,1899.5,1209.3,1826.5,1147.9,1831.8,1081.0,1832.7,950.2,1904.5,950.2,1904.5,1076.4,1956.5,1145.6,1959.8,1210.2,1952.4,1328.5,1899.5,1367.6,1893.5,1309.2,2031.8,1221.1,2085.3,1150.4,2095.7,1075.2,2091.0,972.8,2041.6,907.0,1906.5
304.0,5.05,910.4,1901.4,978.0,1784.2,1078.3,1730.1,1142.8,1747.1,1204.2,1730.1,1302.6,1785.4,1366.2,1891.0,1328.0,1896.6,1207.1,1818.6,1144.9,1822.9,1080.0,1822.7,951.3,1898.5,951.3,1898.5,1076.6,1973.6,1144.3,1978.4,1209.7,1970.7,1328.0,1896.6,1366.2,1891.0,1307.2,2034.0,1218.6,2091.7,1147.5,2102.5,1073.8,2096.9,972.3,2041.9,910.4,1901.4
305.0,5.067,909.5,1902.8,977.2,1786.7,1077.7,1731.3,1141.5,1748.0,1202.4,1731.1,1300.6,1787.0,1365.8,1891.8,1326.9,1897.4,1205.5,1818.6,1143.6,1822.7,1079.6,1822.6,950.2,1899.9,950.2,1899.9,1076.1,1973.1,1143.0,1978.0,1207.9,1970.6,1326.9,1897.4,1365.8,1891.8,1305.4,2033.2,1216.8,2089.1,1146.3,2099.6,1073.5,2094.7,971.8,2041.4,909.5,1902.8
306.0,5.083,911.3,1900.3,978.4,1788.0,1078.5,1735.4,1140.1,1751.3,1199.8,1734.6,1296.5,1788.5,1362.5,1888.7,1324.1,1894.9,1203.0,1814.4,1142.2,1819.1,1080.8,1819.0,950.5,1897.5,950.5,1897.5,1077.3,1983.8,1142.1,1989.0,1205.8,1980.7,1324.1,1894.9,1362.5,1888.7,1301.6,2034.8,1214.0,2092.3,1145.1,2103.4,1074.4,2098.7,972.9,2043.3,911.3,1900.3
307.0,5.1,908.3,1899.1,975.3,1788.6,1076.4,1736.0,1137.6,1752.9,1196.7,1736.8,1295.0,1790.8,1363.2,1890.1,1324.5,1896.1,1200.1,1819.0,1139.8,1822.5,1078.7,1821.6,947.8,1896.7,947.8,1896.7,1075.6,1981.0,1140.1,1986.6,1203.4,1979.6,1324.5,1896.1,1363.2,1890.1,1300.6,2036.0,1211.6,2092.4,1143.0,2102.2,1072.6,2097.3,969.9,2041.5,908.3,1899.1
308.0,5.117,909.5,1898.7,977.5,1789.8,1078.8,1736.5,1138.4,1753.6,1195.9,1737.4,1293.2,1791.8,1362.2,1889.5,1323.3,1896.2,1199.4,1820.6,1140.7,1823.7,1081.2,1822.8,948.8,1897.3,948.8,1897.3,1077.7,1978.7,1140.5,1984.4,1202.0,1978.1,1323.3,1896.2,1362.2,1889.5,1298.8,2036.9,1210.8,2092.3,1143.9,2101.6,1075.2,2097.0,972.1,2042.0,909.5,1898.7
309.0,5.133,908.7,1898.9,976.4,1791.4,1076.8,1739.6,1136.5,1756.3,1194.3,1740.1,1290.8,1793.6,1359.4,1889.8,1321.0,1896.5,1197.8,1820.0,1138.7,1823.7,1079.2,1822.6,947.4,1897.6,947.4,1897.6,1075.7,1982.9,1138.6,1988.9,1200.4,1982.3,1321.0,1896.5,1359.4,1889.8,1296.5,2037.9,1208.8,2092.5,1141.9,2101.6,1073.1,2096.8,970.6,2041.6,908.7,1898.9
310.0,5.15,907.8,1900.6,975.0,1791.4,1075.3,1738.7,1134.0,1755.6,1190.2,1739.3,1287.9,1794.0,1358.4,1892.0,1319.1,1898.0,1194.3,1822.3,1136.7,1825.6,1078.2,1824.6,947.4,1898.9,947.4,1898.9,1075.4,1979.6,1137.5,1985.3,1197.7,1979.5,1319.1,1898.0,1358.4,1892.0,1294.8,2039.3,1206.7,2092.6,1141.3,2101.2,1073.3,2096.8,970.3,2042.7,907.8,1900.6
311.0,5.167,908.9,1901.2,976.2,1792.3,1075.7,1739.8,1134.4,1756.5,1191.0,1739.6,1287.0,1793.9,1356.3,1890.8,1317.2,1897.0,1195.0,1820.5,1137.0,1824.2,1078.7,1823.4,947.9,1899.4,947.9,1899.4,1076.0,1980.8,1137.9,1986.3,1198.4,1980.0,1317.2,1897.0,1356.3,1890.8,1294.0,2037.7,1207.6,2091.2,1141.8,2100.3,1074.1,2096.2,971.6,2043.0,908.9,1901.2
312.0,5.183,909.1,1902.7,975.5,1792.9,1074.7,1740.7,1133.7,1757.6,1190.9,1740.7,1286.8,1794.9,1356.5,1892.5,1317.6,1897.8,1195.0,1820.2,1136.3,1823.8,1077.8,1822.8,948.0,1900.2,948.0,1900.2,1075.9,1982.5,1138.1,1988.3,1199.1,1982.0,1317.6,1897.8,1356.5,1892.5,1294.6,2037.1,1208.0,2090.0,1141.9,2098.7,1074.0,2094.6,971.6,2041.6,909.1,1902.7
313.0,5.2,909.8,1900.5,977.3,1793.0,1076.3,1741.2,1135.1,1757.8,1192.7,1740.6,1287.5,1794.0,1356.9,1889.2,1318.2,1895.4,1196.5,1818.5,1137.3,1822.5,1079.1,1821.6,947.9,1898.7,947.9,1898.7,1076.6,1982.1,1138.5,1987.9,1200.0,1981.2,1318.2,1895.4,1356.9,1889.2,1294.5,2033.7,1208.5,2087.2,1142.0,2096.6,1074.5,2092.4,972.7,2039.6,909.8,1900.5
314.0,5.217,909.6,1901.7,977.7,1792.5,1077.8,1739.1,1135.7,1755.8,1191.8,1738.3,1287.9,1792.9,1359.4,1889.7,1320.0,1895.7,1195.9,1819.4,1138.2,1823.3,1080.9,1822.8,948.5,1899.5,948.5,1899.5,1078.5,1980.5,1139.6,1986.0,1199.4,1979.9,1320.0,1895.7,1359.4,1889.7,1295.6,2035.7,1208.5,2088.9,1143.5,2097.7,1076.6,2094.0,973.6,2041.3,909.6,1901.7
315.0,5.233,910.1,1898.7,978.3,1789.0,1079.2,1735.9,1136.3,1752.3,1191.5,1735.1,1287.9,1790.0,1359.7,1887.3,1320.5,1893.5,1195.6,1814.7,1138.8,1818.3,1082.4,1817.9,948.7,1896.9,948.7,1896.9,1080.2,1981.8,1140.5,1987.2,1199.7,1981.1,1320.5,1893.5,1359.7,1887.3,1295.8,2035.8,1208.6,2088.8,1144.3,2097.5,1078.3,2093.9,974.1,2041.0,910.1,1898.7
316.0,5.25,909.0,1898.4,977.4,1786.4,1077.9,1731.5,1136.4,1748.3,1192.7,1730.3,1289.1,1786.7,1360.1,1886.1,1320.4,1891.9,1197.1,1815.2,1138.9,1819.2,1081.0,1818.9,948.6,1896.3,948.6,1896.3,1078.5,1969.9,1140.0,1975.3,1200.3,1969.2,1320.4,1891.9,1360.1,1886.1,1296.8,2031.5,1209.8,2082.9,1144.3,2091.6,1076.9,2088.1,973.1,2036.9,909.0,1898.4
317.0,5.267,909.0,1898.3,977.1,1787.6,1077.9,1733.0,1135.3,1749.2,1190.9,1731.8,1288.1,1787.1,1360.8,1885.3,1320.9,1891.5,1195.5,1813.1,1138.2,1816.9,1081.4,1816.7,948.0,1896.3,948.0,1896.3,1079.1,1978.6,1139.7,1983.9,1199.5,1977.6,1320.9,1891.5,1360.8,1885.3,1296.2,2032.5,1208.5,2085.4,1143.8,2094.2,1077.4,2090.9,973.3,2038.7,909.0,1898.3
318.0,5.283,906.8,1896.3,974.5,1785.8,1074.7,1732.7,1132.7,1749.3,1189.3,1732.3,1286.7,1787.4,1358.9,1885.5,1319.5,1891.2,1193.4,1811.6,1135.3,1814.9,1077.8,1814.2,945.5,1894.3,945.5,1894.3,1075.8,1978.8,1137.2,1984.7,1197.9,1978.9,1319.5,1891.2,1358.9,1885.5,1294.9,2032.2,1206.7,2084.5,1141.0,2092.7,1073.9,2088.8,970.4,2035.8,906.8,1896.3
319.0,5.3,906.8,1896.2,973.9,1785.1,1074.1,1730.5,1132.2,1747.6,1188.7,1730.0,1285.6,1786.2,1357.3,1885.0,1317.6,1890.3,1193.0,1812.8,1134.9,1816.1,1077.3,1815.5,945.9,1893.7,945.9,1893.7,1075.3,1973.6,1136.7,1979.3,1197.2,1973.5,1317.6,1890.3,1357.3,1885.0,1293.8,2030.9,1206.3,2083.8,1140.6,2092.3,1073.4,2088.4,970.1,2035.4,906.8,1896.2
320.0,5.317,906.6,1900.2,973.8,1787.8,1073.8,1732.7,1132.1,1749.3,1188.6,1731.6,1286.1,1787.1,1358.4,1886.5,1318.4,1892.1,1193.4,1814.2,1135.3,1817.7,1077.6,1817.6,946.0,1897.5,946.0,1897.5,1076.0,1976.8,1137.5,1982.1,1198.1,1975.9,1318.4,1892.1,1358.4,1886.5,1295.2,2031.4,1207.5,2084.3,1141.8,2093.1,1074.5,2089.9,970.7,2038.3,906.6,1900.2
321.0,5.333,904.5,1898.9,973.3,1788.2,1073.2,1733.1,1131.9,1749.3,1188.8,1731.8,1286.0,1787.2,1358.4,1885.1,1318.3,1891.3,1193.3,1812.9,1134.6,1816.9,1076.4,1816.9,943.5,1897.0,943.5,1897.0,1073.3,1975.5,1135.1,1981.1,1196.0,1974.9,1318.3,1891.3,1358.4,1885.1,1293.4,2030.2,1205.2,2082.1,1139.1,2090.8,1071.7,2087.2,969.0,2035.3,904.5,1898.9
322.0,5.35,903.9,1898.8,972.4,1786.9,1073.1,1731.8,1130.7,1748.3,1186.5,1730.7,1284.3,1786.9,1357.8,1885.9,1317.7,1891.6,1191.0,1813.4,1133.5,1817.0,1076.3,1816.9,943.2,1896.4,943.2,1896.4,1073.8,1974.6,1134.7,1979.9,1194.5,1974.2,1317.7,1891.6,1357.8,1885.9,1292.3,2031.4,1203.6,2083.3,1138.6,2091.6,1072.0,2088.2,968.2,2036.3,903.9,1898.8
323.0,5.367,904.9,1896.8,971.2,1786.1,1071.2,1732.6,1130.3,1749.8,1188.3,1732.3,1285.6,1787.8,1357.0,1886.2,1317.5,1891.4,1192.8,1813.2,1133.1,1816.6,1074.6,1815.6,943.8,1894.2,943.8,1894.2,1073.0,1977.6,1135.5,1983.6,1197.6,1977.4,1317.5,1891.4,1357.0,1886.2,1294.2,2031.8,1206.4,2084.7,1139.2,2093.3,1071.0,2089.2,967.4,2035.7,904.9,1896.8
324.0,5.383,903.7,1900.7,971.6,1787.6,1071.7,1732.1,1130.0,1749.0,1186.1,1731.1,1284.0,1787.9,1357.0,1888.2,1316.5,1893.3,1190.6,1815.4,1132.7,1818.9,1075.0,1818.9,943.3,1897.8,943.3,1897.8,1072.8,1974.1,1134.3,1979.6,1194.4,1974.2,1316.5,1893.3,1357.0,1888.2,1292.4,2032.5,1203.6,2084.3,1138.3,2092.4,1071.0,2089.0,967.8,2037.1,903.7,1900.7
325.0,5.4,903.3,1899.1,970.0,1786.7,1069.9,1732.2,1129.4,1749.2,1187.5,1731.4,1285.2,1787.1,1356.8,1886.8,1316.8,1891.8,1192.2,1814.4,1132.4,1818.0,1073.3,1817.4,942.8,1896.1,942.8,1896.1,1071.4,1976.2,1134.3,1982.0,1196.4,1975.7,1316.8,1891.8,1356.8,1886.8,1293.7,2030.8,1205.4,2084.3,1138.1,2093.1,1069.5,2089.4,966.4,2036.3,903.3,1899.1
326.0,5.417,903.1,1900.7,971.9,1788.6,1072.3,1733.4,1130.3,1749.7,1186.3,1731.8,1283.9,1787.5,1357.0,1886.3,1316.5,1892.2,1191.0,1814.7,1133.3,1818.5,1075.9,1818.7,942.6,1898.3,942.6,1898.3,1073.2,1976.4,1134.4,1981.7,1194.4,1975.7,1316.5,1892.2,1357.0,1886.3,1292.2,2032.0,1203.8,2084.8,1138.6,2093.5,1071.7,2090.4,968.0,2038.5,903.1,1900.7
327.0,5.433,904.4,1900.3,970.9,1787.7,1070.4,1732.6,1129.5,1749.7,1187.5,1732.1,1284.0,1788.3,1355.1,1888.3,1315.0,1893.4,1191.9,1814.3,1132.3,1817.5,1073.6,1816.9,943.5,1897.4,943.5,1897.4,1071.3,1975.8,1133.7,1981.5,1195.7,1975.4,1315.0,1893.4,1355.1,1888.3,1291.9,2030.2,1204.5,2082.5,1137.4,2091.1,1069.4,2087.4,967.0,2035.6,904.4,1900.3
328.0,5.45,903.8,1898.6,973.1,1787.7,1073.7,1734.0,1131.3,1750.3,1187.3,1732.8,1284.7,1788.2,1358.0,1885.9,1318.2,1891.7,1191.6,1812.7,1133.9,1816.4,1076.8,1816.3,942.6,1896.5,942.6,1896.5,1074.0,1979.3,1134.8,1985.0,1194.8,1979.2,1318.2,1891.7,1358.0,1885.9,1292.4,2032.2,1203.5,2084.5,1138.4,2092.7,1071.9,2089.1,968.3,2036.3,903.8,1898.6
329.0,5.467,905.3,1898.5,973.8,1787.5,1074.4,1732.7,1132.5,1749.5,1189.3,1732.3,1286.4,1788.3,1359.1,1886.8,1319.1,1892.8,1193.5,1813.2,1135.0,1816.4,1077.4,1816.0,944.0,1896.6,944.0,1896.6,1074.1,1977.1,1135.4,1982.8,1196.3,1977.1,1319.1,1892.8,1359.1,1886.8,1293.4,2031.2,1204.8,2083.1,1138.8,2091.3,1071.9,2087.6,968.7,2035.2,905.3,1898.5
330.0,5.483,906.8,1897.4,975.6,1786.4,1076.7,1731.4,1134.3,1748.4,1190.8,1730.9,1287.7,1787.5,1360.2,1886.1,1320.2,1892.1,1194.8,1813.1,1136.7,1816.1,1079.5,1815.6,945.7,1895.6,945.7,1895.6,1075.9,1974.2,1136.9,1979.9,1197.5,1974.4,1320.2,1892.1,1360.2,1886.1,1294.5,2030.9,1206.1,2082.6,1140.4,2090.8,1073.7,2087.1,970.2,2034.8,906.8,1897.4
331.0,5.5,907.9,1898.9,976.4,1788.0,1077.2,1733.4,1135.8,1750.2,1193.1,1732.8,1290.3,1788.5,1362.4,1886.9,1322.4,1892.7,1197.3,1813.6,1138.4,1816.7,1080.4,1816.2,946.9,1896.8,946.9,1896.8,1077.7,1976.3,1139.6,1981.9,1201.0,1976.1,1322.4,1892.7,1362.4,1886.9,1298.1,2030.8,1210.1,2083.1,1143.5,2091.5,1076.0,2088.0,972.1,2036.3,907.9,1898.9
332.0,5.517,906.1,1898.3,975.2,1787.8,1076.3,1733.3,1135.2,1750.2,1193.1,1732.7,1290.8,1788.3,1364.2,1886.2,1323.9,1892.0,1197.6,1814.1,1138.0,1817.4,1079.5,1816.8,945.0,1896.3,945.0,1896.3,1076.5,1973.8,1138.7,1979.3,1200.7,1973.4,1323.9,1892.0,1364.2,1886.2,1298.2,2028.5,1209.3,2080.4,1142.3,2088.8,1074.4,2085.3,970.5,2033.7,906.1,1898.3
333.0,5.533,903.2,1897.8,973.8,1786.6,1075.7,1732.2,1134.8,1749.0,1192.4,1731.2,1291.0,1786.8,1365.4,1885.0,1324.8,1890.8,1196.9,1814.6,1137.7,1818.2,1079.0,1818.0,942.9,1895.7,942.9,1895.7,1076.0,1970.3,1138.4,1975.4,1199.9,1969.7,1324.8,1890.8,1365.4,1885.0,1298.7,2027.8,1208.9,2079.7,1142.1,2088.3,1074.0,2085.0,969.1,2033.8,903.2,1897.8
334.0,5.55,899.5,1897.7,970.4,1787.0,1071.8,1733.8,1133.6,1751.1,1195.1,1732.9,1293.8,1789.1,1367.2,1887.2,1326.7,1892.3,1199.1,1816.7,1135.8,1820.7,1074.3,1820.0,938.8,1895.3,938.8,1895.3,1070.5,1967.7,1135.6,1973.7,1200.9,1967.7,1326.7,1892.3,1367.2,1887.2,1299.9,2025.2,1208.6,2075.6,1138.2,2084.1,1067.4,2079.8,964.0,2028.3,899.5,1897.7
335.0,5.567,888.4,1898.3,965.9,1790.4,1069.5,1736.5,1134.9,1753.6,1200.6,1734.8,1301.5,1790.6,1377.8,1885.2,1336.7,1892.0,1204.9,1821.9,1137.0,1826.9,1071.8,1826.6,927.9,1897.7,927.9,1897.7,1066.0,1954.9,1134.2,1960.5,1203.6,1954.3,1336.7,1892.0,1377.8,1885.2,1305.4,2017.3,1211.0,2065.6,1136.6,2074.8,1062.6,2070.6,957.6,2021.8,888.4,1898.3
336.0,5.583,880.4,1898.8,959.2,1793.4,1062.8,1741.8,1132.5,1759.8,1202.8,1740.7,1306.8,1794.8,1386.2,1886.9,1344.5,1892.2,1207.5,1830.1,1135.0,1835.3,1065.3,1834.2,921.4,1897.2,921.4,1897.2,1060.8,1944.8,1133.1,1950.6,1206.9,1944.5,1344.5,1892.2,1386.2,1886.9,1312.2,2010.5,1214.7,2057.7,1135.7,2066.6,1057.7,2062.2,952.1,2014.7,880.4,1898.8
337.0,5.6,872.9,1894.4,956.5,1795.8,1060.9,1748.4,1133.6,1766.2,1208.6,1747.0,1313.2,1796.9,1395.0,1882.6,1353.5,1888.4,1213.2,1830.3,1135.9,1836.6,1063.3,1834.6,913.1,1894.2,913.1,1894.2,1059.4,1936.4,1134.7,1942.1,1212.9,1935.2,1353.5,1888.4,1395.0,1882.6,1318.6,1997.4,1220.4,2041.6,1137.1,2051.2,1056.6,2047.0,949.5,2003.4,872.9,1894.4
338.0,5.617,870.4,1891.6,955.1,1796.2,1057.1,1751.0,1134.4,1768.7,1214.8,1749.2,1318.3,1797.1,1398.5,1878.9,1357.0,1884.5,1219.3,1832.5,1136.5,1839.8,1059.2,1837.4,911.0,1891.4,911.0,1891.4,1054.7,1922.5,1134.3,1928.3,1217.9,1920.4,1357.0,1884.5,1398.5,1878.9,1322.9,1984.4,1225.6,2026.4,1137.0,2036.5,1052.6,2032.1,947.7,1991.7,870.4,1891.6
339.0,5.633,866.9,1886.1,957.3,1796.6,1059.9,1753.0,1135.5,1770.5,1214.4,1751.1,1317.8,1798.1,1402.5,1874.4,1360.9,1880.7,1218.4,1834.2,1136.9,1841.6,1061.0,1839.2,907.0,1887.2,907.0,1887.2,1055.0,1906.2,1132.6,1911.9,1214.4,1905.0,1360.9,1880.7,1402.5,1874.4,1320.3,1973.4,1221.2,2010.3,1134.6,2019.5,1052.3,2015.0,947.9,1978.0,866.9,1886.1
340.0,5.65,865.0,1879.4,956.4,1799.9,1055.9,1760.9,1136.3,1778.5,1222.0,1758.6,1322.8,1800.4,1406.6,1866.2,1364.9,1873.4,1226.0,1838.6,1137.5,1847.4,1056.9,1844.0,904.5,1881.0,904.5,1881.0,1049.8,1895.5,1131.8,1901.5,1220.1,1892.6,1364.9,1873.4,1406.6,1866.2,1323.8,1956.5,1226.5,1994.3,1133.4,2005.2,1047.3,2000.4,946.3,1965.2,865.0,1879.4
341.0,5.667,862.8,1874.2,955.4,1803.7,1051.8,1769.4,1136.5,1788.0,1227.1,1766.8,1328.4,1804.2,1412.7,1861.3,1370.5,1867.5,1231.4,1851.4,1137.9,1861.5,1052.9,1856.9,904.0,1875.3,904.0,1875.3,1046.7,1875.1,1132.5,1881.7,1225.4,1872.3,1370.5,1867.5,1412.7,1861.3,1330.1,1942.6,1232.9,1979.9,1135.3,1991.4,1045.4,1986.0,946.6,1952.2,862.8,1874.2
342.0,5.683,862.2,1866.6,958.4,1801.3,1056.2,1770.7,1140.1,1789.1,1230.4,1768.0,1333.0,1802.8,1420.4,1854.7,1379.3,1861.0,1234.8,1848.2,1141.4,1858.8,1057.1,1854.0,902.9,1868.3,902.9,1868.3,1052.1,1873.1,1137.3,1880.0,1229.8,1870.6,1379.3,1861.0,1420.4,1854.7,1335.7,1936.2,1237.2,1972.8,1140.1,1984.2,1050.9,1978.7,950.0,1944.8,862.2,1866.6
343.0,5.7,859.1,1860.0,959.0,1799.0,1058.7,1770.2,1141.8,1788.4,1231.1,1767.1,1334.5,1800.1,1425.5,1848.6,1384.3,1855.4,1235.5,1846.6,1143.2,1858.0,1059.7,1853.1,899.8,1862.8,899.8,1862.8,1055.0,1864.8,1139.2,1871.0,1230.5,1861.9,1384.3,1855.4,1425.5,1848.6,1337.5,1929.4,1237.8,1964.2,1142.0,1975.4,1053.7,1970.4,950.5,1938.2,859.1,1860.0
344.0,5.717,857.3,1853.1,959.7,1797.2,1060.8,1770.9,1143.2,1789.0,1232.2,1768.0,1336.3,1798.3,1429.9,1842.2,1389.0,1849.8,1236.3,1843.9,1144.3,1855.5,1061.5,1850.2,897.5,1856.5,897.5,1856.5,1056.9,1864.5,1140.5,1870.9,1231.4,1861.7,1389.0,1849.8,1429.9,1842.2,1339.1,1924.7,1238.4,1960.9,1143.0,1972.3,1055.4,1967.3,951.0,1933.8,857.3,1853.1
345.0,5.733,855.0,1848.0,958.2,1795.1,1060.2,1769.4,1143.4,1787.9,1233.8,1767.0,1338.3,1797.0,1432.6,1839.1,1391.7,1847.1,1237.5,1841.9,1144.3,1853.4,1060.5,1847.4,894.9,1852.0,894.9,1852.0,1056.0,1861.8,1140.6,1868.7,1232.8,1859.7,1391.7,1847.1,1432.6,1839.1,1340.7,1921.7,1239.6,1958.0,1142.8,1969.4,1054.4,1963.9,949.2,1929.8,855.0,1848.0
346.0,5.75,853.2,1846.7,957.2,1793.3,1059.0,1768.6,1143.0,1787.0,1234.1,1765.7,1339.5,1795.4,1435.5,1837.6,1394.2,1844.9,1237.8,1840.8,1143.7,1852.6,1059.3,1846.8,893.4,1850.0,893.4,1850.0,1054.9,1859.6,1140.1,1866.3,1233.0,1857.3,1394.2,1844.9,1435.5,1837.6,1342.1,1918.8,1239.6,1954.8,1142.1,1966.2,1053.2,1960.7,948.2,1926.8,853.2,1846.7
347.0,5.767,853.0,1845.6,957.2,1792.4,1058.7,1768.7,1142.8,1787.3,1234.0,1766.2,1340.1,1795.4,1436.5,1837.2,1395.2,1844.2,1237.8,1842.8,1143.6,1854.4,1059.0,1848.5,893.6,1848.9,893.6,1848.9,1054.2,1858.3,1139.5,1865.1,1232.6,1856.1,1395.2,1844.2,1436.5,1837.2,1342.4,1918.2,1238.9,1954.3,1141.3,1965.4,1052.3,1959.7,947.5,1925.3,853.0,1845.6
348.0,5.783,852.6,1845.7,956.8,1793.5,1058.4,1769.6,1142.9,1788.3,1234.7,1767.3,1340.3,1796.6,1436.7,1838.3,1395.3,1845.6,1238.1,1843.4,1143.3,1855.2,1058.2,1848.9,893.1,1849.2,893.1,1849.2,1052.8,1859.0,1138.6,1866.2,1232.2,1857.2,1395.3,1845.6,1436.7,1838.3,1341.8,1919.6,1238.3,1955.5,1140.1,1966.4,1050.6,1960.5,946.5,1925.9,852.6,1845.7
349.0,5.8,852.4,1846.9,956.3,1793.9,1058.1,1771.1,1142.3,1790.0,1233.8,1768.8,1340.5,1797.6,1437.3,1839.8,1396.1,1846.3,1237.6,1844.7,1143.2,1856.4,1058.3,1850.2,893.1,1849.8,893.1,1849.8,1054.4,1861.8,1140.0,1868.7,1233.2,1859.7,1396.1,1846.3,1437.3,1839.8,1343.5,1920.6,1239.3,1957.0,1141.4,1968.1,1052.1,1962.2,947.0,1927.1,852.4,1846.9
350.0,5.817,850.8,1848.6,955.8,1796.6,1058.7,1772.5,1142.6,1791.5,1233.4,1770.2,1340.2,1799.5,1437.9,1841.4,1396.4,1848.4,1237.1,1846.9,1143.4,1858.5,1058.9,1852.3,891.7,1852.0,891.7,1852.0,1055.0,1860.9,1140.1,1867.9,1232.6,1859.2,1396.4,1848.4,1437.9,1841.4,1343.1,1922.5,1239.4,1958.3,1142.2,1969.2,1053.2,1963.8,947.0,1929.6,850.8,1848.6
351.0,5.833,850.4,1850.2,955.5,1797.8,1058.3,1774.4,1141.5,1793.1,1231.4,1772.1,1338.6,1801.0,1437.1,1843.0,1395.3,1850.3,1235.2,1848.3,1142.4,1859.8,1058.6,1853.8,891.3,1853.8,891.3,1853.8,1054.2,1864.5,1138.6,1871.2,1230.4,1862.5,1395.3,1850.3,1437.1,1843.0,1341.3,1925.1,1236.6,1961.2,1140.2,1972.1,1052.0,1966.6,946.1,1932.2,850.4,1850.2
352.0,5.85,849.9,1852.0,955.5,1801.5,1059.5,1776.8,1141.7,1795.8,1230.7,1775.1,1337.2,1804.9,1435.7,1846.2,1393.8,1854.1,1234.3,1851.7,1142.4,1862.7,1059.5,1856.4,890.5,1856.5,890.5,1856.5,1054.8,1866.6,1138.4,1873.6,1229.1,1865.5,1393.8,1854.1,1435.7,1846.2,1339.2,1929.4,1235.5,1964.9,1140.1,1975.3,1052.6,1969.8,946.0,1935.3,849.9,1852.0
353.0,5.867,850.3,1855.5,954.7,1804.1,1057.6,1780.7,1141.0,1800.0,1231.7,1779.1,1338.2,1808.7,1434.7,1850.4,1393.2,1857.7,1235.3,1855.5,1141.7,1866.6,1057.6,1860.0,891.0,1859.5,891.0,1859.5,1053.8,1870.1,1138.7,1877.5,1231.2,1868.9,1393.2,1857.7,1434.7,1850.4,1340.9,1932.4,1237.5,1968.7,1140.4,1979.5,1051.5,1973.4,945.6,1937.8,850.3,1855.5
354.0,5.883,850.1,1857.1,954.8,1808.0,1058.2,1784.1,1141.1,1803.8,1230.9,1782.9,1337.4,1812.5,1434.5,1853.0,1392.8,1860.6,1234.4,1860.6,1141.7,1871.5,1058.0,1864.7,891.1,1861.4,891.1,1861.4,1054.0,1871.7,1138.4,1879.3,1229.9,1871.2,1392.8,1860.6,1434.5,1853.0,1339.7,1936.8,1236.3,1973.2,1140.1,1983.6,1051.8,1977.4,945.6,1941.5,850.1,1857.1
355.0,5.9,851.0,1860.3,954.8,1810.4,1057.4,1787.3,1141.2,1807.3,1231.9,1786.2,1338.0,1815.6,1433.6,1857.0,1392.1,1863.7,1235.2,1863.7,1141.8,1875.0,1057.1,1868.0,892.5,1863.8,892.5,1863.8,1054.2,1873.2,1139.6,1880.9,1231.8,1872.6,1392.1,1863.7,1433.6,1857.0,1341.2,1938.8,1238.4,1975.2,1141.4,1985.9,1052.1,1979.6,946.3,1943.8,851.0,1860.3
356.0,5.917,851.4,1862.5,955.7,1813.6,1058.9,1790.9,1141.6,1810.7,1231.0,1789.6,1337.1,1818.5,1433.8,1859.1,1392.5,1866.3,1234.5,1866.5,1142.3,1877.6,1058.9,1870.7,892.4,1866.5,892.4,1866.5,1055.8,1877.8,1139.8,1885.4,1230.7,1877.3,1392.5,1866.3,1433.8,1859.1,1340.2,1942.1,1237.1,1978.4,1141.4,1988.7,1053.3,1982.6,946.9,1946.7,851.4,1862.5
357.0,5.933,853.0,1864.7,957.0,1816.2,1059.7,1793.4,1142.8,1813.3,1232.3,1792.5,1338.4,1821.3,1434.3,1861.6,1393.0,1868.6,1235.5,1869.4,1143.3,1880.4,1059.3,1873.4,894.2,1868.4,894.2,1868.4,1056.2,1879.1,1140.8,1887.0,1231.8,1879.0,1393.0,1868.6,1434.3,1861.6,1341.4,1944.6,1238.4,1981.3,1142.5,1991.5,1053.9,1985.0,948.4,1948.7,853.0,1864.7
358.0,5.95,854.4,1867.8,957.7,1818.8,1060.5,1795.7,1143.5,1815.6,1233.1,1794.5,1339.1,1823.6,1434.8,1864.5,1393.5,1871.6,1236.5,1872.1,1144.1,1883.2,1060.3,1876.1,895.6,1871.6,895.6,1871.6,1057.3,1881.4,1141.7,1889.2,1232.8,1881.2,1393.5,1871.6,1434.8,1864.5,1342.2,1947.1,1239.4,1983.6,1143.5,1993.8,1055.0,1987.5,949.3,1951.5,854.4,1867.8
359.0,5.967,855.2,1870.1,959.4,1820.7,1062.5,1798.1,1145.5,1818.0,1235.1,1796.8,1340.9,1825.4,1436.4,1866.2,1395.2,1873.2,1238.7,1874.6,1146.3,1886.1,1062.5,1879.1,896.6,1873.9,896.6,1873.9,1059.6,1883.6,1144.0,1891.0,1235.1,1882.6,1395.2,1873.2,1436.4,1866.2,1344.0,1948.9,1241.6,1985.8,1145.8,1996.5,1057.2,1990.4,950.8,1954.5,855.2,1870.1
360.0,5.983,856.4,1871.9,960.1,1821.9,1062.5,1800.8,1146.1,1820.2,1235.6,1799.7,1341.4,1827.3,1435.1,1868.7,1394.6,1876.1,1239.2,1875.9,1146.9,1887.3,1062.6,1880.2,897.8,1876.4,897.8,1876.4,1059.4,1886.7,1144.3,1894.0,1235.5,1885.6,1394.6,1876.1,1435.1,1868.7,1344.3,1951.9,1242.5,1987.9,1146.6,1998.3,1057.6,1992.1,951.5,1956.5,856.4,1871.9
361.0,6.0,856.8,1872.9,959.4,1823.2,1060.9,1803.6,1145.3,1823.1,1235.6,1802.9,1340.9,1829.7,1433.0,1870.6,1393.1,1877.9,1238.7,1878.5,1145.8,1890.0,1060.5,1882.7,897.9,1877.0,897.9,1877.0,1057.1,1889.7,1143.0,1897.1,1234.8,1888.5,1393.1,1877.9,1433.0,1870.6,1343.0,1954.2,1241.0,1991.7,1144.4,2002.4,1054.5,1995.5,950.0,1958.3,856.8,1872.9
362.0,6.017,854.9,1875.0,957.9,1825.4,1059.2,1806.0,1145.6,1824.3,1237.2,1804.3,1341.8,1829.8,1431.4,1871.0,1392.2,1879.3,1239.8,1878.8,1145.8,1891.3,1058.5,1884.4,895.8,1879.5,895.8,1879.5,1054.8,1889.8,1142.4,1896.3,1235.3,1887.0,1392.2,1879.3,1431.4,1871.0,1342.7,1953.4,1241.9,1991.3,1144.1,2002.7,1052.5,1996.2,948.8,1960.5,854.9,1875.0
363.0,6.033,855.3,1876.8,957.5,1827.2,1057.9,1808.9,1145.5,1826.9,1238.6,1806.9,1341.7,1832.3,1428.8,1873.3,1390.5,1881.8,1240.7,1880.3,1145.3,1893.1,1056.9,1886.1,896.2,1881.3,896.2,1881.3,1053.3,1891.2,1141.9,1897.6,1236.1,1887.7,1390.5,1881.8,1428.8,1873.3,1341.8,1955.2,1242.9,1993.1,1143.9,2005.0,1051.3,1998.2,948.1,1962.1,855.3,1876.8
364.0,6.05,854.9,1877.9,957.2,1827.9,1057.8,1810.0,1144.8,1827.7,1237.0,1807.9,1339.8,1833.2,1426.5,1874.1,1389.0,1883.2,1239.3,1881.4,1144.8,1893.9,1057.1,1887.3,895.4,1882.8,895.4,1882.8,1053.1,1893.3,1140.9,1899.1,1234.3,1889.0,1389.0,1883.2,1426.5,1874.1,1339.4,1956.7,1240.4,1995.2,1142.3,2007.1,1050.4,2000.4,947.1,1964.0,854.9,1877.9
365.0,6.067,855.2,1877.7,957.2,1827.2,1058.2,1809.6,1144.4,1827.5,1235.7,1808.3,1338.6,1833.7,1425.5,1875.6,1387.9,1884.0,1238.3,1881.7,1144.8,1893.6,1057.8,1886.6,896.0,1882.6,896.0,1882.6,1054.4,1893.2,1141.6,1899.0,1234.1,1889.4,1387.9,1884.0,1425.5,1875.6,1338.9,1957.7,1240.4,1995.4,1143.3,2006.6,1051.9,2000.1,947.8,1964.2,855.2,1877.7
366.0,6.083,854.4,1877.4,956.3,1827.4,1057.4,1807.9,1143.8,1826.4,1235.5,1807.1,1339.0,1833.8,1425.6,1875.7,1387.3,1884.7,1238.0,1882.5,1144.1,1894.1,1056.7,1887.1,894.9,1882.9,894.9,1882.9,1052.7,1890.8,1140.1,1897.2,1233.1,1887.6,1387.3,1884.7,1425.6,1875.7,1338.5,1957.7,1239.6,1995.8,1141.8,2007.5,1050.1,2000.3,946.9,1964.0,854.4,1877.4
367.0,6.1,852.5,1876.6,954.6,1827.0,1056.7,1807.6,1142.2,1826.7,1233.3,1807.1,1337.5,1833.6,1426.1,1875.3,1387.3,1883.6,1236.1,1882.0,1142.9,1893.4,1056.4,1886.2,893.0,1881.6,893.0,1881.6,1053.6,1890.8,1140.2,1897.3,1232.6,1888.1,1387.3,1883.6,1426.1,1875.3,1338.5,1957.0,1239.1,1995.4,1141.9,2006.9,1050.9,2000.0,946.1,1963.4,852.5,1876.6
368.0,6.117,852.4,1876.4,953.9,1827.1,1056.5,1805.8,1140.7,1825.2,1230.6,1805.3,1335.0,1833.1,1425.8,1874.7,1386.1,1882.6,1233.7,1881.9,1141.4,1893.2,1056.4,1886.0,892.9,1880.8,892.9,1880.8,1053.7,1890.1,1138.9,1896.8,1230.1,1887.8,1386.1,1882.6,1425.8,1874.7,1336.4,1956.8,1236.3,1995.0,1140.3,2006.5,1050.6,2000.0,945.7,1963.5,852.4,1876.4
369.0,6.133,851.6,1875.7,952.7,1826.3,1054.9,1804.2,1139.5,1824.0,1230.2,1803.8,1334.5,1832.0,1425.6,1873.9,1385.3,1881.7,1233.4,1881.2,1140.2,1892.7,1054.7,1885.3,892.3,1879.8,892.3,1879.8,1051.8,1888.3,1137.5,1895.2,1229.6,1885.9,1385.3,1881.7,1425.6,1873.9,1335.6,1954.7,1235.4,1992.9,1138.5,2004.7,1048.5,1998.1,944.2,1961.9,851.6,1875.7
370.0,6.15,852.3,1874.8,953.6,1824.0,1055.3,1802.3,1139.7,1821.7,1230.0,1801.7,1334.4,1830.2,1425.4,1873.3,1385.3,1880.5,1233.2,1878.8,1140.3,1890.3,1055.1,1883.2,893.2,1878.7,893.2,1878.7,1052.1,1887.7,1137.5,1894.7,1229.2,1885.6,1385.3,1880.5,1425.4,1873.3,1335.7,1954.3,1235.1,1991.2,1138.7,2002.3,1048.9,1995.7,944.7,1959.8,852.3,1874.8
371.0,6.167,852.3,1873.0,953.4,1822.6,1055.1,1801.3,1139.4,1821.4,1230.0,1801.1,1334.8,1829.8,1425.8,1872.4,1385.6,1879.1,1233.2,1878.6,1140.0,1889.8,1054.9,1882.3,893.2,1876.6,893.2,1876.6,1052.6,1885.9,1138.2,1893.3,1230.2,1884.3,1385.6,1879.1,1425.8,1872.4,1336.7,1953.2,1236.0,1990.6,1139.2,2001.9,1049.2,1994.9,944.8,1958.2,852.3,1873.0
372.0,6.183,851.6,1872.4,953.3,1821.3,1055.3,1799.7,1139.3,1819.8,1229.5,1799.3,1334.6,1828.5,1426.4,1872.0,1386.1,1878.6,1232.7,1877.4,1139.8,1888.8,1055.0,1881.4,892.5,1876.1,892.5,1876.1,1052.4,1884.1,1137.7,1891.5,1229.3,1882.9,1386.1,1878.6,1426.4,1872.0,1336.3,1952.9,1234.8,1989.1,1138.5,2000.0,1048.9,1993.0,944.2,1956.6,851.6,1872.4
373.0,6.2,852.7,1872.2,953.4,1820.2,1054.7,1798.4,1139.7,1819.0,1231.1,1798.2,1335.6,1827.6,1426.4,1871.7,1386.1,1877.8,1234.3,1876.3,1140.2,1887.7,1054.5,1880.0,893.6,1875.5,893.6,1875.5,1052.2,1883.2,1138.4,1890.7,1231.2,1881.8,1386.1,1877.8,1426.4,1871.7,1337.7,1951.2,1236.9,1987.5,1139.3,1998.7,1048.8,1991.6,944.5,1955.5,852.7,1872.2
374.0,6.217,852.5,1871.3,953.6,1819.7,1055.4,1797.4,1139.7,1817.8,1230.1,1797.2,1335.2,1826.8,1427.5,1870.9,1386.7,1877.4,1233.3,1875.9,1140.2,1887.1,1055.2,1879.5,893.6,1875.0,893.6,1875.0,1052.4,1882.3,1138.0,1889.9,1229.8,1881.5,1386.7,1877.4,1427.5,1870.9,1337.2,1951.6,1235.8,1987.5,1139.1,1998.3,1049.3,1991.4,944.8,1955.5,852.5,1871.3
375.0,6.233,853.8,1871.0,955.0,1819.1,1056.5,1796.9,1140.3,1817.5,1230.5,1796.7,1335.2,1826.5,1427.5,1870.4,1386.7,1876.6,1233.7,1875.5,1140.7,1886.5,1056.1,1878.9,894.9,1874.4,894.9,1874.4,1053.6,1882.1,1138.7,1889.8,1230.4,1881.5,1386.7,1876.6,1427.5,1870.4,1337.4,1950.8,1236.2,1987.4,1139.7,1998.3,1050.4,1991.3,946.1,1954.9,853.8,1871.0
376.0,6.25,853.6,1871.0,954.7,1818.8,1056.2,1796.3,1140.4,1816.9,1231.1,1796.1,1335.8,1826.0,1427.7,1870.2,1387.0,1876.6,1234.4,1875.1,1140.9,1886.1,1056.0,1878.6,894.8,1874.5,894.8,1874.5,1053.4,1881.4,1138.8,1889.1,1231.0,1880.7,1387.0,1876.6,1427.7,1870.2,1338.0,1950.2,1236.9,1986.7,1139.9,1997.6,1050.2,1990.7,945.8,1954.5,853.6,1871.0
377.0,6.267,852.9,1870.9,953.9,1819.0,1055.9,1795.8,1139.5,1816.4,1229.8,1795.7,1334.5,1826.1,1426.8,1870.3,1385.9,1876.8,1233.0,1874.4,1140.0,1885.1,1055.7,1877.6,893.9,1874.4,893.9,1874.4,1053.3,1881.0,1138.3,1888.7,1230.0,1880.6,1385.9,1876.8,1426.8,1870.3,1336.9,1950.3,1236.0,1986.6,1139.5,1997.4,1050.1,1990.6,945.3,1954.5,852.9,1870.9
378.0,6.283,852.3,1870.5,953.0,1818.4,1055.2,1795.2,1138.5,1815.8,1228.7,1795.2,1333.2,1825.8,1425.4,1870.2,1384.7,1876.7,1232.0,1873.6,1139.1,1884.0,1055.0,1876.4,893.1,1874.1,893.1,1874.1,1052.6,1881.8,1137.2,1889.6,1228.9,1881.4,1384.7,1876.7,1425.4,1870.2,1335.5,1950.1,1234.7,1986.2,1138.3,1996.8,1049.2,1989.9,944.3,1953.6,852.3,1870.5
379.0,6.3,851.6,1871.3,952.1,1818.6,1053.9,1795.3,1137.1,1816.0,1227.2,1795.5,1331.8,1826.3,1424.0,1871.0,1383.3,1877.1,1230.6,1874.7,1137.8,1885.0,1053.7,1877.5,892.7,1874.6,892.7,1874.6,1051.1,1882.0,1135.8,1889.7,1227.4,1881.6,1383.3,1877.1,1424.0,1871.0,1334.2,1950.5,1233.1,1986.6,1136.8,1997.0,1047.8,1990.1,943.2,1953.8,851.6,1871.3
380.0,6.317,851.2,1871.4,951.7,1819.2,1053.2,1795.9,1137.0,1816.7,1227.4,1795.9,1331.6,1826.7,1423.3,1871.4,1382.6,1877.5,1230.5,1874.6,1137.4,1885.3,1052.8,1877.6,892.5,1874.6,892.5,1874.6,1050.4,1881.9,1135.6,1889.8,1227.3,1881.7,1382.6,1877.5,1423.3,1871.4,1334.0,1951.1,1233.4,1986.9,1136.8,1997.4,1047.4,1990.5,943.0,1954.4,851.2,1871.4
381.0,6.333,850.6,1871.1,950.6,1819.5,1052.1,1796.1,1136.1,1816.7,1227.0,1796.3,1331.1,1827.0,1422.3,1870.9,1381.8,1877.4,1230.3,1874.0,1136.6,1884.4,1051.9,1876.7,891.5,1874.6,891.5,1874.6,1049.3,1883.9,1134.7,1891.9,1227.2,1883.5,1381.8,1877.4,1422.3,1870.9,1333.4,1950.8,1233.2,1987.0,1135.9,1997.5,1046.3,1990.6,941.9,1954.2,850.6,1871.1
382.0,6.35,849.6,1871.1,950.1,1819.5,1051.7,1796.0,1135.4,1816.9,1225.7,1796.2,1330.1,1827.1,1422.1,1871.2,1381.3,1877.6,1228.9,1875.5,1135.9,1885.9,1051.3,1878.2,890.7,1874.7,890.7,1874.7,1048.6,1881.6,1133.7,1889.7,1225.5,1881.6,1381.3,1877.6,1422.1,1871.2,1332.4,1951.2,1231.6,1987.1,1135.0,1997.5,1045.7,1990.4,941.3,1954.2,849.6,1871.1
383.0,6.367,848.8,1871.6,948.2,1819.2,1049.3,1796.2,1133.6,1817.3,1224.8,1796.7,1329.3,1827.6,1420.2,1872.5,1379.7,1878.3,1227.9,1875.8,1134.0,1886.1,1048.8,1878.1,890.0,1874.7,890.0,1874.7,1046.5,1882.5,1132.3,1890.8,1225.0,1883.0,1379.7,1878.3,1420.2,1872.5,1331.9,1952.0,1231.1,1987.9,1133.6,1998.1,1043.5,1990.7,939.6,1953.9,848.8,1871.6
384.0,6.383,848.1,1872.8,947.7,1820.2,1049.0,1796.7,1133.1,1817.5,1224.0,1796.9,1328.3,1828.1,1419.3,1872.7,1378.7,1878.6,1227.4,1875.6,1133.7,1885.9,1048.7,1878.2,889.3,1875.9,889.3,1875.9,1046.2,1883.1,1131.8,1891.2,1224.3,1883.2,1378.7,1878.6,1419.3,1872.7,1331.0,1952.2,1230.5,1987.7,1133.3,1997.8,1043.4,1990.7,939.3,1954.4,848.1,1872.8
385.0,6.4,846.3,1873.7,946.5,1819.5,1047.9,1796.4,1130.9,1816.9,1220.4,1795.8,1325.2,1826.9,1417.8,1872.4,1376.9,1877.9,1224.1,1875.0,1131.7,1885.6,1048.0,1878.4,887.6,1876.4,887.6,1876.4,1046.0,1884.0,1130.4,1891.6,1221.5,1883.5,1376.9,1877.9,1417.8,1872.4,1328.7,1952.0,1227.4,1987.4,1131.6,1997.6,1042.9,1991.0,938.2,1955.1,846.3,1873.7
386.0,6.417,845.4,1873.7,945.9,1821.3,1047.6,1797.0,1130.8,1817.8,1220.4,1796.8,1324.9,1828.2,1417.7,1872.8,1376.4,1878.8,1223.8,1876.4,1131.4,1886.8,1047.5,1879.4,886.7,1876.8,886.7,1876.8,1045.1,1882.3,1129.6,1890.1,1220.7,1882.2,1376.4,1878.8,1417.7,1872.8,1327.8,1952.2,1227.1,1987.8,1131.1,1998.0,1042.3,1991.4,937.8,1955.8,845.4,1873.7
387.0,6.433,845.0,1874.2,944.9,1822.1,1046.2,1797.7,1129.7,1818.6,1219.6,1797.9,1324.1,1829.2,1416.6,1873.9,1375.4,1879.7,1222.9,1877.4,1130.2,1887.5,1046.0,1879.9,886.4,1877.1,886.4,1877.1,1043.5,1883.3,1128.4,1891.4,1219.8,1883.8,1375.4,1879.7,1416.6,1873.9,1327.0,1953.4,1226.2,1988.8,1129.9,1998.6,1040.8,1991.9,936.7,1955.9,845.0,1874.2
388.0,6.45,845.2,1874.3,944.9,1821.9,1046.2,1798.1,1129.1,1819.0,1218.4,1798.2,1323.2,1829.8,1415.9,1874.4,1375.0,1879.9,1221.8,1877.7,1129.7,1887.8,1046.0,1880.2,886.6,1877.0,886.6,1877.0,1043.9,1883.3,1128.3,1891.5,1219.0,1884.1,1375.0,1879.9,1415.9,1874.4,1326.5,1954.1,1225.5,1989.0,1129.8,1998.6,1041.2,1991.7,937.0,1955.5,845.2,1874.3
389.0,6.467,846.2,1875.6,945.4,1822.9,1046.5,1798.1,1129.5,1819.1,1219.2,1798.0,1323.2,1829.8,1415.3,1874.8,1374.2,1880.6,1222.6,1877.8,1130.2,1888.0,1046.4,1880.4,887.5,1878.4,887.5,1878.4,1044.4,1883.7,1128.8,1891.7,1220.0,1884.0,1374.2,1880.6,1415.3,1874.8,1326.5,1953.6,1226.4,1988.9,1130.4,1998.9,1041.7,1992.2,937.7,1956.5,846.2,1875.6
390.0,6.483,846.2,1875.7,946.4,1823.0,1047.9,1798.6,1130.6,1819.4,1219.7,1798.6,1324.1,1830.2,1416.7,1875.2,1375.6,1881.1,1223.2,1878.3,1131.3,1888.5,1047.8,1881.1,887.6,1878.8,887.6,1878.8,1045.6,1883.7,1129.7,1891.6,1220.4,1884.1,1375.6,1881.1,1416.7,1875.2,1327.3,1954.3,1226.7,1988.8,1131.2,1998.6,1042.8,1991.9,938.3,1956.7,846.2,1875.7
391.0,6.5,847.5,1876.1,947.0,1823.7,1048.3,1799.0,1131.1,1819.7,1220.9,1798.7,1324.7,1830.5,1416.7,1875.0,1375.8,1881.0,1224.2,1877.1,1131.6,1887.2,1048.0,1879.8,888.3,1879.1,888.3,1879.1,1045.8,1887.0,1130.1,1895.1,1221.5,1887.3,1375.8,1881.0,1416.7,1875.0,1327.8,1954.6,1227.5,1990.2,1131.4,2000.3,1042.9,1993.5,938.8,1957.4,847.5,1876.1
392.0,6.517,848.0,1876.3,948.4,1823.4,1049.8,1798.6,1131.9,1819.2,1220.6,1798.2,1324.7,1830.2,1417.7,1874.7,1376.5,1880.7,1224.1,1877.4,1132.5,1887.5,1049.7,1880.3,889.1,1879.4,889.1,1879.4,1047.2,1884.8,1130.7,1892.6,1221.0,1885.0,1376.5,1880.7,1417.7,1874.7,1327.7,1954.2,1227.2,1989.0,1132.1,1998.9,1044.4,1992.3,940.1,1957.0,848.0,1876.3
393.0,6.533,848.4,1876.1,948.4,1822.8,1049.6,1798.4,1132.2,1819.0,1221.2,1798.2,1325.9,1830.2,1418.0,1875.3,1377.2,1880.8,1224.7,1878.1,1132.8,1888.2,1049.4,1880.9,889.8,1879.0,889.8,1879.0,1047.0,1883.4,1131.1,1891.4,1221.8,1883.9,1377.2,1880.8,1418.0,1875.3,1329.0,1954.6,1228.1,1988.6,1132.7,1998.1,1044.3,1991.3,940.2,1955.7,848.4,1876.1
394.0,6.55,849.6,1876.4,948.7,1823.2,1049.5,1798.5,1132.6,1819.3,1222.2,1798.7,1326.0,1830.6,1417.1,1875.7,1376.2,1881.3,1225.7,1877.6,1133.3,1887.4,1049.5,1880.0,891.0,1879.1,891.0,1879.1,1047.4,1884.3,1132.0,1892.3,1223.2,1884.6,1376.2,1881.3,1417.1,1875.7,1329.4,1954.3,1229.9,1988.6,1133.9,1998.3,1045.1,1991.6,941.0,1956.4,849.6,1876.4
395.0,6.567,849.5,1876.4,948.4,1823.6,1049.2,1798.6,1132.2,1819.6,1222.0,1798.8,1325.8,1830.8,1417.3,1876.0,1376.2,1881.6,1225.4,1878.2,1133.0,1887.9,1049.2,1880.3,890.8,1879.3,890.8,1879.3,1047.4,1884.3,1131.9,1892.3,1223.3,1884.7,1376.2,1881.6,1417.3,1876.0,1329.4,1953.8,1229.9,1988.5,1133.7,1998.4,1045.0,1991.7,940.9,1956.5,849.5,1876.4
396.0,6.583,850.7,1877.9,949.2,1823.8,1049.9,1799.1,1132.6,1820.1,1221.9,1798.9,1325.5,1830.7,1417.0,1876.7,1376.0,1881.8,1225.6,1878.3,1133.5,1888.2,1050.0,1880.8,892.1,1880.1,892.1,1880.1,1048.8,1885.3,1133.0,1893.0,1223.9,1885.3,1376.0,1881.8,1417.0,1876.7,1329.8,1953.5,1230.4,1988.4,1134.7,1998.5,1046.3,1992.1,942.2,1957.4,850.7,1877.9
397.0,6.6,849.2,1877.7,948.4,1823.9,1049.2,1799.1,1131.9,1820.0,1221.3,1799.2,1325.1,1831.0,1417.2,1877.1,1376.0,1882.6,1224.9,1878.8,1132.7,1888.8,1049.2,1881.3,890.5,1880.5,890.5,1880.5,1047.0,1884.9,1131.2,1892.7,1222.1,1885.1,1376.0,1882.6,1417.2,1877.1,1328.4,1954.0,1228.4,1988.5,1132.6,1998.4,1044.3,1991.9,940.4,1957.3,849.2,1877.7
398.0,6.617,849.1,1877.8,947.7,1823.7,1048.6,1798.5,1131.4,1819.5,1221.2,1798.6,1324.9,1830.9,1416.5,1877.3,1375.3,1882.7,1224.6,1878.5,1132.1,1888.2,1048.4,1880.7,890.4,1880.4,890.4,1880.4,1046.3,1884.3,1130.8,1892.3,1222.1,1884.8,1375.3,1882.7,1416.5,1877.3,1328.3,1954.0,1228.4,1988.4,1132.3,1998.2,1043.7,1991.6,940.0,1956.8,849.1,1877.8
399.0,6.633,849.9,1878.7,947.6,1824.2,1047.8,1799.0,1131.1,1820.0,1221.4,1799.2,1324.7,1831.4,1415.7,1878.1,1374.6,1883.3,1224.7,1878.8,1131.8,1888.4,1047.6,1880.7,891.1,1881.0,891.1,1881.0,1045.5,1885.3,1130.4,1893.4,1222.2,1886.1,1374.6,1883.3,1415.7,1878.1,1328.2,1954.5,1228.5,1988.9,1131.9,1998.4,1042.9,1991.8,939.7,1957.1,849.9,1878.7
400.0,6.65,850.3,1878.2,947.9,1823.1,1047.5,1798.6,1130.7,1819.6,1220.5,1798.7,1324.1,1831.3,1415.1,1878.1,1374.1,1882.5,1223.7,1877.7,1131.0,1887.4,1047.1,1879.9,891.5,1879.8,891.5,1879.8,1045.5,1885.3,1130.3,1893.6,1221.7,1886.5,1374.1,1882.5,1415.1,1878.1,1328.0,1954.8,1228.0,1989.1,1131.7,1998.5,1042.7,1991.6,940.2,1956.3,850.3,1878.2
401.0,6.667,850.0,1877.9,948.2,1822.8,1048.6,1797.6,1130.7,1818.5,1219.4,1797.7,1323.2,1829.9,1415.1,1877.0,1373.8,1882.1,1222.9,1877.5,1131.4,1887.1,1048.5,1879.8,891.3,1880.2,891.3,1880.2,1046.6,1884.4,1130.3,1892.2,1220.7,1885.2,1373.8,1882.1,1415.1,1877.0,1327.0,1953.9,1227.0,1987.9,1131.8,1997.2,1044.0,1990.8,940.5,1956.3,850.0,1877.9
402.0,6.683,850.1,1877.0,948.1,1822.8,1048.3,1797.4,1130.9,1818.3,1220.3,1797.3,1323.6,1829.8,1415.1,1875.8,1373.9,1881.1,1223.8,1876.9,1131.5,1886.6,1048.3,1879.3,891.2,1879.3,891.2,1879.3,1046.5,1883.6,1130.6,1891.6,1221.6,1884.2,1373.9,1881.1,1415.1,1875.8,1327.5,1953.0,1228.0,1987.6,1132.2,1997.4,1043.9,1990.9,940.6,1955.9,850.1,1877.0
403.0,6.7,848.1,1876.6,946.3,1821.5,1047.2,1795.9,1129.5,1817.0,1218.7,1795.9,1322.7,1828.5,1414.7,1875.3,1373.7,1880.3,1222.3,1876.1,1130.3,1885.7,1047.1,1878.4,889.4,1878.6,889.4,1878.6,1045.6,1882.7,1129.6,1890.6,1220.5,1883.3,1373.7,1880.3,1414.7,1875.3,1326.9,1952.4,1226.7,1986.9,1131.1,1996.5,1042.9,1990.0,938.9,1954.9,848.1,1876.6
404.0,6.717,847.4,1875.4,945.2,1821.1,1045.9,1795.4,1128.4,1816.6,1218.0,1795.4,1321.7,1827.8,1413.7,1874.0,1372.4,1879.1,1221.6,1875.7,1129.1,1885.4,1045.8,1878.0,888.4,1877.3,888.4,1877.3,1044.1,1881.8,1128.2,1889.7,1219.5,1882.1,1372.4,1879.1,1413.7,1874.0,1325.4,1950.9,1225.4,1986.1,1129.4,1996.0,1041.0,1989.4,937.6,1954.1,847.4,1875.4
405.0,6.733,845.2,1874.9,944.0,1820.6,1045.4,1795.3,1127.1,1816.3,1215.5,1795.1,1320.1,1827.1,1413.6,1873.2,1372.4,1878.2,1219.3,1874.5,1128.1,1884.3,1045.6,1877.0,886.4,1877.1,886.4,1877.1,1044.7,1881.8,1128.0,1889.5,1218.0,1882.2,1372.4,1878.2,1413.6,1873.2,1325.0,1950.8,1224.5,1985.2,1129.8,1994.9,1042.2,1988.7,937.2,1954.3,845.2,1874.9
406.0,6.75,845.4,1874.9,943.3,1820.0,1043.7,1794.1,1126.1,1815.3,1215.3,1794.0,1319.4,1826.8,1412.1,1873.7,1370.8,1878.7,1218.9,1875.2,1126.8,1884.9,1043.7,1877.5,886.6,1877.1,886.6,1877.1,1041.8,1879.5,1125.7,1887.4,1216.5,1880.3,1370.8,1878.7,1412.1,1873.7,1323.3,1950.6,1222.7,1984.9,1127.0,1994.5,1038.9,1987.9,935.6,1953.1,845.4,1874.9
407.0,6.767,847.2,1875.8,944.3,1820.0,1043.4,1794.3,1126.7,1815.4,1217.0,1793.9,1320.2,1827.0,1411.1,1874.3,1369.9,1879.1,1220.3,1874.3,1127.2,1884.4,1043.2,1877.0,888.3,1877.6,888.3,1877.6,1041.4,1879.9,1126.2,1888.0,1218.1,1880.4,1369.9,1879.1,1411.1,1874.3,1323.9,1949.9,1224.3,1984.4,1127.5,1994.5,1038.6,1987.7,936.6,1953.1,847.2,1875.8
408.0,6.783,847.4,1875.1,945.1,1820.3,1045.3,1795.0,1127.7,1815.9,1217.4,1794.9,1320.8,1827.1,1412.1,1873.7,1371.3,1878.9,1221.0,1874.2,1128.4,1884.0,1045.2,1876.6,888.3,1877.4,888.3,1877.4,1043.6,1882.1,1127.5,1890.1,1218.9,1882.5,1371.3,1878.9,1412.1,1873.7,1324.6,1950.1,1224.9,1984.6,1128.9,1994.4,1040.6,1987.9,937.4,1953.1,847.4,1875.1
409.0,6.8,848.2,1876.7,946.0,1820.8,1045.7,1795.4,1128.1,1816.1,1217.4,1794.9,1321.0,1827.4,1412.5,1874.5,1371.4,1879.3,1221.1,1874.1,1128.9,1884.1,1045.7,1877.0,889.2,1878.5,889.2,1878.5,1044.1,1882.4,1128.0,1890.2,1219.0,1882.7,1371.4,1879.3,1412.5,1874.5,1325.1,1950.5,1225.3,1984.7,1129.6,1994.6,1041.4,1988.2,938.6,1953.9,848.2,1876.7
410.0,6.817,848.0,1876.6,946.2,1821.5,1046.4,1796.3,1128.7,1817.1,1218.1,1795.9,1321.4,1828.2,1412.6,1874.5,1371.7,1879.5,1221.7,1875.0,1129.4,1884.9,1046.5,1877.7,889.0,1878.8,889.0,1878.8,1045.1,1882.8,1129.0,1890.7,1220.0,1883.2,1371.7,1879.5,1412.6,1874.5,1325.8,1951.6,1226.4,1985.9,1130.7,1995.7,1042.5,1989.2,938.9,1954.6,848.0,1876.6
411.0,6.833,847.6,1876.7,945.9,1821.2,1045.9,1795.8,1128.5,1816.7,1217.8,1795.5,1321.5,1828.0,1412.9,1874.8,1371.6,1879.9,1221.4,1876.1,1129.2,1885.8,1045.8,1878.6,888.9,1879.0,888.9,1879.0,1043.8,1881.0,1128.0,1888.9,1219.0,1881.7,1371.6,1879.9,1412.9,1874.8,1325.4,1951.6,1225.5,1985.7,1129.7,1995.2,1041.3,1988.6,938.1,1954.2,847.6,1876.7
412.0,6.85,847.6,1876.7,946.0,1820.8,1046.2,1795.7,1128.7,1816.5,1218.2,1795.1,1321.5,1827.8,1412.4,1874.8,1371.3,1879.8,1221.9,1875.7,1129.4,1885.6,1046.1,1878.5,888.8,1879.0,888.8,1879.0,1044.4,1881.2,1128.6,1889.0,1219.8,1881.5,1371.3,1879.8,1412.4,1874.8,1325.5,1951.4,1225.9,1985.2,1130.0,1995.0,1041.5,1988.6,938.1,1954.4,847.6,1876.7
413.0,6.867,847.9,1876.7,945.8,1821.1,1045.4,1795.3,1128.2,1816.2,1218.1,1795.0,1321.3,1827.8,1412.0,1874.8,1370.8,1879.8,1221.4,1875.1,1128.7,1884.9,1045.1,1877.6,889.0,1878.8,889.0,1878.8,1043.1,1880.8,1127.6,1888.9,1219.2,1881.5,1370.8,1879.8,1412.0,1874.8,1325.0,1950.9,1225.4,1985.0,1129.1,1994.8,1040.5,1988.0,937.9,1953.5,847.9,1876.7
414.0,6.883,848.5,1876.4,946.1,1820.6,1046.0,1795.6,1128.2,1816.6,1217.6,1795.2,1320.8,1828.0,1411.6,1875.0,1370.6,1879.6,1221.0,1874.8,1128.8,1884.6,1045.9,1877.3,889.4,1878.2,889.4,1878.2,1044.6,1882.3,1128.5,1890.4,1219.5,1883.0,1370.6,1879.6,1411.6,1875.0,1325.1,1951.7,1225.5,1986.1,1129.8,1995.8,1041.6,1989.0,938.5,1954.0,848.5,1876.4
415.0,6.9,847.5,1877.4,945.5,1820.8,1045.9,1795.1,1128.2,1816.0,1217.6,1794.7,1320.9,1827.7,1411.3,1875.3,1370.4,1880.2,1221.2,1874.2,1128.9,1883.9,1046.0,1876.7,888.4,1879.5,888.4,1879.5,1044.8,1882.5,1128.8,1890.5,1219.9,1883.2,1370.4,1880.2,1411.3,1875.3,1325.4,1951.8,1226.2,1985.8,1130.4,1995.5,1042.1,1989.0,938.2,1954.5,847.5,1877.4
416.0,6.917,848.8,1878.2,945.4,1820.4,1045.1,1794.4,1127.4,1815.4,1216.9,1794.0,1319.9,1827.3,1409.6,1876.2,1368.5,1880.7,1220.6,1874.6,1128.3,1884.2,1045.2,1877.0,890.1,1879.9,890.1,1879.9,1044.0,1883.1,1128.2,1891.1,1219.4,1883.6,1368.5,1880.7,1409.6,1876.2,1324.6,1952.8,1225.7,1986.9,1129.8,1996.6,1041.4,1990.1,938.2,1955.6,848.8,1878.2
417.0,6.933,851.0,1881.4,945.8,1822.0,1045.0,1793.9,1127.1,1814.9,1216.0,1793.6,1318.4,1827.9,1406.8,1878.7,1365.3,1883.6,1219.6,1876.4,1127.9,1885.8,1045.0,1878.6,892.7,1883.3,892.7,1883.3,1043.4,1885.0,1127.3,1893.1,1217.9,1885.8,1365.3,1883.6,1406.8,1878.7,1322.8,1956.7,1224.7,1991.7,1129.3,2001.3,1041.1,1995.0,938.9,1960.1,851.0,1881.4
418.0,6.95,852.9,1886.5,945.1,1825.1,1042.6,1794.6,1126.3,1815.9,1216.6,1794.3,1317.6,1830.6,1402.5,1883.6,1360.9,1888.8,1219.8,1878.9,1126.7,1888.3,1042.2,1881.0,894.6,1888.2,894.6,1888.2,1039.3,1889.8,1124.7,1898.4,1216.7,1890.6,1360.9,1888.8,1402.5,1883.6,1320.4,1963.8,1223.6,2000.2,1126.5,2010.2,1036.9,2003.1,937.2,1966.5,852.9,1886.5
419.0,6.967,852.9,1891.8,942.0,1827.8,1039.6,1795.8,1124.5,1817.1,1215.9,1795.9,1317.2,1833.4,1399.6,1889.2,1358.0,1894.8,1219.4,1880.4,1125.2,1889.6,1039.8,1882.1,894.6,1893.9,894.6,1893.9,1036.1,1902.7,1122.8,1911.7,1216.2,1903.3,1358.0,1894.8,1399.6,1889.2,1319.7,1975.3,1223.2,2013.5,1124.8,2023.7,1033.9,2016.2,934.0,1977.1,852.9,1891.8
420.0,6.983,856.0,1898.6,944.1,1832.7,1043.2,1798.4,1126.2,1819.5,1215.4,1798.0,1316.8,1835.6,1398.9,1893.5,1357.3,1899.7,1218.9,1880.3,1127.0,1889.7,1043.7,1882.6,897.4,1900.8,897.4,1900.8,1041.0,1921.6,1125.9,1930.6,1217.1,1921.7,1357.3,1899.7,1398.9,1893.5,1320.6,1988.0,1224.5,2030.4,1128.1,2041.4,1039.0,2034.3,937.2,1992.5,856.0,1898.6
421.0,7.0,854.9,1902.9,945.6,1822.2,1051.7,1778.6,1125.3,1799.8,1199.4,1777.9,1306.9,1824.1,1396.7,1896.6,1352.7,1903.4,1204.4,1880.5,1127.7,1888.2,1053.3,1883.8,899.9,1905.8,899.9,1905.8,1048.8,1910.9,1124.4,1917.5,1200.5,1912.5,1352.7,1903.4,1396.7,1896.6,1311.5,2008.3,1210.6,2048.9,1128.5,2057.2,1047.3,2052.0,938.8,2010.3,854.9,1902.9
422.0,7.017,857.7,1910.4,948.3,1823.1,1057.8,1775.2,1126.8,1795.5,1194.2,1774.7,1305.3,1822.8,1398.3,1901.5,1353.9,1909.3,1200.1,1879.3,1130.1,1885.8,1060.4,1882.8,903.4,1913.9,903.4,1913.9,1054.8,1930.6,1126.0,1936.5,1196.0,1932.5,1353.9,1909.3,1398.3,1901.5,1311.0,2026.8,1207.1,2070.4,1131.1,2077.7,1054.0,2073.3,941.9,2028.9,857.7,1910.4
423.0,7.033,860.0,1912.3,948.1,1826.0,1057.3,1782.2,1127.4,1801.2,1198.2,1781.7,1308.6,1827.3,1397.8,1904.3,1355.3,1912.4,1203.0,1870.1,1129.7,1876.8,1059.4,1873.5,902.6,1915.5,902.6,1915.5,1054.7,1968.8,1127.7,1976.1,1201.5,1970.6,1355.3,1912.4,1397.8,1904.3,1314.6,2038.2,1210.4,2086.8,1131.1,2094.8,1052.8,2089.4,940.9,2038.1,860.0,1912.3
424.0,7.05,862.3,1914.8,950.0,1825.9,1059.6,1779.8,1129.2,1799.4,1198.4,1779.2,1310.0,1826.3,1399.8,1905.8,1356.4,1913.3,1203.7,1874.9,1132.1,1881.5,1062.2,1878.5,906.7,1917.4,906.7,1917.4,1058.5,1962.2,1130.9,1969.2,1203.1,1964.2,1356.4,1913.3,1399.8,1905.8,1317.6,2040.8,1213.3,2090.2,1135.5,2098.2,1057.3,2093.2,944.4,2042.4,862.3,1914.8
425.0,7.067,863.6,1916.5,949.6,1825.6,1058.6,1779.4,1129.9,1798.3,1201.7,1778.1,1312.2,1824.9,1399.7,1905.3,1356.8,1913.1,1206.8,1868.4,1132.7,1875.4,1061.3,1872.6,907.0,1918.7,907.0,1918.7,1057.7,1973.9,1132.0,1981.0,1206.8,1974.8,1356.8,1913.1,1399.7,1905.3,1320.1,2041.9,1216.8,2093.6,1136.3,2102.4,1056.6,2097.5,944.2,2045.3,863.6,1916.5
426.0,7.083,864.3,1913.5,950.5,1824.0,1060.0,1778.8,1129.9,1797.4,1199.7,1778.0,1310.9,1823.5,1400.0,1903.1,1357.4,1911.2,1204.9,1865.5,1132.8,1872.4,1062.8,1869.4,907.3,1916.0,907.3,1916.0,1059.2,1977.9,1132.0,1985.0,1205.0,1978.9,1357.4,1911.2,1400.0,1903.1,1318.9,2042.6,1214.8,2094.6,1136.3,2103.1,1058.0,2098.3,945.0,2045.3,864.3,1913.5
427.0,7.1,863.1,1914.1,948.7,1823.6,1057.2,1777.9,1128.8,1796.6,1200.7,1776.8,1311.4,1823.1,1399.3,1903.8,1356.2,1911.6,1205.8,1865.6,1131.6,1872.8,1059.9,1869.9,906.2,1916.3,906.2,1916.3,1055.8,1974.2,1130.3,1981.3,1205.4,1974.8,1356.2,1911.6,1399.3,1903.8,1318.6,2040.2,1214.7,2091.4,1134.1,2100.3,1054.3,2095.2,942.6,2043.1,863.1,1914.1
428.0,7.117,862.2,1911.8,948.0,1822.0,1057.1,1776.5,1128.3,1795.3,1200.1,1775.7,1311.0,1821.7,1399.9,1901.7,1357.1,1909.8,1205.0,1863.2,1131.0,1870.0,1059.7,1866.9,904.7,1914.2,904.7,1914.2,1055.6,1974.8,1129.7,1982.0,1204.7,1975.8,1357.1,1909.8,1399.9,1901.7,1318.2,2038.7,1213.8,2090.4,1133.3,2099.2,1053.9,2094.0,941.8,2041.2,862.2,1911.8
429.0,7.133,862.3,1911.3,947.4,1820.8,1054.8,1775.0,1128.5,1793.8,1203.6,1774.0,1312.8,1820.5,1398.6,1900.9,1355.8,1908.8,1208.2,1861.8,1130.8,1869.1,1056.9,1865.8,904.8,1913.5,904.8,1913.5,1052.0,1969.2,1128.6,1976.7,1206.8,1969.7,1355.8,1908.8,1398.6,1900.9,1318.7,2033.8,1215.5,2084.6,1131.9,2093.9,1050.1,2088.3,940.2,2036.5,862.3,1911.3
430.0,7.15,862.7,1911.0,948.9,1820.8,1056.6,1775.8,1128.8,1794.2,1202.4,1774.2,1311.7,1819.9,1398.7,1899.2,1356.2,1907.1,1207.3,1859.7,1131.2,1867.3,1059.0,1864.4,904.7,1913.1,904.7,1913.1,1054.6,1971.3,1129.6,1978.4,1206.5,1971.0,1356.2,1907.1,1398.7,1899.2,1318.1,2032.5,1214.7,2083.2,1132.7,2092.7,1052.4,2087.6,941.7,2036.2,862.7,1911.0
431.0,7.167,862.3,1909.8,947.2,1819.1,1053.9,1773.7,1128.1,1792.5,1204.2,1772.5,1312.8,1818.6,1397.9,1898.8,1355.4,1906.5,1209.1,1859.5,1130.6,1867.1,1056.3,1863.8,904.5,1911.9,904.5,1911.9,1051.6,1965.0,1128.7,1972.1,1207.9,1964.4,1355.4,1906.5,1397.9,1898.8,1318.6,2028.1,1216.0,2078.1,1131.6,2087.8,1049.3,2082.5,939.8,2032.1,862.3,1909.8
432.0,7.183,862.2,1908.5,947.9,1819.6,1055.0,1774.5,1128.0,1793.1,1202.8,1773.1,1311.6,1818.6,1398.3,1897.2,1355.7,1905.3,1207.7,1859.5,1130.5,1867.2,1057.4,1864.1,904.1,1910.7,904.1,1910.7,1052.8,1965.1,1128.6,1972.2,1206.4,1964.6,1355.7,1905.3,1398.3,1897.2,1317.4,2027.3,1214.4,2077.7,1131.3,2087.5,1050.3,2082.3,940.6,2031.7,862.2,1908.5
433.0,7.2,862.9,1909.0,948.3,1818.9,1054.5,1774.1,1128.2,1792.6,1203.7,1772.2,1312.4,1818.0,1398.3,1897.0,1355.6,1904.7,1208.7,1859.3,1130.7,1867.3,1057.0,1864.4,905.1,1910.8,905.1,1910.8,1052.5,1962.5,1128.9,1969.6,1207.5,1961.7,1355.6,1904.7,1398.3,1897.0,1318.4,2025.6,1215.7,2075.6,1131.9,2085.6,1050.2,2080.4,941.3,2030.5,862.9,1909.0
434.0,7.217,863.0,1909.5,948.4,1819.2,1054.5,1773.1,1129.0,1792.1,1205.0,1771.9,1313.9,1818.8,1399.4,1899.0,1356.3,1906.6,1209.9,1862.7,1131.4,1870.2,1056.6,1867.0,906.0,1911.7,906.0,1911.7,1051.5,1955.6,1128.7,1962.9,1207.9,1955.8,1356.3,1906.6,1399.4,1899.0,1319.3,2025.4,1216.8,2074.0,1132.3,2083.6,1049.8,2078.1,941.3,2029.2,863.0,1909.5
435.0,7.233,861.4,1909.2,948.3,1817.7,1056.1,1768.6,1129.3,1788.5,1202.5,1767.1,1313.0,1816.0,1401.4,1897.5,1357.1,1905.0,1208.4,1870.2,1132.7,1877.6,1058.9,1874.7,906.7,1911.5,906.7,1911.5,1054.0,1934.7,1129.7,1940.9,1205.7,1934.9,1357.1,1905.0,1401.4,1897.5,1319.4,2022.8,1216.5,2070.0,1134.7,2079.2,1053.1,2074.6,942.5,2028.2,861.4,1909.2
436.0,7.25,862.8,1910.4,948.5,1818.8,1055.2,1770.5,1129.0,1789.9,1203.3,1768.9,1313.0,1816.9,1400.1,1898.2,1356.1,1905.5,1209.1,1867.3,1132.4,1874.5,1058.1,1871.6,907.5,1912.6,907.5,1912.6,1053.7,1941.0,1130.2,1947.3,1207.5,1940.8,1356.1,1905.5,1400.1,1898.2,1320.1,2022.0,1218.5,2069.3,1135.4,2078.7,1053.4,2074.3,943.4,2028.7,862.8,1910.4
437.0,7.267,863.3,1909.7,949.6,1819.1,1056.9,1772.2,1129.6,1791.7,1203.0,1770.7,1313.1,1817.6,1401.9,1897.8,1358.0,1904.6,1208.8,1867.1,1133.0,1874.2,1059.9,1871.3,907.8,1911.3,907.8,1911.3,1056.7,1945.1,1132.2,1951.2,1208.5,1944.9,1358.0,1904.6,1401.9,1897.8,1321.3,2022.1,1218.9,2070.5,1137.0,2079.9,1056.0,2075.6,945.1,2029.1,863.3,1909.7
438.0,7.283,862.8,1910.8,949.2,1818.7,1056.3,1770.0,1128.9,1790.4,1200.7,1768.7,1311.6,1817.3,1401.1,1899.5,1356.4,1905.7,1206.9,1874.1,1132.7,1881.3,1059.5,1878.4,909.0,1912.0,909.0,1912.0,1055.8,1929.5,1130.8,1935.5,1205.3,1930.1,1356.4,1905.7,1401.1,1899.5,1319.5,2021.5,1216.7,2068.0,1136.3,2076.8,1055.2,2072.4,944.9,2027.3,862.8,1910.8
439.0,7.3,863.5,1910.2,949.1,1820.2,1054.8,1773.9,1130.2,1793.8,1206.8,1772.9,1315.4,1820.0,1400.8,1900.2,1357.4,1906.8,1211.8,1868.0,1132.7,1875.4,1056.8,1871.8,907.6,1911.8,907.6,1911.8,1052.7,1946.1,1130.8,1953.3,1210.3,1946.6,1357.4,1906.8,1400.8,1900.2,1321.8,2022.7,1220.1,2070.7,1135.0,2080.1,1051.5,2074.8,943.0,2027.4,863.5,1910.2
440.0,7.317,863.9,1911.0,949.5,1821.2,1055.5,1774.2,1129.3,1794.3,1203.7,1772.9,1313.0,1820.2,1400.2,1900.0,1356.1,1906.7,1209.5,1873.3,1132.7,1880.7,1058.2,1877.5,908.9,1912.5,908.9,1912.5,1054.4,1938.4,1130.8,1944.9,1207.9,1938.6,1356.1,1906.7,1400.2,1900.0,1320.2,2021.9,1218.5,2069.8,1135.6,2079.3,1053.4,2074.5,944.5,2028.3,863.9,1911.0
441.0,7.333,863.3,1912.6,948.7,1821.7,1054.6,1774.5,1129.0,1793.8,1203.9,1772.6,1313.0,1819.6,1399.7,1899.9,1355.6,1906.8,1209.7,1869.2,1132.5,1876.7,1057.7,1873.7,908.0,1914.1,908.0,1914.1,1054.3,1944.5,1131.4,1950.7,1209.2,1943.9,1355.6,1906.8,1399.7,1899.9,1321.1,2022.7,1220.2,2070.5,1136.7,2080.2,1054.1,2076.0,944.4,2030.7,863.3,1912.6
442.0,7.35,866.0,1912.2,952.0,1823.7,1058.3,1779.2,1131.5,1798.6,1205.7,1777.9,1315.0,1822.8,1402.4,1900.6,1359.4,1907.0,1211.2,1869.7,1134.6,1877.0,1061.2,1873.7,909.8,1913.3,909.8,1913.3,1058.8,1954.6,1134.7,1961.2,1211.9,1954.6,1359.4,1907.0,1402.4,1900.6,1323.7,2024.7,1221.8,2074.2,1139.2,2083.6,1057.8,2079.0,947.6,2031.2,866.0,1912.2
443.0,7.367,864.4,1913.4,952.1,1824.1,1058.9,1777.7,1131.2,1797.0,1204.1,1776.2,1313.9,1822.8,1403.2,1901.5,1359.2,1908.7,1209.5,1872.1,1134.3,1879.4,1061.5,1876.5,908.5,1915.4,908.5,1915.4,1057.3,1945.5,1132.2,1951.7,1207.9,1946.0,1359.2,1908.7,1403.2,1901.5,1320.8,2024.5,1217.8,2071.4,1136.6,2080.2,1056.0,2075.7,946.4,2029.6,864.4,1913.4
444.0,7.383,864.4,1912.6,952.7,1822.6,1060.7,1775.5,1132.4,1795.1,1204.0,1774.0,1314.7,1821.2,1404.5,1900.6,1360.6,1907.8,1209.9,1873.3,1135.9,1880.5,1063.6,1877.8,909.2,1914.8,909.2,1914.8,1059.8,1940.6,1134.2,1946.6,1208.5,1941.3,1360.6,1907.8,1404.5,1900.6,1322.4,2025.0,1219.5,2071.6,1139.3,2080.3,1059.1,2076.0,947.8,2030.2,864.4,1912.6
445.0,7.4,864.4,1912.9,952.0,1824.0,1058.9,1776.5,1131.9,1795.8,1204.9,1774.4,1314.9,1821.4,1403.7,1899.6,1359.5,1907.2,1210.9,1874.2,1135.5,1881.8,1062.0,1879.1,909.3,1915.2,909.3,1915.2,1057.7,1939.6,1133.2,1945.6,1209.0,1939.5,1359.5,1907.2,1403.7,1899.6,1322.3,2023.6,1220.1,2070.9,1138.6,2080.1,1057.3,2075.9,947.1,2030.4,864.4,1912.9
446.0,7.417,865.3,1914.1,951.6,1825.0,1057.5,1777.6,1131.2,1796.8,1205.5,1775.6,1314.5,1822.4,1401.7,1900.9,1357.5,1908.3,1211.3,1872.7,1134.5,1880.3,1060.4,1877.5,909.7,1916.0,909.7,1916.0,1056.1,1944.2,1132.3,1950.5,1209.5,1943.9,1357.5,1908.3,1401.7,1900.9,1321.3,2023.6,1220.1,2071.7,1137.2,2081.3,1055.4,2076.9,946.6,2030.9,865.3,1914.1
447.0,7.433,865.2,1913.5,950.4,1824.3,1056.5,1779.9,1130.6,1799.2,1206.2,1778.3,1315.3,1823.5,1401.5,1901.4,1358.5,1908.0,1212.1,1870.4,1133.9,1877.9,1059.7,1874.7,908.8,1914.6,908.8,1914.6,1057.2,1953.9,1134.0,1960.4,1212.7,1953.1,1358.5,1908.0,1401.5,1901.4,1323.7,2024.3,1222.4,2073.6,1138.3,2083.5,1056.0,2078.8,946.0,2031.2,865.2,1913.5
448.0,7.45,862.0,1914.9,948.2,1823.1,1054.8,1774.2,1127.8,1795.1,1200.6,1772.9,1311.6,1822.3,1401.2,1904.0,1356.1,1910.1,1206.8,1880.6,1131.5,1887.9,1057.7,1884.9,908.0,1915.8,908.0,1915.8,1053.5,1928.3,1128.8,1934.5,1204.2,1929.2,1356.1,1910.1,1401.2,1904.0,1318.4,2023.4,1215.0,2069.6,1133.7,2078.6,1052.1,2073.7,943.3,2028.5,862.0,1914.9
449.0,7.467,859.6,1913.3,947.2,1823.2,1054.5,1775.1,1126.8,1794.6,1199.2,1772.9,1309.2,1821.0,1398.7,1900.6,1354.1,1908.3,1205.2,1873.5,1130.3,1881.2,1057.5,1878.6,904.3,1915.5,904.3,1915.5,1052.9,1938.2,1127.6,1944.0,1202.8,1937.7,1354.1,1908.3,1398.7,1900.6,1315.6,2023.9,1213.3,2070.7,1132.3,2080.3,1051.7,2076.1,941.7,2030.9,859.6,1913.3
450.0,7.483,860.0,1913.6,946.8,1823.5,1054.0,1775.7,1126.1,1795.0,1198.6,1774.0,1308.5,1821.6,1397.5,1901.3,1353.3,1909.0,1204.5,1871.5,1129.5,1878.7,1056.9,1876.0,904.3,1915.8,904.3,1915.8,1052.4,1944.8,1127.0,1950.8,1202.5,1944.6,1353.3,1909.0,1397.5,1901.3,1315.1,2025.0,1212.8,2072.3,1131.6,2081.6,1051.3,2077.3,941.3,2031.4,860.0,1913.6
451.0,7.5,861.3,1912.6,947.1,1824.2,1052.8,1778.9,1126.2,1797.9,1201.1,1777.2,1309.9,1823.3,1396.7,1901.0,1353.5,1908.1,1206.4,1869.2,1129.1,1876.8,1055.4,1873.7,904.6,1914.3,904.6,1914.3,1051.6,1952.4,1127.7,1959.1,1205.5,1952.2,1353.5,1908.1,1396.7,1901.0,1316.7,2024.6,1215.1,2073.0,1131.8,2082.7,1050.3,2077.7,941.6,2030.2,861.3,1912.6
452.0,7.517,861.4,1914.5,947.6,1825.5,1052.7,1778.8,1126.0,1798.0,1200.2,1777.0,1309.4,1824.1,1397.6,1902.3,1353.4,1909.7,1205.5,1872.9,1128.8,1880.4,1055.1,1877.6,905.1,1916.2,905.1,1916.2,1049.7,1947.2,1125.4,1953.9,1202.5,1947.4,1353.4,1909.7,1397.6,1902.3,1314.7,2024.6,1211.8,2072.1,1129.2,2081.4,1048.0,2076.4,941.0,2029.5,861.4,1914.5
453.0,7.533,861.7,1914.2,947.9,1823.8,1054.4,1776.3,1126.8,1795.5,1199.7,1774.5,1309.4,1822.1,1397.9,1901.5,1353.8,1908.8,1205.7,1872.7,1130.3,1879.8,1057.4,1877.2,906.0,1916.1,906.0,1916.1,1053.2,1942.0,1128.2,1948.1,1204.0,1942.0,1353.8,1908.8,1397.9,1901.5,1316.5,2023.9,1214.4,2070.4,1133.0,2079.5,1052.3,2075.2,942.8,2029.8,861.7,1914.2
454.0,7.55,862.3,1914.9,948.5,1822.8,1055.1,1772.8,1127.5,1793.0,1199.5,1771.0,1309.3,1820.9,1398.6,1902.7,1353.5,1909.3,1205.6,1877.2,1131.0,1884.3,1058.0,1881.7,908.1,1916.3,908.1,1916.3,1053.7,1929.1,1128.5,1935.0,1203.1,1929.8,1353.5,1909.3,1398.6,1902.7,1316.3,2023.0,1214.5,2068.3,1133.9,2077.0,1053.2,2072.8,943.9,2028.9,862.3,1914.9
455.0,7.567,862.7,1913.9,948.5,1824.5,1054.4,1778.4,1127.3,1797.8,1201.3,1777.0,1310.2,1824.1,1397.6,1902.8,1354.2,1909.4,1206.7,1871.3,1130.2,1878.5,1057.0,1875.5,906.4,1915.3,906.4,1915.3,1053.3,1949.7,1128.8,1956.4,1205.7,1950.1,1354.2,1909.4,1397.6,1902.8,1317.2,2025.4,1215.3,2072.9,1132.9,2082.0,1051.8,2077.2,943.0,2030.2,862.7,1913.9
456.0,7.583,861.2,1914.9,947.4,1823.5,1053.8,1773.8,1126.1,1794.1,1198.3,1772.0,1307.9,1822.0,1397.1,1903.2,1352.0,1910.0,1204.3,1878.4,1129.6,1885.5,1056.6,1882.8,906.7,1916.4,906.7,1916.4,1052.0,1929.3,1126.6,1935.4,1201.4,1930.3,1352.0,1910.0,1397.1,1903.2,1314.4,2023.6,1212.5,2069.4,1131.8,2078.2,1051.0,2073.7,942.3,2029.0,861.2,1914.9
457.0,7.6,862.3,1913.3,947.7,1824.1,1053.2,1778.3,1126.6,1798.1,1201.0,1777.2,1309.5,1824.5,1395.7,1903.5,1352.2,1910.0,1206.2,1872.5,1129.3,1879.7,1055.5,1876.3,906.1,1914.8,906.1,1914.8,1051.6,1946.8,1127.6,1953.7,1204.9,1947.4,1352.2,1910.0,1395.7,1903.5,1315.9,2025.2,1214.6,2072.3,1131.7,2081.3,1050.1,2076.0,941.9,2028.9,862.3,1913.3
458.0,7.617,861.8,1914.9,947.4,1825.1,1052.4,1778.2,1125.9,1797.8,1200.3,1776.8,1309.1,1824.3,1396.3,1903.6,1352.2,1910.7,1205.7,1874.3,1128.9,1881.5,1054.8,1878.5,906.0,1916.5,906.0,1916.5,1049.6,1944.4,1125.7,1951.0,1203.0,1944.7,1352.2,1910.7,1396.3,1903.6,1314.7,2024.3,1212.7,2071.4,1129.8,2080.7,1048.2,2075.7,941.1,2029.4,861.8,1914.9
459.0,7.633,861.9,1915.4,948.4,1826.3,1053.3,1779.2,1126.8,1798.4,1201.1,1777.4,1309.6,1824.6,1397.0,1903.1,1352.8,1910.5,1206.3,1873.7,1129.7,1881.3,1055.6,1878.4,905.9,1917.1,905.9,1917.1,1050.2,1945.1,1126.2,1951.7,1203.3,1945.2,1352.8,1910.5,1397.0,1903.1,1314.8,2024.3,1213.0,2071.1,1130.2,2080.5,1048.8,2075.6,941.9,2029.7,861.9,1915.4
460.0,7.65,862.8,1915.8,948.9,1825.8,1054.6,1777.5,1127.7,1797.8,1200.9,1776.1,1309.9,1825.1,1397.6,1905.2,1353.2,1911.7,1206.3,1878.6,1130.6,1885.7,1056.9,1882.6,907.9,1917.2,907.9,1917.2,1052.7,1935.9,1128.2,1942.4,1204.1,1937.0,1353.2,1911.7,1397.6,1905.2,1316.3,2025.3,1214.8,2071.4,1133.0,2080.3,1051.7,2075.4,943.5,2029.8,862.8,1915.8
461.0,7.667,862.8,1916.4,948.2,1827.1,1052.7,1780.5,1127.6,1800.2,1203.9,1779.1,1311.9,1826.3,1397.6,1905.3,1353.7,1912.2,1209.1,1875.7,1130.3,1883.2,1054.9,1879.8,906.9,1918.0,906.9,1918.0,1050.2,1945.6,1127.6,1952.6,1206.7,1946.0,1353.7,1912.2,1397.6,1905.3,1317.6,2024.2,1216.4,2071.4,1131.7,2080.9,1048.8,2075.7,942.1,2029.7,862.8,1916.4
462.0,7.683,862.7,1916.8,949.0,1827.9,1054.9,1780.7,1128.0,1800.5,1202.0,1778.7,1310.0,1826.3,1397.2,1904.7,1353.0,1911.7,1207.5,1877.9,1131.0,1885.3,1057.4,1882.3,907.0,1918.4,907.0,1918.4,1053.3,1943.0,1128.8,1949.3,1205.5,1943.1,1353.0,1911.7,1397.2,1904.7,1316.4,2025.3,1215.6,2072.8,1133.2,2082.4,1052.0,2077.7,943.6,2032.0,862.7,1916.8
463.0,7.7,860.6,1918.5,946.9,1828.7,1052.8,1780.9,1125.8,1800.3,1199.5,1779.1,1307.9,1826.8,1395.0,1906.0,1350.8,1913.5,1205.1,1876.9,1129.0,1884.1,1055.4,1881.3,904.6,1920.5,904.6,1920.5,1050.7,1946.2,1126.3,1952.4,1202.8,1946.3,1350.8,1913.5,1395.0,1906.0,1314.1,2027.2,1213.1,2074.2,1130.8,2083.4,1049.6,2079.0,941.3,2033.6,860.6,1918.5
464.0,7.717,860.6,1917.7,947.4,1828.4,1053.9,1779.8,1125.1,1799.7,1196.5,1778.1,1305.2,1827.0,1394.2,1905.9,1349.8,1913.1,1202.3,1879.9,1128.4,1886.8,1056.6,1884.1,905.2,1919.5,905.2,1919.5,1052.1,1938.2,1125.8,1944.2,1199.8,1938.9,1349.8,1913.1,1394.2,1905.9,1311.6,2026.8,1210.2,2072.6,1130.4,2081.4,1050.9,2077.0,942.0,2032.1,860.6,1917.7
465.0,7.733,860.5,1918.4,945.2,1829.1,1049.5,1781.7,1124.0,1801.5,1199.8,1780.3,1307.5,1827.7,1393.3,1906.3,1349.1,1913.2,1205.1,1878.7,1126.9,1885.9,1051.8,1882.7,904.6,1919.6,904.6,1919.6,1046.8,1943.3,1123.7,1950.1,1202.3,1943.8,1349.1,1913.2,1393.3,1906.3,1313.0,2024.3,1212.1,2071.9,1127.9,2081.3,1045.5,2076.2,939.3,2030.4,860.5,1918.4
466.0,7.75,860.1,1918.7,945.8,1829.1,1051.1,1782.3,1123.8,1801.6,1197.3,1780.4,1305.8,1827.4,1393.0,1905.9,1348.9,1912.7,1203.0,1877.8,1127.1,1885.1,1053.9,1882.4,904.3,1919.9,904.3,1919.9,1049.8,1946.5,1125.1,1952.7,1201.4,1946.3,1348.9,1912.7,1393.0,1905.9,1312.6,2026.7,1211.5,2074.0,1129.6,2083.2,1048.6,2078.8,940.6,2033.2,860.1,1918.7
467.0,7.767,860.4,1919.1,946.3,1830.9,1051.5,1784.6,1124.3,1803.5,1198.4,1782.6,1306.3,1828.8,1393.1,1905.8,1349.5,1913.2,1203.8,1876.3,1127.3,1883.6,1054.1,1880.8,904.0,1920.8,904.0,1920.8,1049.7,1952.7,1125.1,1959.2,1202.0,1952.5,1349.5,1913.2,1393.1,1905.8,1312.8,2027.3,1212.0,2075.2,1129.5,2084.7,1048.7,2080.2,941.0,2033.9,860.4,1919.1
468.0,7.783,860.5,1919.8,945.9,1829.6,1051.3,1780.5,1123.7,1800.7,1196.3,1778.9,1305.3,1828.2,1393.8,1908.1,1349.0,1914.8,1202.3,1883.5,1127.1,1890.4,1054.2,1887.5,905.6,1921.1,905.6,1921.1,1049.7,1934.9,1124.4,1941.1,1199.7,1935.8,1349.0,1914.8,1393.8,1908.1,1311.7,2026.3,1210.3,2072.1,1129.2,2080.9,1048.6,2076.3,940.9,2032.0,860.5,1919.8
469.0,7.8,862.0,1919.8,947.0,1831.8,1051.1,1785.9,1125.0,1805.1,1200.4,1784.5,1307.7,1831.1,1393.3,1908.5,1349.9,1915.6,1205.4,1877.2,1127.5,1884.5,1053.3,1881.2,905.1,1921.5,905.1,1921.5,1048.4,1953.7,1124.9,1960.8,1203.1,1954.2,1349.9,1915.6,1393.3,1908.5,1313.2,2028.5,1212.5,2075.5,1128.7,2084.7,1047.0,2079.4,940.7,2032.8,862.0,1919.8
470.0,7.817,861.7,1920.2,947.5,1830.4,1052.7,1781.7,1125.3,1801.7,1197.9,1780.0,1307.0,1828.7,1395.5,1908.4,1350.5,1915.4,1203.8,1884.2,1128.7,1891.3,1055.5,1888.4,907.2,1921.8,907.2,1921.8,1050.6,1937.3,1125.6,1943.6,1200.9,1938.1,1350.5,1915.4,1395.5,1908.4,1313.4,2028.3,1212.0,2074.2,1130.9,2083.1,1050.0,2078.6,942.4,2034.0,861.7,1920.2
471.0,7.833,861.2,1920.0,948.2,1828.5,1054.5,1778.9,1126.2,1799.3,1196.7,1777.2,1306.7,1827.0,1396.7,1908.4,1351.2,1915.0,1203.1,1887.0,1130.0,1894.0,1057.6,1891.4,907.7,1921.6,907.7,1921.6,1052.8,1926.2,1126.6,1931.8,1199.7,1927.1,1351.2,1915.0,1396.7,1908.4,1313.4,2027.1,1211.5,2071.2,1132.4,2079.7,1052.3,2075.5,943.3,2032.8,861.2,1920.0
472.0,7.85,863.7,1921.1,948.9,1831.9,1052.7,1785.6,1126.8,1804.8,1202.3,1783.8,1309.8,1830.6,1395.3,1909.1,1351.5,1916.0,1207.4,1878.6,1129.4,1886.1,1054.9,1883.1,907.3,1922.6,907.3,1922.6,1050.0,1952.0,1126.6,1958.8,1205.0,1952.0,1351.5,1916.0,1395.3,1909.1,1315.4,2028.5,1214.5,2075.2,1130.6,2084.6,1048.6,2079.6,942.5,2034.0,863.7,1921.1
473.0,7.867,863.8,1920.4,949.5,1830.5,1054.5,1781.7,1127.2,1801.8,1200.0,1780.3,1308.7,1829.4,1396.9,1909.3,1352.1,1915.8,1205.5,1884.0,1130.2,1890.9,1056.9,1887.9,909.1,1921.7,909.1,1921.7,1052.1,1936.4,1127.1,1942.9,1202.6,1937.7,1352.1,1915.8,1396.9,1909.3,1314.7,2027.8,1213.3,2072.9,1132.0,2081.3,1051.2,2076.6,944.0,2032.3,863.8,1920.4
474.0,7.883,863.0,1920.0,949.3,1830.6,1054.1,1782.6,1127.0,1802.5,1200.3,1781.3,1309.1,1829.8,1397.4,1909.2,1352.7,1915.8,1205.4,1882.2,1129.7,1889.2,1056.1,1886.1,907.8,1921.3,907.8,1921.3,1051.0,1940.3,1126.3,1946.9,1202.3,1941.6,1352.7,1915.8,1397.4,1909.2,1314.5,2027.7,1212.4,2073.1,1130.6,2081.5,1049.6,2076.5,943.0,2031.6,863.0,1920.0
475.0,7.9,863.2,1920.6,949.2,1830.9,1053.7,1783.6,1127.6,1803.3,1202.3,1782.3,1310.8,1830.2,1398.0,1909.6,1353.6,1916.3,1207.4,1880.7,1130.1,1887.8,1055.7,1884.8,907.4,1921.9,907.4,1921.9,1050.5,1944.7,1126.8,1951.5,1204.3,1945.7,1353.6,1916.3,1398.0,1909.6,1316.0,2027.4,1213.9,2073.2,1130.7,2081.9,1048.9,2076.8,942.7,2031.4,863.2,1920.6
476.0,7.917,863.7,1920.5,949.6,1831.6,1054.3,1785.2,1128.1,1804.7,1203.0,1783.6,1311.4,1830.8,1398.2,1909.3,1354.3,1915.8,1208.0,1879.6,1130.7,1886.9,1056.4,1883.8,907.6,1921.7,907.6,1921.7,1051.9,1949.4,1128.3,1956.2,1206.0,1950.1,1354.3,1915.8,1398.2,1909.3,1317.3,2028.5,1215.7,2075.1,1132.4,2084.1,1050.5,2079.0,943.7,2033.0,863.7,1920.5
477.0,7.933,864.5,1920.2,950.3,1831.7,1054.7,1783.8,1128.5,1803.9,1203.3,1782.9,1311.6,1831.2,1398.9,1909.7,1354.3,1916.6,1208.2,1883.4,1131.0,1890.3,1056.5,1887.0,909.0,1921.7,909.0,1921.7,1050.7,1941.5,1126.9,1948.5,1204.4,1942.9,1354.3,1916.6,1398.9,1909.7,1316.0,2027.4,1214.2,2073.5,1130.9,2082.2,1049.2,2076.8,943.6,2031.0,864.5,1920.2
478.0,7.95,864.4,1920.3,950.1,1831.0,1054.7,1783.6,1128.6,1803.7,1203.4,1782.5,1311.6,1830.9,1398.5,1910.2,1354.2,1916.7,1208.4,1882.6,1131.1,1889.6,1056.6,1886.3,908.9,1921.6,908.9,1921.6,1051.6,1941.9,1127.9,1948.8,1205.4,1943.1,1354.2,1916.7,1398.5,1910.2,1316.7,2027.5,1215.2,2073.0,1131.9,2081.8,1050.0,2076.6,943.7,2031.3,864.4,1920.3
479.0,7.967,865.6,1921.1,951.4,1832.1,1055.6,1785.7,1128.6,1805.4,1202.7,1784.6,1310.9,1832.2,1397.7,1910.9,1353.9,1917.1,1207.3,1880.6,1130.7,1887.7,1057.1,1884.6,909.5,1921.9,909.5,1921.9,1052.1,1950.4,1127.5,1957.6,1204.4,1951.8,1353.9,1917.1,1397.7,1910.9,1315.7,2029.6,1213.4,2075.8,1131.0,2084.4,1050.1,2078.9,944.6,2032.3,865.6,1921.1
480.0,7.983,864.4,1921.0,950.3,1831.3,1055.2,1784.0,1128.2,1803.9,1202.1,1783.1,1310.7,1831.3,1398.3,1910.8,1354.1,1917.0,1207.1,1881.9,1130.7,1888.6,1057.0,1885.5,908.7,1922.0,908.7,1922.0,1052.2,1944.7,1127.6,1951.6,1204.3,1946.1,1354.1,1917.0,1398.3,1910.8,1315.9,2028.1,1213.8,2073.7,1131.5,2082.1,1050.5,2077.0,944.0,2031.5,864.4,1921.0
481.0,8.0,864.2,1921.4,949.6,1831.8,1053.8,1785.2,1127.7,1804.8,1202.8,1783.9,1310.6,1831.6,1396.8,1910.8,1352.8,1917.3,1207.8,1881.2,1130.2,1888.3,1055.7,1885.2,908.2,1922.6,908.2,1922.6,1050.7,1947.7,1127.0,1954.5,1204.9,1948.3,1352.8,1917.3,1396.8,1910.8,1315.7,2028.2,1214.2,2074.1,1130.8,2083.1,1049.0,2077.9,943.0,2032.4,864.2,1921.4
482.0,8.017,863.1,1921.4,949.1,1831.5,1054.3,1783.9,1127.2,1803.6,1201.1,1782.6,1309.1,1831.1,1396.2,1910.6,1352.0,1917.3,1206.3,1881.3,1129.8,1888.2,1056.4,1885.3,907.3,1922.7,907.3,1922.7,1051.6,1945.1,1126.9,1951.6,1203.5,1945.8,1352.0,1917.3,1396.2,1910.6,1314.4,2028.0,1213.1,2073.7,1130.8,2082.5,1049.8,2077.7,942.9,2032.7,863.1,1921.4
483.0,8.033,863.2,1920.5,949.1,1831.7,1053.8,1785.2,1127.9,1804.9,1203.5,1784.0,1311.5,1831.3,1397.6,1909.8,1353.8,1916.4,1208.4,1880.7,1130.3,1887.8,1055.6,1884.6,907.1,1921.8,907.1,1921.8,1050.9,1947.5,1127.4,1954.5,1205.8,1948.3,1353.8,1916.4,1397.6,1909.8,1316.7,2026.6,1215.2,2073.0,1131.2,2082.2,1049.2,2077.0,942.9,2031.2,863.2,1920.5
484.0,8.05,863.2,1920.9,949.5,1831.3,1054.3,1784.2,1127.5,1803.8,1201.8,1782.8,1309.6,1831.0,1396.5,1909.9,1352.4,1916.4,1206.7,1880.9,1129.8,1888.0,1056.1,1885.1,907.3,1922.0,907.3,1922.0,1051.1,1944.5,1126.6,1951.3,1203.6,1945.3,1352.4,1916.4,1396.5,1909.9,1314.4,2026.7,1212.9,2072.3,1130.3,2081.2,1049.2,2076.2,943.0,2031.1,863.2,1920.9
485.0,8.067,863.5,1920.8,949.3,1831.0,1053.8,1783.9,1127.8,1803.5,1203.1,1782.5,1310.9,1830.6,1397.4,1909.7,1353.2,1916.3,1208.2,1880.7,1130.3,1887.7,1055.7,1884.7,907.7,1922.1,907.7,1922.1,1050.9,1943.3,1127.2,1950.0,1205.3,1944.0,1353.2,1916.3,1397.4,1909.7,1316.1,2025.6,1215.0,2071.0,1131.3,2080.0,1049.4,2075.1,943.0,2030.6,863.5,1920.8
486.0,8.083,863.8,1920.6,950.2,1829.3,1055.4,1781.5,1128.4,1801.8,1201.9,1780.0,1310.6,1829.0,1398.4,1909.9,1354.0,1915.5,1207.1,1882.5,1131.0,1889.7,1057.5,1886.8,909.0,1921.1,909.0,1921.1,1053.6,1935.9,1128.8,1942.3,1204.9,1936.9,1354.0,1915.5,1398.4,1909.9,1316.6,2025.3,1215.0,2070.2,1133.1,2079.1,1052.0,2074.1,944.7,2030.0,863.8,1920.6
487.0,8.1,864.5,1920.1,950.9,1830.6,1055.4,1782.5,1128.8,1802.4,1203.2,1781.3,1310.4,1830.0,1397.4,1909.0,1352.9,1916.0,1208.3,1881.6,1131.3,1888.6,1057.3,1885.6,908.9,1921.7,908.9,1921.7,1051.6,1938.1,1127.2,1944.6,1204.3,1938.6,1352.9,1916.0,1397.4,1909.0,1314.6,2023.9,1213.8,2068.7,1131.0,2077.6,1049.8,2072.8,944.0,2029.0,864.5,1920.1
488.0,8.117,864.8,1919.6,950.5,1829.3,1054.8,1781.3,1129.1,1801.3,1204.5,1779.6,1311.9,1828.5,1397.8,1908.3,1353.3,1914.6,1209.8,1880.7,1131.8,1887.9,1057.0,1884.8,909.5,1920.8,909.5,1920.8,1052.6,1935.7,1129.2,1942.1,1207.4,1936.1,1353.3,1914.6,1397.8,1908.3,1317.6,2022.6,1217.5,2067.2,1133.7,2076.5,1051.4,2071.7,944.9,2028.3,864.8,1919.6
489.0,8.133,865.5,1918.8,951.1,1828.1,1055.7,1779.9,1129.1,1800.2,1203.7,1779.0,1311.3,1828.4,1397.6,1908.8,1353.1,1914.8,1208.7,1880.5,1131.6,1887.0,1057.5,1883.9,910.2,1919.8,910.2,1919.8,1053.0,1935.4,1128.8,1942.1,1206.2,1936.6,1353.1,1914.8,1397.6,1908.8,1316.5,2022.7,1215.6,2067.2,1132.6,2075.8,1051.1,2070.8,945.0,2026.7,865.5,1918.8
490.0,8.15,864.2,1916.9,949.8,1827.5,1054.0,1780.9,1129.2,1800.9,1206.4,1779.5,1313.7,1827.3,1398.9,1906.1,1354.8,1912.2,1211.5,1878.0,1131.8,1885.1,1056.1,1881.7,908.6,1918.0,908.6,1918.0,1052.2,1936.8,1130.0,1943.6,1209.9,1937.4,1354.8,1912.2,1398.9,1906.1,1319.8,2019.1,1219.8,2064.4,1134.3,2073.7,1051.1,2068.8,944.5,2025.0,864.2,1916.9
491.0,8.167,863.3,1916.3,949.4,1827.2,1053.5,1780.3,1127.8,1800.0,1203.4,1779.2,1311.2,1827.3,1397.6,1905.7,1353.4,1912.5,1208.5,1877.9,1130.4,1884.7,1055.5,1881.6,907.6,1918.0,907.6,1918.0,1050.1,1936.9,1126.8,1943.6,1205.2,1937.7,1353.4,1912.5,1397.6,1905.7,1316.0,2020.5,1214.9,2065.1,1130.8,2073.9,1048.7,2068.8,942.7,2024.7,863.3,1916.3
492.0,8.183,863.8,1916.2,947.9,1827.0,1050.9,1781.3,1127.4,1801.5,1206.4,1780.0,1312.7,1827.8,1396.1,1906.4,1352.4,1912.0,1211.3,1875.8,1129.7,1883.1,1052.8,1879.3,907.6,1916.9,907.6,1916.9,1049.2,1939.7,1128.2,1947.0,1210.0,1940.2,1352.4,1912.0,1396.1,1906.4,1318.5,2018.5,1219.4,2064.1,1132.1,2073.8,1047.7,2068.4,942.3,2023.9,863.8,1916.2
493.0,8.2,861.6,1916.5,947.0,1826.5,1050.8,1779.8,1126.8,1799.8,1204.8,1778.2,1311.6,1826.4,1396.1,1905.3,1352.1,1911.4,1210.1,1876.7,1129.4,1884.0,1053.0,1880.7,905.8,1917.5,905.8,1917.5,1048.9,1934.5,1127.2,1941.2,1208.0,1934.6,1352.1,1911.4,1396.1,1905.3,1317.3,2017.2,1217.7,2062.2,1131.4,2071.9,1047.6,2066.9,941.3,2023.4,861.6,1916.5
494.0,8.217,861.9,1915.8,947.0,1825.3,1050.8,1778.3,1125.3,1798.4,1201.5,1776.5,1308.2,1825.4,1393.5,1905.1,1349.4,1911.3,1206.8,1876.5,1128.0,1883.9,1053.0,1880.7,906.0,1916.7,906.0,1916.7,1048.7,1932.9,1125.5,1939.4,1204.3,1933.1,1349.4,1911.3,1393.5,1905.1,1313.6,2018.3,1213.7,2062.9,1129.3,2072.5,1046.8,2067.4,940.8,2023.8,861.9,1915.8
495.0,8.233,861.4,1915.4,947.8,1824.4,1052.4,1777.3,1126.0,1797.6,1200.5,1775.9,1308.4,1824.6,1395.3,1905.1,1351.1,1911.2,1206.0,1877.9,1128.9,1885.3,1054.7,1882.2,906.1,1916.6,906.1,1916.6,1050.3,1930.4,1126.2,1936.8,1203.3,1930.9,1351.1,1911.2,1395.3,1905.1,1314.1,2019.4,1213.1,2063.7,1130.3,2072.9,1048.6,2067.9,941.7,2024.6,861.4,1915.4
496.0,8.25,863.7,1915.4,947.8,1826.3,1050.8,1779.9,1126.2,1799.7,1203.8,1778.5,1309.9,1826.4,1393.6,1904.7,1349.8,1911.4,1208.8,1874.9,1128.7,1882.3,1052.9,1878.8,907.2,1916.6,907.2,1916.6,1047.9,1941.2,1125.7,1948.3,1206.2,1941.4,1349.8,1911.4,1393.6,1904.7,1314.8,2020.5,1215.5,2067.2,1129.6,2077.0,1046.3,2071.6,941.3,2026.3,863.7,1915.4
497.0,8.267,862.0,1917.0,946.4,1825.5,1051.1,1777.2,1125.4,1797.5,1200.8,1775.7,1308.7,1825.1,1394.5,1906.4,1350.1,1912.5,1206.3,1877.2,1128.4,1884.2,1053.7,1881.1,906.6,1918.0,906.6,1918.0,1049.8,1936.6,1126.5,1943.1,1204.6,1937.1,1350.1,1912.5,1394.5,1906.4,1315.1,2022.4,1214.9,2068.6,1131.0,2078.1,1048.6,2073.3,941.4,2028.8,862.0,1917.0
498.0,8.283,862.8,1916.5,948.4,1822.9,1055.3,1773.6,1126.9,1794.1,1198.0,1772.2,1307.5,1822.3,1395.0,1905.7,1350.6,1912.2,1204.3,1879.0,1130.7,1885.9,1058.4,1883.3,908.6,1918.0,908.6,1918.0,1054.5,1934.8,1128.6,1940.7,1202.5,1935.3,1350.6,1912.2,1395.0,1905.7,1314.9,2028.6,1213.7,2075.1,1133.9,2084.2,1053.6,2079.7,943.6,2034.5,862.8,1916.5
499.0,8.3,869.4,1921.5,950.0,1825.9,1054.9,1776.4,1127.1,1796.5,1200.0,1775.2,1307.5,1825.4,1390.2,1910.3,1346.5,1916.5,1205.7,1875.8,1130.4,1882.2,1057.9,1879.3,914.3,1922.1,914.3,1922.1,1054.9,1958.4,1129.8,1965.3,1205.8,1958.7,1346.5,1916.5,1390.2,1910.3,1315.6,2038.4,1216.6,2089.8,1134.9,2099.6,1054.0,2094.7,945.8,2045.4,869.4,1921.5
500.0,8.317,872.7,1930.8,951.4,1828.3,1058.7,1775.6,1127.8,1795.7,1196.3,1775.0,1304.6,1828.0,1386.7,1919.5,1343.5,1926.0,1202.3,1876.6,1131.5,1881.9,1062.2,1879.7,917.7,1931.4,917.7,1931.4,1059.2,1975.5,1131.2,1982.0,1203.1,1976.1,1343.5,1926.0,1386.7,1919.5,1313.3,2056.4,1214.0,2108.7,1136.4,2117.7,1058.1,2113.1,947.1,2061.4,872.7,1930.8
501.0,8.333,876.9,1936.9,953.3,1832.4,1060.0,1779.4,1128.2,1798.4,1196.1,1778.5,1302.2,1832.4,1380.5,1925.6,1338.4,1932.5,1201.4,1872.0,1131.2,1877.6,1063.1,1875.5,920.3,1937.6,920.3,1937.6,1059.5,2003.0,1131.0,2010.2,1202.5,2003.2,1338.4,1932.5,1380.5,1925.6,1310.3,2072.1,1212.7,2126.6,1135.7,2136.0,1058.2,2131.0,947.8,2075.8,876.9,1936.9
502.0,8.35,880.1,1942.6,953.7,1835.5,1062.1,1780.7,1129.1,1800.0,1195.4,1780.3,1302.0,1835.3,1378.9,1931.9,1337.0,1939.1,1200.7,1873.7,1132.1,1878.6,1065.4,1876.6,923.4,1943.1,923.4,1943.1,1062.4,2019.1,1132.7,2026.4,1202.9,2019.4,1337.0,1939.1,1378.9,1931.9,1310.7,2086.0,1213.2,2143.5,1137.5,2153.0,1060.9,2147.9,948.9,2089.6,880.1,1942.6
503.0,8.367,883.9,1947.1,955.2,1838.3,1063.5,1783.2,1129.6,1801.9,1195.1,1783.0,1300.9,1838.3,1375.1,1937.2,1333.8,1944.7,1199.7,1870.6,1132.1,1875.6,1066.4,1873.5,926.3,1947.6,926.3,1947.6,1063.0,2041.3,1132.8,2049.3,1202.3,2041.7,1333.8,1944.7,1375.1,1937.2,1309.1,2099.2,1212.1,2159.1,1137.1,2168.8,1061.3,2163.1,949.7,2101.5,883.9,1947.1
504.0,8.383,887.4,1948.1,955.8,1838.4,1065.6,1784.0,1128.6,1802.6,1190.8,1784.2,1297.1,1839.4,1370.8,1939.2,1330.2,1946.8,1195.5,1869.0,1131.2,1873.3,1069.0,1871.3,929.0,1948.4,929.0,1948.4,1066.3,2061.5,1133.2,2069.7,1199.8,2061.7,1330.2,1946.8,1370.8,1939.2,1306.2,2113.4,1208.9,2177.7,1137.2,2187.4,1063.9,2181.6,950.5,2114.5,887.4,1948.1
505.0,8.4,906.8,1946.0,962.3,1833.0,1066.8,1779.6,1129.3,1799.6,1191.1,1780.9,1294.2,1836.7,1357.9,1940.8,1318.3,1945.6,1194.8,1866.8,1131.2,1870.2,1069.9,1867.1,949.0,1942.5,949.0,1942.5,1069.8,2077.3,1136.8,2087.3,1203.7,2078.5,1318.3,1945.6,1357.9,1940.8,1305.5,2125.5,1212.9,2198.1,1140.8,2208.5,1067.3,2200.8,958.8,2125.1,906.8,1946.0
506.0,8.417,910.4,1943.2,962.4,1833.0,1065.6,1782.1,1127.4,1802.1,1188.7,1783.0,1289.7,1837.1,1351.2,1939.3,1312.4,1945.0,1192.0,1864.5,1128.9,1868.8,1068.6,1865.0,951.6,1939.6,951.6,1939.6,1069.6,2094.6,1136.1,2104.9,1202.7,2094.4,1312.4,1945.0,1351.2,1939.3,1301.5,2134.3,1210.8,2212.0,1139.0,2223.7,1066.1,2215.3,958.3,2134.6,910.4,1943.2
507.0,8.433,922.5,1923.7,967.5,1823.3,1065.1,1783.2,1127.3,1804.8,1192.0,1784.9,1287.7,1833.1,1340.6,1926.9,1304.4,1930.8,1193.6,1861.9,1127.3,1867.2,1066.6,1860.6,963.3,1918.3,963.3,1918.3,1067.6,2096.4,1134.9,2109.3,1205.4,2096.0,1304.4,1930.8,1340.6,1926.9,1297.9,2127.7,1211.1,2213.0,1136.0,2226.3,1062.3,2215.1,960.8,2125.3,922.5,1923.7
508.0,8.45,929.6,1916.4,971.3,1818.9,1067.2,1777.2,1129.9,1800.0,1194.7,1779.7,1288.5,1830.9,1339.6,1924.4,1303.1,1928.2,1195.9,1863.4,1129.6,1868.1,1068.1,1860.5,972.1,1911.1,972.1,1911.1,1067.9,2077.9,1135.5,2091.6,1205.9,2079.0,1303.1,1928.2,1339.6,1924.4,1297.6,2124.5,1213.7,2208.9,1138.2,2222.3,1064.0,2210.3,965.4,2120.8,929.6,1916.4
509.0,8.467,935.9,1908.6,974.8,1810.8,1066.8,1770.8,1130.6,1794.4,1197.2,1772.6,1286.4,1824.0,1332.2,1917.8,1295.8,1920.2,1198.5,1862.1,1130.2,1867.9,1067.7,1859.8,979.8,1902.1,979.8,1902.1,1067.4,2057.8,1135.8,2071.4,1207.9,2057.2,1295.8,1920.2,1332.2,1917.8,1294.7,2111.3,1215.7,2195.1,1138.6,2209.7,1063.4,2197.4,968.5,2109.8,935.9,1908.6
510.0,8.483,940.2,1900.3,977.4,1806.3,1065.7,1767.6,1128.6,1790.2,1195.0,1768.0,1278.4,1817.4,1319.8,1905.9,1284.1,1908.5,1195.8,1853.8,1128.0,1860.6,1066.4,1852.7,983.6,1892.6,983.6,1892.6,1065.6,2047.6,1132.9,2060.6,1204.6,2044.6,1284.1,1908.5,1319.8,1905.9,1285.6,2096.9,1212.7,2181.6,1136.1,2197.7,1062.1,2186.4,971.3,2100.7,940.2,1900.3
511.0,8.5,946.5,1894.4,979.1,1802.3,1061.9,1767.4,1126.8,1790.3,1197.8,1767.2,1273.3,1815.2,1306.0,1901.1,1272.3,1901.3,1197.9,1844.7,1125.4,1853.1,1062.3,1843.9,987.8,1884.6,987.8,1884.6,1061.6,2043.9,1130.7,2057.5,1206.9,2038.6,1272.3,1901.3,1306.0,1901.1,1278.5,2082.4,1211.9,2164.8,1131.5,2182.4,1056.3,2170.2,970.8,2086.7,946.5,1894.4
512.0,8.517,947.9,1899.2,980.6,1804.7,1062.1,1767.5,1127.1,1790.8,1198.2,1768.0,1276.0,1816.4,1310.5,1903.8,1276.2,1903.7,1198.2,1848.7,1125.5,1856.5,1062.1,1847.9,989.1,1888.9,989.1,1888.9,1060.8,2043.9,1129.6,2058.2,1205.8,2040.1,1276.2,1903.7,1310.5,1903.8,1280.0,2082.1,1210.3,2165.6,1129.8,2183.0,1054.8,2169.7,972.3,2083.9,947.9,1899.2
513.0,8.533,944.3,1888.8,980.8,1802.0,1065.5,1768.6,1128.8,1791.3,1198.4,1768.5,1276.9,1814.7,1314.7,1896.0,1280.9,1897.2,1198.1,1845.3,1126.8,1854.2,1065.2,1845.0,984.9,1880.2,984.9,1880.2,1062.4,2046.1,1129.4,2060.5,1204.1,2041.9,1280.9,1897.2,1314.7,1896.0,1279.4,2082.3,1208.3,2166.2,1129.5,2183.7,1056.1,2170.5,970.7,2083.0,944.3,1888.8
514.0,8.55,955.2,1894.4,985.0,1803.5,1060.9,1768.2,1127.0,1790.8,1200.2,1767.9,1270.5,1814.4,1299.2,1897.3,1265.3,1897.6,1200.1,1844.4,1125.3,1853.3,1061.0,1844.5,995.6,1883.8,995.6,1883.8,1057.9,2035.3,1127.2,2049.1,1205.5,2028.8,1265.3,1897.6,1299.2,1897.3,1272.1,2067.7,1209.2,2149.9,1127.0,2168.6,1051.8,2155.9,975.6,2073.6,955.2,1894.4
515.0,8.567,945.4,1894.0,979.9,1802.5,1063.5,1765.0,1127.9,1787.6,1198.8,1764.2,1274.5,1811.6,1309.8,1896.7,1275.1,1898.1,1199.1,1842.8,1126.7,1851.4,1064.1,1843.0,986.4,1884.7,986.4,1884.7,1062.1,2039.8,1130.1,2052.4,1206.2,2032.9,1275.1,1898.1,1309.8,1896.7,1277.8,2074.6,1210.6,2157.4,1130.3,2175.7,1056.3,2164.4,971.2,2082.6,945.4,1894.0
516.0,8.583,944.8,1895.0,979.3,1799.3,1064.6,1762.5,1129.1,1786.2,1198.6,1764.5,1280.8,1813.4,1320.0,1903.7,1285.1,1903.3,1198.7,1845.5,1127.7,1852.1,1064.7,1843.2,987.1,1885.2,987.1,1885.2,1063.7,2046.2,1132.3,2060.6,1207.1,2044.3,1285.1,1903.3,1320.0,1903.7,1286.0,2087.4,1212.3,2170.4,1133.1,2185.9,1058.2,2172.5,971.6,2085.3,944.8,1895.0
517.0,8.6,950.5,1895.1,983.2,1798.7,1066.6,1758.5,1129.8,1782.0,1197.4,1758.4,1274.9,1809.4,1310.2,1899.8,1274.7,1899.2,1197.8,1843.9,1128.7,1851.3,1067.1,1843.1,993.6,1884.3,993.6,1884.3,1067.7,2031.0,1135.0,2043.8,1207.7,2026.7,1274.7,1899.2,1310.2,1899.8,1281.4,2079.9,1214.3,2161.5,1136.8,2178.1,1063.1,2166.6,977.2,2084.4,950.5,1895.1
518.0,8.617,943.6,1898.9,980.0,1798.7,1069.0,1757.6,1132.3,1781.1,1198.2,1758.3,1282.4,1810.7,1322.5,1905.9,1286.3,1906.4,1198.9,1847.6,1131.5,1854.1,1069.6,1846.2,988.3,1889.8,988.3,1889.8,1070.1,2038.9,1137.9,2051.8,1209.0,2036.8,1286.3,1906.4,1322.5,1905.9,1290.6,2096.2,1217.6,2178.3,1141.3,2193.5,1066.7,2181.9,974.3,2097.5,943.6,1898.9
519.0,8.633,954.9,1892.7,985.2,1796.6,1064.8,1758.7,1129.1,1781.6,1198.5,1757.9,1270.3,1807.9,1300.7,1897.4,1265.6,1896.1,1199.0,1838.7,1128.4,1846.8,1066.0,1838.1,997.8,1881.0,997.8,1881.0,1067.9,2026.5,1136.4,2038.5,1210.8,2020.2,1265.6,1896.1,1300.7,1897.4,1278.3,2071.0,1217.6,2151.1,1138.6,2168.3,1064.1,2158.0,980.1,2080.2,954.9,1892.7
520.0,8.65,958.0,1896.2,987.5,1798.2,1066.1,1758.7,1131.0,1782.1,1200.9,1758.4,1273.0,1809.6,1303.2,1900.7,1267.6,1898.9,1201.5,1842.9,1130.0,1850.7,1067.0,1842.2,1001.3,1884.3,1001.3,1884.3,1067.9,2022.8,1136.6,2035.3,1211.6,2017.4,1267.6,1898.9,1303.2,1900.7,1279.7,2070.9,1218.0,2150.5,1138.4,2167.5,1063.5,2156.5,981.8,2078.1,958.0,1896.2
521.0,8.667,956.5,1898.0,987.2,1795.8,1067.8,1752.3,1131.7,1776.8,1199.3,1752.7,1272.3,1808.0,1302.9,1905.1,1265.9,1903.0,1199.7,1846.7,1130.8,1853.3,1068.3,1845.0,1002.3,1886.7,1002.3,1886.7,1069.9,2010.9,1138.0,2022.5,1210.7,2006.2,1265.9,1903.0,1302.9,1905.1,1279.6,2074.5,1218.3,2151.9,1140.6,2168.1,1065.8,2157.8,981.8,2081.5,956.5,1898.0
522.0,8.683,956.9,1900.9,988.7,1797.6,1067.7,1752.3,1131.7,1776.0,1198.2,1751.6,1269.2,1807.2,1300.2,1903.5,1262.4,1902.1,1199.5,1849.4,1131.5,1856.3,1068.8,1849.1,1003.2,1889.5,1003.2,1889.5,1069.8,2001.5,1137.5,2011.9,1208.7,1995.3,1262.4,1902.1,1300.2,1903.5,1276.5,2068.8,1217.4,2144.6,1141.1,2161.2,1066.8,2152.2,984.1,2079.7,956.9,1900.9
523.0,8.7,947.9,1904.7,984.8,1798.0,1067.8,1745.9,1131.3,1771.1,1194.6,1745.2,1269.4,1807.1,1305.4,1908.8,1264.8,1907.1,1196.9,1863.1,1132.0,1868.6,1069.1,1862.2,998.6,1894.6,998.6,1894.6,1070.7,1967.5,1137.8,1976.0,1205.6,1962.3,1264.8,1907.1,1305.4,1908.8,1277.7,2068.2,1217.5,2136.7,1143.9,2151.7,1069.4,2144.3,981.7,2079.2,947.9,1904.7
524.0,8.717,939.2,1912.1,980.6,1799.5,1065.1,1738.3,1128.1,1765.0,1187.1,1737.4,1266.8,1806.5,1310.1,1915.8,1265.6,1912.9,1190.3,1881.6,1129.4,1885.3,1066.3,1880.5,995.0,1902.8,995.0,1902.8,1067.8,1921.7,1133.5,1928.7,1196.2,1919.1,1265.6,1912.9,1310.1,1915.8,1275.1,2063.6,1212.3,2122.3,1142.7,2135.1,1068.9,2128.9,980.1,2073.7,939.2,1912.1
525.0,8.733,932.8,1915.0,977.0,1800.8,1064.1,1740.1,1127.9,1766.2,1187.6,1738.6,1270.4,1806.6,1316.3,1916.7,1271.6,1914.9,1191.4,1883.1,1129.8,1887.1,1065.9,1882.6,989.0,1906.6,989.0,1906.6,1066.9,1926.1,1133.5,1933.0,1197.0,1923.4,1271.6,1914.9,1316.3,1916.7,1279.5,2067.7,1213.5,2126.9,1143.3,2139.6,1068.6,2133.8,976.3,2079.1,932.8,1915.0
526.0,8.75,931.9,1919.8,976.2,1800.6,1064.5,1736.5,1129.3,1763.7,1189.3,1736.5,1275.5,1807.3,1323.4,1923.3,1277.4,1920.5,1192.1,1887.0,1130.2,1889.4,1065.0,1884.9,989.5,1911.3,989.5,1911.3,1065.1,1922.5,1132.7,1930.2,1196.4,1922.9,1277.4,1920.5,1323.4,1923.3,1283.1,2072.2,1213.1,2130.2,1142.0,2141.2,1066.6,2134.5,975.0,2079.0,931.9,1919.8
527.0,8.767,927.7,1920.9,973.1,1802.0,1063.2,1738.2,1126.9,1765.0,1185.2,1738.5,1272.3,1808.8,1321.5,1924.9,1276.0,1922.4,1188.2,1886.6,1128.2,1888.6,1064.0,1884.1,985.2,1912.8,985.2,1912.8,1064.4,1927.9,1131.2,1935.2,1193.1,1928.2,1276.0,1922.4,1321.5,1924.9,1280.8,2076.3,1209.8,2133.9,1140.4,2144.2,1066.0,2138.0,971.9,2083.2,927.7,1920.9
528.0,8.783,928.1,1918.3,975.6,1802.9,1064.1,1742.1,1128.0,1767.6,1186.4,1740.0,1270.4,1806.4,1317.2,1916.2,1272.1,1915.6,1190.4,1889.0,1130.3,1892.7,1066.0,1889.1,985.8,1911.0,985.8,1911.0,1065.9,1920.3,1132.7,1926.3,1194.7,1917.5,1272.1,1915.6,1317.2,1916.2,1279.4,2066.6,1211.9,2126.2,1142.6,2138.2,1068.1,2133.5,974.2,2080.9,928.1,1918.3
529.0,8.8,926.9,1920.8,974.4,1803.7,1064.7,1741.3,1129.1,1767.1,1187.6,1739.8,1275.1,1808.0,1323.7,1921.1,1278.4,1920.0,1191.1,1889.7,1131.0,1892.7,1066.1,1888.9,985.1,1913.7,985.1,1913.7,1066.3,1925.7,1133.7,1932.2,1195.9,1924.5,1278.4,1920.0,1323.7,1921.1,1284.4,2075.2,1213.9,2134.5,1144.3,2145.7,1069.1,2140.5,973.7,2086.5,926.9,1920.8
530.0,8.817,925.8,1927.3,972.1,1805.7,1064.1,1741.3,1129.1,1767.4,1187.5,1740.8,1277.9,1810.8,1327.9,1929.0,1282.5,1927.6,1191.4,1890.0,1131.4,1891.9,1066.0,1888.0,984.1,1920.1,984.1,1920.1,1066.5,1936.4,1134.9,1943.4,1197.1,1936.8,1282.5,1927.6,1327.9,1929.0,1289.0,2086.6,1216.2,2145.9,1146.2,2156.2,1070.2,2150.6,972.4,2095.7,925.8,1927.3
531.0,8.833,921.9,1928.1,970.7,1805.2,1066.5,1738.3,1130.1,1764.9,1186.4,1739.2,1281.1,1811.0,1335.7,1931.9,1289.6,1931.1,1189.8,1891.7,1132.0,1892.2,1067.7,1888.3,980.6,1922.2,980.6,1922.2,1067.0,1937.3,1134.0,1944.7,1194.1,1940.1,1289.6,1931.1,1335.7,1931.9,1291.0,2093.3,1213.0,2152.5,1144.8,2161.3,1070.0,2155.2,970.1,2098.3,921.9,1928.1
532.0,8.85,918.4,1926.0,969.2,1803.9,1067.2,1738.5,1130.1,1764.5,1185.5,1739.2,1282.4,1809.3,1339.7,1928.3,1293.7,1928.7,1189.7,1891.1,1132.7,1891.6,1069.1,1888.2,977.2,1920.9,977.2,1920.9,1068.0,1939.8,1134.4,1946.7,1193.9,1942.1,1293.7,1928.7,1339.7,1928.3,1293.0,2093.5,1213.1,2154.5,1145.6,2163.4,1071.3,2157.7,968.6,2099.7,918.4,1926.0
533.0,8.867,917.1,1928.8,967.2,1806.5,1065.8,1740.6,1128.7,1766.7,1183.7,1741.7,1281.9,1812.5,1340.0,1931.8,1294.0,1932.4,1187.9,1891.5,1131.3,1891.9,1068.0,1888.3,975.1,1923.6,975.1,1923.6,1067.2,1951.5,1133.7,1959.1,1192.7,1955.1,1294.0,1932.4,1340.0,1931.8,1293.3,2102.8,1211.9,2165.8,1144.7,2174.4,1070.2,2168.1,966.9,2106.6,917.1,1928.8
534.0,8.883,918.2,1930.0,967.3,1802.5,1063.1,1734.5,1127.2,1761.0,1183.2,1735.3,1280.1,1808.5,1336.0,1932.4,1289.1,1931.2,1187.0,1891.9,1129.3,1892.3,1064.4,1889.0,977.6,1923.7,977.6,1923.7,1063.4,1931.1,1130.9,1938.7,1190.6,1935.2,1289.1,1931.2,1336.0,1932.4,1290.1,2093.0,1210.1,2151.7,1142.0,2159.9,1066.6,2153.5,967.0,2096.6,918.2,1930.0
535.0,8.9,916.2,1929.9,967.0,1803.5,1064.1,1735.7,1127.6,1762.2,1183.0,1736.4,1281.0,1808.9,1338.2,1931.7,1291.1,1931.2,1186.9,1894.9,1129.7,1895.0,1065.3,1891.9,976.1,1924.4,976.1,1924.4,1064.0,1929.2,1130.8,1936.6,1190.0,1933.4,1291.1,1931.2,1338.2,1931.7,1290.6,2093.0,1209.4,2152.3,1141.8,2160.5,1066.9,2154.2,966.2,2097.1,916.2,1929.9
536.0,8.917,916.9,1931.2,967.4,1804.4,1064.5,1735.5,1128.5,1762.3,1184.2,1736.7,1283.3,1810.2,1340.5,1934.2,1293.0,1933.3,1187.5,1896.2,1130.1,1896.0,1065.2,1892.7,977.2,1925.6,977.2,1925.6,1064.0,1929.2,1131.4,1937.0,1190.8,1934.3,1293.0,1933.3,1340.5,1934.2,1292.6,2095.3,1210.5,2154.3,1142.5,2162.2,1067.1,2155.5,966.8,2098.0,916.9,1931.2
537.0,8.933,918.8,1928.4,968.5,1801.6,1064.5,1733.5,1128.3,1760.4,1184.4,1734.5,1281.6,1808.1,1338.1,1931.6,1290.7,1929.8,1187.2,1892.5,1129.3,1892.6,1064.6,1889.2,978.7,1921.8,978.7,1921.8,1063.9,1925.8,1131.0,1933.6,1190.8,1930.5,1290.7,1929.8,1338.1,1931.6,1290.1,2089.8,1209.1,2147.7,1141.0,2155.5,1065.9,2148.9,967.2,2092.0,918.8,1928.4
538.0,8.95,912.1,1930.8,965.4,1804.9,1065.7,1736.3,1128.3,1762.9,1182.5,1737.6,1284.3,1810.9,1345.9,1933.2,1298.5,1933.1,1186.0,1895.2,1130.0,1894.7,1066.4,1891.6,971.7,1925.8,971.7,1925.8,1064.8,1937.8,1131.0,1945.5,1189.0,1943.6,1298.5,1933.1,1345.9,1933.2,1293.6,2101.3,1207.9,2162.1,1141.4,2169.1,1067.0,2162.6,963.8,2102.1,912.1,1930.8
539.0,8.967,922.1,1925.3,971.4,1801.9,1066.9,1736.4,1132.0,1763.4,1190.5,1737.5,1286.5,1808.8,1340.8,1929.1,1294.7,1928.0,1193.6,1891.8,1133.5,1892.6,1067.5,1888.7,981.6,1919.2,981.6,1919.2,1066.7,1935.1,1135.3,1942.8,1197.8,1938.0,1294.7,1928.0,1340.8,1929.1,1295.8,2090.7,1216.5,2152.1,1145.9,2161.5,1069.3,2154.6,969.9,2095.2,922.1,1925.3
540.0,8.983,919.8,1930.1,969.6,1804.6,1066.5,1737.0,1132.3,1764.0,1190.5,1738.5,1289.5,1811.4,1345.0,1934.3,1298.4,1933.3,1193.4,1894.9,1133.5,1894.7,1066.8,1890.9,979.6,1924.6,979.6,1924.6,1065.7,1937.1,1135.1,1945.5,1197.3,1942.5,1298.4,1933.3,1345.0,1934.3,1299.1,2097.9,1216.9,2159.0,1146.2,2167.1,1068.9,2159.9,968.5,2099.7,919.8,1930.1
541.0,9.0,917.0,1934.6,968.3,1806.2,1066.2,1737.3,1132.1,1764.0,1190.2,1738.5,1290.6,1811.7,1348.9,1935.6,1301.8,1935.1,1194.2,1894.5,1134.2,1895.3,1067.6,1892.0,976.3,1928.8,976.3,1928.8,1066.1,1942.6,1135.4,1950.7,1197.3,1947.2,1301.8,1935.1,1348.9,1935.6,1300.3,2100.3,1216.3,2161.9,1146.0,2170.4,1068.7,2163.3,967.4,2103.0,917.0,1934.6
542.0,9.017,924.2,1927.2,973.4,1804.3,1069.5,1738.0,1135.2,1765.0,1194.3,1739.8,1291.4,1811.7,1346.1,1932.3,1299.8,1931.6,1197.2,1893.6,1136.4,1893.9,1069.8,1889.7,983.5,1921.8,983.5,1921.8,1068.2,1939.0,1137.4,1947.4,1200.6,1943.4,1299.8,1931.6,1346.1,1932.3,1299.9,2095.0,1219.4,2156.0,1148.1,2164.7,1071.0,2157.3,971.7,2096.9,924.2,1927.2
543.0,9.033,911.3,1935.4,966.4,1807.4,1068.7,1737.3,1132.1,1763.3,1186.2,1739.1,1291.1,1812.7,1356.2,1936.9,1308.9,1937.4,1190.4,1894.2,1134.6,1893.9,1070.3,1891.1,970.1,1930.6,970.1,1930.6,1068.3,1948.6,1135.3,1956.6,1192.9,1955.5,1308.9,1937.4,1356.2,1936.9,1301.8,2108.6,1212.6,2169.8,1146.3,2176.3,1071.2,2169.6,965.8,2107.9,911.3,1935.4
544.0,9.05,926.9,1932.7,977.7,1804.3,1073.5,1735.8,1137.0,1762.7,1192.5,1737.1,1290.5,1811.2,1347.1,1935.6,1299.5,1934.3,1195.5,1897.6,1138.1,1897.4,1073.5,1894.4,987.1,1926.7,987.1,1926.7,1072.0,1928.9,1138.8,1936.9,1198.1,1934.6,1299.5,1934.3,1347.1,1935.6,1299.0,2095.6,1217.3,2154.4,1149.6,2162.1,1074.6,2155.2,976.2,2097.2,926.9,1932.7
545.0,9.067,915.6,1938.3,968.8,1808.7,1068.5,1738.2,1133.1,1764.8,1188.8,1739.6,1291.6,1813.7,1353.4,1939.2,1305.5,1938.9,1193.0,1899.2,1135.4,1898.9,1069.9,1896.1,975.6,1932.9,975.6,1932.9,1068.3,1938.0,1136.3,1945.7,1195.7,1944.0,1305.5,1938.9,1353.4,1939.2,1302.0,2103.0,1215.6,2163.1,1147.5,2170.4,1071.3,2163.8,968.5,2105.4,915.6,1938.3
546.0,9.083,924.9,1930.1,974.6,1803.5,1070.3,1736.8,1137.7,1764.4,1198.8,1738.9,1295.8,1811.7,1349.1,1935.2,1302.6,1933.8,1201.1,1895.1,1138.3,1895.3,1069.8,1891.0,984.9,1924.4,984.9,1924.4,1067.9,1937.1,1139.0,1945.9,1204.1,1942.0,1302.6,1933.8,1349.1,1935.2,1303.6,2095.3,1222.4,2156.5,1149.1,2165.1,1070.1,2157.4,971.6,2097.1,924.9,1930.1
547.0,9.1,911.3,1937.2,966.4,1809.3,1068.7,1739.5,1133.3,1766.2,1189.4,1741.5,1293.9,1815.7,1358.3,1940.1,1310.7,1940.1,1193.0,1898.4,1135.1,1897.9,1069.5,1894.6,970.7,1932.4,970.7,1932.4,1067.4,1946.3,1135.6,1954.5,1195.4,1953.5,1310.7,1940.1,1358.3,1940.1,1303.6,2108.9,1214.3,2169.3,1146.0,2175.7,1069.7,2168.7,964.6,2107.7,911.3,1937.2
548.0,9.117,928.5,1927.1,978.0,1803.6,1073.5,1737.8,1138.0,1764.8,1195.8,1739.5,1291.9,1811.7,1346.2,1932.5,1299.8,1931.0,1198.2,1893.8,1138.6,1894.2,1073.2,1890.1,987.9,1921.1,987.9,1921.1,1071.7,1937.4,1139.7,1945.7,1201.5,1941.9,1299.8,1931.0,1346.2,1932.5,1299.7,2094.7,1219.6,2155.0,1149.7,2163.3,1073.7,2155.9,975.4,2095.7,928.5,1927.1
549.0,9.133,913.5,1941.4,967.3,1811.3,1068.3,1739.4,1133.3,1765.9,1188.7,1741.3,1293.0,1816.9,1355.9,1944.0,1307.8,1944.0,1192.8,1901.5,1135.6,1900.5,1069.8,1897.7,973.6,1936.7,973.6,1936.7,1067.7,1942.3,1136.2,1950.3,1195.2,1949.8,1307.8,1944.0,1355.9,1944.0,1303.7,2110.7,1216.0,2170.2,1148.0,2176.5,1071.5,2169.8,967.3,2110.9,913.5,1941.4
550.0,9.15,927.6,1926.9,977.4,1803.9,1073.4,1738.5,1138.7,1765.9,1197.5,1741.0,1294.7,1813.4,1349.0,1934.5,1302.9,1933.3,1199.7,1895.1,1139.3,1894.8,1072.8,1890.3,987.3,1921.8,987.3,1921.8,1070.6,1940.3,1139.8,1949.0,1202.8,1945.5,1302.9,1933.3,1349.0,1934.5,1302.4,2097.9,1221.3,2158.9,1150.1,2167.0,1073.1,2159.1,974.3,2097.6,927.6,1926.9
551.0,9.167,917.0,1939.8,970.1,1809.2,1069.8,1737.9,1134.8,1764.5,1190.9,1739.9,1293.6,1815.0,1355.4,1941.7,1307.7,1941.5,1195.1,1899.1,1137.2,1898.5,1071.2,1895.5,976.8,1934.9,976.8,1934.9,1068.8,1941.5,1137.3,1949.4,1197.1,1948.1,1307.7,1941.5,1355.4,1941.7,1303.7,2106.5,1217.4,2166.1,1148.8,2172.8,1072.4,2166.1,969.5,2107.3,917.0,1939.8
552.0,9.183,923.7,1931.4,975.8,1806.6,1073.4,1739.8,1138.9,1766.8,1197.2,1741.2,1295.8,1813.8,1352.2,1935.8,1305.6,1935.3,1200.1,1898.4,1140.1,1898.5,1073.6,1894.7,983.8,1926.6,983.8,1926.6,1071.6,1938.2,1140.7,1946.3,1203.0,1943.0,1305.6,1935.3,1352.2,1935.8,1304.4,2099.6,1222.2,2160.5,1151.5,2168.8,1074.4,2161.9,973.2,2102.1,923.7,1931.4
553.0,9.2,920.5,1935.7,973.5,1808.8,1073.1,1740.8,1137.8,1767.5,1194.7,1742.4,1295.3,1814.9,1355.3,1938.2,1308.1,1937.9,1198.4,1898.7,1139.8,1898.6,1074.1,1895.3,980.1,1930.4,980.1,1930.4,1072.3,1942.5,1140.5,1950.2,1201.2,1947.5,1308.1,1937.9,1355.3,1938.2,1304.8,2102.0,1220.0,2162.8,1150.9,2170.6,1074.6,2164.0,971.7,2104.8,920.5,1935.7
554.0,9.217,920.6,1936.2,973.1,1809.8,1072.0,1740.9,1137.6,1767.6,1195.5,1742.2,1295.3,1815.2,1353.4,1938.3,1306.0,1938.6,1199.3,1900.9,1139.7,1900.7,1073.1,1897.4,980.7,1931.9,980.7,1931.9,1071.2,1936.2,1140.2,1943.8,1201.9,1940.7,1306.0,1938.6,1353.4,1938.3,1304.5,2099.6,1221.4,2159.7,1151.2,2168.0,1074.2,2161.7,971.8,2104.4,920.6,1936.2
555.0,9.233,920.4,1933.7,973.4,1807.3,1072.7,1738.8,1138.6,1765.7,1196.9,1740.1,1296.6,1813.2,1355.1,1936.4,1307.4,1936.0,1200.1,1897.7,1140.1,1897.8,1073.2,1894.1,980.6,1928.5,980.6,1928.5,1071.7,1936.7,1141.1,1944.5,1203.2,1941.5,1307.4,1936.0,1355.1,1936.4,1305.6,2098.5,1222.3,2159.6,1151.6,2167.8,1074.3,2161.6,971.7,2103.3,920.4,1933.7
556.0,9.25,919.0,1936.3,972.5,1807.2,1072.4,1737.5,1137.8,1764.4,1195.0,1738.6,1296.2,1812.9,1356.3,1938.2,1307.9,1937.5,1198.6,1899.0,1139.6,1898.9,1073.2,1895.9,979.7,1930.7,979.7,1930.7,1072.0,1933.4,1140.7,1940.8,1201.6,1938.4,1307.9,1937.5,1356.3,1938.2,1305.6,2099.4,1220.8,2159.8,1151.3,2167.7,1074.3,2161.6,971.3,2104.1,919.0,1936.3
557.0,9.267,927.1,1931.0,978.3,1804.6,1075.1,1736.7,1140.5,1764.3,1198.5,1738.9,1296.6,1813.4,1351.8,1937.4,1304.3,1936.0,1200.6,1898.3,1141.0,1897.8,1074.3,1893.9,988.2,1925.7,988.2,1925.7,1072.7,1929.5,1141.6,1937.7,1203.4,1935.1,1304.3,1936.0,1351.8,1937.4,1304.0,2096.6,1222.2,2156.0,1151.9,2163.9,1074.8,2156.7,975.6,2098.2,927.1,1931.0
558.0,9.283,922.6,1930.6,974.6,1803.1,1073.2,1734.7,1138.3,1761.7,1195.9,1736.2,1295.6,1810.1,1353.0,1934.5,1305.8,1933.5,1198.2,1894.3,1139.0,1894.0,1072.8,1890.3,982.9,1924.9,982.9,1924.9,1071.6,1933.1,1140.3,1941.3,1201.7,1938.9,1305.8,1933.5,1353.0,1934.5,1304.1,2096.4,1220.2,2156.8,1150.3,2164.5,1073.5,2157.6,972.3,2098.5,922.6,1930.6
559.0,9.3,925.6,1929.5,976.5,1801.3,1073.2,1732.0,1137.4,1759.2,1194.3,1733.7,1291.7,1807.9,1348.4,1932.5,1301.1,1931.0,1196.7,1891.5,1138.1,1891.3,1072.8,1887.8,985.4,1923.3,985.4,1923.3,1071.4,1928.7,1139.0,1936.5,1199.6,1933.6,1301.1,1931.0,1348.4,1932.5,1299.3,2090.2,1217.4,2149.3,1148.4,2157.3,1072.9,2150.6,974.0,2092.9,925.6,1929.5
560.0,9.317,915.8,1934.5,971.0,1805.9,1071.8,1736.4,1136.3,1763.1,1192.2,1738.1,1295.4,1811.8,1357.1,1936.4,1309.6,1936.2,1195.4,1896.6,1137.8,1896.2,1072.1,1893.2,975.9,1929.6,975.9,1929.6,1070.2,1937.3,1138.3,1945.5,1197.9,1944.3,1309.6,1936.2,1357.1,1936.4,1304.8,2102.5,1217.2,2163.1,1148.9,2169.9,1072.5,2163.0,969.0,2103.0,915.8,1934.5
561.0,9.333,935.1,1917.5,984.1,1798.1,1075.0,1736.0,1139.3,1762.9,1198.3,1735.6,1287.1,1806.1,1336.7,1921.4,1291.1,1919.6,1200.4,1885.9,1139.6,1888.4,1074.7,1884.1,993.5,1910.3,993.5,1910.3,1073.8,1928.4,1141.2,1936.0,1204.1,1929.2,1291.1,1919.6,1336.7,1921.4,1294.0,2078.2,1220.7,2139.1,1150.2,2150.2,1074.8,2143.3,980.2,2084.7,935.1,1917.5
562.0,9.35,926.0,1931.8,976.2,1801.9,1072.2,1731.9,1136.7,1758.6,1192.5,1733.9,1291.9,1808.7,1348.3,1935.5,1301.2,1933.9,1195.2,1892.4,1137.8,1891.8,1072.1,1888.6,986.2,1925.7,986.2,1925.7,1070.7,1929.0,1138.8,1937.2,1198.2,1935.5,1301.2,1933.9,1348.3,1935.5,1300.8,2094.8,1218.0,2152.6,1149.8,2159.7,1073.9,2152.5,975.4,2094.9,926.0,1931.8
563.0,9.367,919.4,1928.5,971.9,1802.0,1069.6,1734.3,1133.2,1760.5,1189.3,1735.0,1286.6,1807.7,1344.4,1929.9,1297.5,1929.6,1193.0,1889.8,1135.3,1890.5,1070.8,1887.3,978.2,1923.1,978.2,1923.1,1069.2,1933.4,1136.3,1940.7,1196.0,1937.1,1297.5,1929.6,1344.4,1929.9,1295.6,2091.5,1214.0,2151.3,1146.2,2159.7,1071.0,2153.6,969.8,2096.2,919.4,1928.5
564.0,9.383,929.8,1923.8,979.0,1798.4,1073.4,1732.4,1136.2,1759.4,1192.0,1734.1,1286.5,1806.8,1339.6,1929.0,1293.5,1927.1,1194.1,1888.9,1136.7,1889.1,1072.8,1885.3,988.9,1917.2,988.9,1917.2,1071.6,1929.6,1138.0,1937.7,1197.6,1933.9,1293.5,1927.1,1339.6,1929.0,1293.8,2088.2,1214.9,2147.2,1147.2,2155.6,1072.9,2148.3,976.0,2089.4,929.8,1923.8
565.0,9.4,923.4,1925.9,974.0,1800.4,1071.9,1733.7,1134.4,1760.5,1189.5,1735.7,1287.0,1808.9,1343.4,1932.0,1297.0,1931.1,1191.8,1890.5,1135.4,1890.0,1071.8,1886.2,982.8,1920.6,982.8,1920.6,1070.2,1937.6,1136.5,1945.5,1195.4,1942.5,1297.0,1931.1,1343.4,1932.0,1295.0,2097.5,1213.4,2157.4,1146.2,2165.1,1071.9,2158.2,971.2,2098.1,923.4,1925.9
566.0,9.417,924.5,1925.2,973.2,1798.3,1069.5,1731.0,1131.2,1758.4,1185.3,1733.2,1280.6,1807.8,1336.5,1932.3,1289.9,1929.4,1186.9,1886.8,1131.3,1886.6,1068.8,1882.5,983.0,1917.6,983.0,1917.6,1068.1,1935.6,1133.2,1944.2,1190.5,1941.5,1289.9,1929.4,1336.5,1932.3,1287.8,2095.0,1206.6,2153.8,1140.9,2160.9,1068.0,2153.3,970.3,2092.6,924.5,1925.2
567.0,9.433,931.4,1916.1,977.6,1795.5,1068.5,1733.3,1129.7,1760.4,1184.5,1734.4,1272.0,1804.0,1321.8,1921.0,1276.2,1917.9,1186.1,1885.5,1130.0,1886.7,1068.0,1882.4,989.9,1906.9,989.9,1906.9,1068.0,1926.6,1132.3,1934.5,1190.4,1928.6,1276.2,1917.9,1321.8,1921.0,1279.0,2078.4,1206.0,2138.9,1140.3,2148.3,1068.0,2141.6,974.8,2082.7,931.4,1916.1
568.0,9.45,945.0,1908.1,988.0,1798.0,1071.8,1739.8,1131.0,1766.8,1186.2,1740.9,1266.5,1807.6,1311.0,1915.8,1267.4,1911.4,1186.0,1883.7,1129.1,1886.4,1069.0,1880.6,1001.4,1898.3,1001.4,1898.3,1069.0,1914.6,1131.0,1923.5,1189.0,1915.9,1267.4,1911.4,1311.0,1915.8,1269.5,2059.9,1201.7,2112.8,1136.8,2122.2,1067.4,2114.4,983.2,2059.1,945.0,1908.1
569.0,9.467,978.2,1900.5,1014.2,1800.6,1080.2,1746.4,1132.0,1771.0,1183.6,1746.4,1241.7,1809.9,1270.9,1907.1,1230.9,1901.7,1181.3,1862.8,1127.8,1867.6,1075.7,1861.5,1026.2,1889.0,1026.2,1889.0,1072.6,1906.1,1126.0,1914.9,1180.0,1903.9,1230.9,1901.7,1270.9,1907.1,1236.5,2022.3,1186.1,2063.0,1127.1,2073.4,1067.5,2065.0,1004.8,2019.9,978.2,1900.5
570.0,9.483,1001.6,1900.2,1030.2,1806.7,1083.5,1749.6,1132.2,1773.2,1182.5,1749.9,1229.5,1814.3,1253.6,1904.2,1214.7,1897.7,1180.4,1854.6,1128.1,1858.4,1079.6,1852.9,1044.9,1886.4,1044.9,1886.4,1076.7,1884.3,1125.7,1892.4,1178.4,1881.4,1214.7,1897.7,1253.6,1904.2,1222.7,1988.7,1182.6,2020.8,1125.5,2031.2,1071.1,2023.6,1023.0,1989.8,1001.6,1900.2
571.0,9.5,1019.2,1900.3,1040.5,1809.5,1083.2,1754.3,1131.9,1777.5,1181.9,1755.1,1222.3,1819.6,1242.6,1906.5,1204.8,1898.4,1180.4,1852.5,1128.2,1855.7,1080.1,1850.5,1059.8,1884.3,1059.8,1884.3,1076.6,1872.5,1124.3,1880.7,1176.6,1869.7,1204.8,1898.4,1242.6,1906.5,1214.9,1971.6,1180.3,1996.1,1123.9,2005.9,1071.3,1997.9,1034.2,1969.9,1019.2,1900.3
572.0,9.517,1014.3,1901.0,1036.9,1813.1,1079.4,1757.7,1128.8,1780.5,1178.1,1756.9,1217.2,1820.7,1236.7,1906.3,1198.5,1899.1,1178.0,1852.9,1126.2,1858.0,1077.8,1853.0,1053.5,1885.1,1053.5,1885.1,1074.3,1871.0,1122.1,1878.0,1173.4,1865.1,1198.5,1899.1,1236.7,1906.3,1209.3,1968.3,1177.1,1989.9,1121.9,2001.1,1069.2,1994.0,1030.9,1969.6,1014.3,1901.0
573.0,9.533,1016.3,1905.2,1035.7,1814.1,1075.8,1757.0,1127.7,1780.3,1178.0,1755.9,1215.4,1821.8,1231.0,1912.0,1191.7,1904.0,1179.3,1853.7,1126.4,1859.3,1075.9,1854.5,1054.9,1887.8,1054.9,1887.8,1073.8,1867.3,1123.6,1873.5,1175.9,1859.5,1191.7,1904.0,1231.0,1912.0,1208.9,1967.8,1180.6,1987.1,1124.3,1999.8,1069.3,1993.1,1031.7,1971.9,1016.3,1905.2
574.0,9.55,1008.8,1903.6,1029.5,1812.0,1070.6,1756.7,1125.3,1779.8,1177.3,1755.5,1216.7,1820.2,1233.8,1910.9,1194.5,1902.8,1179.8,1852.2,1125.0,1858.6,1071.8,1853.8,1047.0,1885.9,1047.0,1885.9,1069.6,1865.9,1121.7,1872.0,1175.4,1857.5,1194.5,1902.8,1233.8,1910.9,1210.6,1966.1,1180.9,1984.7,1123.0,1997.6,1065.6,1990.8,1026.2,1969.8,1008.8,1903.6
575.0,9.567,1011.1,1898.8,1032.4,1811.0,1073.0,1757.5,1127.2,1780.5,1178.1,1756.3,1216.7,1819.7,1234.1,1907.5,1195.2,1899.6,1180.7,1850.6,1126.9,1857.4,1074.5,1852.5,1048.6,1881.3,1048.6,1881.3,1071.9,1864.6,1123.2,1870.9,1175.6,1856.3,1195.2,1899.6,1234.1,1907.5,1210.5,1963.5,1181.2,1981.2,1124.7,1993.8,1068.2,1986.9,1029.0,1965.5,1011.1,1898.8
576.0,9.583,1012.7,1900.6,1033.7,1810.9,1073.3,1754.5,1128.0,1777.1,1178.3,1753.0,1216.6,1818.1,1232.7,1908.2,1192.9,1900.8,1181.2,1850.3,1128.1,1857.0,1075.1,1852.5,1051.0,1883.3,1051.0,1883.3,1071.7,1860.8,1123.5,1866.7,1175.3,1852.5,1192.9,1900.8,1232.7,1908.2,1210.4,1964.3,1182.6,1981.0,1126.5,1993.5,1069.5,1987.1,1031.0,1967.2,1012.7,1900.6
577.0,9.6,1013.7,1900.6,1034.0,1811.4,1075.4,1755.2,1130.5,1778.0,1182.0,1753.2,1222.1,1818.5,1237.8,1908.2,1198.7,1900.9,1184.8,1848.9,1130.7,1856.2,1077.3,1851.5,1051.8,1883.4,1051.8,1883.4,1075.8,1866.1,1128.5,1872.2,1181.5,1857.4,1198.7,1900.9,1237.8,1908.2,1217.9,1968.1,1189.2,1987.0,1131.8,2000.5,1073.6,1994.0,1032.8,1972.5,1013.7,1900.6
578.0,9.617,1009.7,1900.8,1031.3,1807.8,1074.6,1751.2,1131.7,1773.8,1184.8,1748.0,1226.0,1814.3,1241.7,1906.9,1202.4,1899.4,1188.1,1845.7,1132.2,1853.7,1077.0,1849.3,1048.4,1883.2,1048.4,1883.2,1075.4,1866.5,1130.2,1871.9,1184.9,1856.3,1202.4,1899.4,1241.7,1906.9,1222.4,1969.2,1192.8,1988.6,1133.6,2002.8,1073.2,1996.7,1029.5,1975.2,1009.7,1900.8
579.0,9.633,1015.5,1897.8,1035.3,1807.5,1077.5,1752.7,1134.3,1775.5,1187.9,1750.3,1228.2,1815.5,1242.2,1906.2,1203.8,1898.8,1190.5,1844.1,1134.3,1851.7,1079.4,1846.7,1053.3,1880.4,1053.3,1880.4,1078.4,1872.1,1133.0,1878.3,1188.4,1862.6,1203.8,1898.8,1242.2,1906.2,1224.6,1969.6,1195.7,1990.5,1135.9,2004.7,1075.8,1998.1,1033.4,1974.5,1015.5,1897.8
580.0,9.65,1017.9,1895.1,1038.7,1805.3,1080.7,1751.0,1136.7,1773.4,1189.3,1748.0,1229.2,1813.1,1243.3,1902.5,1205.1,1895.9,1191.9,1842.3,1136.5,1850.4,1082.4,1845.6,1055.5,1878.3,1055.5,1878.3,1079.8,1871.9,1133.5,1878.0,1188.0,1862.1,1205.1,1895.9,1243.3,1902.5,1224.2,1969.8,1195.1,1991.1,1136.3,2005.4,1077.1,1998.6,1035.3,1973.8,1017.9,1895.1
581.0,9.667,1009.8,1897.1,1034.5,1803.1,1079.4,1746.8,1136.1,1768.7,1188.0,1743.4,1230.0,1808.4,1247.0,1901.0,1207.8,1894.6,1191.6,1842.0,1136.8,1850.0,1081.8,1846.3,1048.4,1880.3,1048.4,1880.3,1078.8,1865.2,1133.1,1870.1,1186.7,1854.6,1207.8,1894.6,1247.0,1901.0,1225.6,1965.9,1194.5,1985.6,1136.4,1999.4,1076.7,1993.7,1031.3,1972.0,1009.8,1897.1
582.0,9.683,1011.3,1891.9,1038.7,1796.8,1083.6,1741.2,1139.5,1761.9,1189.9,1736.4,1231.2,1799.8,1247.7,1891.9,1208.6,1886.8,1193.7,1834.2,1140.6,1843.0,1086.3,1840.1,1049.9,1875.5,1049.9,1875.5,1082.1,1864.8,1135.8,1868.9,1187.9,1852.7,1208.6,1886.8,1247.7,1891.9,1226.6,1960.9,1196.1,1982.6,1139.6,1997.2,1080.6,1992.2,1034.6,1970.4,1011.3,1891.9
583.0,9.7,1016.2,1887.3,1040.4,1792.7,1083.9,1735.9,1140.1,1757.3,1191.6,1732.3,1232.4,1797.2,1247.2,1890.7,1208.4,1884.8,1194.2,1828.5,1140.2,1836.7,1085.5,1833.0,1054.5,1870.4,1054.5,1870.4,1081.8,1864.2,1135.9,1869.4,1189.1,1853.4,1208.4,1884.8,1247.2,1890.7,1227.0,1959.8,1196.7,1981.6,1139.0,1995.9,1079.7,1989.8,1036.2,1966.4,1016.2,1887.3
584.0,9.717,1012.5,1882.4,1039.7,1788.4,1086.8,1731.9,1141.7,1753.1,1191.5,1727.7,1234.1,1792.2,1252.1,1884.4,1212.7,1879.8,1195.0,1826.0,1142.8,1834.3,1089.4,1830.9,1051.6,1866.7,1051.6,1866.7,1086.2,1861.3,1139.2,1865.5,1190.8,1849.5,1212.7,1879.8,1252.1,1884.4,1230.3,1959.0,1199.2,1982.2,1143.1,1996.7,1084.6,1991.8,1036.3,1968.2,1012.5,1882.4
585.0,9.733,1016.4,1877.5,1041.4,1785.1,1087.4,1727.8,1141.8,1749.7,1191.0,1724.2,1232.8,1790.1,1249.6,1882.0,1210.6,1876.3,1193.6,1821.8,1141.9,1829.9,1089.2,1826.0,1055.2,1860.7,1055.2,1860.7,1086.9,1856.6,1139.4,1861.4,1190.4,1846.1,1210.6,1876.3,1249.6,1882.0,1228.9,1956.6,1198.7,1979.3,1143.0,1993.5,1085.0,1987.9,1038.4,1963.1,1016.4,1877.5
586.0,9.75,1018.2,1873.5,1043.5,1780.7,1090.6,1724.3,1144.9,1746.4,1194.2,1720.9,1235.8,1786.5,1252.5,1878.8,1213.6,1873.4,1197.3,1818.9,1145.4,1826.9,1092.9,1822.8,1057.1,1857.1,1057.1,1857.1,1090.9,1854.5,1143.4,1859.1,1194.6,1843.6,1213.6,1873.4,1252.5,1878.8,1232.7,1954.5,1203.0,1977.9,1147.2,1992.3,1089.0,1987.0,1040.5,1962.1,1018.2,1873.5
587.0,9.767,1027.0,1872.8,1049.5,1778.9,1093.9,1720.7,1147.6,1743.2,1196.1,1718.3,1237.4,1785.2,1253.4,1879.2,1214.1,1872.9,1198.6,1817.7,1147.8,1824.5,1095.7,1820.4,1066.6,1856.0,1066.6,1856.0,1093.8,1848.9,1145.7,1854.0,1196.0,1839.5,1214.1,1872.9,1253.4,1879.2,1234.5,1952.3,1205.5,1974.8,1150.3,1988.4,1093.0,1982.8,1047.9,1958.1,1027.0,1872.8
588.0,9.783,1030.3,1869.0,1051.8,1775.9,1094.8,1718.1,1148.5,1740.7,1197.3,1716.1,1238.3,1783.1,1253.4,1876.6,1214.6,1869.8,1199.6,1815.1,1148.3,1821.8,1096.2,1817.3,1069.3,1852.2,1069.3,1852.2,1093.7,1843.8,1145.5,1849.6,1196.2,1835.3,1214.6,1869.8,1253.4,1876.6,1234.2,1947.4,1205.0,1969.0,1149.6,1982.1,1092.5,1975.8,1049.7,1950.4,1030.3,1869.0
589.0,9.8,1022.4,1870.0,1045.8,1773.9,1090.9,1715.2,1147.5,1737.7,1198.9,1712.6,1241.1,1779.9,1256.3,1876.4,1217.1,1869.8,1201.6,1813.2,1147.7,1820.5,1092.7,1816.2,1062.1,1853.2,1062.1,1853.2,1090.1,1843.3,1144.9,1848.5,1198.1,1833.8,1217.1,1869.8,1256.3,1876.4,1237.5,1947.4,1207.5,1968.5,1149.3,1982.0,1089.3,1976.1,1043.4,1952.1,1022.4,1870.0
590.0,9.817,1028.2,1866.8,1050.6,1772.9,1094.3,1713.9,1147.8,1736.4,1195.7,1711.6,1236.3,1779.3,1252.1,1873.7,1212.8,1866.8,1198.0,1810.5,1147.7,1817.2,1096.0,1813.1,1067.3,1849.6,1067.3,1849.6,1093.9,1841.2,1145.4,1846.3,1195.1,1832.1,1212.8,1866.8,1252.1,1873.7,1232.8,1945.1,1204.3,1966.3,1149.7,1979.5,1092.9,1973.8,1049.0,1949.6,1028.2,1866.8
591.0,9.833,1033.3,1868.1,1052.0,1771.6,1092.3,1712.5,1148.5,1735.7,1199.3,1711.2,1239.4,1780.1,1252.9,1877.2,1213.5,1868.6,1201.7,1811.1,1148.4,1817.2,1094.0,1812.6,1072.9,1849.8,1072.9,1849.8,1092.0,1835.7,1146.1,1841.7,1198.7,1827.9,1213.5,1868.6,1252.9,1877.2,1236.3,1941.7,1208.7,1961.5,1151.1,1974.2,1091.9,1967.8,1051.3,1943.8,1033.3,1868.1
592.0,9.85,1034.7,1863.1,1053.2,1766.3,1092.0,1708.4,1147.9,1731.8,1198.8,1706.9,1237.8,1775.9,1251.2,1872.9,1211.7,1863.2,1201.1,1807.4,1147.6,1813.9,1093.5,1809.0,1074.3,1844.0,1074.3,1844.0,1091.8,1828.6,1145.5,1834.8,1198.0,1821.1,1211.7,1863.2,1251.2,1872.9,1234.5,1934.9,1207.5,1954.1,1150.0,1966.7,1091.2,1960.0,1052.2,1936.1,1034.7,1863.1
593.0,9.867,1033.2,1866.1,1051.5,1768.0,1090.4,1709.2,1146.4,1732.5,1197.1,1708.0,1235.9,1777.1,1248.3,1875.6,1208.9,1866.2,1199.3,1808.0,1146.1,1814.2,1091.8,1809.5,1072.5,1847.1,1072.5,1847.1,1089.7,1830.2,1143.5,1836.3,1195.9,1822.5,1208.9,1866.2,1248.3,1875.6,1232.0,1936.3,1205.1,1954.5,1147.7,1967.0,1088.9,1960.3,1050.0,1937.5,1033.2,1866.1
594.0,9.883,1035.2,1864.4,1052.5,1766.4,1090.7,1707.2,1146.1,1730.6,1196.0,1705.9,1234.5,1775.6,1247.1,1874.1,1207.5,1864.2,1198.5,1807.4,1146.0,1813.4,1092.3,1808.8,1074.9,1844.9,1074.9,1844.9,1090.6,1824.6,1143.6,1830.7,1195.2,1817.2,1207.5,1864.2,1247.1,1874.1,1231.1,1933.3,1204.9,1951.2,1148.4,1963.5,1090.2,1956.9,1052.2,1934.4,1035.2,1864.4
595.0,9.9,1025.3,1867.2,1045.2,1765.6,1086.3,1703.7,1143.3,1726.2,1194.5,1701.0,1234.3,1771.0,1248.3,1872.0,1208.0,1863.3,1198.1,1804.0,1144.1,1810.8,1088.9,1807.2,1064.6,1848.3,1064.6,1848.3,1086.5,1824.1,1141.0,1828.9,1194.0,1814.4,1208.0,1863.3,1248.3,1872.0,1230.9,1930.8,1203.9,1948.4,1146.0,1961.6,1086.4,1956.2,1044.7,1936.4,1025.3,1867.2
596.0,9.917,1029.8,1864.8,1049.6,1766.7,1089.0,1704.7,1143.3,1726.8,1191.8,1702.4,1230.2,1771.6,1244.9,1869.4,1204.9,1861.4,1194.9,1801.4,1143.9,1807.6,1091.5,1804.1,1068.4,1846.4,1068.4,1846.4,1088.8,1826.7,1140.5,1831.4,1190.6,1817.1,1204.9,1861.4,1244.9,1869.4,1226.2,1928.5,1200.5,1946.5,1145.5,1959.6,1089.0,1954.3,1049.5,1934.7,1029.8,1864.8
597.0,9.933,1028.5,1864.8,1046.5,1763.8,1084.6,1702.5,1142.2,1724.9,1194.1,1700.4,1233.0,1770.0,1246.3,1870.6,1206.3,1861.1,1197.1,1799.4,1142.5,1805.8,1086.8,1801.9,1067.6,1845.3,1067.6,1845.3,1084.4,1824.8,1139.5,1830.2,1193.0,1816.0,1206.3,1861.1,1246.3,1870.6,1229.5,1927.2,1203.3,1944.4,1144.8,1957.2,1085.1,1951.3,1046.7,1931.4,1028.5,1864.8
598.0,9.95,1020.1,1866.7,1041.5,1764.2,1082.2,1702.3,1139.3,1723.2,1189.9,1699.0,1230.1,1767.5,1245.6,1868.2,1205.8,1859.9,1193.6,1795.0,1140.3,1801.9,1085.3,1799.1,1058.4,1847.9,1058.4,1847.9,1082.7,1830.6,1137.1,1834.8,1189.4,1820.1,1205.8,1859.9,1245.6,1868.2,1226.9,1926.6,1199.5,1943.5,1142.3,1956.4,1083.5,1951.6,1041.6,1933.7,1020.1,1866.7
599.0,9.967,1016.3,1864.9,1040.5,1762.8,1084.6,1699.1,1137.2,1719.3,1182.6,1696.5,1223.3,1764.6,1242.7,1865.6,1202.6,1858.7,1186.1,1790.4,1138.1,1796.3,1087.5,1794.2,1053.3,1847.0,1053.3,1847.0,1083.8,1835.0,1133.7,1838.5,1180.8,1824.6,1202.6,1858.7,1242.7,1865.6,1218.6,1928.0,1189.5,1944.2,1137.5,1956.1,1083.3,1951.9,1039.1,1934.7,1016.3,1864.9
600.0,9.983,1012.3,1864.2,1037.0,1765.3,1081.9,1703.2,1135.2,1724.0,1181.8,1700.8,1223.7,1768.2,1245.1,1866.4,1205.0,1859.4,1185.5,1796.2,1136.1,1802.3,1084.8,1799.7,1049.2,1846.4,1049.2,1846.4,1081.1,1834.2,1131.4,1838.1,1179.7,1824.2,1205.0,1859.4,1245.1,1866.4,1218.7,1928.7,1187.6,1945.5,1134.5,1957.4,1079.7,1952.7,1035.0,1934.0,1012.3,1864.2
601.0,10.0,1011.2,1861.1,1036.4,1760.0,1081.4,1697.3,1133.9,1717.9,1179.1,1696.0,1222.2,1764.1,1243.7,1864.6,1203.8,1857.7,1182.2,1791.6,1134.4,1796.6,1083.6,1794.3,1047.8,1843.6,1047.8,1843.6,1078.5,1832.9,1128.1,1837.4,1175.1,1824.7,1203.8,1857.7,1243.7,1864.6,1215.8,1928.1,1182.7,1944.5,1130.9,1955.0,1076.7,1949.5,1033.1,1929.1,1011.2,1861.1
602.0,10.017,1007.0,1863.9,1032.8,1762.3,1078.6,1699.8,1132.9,1720.6,1179.7,1698.8,1224.1,1766.3,1246.0,1867.2,1205.7,1860.2,1183.5,1795.6,1134.1,1800.4,1081.4,1798.0,1044.2,1846.3,1044.2,1846.3,1076.6,1831.0,1128.1,1835.1,1176.7,1822.4,1205.7,1860.2,1246.0,1867.2,1218.5,1927.4,1184.9,1943.1,1131.4,1953.8,1075.4,1948.7,1030.3,1930.0,1007.0,1863.9
603.0,10.033,1007.5,1861.0,1034.0,1760.0,1080.0,1697.5,1132.6,1717.8,1177.0,1697.0,1221.5,1764.2,1245.1,1864.6,1204.9,1858.1,1180.4,1791.7,1133.5,1796.2,1082.4,1794.0,1044.2,1843.8,1044.2,1843.8,1076.7,1832.6,1126.4,1836.9,1172.5,1825.1,1204.9,1858.1,1245.1,1864.6,1215.1,1927.7,1180.5,1943.7,1129.5,1953.4,1075.5,1948.1,1030.9,1928.1,1007.5,1861.0
604.0,10.05,1006.2,1859.8,1033.3,1756.2,1079.5,1693.5,1132.1,1712.5,1175.1,1693.2,1219.5,1759.6,1242.1,1862.6,1201.7,1856.5,1178.2,1786.3,1133.1,1790.4,1081.9,1789.0,1043.2,1843.0,1043.2,1843.0,1075.5,1830.9,1125.4,1834.4,1170.0,1823.0,1201.7,1856.5,1242.1,1862.6,1212.7,1925.6,1178.8,1940.6,1129.0,1949.8,1075.1,1945.2,1030.6,1927.0,1006.2,1859.8
605.0,10.067,1007.1,1859.0,1032.8,1756.9,1077.9,1696.0,1131.9,1714.7,1176.3,1695.8,1219.1,1761.2,1238.8,1863.2,1200.0,1857.0,1178.4,1784.2,1132.4,1788.5,1079.9,1786.6,1043.0,1842.0,1043.0,1842.0,1074.7,1833.5,1125.8,1836.7,1171.5,1824.6,1200.0,1857.0,1238.8,1863.2,1212.2,1924.4,1180.2,1939.4,1129.1,1949.4,1074.2,1944.4,1030.5,1926.7,1007.1,1859.0
606.0,10.083,1007.3,1857.6,1031.7,1757.1,1074.7,1698.9,1133.8,1717.7,1183.3,1698.7,1225.7,1762.3,1241.5,1862.5,1203.9,1856.3,1185.4,1788.5,1134.4,1793.3,1076.6,1790.9,1044.1,1840.8,1044.1,1840.8,1070.4,1827.2,1126.4,1830.5,1177.0,1817.7,1203.9,1856.3,1241.5,1862.5,1218.0,1920.8,1186.8,1937.3,1130.7,1948.0,1071.0,1942.3,1029.3,1923.7,1007.3,1857.6
607.0,10.1,1008.2,1854.6,1033.1,1754.0,1076.6,1696.1,1134.3,1714.8,1182.1,1697.6,1224.6,1761.0,1241.0,1861.8,1204.2,1855.6,1183.4,1784.8,1134.2,1788.2,1077.8,1785.5,1044.6,1838.6,1044.6,1838.6,1070.9,1825.6,1125.3,1829.0,1174.3,1817.4,1204.2,1855.6,1241.0,1861.8,1215.6,1918.4,1183.5,1932.7,1129.1,1941.9,1071.2,1935.9,1030.0,1918.2,1008.2,1854.6
608.0,10.117,1006.6,1848.9,1031.7,1750.7,1075.6,1694.2,1133.1,1713.0,1181.3,1695.2,1223.1,1757.4,1239.2,1855.5,1202.8,1849.7,1182.5,1781.3,1132.9,1785.4,1076.7,1782.5,1042.7,1833.0,1042.7,1833.0,1070.5,1824.5,1124.9,1827.9,1174.3,1815.3,1202.8,1849.7,1239.2,1855.5,1214.4,1915.2,1183.0,1931.5,1128.3,1941.9,1070.4,1935.9,1028.4,1916.9,1006.6,1848.9
609.0,10.133,1005.2,1848.6,1031.8,1750.4,1075.8,1693.8,1132.0,1712.9,1178.4,1695.2,1221.1,1757.5,1239.5,1855.7,1202.4,1849.7,1179.6,1783.0,1131.7,1786.9,1076.7,1784.0,1041.8,1832.7,1041.8,1832.7,1069.8,1822.1,1122.8,1825.8,1170.4,1814.1,1202.4,1849.7,1239.5,1855.7,1212.0,1914.8,1179.1,1930.3,1126.1,1939.7,1069.6,1933.6,1028.0,1914.5,1005.2,1848.6
610.0,10.15,1006.0,1850.7,1032.1,1751.4,1076.3,1692.7,1131.8,1711.7,1177.7,1694.2,1220.7,1758.3,1240.2,1858.1,1202.9,1851.6,1178.4,1780.2,1130.9,1783.6,1076.6,1780.8,1042.3,1834.5,1042.3,1834.5,1069.8,1824.4,1122.2,1828.5,1169.4,1817.6,1202.9,1851.6,1240.2,1858.1,1211.8,1916.9,1178.1,1930.5,1125.6,1939.2,1069.9,1933.2,1028.5,1915.0,1006.0,1850.7
611.0,10.167,1004.9,1849.4,1032.0,1751.4,1076.2,1694.0,1131.0,1713.3,1176.2,1695.3,1220.6,1758.9,1241.7,1857.3,1204.1,1850.5,1177.3,1784.4,1130.3,1788.1,1076.7,1785.3,1041.7,1833.1,1041.7,1833.1,1069.9,1821.2,1121.7,1825.7,1168.1,1815.2,1204.1,1850.5,1241.7,1857.3,1212.0,1916.5,1176.8,1930.3,1125.0,1938.7,1069.8,1932.4,1028.2,1913.4,1004.9,1849.4
612.0,10.183,1006.1,1850.1,1031.7,1751.1,1075.1,1693.0,1131.3,1712.7,1178.6,1694.4,1222.1,1758.4,1241.2,1857.6,1203.3,1850.3,1179.9,1784.3,1130.9,1787.8,1075.9,1784.8,1043.0,1833.3,1043.0,1833.3,1070.0,1819.3,1123.2,1823.8,1171.9,1812.7,1203.3,1850.3,1241.2,1857.6,1214.3,1913.8,1180.9,1928.6,1126.8,1937.8,1070.0,1931.7,1028.7,1913.4,1006.1,1850.1
613.0,10.2,1005.4,1851.9,1032.9,1753.4,1078.1,1694.5,1132.2,1714.3,1177.0,1696.8,1223.0,1762.5,1247.9,1860.7,1209.6,1853.9,1178.2,1786.5,1131.5,1788.8,1078.5,1786.0,1041.9,1835.3,1041.9,1835.3,1071.2,1823.1,1122.3,1827.8,1168.6,1819.1,1209.6,1853.9,1247.9,1860.7,1214.6,1918.9,1176.7,1933.5,1125.0,1940.7,1070.3,1934.5,1028.4,1914.7,1005.4,1851.9
614.0,10.217,1002.2,1849.0,1032.8,1750.0,1079.8,1689.8,1132.5,1709.0,1175.6,1691.5,1222.8,1757.2,1250.2,1855.2,1211.0,1849.0,1176.6,1781.8,1131.6,1784.0,1080.0,1781.9,1038.7,1832.8,1038.7,1832.8,1072.1,1818.2,1122.0,1822.6,1166.7,1814.6,1211.0,1849.0,1250.2,1855.2,1214.3,1914.2,1175.1,1928.2,1124.9,1935.1,1071.5,1929.6,1028.1,1910.7,1002.2,1849.0
615.0,10.233,1002.4,1853.7,1034.6,1754.3,1082.0,1693.2,1132.4,1712.5,1173.4,1694.8,1221.1,1762.6,1253.5,1858.8,1213.8,1852.9,1174.9,1785.5,1131.7,1786.8,1082.6,1785.6,1037.7,1836.8,1037.7,1836.8,1074.5,1817.1,1121.5,1820.9,1164.2,1814.7,1213.8,1852.9,1253.5,1858.8,1212.7,1913.2,1170.8,1927.6,1122.9,1933.7,1071.9,1928.8,1028.8,1911.0,1002.4,1853.7
616.0,10.25,993.6,1852.6,1030.7,1752.4,1082.7,1692.6,1132.6,1712.3,1174.4,1694.9,1226.0,1762.3,1262.7,1857.2,1223.7,1851.9,1175.2,1786.4,1131.1,1786.5,1082.0,1785.5,1029.4,1836.4,1029.4,1836.4,1073.6,1818.6,1120.7,1822.5,1164.7,1817.7,1223.7,1851.9,1262.7,1857.2,1217.5,1914.5,1169.7,1930.1,1120.7,1935.3,1069.3,1930.0,1022.4,1910.4,993.6,1852.6
617.0,10.267,1010.0,1857.8,1039.3,1754.6,1084.5,1696.4,1134.5,1716.6,1179.5,1697.6,1225.5,1764.9,1255.3,1860.7,1217.7,1853.3,1179.1,1786.9,1131.8,1787.1,1082.9,1785.7,1045.8,1839.4,1045.8,1839.4,1076.9,1821.2,1124.4,1826.1,1171.9,1819.9,1217.7,1853.3,1255.3,1860.7,1218.7,1912.1,1176.0,1929.2,1124.0,1936.3,1072.4,1930.5,1032.2,1911.6,1010.0,1857.8
618.0,10.283,1002.5,1856.4,1034.8,1755.4,1083.9,1696.3,1130.6,1716.9,1172.3,1698.7,1220.6,1767.7,1255.4,1862.3,1217.2,1855.6,1171.1,1791.8,1127.0,1790.5,1081.0,1789.2,1038.8,1838.9,1038.8,1838.9,1073.7,1817.5,1118.0,1822.4,1162.4,1818.2,1217.2,1855.6,1255.4,1862.3,1211.7,1915.3,1164.7,1930.9,1115.9,1936.2,1067.1,1929.9,1025.3,1909.6,1002.5,1856.4
619.0,10.3,1007.6,1862.1,1038.2,1757.4,1085.1,1696.6,1132.9,1716.8,1176.6,1698.2,1223.8,1767.8,1256.6,1864.4,1218.5,1857.9,1175.5,1791.0,1129.2,1789.9,1082.2,1789.0,1043.9,1844.5,1043.9,1844.5,1075.0,1819.5,1120.3,1824.4,1167.1,1819.6,1218.5,1857.9,1256.6,1864.4,1215.4,1914.0,1169.8,1930.2,1118.7,1936.4,1069.1,1930.4,1029.5,1911.6,1007.6,1862.1
620.0,10.317,1001.5,1863.3,1033.3,1759.4,1082.0,1699.3,1129.5,1719.6,1173.0,1701.8,1221.7,1771.1,1256.3,1868.0,1218.5,1861.3,1171.5,1792.4,1125.6,1790.7,1078.7,1789.4,1037.7,1846.0,1037.7,1846.0,1071.3,1825.2,1116.6,1830.5,1163.1,1826.6,1218.5,1861.3,1256.3,1868.0,1213.1,1918.5,1165.4,1933.5,1114.5,1938.6,1065.1,1932.3,1023.9,1913.2,1001.5,1863.3
621.0,10.333,1005.9,1865.5,1035.0,1759.4,1080.8,1699.4,1130.9,1720.2,1177.7,1702.0,1225.1,1772.5,1257.4,1870.7,1219.8,1863.0,1176.1,1793.2,1126.8,1791.4,1077.3,1789.9,1042.4,1847.2,1042.4,1847.2,1069.6,1823.3,1117.4,1829.2,1167.3,1824.9,1219.8,1863.0,1257.4,1870.7,1216.4,1916.5,1169.2,1931.3,1115.0,1936.6,1063.2,1929.5,1025.1,1910.2,1005.9,1865.5
622.0,10.35,1004.1,1863.2,1034.8,1758.4,1082.1,1697.3,1129.0,1717.6,1171.8,1699.5,1219.4,1769.7,1253.6,1866.8,1215.7,1859.8,1170.2,1790.3,1124.9,1788.6,1078.6,1787.7,1040.2,1845.1,1040.2,1845.1,1071.2,1822.7,1115.8,1828.0,1161.6,1824.2,1215.7,1859.8,1253.6,1866.8,1210.9,1916.4,1163.9,1931.5,1113.6,1936.8,1065.0,1930.4,1025.6,1911.5,1004.1,1863.2
623.0,10.367,1002.6,1862.9,1033.3,1760.7,1080.4,1702.5,1129.1,1723.2,1174.7,1704.9,1222.6,1773.2,1256.4,1867.6,1219.2,1860.5,1173.3,1793.6,1125.2,1792.3,1077.2,1790.7,1038.7,1845.1,1038.7,1845.1,1070.0,1826.9,1116.4,1832.8,1165.1,1828.1,1219.2,1860.5,1256.4,1867.6,1214.5,1916.9,1167.1,1933.3,1114.2,1938.9,1063.7,1932.0,1023.9,1911.7,1002.6,1862.9
624.0,10.383,1001.1,1865.2,1031.0,1761.4,1077.9,1702.2,1126.3,1722.7,1171.1,1705.2,1219.2,1774.8,1253.3,1871.1,1215.8,1863.8,1169.4,1793.9,1122.3,1791.8,1074.4,1790.3,1037.2,1847.2,1037.2,1847.2,1066.6,1828.3,1112.9,1834.3,1160.7,1830.6,1215.8,1863.8,1253.3,1871.1,1210.8,1919.5,1162.8,1934.3,1110.5,1939.0,1060.4,1932.1,1021.3,1912.1,1001.1,1865.2
625.0,10.4,1004.5,1867.9,1033.6,1760.3,1079.1,1699.4,1128.6,1719.4,1174.3,1702.7,1222.4,1773.6,1254.4,1872.7,1217.4,1865.6,1172.2,1790.2,1124.1,1787.7,1075.0,1786.6,1040.5,1849.9,1040.5,1849.9,1065.7,1833.7,1113.2,1840.2,1162.3,1836.5,1217.4,1865.6,1254.4,1872.7,1213.1,1922.0,1164.5,1937.3,1111.0,1941.7,1060.0,1934.0,1022.9,1912.8,1004.5,1867.9
626.0,10.417,1000.0,1864.2,1030.9,1761.1,1077.8,1703.5,1127.8,1724.2,1174.3,1706.3,1223.5,1775.4,1258.2,1870.5,1221.2,1862.8,1172.5,1796.0,1123.5,1794.4,1073.9,1792.6,1037.3,1846.1,1037.3,1846.1,1065.9,1828.5,1113.9,1834.7,1163.6,1830.7,1221.2,1862.8,1258.2,1870.5,1215.4,1919.8,1165.8,1935.5,1111.7,1940.3,1059.9,1933.0,1020.4,1911.6,1000.0,1864.2
627.0,10.433,1002.4,1866.8,1032.7,1764.3,1079.3,1705.7,1128.3,1726.5,1173.8,1708.6,1222.8,1777.8,1257.3,1872.5,1220.0,1864.7,1172.2,1799.3,1124.2,1797.6,1075.5,1796.1,1039.8,1848.4,1039.8,1848.4,1068.3,1826.5,1115.1,1832.5,1163.7,1828.4,1220.0,1864.7,1257.3,1872.5,1214.9,1919.4,1166.1,1934.8,1113.1,1939.8,1062.2,1932.7,1023.3,1912.3,1002.4,1866.8
628.0,10.45,999.3,1869.6,1030.6,1763.8,1079.0,1703.8,1128.4,1724.5,1174.1,1705.9,1223.5,1776.1,1258.6,1873.7,1220.8,1865.4,1172.5,1796.8,1124.3,1795.4,1075.5,1794.2,1036.6,1850.5,1036.6,1850.5,1068.8,1828.9,1116.0,1834.6,1164.8,1830.4,1220.8,1865.4,1258.6,1873.7,1216.3,1921.5,1167.0,1936.9,1113.9,1942.1,1062.6,1935.5,1021.4,1916.0,999.3,1869.6
629.0,10.467,1004.1,1869.0,1033.4,1764.3,1079.4,1705.2,1129.7,1726.3,1177.6,1707.7,1224.8,1777.8,1257.6,1873.9,1220.7,1865.7,1175.8,1796.3,1125.2,1795.0,1075.5,1793.1,1040.9,1850.3,1040.9,1850.3,1067.8,1831.3,1115.9,1837.7,1167.1,1832.7,1220.7,1865.7,1257.6,1873.9,1216.4,1920.5,1168.6,1936.6,1113.3,1942.3,1061.3,1934.8,1023.1,1914.1,1004.1,1869.0
630.0,10.483,999.0,1868.9,1030.5,1762.6,1078.6,1702.4,1129.1,1722.6,1176.9,1706.5,1226.2,1777.4,1259.2,1875.4,1223.0,1868.6,1174.3,1792.3,1124.2,1789.4,1073.7,1787.8,1035.1,1851.7,1035.1,1851.7,1063.4,1838.4,1112.4,1845.2,1163.8,1841.7,1223.0,1868.6,1259.2,1875.4,1216.2,1924.0,1165.1,1938.3,1109.5,1942.2,1057.1,1934.0,1018.0,1911.7,999.0,1868.9
631.0,10.5,998.3,1868.7,1029.7,1764.0,1077.5,1705.7,1128.3,1726.9,1176.2,1708.8,1225.9,1778.3,1261.0,1874.3,1223.8,1866.4,1174.3,1800.9,1124.0,1798.9,1073.4,1797.2,1036.5,1850.4,1036.5,1850.4,1065.8,1827.4,1114.6,1833.6,1165.6,1829.5,1223.8,1866.4,1261.0,1874.3,1217.9,1920.0,1167.4,1936.0,1112.1,1940.8,1059.4,1933.5,1019.3,1912.5,998.3,1868.7
632.0,10.517,1000.3,1868.6,1031.2,1760.2,1078.5,1699.8,1128.1,1719.7,1174.4,1702.8,1223.4,1773.9,1257.1,1873.2,1220.2,1866.4,1172.0,1790.3,1123.5,1787.8,1074.0,1786.8,1037.2,1851.0,1037.2,1851.0,1064.5,1837.4,1112.5,1843.8,1162.2,1840.4,1220.2,1866.4,1257.1,1873.2,1214.6,1923.9,1164.5,1939.8,1110.3,1944.1,1058.9,1936.6,1019.9,1914.5,1000.3,1868.6
633.0,10.533,1000.8,1865.1,1030.7,1760.7,1077.6,1701.4,1128.2,1722.0,1176.3,1704.5,1225.1,1775.1,1258.5,1871.5,1221.9,1863.9,1173.8,1792.4,1123.4,1790.3,1073.0,1788.5,1037.9,1847.0,1037.9,1847.0,1064.2,1831.4,1113.0,1838.3,1164.5,1834.1,1221.9,1863.9,1258.5,1871.5,1216.2,1919.8,1166.3,1935.7,1110.4,1940.6,1058.0,1932.7,1019.5,1910.6,1000.8,1865.1
634.0,10.55,1001.0,1868.4,1030.9,1760.1,1077.3,1699.6,1127.9,1719.9,1175.6,1702.7,1223.9,1773.9,1256.6,1873.6,1219.6,1866.2,1173.2,1790.7,1123.1,1788.4,1072.8,1787.1,1037.7,1850.3,1037.7,1850.3,1063.1,1835.2,1111.8,1841.8,1163.0,1837.8,1219.6,1866.2,1256.6,1873.6,1214.2,1922.2,1164.4,1937.5,1108.9,1942.0,1056.7,1934.2,1019.0,1912.7,1001.0,1868.4
635.0,10.567,999.7,1869.0,1030.9,1760.7,1078.5,1699.9,1128.3,1719.9,1174.6,1703.0,1223.5,1774.2,1257.5,1873.7,1220.4,1866.9,1172.3,1791.8,1123.6,1789.3,1074.0,1788.3,1036.7,1851.3,1036.7,1851.3,1064.2,1834.2,1112.1,1840.3,1161.9,1836.6,1220.4,1866.9,1257.5,1873.7,1213.9,1922.2,1163.4,1937.2,1109.3,1941.5,1057.8,1934.1,1019.0,1913.0,999.7,1869.0
636.0,10.583,1004.6,1866.2,1033.6,1761.5,1079.5,1702.4,1129.8,1723.0,1178.0,1705.3,1225.8,1775.6,1258.9,1871.5,1222.2,1864.0,1175.9,1792.9,1125.2,1790.7,1075.3,1789.1,1041.6,1848.1,1041.6,1848.1,1066.7,1831.9,1115.1,1838.6,1166.7,1834.1,1222.2,1864.0,1258.9,1871.5,1217.3,1918.8,1168.5,1935.0,1112.6,1940.1,1060.6,1932.4,1023.0,1910.7,1004.6,1866.2
637.0,10.6,1001.6,1868.4,1032.4,1760.6,1079.7,1701.1,1130.1,1721.9,1177.7,1705.0,1226.9,1775.9,1260.9,1875.0,1224.2,1867.0,1175.5,1793.5,1125.5,1790.5,1075.2,1788.8,1039.0,1850.5,1039.0,1850.5,1066.2,1832.5,1114.8,1839.1,1166.0,1835.7,1224.2,1867.0,1260.9,1875.0,1218.2,1920.8,1167.6,1935.2,1112.1,1939.1,1060.0,1931.3,1020.9,1910.2,1001.6,1868.4
638.0,10.617,1005.4,1865.8,1034.4,1760.8,1079.9,1701.7,1131.2,1722.3,1180.5,1704.4,1227.7,1774.2,1259.7,1870.5,1223.2,1862.8,1178.4,1791.8,1126.5,1790.2,1075.6,1788.3,1042.5,1847.5,1042.5,1847.5,1067.1,1831.2,1116.5,1837.9,1169.3,1832.9,1223.2,1862.8,1259.7,1870.5,1219.2,1917.1,1171.1,1933.5,1114.1,1939.1,1061.1,1931.4,1023.6,1910.5,1005.4,1865.8
639.0,10.633,1000.2,1868.2,1032.7,1761.1,1081.7,1699.8,1128.9,1720.1,1172.1,1703.0,1222.1,1774.5,1258.6,1872.8,1220.9,1866.0,1169.9,1794.4,1124.3,1791.6,1077.2,1791.0,1037.4,1850.5,1037.4,1850.5,1067.9,1832.2,1113.3,1838.0,1159.8,1835.1,1220.9,1866.0,1258.6,1872.8,1212.9,1924.0,1161.6,1939.4,1110.6,1943.2,1061.5,1936.1,1021.2,1914.5,1000.2,1868.2
640.0,10.65,1007.0,1865.2,1036.4,1760.0,1082.7,1700.3,1132.0,1721.2,1178.7,1702.9,1226.4,1773.5,1259.9,1869.8,1222.7,1861.9,1176.8,1793.8,1127.6,1791.8,1078.7,1790.3,1044.8,1846.7,1044.8,1846.7,1071.2,1825.9,1118.5,1832.0,1168.7,1827.7,1222.7,1861.9,1259.9,1869.8,1218.8,1916.9,1170.9,1933.5,1116.4,1938.9,1065.1,1931.8,1026.5,1910.9,1007.0,1865.2
641.0,10.667,1006.6,1866.0,1036.3,1758.3,1082.7,1697.2,1132.5,1717.1,1179.7,1699.9,1227.7,1770.5,1260.2,1869.1,1223.2,1862.2,1177.8,1786.5,1128.2,1784.3,1078.9,1783.1,1043.2,1848.5,1043.2,1848.5,1070.0,1833.8,1117.9,1840.2,1168.8,1835.8,1223.2,1862.2,1260.2,1869.1,1219.4,1917.9,1171.2,1934.8,1116.0,1940.0,1064.6,1932.8,1026.1,1911.9,1006.6,1866.0
642.0,10.683,1001.5,1867.4,1032.6,1759.5,1079.7,1699.3,1130.7,1719.2,1178.7,1701.8,1227.5,1772.6,1260.7,1871.1,1223.8,1864.1,1176.7,1788.7,1126.3,1786.9,1075.6,1785.9,1038.0,1849.4,1038.0,1849.4,1066.3,1834.0,1115.5,1840.3,1166.8,1836.1,1223.8,1864.1,1260.7,1871.1,1218.7,1919.4,1168.9,1935.2,1113.2,1940.1,1060.4,1932.6,1021.4,1911.2,1001.5,1867.4
643.0,10.7,1008.5,1868.0,1037.4,1759.1,1082.8,1698.3,1132.6,1718.3,1178.8,1700.6,1226.7,1772.2,1259.5,1871.9,1222.2,1864.0,1176.9,1789.9,1128.2,1787.9,1078.8,1787.0,1045.7,1849.2,1045.7,1849.2,1070.3,1830.3,1118.0,1836.4,1167.6,1832.4,1222.2,1864.0,1259.5,1871.9,1218.7,1919.5,1170.3,1934.8,1116.3,1939.6,1064.9,1932.4,1027.3,1912.1,1008.5,1868.0
644.0,10.717,1013.9,1867.4,1040.9,1760.4,1085.2,1701.3,1133.6,1722.0,1178.8,1703.6,1225.8,1775.0,1258.8,1872.9,1221.6,1863.7,1177.1,1792.5,1129.4,1790.7,1081.6,1789.6,1051.0,1847.3,1051.0,1847.3,1074.5,1829.7,1120.8,1836.2,1169.2,1832.4,1221.6,1863.7,1258.8,1872.9,1219.1,1920.1,1171.8,1935.9,1119.1,1940.8,1068.7,1933.4,1032.0,1911.8,1013.9,1867.4
645.0,10.733,1010.2,1868.0,1039.0,1755.8,1084.6,1695.1,1135.1,1716.2,1181.9,1698.4,1231.1,1771.8,1264.2,1874.1,1226.6,1864.8,1179.8,1791.4,1130.5,1788.6,1080.1,1787.6,1048.4,1848.1,1048.4,1848.1,1071.4,1826.9,1120.0,1833.4,1170.3,1830.1,1226.6,1864.8,1264.2,1874.1,1222.9,1920.7,1172.6,1935.7,1117.9,1939.6,1065.3,1931.7,1027.7,1909.5,1010.2,1868.0
646.0,10.75,1013.2,1869.0,1041.2,1759.5,1086.3,1697.9,1135.6,1717.9,1182.2,1699.1,1228.3,1771.3,1260.6,1870.6,1223.2,1862.7,1180.6,1786.7,1131.5,1785.3,1082.9,1784.8,1049.8,1849.6,1049.8,1849.6,1074.7,1833.5,1121.9,1839.5,1171.9,1834.6,1223.2,1862.7,1260.6,1870.6,1221.1,1918.6,1174.5,1935.3,1120.1,1941.2,1069.1,1934.5,1031.5,1914.0,1013.2,1869.0
647.0,10.767,1010.4,1865.8,1041.2,1760.1,1088.2,1700.8,1136.5,1720.7,1182.3,1702.4,1230.2,1772.8,1266.1,1869.2,1229.2,1861.8,1180.9,1787.2,1132.6,1785.6,1084.8,1784.7,1046.8,1847.3,1046.8,1847.3,1076.4,1836.0,1122.7,1842.1,1172.0,1837.7,1229.2,1861.8,1266.1,1869.2,1223.1,1918.1,1174.2,1933.9,1120.8,1938.9,1070.8,1932.1,1031.3,1911.1,1010.4,1865.8
648.0,10.783,1014.2,1864.1,1042.4,1758.3,1087.4,1699.8,1135.4,1720.3,1180.5,1701.6,1227.4,1772.6,1262.0,1868.5,1224.6,1860.0,1179.2,1790.0,1131.4,1788.4,1084.0,1787.4,1050.7,1844.4,1050.7,1844.4,1076.3,1830.4,1122.1,1836.6,1170.7,1832.2,1224.6,1860.0,1262.0,1868.5,1220.6,1917.1,1172.9,1933.2,1120.1,1938.4,1070.2,1931.4,1032.5,1909.5,1014.2,1864.1
649.0,10.8,1009.0,1867.8,1041.0,1758.9,1089.0,1699.1,1135.5,1719.2,1177.7,1701.0,1227.7,1772.4,1265.4,1871.8,1227.4,1863.5,1176.5,1791.8,1131.6,1789.9,1085.4,1789.7,1046.6,1848.6,1046.6,1848.6,1077.3,1832.5,1121.9,1838.1,1167.4,1835.0,1227.4,1863.5,1265.4,1871.8,1220.9,1922.4,1169.9,1937.4,1120.0,1941.4,1071.3,1934.9,1030.9,1913.7,1009.0,1867.8
650.0,10.817,1014.9,1865.7,1043.0,1759.0,1087.7,1700.4,1136.5,1721.0,1182.4,1702.3,1229.2,1773.7,1263.5,1871.1,1226.2,1862.1,1180.9,1790.0,1132.3,1788.5,1084.1,1787.2,1052.0,1846.0,1052.0,1846.0,1076.2,1831.7,1123.0,1838.1,1172.4,1834.0,1226.2,1862.1,1263.5,1871.1,1222.7,1918.7,1175.0,1933.6,1121.3,1938.4,1070.7,1931.4,1033.2,1910.2,1014.9,1865.7
651.0,10.833,1014.5,1867.0,1043.4,1758.2,1088.6,1697.6,1136.7,1718.1,1181.6,1699.1,1229.2,1771.6,1264.0,1870.5,1226.1,1861.8,1180.1,1790.5,1132.5,1788.8,1084.8,1788.2,1052.3,1847.3,1052.3,1847.3,1076.9,1828.7,1123.0,1834.9,1171.4,1831.0,1226.1,1861.8,1264.0,1870.5,1222.5,1919.2,1174.4,1934.7,1121.6,1939.6,1071.5,1932.7,1033.8,1911.7,1014.5,1867.0
652.0,10.85,1012.5,1867.2,1040.8,1758.4,1086.1,1698.2,1135.3,1718.2,1181.8,1699.6,1228.7,1771.1,1262.0,1870.2,1224.7,1862.0,1180.4,1786.0,1131.4,1784.7,1082.8,1783.8,1049.3,1848.0,1049.3,1848.0,1074.5,1836.2,1121.7,1842.5,1171.8,1837.8,1224.7,1862.0,1262.0,1870.2,1221.9,1920.2,1174.7,1936.6,1120.3,1942.0,1069.3,1935.3,1031.0,1914.2,1012.5,1867.2
653.0,10.867,1003.7,1865.8,1035.3,1758.2,1083.3,1697.6,1131.9,1717.8,1177.4,1698.7,1225.8,1770.1,1261.4,1868.0,1223.4,1860.5,1176.1,1786.9,1128.0,1785.9,1080.0,1785.2,1040.4,1847.0,1040.4,1847.0,1072.1,1833.1,1118.8,1838.9,1167.6,1834.4,1223.4,1860.5,1261.4,1868.0,1218.9,1919.4,1170.3,1936.2,1117.1,1941.8,1066.5,1935.4,1025.5,1914.6,1003.7,1865.8
654.0,10.883,1003.3,1863.9,1037.1,1756.8,1086.3,1696.7,1131.9,1716.3,1173.6,1697.7,1223.5,1768.0,1262.1,1865.6,1224.1,1858.1,1172.8,1786.1,1128.5,1784.8,1083.4,1784.7,1040.1,1845.5,1040.1,1845.5,1076.0,1831.0,1119.8,1836.3,1164.6,1832.8,1224.1,1858.1,1262.1,1865.6,1217.6,1917.7,1167.8,1933.0,1118.4,1937.6,1070.8,1931.9,1028.2,1912.1,1003.3,1863.9
655.0,10.9,1005.3,1863.7,1035.4,1756.5,1082.8,1695.7,1130.1,1716.2,1174.4,1697.7,1223.2,1769.8,1259.9,1867.8,1221.9,1859.8,1173.1,1785.8,1126.2,1783.8,1079.4,1783.0,1041.9,1844.6,1041.9,1844.6,1071.5,1831.7,1116.9,1837.9,1164.7,1834.3,1221.9,1859.8,1259.9,1867.8,1216.6,1918.8,1167.4,1934.7,1115.1,1939.4,1065.8,1932.7,1025.8,1911.2,1005.3,1863.7
656.0,10.917,1008.4,1863.3,1037.9,1754.4,1084.2,1694.1,1130.5,1714.8,1173.0,1695.5,1221.6,1768.5,1258.7,1867.6,1220.3,1858.1,1171.9,1787.9,1126.7,1786.1,1080.9,1785.7,1046.0,1842.8,1046.0,1842.8,1074.0,1823.0,1118.3,1828.8,1164.1,1825.6,1220.3,1858.1,1258.7,1867.6,1215.9,1916.2,1167.0,1930.6,1116.7,1934.9,1068.2,1928.4,1028.9,1907.8,1008.4,1863.3
657.0,10.933,1012.0,1862.9,1040.2,1752.2,1084.2,1691.6,1132.2,1712.0,1176.0,1693.5,1224.4,1766.5,1259.9,1866.5,1221.9,1857.0,1174.6,1785.3,1128.0,1783.2,1080.4,1783.0,1050.0,1842.2,1050.0,1842.2,1072.4,1821.5,1118.3,1827.7,1165.6,1824.6,1221.9,1857.0,1259.9,1866.5,1218.3,1913.1,1169.1,1927.4,1117.2,1931.3,1067.5,1924.4,1030.8,1903.5,1012.0,1862.9
658.0,10.95,1011.5,1863.3,1040.5,1751.8,1085.1,1690.4,1131.9,1710.5,1174.4,1691.8,1222.9,1765.3,1258.3,1866.3,1220.3,1857.1,1173.0,1784.4,1127.8,1782.4,1081.2,1782.6,1049.6,1843.1,1049.6,1843.1,1073.2,1822.2,1118.1,1828.1,1164.0,1824.9,1220.3,1857.1,1258.3,1866.3,1216.6,1914.5,1167.5,1928.6,1117.1,1932.7,1068.3,1926.1,1031.1,1905.5,1011.5,1863.3
659.0,10.967,1004.3,1860.4,1035.8,1752.0,1083.4,1692.0,1129.0,1711.7,1169.9,1693.2,1219.0,1765.5,1256.9,1863.5,1218.7,1855.9,1168.8,1784.4,1125.2,1782.8,1080.0,1783.1,1041.7,1841.4,1041.7,1841.4,1071.2,1827.2,1114.8,1832.6,1158.9,1829.2,1218.7,1855.9,1256.9,1863.5,1211.8,1917.5,1161.6,1933.2,1113.0,1937.3,1065.2,1931.1,1025.2,1908.6,1004.3,1860.4
660.0,10.983,1004.3,1859.7,1035.1,1751.6,1082.6,1691.8,1130.3,1711.6,1174.5,1693.2,1223.5,1764.5,1259.9,1863.0,1222.3,1855.2,1173.4,1780.4,1126.7,1778.9,1079.6,1778.3,1041.3,1840.9,1041.3,1840.9,1071.3,1831.0,1117.1,1836.8,1164.8,1832.8,1222.3,1855.2,1259.9,1863.0,1217.2,1915.2,1167.7,1931.6,1115.7,1936.4,1066.1,1930.0,1025.5,1908.3,1004.3,1859.7
661.0,11.0,1000.9,1858.2,1033.0,1751.1,1081.9,1691.5,1127.9,1712.0,1169.7,1693.0,1220.4,1765.2,1259.7,1862.3,1221.3,1853.8,1168.8,1785.9,1124.3,1784.1,1078.7,1783.9,1038.5,1838.6,1038.5,1838.6,1071.5,1821.4,1115.6,1827.0,1160.5,1824.1,1221.3,1853.8,1259.7,1862.3,1214.6,1915.2,1163.4,1930.9,1113.9,1934.9,1065.5,1928.5,1023.5,1906.1,1000.9,1858.2
662.0,11.017,1007.7,1855.5,1037.2,1747.1,1084.1,1686.8,1130.7,1706.6,1174.4,1687.2,1221.7,1758.4,1257.0,1856.6,1219.4,1848.0,1173.6,1773.5,1127.3,1772.6,1081.7,1772.3,1044.0,1835.6,1044.0,1835.6,1075.3,1825.7,1120.0,1831.0,1167.2,1826.2,1219.4,1848.0,1257.0,1856.6,1217.0,1908.0,1170.3,1925.3,1118.8,1931.4,1070.1,1925.7,1029.3,1905.2,1007.7,1855.5
663.0,11.033,1006.3,1859.1,1037.4,1748.7,1084.4,1687.2,1128.7,1707.2,1168.0,1688.5,1217.5,1761.7,1255.3,1861.8,1216.8,1853.1,1167.0,1782.3,1125.0,1780.1,1081.0,1780.7,1043.8,1839.1,1043.8,1839.1,1073.4,1818.9,1115.7,1824.1,1158.2,1821.4,1216.8,1853.1,1255.3,1861.8,1211.2,1913.0,1161.2,1927.3,1114.2,1931.1,1067.7,1924.9,1028.1,1904.5,1006.3,1859.1
664.0,11.05,1006.8,1856.8,1037.1,1745.2,1082.9,1684.1,1130.3,1703.8,1173.7,1684.7,1221.2,1757.0,1256.1,1857.6,1218.0,1848.8,1172.7,1775.9,1126.7,1774.5,1079.8,1774.7,1044.3,1836.7,1044.3,1836.7,1072.3,1816.8,1117.8,1821.8,1164.4,1817.7,1218.0,1848.8,1256.1,1857.6,1215.2,1905.1,1167.5,1920.4,1116.4,1925.5,1066.9,1919.8,1027.8,1900.3,1006.8,1856.8
665.0,11.067,1006.1,1852.9,1037.1,1742.8,1083.9,1682.2,1129.7,1701.5,1170.9,1682.9,1219.6,1754.5,1255.9,1853.7,1217.7,1845.8,1169.9,1773.0,1126.1,1771.7,1080.8,1772.4,1042.9,1833.2,1042.9,1833.2,1072.6,1821.0,1116.5,1826.2,1161.0,1822.2,1217.7,1845.8,1255.9,1853.7,1213.2,1907.3,1164.1,1924.3,1115.0,1929.3,1067.2,1923.3,1027.5,1901.7,1006.1,1852.9
666.0,11.083,1007.9,1849.2,1038.6,1740.9,1084.5,1682.8,1130.8,1702.7,1172.9,1684.3,1221.5,1755.5,1258.2,1853.0,1220.9,1844.0,1171.6,1773.2,1126.7,1771.7,1080.8,1771.4,1045.4,1829.3,1045.4,1829.3,1072.6,1819.2,1117.1,1825.2,1162.5,1821.8,1220.9,1844.0,1258.2,1853.0,1215.4,1906.3,1165.5,1922.6,1115.7,1926.7,1067.2,1920.0,1028.4,1896.6,1007.9,1849.2
667.0,11.1,1006.9,1853.6,1037.4,1742.1,1083.6,1680.3,1131.0,1700.0,1173.8,1681.8,1222.6,1754.9,1257.6,1856.0,1219.6,1847.8,1172.2,1773.2,1126.7,1771.4,1079.6,1771.6,1044.4,1834.0,1044.4,1834.0,1070.7,1818.6,1116.3,1824.3,1162.6,1820.8,1219.6,1847.8,1257.6,1856.0,1215.2,1908.3,1165.7,1923.9,1114.9,1928.3,1065.5,1921.7,1026.8,1900.3,1006.9,1853.6
668.0,11.117,1007.2,1854.7,1038.2,1741.7,1085.5,1680.3,1131.6,1700.3,1173.5,1681.6,1223.1,1754.5,1259.4,1856.7,1221.3,1847.5,1172.4,1773.0,1127.9,1771.1,1082.2,1771.4,1044.8,1834.3,1044.8,1834.3,1074.7,1818.6,1119.1,1824.0,1164.3,1820.6,1221.3,1847.5,1259.4,1856.7,1217.2,1907.6,1167.2,1923.5,1117.5,1928.0,1069.1,1921.8,1028.7,1900.7,1007.2,1854.7
669.0,11.133,1002.7,1851.2,1036.3,1739.8,1085.4,1678.6,1132.3,1698.0,1175.2,1679.0,1225.0,1750.5,1261.6,1851.4,1223.7,1843.6,1174.0,1767.4,1128.5,1766.7,1082.1,1767.0,1039.2,1832.0,1039.2,1832.0,1074.4,1820.8,1119.6,1826.0,1165.8,1821.8,1223.7,1843.6,1261.6,1851.4,1218.7,1905.4,1168.5,1922.5,1117.8,1928.0,1068.7,1921.9,1026.3,1900.7,1002.7,1851.2
670.0,11.15,1009.4,1854.9,1037.6,1741.7,1082.2,1681.5,1134.0,1701.7,1182.2,1683.5,1231.5,1756.7,1264.6,1858.6,1227.3,1849.3,1180.8,1772.8,1129.7,1771.1,1078.4,1770.7,1047.0,1834.4,1047.0,1834.4,1069.6,1820.9,1119.6,1827.7,1171.5,1823.7,1227.3,1849.3,1264.6,1858.6,1225.1,1906.9,1174.6,1923.4,1118.2,1928.1,1064.5,1920.5,1027.1,1897.1,1009.4,1854.9
671.0,11.167,1009.8,1855.3,1039.3,1741.4,1085.2,1679.8,1134.6,1699.4,1180.2,1681.0,1228.8,1754.5,1262.6,1856.9,1224.8,1848.3,1178.8,1770.6,1130.5,1769.0,1081.6,1769.3,1046.9,1835.3,1046.9,1835.3,1072.9,1821.6,1120.5,1827.7,1169.7,1823.6,1224.8,1848.3,1262.6,1856.9,1222.2,1907.7,1172.9,1924.2,1119.2,1929.2,1067.8,1922.3,1029.1,1899.8,1009.8,1855.3
672.0,11.183,1010.2,1855.3,1039.5,1741.2,1085.0,1681.9,1135.2,1701.1,1182.1,1683.2,1230.6,1755.7,1264.3,1857.1,1227.1,1847.7,1181.5,1767.0,1132.0,1765.5,1082.7,1765.6,1046.5,1835.1,1046.5,1835.1,1075.0,1827.2,1123.5,1833.3,1174.0,1828.9,1227.1,1847.7,1264.3,1857.1,1226.3,1906.0,1178.1,1922.2,1123.1,1927.3,1071.1,1920.8,1031.2,1898.6,1010.2,1855.3
673.0,11.2,1019.1,1852.8,1047.7,1738.6,1090.0,1680.8,1139.2,1699.9,1184.9,1681.9,1231.6,1754.1,1266.2,1853.0,1228.5,1842.2,1185.2,1765.8,1136.5,1764.1,1088.3,1765.0,1055.5,1830.9,1055.5,1830.9,1082.0,1817.0,1129.4,1822.5,1178.8,1818.3,1228.5,1842.2,1266.2,1853.0,1229.5,1895.3,1183.4,1911.0,1129.5,1916.2,1078.6,1910.2,1041.1,1889.4,1019.1,1852.8
674.0,11.217,1009.0,1849.1,1044.1,1742.2,1090.9,1687.7,1139.0,1705.5,1185.5,1687.1,1231.5,1753.1,1268.4,1845.2,1230.2,1836.7,1186.6,1764.6,1137.3,1764.8,1090.6,1765.7,1043.9,1830.0,1043.9,1830.0,1084.8,1823.1,1131.0,1827.3,1180.7,1819.8,1230.2,1836.7,1268.4,1845.2,1228.6,1889.0,1184.2,1905.8,1130.5,1913.3,1081.1,1908.9,1038.1,1889.3,1009.0,1849.1
675.0,11.233,1011.8,1847.3,1042.1,1738.7,1085.6,1685.9,1138.7,1704.3,1190.7,1687.3,1235.4,1752.9,1266.6,1846.3,1228.6,1836.1,1191.3,1761.9,1136.5,1761.5,1084.9,1761.2,1046.8,1826.9,1046.8,1826.9,1078.4,1828.1,1129.9,1834.0,1185.5,1826.1,1228.6,1836.1,1266.6,1846.3,1232.1,1889.1,1189.4,1907.6,1129.7,1915.1,1075.5,1909.1,1035.6,1885.5,1011.8,1847.3
676.0,11.25,1004.7,1848.3,1035.0,1736.9,1078.9,1685.0,1136.1,1703.2,1191.7,1685.2,1238.3,1751.3,1269.5,1845.1,1230.6,1834.4,1192.8,1761.3,1134.3,1762.0,1078.9,1762.1,1040.4,1827.1,1040.4,1827.1,1073.9,1827.1,1129.7,1832.8,1188.6,1825.1,1230.6,1834.4,1269.5,1845.1,1237.4,1890.5,1193.9,1912.0,1130.5,1920.0,1071.7,1914.4,1029.9,1889.7,1004.7,1848.3
677.0,11.267,998.4,1850.8,1029.6,1738.6,1073.3,1686.3,1133.5,1704.2,1192.2,1685.7,1239.0,1753.3,1270.4,1846.8,1230.8,1836.0,1193.2,1762.1,1131.5,1763.1,1073.1,1763.7,1034.0,1829.0,1034.0,1829.0,1067.7,1822.3,1126.5,1827.5,1188.4,1819.7,1230.8,1836.0,1270.4,1846.8,1237.8,1887.7,1193.7,1907.9,1127.1,1916.1,1065.4,1910.8,1023.9,1887.8,998.4,1850.8
678.0,11.283,1000.0,1844.1,1030.8,1735.7,1073.4,1686.7,1133.2,1704.8,1191.3,1686.9,1238.8,1754.0,1271.2,1843.4,1232.8,1831.6,1192.4,1760.2,1131.3,1760.8,1073.3,1761.0,1035.3,1821.7,1035.3,1821.7,1068.6,1819.6,1127.0,1825.6,1188.3,1818.8,1232.8,1831.6,1271.2,1843.4,1239.0,1883.9,1194.2,1903.5,1128.2,1910.6,1066.9,1904.5,1025.9,1879.5,1000.0,1844.1
679.0,11.3,994.1,1845.9,1024.7,1733.9,1067.5,1685.0,1132.6,1702.4,1196.0,1684.3,1245.4,1750.1,1277.1,1841.1,1238.0,1828.7,1197.8,1756.8,1131.5,1757.9,1068.4,1758.6,1030.1,1822.5,1030.1,1822.5,1065.2,1819.6,1129.0,1824.9,1195.6,1817.5,1238.0,1828.7,1277.1,1841.1,1248.0,1878.3,1202.6,1901.1,1131.1,1909.1,1064.4,1904.2,1021.8,1879.9,994.1,1845.9
680.0,11.317,987.1,1848.4,1020.4,1730.9,1066.5,1681.4,1132.6,1699.6,1197.1,1681.7,1251.1,1750.3,1287.5,1845.8,1248.3,1831.9,1199.5,1756.1,1131.9,1756.1,1067.7,1756.9,1023.8,1824.2,1023.8,1824.2,1065.8,1815.8,1130.9,1820.8,1198.6,1815.1,1248.3,1831.9,1287.5,1845.8,1255.7,1877.7,1205.5,1896.9,1132.8,1903.5,1064.7,1898.8,1017.9,1876.2,987.1,1848.4
681.0,11.333,911.8,1874.8,985.2,1744.9,1065.5,1683.2,1132.3,1698.9,1194.0,1683.0,1280.2,1754.0,1354.8,1864.1,1309.1,1854.7,1197.0,1758.5,1132.3,1759.9,1066.1,1764.2,951.7,1858.5,951.7,1858.5,1061.8,1813.7,1128.7,1814.8,1193.0,1815.8,1309.1,1854.7,1354.8,1864.1,1284.9,1891.6,1201.7,1890.8,1131.4,1891.8,1061.6,1892.4,981.0,1889.0,911.8,1874.8
682.0,11.35,889.0,1875.7,976.1,1751.8,1065.2,1690.3,1131.4,1704.5,1193.1,1688.9,1287.4,1756.8,1373.4,1862.8,1327.0,1856.6,1195.5,1760.2,1131.0,1763.2,1065.0,1767.7,928.7,1863.8,928.7,1863.8,1059.6,1812.4,1126.5,1812.6,1190.6,1814.8,1327.0,1856.6,1373.4,1862.8,1290.9,1891.6,1198.4,1885.4,1128.5,1885.5,1058.8,1887.2,969.9,1889.0,889.0,1875.7
683.0,11.367,879.5,1872.3,971.3,1754.1,1062.8,1693.8,1129.1,1707.2,1192.4,1691.8,1286.9,1756.4,1376.1,1858.1,1329.5,1854.6,1194.5,1757.1,1128.5,1761.3,1062.5,1765.4,917.7,1863.8,917.7,1863.8,1056.1,1816.2,1123.1,1816.1,1188.5,1817.6,1329.5,1854.6,1376.1,1858.1,1288.7,1888.7,1195.2,1882.9,1124.1,1883.9,1054.6,1885.9,963.7,1888.9,879.5,1872.3
684.0,11.383,866.5,1876.4,963.3,1755.5,1060.3,1693.0,1127.1,1705.4,1189.7,1689.7,1289.3,1753.7,1383.5,1858.2,1335.2,1855.5,1192.3,1755.3,1127.2,1761.1,1060.7,1765.9,905.2,1869.3,905.2,1869.3,1053.6,1815.2,1121.1,1813.7,1185.8,1815.3,1335.2,1855.5,1383.5,1858.2,1290.6,1890.2,1192.6,1882.5,1122.0,1883.7,1051.7,1887.4,955.1,1894.2,866.5,1876.4
685.0,11.4,863.6,1884.6,960.5,1754.0,1059.6,1688.1,1128.5,1700.5,1192.9,1684.6,1295.1,1752.3,1384.4,1865.6,1335.4,1862.3,1194.8,1760.1,1128.1,1765.8,1058.9,1771.1,904.9,1877.5,904.9,1877.5,1049.1,1812.3,1119.5,1811.8,1186.3,1814.2,1335.4,1862.3,1384.4,1865.6,1294.6,1900.5,1194.3,1890.2,1121.4,1890.2,1048.3,1893.3,950.3,1899.1,863.6,1884.6
686.0,11.417,860.2,1873.9,954.1,1744.1,1061.7,1676.7,1128.7,1691.9,1190.3,1672.6,1300.6,1737.8,1391.8,1853.7,1344.1,1855.1,1195.0,1774.7,1130.8,1782.0,1063.5,1785.4,906.1,1872.3,906.1,1872.3,1055.5,1837.6,1124.8,1840.0,1188.9,1840.0,1344.1,1855.1,1391.8,1853.7,1304.7,1944.3,1201.0,1955.2,1130.6,1957.1,1056.8,1957.8,947.2,1940.9,860.2,1873.9
687.0,11.433,860.7,1868.8,942.1,1731.5,1057.6,1655.6,1127.1,1676.0,1189.6,1651.9,1306.4,1723.0,1391.9,1846.0,1343.3,1852.1,1198.5,1794.5,1133.6,1799.7,1063.7,1802.0,913.0,1868.3,913.0,1868.3,1057.6,1865.7,1130.1,1868.7,1196.3,1865.4,1343.3,1852.1,1391.9,1846.0,1317.4,1998.3,1214.2,2047.6,1140.7,2056.2,1060.6,2054.6,940.2,2009.5,860.7,1868.8
688.0,11.45,861.4,1862.2,943.4,1728.2,1059.0,1656.6,1128.9,1677.4,1193.3,1653.8,1310.2,1723.3,1395.8,1842.6,1348.5,1847.9,1201.1,1789.3,1134.1,1794.3,1064.1,1795.8,912.1,1861.3,912.1,1861.3,1059.7,1872.8,1132.6,1876.9,1200.6,1873.7,1348.5,1847.9,1395.8,1842.6,1321.1,1995.3,1216.8,2046.0,1141.7,2054.5,1061.3,2051.9,940.7,2003.2,861.4,1862.2
689.0,11.467,858.4,1858.1,941.9,1729.8,1057.1,1662.5,1128.4,1683.0,1195.2,1659.7,1312.1,1725.3,1399.4,1839.1,1352.5,1844.4,1202.7,1787.7,1133.4,1793.3,1062.0,1794.2,908.1,1857.1,908.1,1857.1,1058.2,1874.4,1132.5,1878.6,1202.8,1875.0,1352.5,1844.4,1399.4,1839.1,1323.2,1987.2,1218.0,2037.7,1140.8,2046.3,1059.5,2043.6,939.2,1995.2,858.4,1858.1
690.0,11.483,857.1,1854.7,942.6,1729.7,1057.0,1664.4,1129.4,1684.3,1198.4,1661.5,1314.2,1725.2,1401.6,1835.4,1355.2,1841.0,1205.4,1784.8,1133.8,1790.8,1061.2,1791.6,905.8,1854.0,905.8,1854.0,1057.0,1869.1,1132.1,1873.4,1204.6,1869.4,1355.2,1841.0,1401.6,1835.4,1324.0,1976.4,1218.8,2024.5,1139.8,2033.2,1057.9,2030.6,938.9,1984.6,857.1,1854.7
691.0,11.5,855.5,1850.7,941.4,1729.0,1054.3,1665.7,1128.6,1685.0,1200.5,1662.0,1315.4,1722.9,1403.4,1828.9,1356.5,1834.4,1207.9,1780.6,1133.3,1787.3,1059.1,1788.1,903.5,1849.6,903.5,1849.6,1055.7,1861.8,1132.6,1865.6,1207.9,1860.8,1356.5,1834.4,1403.4,1828.9,1325.9,1962.2,1222.0,2009.5,1140.3,2019.1,1057.0,2017.3,939.0,1974.4,855.5,1850.7
692.0,11.517,854.6,1842.2,941.7,1727.3,1052.6,1669.5,1129.4,1688.6,1205.1,1666.7,1318.8,1723.1,1405.5,1823.2,1359.8,1828.3,1211.5,1777.2,1133.3,1784.3,1056.5,1783.9,901.5,1841.4,901.5,1841.4,1053.3,1858.9,1132.7,1863.5,1211.7,1858.0,1359.8,1828.3,1405.5,1823.2,1328.3,1949.7,1224.5,1996.1,1139.2,2005.7,1054.0,2002.9,938.3,1960.1,854.6,1842.2
693.0,11.533,851.6,1837.4,942.2,1726.6,1053.9,1671.6,1129.8,1690.4,1204.0,1669.4,1318.7,1723.5,1407.8,1820.5,1363.0,1825.6,1210.0,1777.7,1133.4,1785.2,1057.2,1784.5,898.3,1837.4,898.3,1837.4,1053.9,1850.5,1132.3,1855.0,1209.4,1850.3,1363.0,1825.6,1407.8,1820.5,1327.4,1943.1,1222.0,1986.2,1138.5,1994.7,1054.4,1991.7,938.4,1950.8,851.6,1837.4
694.0,11.55,849.5,1830.5,941.0,1728.8,1049.5,1680.2,1131.5,1697.9,1214.1,1678.7,1323.4,1728.2,1404.6,1817.6,1362.2,1824.1,1217.9,1775.6,1133.1,1783.9,1050.7,1781.7,893.7,1831.6,893.7,1831.6,1045.2,1849.1,1129.4,1854.4,1214.8,1847.8,1362.2,1824.1,1404.6,1817.6,1326.6,1930.9,1225.1,1973.0,1133.8,1982.3,1044.6,1977.6,933.5,1937.0,849.5,1830.5
695.0,11.567,846.0,1825.6,939.9,1728.5,1048.0,1683.8,1132.1,1701.0,1216.7,1682.5,1324.9,1727.9,1404.9,1812.9,1363.4,1820.4,1220.2,1776.5,1133.8,1785.4,1049.2,1782.7,890.1,1827.6,890.1,1827.6,1043.4,1840.3,1129.4,1844.8,1216.5,1837.7,1363.4,1820.4,1404.9,1812.9,1327.1,1921.0,1227.2,1962.6,1134.1,1972.3,1043.2,1967.5,932.1,1928.9,846.0,1825.6
696.0,11.583,843.2,1820.5,939.3,1731.0,1046.7,1690.0,1131.6,1706.7,1217.7,1688.5,1324.1,1731.2,1404.9,1809.2,1364.3,1817.9,1221.0,1778.7,1132.9,1788.1,1047.6,1785.0,886.1,1823.6,886.1,1823.6,1040.6,1832.1,1126.9,1836.1,1215.4,1827.8,1364.3,1817.9,1404.9,1809.2,1323.8,1911.2,1224.9,1951.1,1130.8,1961.5,1040.0,1956.6,930.0,1920.2,843.2,1820.5
697.0,11.6,842.7,1810.7,938.9,1729.4,1044.5,1694.2,1130.9,1711.5,1220.4,1694.1,1325.2,1733.1,1404.8,1804.0,1365.3,1812.4,1223.3,1776.4,1132.1,1785.7,1045.3,1780.9,884.0,1815.0,884.0,1815.0,1039.4,1833.7,1127.4,1838.6,1219.3,1829.3,1365.3,1812.4,1404.8,1804.0,1325.0,1903.3,1227.5,1943.9,1130.3,1955.2,1038.1,1949.2,929.5,1911.5,842.7,1810.7
698.0,11.617,840.1,1808.1,938.8,1728.9,1044.1,1694.8,1130.1,1711.7,1219.0,1694.6,1324.5,1731.4,1405.9,1800.9,1365.5,1809.0,1221.7,1776.6,1131.2,1786.4,1044.4,1781.8,881.9,1812.2,881.9,1812.2,1037.9,1825.9,1125.5,1830.7,1216.7,1822.0,1365.5,1809.0,1405.9,1800.9,1323.8,1895.0,1224.8,1933.9,1128.3,1944.5,1036.6,1938.6,929.2,1903.2,840.1,1808.1
699.0,11.633,837.3,1807.9,935.3,1730.1,1039.4,1695.0,1127.4,1712.3,1220.0,1695.0,1324.8,1732.4,1405.7,1800.2,1365.2,1808.7,1221.9,1773.6,1127.6,1783.1,1038.9,1778.4,877.9,1811.8,877.9,1811.8,1031.5,1827.3,1121.0,1832.9,1216.0,1823.3,1365.2,1808.7,1405.7,1800.2,1322.4,1889.7,1223.0,1928.6,1122.8,1940.3,1029.6,1933.8,924.6,1898.4,837.3,1807.9
700.0,11.65,834.8,1808.6,931.6,1734.6,1033.0,1699.0,1122.5,1718.1,1216.2,1698.5,1321.9,1736.8,1406.4,1800.7,1363.8,1807.6,1218.4,1788.5,1122.3,1798.9,1032.0,1793.8,877.0,1810.0,877.0,1810.0,1024.0,1809.2,1114.3,1815.5,1210.1,1806.3,1363.8,1807.6,1406.4,1800.7,1318.8,1884.7,1216.8,1923.5,1115.5,1935.3,1021.2,1928.3,920.3,1892.9,834.8,1808.6
701.0,11.667,831.2,1805.8,930.6,1733.9,1034.3,1700.4,1120.9,1719.7,1211.6,1699.2,1318.2,1736.6,1406.6,1799.0,1364.2,1804.5,1214.5,1787.7,1121.3,1798.7,1034.0,1793.4,873.7,1807.0,873.7,1807.0,1029.4,1804.4,1117.2,1810.1,1209.6,1801.8,1364.2,1804.5,1406.6,1799.0,1318.8,1882.0,1216.9,1917.4,1119.0,1928.5,1027.0,1922.7,921.6,1889.4,831.2,1805.8
702.0,11.683,829.7,1804.6,928.7,1734.8,1031.7,1702.6,1118.8,1722.6,1211.0,1702.1,1317.2,1739.1,1405.8,1799.8,1363.7,1804.6,1213.6,1788.0,1118.9,1798.7,1031.1,1792.8,871.6,1805.5,871.6,1805.5,1027.2,1806.2,1115.5,1812.7,1209.4,1804.5,1363.7,1804.6,1405.8,1799.8,1318.0,1880.4,1216.0,1915.2,1116.9,1926.1,1024.5,1919.8,919.6,1885.9,829.7,1804.6
703.0,11.7,827.9,1803.2,926.3,1735.6,1028.0,1705.0,1115.7,1725.1,1209.1,1704.8,1315.1,1741.3,1403.6,1799.7,1361.5,1804.5,1211.6,1789.7,1115.6,1800.2,1027.3,1793.9,869.7,1804.2,869.7,1804.2,1022.8,1806.3,1111.7,1813.4,1206.9,1805.0,1361.5,1804.5,1403.6,1799.7,1315.2,1879.3,1213.0,1914.3,1112.7,1925.0,1019.7,1918.2,916.4,1883.4,827.9,1803.2
704.0,11.717,826.0,1802.9,926.5,1737.7,1029.5,1708.4,1115.1,1728.0,1206.4,1708.2,1313.1,1743.3,1404.1,1799.4,1362.3,1804.5,1209.2,1788.8,1115.4,1799.1,1029.1,1792.9,867.4,1804.7,867.4,1804.7,1025.1,1812.2,1112.2,1818.9,1205.3,1810.9,1362.3,1804.5,1404.1,1799.4,1314.4,1880.8,1211.5,1914.7,1113.3,1924.9,1022.3,1918.7,916.9,1884.4,826.0,1802.9
705.0,11.733,826.1,1803.2,925.4,1739.1,1028.1,1709.2,1114.0,1729.1,1205.8,1708.9,1311.8,1744.6,1403.4,1799.9,1361.1,1805.0,1208.7,1790.5,1114.2,1800.7,1027.8,1794.3,867.5,1804.7,867.5,1804.7,1024.2,1809.3,1111.5,1816.1,1205.1,1808.2,1361.1,1805.0,1403.4,1799.9,1313.4,1879.7,1211.4,1913.6,1112.7,1924.0,1021.4,1917.9,916.3,1884.1,826.1,1803.2
706.0,11.75,826.0,1804.4,926.4,1740.0,1028.9,1711.6,1114.4,1731.5,1205.9,1710.6,1312.6,1745.8,1404.3,1800.3,1362.6,1804.6,1209.0,1792.6,1114.9,1803.3,1028.9,1797.1,867.5,1805.6,867.5,1805.6,1026.6,1807.8,1113.5,1814.6,1206.5,1806.7,1362.6,1804.6,1404.3,1800.3,1315.6,1879.4,1213.2,1913.0,1115.1,1923.4,1024.0,1917.3,918.2,1883.6,826.0,1804.4
707.0,11.767,826.5,1805.7,925.9,1742.2,1027.6,1714.6,1113.8,1734.8,1206.4,1713.9,1312.3,1748.8,1402.9,1802.7,1361.6,1806.9,1209.5,1794.7,1114.2,1805.5,1027.4,1798.8,867.9,1807.0,867.9,1807.0,1025.1,1810.8,1112.8,1818.0,1207.0,1809.7,1361.6,1806.9,1402.9,1802.7,1315.2,1881.1,1213.4,1914.4,1114.2,1925.0,1022.5,1918.5,917.4,1884.6,826.5,1805.7
708.0,11.783,827.3,1808.0,927.3,1744.8,1029.8,1717.4,1114.5,1737.3,1205.4,1716.4,1311.2,1750.9,1403.2,1804.6,1361.6,1809.0,1208.8,1796.5,1115.1,1807.2,1029.9,1800.8,868.7,1809.3,868.7,1809.3,1027.9,1814.3,1114.0,1821.1,1206.6,1812.9,1361.6,1809.0,1403.2,1804.6,1314.6,1883.2,1212.8,1916.2,1115.3,1926.5,1025.1,1920.6,919.0,1887.2,827.3,1808.0
709.0,11.8,828.2,1809.5,928.4,1748.2,1030.5,1721.8,1115.8,1741.8,1207.6,1720.9,1312.6,1755.1,1403.9,1806.9,1362.6,1811.5,1210.8,1799.7,1116.2,1810.5,1030.4,1803.9,869.5,1810.9,869.5,1810.9,1028.0,1816.4,1114.8,1823.5,1208.2,1815.2,1362.6,1811.5,1403.9,1806.9,1315.6,1885.6,1214.5,1918.3,1116.3,1928.6,1025.4,1922.5,919.7,1888.8,828.2,1809.5
710.0,11.817,830.0,1812.2,929.8,1751.0,1031.2,1724.3,1117.1,1744.3,1209.6,1723.4,1314.5,1758.0,1404.6,1809.5,1363.2,1814.5,1212.8,1803.9,1117.4,1814.7,1030.9,1808.0,871.6,1814.0,871.6,1814.0,1028.0,1817.7,1115.3,1825.1,1209.6,1816.7,1363.2,1814.5,1404.6,1809.5,1316.9,1888.4,1216.0,1921.8,1116.9,1932.2,1025.4,1925.7,920.8,1891.6,830.0,1812.2
711.0,11.833,830.4,1813.2,930.8,1753.3,1032.4,1727.2,1117.7,1747.5,1209.4,1726.5,1314.2,1761.1,1405.3,1811.6,1364.2,1816.4,1212.5,1806.6,1117.9,1817.1,1032.1,1810.2,871.9,1815.0,871.9,1815.0,1029.3,1819.7,1116.0,1827.2,1209.4,1819.1,1364.2,1816.4,1405.3,1811.6,1316.7,1890.7,1215.6,1923.8,1117.3,1933.9,1026.5,1927.3,921.5,1892.8,830.4,1813.2
712.0,11.85,831.9,1814.1,932.2,1755.0,1033.7,1729.9,1118.6,1750.4,1210.3,1729.4,1315.2,1763.4,1406.0,1813.0,1365.1,1817.7,1213.3,1808.3,1118.8,1818.9,1033.3,1811.9,873.2,1815.8,873.2,1815.8,1031.2,1823.5,1117.7,1831.2,1211.0,1823.1,1365.1,1817.7,1406.0,1813.0,1318.3,1893.0,1217.1,1926.7,1119.0,1937.0,1028.3,1930.1,923.2,1894.7,831.9,1814.1
713.0,11.867,833.0,1816.8,934.2,1758.5,1036.1,1733.1,1120.1,1753.2,1210.4,1732.6,1315.6,1766.5,1407.6,1815.5,1366.5,1820.5,1213.5,1811.4,1120.3,1821.9,1035.8,1815.1,874.7,1818.8,874.7,1818.8,1033.5,1824.5,1119.0,1832.0,1211.0,1824.2,1366.5,1820.5,1407.6,1815.5,1318.7,1895.3,1217.3,1928.1,1120.5,1938.0,1030.8,1931.5,925.2,1897.0,833.0,1816.8
714.0,11.883,836.1,1818.5,936.6,1761.3,1037.9,1735.9,1122.1,1756.4,1213.0,1735.5,1317.4,1769.2,1408.9,1817.3,1367.7,1822.3,1215.9,1815.1,1122.1,1825.5,1037.3,1818.4,877.7,1820.4,877.7,1820.4,1034.9,1826.3,1120.6,1834.2,1213.1,1826.2,1367.7,1822.3,1408.9,1817.3,1320.1,1896.8,1219.0,1930.7,1121.7,1940.7,1031.8,1934.0,927.3,1898.7,836.1,1818.5
715.0,11.9,835.6,1820.5,937.2,1763.8,1039.5,1738.9,1123.2,1759.7,1213.5,1738.6,1318.6,1772.0,1411.3,1819.9,1370.1,1824.8,1216.4,1818.3,1123.3,1828.9,1038.9,1821.7,877.3,1822.4,877.3,1822.4,1037.0,1827.7,1122.3,1835.6,1214.0,1828.0,1370.1,1824.8,1411.3,1819.9,1321.8,1899.7,1220.1,1933.3,1123.5,1943.2,1033.9,1936.4,928.3,1901.1,835.6,1820.5
716.0,11.917,836.6,1821.4,937.9,1766.1,1040.3,1741.7,1124.1,1762.6,1214.6,1741.8,1319.7,1774.4,1412.3,1821.4,1371.3,1826.4,1217.5,1820.2,1124.2,1830.5,1039.7,1823.0,878.1,1823.5,878.1,1823.5,1037.8,1832.9,1123.2,1840.9,1215.3,1833.4,1371.3,1826.4,1412.3,1821.4,1323.0,1901.9,1221.1,1936.2,1124.2,1945.9,1034.6,1939.1,928.9,1903.0,836.6,1821.4
717.0,11.933,836.7,1823.5,937.5,1768.0,1039.5,1744.1,1123.2,1765.0,1213.4,1744.1,1319.0,1776.5,1411.6,1823.6,1370.5,1828.3,1216.4,1822.9,1123.6,1833.2,1039.1,1825.7,878.6,1825.3,878.6,1825.3,1037.7,1832.9,1123.2,1840.9,1214.9,1833.4,1370.5,1828.3,1411.6,1823.6,1323.0,1903.7,1221.2,1937.7,1124.6,1947.3,1034.9,1940.4,929.3,1904.5,836.7,1823.5
718.0,11.95,836.7,1825.2,937.4,1769.1,1039.5,1744.6,1122.7,1765.9,1212.4,1744.8,1318.1,1778.1,1411.2,1825.6,1369.7,1830.2,1215.5,1825.2,1123.0,1835.2,1039.0,1827.9,878.7,1826.9,878.7,1826.9,1037.6,1833.4,1122.6,1841.4,1213.9,1834.1,1369.7,1830.2,1411.2,1825.6,1321.9,1905.4,1219.9,1939.8,1123.7,1949.5,1034.4,1942.5,929.0,1906.3,836.7,1825.2
719.0,11.967,837.8,1826.6,937.9,1770.6,1039.3,1746.6,1123.3,1768.1,1214.7,1746.9,1319.3,1780.0,1410.2,1827.3,1369.2,1832.2,1217.7,1826.2,1123.4,1836.3,1038.6,1828.5,879.2,1828.7,879.2,1828.7,1037.1,1836.4,1122.9,1844.9,1216.0,1837.1,1369.2,1832.2,1410.2,1827.3,1322.6,1906.3,1221.6,1941.1,1123.7,1951.2,1033.5,1943.8,928.8,1907.2,837.8,1826.6
720.0,11.983,836.4,1827.7,937.2,1771.7,1038.7,1748.1,1122.5,1769.3,1213.1,1748.3,1318.6,1781.4,1410.1,1828.6,1369.1,1833.4,1215.9,1828.0,1122.5,1838.3,1037.9,1830.8,878.1,1829.6,878.1,1829.6,1036.3,1837.0,1121.9,1845.5,1214.2,1838.1,1369.1,1833.4,1410.1,1828.6,1322.0,1909.2,1219.9,1943.5,1122.8,1953.2,1032.8,1945.6,928.0,1908.6,836.4,1827.7
721.0,12.0,836.9,1829.9,936.9,1774.0,1038.1,1750.7,1122.1,1772.0,1213.3,1750.7,1318.3,1783.4,1409.7,1830.3,1368.7,1835.0,1216.2,1829.2,1122.3,1839.5,1037.5,1831.9,878.2,1831.6,878.2,1831.6,1036.2,1840.8,1122.1,1849.2,1215.0,1841.4,1368.7,1835.0,1409.7,1830.3,1322.2,1910.1,1220.5,1945.1,1122.9,1955.2,1032.7,1947.7,928.0,1910.8,836.9,1829.9
722.0,12.017,837.3,1831.1,937.7,1775.8,1039.9,1751.9,1122.7,1773.2,1212.5,1751.7,1318.0,1784.5,1411.0,1830.9,1369.8,1836.0,1215.8,1832.0,1123.2,1842.2,1039.6,1834.8,878.8,1833.1,878.8,1833.1,1038.3,1840.8,1122.8,1848.9,1214.2,1841.3,1369.8,1836.0,1411.0,1830.9,1322.0,1911.6,1219.9,1946.8,1123.7,1956.7,1034.6,1949.7,929.1,1913.0,837.3,1831.1
723.0,12.033,837.4,1831.6,937.6,1776.3,1039.2,1753.2,1122.6,1774.6,1213.1,1753.1,1318.5,1785.6,1410.9,1831.9,1369.7,1836.8,1216.5,1833.2,1123.1,1843.6,1038.9,1836.0,879.0,1833.5,879.0,1833.5,1037.6,1841.7,1122.7,1850.0,1214.9,1842.3,1369.7,1836.8,1410.9,1831.9,1322.5,1912.3,1220.6,1947.6,1123.7,1957.7,1034.0,1950.4,928.9,1913.5,837.4,1831.6
724.0,12.05,837.6,1832.5,938.1,1778.5,1040.0,1754.1,1122.9,1775.4,1213.0,1753.9,1318.1,1786.6,1411.5,1832.0,1370.0,1837.6,1216.1,1834.1,1123.2,1844.2,1039.5,1836.7,879.0,1834.8,879.0,1834.8,1037.3,1842.7,1121.9,1851.0,1213.7,1843.4,1370.0,1837.6,1411.5,1832.0,1321.2,1913.1,1219.1,1948.8,1122.6,1958.9,1033.5,1951.7,928.9,1914.6,837.6,1832.5
725.0,12.067,837.9,1833.0,938.3,1778.6,1040.5,1754.7,1123.5,1776.0,1213.8,1754.6,1319.3,1787.1,1412.5,1832.5,1371.2,1837.7,1217.0,1834.1,1123.9,1844.2,1040.1,1836.7,879.3,1835.0,879.3,1835.0,1038.4,1845.2,1123.3,1853.6,1215.3,1846.0,1371.2,1837.7,1412.5,1832.5,1323.2,1914.2,1221.0,1950.4,1124.3,1960.4,1035.0,1953.2,929.7,1915.6,837.9,1833.0
726.0,12.083,838.4,1834.0,939.2,1779.5,1041.3,1755.1,1123.9,1776.2,1213.5,1754.7,1318.9,1787.4,1412.7,1832.8,1371.0,1838.6,1216.8,1835.3,1124.3,1845.6,1040.9,1838.3,880.1,1836.2,880.1,1836.2,1038.7,1844.2,1123.1,1852.3,1214.4,1844.7,1371.0,1838.6,1412.7,1832.8,1322.3,1914.6,1220.0,1950.7,1124.0,1960.8,1035.1,1953.8,930.1,1916.6,838.4,1834.0
727.0,12.1,839.6,1834.7,939.5,1779.8,1041.3,1755.7,1124.7,1777.1,1215.5,1755.4,1320.6,1788.2,1413.6,1834.0,1372.1,1839.4,1218.9,1835.6,1125.1,1845.9,1041.0,1838.4,881.0,1836.7,881.0,1836.7,1039.0,1846.1,1124.0,1854.4,1216.6,1846.5,1372.1,1839.4,1413.6,1834.0,1324.1,1914.9,1221.9,1951.4,1124.7,1961.7,1035.1,1954.5,930.4,1917.1,839.6,1834.7
728.0,12.117,839.2,1834.9,940.4,1780.3,1042.4,1755.9,1125.3,1777.2,1215.4,1755.6,1320.6,1788.9,1413.9,1834.5,1372.3,1839.9,1218.5,1835.9,1125.5,1846.2,1041.8,1838.8,880.8,1837.0,880.8,1837.0,1039.8,1844.8,1124.5,1853.2,1216.2,1845.6,1372.3,1839.9,1413.9,1834.5,1324.0,1915.9,1221.8,1951.3,1125.3,1961.3,1036.1,1954.0,931.1,1916.8,839.2,1834.9
729.0,12.133,840.4,1835.4,940.5,1780.1,1042.3,1755.4,1125.7,1777.0,1216.5,1755.1,1321.3,1788.7,1413.8,1834.9,1372.3,1840.2,1219.7,1835.5,1125.9,1845.7,1041.9,1838.2,881.7,1837.4,881.7,1837.4,1040.0,1845.2,1125.1,1853.7,1217.6,1845.9,1372.3,1840.2,1413.8,1834.9,1324.7,1915.4,1223.1,1951.2,1125.8,1961.4,1036.3,1954.1,931.5,1916.8,840.4,1835.4
730.0,12.15,839.7,1834.6,940.4,1779.7,1042.5,1755.0,1125.7,1776.5,1216.1,1754.8,1321.3,1788.4,1414.5,1834.3,1372.9,1839.7,1219.3,1835.6,1126.0,1845.7,1042.0,1838.3,881.3,1836.7,881.3,1836.7,1039.8,1844.1,1124.7,1852.4,1216.8,1844.8,1372.9,1839.7,1414.5,1834.3,1324.4,1915.0,1222.1,1950.7,1125.3,1960.7,1035.9,1953.4,931.1,1916.0,839.7,1834.6
731.0,12.167,840.6,1834.6,940.8,1778.9,1043.3,1753.9,1126.3,1775.6,1217.0,1754.0,1321.9,1787.6,1414.6,1834.4,1373.0,1840.0,1220.3,1835.5,1126.7,1845.4,1042.8,1837.8,882.0,1837.0,882.0,1837.0,1040.5,1844.0,1125.3,1852.4,1217.7,1844.8,1373.0,1840.0,1414.6,1834.4,1324.8,1914.7,1222.8,1950.6,1125.7,1960.6,1036.4,1953.3,931.3,1915.8,840.6,1834.6
732.0,12.183,839.8,1835.3,940.8,1778.7,1043.5,1753.6,1126.3,1774.8,1216.3,1753.4,1321.8,1787.2,1415.1,1834.4,1373.7,1839.7,1219.8,1835.2,1126.8,1845.0,1043.1,1837.8,881.7,1837.5,881.7,1837.5,1041.0,1842.9,1125.5,1851.0,1217.2,1843.6,1373.7,1839.7,1415.1,1834.4,1325.2,1915.0,1222.7,1949.9,1126.4,1959.5,1037.2,1952.6,931.5,1915.9,839.8,1835.3
733.0,12.2,838.5,1834.6,940.0,1777.8,1043.1,1753.1,1125.7,1774.4,1215.3,1752.7,1321.4,1786.5,1415.4,1833.8,1373.9,1839.1,1218.9,1834.5,1126.3,1844.6,1042.9,1837.5,880.3,1836.8,880.3,1836.8,1041.0,1842.2,1125.3,1850.1,1216.6,1842.7,1373.9,1839.1,1415.4,1833.8,1325.0,1915.0,1222.2,1949.5,1126.2,1959.2,1037.3,1952.2,930.9,1915.6,838.5,1834.6
734.0,12.217,838.2,1834.0,938.8,1777.9,1041.2,1752.9,1124.5,1774.3,1215.1,1752.5,1320.7,1786.6,1413.9,1833.6,1372.2,1838.9,1218.5,1834.3,1124.9,1844.6,1040.8,1837.3,880.0,1836.0,880.0,1836.0,1038.8,1842.2,1123.8,1850.4,1216.2,1842.6,1372.2,1838.9,1413.9,1833.6,1324.0,1914.4,1221.8,1949.5,1124.8,1959.6,1035.1,1952.4,929.7,1915.4,838.2,1834.0
735.0,12.233,837.9,1833.5,938.0,1777.5,1039.9,1752.7,1123.4,1774.2,1214.0,1752.4,1319.7,1786.3,1412.2,1833.4,1370.7,1838.4,1217.1,1833.4,1123.6,1843.6,1039.3,1836.2,879.6,1835.3,879.6,1835.3,1037.7,1843.4,1123.0,1851.8,1215.4,1844.1,1370.7,1838.4,1412.2,1833.4,1323.3,1914.4,1221.1,1949.9,1123.9,1960.1,1034.1,1952.7,929.1,1915.4,837.9,1833.5
736.0,12.25,837.6,1833.5,937.8,1777.3,1039.8,1752.9,1122.8,1774.4,1212.8,1752.9,1318.5,1786.1,1411.5,1833.3,1369.9,1838.4,1216.3,1833.8,1123.4,1844.0,1039.6,1836.5,879.5,1835.5,879.5,1835.5,1037.7,1843.1,1122.5,1851.3,1214.3,1843.6,1369.9,1838.4,1411.5,1833.3,1322.1,1914.3,1219.9,1949.7,1123.4,1959.7,1034.1,1952.5,928.9,1915.6,837.6,1833.5
737.0,12.267,837.5,1833.7,937.2,1777.9,1039.2,1752.8,1122.6,1774.2,1213.4,1752.7,1318.9,1786.4,1411.4,1833.3,1369.8,1838.8,1216.7,1834.3,1123.1,1844.5,1038.8,1837.0,879.2,1835.9,879.2,1835.9,1036.6,1843.2,1121.8,1851.5,1214.3,1843.6,1369.8,1838.8,1411.4,1833.3,1322.1,1914.4,1219.8,1950.1,1122.6,1960.2,1032.8,1953.1,928.0,1915.8,837.5,1833.7
738.0,12.283,838.3,1834.1,937.4,1778.3,1038.9,1753.4,1122.7,1774.8,1214.0,1753.2,1319.0,1786.7,1411.2,1833.3,1369.5,1838.8,1217.4,1833.9,1123.2,1844.0,1038.5,1836.5,879.8,1836.2,879.8,1836.2,1036.3,1844.4,1121.9,1852.8,1215.0,1844.9,1369.5,1838.8,1411.2,1833.3,1322.3,1914.1,1220.6,1950.4,1122.7,1960.6,1032.7,1953.4,928.3,1916.0,838.3,1834.1
739.0,12.3,838.2,1835.3,937.7,1778.8,1039.0,1753.5,1122.7,1774.8,1213.4,1753.1,1319.2,1786.8,1412.1,1833.8,1370.2,1839.2,1216.8,1835.1,1123.2,1845.2,1038.7,1838.0,880.0,1837.2,880.0,1837.2,1036.4,1842.5,1121.8,1850.8,1214.3,1843.0,1370.2,1839.2,1412.1,1833.8,1322.6,1914.3,1220.2,1950.2,1122.8,1960.4,1033.0,1953.1,928.9,1916.2,838.2,1835.3
740.0,12.317,838.8,1836.2,938.0,1778.7,1039.7,1754.0,1123.8,1775.4,1215.4,1753.7,1321.0,1787.7,1413.3,1835.5,1371.9,1840.4,1219.1,1835.1,1124.5,1845.3,1039.6,1837.9,880.3,1837.9,880.3,1837.9,1037.9,1844.7,1123.7,1853.0,1217.1,1845.0,1371.9,1840.4,1413.3,1835.5,1324.9,1915.2,1222.5,1950.5,1124.5,1960.7,1034.1,1953.6,929.1,1916.7,838.8,1836.2
741.0,12.333,840.8,1835.8,940.2,1778.0,1042.6,1752.9,1125.6,1774.4,1216.0,1752.6,1321.6,1786.7,1413.8,1834.9,1372.5,1839.7,1219.7,1833.8,1126.4,1843.9,1042.6,1836.6,882.4,1837.6,882.4,1837.6,1041.7,1844.2,1126.5,1852.4,1218.7,1844.5,1372.5,1839.7,1413.8,1834.9,1326.2,1915.2,1224.6,1950.4,1127.7,1960.6,1038.2,1953.7,932.1,1917.0,840.8,1835.8
742.0,12.35,841.0,1835.7,940.9,1777.9,1043.2,1752.6,1126.2,1773.8,1216.2,1752.3,1322.0,1786.4,1414.7,1834.5,1373.3,1839.3,1219.9,1833.5,1126.8,1843.5,1043.1,1836.4,882.7,1837.4,882.7,1837.4,1041.4,1843.5,1126.1,1851.7,1218.0,1844.1,1373.3,1839.3,1414.7,1834.5,1326.0,1914.9,1223.8,1949.6,1127.2,1959.3,1037.8,1952.4,932.3,1915.7,841.0,1835.7
743.0,12.367,840.5,1835.5,939.8,1777.1,1041.8,1751.7,1125.0,1773.1,1215.1,1751.3,1321.2,1786.1,1414.2,1834.8,1372.5,1839.3,1218.8,1833.9,1125.7,1843.8,1041.8,1836.7,882.5,1836.9,882.5,1836.9,1040.3,1841.7,1125.2,1849.8,1217.2,1842.4,1372.5,1839.3,1414.2,1834.8,1325.4,1915.0,1223.0,1949.5,1126.3,1959.2,1036.8,1952.2,931.4,1915.4,840.5,1835.5
744.0,12.383,839.9,1835.5,938.6,1776.9,1040.1,1751.6,1123.8,1773.1,1214.8,1751.3,1320.6,1786.0,1412.9,1834.8,1371.3,1839.2,1218.3,1833.0,1124.3,1843.0,1039.9,1835.7,881.7,1836.7,881.7,1836.7,1038.3,1843.0,1123.8,1851.4,1216.6,1843.8,1371.3,1839.2,1412.9,1834.8,1324.6,1914.7,1222.2,1949.7,1124.7,1959.6,1034.6,1952.3,930.0,1915.1,839.9,1835.5
745.0,12.4,838.9,1835.2,937.9,1776.8,1039.0,1750.7,1122.9,1772.3,1213.7,1750.3,1319.5,1785.3,1412.2,1834.2,1370.1,1838.7,1217.0,1833.8,1123.2,1843.8,1038.5,1836.6,881.0,1836.2,881.0,1836.2,1036.6,1840.1,1122.1,1848.5,1214.7,1840.9,1370.1,1838.7,1412.2,1834.2,1323.0,1913.5,1220.3,1948.9,1122.9,1958.9,1032.8,1951.6,929.1,1914.7,838.9,1835.2
746.0,12.417,838.5,1835.4,937.2,1776.8,1038.1,1750.8,1122.5,1772.1,1214.3,1750.2,1319.6,1785.0,1411.2,1833.9,1369.4,1838.6,1217.6,1832.0,1122.8,1842.1,1037.6,1834.9,880.2,1836.8,880.2,1836.8,1035.9,1841.8,1122.1,1850.2,1215.8,1842.5,1369.4,1838.6,1411.2,1833.9,1323.4,1913.2,1221.6,1948.7,1123.2,1958.9,1032.5,1951.7,928.6,1915.1,838.5,1835.4
747.0,12.433,838.3,1835.0,937.1,1776.8,1037.9,1750.8,1122.4,1772.2,1214.1,1750.6,1319.1,1785.3,1410.7,1833.9,1368.7,1838.7,1217.6,1832.7,1123.0,1842.7,1037.8,1835.4,880.2,1836.7,880.2,1836.7,1035.9,1840.7,1122.1,1848.9,1215.6,1841.0,1368.7,1838.7,1410.7,1833.9,1322.9,1912.9,1221.6,1948.0,1123.4,1958.2,1032.7,1951.1,928.6,1915.0,838.3,1835.0
748.0,12.45,838.5,1834.6,937.5,1775.9,1038.8,1751.0,1122.5,1772.1,1213.0,1751.2,1319.0,1785.1,1411.0,1834.0,1369.4,1838.8,1216.6,1833.1,1123.3,1842.7,1038.7,1835.6,880.5,1836.4,880.5,1836.4,1036.9,1841.5,1122.5,1849.5,1214.9,1842.0,1369.4,1838.8,1411.0,1834.0,1323.1,1913.5,1220.9,1948.2,1123.8,1957.9,1033.8,1950.9,929.0,1914.8,838.5,1834.6
749.0,12.467,838.5,1835.7,937.9,1777.0,1039.3,1751.4,1123.3,1772.8,1214.1,1751.4,1319.6,1785.5,1411.3,1834.9,1369.4,1839.4,1217.6,1833.3,1124.0,1843.3,1039.2,1836.0,880.5,1837.2,880.5,1837.2,1037.8,1842.2,1123.6,1850.1,1216.3,1842.4,1369.4,1839.4,1411.3,1834.9,1323.6,1913.8,1222.2,1948.9,1124.8,1959.1,1034.5,1952.3,929.5,1916.4,838.5,1835.7
750.0,12.483,839.2,1836.0,938.9,1776.9,1040.6,1751.3,1123.7,1772.3,1213.5,1750.9,1319.1,1785.2,1411.3,1834.6,1369.5,1839.3,1217.1,1833.3,1124.5,1843.3,1040.5,1836.4,881.3,1837.6,881.3,1837.6,1039.2,1841.5,1124.1,1849.2,1215.7,1841.5,1369.5,1839.3,1411.3,1834.6,1323.4,1914.2,1221.7,1948.6,1125.3,1958.6,1035.9,1952.1,930.6,1916.7,839.2,1836.0
751.0,12.5,839.6,1835.8,938.8,1776.5,1040.0,1750.5,1124.0,1771.8,1215.1,1750.4,1320.5,1784.8,1411.5,1834.7,1369.6,1839.1,1218.5,1832.9,1124.7,1842.8,1039.8,1835.6,881.9,1837.3,881.9,1837.3,1038.7,1840.6,1124.7,1848.6,1217.6,1840.9,1369.6,1839.1,1411.5,1834.7,1324.8,1913.3,1223.7,1948.3,1126.0,1958.5,1035.6,1951.7,930.7,1916.1,839.6,1835.8
752.0,12.517,839.7,1836.3,938.7,1776.6,1039.8,1750.6,1123.9,1771.6,1215.0,1750.3,1320.3,1784.9,1411.1,1834.8,1369.3,1839.3,1218.5,1832.6,1124.5,1842.4,1039.6,1835.5,881.8,1837.8,881.8,1837.8,1038.4,1841.0,1124.4,1848.9,1217.4,1841.0,1369.3,1839.3,1411.1,1834.8,1324.6,1913.3,1223.5,1947.9,1125.8,1958.1,1035.3,1951.3,930.6,1916.0,839.7,1836.3
753.0,12.533,839.3,1837.3,938.5,1776.5,1039.7,1749.5,1123.5,1770.6,1214.0,1749.4,1319.8,1784.4,1411.7,1835.4,1369.3,1839.8,1217.5,1832.2,1124.1,1841.8,1039.5,1835.1,881.6,1838.6,881.6,1838.6,1037.8,1841.3,1123.4,1849.1,1216.0,1841.5,1369.3,1839.8,1411.7,1835.4,1323.7,1913.4,1222.0,1948.0,1124.7,1958.0,1034.7,1951.4,930.3,1916.3,839.3,1837.3
754.0,12.55,839.6,1837.6,938.8,1777.0,1040.1,1749.7,1123.6,1770.8,1213.8,1749.4,1319.6,1784.8,1411.4,1835.9,1369.3,1840.4,1217.1,1832.7,1124.1,1842.4,1039.8,1835.7,881.8,1839.0,881.8,1839.0,1038.1,1840.3,1123.4,1848.1,1215.5,1840.8,1369.3,1840.4,1411.4,1835.9,1323.4,1914.0,1221.5,1948.2,1124.7,1958.1,1034.9,1951.3,930.6,1916.2,839.6,1837.6
755.0,12.567,839.4,1837.4,938.2,1776.8,1039.7,1749.4,1123.2,1770.6,1213.5,1749.5,1319.3,1784.9,1411.0,1836.4,1368.7,1840.8,1217.1,1832.7,1123.9,1842.1,1039.6,1835.2,881.5,1839.0,881.5,1839.0,1038.1,1841.0,1123.5,1848.7,1215.8,1841.1,1368.7,1840.8,1411.0,1836.4,1323.3,1913.8,1221.7,1948.0,1124.7,1958.0,1034.8,1951.4,930.2,1916.5,839.4,1837.4
756.0,12.583,839.8,1838.3,937.8,1776.1,1038.7,1748.3,1122.9,1769.5,1214.0,1748.4,1319.3,1784.6,1409.8,1837.2,1367.7,1841.5,1217.5,1831.6,1123.5,1841.0,1038.5,1834.2,881.9,1839.5,881.9,1839.5,1036.8,1840.6,1122.8,1848.5,1215.9,1840.8,1367.7,1841.5,1409.8,1837.2,1323.0,1913.6,1221.9,1947.4,1124.1,1957.4,1033.6,1950.6,929.7,1915.8,839.8,1838.3
757.0,12.6,838.4,1838.4,936.8,1775.9,1038.2,1747.8,1121.7,1769.0,1211.6,1748.0,1317.4,1784.1,1409.1,1837.2,1366.7,1841.1,1215.3,1832.1,1122.6,1841.4,1038.3,1834.7,881.0,1839.5,881.0,1839.5,1037.0,1839.4,1122.3,1846.9,1214.1,1839.5,1366.7,1841.1,1409.1,1837.2,1321.6,1913.8,1220.2,1947.2,1123.6,1956.9,1033.9,1950.5,929.2,1916.2,838.4,1838.4
758.0,12.617,837.8,1838.8,935.9,1775.9,1036.7,1747.9,1120.6,1769.1,1211.2,1748.0,1316.5,1784.4,1407.3,1838.0,1365.1,1841.9,1214.7,1831.3,1121.3,1840.7,1036.6,1833.8,879.9,1840.0,879.9,1840.0,1035.0,1840.6,1120.8,1848.3,1213.2,1840.9,1365.1,1841.9,1407.3,1838.0,1320.4,1914.2,1219.1,1947.3,1121.9,1957.0,1031.8,1950.3,927.7,1916.0,837.8,1838.8
759.0,12.633,836.5,1839.7,935.7,1776.4,1037.5,1747.6,1120.0,1768.4,1208.6,1747.3,1314.6,1783.7,1406.7,1837.3,1364.5,1841.2,1212.4,1830.9,1121.1,1840.4,1037.7,1834.1,879.0,1840.8,879.0,1840.8,1036.5,1839.6,1120.9,1846.8,1211.3,1839.7,1364.5,1841.2,1406.7,1837.3,1319.3,1914.4,1217.8,1946.9,1122.6,1956.3,1033.8,1950.2,928.4,1916.6,836.5,1839.7
760.0,12.65,836.6,1839.9,934.7,1776.1,1036.1,1747.2,1119.0,1768.2,1208.3,1747.1,1314.4,1783.8,1405.9,1837.6,1363.6,1841.5,1212.2,1831.7,1120.1,1840.8,1036.4,1834.4,879.0,1840.9,879.0,1840.9,1035.2,1839.4,1119.9,1846.7,1211.2,1839.4,1363.6,1841.5,1405.9,1837.6,1319.0,1914.0,1217.5,1947.5,1121.5,1957.3,1032.2,1950.9,927.5,1916.8,836.6,1839.9
761.0,12.667,834.9,1840.5,932.6,1776.5,1033.7,1747.1,1117.6,1768.1,1207.9,1747.1,1314.1,1783.8,1405.7,1838.2,1363.0,1842.2,1211.8,1832.0,1118.7,1841.1,1034.0,1834.6,877.4,1841.5,877.4,1841.5,1032.5,1839.2,1118.1,1846.6,1210.4,1839.3,1363.0,1842.2,1405.7,1838.2,1318.4,1913.8,1216.8,1947.4,1119.7,1957.1,1029.6,1950.8,925.3,1917.0,834.9,1840.5
762.0,12.683,834.5,1840.7,932.5,1776.5,1033.6,1747.9,1116.9,1768.8,1206.4,1747.8,1312.7,1784.2,1404.4,1838.7,1361.9,1842.5,1210.3,1832.1,1118.1,1841.4,1033.9,1834.9,877.2,1841.7,877.2,1841.7,1032.6,1839.9,1117.8,1847.2,1209.2,1839.9,1361.9,1842.5,1404.4,1838.7,1317.3,1914.8,1215.7,1947.7,1119.5,1957.3,1029.8,1951.1,925.3,1917.6,834.5,1840.7
763.0,12.7,834.7,1841.4,932.1,1777.5,1033.2,1748.5,1116.3,1769.5,1205.6,1748.4,1311.6,1784.9,1403.3,1839.3,1360.9,1843.0,1209.6,1833.0,1117.5,1842.3,1033.7,1835.8,877.3,1842.3,877.3,1842.3,1032.7,1840.2,1117.5,1847.5,1208.7,1840.2,1360.9,1843.0,1403.3,1839.3,1316.5,1914.9,1215.3,1948.0,1119.3,1957.7,1030.0,1951.6,925.4,1918.2,834.7,1841.4
764.0,12.717,834.3,1842.5,931.6,1778.5,1032.2,1749.5,1115.8,1770.3,1205.4,1749.2,1311.0,1785.6,1402.2,1840.0,1359.6,1843.7,1209.2,1833.2,1116.8,1842.6,1032.5,1836.2,876.9,1843.0,876.9,1843.0,1031.3,1841.8,1116.6,1849.2,1208.1,1841.8,1359.6,1843.7,1402.2,1840.0,1315.7,1915.9,1214.7,1949.1,1118.3,1958.8,1028.6,1952.7,924.7,1919.2,834.3,1842.5
765.0,12.733,834.0,1842.7,931.4,1778.7,1032.4,1749.6,1115.8,1770.6,1205.3,1749.6,1310.8,1786.2,1401.8,1840.5,1359.5,1844.3,1209.2,1834.1,1116.8,1843.3,1032.7,1836.8,876.4,1843.6,876.4,1843.6,1031.2,1841.1,1116.3,1848.5,1207.8,1841.2,1359.5,1844.3,1401.8,1840.5,1315.1,1916.2,1214.2,1948.8,1117.9,1958.3,1028.4,1952.1,924.1,1918.7,834.0,1842.7
766.0,12.75,834.8,1843.0,932.2,1779.1,1033.1,1749.8,1116.2,1770.8,1205.4,1749.8,1311.2,1786.6,1402.1,1840.9,1359.9,1844.7,1209.2,1834.4,1117.2,1843.5,1033.3,1837.0,877.4,1843.9,877.4,1843.9,1032.2,1841.5,1117.1,1849.0,1208.2,1842.0,1359.9,1844.7,1402.1,1840.9,1316.0,1917.1,1215.1,1949.7,1119.1,1959.0,1029.7,1952.8,925.4,1919.3,834.8,1843.0
767.0,12.767,835.4,1844.6,931.5,1779.4,1031.6,1750.1,1116.3,1771.4,1207.4,1750.0,1312.8,1787.0,1402.2,1842.5,1360.1,1845.8,1211.1,1834.3,1117.2,1843.6,1031.8,1836.9,877.8,1845.1,877.8,1845.1,1031.1,1842.8,1117.6,1850.5,1210.6,1843.1,1360.1,1845.8,1402.2,1842.5,1317.8,1917.2,1217.3,1950.3,1119.4,1960.0,1028.5,1953.5,924.8,1920.0,835.4,1844.6
768.0,12.783,836.5,1844.2,932.3,1779.5,1032.4,1750.5,1116.5,1771.7,1207.0,1750.5,1312.2,1787.1,1401.9,1842.4,1359.8,1845.7,1210.7,1834.5,1117.5,1843.8,1032.6,1837.0,879.1,1844.6,879.1,1844.6,1032.0,1843.8,1117.9,1851.5,1210.4,1844.1,1359.8,1845.7,1401.9,1842.4,1317.3,1917.7,1217.0,1950.9,1119.7,1960.5,1029.4,1954.1,925.7,1920.4,836.5,1844.2
769.0,12.8,835.6,1846.3,931.9,1780.6,1031.9,1750.5,1115.9,1771.7,1206.2,1750.3,1311.4,1787.7,1401.6,1843.5,1359.1,1847.0,1210.0,1835.4,1116.9,1844.7,1032.0,1838.2,878.2,1846.7,878.2,1846.7,1030.9,1843.1,1116.6,1850.5,1208.8,1843.2,1359.1,1847.0,1401.6,1843.5,1316.0,1918.1,1215.4,1951.1,1118.3,1960.9,1028.2,1954.6,924.9,1921.5,835.6,1846.3
770.0,12.817,836.2,1846.2,932.2,1781.1,1032.6,1750.8,1116.4,1771.9,1206.8,1750.5,1311.3,1787.8,1401.0,1843.2,1358.8,1846.8,1210.7,1834.2,1117.5,1843.4,1033.0,1836.8,878.5,1846.8,878.5,1846.8,1032.2,1844.2,1117.8,1851.6,1210.1,1844.0,1358.8,1846.8,1401.0,1843.2,1316.2,1917.5,1216.8,1950.7,1119.7,1960.7,1029.7,1954.7,925.7,1921.8,836.2,1846.2
771.0,12.833,835.7,1845.8,932.6,1780.6,1032.8,1750.7,1116.3,1771.6,1205.9,1750.5,1311.0,1787.9,1401.2,1843.2,1359.0,1847.0,1209.6,1835.1,1117.1,1844.4,1032.8,1838.0,878.2,1846.6,878.2,1846.6,1031.2,1842.9,1116.4,1850.3,1208.0,1843.1,1359.0,1847.0,1401.2,1843.2,1315.0,1918.7,1214.5,1951.1,1118.0,1960.6,1028.4,1954.3,925.1,1921.0,835.7,1845.8
772.0,12.85,835.8,1846.8,932.8,1781.3,1033.4,1751.3,1116.2,1772.0,1205.3,1750.6,1310.5,1787.9,1401.2,1843.0,1359.0,1846.8,1209.2,1834.7,1117.3,1844.0,1033.7,1837.9,877.9,1847.3,877.9,1847.3,1032.6,1843.8,1117.1,1851.0,1208.1,1843.8,1359.0,1846.8,1401.2,1843.0,1315.2,1918.5,1214.7,1951.3,1118.9,1961.0,1029.8,1954.9,925.9,1921.8,835.8,1846.8
773.0,12.867,836.6,1845.8,933.9,1781.5,1034.5,1751.7,1116.7,1772.5,1205.0,1751.2,1310.3,1788.1,1401.6,1842.0,1359.4,1846.1,1208.9,1835.6,1117.8,1844.8,1034.8,1838.7,878.8,1846.7,878.8,1846.7,1033.5,1843.3,1117.4,1850.5,1207.7,1843.3,1359.4,1846.1,1401.6,1842.0,1314.9,1918.5,1214.3,1951.6,1119.2,1961.3,1030.8,1955.2,926.9,1921.7,836.6,1845.8
774.0,12.883,837.6,1847.1,933.9,1782.4,1033.8,1752.7,1116.9,1773.4,1206.5,1752.0,1311.1,1788.9,1401.2,1843.1,1359.0,1846.8,1210.5,1835.8,1118.1,1845.1,1034.3,1838.9,879.8,1847.6,879.8,1847.6,1033.2,1844.2,1118.0,1851.4,1209.5,1843.8,1359.0,1846.8,1401.2,1843.1,1315.9,1917.8,1216.2,1950.9,1120.0,1960.8,1030.7,1954.8,927.3,1921.9,837.6,1847.1
775.0,12.9,837.9,1847.3,933.9,1782.7,1034.3,1752.7,1117.1,1773.6,1206.3,1752.0,1311.1,1788.8,1401.4,1843.1,1359.3,1846.8,1210.4,1836.3,1118.3,1845.5,1034.8,1839.2,880.2,1847.6,880.2,1847.6,1034.3,1844.2,1118.8,1851.3,1210.0,1843.8,1359.3,1846.8,1401.4,1843.1,1316.4,1918.1,1216.8,1951.7,1120.8,1961.7,1031.7,1955.8,927.8,1922.7,837.9,1847.3
776.0,12.917,837.7,1848.1,934.5,1782.1,1034.9,1752.6,1117.3,1773.5,1206.1,1751.3,1310.7,1788.4,1401.6,1844.0,1359.4,1847.5,1210.2,1836.1,1118.4,1846.0,1035.4,1839.9,879.8,1848.5,879.8,1848.5,1034.9,1844.1,1118.9,1851.0,1209.4,1843.5,1359.4,1847.5,1401.6,1844.0,1315.9,1918.4,1215.9,1951.0,1120.6,1961.2,1032.0,1955.4,927.9,1923.0,837.7,1848.1
777.0,12.933,837.9,1849.6,934.4,1782.7,1035.1,1752.4,1117.5,1773.5,1206.6,1750.8,1310.9,1788.2,1402.0,1845.4,1359.1,1848.4,1210.7,1836.3,1118.5,1846.7,1035.5,1840.6,880.0,1849.4,880.0,1849.4,1034.9,1844.1,1118.8,1851.1,1209.5,1843.4,1359.1,1848.4,1402.0,1845.4,1315.8,1918.4,1215.5,1950.7,1120.1,1961.0,1031.5,1955.4,927.7,1923.6,837.9,1849.6
778.0,12.95,836.5,1847.3,932.2,1782.8,1034.1,1751.1,1116.0,1772.9,1205.5,1750.2,1309.1,1789.3,1400.7,1845.2,1357.7,1849.0,1209.8,1835.5,1117.1,1845.0,1034.8,1838.4,878.0,1848.0,878.0,1848.0,1034.8,1843.0,1118.2,1850.3,1209.4,1842.7,1357.7,1849.0,1400.7,1845.2,1314.1,1918.4,1215.3,1950.5,1119.4,1960.9,1031.2,1955.1,926.0,1923.1,836.5,1847.3
779.0,12.967,836.7,1845.4,932.3,1781.9,1034.1,1750.4,1115.6,1772.4,1204.7,1750.1,1308.6,1789.5,1400.5,1845.2,1357.5,1848.9,1208.6,1835.6,1116.3,1844.7,1034.3,1837.9,878.4,1846.0,878.4,1846.0,1033.8,1842.1,1116.9,1850.1,1207.7,1843.1,1357.5,1848.9,1400.5,1845.2,1313.1,1918.9,1213.4,1950.4,1117.9,1960.1,1030.1,1953.8,925.5,1920.8,836.7,1845.4
780.0,12.983,835.8,1845.8,931.4,1781.6,1032.8,1750.8,1114.9,1772.3,1204.0,1750.4,1308.9,1788.9,1400.3,1844.9,1357.3,1848.5,1207.9,1835.5,1115.7,1844.9,1032.9,1838.5,878.1,1846.0,878.1,1846.0,1032.4,1841.6,1116.3,1849.7,1207.1,1842.8,1357.3,1848.5,1400.3,1844.9,1314.0,1919.4,1213.5,1950.3,1117.9,1959.6,1029.2,1953.4,925.0,1920.9,835.8,1845.8
781.0,13.0,835.3,1843.0,931.5,1781.5,1033.5,1751.5,1114.3,1773.0,1202.1,1751.4,1307.5,1789.1,1399.8,1843.3,1357.0,1847.6,1205.7,1835.6,1114.9,1844.7,1033.3,1838.1,877.2,1844.0,877.2,1844.0,1032.5,1841.7,1115.1,1850.1,1204.6,1843.6,1357.0,1847.6,1399.8,1843.3,1312.0,1919.9,1210.9,1950.8,1116.6,1959.7,1029.2,1953.1,924.8,1919.8,835.3,1843.0
782.0,13.017,835.1,1841.4,930.9,1781.1,1032.5,1750.3,1114.2,1772.1,1203.0,1750.7,1308.3,1789.0,1400.2,1843.0,1356.9,1847.5,1206.2,1835.3,1114.6,1844.0,1032.0,1836.9,877.2,1842.8,877.2,1842.8,1031.0,1839.2,1114.6,1848.1,1205.2,1842.1,1356.9,1847.5,1400.2,1843.0,1312.7,1919.1,1212.0,1950.1,1116.5,1958.7,1028.2,1951.9,924.4,1918.4,835.1,1841.4
783.0,13.033,838.2,1842.1,932.8,1781.1,1033.6,1749.9,1114.8,1771.7,1203.5,1750.2,1309.5,1788.2,1401.6,1842.7,1358.0,1846.4,1206.9,1834.6,1115.3,1843.0,1033.2,1836.2,880.6,1842.7,880.6,1842.7,1032.9,1841.1,1116.1,1850.3,1206.9,1844.1,1358.0,1846.4,1401.6,1842.7,1315.0,1917.9,1213.7,1949.4,1118.2,1958.0,1030.2,1951.1,927.2,1917.6,838.2,1842.1
784.0,13.05,838.5,1842.6,933.3,1782.4,1034.9,1749.8,1115.4,1771.5,1204.1,1749.2,1309.6,1787.7,1403.5,1841.3,1359.4,1845.4,1207.8,1833.5,1115.9,1842.4,1034.6,1835.7,880.7,1843.1,880.7,1843.1,1034.0,1842.2,1116.6,1851.5,1207.4,1845.1,1359.4,1845.4,1403.5,1841.3,1315.5,1917.3,1214.3,1948.4,1118.8,1957.0,1031.5,1950.8,927.6,1917.7,838.5,1842.6
785.0,13.067,838.6,1843.3,933.1,1781.8,1034.2,1748.9,1115.0,1771.0,1203.6,1749.3,1309.9,1787.7,1403.3,1842.6,1359.1,1846.5,1207.3,1834.6,1115.6,1843.0,1033.8,1836.2,881.4,1843.8,881.4,1843.8,1032.9,1840.2,1115.9,1849.9,1206.7,1844.1,1359.1,1846.5,1403.3,1842.6,1315.8,1917.9,1213.9,1948.4,1118.3,1956.3,1030.8,1949.7,927.4,1916.8,838.6,1843.3
786.0,13.083,836.8,1843.4,931.4,1780.7,1032.7,1749.1,1112.7,1771.2,1200.4,1748.4,1307.0,1787.1,1402.5,1842.1,1358.4,1844.5,1204.9,1833.4,1113.7,1842.4,1033.1,1836.0,879.5,1842.6,879.5,1842.6,1033.3,1841.8,1115.3,1851.2,1205.0,1845.2,1358.4,1844.5,1402.5,1842.1,1314.6,1917.3,1212.0,1947.1,1117.6,1954.9,1031.0,1948.7,926.5,1915.8,836.8,1843.4
787.0,13.1,834.6,1843.1,929.8,1781.1,1031.1,1749.6,1111.2,1771.5,1199.2,1748.1,1305.5,1786.8,1401.6,1841.0,1357.5,1843.5,1203.7,1832.9,1112.0,1842.8,1031.4,1836.5,877.1,1842.0,877.1,1842.0,1031.4,1840.7,1113.3,1850.1,1203.1,1843.6,1357.5,1843.5,1401.6,1841.0,1312.6,1916.1,1209.8,1945.8,1115.4,1954.2,1028.7,1948.1,924.5,1915.4,834.6,1843.1
788.0,13.117,833.7,1842.0,928.2,1782.1,1028.4,1750.5,1109.4,1772.7,1198.8,1749.4,1304.4,1788.0,1400.3,1840.5,1355.9,1843.4,1203.0,1833.5,1109.9,1843.3,1028.4,1836.5,875.6,1841.0,875.6,1841.0,1027.3,1841.7,1109.8,1851.6,1201.2,1844.6,1355.9,1843.4,1400.3,1840.5,1310.1,1914.8,1207.1,1945.7,1111.3,1954.4,1024.1,1947.6,921.8,1913.8,833.7,1842.0
789.0,13.133,833.3,1841.5,928.7,1781.1,1029.1,1750.4,1109.0,1772.2,1196.6,1749.6,1303.7,1786.9,1400.5,1839.9,1355.9,1842.8,1200.9,1833.6,1109.8,1843.4,1029.1,1837.1,875.6,1840.5,875.6,1840.5,1027.9,1840.3,1109.5,1849.8,1199.0,1843.1,1355.9,1842.8,1400.5,1839.9,1309.4,1914.3,1205.0,1944.3,1111.0,1952.6,1024.6,1946.0,922.3,1912.9,833.3,1841.5
790.0,13.15,834.0,1841.2,927.8,1781.7,1027.8,1750.9,1108.5,1773.3,1197.9,1750.4,1304.0,1788.2,1400.2,1840.6,1355.7,1843.5,1202.4,1834.5,1109.4,1844.1,1028.1,1837.1,876.0,1840.3,876.0,1840.3,1027.3,1840.9,1109.6,1850.7,1201.0,1843.6,1355.7,1843.5,1400.2,1840.6,1309.9,1913.5,1206.9,1944.4,1111.1,1953.2,1024.0,1946.4,921.8,1912.9,834.0,1841.2
791.0,13.167,835.0,1841.4,928.9,1782.0,1028.6,1751.7,1109.1,1774.2,1198.0,1751.2,1303.9,1788.3,1400.6,1840.4,1355.6,1843.0,1202.4,1834.9,1109.8,1844.6,1028.8,1837.7,877.0,1839.9,877.0,1839.9,1028.0,1841.8,1109.9,1851.6,1200.9,1844.4,1355.6,1843.0,1400.6,1840.4,1309.7,1912.8,1206.4,1944.3,1110.9,1953.2,1024.3,1946.5,922.7,1912.6,835.0,1841.4
792.0,13.183,835.3,1841.7,929.5,1782.9,1028.9,1752.9,1109.7,1775.3,1199.1,1752.2,1304.5,1788.9,1400.7,1840.5,1356.1,1843.4,1203.4,1835.0,1110.3,1844.8,1029.0,1837.8,877.0,1840.6,877.0,1840.6,1027.9,1843.3,1110.2,1853.2,1201.6,1846.0,1356.1,1843.4,1400.7,1840.5,1310.1,1913.3,1207.0,1944.6,1111.2,1953.4,1024.3,1946.7,922.8,1913.0,835.3,1841.7
793.0,13.2,834.9,1841.4,928.9,1783.4,1028.9,1753.5,1109.1,1776.2,1198.0,1753.3,1303.6,1790.3,1400.7,1841.6,1356.2,1844.3,1202.5,1835.9,1109.9,1845.2,1029.2,1837.8,876.5,1840.6,876.5,1840.6,1028.3,1843.3,1110.1,1853.3,1201.0,1846.5,1356.2,1844.3,1400.7,1841.6,1309.4,1914.0,1206.5,1944.7,1111.1,1953.1,1024.8,1946.3,922.6,1912.8,834.9,1841.4
794.0,13.217,835.2,1842.6,929.1,1784.5,1028.9,1754.4,1109.2,1777.2,1198.2,1754.1,1303.7,1791.4,1401.1,1842.6,1356.4,1845.0,1202.8,1837.3,1110.1,1846.7,1029.3,1839.4,876.9,1841.2,876.9,1841.2,1028.6,1844.1,1110.4,1854.0,1201.3,1847.0,1356.4,1845.0,1401.1,1842.6,1309.7,1914.2,1206.6,1945.2,1111.2,1953.8,1024.9,1947.1,923.0,1913.6,835.2,1842.6
795.0,13.233,835.0,1842.6,929.3,1784.9,1029.1,1755.6,1109.5,1778.4,1198.5,1755.3,1303.9,1792.2,1401.3,1843.0,1356.6,1845.5,1203.0,1838.0,1110.3,1847.6,1029.4,1840.2,876.7,1841.4,876.7,1841.4,1028.8,1845.0,1110.6,1855.0,1201.5,1848.1,1356.6,1845.5,1401.3,1843.0,1309.8,1915.1,1206.8,1946.1,1111.4,1954.7,1025.0,1947.8,923.0,1913.9,835.0,1842.6
796.0,13.25,834.6,1843.1,930.0,1785.2,1029.9,1756.2,1110.0,1778.8,1198.0,1756.6,1304.8,1792.4,1402.8,1843.5,1358.1,1846.4,1202.2,1839.3,1110.6,1848.7,1029.8,1841.5,876.7,1842.3,876.7,1842.3,1028.3,1844.8,1109.9,1854.8,1199.9,1848.4,1358.1,1846.4,1402.8,1843.5,1310.1,1916.0,1205.3,1946.2,1110.7,1954.2,1024.6,1947.2,923.0,1913.7,834.6,1843.1
797.0,13.267,836.0,1843.3,930.8,1785.7,1030.6,1757.3,1111.0,1780.0,1199.6,1757.5,1306.1,1792.9,1403.4,1843.8,1359.0,1846.5,1204.0,1839.6,1111.8,1849.1,1030.7,1841.7,877.9,1842.5,877.9,1842.5,1030.1,1846.3,1112.1,1856.3,1202.8,1849.6,1359.0,1846.5,1403.4,1843.8,1312.4,1916.1,1208.4,1947.0,1113.2,1955.3,1026.7,1948.4,924.5,1914.8,836.0,1843.3
798.0,13.283,835.8,1844.0,930.9,1787.5,1030.9,1757.8,1111.3,1780.6,1200.5,1757.3,1305.9,1794.3,1403.7,1844.4,1359.0,1847.4,1204.9,1839.5,1112.0,1849.1,1031.2,1841.6,877.3,1843.4,877.3,1843.4,1030.5,1846.2,1112.4,1856.1,1203.5,1849.4,1359.0,1847.4,1403.7,1844.4,1311.8,1916.8,1209.0,1947.6,1113.4,1956.2,1027.0,1949.4,924.5,1915.9,835.8,1844.0
799.0,13.3,837.0,1845.7,931.1,1787.6,1030.5,1758.5,1111.2,1781.3,1200.5,1757.9,1306.3,1794.3,1404.2,1845.4,1359.1,1847.5,1204.9,1840.3,1112.0,1850.2,1030.9,1842.9,878.9,1843.9,878.9,1843.9,1030.8,1848.2,1113.0,1858.0,1204.2,1851.0,1359.1,1847.5,1404.2,1845.4,1312.9,1916.8,1209.6,1948.6,1113.8,1957.5,1027.2,1950.8,925.5,1917.2,837.0,1845.7
800.0,13.317,836.6,1845.7,931.1,1788.5,1031.2,1758.3,1111.6,1781.1,1201.0,1758.0,1306.7,1794.9,1404.6,1845.7,1359.8,1848.6,1205.3,1840.3,1112.3,1850.0,1031.3,1842.6,878.2,1844.7,878.2,1844.7,1030.6,1848.6,1112.6,1858.7,1203.9,1851.7,1359.8,1848.6,1404.6,1845.7,1312.5,1917.8,1209.1,1949.1,1113.3,1957.9,1026.9,1951.1,924.7,1917.4,836.6,1845.7
801.0,13.333,836.2,1845.6,930.7,1788.3,1030.8,1758.7,1111.1,1781.6,1199.9,1758.3,1306.2,1795.1,1404.6,1846.0,1359.6,1848.2,1204.2,1841.3,1111.7,1851.1,1030.9,1843.7,878.1,1844.1,878.1,1844.1,1030.7,1847.8,1112.5,1857.9,1203.2,1851.0,1359.6,1848.2,1404.6,1846.0,1312.5,1918.4,1208.6,1949.7,1113.3,1958.3,1027.0,1951.5,924.7,1917.5,836.2,1845.6
802.0,13.35,835.9,1846.8,929.7,1788.1,1028.7,1758.6,1110.3,1781.4,1200.6,1758.1,1306.5,1795.3,1403.2,1847.0,1358.4,1849.0,1204.8,1840.8,1110.8,1850.7,1028.8,1843.3,877.8,1845.0,877.8,1845.0,1028.3,1848.3,1111.4,1858.6,1203.6,1851.5,1358.4,1849.0,1403.2,1847.0,1312.5,1918.7,1209.1,1949.6,1112.3,1958.4,1024.8,1951.2,923.5,1917.3,835.9,1846.8
803.0,13.367,835.3,1846.4,929.5,1787.7,1028.8,1758.9,1110.1,1781.7,1199.9,1758.4,1306.2,1794.7,1403.4,1846.6,1358.8,1848.6,1204.2,1841.1,1110.7,1851.2,1028.9,1843.8,877.2,1844.8,877.2,1844.8,1028.5,1848.3,1111.3,1858.4,1202.9,1851.4,1358.8,1848.6,1403.4,1846.6,1312.4,1918.6,1208.1,1949.2,1112.0,1957.7,1024.8,1950.6,923.1,1916.8,835.3,1846.4
804.0,13.383,835.4,1846.3,928.8,1787.7,1028.1,1757.9,1109.7,1781.1,1200.5,1757.4,1305.9,1794.9,1402.6,1846.6,1357.9,1848.9,1204.9,1840.8,1110.4,1850.5,1028.2,1842.9,877.0,1844.9,877.0,1844.9,1027.6,1848.0,1110.8,1858.3,1203.5,1851.2,1357.9,1848.9,1402.6,1846.6,1311.8,1918.1,1208.7,1949.7,1111.5,1958.6,1023.8,1951.4,922.3,1917.2,835.4,1846.3
805.0,13.4,834.5,1846.3,929.6,1787.7,1029.4,1758.5,1110.4,1781.2,1199.6,1758.6,1306.6,1794.7,1403.9,1846.9,1359.3,1849.3,1203.8,1841.1,1111.0,1850.8,1029.4,1843.4,876.6,1845.4,876.6,1845.4,1028.6,1847.6,1111.2,1857.8,1202.3,1851.2,1359.3,1849.3,1403.9,1846.9,1312.4,1919.1,1207.9,1949.0,1112.2,1957.2,1025.1,1950.1,923.0,1916.7,834.5,1846.3
806.0,13.417,834.7,1846.3,929.6,1788.0,1029.7,1757.6,1110.4,1780.4,1199.9,1757.0,1306.0,1794.5,1403.6,1846.2,1358.8,1848.9,1204.3,1840.1,1111.0,1849.8,1029.9,1842.5,876.4,1845.5,876.4,1845.5,1029.1,1847.8,1111.4,1857.9,1202.8,1851.1,1358.8,1848.9,1403.6,1846.2,1311.8,1919.0,1208.4,1949.6,1112.4,1958.2,1025.7,1951.2,923.2,1917.6,834.7,1846.3
807.0,13.433,835.8,1846.9,930.3,1787.5,1030.2,1757.9,1110.8,1780.7,1200.0,1757.7,1306.8,1794.2,1404.4,1846.6,1359.7,1849.0,1204.3,1840.4,1111.5,1850.2,1030.2,1843.0,877.6,1845.6,877.6,1845.6,1029.6,1849.3,1111.9,1859.4,1203.0,1852.6,1359.7,1849.0,1404.4,1846.6,1312.9,1919.0,1208.3,1949.9,1112.7,1958.3,1026.0,1951.3,923.9,1917.6,835.8,1846.9
808.0,13.45,836.1,1846.6,930.0,1787.4,1029.5,1757.8,1110.5,1780.6,1200.0,1757.1,1306.3,1794.1,1403.4,1846.4,1358.6,1848.3,1204.5,1840.2,1111.2,1850.3,1029.8,1843.0,878.2,1844.9,878.2,1844.9,1029.9,1848.3,1112.4,1858.3,1203.9,1851.2,1358.6,1848.3,1403.4,1846.4,1313.0,1918.8,1209.5,1949.7,1113.5,1958.4,1026.4,1951.6,924.3,1917.9,836.1,1846.6
809.0,13.467,835.8,1845.9,929.7,1787.0,1029.5,1757.4,1110.0,1779.9,1198.9,1756.4,1305.5,1793.5,1403.2,1845.2,1358.3,1847.1,1203.5,1839.8,1110.9,1849.8,1030.0,1842.8,877.9,1844.1,877.9,1844.1,1030.2,1847.6,1112.2,1857.4,1203.0,1850.4,1358.3,1847.1,1403.2,1845.2,1312.5,1918.5,1208.8,1949.5,1113.5,1958.1,1026.8,1951.6,924.3,1917.7,835.8,1845.9
810.0,13.483,835.4,1846.1,929.8,1786.3,1029.6,1756.8,1109.8,1779.2,1198.3,1756.0,1305.0,1793.0,1402.9,1845.3,1358.2,1847.4,1202.8,1838.9,1110.6,1848.8,1029.9,1841.9,877.5,1844.5,877.5,1844.5,1029.6,1848.0,1111.4,1857.8,1201.8,1850.7,1358.2,1847.4,1402.9,1845.3,1311.6,1918.8,1207.4,1949.4,1112.5,1958.0,1026.1,1951.3,923.7,1917.7,835.4,1846.1
811.0,13.5,834.9,1845.9,929.4,1785.9,1029.5,1756.0,1109.8,1778.4,1198.5,1755.0,1305.2,1792.5,1403.0,1845.2,1358.1,1847.3,1203.1,1838.6,1110.7,1848.7,1029.9,1841.8,877.1,1844.3,877.1,1844.3,1029.6,1846.9,1111.5,1856.7,1202.1,1849.6,1358.1,1847.3,1403.0,1845.2,1311.8,1918.5,1207.8,1948.9,1112.8,1957.6,1026.2,1951.0,923.6,1917.5,834.9,1845.9
812.0,13.517,834.7,1846.5,928.9,1786.2,1028.9,1755.2,1109.5,1777.8,1198.5,1754.5,1305.1,1791.8,1402.5,1845.3,1357.5,1847.5,1203.1,1838.6,1110.4,1848.4,1029.3,1841.4,877.0,1845.1,877.0,1845.1,1029.0,1846.2,1111.2,1855.9,1202.1,1848.9,1357.5,1847.5,1402.5,1845.3,1311.6,1917.8,1207.9,1948.4,1112.5,1957.1,1025.7,1950.6,923.1,1917.7,834.7,1846.5
813.0,13.533,835.0,1846.6,928.9,1785.5,1028.8,1755.1,1109.7,1777.8,1199.0,1753.9,1305.3,1791.6,1402.7,1845.6,1357.7,1847.5,1203.8,1838.9,1110.6,1849.2,1029.3,1842.2,877.2,1844.9,877.2,1844.9,1029.2,1845.3,1111.6,1854.9,1202.8,1847.6,1357.7,1847.5,1402.7,1845.6,1311.8,1917.5,1208.1,1948.0,1112.4,1956.9,1025.5,1950.5,923.0,1917.7,835.0,1846.6
814.0,13.55,836.0,1846.0,930.1,1787.0,1030.3,1756.1,1110.6,1778.9,1199.7,1755.1,1305.2,1793.1,1402.4,1845.4,1357.6,1848.1,1204.4,1839.5,1111.4,1849.5,1030.8,1842.2,877.8,1845.1,877.8,1845.1,1030.3,1845.9,1112.1,1855.6,1203.1,1848.4,1357.6,1848.1,1402.4,1845.4,1311.2,1918.2,1208.5,1948.9,1113.1,1957.8,1026.7,1951.2,923.9,1918.2,836.0,1846.0
815.0,13.567,837.0,1847.2,931.5,1786.8,1031.4,1757.2,1111.1,1779.7,1198.8,1756.7,1305.7,1792.9,1403.4,1846.4,1358.7,1848.7,1203.4,1840.4,1112.1,1850.4,1031.7,1843.4,879.3,1845.9,879.3,1845.9,1031.3,1847.7,1112.6,1857.3,1202.1,1850.5,1358.7,1848.7,1403.4,1846.4,1312.0,1919.0,1207.6,1949.2,1113.5,1957.6,1027.6,1951.1,925.3,1918.4,837.0,1847.2
816.0,13.583,837.0,1847.4,931.3,1786.9,1030.6,1757.7,1111.3,1780.2,1199.9,1757.3,1306.6,1793.6,1403.1,1847.2,1358.6,1849.4,1204.3,1841.0,1112.1,1851.0,1030.7,1843.8,879.4,1846.4,879.4,1846.4,1029.8,1847.5,1112.1,1857.5,1202.6,1850.8,1358.6,1849.4,1403.1,1847.2,1312.6,1920.2,1208.3,1950.2,1113.3,1958.4,1026.4,1951.5,924.7,1918.4,837.0,1847.4
817.0,13.6,836.6,1847.4,929.7,1788.7,1029.4,1758.2,1110.2,1781.3,1199.9,1757.8,1305.2,1795.3,1402.1,1847.3,1357.4,1849.7,1204.4,1841.2,1111.0,1850.6,1029.9,1843.0,878.1,1846.2,878.1,1846.2,1029.6,1849.3,1111.9,1859.3,1203.6,1852.5,1357.4,1849.7,1402.1,1847.3,1311.6,1920.1,1209.0,1951.3,1112.8,1959.9,1026.0,1953.0,923.6,1919.3,836.6,1847.4
818.0,13.617,837.3,1849.0,930.3,1790.2,1029.4,1759.6,1110.4,1782.6,1199.9,1759.2,1305.6,1795.9,1402.7,1848.1,1357.7,1850.6,1204.3,1843.4,1111.1,1853.1,1029.6,1845.6,879.0,1847.6,879.0,1847.6,1028.7,1850.3,1111.2,1860.4,1202.6,1853.6,1357.7,1850.6,1402.7,1848.1,1311.5,1921.1,1207.9,1952.9,1111.9,1961.4,1025.1,1954.4,923.9,1920.7,837.3,1849.0
819.0,13.633,835.8,1848.9,929.5,1791.3,1029.4,1760.8,1110.1,1783.9,1199.6,1760.7,1305.3,1797.2,1402.5,1848.6,1357.9,1851.6,1204.0,1844.1,1110.8,1853.6,1029.7,1846.0,877.1,1848.3,877.1,1848.3,1028.6,1851.3,1110.7,1861.4,1202.2,1854.5,1357.9,1851.6,1402.5,1848.6,1310.8,1921.6,1207.3,1953.2,1111.3,1961.8,1024.8,1954.7,922.8,1920.9,835.8,1848.9
820.0,13.65,836.5,1849.9,929.1,1791.8,1028.6,1761.1,1109.6,1784.3,1199.9,1760.6,1304.8,1797.6,1401.2,1849.1,1356.7,1851.9,1204.6,1844.2,1110.5,1853.8,1029.2,1846.1,877.6,1848.9,877.6,1848.9,1028.6,1852.1,1111.1,1862.2,1203.3,1855.1,1356.7,1851.9,1401.2,1849.1,1310.8,1921.5,1208.4,1953.7,1111.7,1962.6,1024.8,1955.6,922.9,1921.7,836.5,1849.9
821.0,13.667,835.4,1848.9,929.1,1792.8,1028.9,1762.6,1109.2,1785.6,1198.6,1762.2,1303.8,1798.8,1401.5,1848.5,1356.7,1852.0,1203.2,1845.3,1110.2,1854.8,1029.5,1847.1,876.6,1848.6,876.6,1848.6,1028.4,1851.6,1110.2,1861.6,1201.5,1854.6,1356.7,1852.0,1401.5,1848.5,1309.5,1922.2,1206.8,1953.9,1111.0,1962.6,1024.7,1955.7,922.7,1921.9,835.4,1848.9
822.0,13.683,835.5,1849.6,930.0,1793.3,1030.0,1763.9,1109.3,1786.7,1197.2,1763.5,1303.2,1798.9,1401.9,1848.4,1357.2,1851.6,1201.8,1845.8,1110.1,1855.5,1030.4,1848.1,876.7,1848.8,876.7,1848.8,1029.7,1853.7,1110.4,1863.6,1200.3,1856.6,1357.2,1851.6,1401.9,1848.4,1309.1,1922.4,1205.2,1954.7,1110.9,1963.4,1025.7,1956.5,923.6,1922.2,835.5,1849.6
823.0,13.7,836.6,1850.4,930.6,1793.0,1030.3,1763.2,1109.5,1786.3,1197.2,1763.1,1303.3,1799.4,1401.9,1849.7,1357.6,1852.1,1201.8,1846.0,1110.4,1855.4,1030.8,1847.9,877.8,1849.2,877.8,1849.2,1030.4,1852.9,1111.0,1862.8,1200.6,1856.2,1357.6,1852.1,1401.9,1849.7,1309.5,1922.6,1205.6,1954.5,1111.5,1962.9,1026.5,1955.8,924.4,1921.6,836.6,1850.4
824.0,13.717,835.5,1852.3,930.6,1793.2,1030.3,1764.2,1109.9,1787.0,1198.2,1762.5,1302.7,1799.3,1401.0,1849.5,1357.3,1851.9,1203.3,1844.7,1111.1,1855.0,1031.4,1847.8,876.1,1851.2,876.1,1851.2,1031.3,1854.1,1112.0,1863.0,1202.0,1855.7,1357.3,1851.9,1401.0,1849.5,1309.1,1922.0,1206.8,1953.9,1112.4,1963.3,1027.2,1956.8,924.2,1923.3,835.5,1852.3
825.0,13.733,836.5,1852.2,932.1,1793.1,1031.0,1763.6,1111.3,1785.8,1199.9,1761.7,1303.8,1799.5,1400.8,1848.9,1357.5,1851.8,1204.7,1844.3,1112.3,1854.7,1031.9,1847.8,877.1,1851.6,877.1,1851.6,1030.8,1851.9,1112.2,1860.6,1202.4,1853.0,1357.5,1851.8,1400.8,1848.9,1309.1,1922.2,1207.7,1954.1,1113.0,1964.0,1027.1,1957.4,925.2,1923.7,836.5,1852.2
826.0,13.75,836.5,1853.4,931.5,1792.9,1030.1,1763.6,1111.5,1785.0,1201.0,1761.6,1305.1,1798.1,1400.6,1847.7,1357.7,1850.9,1205.9,1842.3,1112.9,1852.6,1031.3,1846.0,877.5,1852.8,877.5,1852.8,1030.4,1853.5,1113.2,1861.6,1204.5,1853.6,1357.7,1850.9,1400.6,1847.7,1311.1,1921.2,1210.4,1953.9,1114.6,1963.9,1027.5,1957.9,925.2,1924.8,836.5,1853.4
827.0,13.767,836.4,1852.7,931.7,1791.5,1029.1,1762.5,1111.9,1783.5,1202.3,1760.6,1306.1,1797.0,1399.7,1846.9,1356.8,1850.5,1206.8,1842.1,1113.0,1852.4,1029.8,1846.0,877.4,1852.4,877.4,1852.4,1027.6,1851.2,1111.6,1859.2,1203.9,1851.0,1356.8,1850.5,1399.7,1846.9,1310.5,1919.5,1209.9,1952.7,1113.0,1963.0,1024.7,1956.6,924.6,1923.6,836.4,1852.7
828.0,13.783,836.0,1851.7,930.3,1790.8,1027.1,1762.3,1111.6,1783.1,1203.5,1760.8,1306.9,1796.5,1397.7,1846.7,1355.5,1850.4,1207.5,1840.8,1112.4,1851.0,1027.5,1844.4,877.0,1851.4,877.0,1851.4,1025.4,1851.4,1111.2,1859.5,1205.0,1851.1,1355.5,1850.4,1397.7,1846.7,1311.0,1919.3,1211.3,1952.8,1112.8,1963.2,1022.8,1956.5,923.1,1923.1,836.0,1851.7
829.0,13.8,835.4,1850.8,929.1,1788.5,1025.3,1760.6,1110.5,1781.6,1203.6,1759.2,1306.3,1795.4,1396.3,1846.3,1354.0,1849.7,1207.6,1839.5,1111.5,1849.8,1025.8,1843.0,876.3,1850.3,876.3,1850.3,1023.6,1850.0,1110.2,1858.0,1205.2,1849.4,1354.0,1849.7,1396.3,1846.3,1310.1,1917.8,1211.0,1951.4,1111.4,1962.0,1020.6,1955.2,921.5,1921.7,835.4,1850.8
830.0,13.817,834.6,1851.5,928.7,1788.1,1025.2,1760.2,1110.0,1781.0,1202.5,1758.4,1305.2,1794.7,1395.4,1846.3,1353.3,1849.4,1206.9,1837.9,1111.3,1848.3,1026.1,1841.9,875.4,1850.9,875.4,1850.9,1024.5,1850.8,1110.6,1858.3,1204.9,1849.4,1353.3,1849.4,1395.4,1846.3,1309.7,1916.9,1210.8,1950.5,1111.9,1961.4,1021.6,1955.0,921.8,1922.1,834.6,1851.5
831.0,13.833,833.7,1849.8,928.5,1787.4,1025.3,1759.5,1110.3,1780.4,1202.8,1758.6,1306.0,1794.8,1396.0,1846.5,1353.7,1850.0,1206.8,1838.5,1111.2,1848.6,1025.6,1841.9,874.6,1849.9,874.6,1849.9,1023.3,1849.0,1109.7,1856.9,1204.2,1848.3,1353.7,1850.0,1396.0,1846.5,1309.5,1917.3,1210.2,1949.9,1111.0,1960.5,1020.4,1953.7,920.9,1920.9,833.7,1849.8
832.0,13.85,834.6,1849.2,928.7,1787.3,1025.8,1759.2,1110.8,1780.3,1203.6,1758.1,1306.5,1794.7,1395.8,1846.1,1354.1,1849.2,1207.5,1837.8,1111.8,1848.0,1026.2,1841.1,875.4,1849.0,875.4,1849.0,1025.2,1847.6,1111.6,1855.5,1206.2,1846.9,1354.1,1849.2,1395.8,1846.1,1310.9,1916.6,1212.4,1949.5,1113.1,1960.3,1022.4,1953.5,921.9,1920.7,834.6,1849.2
833.0,13.867,834.3,1849.4,929.2,1786.8,1027.1,1758.6,1111.7,1779.6,1203.8,1757.7,1307.4,1794.0,1397.7,1846.1,1355.6,1849.2,1208.1,1837.8,1113.0,1847.9,1027.9,1841.1,875.3,1849.5,875.3,1849.5,1026.8,1847.2,1112.8,1854.9,1206.6,1846.6,1355.6,1849.2,1397.7,1846.1,1312.1,1916.7,1213.1,1948.9,1114.5,1959.3,1024.2,1952.9,922.8,1920.7,834.3,1849.4
834.0,13.883,835.9,1848.9,930.3,1786.2,1028.2,1757.6,1113.1,1778.8,1205.7,1756.9,1309.6,1793.6,1399.5,1846.1,1357.7,1849.0,1209.7,1837.7,1114.2,1847.5,1028.6,1840.6,877.0,1848.7,877.0,1848.7,1027.8,1846.6,1114.2,1854.5,1208.6,1846.2,1357.7,1849.0,1399.5,1846.1,1314.3,1916.4,1215.1,1949.0,1116.0,1959.6,1025.2,1952.9,924.0,1920.3,835.9,1848.9
835.0,13.9,835.7,1848.8,931.0,1785.4,1029.0,1758.0,1115.0,1779.0,1208.6,1756.9,1313.0,1792.9,1402.8,1845.7,1361.0,1848.2,1212.8,1836.2,1116.2,1846.6,1029.7,1839.7,877.1,1848.6,877.1,1848.6,1029.4,1847.4,1117.0,1855.4,1212.4,1846.8,1361.0,1848.2,1402.8,1845.7,1318.7,1915.7,1219.2,1948.1,1119.1,1958.9,1027.3,1952.2,925.2,1920.0,835.7,1848.8
836.0,13.917,834.1,1846.6,931.2,1785.2,1030.5,1758.4,1117.3,1779.3,1212.0,1757.3,1317.7,1791.8,1408.8,1842.5,1367.1,1846.1,1216.3,1836.4,1118.4,1847.1,1031.1,1840.2,875.3,1847.3,875.3,1847.3,1030.1,1846.9,1118.3,1855.0,1215.0,1846.2,1367.1,1846.1,1408.8,1842.5,1322.8,1913.6,1221.8,1946.7,1120.5,1957.7,1028.0,1950.9,924.9,1918.1,834.1,1846.6
837.0,13.933,830.3,1843.8,930.5,1785.1,1031.3,1758.3,1118.5,1778.9,1213.8,1757.0,1321.3,1790.7,1415.3,1839.0,1373.2,1843.4,1217.8,1836.4,1119.5,1847.2,1031.6,1840.4,871.9,1845.3,871.9,1845.3,1030.0,1844.9,1118.7,1853.1,1216.0,1844.4,1373.2,1843.4,1415.3,1839.0,1325.9,1911.5,1222.9,1945.6,1121.1,1956.7,1028.1,1950.0,923.9,1916.8,830.3,1843.8
838.0,13.95,824.5,1836.9,928.8,1783.2,1032.6,1758.3,1118.4,1778.8,1212.0,1756.9,1321.7,1788.2,1420.8,1832.0,1378.5,1838.0,1216.3,1836.0,1119.6,1847.2,1033.1,1840.3,865.9,1840.0,865.9,1840.0,1031.0,1842.8,1118.2,1850.4,1213.7,1841.9,1378.5,1838.0,1420.8,1832.0,1326.1,1908.7,1220.5,1943.9,1120.3,1955.1,1028.8,1948.8,921.4,1914.8,824.5,1836.9
839.0,13.967,822.3,1832.3,928.1,1781.6,1032.2,1759.0,1119.0,1779.4,1214.1,1757.3,1324.7,1785.9,1425.7,1826.6,1382.8,1833.6,1218.6,1835.8,1120.5,1847.9,1032.9,1840.7,863.5,1836.1,863.5,1836.1,1029.8,1842.2,1118.0,1849.7,1215.0,1840.5,1382.8,1833.6,1425.7,1826.6,1328.4,1904.3,1221.1,1941.4,1119.5,1953.3,1027.1,1947.0,919.8,1912.4,822.3,1832.3
840.0,13.983,818.6,1826.6,927.3,1781.1,1033.1,1759.7,1120.1,1780.0,1216.0,1758.5,1327.9,1785.7,1431.5,1821.9,1389.1,1829.9,1220.0,1835.2,1121.1,1847.0,1033.2,1839.5,859.5,1831.4,859.5,1831.4,1029.4,1841.4,1117.8,1849.6,1215.5,1840.7,1389.1,1829.9,1431.5,1821.9,1330.7,1901.9,1221.2,1940.0,1118.9,1951.5,1026.5,1944.7,918.0,1908.2,818.6,1826.6
841.0,14.0,816.0,1820.6,927.0,1778.1,1034.2,1760.3,1121.3,1780.4,1217.6,1758.9,1330.9,1783.2,1436.5,1816.4,1394.8,1824.1,1221.8,1832.2,1122.4,1844.7,1034.5,1836.9,856.6,1825.7,856.6,1825.7,1031.6,1842.3,1120.2,1850.4,1218.3,1841.2,1394.8,1824.1,1436.5,1816.4,1334.7,1897.8,1223.7,1936.1,1121.2,1947.7,1028.6,1940.8,917.8,1903.4,816.0,1820.6
842.0,14.017,812.7,1813.0,924.5,1775.3,1032.7,1759.0,1120.6,1779.5,1218.0,1758.3,1332.1,1781.4,1438.9,1811.5,1397.3,1819.8,1221.9,1830.5,1121.4,1843.2,1032.6,1834.5,853.2,1818.9,853.2,1818.9,1029.7,1837.9,1119.2,1846.5,1218.5,1837.4,1397.3,1819.8,1438.9,1811.5,1335.3,1893.8,1223.6,1932.3,1119.9,1943.9,1026.4,1936.5,915.0,1898.2,812.7,1813.0
843.0,14.033,809.0,1804.9,922.4,1771.1,1031.5,1758.3,1119.8,1779.3,1218.5,1758.0,1333.8,1778.7,1443.1,1805.5,1401.6,1813.4,1222.3,1828.2,1120.7,1841.2,1031.5,1831.8,849.2,1810.9,849.2,1810.9,1029.6,1834.3,1119.6,1843.2,1220.0,1834.0,1401.6,1813.4,1443.1,1805.5,1337.7,1887.4,1224.5,1926.9,1119.7,1938.6,1025.8,1930.9,913.0,1891.3,809.0,1804.9
844.0,14.05,804.2,1797.0,920.0,1767.6,1030.7,1756.7,1118.4,1777.7,1216.3,1756.3,1333.2,1775.4,1446.3,1799.0,1404.6,1807.2,1220.0,1825.5,1119.3,1838.8,1030.6,1829.1,844.4,1803.6,844.4,1803.6,1028.9,1828.2,1118.3,1836.9,1217.7,1828.0,1404.6,1807.2,1446.3,1799.0,1337.1,1881.8,1222.1,1920.5,1118.2,1931.8,1025.0,1924.3,910.6,1884.8,804.2,1797.0
845.0,14.067,803.5,1792.0,920.0,1764.2,1030.5,1755.5,1118.6,1776.0,1216.8,1754.6,1334.4,1771.4,1447.9,1793.5,1406.4,1801.4,1220.7,1821.9,1119.6,1836.0,1030.5,1826.2,844.0,1798.6,844.0,1798.6,1029.7,1824.2,1119.6,1832.9,1219.4,1823.7,1406.4,1801.4,1447.9,1793.5,1339.5,1875.8,1224.4,1913.8,1120.2,1925.2,1026.7,1917.9,911.7,1879.2,803.5,1792.0
846.0,14.083,802.8,1787.0,920.3,1760.4,1030.3,1752.3,1118.4,1771.9,1217.1,1750.3,1332.9,1765.9,1445.7,1787.0,1404.4,1794.8,1220.9,1814.6,1119.3,1829.5,1030.4,1819.9,843.1,1793.8,843.1,1793.8,1029.9,1817.6,1119.8,1825.8,1219.9,1815.9,1404.4,1794.8,1445.7,1787.0,1338.1,1866.6,1225.0,1902.2,1120.7,1913.8,1027.3,1907.2,912.4,1871.4,802.8,1787.0
847.0,14.1,797.7,1778.8,919.3,1754.7,1032.5,1748.2,1116.2,1767.2,1210.1,1745.7,1329.3,1758.3,1450.0,1777.4,1408.3,1785.8,1214.3,1808.9,1117.5,1824.1,1032.8,1815.1,837.7,1786.4,837.7,1786.4,1032.3,1816.5,1117.9,1823.5,1213.3,1813.7,1408.3,1785.8,1450.0,1777.4,1334.7,1860.6,1216.7,1896.0,1117.3,1907.1,1028.3,1901.4,910.3,1865.3,797.7,1778.8
848.0,14.117,791.1,1768.6,919.4,1752.4,1035.4,1750.8,1113.3,1768.4,1200.7,1748.9,1324.4,1756.5,1457.1,1768.9,1415.2,1778.6,1204.1,1803.2,1114.0,1818.2,1034.8,1809.5,829.8,1778.0,829.8,1778.0,1032.7,1820.7,1112.6,1826.9,1201.5,1818.7,1415.2,1778.6,1457.1,1768.9,1328.3,1855.9,1202.7,1889.0,1110.0,1898.0,1027.3,1892.8,907.7,1856.2,791.1,1768.6
849.0,14.133,788.1,1758.7,923.2,1752.5,1041.9,1753.9,1115.3,1770.1,1197.9,1751.8,1322.4,1754.7,1463.3,1758.0,1421.3,1770.2,1200.9,1798.2,1115.7,1813.6,1041.1,1805.3,825.3,1770.4,825.3,1770.4,1036.9,1821.1,1112.1,1826.7,1195.9,1818.8,1421.3,1770.2,1463.3,1758.0,1324.5,1848.1,1196.0,1880.6,1108.7,1889.2,1031.1,1884.9,909.8,1849.0,788.1,1758.7
850.0,14.15,784.7,1752.1,923.7,1751.3,1044.0,1754.2,1113.8,1769.9,1192.0,1752.4,1317.4,1753.8,1464.8,1753.7,1422.3,1767.0,1194.5,1795.1,1113.7,1810.4,1042.5,1802.1,821.0,1765.2,821.0,1765.2,1036.9,1817.0,1108.2,1821.8,1187.5,1814.6,1422.3,1767.0,1464.8,1753.7,1317.2,1843.1,1185.8,1872.0,1103.0,1879.5,1029.6,1875.7,908.0,1841.5,784.7,1752.1
851.0,14.167,783.2,1748.3,923.8,1750.0,1044.8,1754.4,1112.5,1769.4,1188.4,1752.0,1315.2,1751.9,1467.0,1749.7,1424.1,1763.4,1190.8,1792.8,1112.3,1808.4,1043.3,1800.5,819.2,1761.7,819.2,1761.7,1037.7,1815.3,1106.9,1819.4,1184.0,1812.5,1424.1,1763.4,1467.0,1749.7,1315.1,1839.5,1181.7,1867.4,1101.3,1874.7,1030.1,1871.5,907.8,1838.0,783.2,1748.3
852.0,14.183,783.7,1746.9,924.2,1751.3,1044.7,1756.4,1113.5,1771.5,1190.6,1754.1,1316.4,1753.0,1466.2,1748.6,1424.0,1761.7,1193.4,1793.4,1113.6,1809.3,1043.6,1801.0,819.9,1760.1,819.9,1760.1,1039.2,1812.1,1109.3,1816.6,1187.4,1809.2,1424.0,1761.7,1466.2,1748.6,1317.3,1835.2,1186.3,1862.8,1104.8,1870.5,1032.7,1867.0,910.2,1834.0,783.7,1746.9
853.0,14.2,784.7,1748.2,923.9,1752.2,1043.8,1758.3,1113.3,1773.8,1191.4,1755.6,1316.9,1753.8,1465.6,1748.9,1423.5,1761.3,1194.7,1797.7,1114.1,1813.8,1043.4,1805.4,821.9,1760.5,821.9,1760.5,1040.6,1811.5,1111.5,1815.9,1190.5,1808.0,1423.5,1761.3,1465.6,1748.9,1319.9,1835.8,1190.0,1865.7,1107.7,1873.9,1034.5,1870.7,911.5,1836.8,784.7,1748.2
854.0,14.217,787.0,1749.8,925.6,1754.4,1046.1,1760.2,1113.6,1775.5,1189.3,1757.4,1315.3,1755.1,1465.3,1749.5,1423.2,1762.2,1193.4,1799.9,1115.0,1815.7,1046.4,1807.7,824.1,1762.0,824.1,1762.0,1043.8,1814.4,1112.6,1818.3,1189.3,1810.3,1423.2,1762.2,1465.3,1749.5,1318.9,1837.5,1189.0,1868.4,1109.0,1876.8,1037.8,1874.1,914.0,1839.7,787.0,1749.8
855.0,14.233,789.2,1752.2,925.4,1757.3,1044.5,1763.1,1111.8,1778.8,1187.5,1760.6,1313.5,1758.4,1463.9,1752.8,1421.2,1765.1,1191.4,1804.9,1113.1,1820.4,1044.6,1812.4,826.2,1763.5,826.2,1763.5,1042.3,1816.3,1110.7,1820.2,1187.6,1811.8,1421.2,1765.1,1463.9,1752.8,1316.7,1839.1,1186.1,1871.1,1106.1,1879.9,1035.2,1877.0,913.7,1841.8,789.2,1752.2
856.0,14.25,791.9,1755.9,927.8,1761.2,1046.4,1767.0,1113.1,1782.6,1188.2,1764.5,1313.8,1762.0,1464.1,1755.8,1421.4,1768.3,1192.5,1808.4,1114.8,1823.8,1047.0,1816.0,829.1,1767.3,829.1,1767.3,1044.7,1818.4,1112.5,1822.2,1188.7,1813.8,1421.4,1768.3,1464.1,1755.8,1317.5,1840.4,1187.9,1872.5,1108.5,1881.2,1038.2,1878.6,916.9,1843.9,791.9,1755.9
857.0,14.267,792.3,1758.7,927.6,1764.4,1045.7,1770.4,1112.8,1786.1,1188.6,1768.1,1314.5,1765.8,1465.0,1759.2,1422.1,1771.6,1193.0,1812.9,1114.5,1828.2,1046.1,1820.3,829.5,1769.9,829.5,1769.9,1043.3,1819.3,1111.4,1823.4,1188.5,1814.7,1422.1,1771.6,1465.0,1759.2,1317.5,1842.5,1187.0,1874.4,1106.9,1883.2,1036.3,1880.1,916.2,1845.3,792.3,1758.7
858.0,14.283,794.6,1763.0,927.7,1767.3,1044.4,1772.8,1112.7,1788.5,1189.5,1770.5,1314.4,1768.3,1463.2,1763.0,1419.9,1775.3,1194.0,1815.3,1114.6,1830.7,1045.0,1822.6,832.1,1773.7,832.1,1773.7,1042.1,1823.0,1111.3,1827.0,1189.4,1817.8,1419.9,1775.3,1463.2,1763.0,1317.4,1844.8,1188.3,1877.6,1107.0,1886.9,1035.4,1884.0,916.8,1849.5,794.6,1763.0
859.0,14.3,797.7,1766.5,929.7,1770.7,1045.3,1776.0,1114.4,1791.9,1192.5,1773.5,1315.6,1771.4,1461.3,1765.9,1418.4,1777.6,1197.1,1818.3,1116.3,1833.9,1046.2,1825.7,835.1,1776.5,835.1,1776.5,1044.2,1825.0,1114.2,1829.2,1193.5,1819.4,1418.4,1777.6,1461.3,1765.9,1319.3,1846.1,1192.6,1879.6,1110.3,1889.5,1037.8,1886.4,919.7,1852.0,797.7,1766.5
860.0,14.317,799.7,1769.9,932.1,1773.3,1047.8,1778.3,1115.9,1794.0,1192.9,1775.4,1315.1,1773.9,1459.7,1768.8,1417.2,1780.6,1197.7,1820.0,1117.8,1835.7,1048.8,1827.9,836.8,1780.1,836.8,1780.1,1047.1,1827.3,1116.1,1831.3,1194.3,1821.6,1417.2,1780.6,1459.7,1768.8,1318.9,1848.8,1193.5,1881.4,1112.3,1891.3,1040.7,1888.4,922.2,1854.7,799.7,1769.9
861.0,14.333,799.5,1771.3,932.7,1775.0,1049.5,1779.4,1116.5,1794.9,1192.3,1776.7,1315.5,1775.0,1461.9,1769.8,1419.2,1782.0,1197.4,1821.6,1118.7,1836.9,1050.6,1829.3,836.7,1781.9,836.7,1781.9,1048.6,1828.9,1116.4,1832.6,1193.6,1822.9,1419.2,1782.0,1461.9,1769.8,1319.2,1850.2,1192.7,1882.7,1112.6,1892.4,1042.1,1889.9,922.7,1856.4,799.5,1771.3
862.0,14.35,801.0,1772.8,934.1,1775.9,1050.5,1780.2,1116.9,1795.7,1192.4,1777.3,1314.5,1776.0,1460.5,1771.0,1417.6,1783.1,1197.4,1822.3,1119.1,1837.6,1051.7,1830.1,838.2,1783.0,838.2,1783.0,1049.6,1829.9,1116.8,1833.5,1193.6,1823.7,1417.6,1783.1,1460.5,1771.0,1318.0,1850.5,1192.4,1883.3,1112.8,1893.2,1042.8,1890.8,923.9,1857.4,801.0,1772.8
863.0,14.367,801.8,1774.0,935.2,1776.4,1051.9,1779.9,1117.5,1795.3,1191.9,1777.0,1314.4,1776.2,1460.7,1771.8,1417.8,1784.0,1197.0,1822.7,1119.9,1837.8,1053.1,1830.7,839.0,1784.2,839.0,1784.2,1050.8,1830.5,1117.3,1833.9,1193.0,1824.1,1417.8,1784.0,1460.7,1771.8,1317.8,1851.5,1191.7,1884.3,1113.2,1894.3,1043.9,1891.9,925.0,1858.6,801.8,1774.0
864.0,14.383,801.3,1774.0,935.5,1776.5,1053.0,1779.7,1118.0,1794.9,1191.3,1776.6,1314.4,1775.5,1462.0,1770.9,1419.0,1783.5,1196.6,1821.9,1120.5,1837.2,1054.4,1830.4,838.4,1784.4,838.4,1784.4,1052.0,1831.1,1117.7,1834.1,1192.4,1824.3,1419.0,1783.5,1462.0,1770.9,1317.7,1851.7,1191.1,1884.3,1113.6,1894.2,1045.1,1892.2,925.3,1859.2,801.3,1774.0
865.0,14.4,802.1,1774.0,935.4,1775.9,1052.5,1779.2,1117.9,1794.4,1192.3,1776.8,1314.7,1776.0,1460.9,1772.2,1418.1,1785.1,1197.5,1821.2,1120.4,1836.0,1053.9,1828.9,838.8,1785.0,838.8,1785.0,1050.9,1832.2,1117.2,1835.4,1193.1,1825.6,1418.1,1785.1,1460.9,1772.2,1317.3,1851.7,1191.3,1884.0,1112.8,1893.9,1043.8,1891.6,924.7,1858.6,802.1,1774.0
866.0,14.417,802.9,1773.6,936.6,1775.6,1053.9,1778.7,1118.7,1793.5,1192.1,1776.0,1314.5,1775.1,1460.4,1771.3,1417.6,1784.4,1197.4,1819.7,1121.3,1834.7,1055.4,1827.9,839.6,1784.8,839.6,1784.8,1052.5,1832.3,1118.1,1835.2,1193.1,1825.0,1417.6,1784.4,1460.4,1771.3,1317.1,1851.1,1191.5,1882.9,1113.9,1893.1,1045.5,1891.0,926.1,1858.6,802.9,1773.6
867.0,14.433,803.7,1774.2,937.4,1774.6,1054.0,1777.6,1120.4,1792.4,1196.5,1774.6,1317.1,1774.3,1459.7,1771.0,1417.5,1784.3,1201.8,1817.6,1123.0,1832.8,1055.5,1825.9,840.1,1785.5,840.1,1785.5,1052.2,1831.9,1119.5,1835.1,1197.2,1824.2,1417.5,1784.3,1459.7,1771.0,1319.2,1849.5,1195.6,1881.3,1115.5,1892.1,1045.4,1889.7,926.3,1857.7,803.7,1774.2
868.0,14.45,803.3,1774.5,937.8,1775.0,1055.0,1777.1,1121.5,1791.7,1197.4,1773.4,1317.5,1773.2,1460.0,1769.5,1417.9,1782.9,1203.0,1815.9,1124.2,1831.8,1056.8,1825.0,839.7,1785.8,839.7,1785.8,1053.6,1831.0,1120.9,1834.1,1198.2,1823.0,1417.9,1782.9,1460.0,1769.5,1320.1,1848.6,1197.4,1880.3,1117.5,1891.3,1047.4,1889.2,927.4,1857.7,803.3,1774.5
869.0,14.467,803.5,1773.6,937.9,1772.9,1054.9,1774.8,1121.4,1789.3,1197.3,1771.0,1317.6,1771.2,1460.1,1768.2,1417.9,1781.6,1202.9,1814.6,1124.0,1830.2,1056.6,1823.7,839.9,1784.9,839.9,1784.9,1053.1,1829.6,1120.3,1832.6,1197.8,1821.7,1417.9,1781.6,1460.1,1768.2,1320.0,1847.6,1196.8,1879.5,1116.8,1890.5,1046.7,1888.5,927.1,1857.0,803.5,1773.6
870.0,14.483,801.8,1771.9,935.4,1771.1,1052.6,1772.9,1119.5,1787.7,1196.0,1769.4,1316.8,1769.5,1459.8,1766.9,1417.4,1780.0,1201.7,1813.3,1122.3,1828.7,1054.5,1821.9,838.3,1782.9,838.3,1782.9,1051.5,1828.0,1119.3,1831.0,1197.3,1820.0,1417.4,1780.0,1459.8,1766.9,1319.7,1845.7,1196.2,1877.8,1115.6,1888.7,1045.1,1886.8,925.0,1855.3,801.8,1771.9
871.0,14.5,801.6,1771.1,934.7,1769.9,1051.3,1772.0,1118.4,1786.5,1195.0,1768.1,1315.4,1768.0,1457.8,1765.5,1415.5,1778.2,1200.8,1811.2,1121.2,1826.9,1053.4,1820.3,838.2,1781.9,838.2,1781.9,1051.0,1826.7,1118.8,1829.7,1197.0,1818.6,1415.5,1778.2,1457.8,1765.5,1318.9,1843.8,1196.1,1875.6,1115.5,1886.7,1044.8,1884.9,924.9,1853.9,801.6,1771.1
872.0,14.517,800.6,1770.7,933.5,1768.7,1050.4,1770.3,1117.2,1784.8,1193.6,1766.5,1314.2,1766.7,1456.5,1765.0,1414.3,1777.6,1199.7,1810.1,1120.4,1825.6,1052.8,1819.0,837.3,1781.5,837.3,1781.5,1050.8,1825.7,1118.5,1828.5,1196.5,1817.4,1414.3,1777.6,1456.5,1765.0,1318.2,1843.0,1195.7,1874.7,1115.3,1885.8,1044.8,1884.2,924.1,1853.7,800.6,1770.7
873.0,14.533,799.8,1769.0,932.7,1767.9,1049.5,1769.5,1115.9,1784.0,1191.7,1766.1,1312.3,1765.9,1455.0,1763.6,1412.4,1776.7,1197.5,1809.3,1118.8,1824.6,1051.6,1818.0,836.2,1780.0,836.2,1780.0,1049.0,1824.7,1116.2,1827.4,1193.8,1816.4,1412.4,1776.7,1455.0,1763.6,1315.4,1841.7,1192.7,1873.6,1112.7,1884.7,1042.6,1883.0,922.8,1852.1,799.8,1769.0
874.0,14.55,799.8,1768.4,932.0,1766.9,1048.5,1768.0,1115.4,1782.8,1192.0,1765.1,1312.5,1765.5,1454.0,1764.0,1411.6,1777.0,1197.6,1808.7,1118.2,1823.7,1050.3,1816.9,836.1,1779.5,836.1,1779.5,1047.5,1823.7,1115.3,1826.8,1193.7,1815.9,1411.6,1777.0,1454.0,1764.0,1315.2,1840.8,1192.5,1872.4,1111.7,1883.3,1041.1,1881.3,922.0,1850.4,799.8,1768.4
875.0,14.567,800.4,1767.4,933.2,1766.1,1049.7,1767.3,1116.4,1781.9,1192.7,1764.0,1312.8,1764.1,1454.3,1762.1,1412.1,1775.2,1198.3,1806.8,1119.3,1822.2,1051.6,1815.5,836.8,1778.5,836.8,1778.5,1048.9,1823.7,1116.5,1826.7,1194.4,1815.5,1412.1,1775.2,1454.3,1762.1,1315.8,1840.0,1193.7,1871.6,1113.3,1882.8,1043.0,1880.8,923.5,1850.1,800.4,1767.4
876.0,14.583,800.8,1766.6,933.5,1765.7,1049.9,1767.1,1116.8,1781.8,1193.7,1763.9,1313.5,1764.2,1454.5,1761.7,1412.5,1774.8,1199.2,1806.9,1119.5,1822.2,1051.6,1815.5,837.2,1777.7,837.2,1777.7,1048.8,1822.9,1116.6,1826.1,1195.2,1814.9,1412.5,1774.8,1454.5,1761.7,1316.3,1839.6,1194.4,1871.6,1113.4,1882.8,1042.9,1880.6,923.6,1849.3,800.8,1766.6
877.0,14.6,801.8,1767.2,934.9,1765.8,1050.8,1767.0,1117.6,1781.4,1194.0,1763.2,1313.5,1764.0,1454.5,1761.5,1412.5,1774.6,1199.6,1805.9,1120.2,1821.5,1052.6,1814.9,838.1,1778.1,838.1,1778.1,1049.4,1823.5,1116.9,1826.6,1195.0,1815.3,1412.5,1774.6,1454.5,1761.5,1316.1,1840.1,1194.3,1871.5,1113.8,1882.8,1043.6,1880.8,924.5,1849.8,801.8,1767.2
878.0,14.617,802.6,1766.6,935.5,1765.8,1051.4,1767.0,1117.9,1781.4,1193.7,1763.7,1313.5,1764.0,1454.9,1761.7,1412.7,1774.7,1199.1,1806.3,1120.6,1821.6,1053.1,1814.9,839.1,1777.7,839.1,1777.7,1049.9,1823.2,1117.3,1826.4,1194.7,1815.4,1412.7,1774.7,1454.9,1761.7,1316.2,1840.0,1194.2,1871.2,1114.2,1882.1,1044.2,1880.2,925.4,1849.5,802.6,1766.6
879.0,14.633,803.1,1767.5,935.0,1766.0,1050.8,1766.9,1118.2,1781.7,1195.4,1763.8,1314.7,1764.3,1454.7,1762.5,1412.6,1775.4,1201.0,1807.2,1120.9,1822.4,1052.6,1815.6,839.6,1778.4,839.6,1778.4,1049.7,1823.1,1117.9,1826.4,1196.8,1815.0,1412.6,1775.4,1454.7,1762.5,1317.4,1839.4,1196.2,1871.4,1114.8,1882.7,1043.9,1880.6,925.2,1849.7,803.1,1767.5
880.0,14.65,803.7,1768.0,935.4,1765.7,1050.7,1767.2,1118.6,1782.1,1196.4,1764.1,1315.3,1764.5,1454.4,1763.1,1412.5,1775.6,1201.8,1807.0,1121.1,1822.3,1052.4,1815.3,840.2,1778.5,840.2,1778.5,1049.7,1823.7,1118.5,1827.1,1198.0,1815.8,1412.5,1775.6,1454.4,1763.1,1318.3,1839.6,1197.3,1871.5,1115.3,1882.7,1043.9,1880.5,925.5,1849.5,803.7,1768.0
881.0,14.667,803.9,1768.7,936.2,1766.4,1051.8,1767.6,1118.7,1782.1,1195.4,1764.3,1314.7,1765.1,1454.7,1763.6,1412.8,1776.1,1200.8,1806.3,1121.3,1821.4,1053.6,1814.8,840.2,1779.2,840.2,1779.2,1051.1,1824.7,1118.9,1828.0,1197.3,1816.9,1412.8,1776.1,1454.7,1763.6,1317.9,1840.4,1196.7,1871.6,1115.9,1882.5,1045.4,1880.4,926.6,1849.8,803.9,1768.7
882.0,14.683,804.6,1769.2,937.5,1767.1,1053.6,1768.0,1120.4,1782.5,1197.0,1764.7,1315.8,1765.5,1455.3,1764.1,1413.6,1776.8,1202.5,1806.4,1123.0,1821.5,1055.4,1814.9,840.9,1780.1,840.9,1780.1,1052.9,1825.1,1120.7,1828.3,1198.9,1817.3,1413.6,1776.8,1455.3,1764.1,1319.1,1840.7,1198.7,1871.5,1118.0,1882.5,1047.6,1880.6,928.1,1850.4,804.6,1769.2
883.0,14.7,805.6,1769.3,939.6,1767.3,1056.3,1768.8,1121.7,1783.0,1196.5,1765.6,1315.5,1766.2,1455.9,1764.6,1414.4,1777.3,1202.2,1806.8,1124.5,1821.7,1058.2,1815.3,842.1,1780.4,842.1,1780.4,1055.6,1826.0,1122.0,1828.9,1198.6,1818.0,1414.4,1777.3,1455.9,1764.6,1319.0,1842.0,1198.3,1871.8,1119.4,1882.4,1050.3,1880.7,930.0,1850.9,805.6,1769.3
884.0,14.717,806.5,1770.1,939.5,1767.8,1055.6,1769.2,1122.3,1783.6,1198.9,1765.9,1317.4,1766.4,1456.2,1764.9,1414.6,1777.6,1204.5,1807.1,1125.1,1822.2,1057.4,1815.7,842.8,1780.9,842.8,1780.9,1055.1,1826.1,1122.8,1829.2,1201.1,1817.8,1414.6,1777.6,1456.2,1764.9,1320.9,1841.2,1200.9,1871.9,1120.2,1883.0,1049.8,1881.1,930.2,1851.2,806.5,1770.1
885.0,14.733,807.2,1771.0,939.7,1768.2,1055.2,1769.5,1122.4,1784.0,1199.2,1766.2,1317.7,1766.9,1456.4,1765.8,1414.8,1778.0,1204.7,1807.9,1125.0,1823.1,1057.0,1816.5,843.8,1781.3,843.8,1781.3,1054.7,1826.4,1122.8,1829.6,1201.2,1818.3,1414.8,1778.0,1456.4,1765.8,1321.1,1841.7,1201.0,1872.6,1120.0,1883.6,1049.4,1881.6,930.5,1851.4,807.2,1771.0
886.0,14.75,807.4,1770.2,940.5,1768.8,1056.5,1770.0,1123.2,1784.5,1199.9,1766.6,1317.7,1767.5,1456.3,1765.3,1414.7,1778.0,1205.3,1808.4,1125.7,1823.6,1058.3,1817.0,843.7,1780.8,843.7,1780.8,1055.6,1826.9,1123.2,1830.2,1201.5,1818.7,1414.7,1778.0,1456.3,1765.3,1320.6,1842.0,1201.1,1873.3,1120.4,1884.7,1050.2,1882.7,930.9,1852.0,807.4,1770.2
887.0,14.767,806.3,1770.3,939.5,1768.4,1056.4,1769.5,1123.0,1784.2,1199.5,1765.9,1317.5,1767.1,1457.0,1765.7,1415.4,1777.9,1205.3,1807.7,1125.8,1823.1,1058.5,1816.3,842.9,1780.7,842.9,1780.7,1056.8,1826.2,1124.3,1829.3,1202.3,1817.9,1415.4,1777.9,1457.0,1765.7,1321.6,1842.1,1202.3,1872.6,1121.8,1883.8,1051.6,1882.2,930.8,1852.2,806.3,1770.3
888.0,14.783,807.4,1770.2,940.2,1767.8,1056.3,1769.9,1123.0,1784.5,1199.5,1766.7,1318.2,1767.1,1457.6,1765.8,1416.1,1778.0,1205.2,1808.6,1125.7,1823.9,1058.1,1817.2,844.1,1780.4,844.1,1780.4,1055.9,1826.2,1123.5,1829.4,1201.6,1817.9,1416.1,1778.0,1457.6,1765.8,1321.7,1841.9,1201.2,1872.7,1120.6,1883.8,1050.3,1881.7,930.7,1851.2,807.4,1770.2
889.0,14.8,808.0,1770.1,940.4,1768.3,1056.7,1769.5,1123.8,1784.2,1201.3,1765.9,1319.0,1766.9,1457.5,1764.8,1415.7,1777.4,1207.3,1807.9,1126.8,1823.2,1059.0,1816.4,844.6,1780.7,844.6,1780.7,1057.0,1825.8,1125.1,1829.1,1204.2,1817.4,1415.7,1777.4,1457.5,1764.8,1323.0,1841.5,1204.3,1872.5,1122.8,1883.9,1052.1,1882.1,931.7,1851.9,808.0,1770.1
890.0,14.817,809.4,1771.6,941.3,1768.3,1057.6,1769.2,1123.9,1783.9,1200.5,1765.1,1318.3,1766.6,1457.1,1765.5,1415.5,1777.5,1206.6,1807.2,1126.9,1822.7,1060.0,1816.2,846.0,1781.4,846.0,1781.4,1058.8,1826.5,1126.0,1829.7,1204.2,1818.2,1415.5,1777.5,1457.1,1765.5,1323.3,1842.1,1204.4,1872.8,1123.8,1884.1,1053.8,1882.5,933.1,1852.4,809.4,1771.6
891.0,14.833,810.5,1771.4,942.6,1768.2,1058.8,1768.7,1124.3,1783.4,1199.8,1764.9,1317.9,1766.6,1457.5,1765.6,1415.7,1777.7,1205.6,1807.4,1127.1,1822.5,1060.8,1816.2,847.0,1781.3,847.0,1781.3,1059.1,1826.0,1125.6,1829.3,1202.6,1818.3,1415.7,1777.7,1457.5,1765.6,1322.3,1842.5,1202.6,1872.9,1123.1,1883.8,1054.0,1882.0,934.0,1851.8,810.5,1771.4
892.0,14.85,811.6,1772.3,943.1,1767.9,1058.6,1768.0,1124.2,1782.6,1199.6,1764.4,1317.7,1766.4,1456.7,1766.4,1414.8,1778.7,1205.3,1806.9,1126.9,1821.7,1060.5,1815.5,848.1,1782.4,848.1,1782.4,1058.0,1826.3,1124.5,1829.6,1201.7,1818.6,1414.8,1778.7,1456.7,1766.4,1321.4,1842.9,1201.6,1873.0,1122.0,1883.7,1052.8,1881.8,933.9,1851.9,811.6,1772.3
893.0,14.867,812.4,1772.4,942.9,1767.4,1057.9,1767.6,1124.0,1782.2,1200.3,1764.2,1318.0,1766.2,1455.9,1767.0,1414.3,1779.1,1205.8,1806.1,1126.6,1820.9,1059.6,1814.5,848.7,1782.3,848.7,1782.3,1057.2,1827.2,1124.3,1830.6,1202.3,1819.3,1414.3,1779.1,1455.9,1767.0,1321.5,1842.6,1201.8,1872.2,1121.5,1882.9,1051.8,1880.9,933.5,1851.3,812.4,1772.4
894.0,14.883,813.3,1776.2,942.1,1768.1,1055.8,1767.1,1123.8,1781.6,1202.2,1763.4,1319.1,1766.2,1454.5,1769.7,1412.7,1781.5,1207.7,1805.0,1126.3,1820.0,1057.6,1813.6,849.7,1785.6,849.7,1785.6,1054.8,1830.1,1123.8,1833.7,1204.0,1822.0,1412.7,1781.5,1454.5,1769.7,1322.4,1844.3,1203.7,1874.6,1121.2,1885.7,1049.7,1883.6,932.7,1854.2,813.3,1776.2
895.0,14.9,817.4,1783.1,939.9,1769.0,1051.8,1766.0,1123.2,1781.4,1205.4,1762.4,1320.7,1768.1,1449.8,1776.5,1408.1,1786.6,1211.6,1808.2,1126.5,1822.8,1054.6,1816.1,854.9,1790.5,854.9,1790.5,1054.0,1833.8,1126.5,1837.7,1210.7,1825.1,1408.1,1786.6,1449.8,1776.5,1326.5,1850.2,1211.8,1883.2,1125.1,1895.4,1049.9,1893.3,933.1,1862.8,817.4,1783.1
896.0,14.917,818.9,1791.6,938.9,1771.7,1050.5,1763.7,1119.1,1780.1,1196.6,1761.4,1313.1,1773.2,1443.8,1788.0,1401.0,1798.0,1202.4,1817.0,1122.0,1829.6,1052.5,1823.5,857.3,1798.2,857.3,1798.2,1049.8,1834.1,1119.4,1838.0,1198.9,1827.9,1401.0,1798.0,1443.8,1788.0,1317.0,1864.9,1199.8,1897.5,1117.3,1908.0,1044.4,1905.3,930.1,1873.2,818.9,1791.6
897.0,14.933,822.6,1804.3,935.9,1775.8,1044.8,1761.9,1119.4,1779.9,1203.6,1759.6,1315.1,1779.3,1434.3,1802.2,1391.5,1811.4,1209.3,1824.5,1122.0,1836.5,1046.7,1829.8,861.8,1809.9,861.8,1809.9,1043.9,1829.9,1119.4,1834.7,1205.5,1824.2,1391.5,1811.4,1434.3,1802.2,1318.1,1874.9,1207.8,1907.1,1118.3,1918.5,1039.1,1915.1,927.4,1883.8,822.6,1804.3
898.0,14.95,825.9,1816.9,934.4,1780.3,1041.7,1763.0,1118.7,1781.9,1205.2,1761.7,1315.7,1785.4,1429.2,1815.9,1386.2,1823.4,1210.7,1830.8,1121.1,1841.6,1043.3,1834.7,866.1,1821.0,866.1,1821.0,1040.6,1836.8,1118.6,1842.5,1207.2,1832.4,1386.2,1823.4,1429.2,1815.9,1318.7,1887.2,1210.0,1919.3,1117.9,1930.0,1036.0,1925.8,926.1,1893.6,825.9,1816.9
899.0,14.967,829.2,1828.4,934.3,1784.4,1040.7,1763.8,1119.6,1783.7,1207.8,1763.1,1317.5,1790.9,1425.5,1828.4,1382.7,1834.9,1213.0,1836.9,1121.7,1847.1,1042.0,1839.9,869.9,1831.8,869.9,1831.8,1039.6,1841.9,1119.7,1848.3,1209.9,1838.8,1382.7,1834.9,1425.5,1828.4,1320.6,1899.4,1213.2,1931.0,1119.1,1941.3,1035.0,1936.3,926.1,1903.6,829.2,1828.4
900.0,14.983,832.3,1838.0,934.4,1788.1,1039.3,1764.3,1120.0,1785.1,1209.9,1764.2,1318.6,1796.1,1422.0,1839.6,1379.2,1844.5,1214.5,1841.1,1121.4,1850.7,1039.9,1843.2,873.5,1840.4,873.5,1840.4,1037.8,1845.8,1119.9,1853.2,1211.7,1844.8,1379.2,1844.5,1422.0,1839.6,1321.7,1909.9,1215.7,1939.9,1119.8,1949.4,1033.6,1943.5,926.3,1910.8,832.3,1838.0
901.0,15.0,835.0,1844.7,934.8,1791.0,1038.5,1763.7,1120.5,1784.9,1211.0,1764.5,1318.6,1799.9,1419.0,1847.4,1375.7,1852.7,1215.0,1845.1,1121.2,1853.7,1038.2,1846.2,876.3,1847.0,876.3,1847.0,1033.8,1847.8,1117.0,1855.8,1209.6,1847.9,1375.7,1852.7,1419.0,1847.4,1319.0,1918.0,1213.2,1947.0,1116.4,1955.7,1029.1,1949.1,924.6,1915.9,835.0,1844.7
902.0,15.017,841.0,1850.2,937.9,1793.2,1039.6,1765.1,1122.2,1786.5,1213.3,1765.7,1319.1,1802.3,1415.9,1852.4,1373.0,1857.1,1217.2,1847.1,1122.9,1855.7,1039.4,1848.2,882.4,1851.8,882.4,1851.8,1035.2,1852.8,1119.0,1861.0,1212.2,1853.0,1373.0,1857.1,1415.9,1852.4,1319.9,1923.0,1216.1,1952.7,1118.7,1961.6,1030.8,1954.8,928.1,1921.3,841.0,1850.2
903.0,15.033,843.4,1855.0,939.1,1796.0,1040.7,1766.7,1123.9,1788.4,1215.9,1767.6,1320.6,1805.3,1415.5,1857.1,1372.6,1861.6,1220.1,1849.6,1124.7,1857.8,1040.7,1850.2,884.7,1856.5,884.7,1856.5,1036.6,1856.0,1121.0,1864.3,1215.2,1856.1,1372.6,1861.6,1415.5,1857.1,1321.5,1927.0,1219.2,1956.5,1120.8,1965.3,1032.2,1958.7,929.3,1925.6,843.4,1855.0
904.0,15.05,845.3,1859.4,940.4,1797.9,1041.7,1767.7,1125.2,1789.7,1217.4,1768.5,1322.1,1807.3,1415.3,1861.6,1372.5,1865.2,1221.5,1851.8,1126.0,1859.9,1041.8,1852.3,887.0,1860.5,887.0,1860.5,1038.8,1857.1,1123.7,1865.4,1217.9,1857.8,1372.5,1865.2,1415.3,1861.6,1324.1,1930.6,1222.6,1959.5,1124.0,1968.1,1034.8,1961.4,931.7,1928.8,845.3,1859.4
905.0,15.067,846.9,1863.9,940.6,1800.0,1041.6,1769.4,1126.0,1791.5,1218.8,1770.1,1323.4,1809.0,1415.4,1865.2,1372.3,1868.3,1223.2,1853.8,1127.1,1861.9,1042.1,1854.3,888.7,1864.5,888.7,1864.5,1039.8,1860.4,1125.6,1868.6,1220.5,1860.8,1372.3,1868.3,1415.4,1865.2,1326.3,1933.3,1225.4,1962.6,1126.0,1971.4,1036.0,1965.0,932.6,1933.0,846.9,1863.9
906.0,15.083,849.6,1866.3,942.3,1800.3,1042.7,1768.7,1127.2,1791.2,1220.4,1769.6,1323.8,1810.2,1414.0,1868.4,1371.0,1871.0,1224.7,1855.2,1128.2,1863.1,1043.0,1855.4,891.5,1866.6,891.5,1866.6,1040.6,1859.2,1126.5,1867.6,1221.7,1860.1,1371.0,1871.0,1414.0,1868.4,1326.3,1935.7,1226.5,1964.5,1126.8,1973.2,1036.5,1966.5,934.0,1934.5,849.6,1866.3
907.0,15.1,850.9,1868.8,943.3,1801.5,1044.0,1768.9,1128.5,1791.5,1221.6,1769.9,1325.0,1810.8,1414.7,1870.0,1371.5,1872.6,1226.1,1856.6,1129.6,1864.3,1044.4,1856.8,892.9,1869.0,892.9,1869.0,1042.4,1860.0,1128.3,1868.3,1223.5,1860.9,1371.5,1872.6,1414.7,1870.0,1327.9,1936.9,1228.5,1966.1,1128.9,1974.8,1038.4,1968.5,935.5,1936.7,850.9,1868.8
908.0,15.117,852.0,1871.3,944.5,1803.2,1044.7,1769.6,1129.1,1791.6,1221.6,1770.0,1324.6,1811.2,1413.9,1871.2,1370.7,1874.2,1225.8,1856.3,1129.9,1864.3,1044.9,1857.1,894.1,1871.5,894.1,1871.5,1042.2,1860.6,1127.9,1868.8,1222.5,1861.5,1370.7,1874.2,1413.9,1871.2,1327.0,1938.2,1227.8,1966.8,1128.7,1975.5,1038.5,1969.3,936.4,1938.4,852.0,1871.3
909.0,15.133,853.8,1873.1,945.4,1804.0,1045.4,1771.1,1130.5,1793.4,1224.1,1771.6,1326.7,1812.8,1414.5,1873.4,1371.5,1876.0,1228.6,1858.1,1131.6,1866.1,1045.9,1858.8,895.8,1873.2,895.8,1873.2,1043.8,1861.4,1130.4,1869.6,1226.0,1862.1,1371.5,1876.0,1414.5,1873.4,1329.8,1939.5,1231.5,1967.9,1131.3,1976.7,1040.2,1970.4,937.7,1939.9,853.8,1873.1
910.0,15.15,855.1,1874.0,947.8,1805.2,1048.2,1772.5,1132.6,1794.7,1225.4,1773.1,1328.7,1814.4,1416.9,1874.7,1374.4,1876.8,1229.6,1858.9,1133.5,1866.7,1048.5,1859.4,897.2,1874.0,897.2,1874.0,1047.2,1863.2,1133.2,1871.5,1228.1,1864.6,1374.4,1876.8,1416.9,1874.7,1332.5,1941.4,1233.8,1969.4,1134.5,1977.7,1043.8,1971.4,940.6,1940.6,855.1,1874.0
911.0,15.167,858.0,1875.3,950.7,1806.1,1050.6,1774.0,1135.5,1796.1,1228.9,1774.2,1331.3,1814.9,1418.3,1875.1,1376.4,1877.4,1232.9,1859.2,1136.2,1867.4,1050.6,1860.3,899.8,1875.3,899.8,1875.3,1049.2,1865.4,1135.6,1873.6,1231.0,1866.4,1376.4,1877.4,1418.3,1875.1,1334.8,1941.4,1236.5,1970.1,1136.6,1979.0,1045.6,1972.6,942.9,1941.5,858.0,1875.3
912.0,15.183,858.3,1876.5,950.8,1806.6,1049.8,1773.9,1135.2,1795.6,1228.7,1773.9,1330.8,1815.1,1417.3,1875.6,1375.3,1878.1,1232.5,1859.2,1135.7,1867.4,1049.6,1860.6,900.1,1876.2,900.1,1876.2,1047.5,1864.8,1134.3,1872.9,1229.8,1865.6,1375.3,1878.1,1417.3,1875.6,1333.5,1941.4,1235.1,1970.0,1135.2,1978.8,1043.8,1972.4,942.6,1941.4,858.3,1876.5
913.0,15.2,857.9,1877.2,950.8,1807.1,1050.1,1774.7,1135.1,1796.4,1227.7,1775.2,1330.9,1816.0,1417.6,1877.0,1375.4,1879.1,1231.5,1860.2,1135.7,1868.1,1050.0,1861.3,899.9,1876.9,899.9,1876.9,1048.5,1866.0,1135.0,1874.2,1229.6,1867.4,1375.4,1879.1,1417.6,1877.0,1334.4,1943.2,1235.4,1971.4,1136.3,1979.7,1045.2,1973.2,943.4,1942.4,857.9,1877.2
914.0,15.217,857.1,1877.5,948.9,1807.0,1048.1,1773.8,1133.5,1795.9,1226.7,1774.7,1329.3,1816.5,1415.5,1877.7,1373.5,1880.1,1230.4,1861.0,1134.0,1868.7,1047.8,1861.7,899.2,1877.1,899.2,1877.1,1045.8,1864.2,1132.7,1872.4,1227.9,1865.6,1373.5,1880.1,1415.5,1877.7,1332.1,1943.6,1233.5,1972.4,1133.7,1980.9,1042.2,1974.1,941.0,1942.5,857.1,1877.5
915.0,15.233,857.1,1877.5,948.8,1806.8,1047.3,1774.2,1132.4,1796.3,1225.0,1775.0,1328.0,1816.8,1414.1,1878.4,1372.0,1879.7,1228.6,1861.1,1132.8,1868.8,1046.9,1861.8,899.5,1876.4,899.5,1876.4,1045.7,1864.4,1132.4,1872.9,1227.0,1866.2,1372.0,1879.7,1414.1,1878.4,1331.6,1944.3,1232.8,1972.8,1133.5,1981.1,1042.3,1974.1,941.4,1942.5,857.1,1877.5
916.0,15.25,855.7,1876.7,947.4,1805.9,1046.7,1773.0,1131.0,1795.2,1223.3,1774.0,1326.4,1816.0,1413.4,1877.9,1371.1,1879.7,1227.0,1859.6,1131.5,1867.0,1046.4,1860.0,897.7,1876.2,897.7,1876.2,1045.2,1865.5,1131.2,1873.8,1225.6,1867.2,1371.1,1879.7,1413.4,1877.9,1329.9,1943.8,1231.1,1972.1,1132.1,1980.4,1041.6,1973.6,940.0,1942.2,855.7,1876.7
